game_id,season,slate,game_type,neutral_site,home,away,home_score,away_score,home_fga,home_fta,home_oreb,home_tov,away_fga,away_fta,away_oreb,away_tov,possessions,box_source
400974437,2017,2017-10-17,regular,False,CLE,BOS,102,99,83,25,9,2,88,25,9,5,91.0,espn
400974438,2017,2017-10-17,regular,False,GS,HOU,121,122,80,21,6,0,97,19,10,2,90.3,espn
400974439,2017,2017-10-18,regular,False,WSH,PHI,120,115,97,38,16,1,93,19,11,0,94.54,espn
400974700,2017,2017-10-18,regular,False,DET,CHA,102,90,96,12,9,2,73,29,3,1,89.02,espn
400974701,2017,2017-10-18,regular,False,IND,BKN,140,131,102,32,14,0,94,32,11,0,99.58,espn
400974702,2017,2017-10-18,regular,False,ORL,MIA,116,109,90,29,11,1,101,17,11,0,95.12,espn
400974703,2017,2017-10-18,regular,False,BOS,MIL,100,108,91,21,11,4,76,30,6,1,88.72,espn
400974704,2017,2017-10-18,regular,False,MEM,NO,103,91,92,28,15,11,79,29,16,17,96.54,hoopr
400974705,2017,2017-10-18,regular,False,DAL,ATL,111,117,86,21,9,1,94,15,14,2,87.92,espn
400974766,2017,2017-10-18,regular,False,UTAH,DEN,106,96,81,16,6,0,77,12,7,2,79.66,espn
400974440,2017,2017-10-18,regular,False,SA,MIN,107,99,89,19,12,0,85,23,11,0,84.74,espn
400974767,2017,2017-10-18,regular,False,PHX,POR,76,124,89,18,10,0,90,28,15,2,88.12,espn
400974768,2017,2017-10-18,regular,False,SAC,HOU,100,105,88,10,9,1,83,29,12,2,85.08,espn
400974769,2017,2017-10-19,regular,False,TOR,CHI,117,100,83,28,13,17,89,18,10,19,102.62,hoopr
400974441,2017,2017-10-19,regular,False,OKC,NY,105,84,90,22,13,3,79,19,11,3,84.52,espn
400974442,2017,2017-10-19,regular,False,LAL,LAC,92,108,91,23,12,2,107,13,17,2,94.42,espn
400974443,2017,2017-10-20,regular,False,MIL,CLE,97,116,82,12,8,2,81,17,9,1,80.88,espn
400974770,2017,2017-10-20,regular,False,CHA,ATL,109,91,86,30,12,1,95,14,6,3,93.18,espn
400974771,2017,2017-10-20,regular,False,IND,POR,96,114,78,33,6,0,95,17,11,1,89.5,espn
400974772,2017,2017-10-20,regular,False,PHI,BOS,92,102,92,16,14,2,84,32,14,0,85.56,espn
400974773,2017,2017-10-20,regular,False,WSH,DET,115,111,75,35,7,1,87,20,10,0,85.1,espn
400974774,2017,2017-10-20,regular,False,BKN,ORL,126,121,92,35,15,0,89,15,9,0,89.5,espn
400974775,2017,2017-10-20,regular,False,MIN,UTAH,100,97,81,26,10,3,77,17,7,0,81.46,espn
400974776,2017,2017-10-20,regular,False,DAL,SAC,88,93,75,21,7,2,87,13,16,1,78.48,espn
400974444,2017,2017-10-20,regular,False,NO,GS,120,128,98,22,16,17,92,20,10,18,108.74,hoopr
400974777,2017,2017-10-20,regular,False,PHX,LAL,130,132,92,38,10,4,93,33,5,1,103.12,espn
400974778,2017,2017-10-21,regular,False,TOR,PHI,128,94,89,37,8,0,82,36,8,0,93.56,espn
400974779,2017,2017-10-21,regular,False,CLE,ORL,93,114,86,27,11,0,90,20,12,0,86.84,espn
400974780,2017,2017-10-21,regular,False,MIA,IND,112,108,87,14,6,1,96,21,13,1,90.7,espn
400974781,2017,2017-10-21,regular,False,NY,DET,107,111,81,31,12,3,91,15,15,1,84.62,espn
400974782,2017,2017-10-21,regular,False,CHI,SA,77,87,82,9,8,19,93,16,14,11,97.0,hoopr
400974783,2017,2017-10-21,regular,False,HOU,DAL,107,91,82,22,8,4,84,21,8,1,86.96,espn
400974784,2017,2017-10-21,regular,False,MEM,GS,111,101,77,37,6,0,84,27,12,3,87.08,espn
400974785,2017,2017-10-21,regular,False,MIL,POR,113,110,80,30,7,1,81,35,13,1,85.8,espn
400974786,2017,2017-10-21,regular,False,DEN,SAC,96,79,85,20,18,1,85,13,12,2,78.76,espn
400974787,2017,2017-10-21,regular,False,UTAH,OKC,96,87,77,14,7,1,78,19,8,5,80.26,espn
400974788,2017,2017-10-21,regular,False,LAC,PHX,130,88,88,30,10,0,71,38,4,2,88.46,espn
400974789,2017,2017-10-22,regular,False,BKN,ATL,116,104,87,34,13,1,94,36,16,0,91.9,espn
400974790,2017,2017-10-22,regular,False,OKC,MIN,113,115,96,16,9,0,86,23,10,1,90.58,espn
400974791,2017,2017-10-22,regular,False,LAL,NO,112,119,90,20,9,17,83,21,6,18,105.52,hoopr
400974792,2017,2017-10-23,regular,False,DET,PHI,86,97,85,19,9,1,75,24,8,0,81.46,espn
400974793,2017,2017-10-23,regular,False,MIA,ATL,104,93,85,18,10,2,76,18,6,4,83.42,espn
400974794,2017,2017-10-23,regular,False,HOU,MEM,90,98,77,23,9,4,68,37,3,1,82.2,espn
400974795,2017,2017-10-23,regular,False,MIL,CHA,103,94,85,16,5,0,78,36,10,1,85.94,espn
400974796,2017,2017-10-23,regular,False,DAL,GS,103,133,96,30,14,1,86,26,10,1,92.32,espn
400974797,2017,2017-10-23,regular,False,SA,TOR,101,97,90,23,18,1,80,24,5,2,85.34,espn
400974798,2017,2017-10-23,regular,False,DEN,WSH,104,109,80,23,9,1,84,28,10,0,84.22,espn
400974799,2017,2017-10-23,regular,False,PHX,SAC,117,115,77,27,6,0,99,29,13,0,90.82,espn
400974800,2017,2017-10-24,regular,False,CLE,CHI,119,112,83,22,8,9,88,13,8,9,94.2,hoopr
400974801,2017,2017-10-24,regular,False,ORL,BKN,125,121,83,40,6,2,96,34,14,1,97.28,espn
400974802,2017,2017-10-24,regular,False,BOS,NY,110,89,75,27,5,3,85,25,11,0,84.94,espn
400974803,2017,2017-10-24,regular,False,MIN,IND,107,130,86,22,9,0,84,11,8,2,84.76,espn
400974804,2017,2017-10-24,regular,False,POR,NO,103,93,88,33,18,18,76,32,4,17,102.8,hoopr
400974805,2017,2017-10-24,regular,False,LAC,UTAH,102,84,83,21,11,0,79,11,8,0,78.54,espn
400974806,2017,2017-10-25,regular,False,CHA,DEN,110,93,81,26,10,0,100,15,18,1,86.02,espn
400974807,2017,2017-10-25,regular,False,DET,MIN,122,101,92,17,12,0,85,21,7,0,87.36,espn
400974808,2017,2017-10-25,regular,False,PHI,HOU,104,105,97,10,12,2,75,24,7,0,84.98,espn
400974809,2017,2017-10-25,regular,False,BKN,CLE,112,107,93,21,10,1,81,26,9,0,88.34,espn
400974810,2017,2017-10-25,regular,False,MIA,SA,100,117,80,18,4,0,76,30,8,0,82.56,espn
400974811,2017,2017-10-25,regular,False,OKC,IND,114,96,89,26,16,0,83,35,14,1,84.92,espn
400974812,2017,2017-10-25,regular,False,DAL,MEM,103,94,74,29,4,1,72,24,6,2,81.16,espn
400974813,2017,2017-10-25,regular,False,PHX,UTAH,97,88,96,9,16,1,77,25,7,0,82.98,espn
400974814,2017,2017-10-25,regular,False,GS,TOR,117,112,77,22,6,0,94,19,17,2,84.02,espn
400974815,2017,2017-10-25,regular,False,LAL,WSH,102,99,92,16,6,1,95,23,7,3,97.58,espn
400974816,2017,2017-10-26,regular,False,CHI,ATL,91,86,86,29,18,13,81,13,7,10,91.74,hoopr
400974817,2017,2017-10-26,regular,False,MEM,DAL,96,91,73,30,9,0,94,20,18,3,82.5,espn
400974818,2017,2017-10-26,regular,False,MIL,BOS,89,96,77,14,2,2,78,22,6,2,83.42,espn
400974819,2017,2017-10-26,regular,False,POR,LAC,103,104,89,22,16,1,77,36,14,1,81.76,espn
400974820,2017,2017-10-26,regular,False,SAC,NO,106,114,81,25,5,12,86,23,10,15,100.06,hoopr
400974821,2017,2017-10-27,regular,False,CHA,HOU,93,109,88,28,11,0,85,13,7,2,87.52,espn
400974822,2017,2017-10-27,regular,False,ORL,SA,114,87,84,14,6,2,89,27,17,1,85.52,espn
400974823,2017,2017-10-27,regular,False,ATL,DEN,100,105,89,12,11,0,91,23,11,1,87.2,espn
400974824,2017,2017-10-27,regular,False,NY,BKN,107,86,98,17,19,2,75,21,5,1,84.36,espn
400974825,2017,2017-10-27,regular,False,MIN,OKC,119,116,86,35,17,1,86,25,11,0,85.7,espn
400974826,2017,2017-10-27,regular,False,GS,WSH,120,117,95,20,15,4,97,22,12,2,94.74,espn
400974827,2017,2017-10-27,regular,False,LAL,TOR,92,101,79,24,9,0,93,20,9,2,87.68,espn
400974828,2017,2017-10-28,regular,False,NO,CLE,123,101,95,16,10,11,78,23,5,18,102.08,hoopr
400974829,2017,2017-10-28,regular,False,MIA,BOS,90,96,79,16,6,0,81,26,11,1,81.24,espn
400974830,2017,2017-10-28,regular,False,CHI,OKC,69,101,78,20,12,19,88,14,11,11,93.98,hoopr
400974831,2017,2017-10-28,regular,False,MEM,HOU,103,89,85,12,6,1,77,21,8,2,82.76,espn
400974832,2017,2017-10-28,regular,False,DAL,PHI,110,112,74,19,3,1,87,14,11,1,81.76,espn
400974833,2017,2017-10-28,regular,False,UTAH,LAL,96,81,79,13,14,4,81,20,14,0,75.26,espn
400974834,2017,2017-10-28,regular,False,POR,PHX,114,107,91,28,12,1,87,30,12,0,90.26,espn
400974835,2017,2017-10-28,regular,False,LAC,DET,87,95,84,22,15,1,88,21,12,2,83.46,espn
400974836,2017,2017-10-29,regular,False,ATL,MIL,106,117,77,26,3,0,81,21,5,0,85.34,espn
400974837,2017,2017-10-29,regular,False,IND,SA,97,94,77,20,6,0,90,18,12,2,83.86,espn
400974838,2017,2017-10-29,regular,False,BKN,DEN,111,124,96,31,17,1,94,22,4,0,96.66,espn
400974839,2017,2017-10-29,regular,False,CHA,ORL,120,113,97,17,12,0,97,26,9,0,95.96,espn
400974840,2017,2017-10-29,regular,False,SAC,WSH,83,110,82,16,11,3,85,20,13,2,81.92,espn
400974841,2017,2017-10-29,regular,False,CLE,NY,95,114,81,27,7,0,89,21,11,0,86.56,espn
400974842,2017,2017-10-29,regular,False,GS,DET,107,115,77,12,10,1,93,17,17,4,80.38,espn
400974843,2017,2017-10-30,regular,False,BOS,SA,108,94,88,16,15,2,87,20,12,0,82.92,espn
400974844,2017,2017-10-30,regular,False,MIA,MIN,122,125,93,25,15,0,91,35,10,0,92.7,espn
400974845,2017,2017-10-30,regular,False,NY,DEN,116,110,82,23,11,1,85,31,13,0,83.88,espn
400974846,2017,2017-10-30,regular,False,HOU,PHI,107,115,83,38,10,0,80,24,7,3,88.14,espn
400974847,2017,2017-10-30,regular,False,MEM,CHA,99,104,93,33,11,1,89,29,10,3,96.14,espn
400974848,2017,2017-10-30,regular,False,NO,ORL,99,115,85,18,9,19,85,18,6,16,102.92,hoopr
400974849,2017,2017-10-30,regular,False,UTAH,DAL,104,89,81,15,6,0,76,11,9,0,76.72,espn
400974850,2017,2017-10-30,regular,False,POR,TOR,85,99,80,19,6,0,87,17,8,2,85.42,espn
400974851,2017,2017-10-30,regular,False,LAC,GS,113,141,86,30,9,2,89,30,14,2,91.2,espn
400974852,2017,2017-10-31,regular,False,IND,SAC,101,83,85,22,14,1,88,14,9,2,84.42,espn
400974853,2017,2017-10-31,regular,False,BKN,PHX,114,122,102,30,7,1,96,24,10,3,104.38,espn
400974854,2017,2017-10-31,regular,False,MIL,OKC,91,110,77,22,4,2,80,21,9,5,84.96,espn
400974855,2017,2017-10-31,regular,False,LAL,DET,113,93,91,14,11,0,94,3,10,1,86.24,espn
400974856,2017,2017-11-01,regular,False,CHA,MIL,126,121,84,29,7,1,91,15,9,1,90.18,espn
400974857,2017,2017-11-01,regular,False,CLE,IND,107,124,86,20,8,0,90,13,8,3,88.76,espn
400974858,2017,2017-11-01,regular,False,PHI,ATL,119,109,99,25,15,0,94,27,12,0,94.44,espn
400974859,2017,2017-11-01,regular,False,WSH,PHX,116,122,92,30,15,1,83,38,11,2,90.96,espn
400974860,2017,2017-11-01,regular,False,BOS,SAC,113,86,82,19,16,3,81,12,7,0,78.32,espn
400974861,2017,2017-11-01,regular,False,MIA,CHI,97,91,83,19,3,11,89,19,7,12,100.86,hoopr
400974862,2017,2017-11-01,regular,False,NY,HOU,97,119,90,13,6,0,88,21,9,0,88.98,espn
400974863,2017,2017-11-01,regular,False,MEM,ORL,99,101,82,16,5,3,75,14,6,1,81.6,espn
400974864,2017,2017-11-01,regular,False,NO,MIN,98,104,84,21,9,19,83,24,11,21,103.4,hoopr
400974865,2017,2017-11-01,regular,False,DEN,TOR,129,111,88,29,9,0,85,25,9,1,89.88,espn
400974866,2017,2017-11-01,regular,False,UTAH,POR,112,103,90,36,10,2,93,27,11,1,96.36,espn
400974867,2017,2017-11-01,regular,False,LAC,DAL,119,98,78,29,7,3,89,20,9,2,88.78,espn
400974868,2017,2017-11-02,regular,False,SA,GS,92,112,87,23,14,5,83,16,5,1,87.08,espn
400974869,2017,2017-11-02,regular,False,POR,LAL,113,110,86,27,10,0,79,27,2,0,88.38,espn
400974870,2017,2017-11-03,regular,False,DET,MIL,105,96,78,28,7,3,83,9,7,2,84.14,espn
400974871,2017,2017-11-03,regular,False,ORL,CHI,83,105,86,5,7,16,85,12,9,14,96.24,hoopr
400974872,2017,2017-11-03,regular,False,PHI,IND,121,110,92,14,12,2,97,19,8,2,93.76,espn
400974873,2017,2017-11-03,regular,False,WSH,CLE,122,130,84,31,9,1,82,28,8,1,88.48,espn
400974874,2017,2017-11-03,regular,False,ATL,HOU,104,119,81,18,5,3,89,23,9,1,89.02,espn
400974875,2017,2017-11-03,regular,False,NY,PHX,120,107,87,25,9,2,97,37,20,0,92.14,espn
400974876,2017,2017-11-03,regular,False,DAL,NO,94,99,88,22,9,15,89,26,9,12,103.56,hoopr
400974877,2017,2017-11-03,regular,False,SA,CHA,108,101,83,26,7,1,80,42,11,2,88.96,espn
400974878,2017,2017-11-03,regular,False,DEN,MIA,95,94,80,25,13,1,77,11,8,0,76.42,espn
400974879,2017,2017-11-03,regular,False,UTAH,TOR,100,109,80,24,10,1,71,28,5,2,80.94,espn
400974880,2017,2017-11-03,regular,False,OKC,BOS,94,101,87,14,11,0,84,24,11,1,83.36,espn
400974881,2017,2017-11-03,regular,False,LAL,BKN,124,112,94,27,7,0,91,38,8,0,99.3,espn
400974882,2017,2017-11-04,regular,False,LAC,MEM,104,113,83,31,15,0,84,24,9,1,84.1,espn
400974883,2017,2017-11-04,regular,False,DET,SAC,108,99,79,22,8,1,76,13,3,2,81.2,espn
400974884,2017,2017-11-04,regular,False,CHI,NO,90,96,99,12,16,17,87,22,5,13,104.98,hoopr
400974885,2017,2017-11-04,regular,False,MIN,DAL,112,99,79,20,10,1,87,12,7,0,82.04,espn
400974886,2017,2017-11-04,regular,False,DEN,GS,108,127,87,27,9,1,91,17,7,2,92.18,espn
400974887,2017,2017-11-05,regular,False,CLE,ATL,115,117,96,23,15,0,86,34,11,1,91.04,espn
400974888,2017,2017-11-05,regular,False,LAC,MIA,101,104,87,30,18,3,84,19,10,0,83.78,espn
400974889,2017,2017-11-05,regular,False,ORL,BOS,88,104,91,18,10,0,89,20,9,1,89.36,espn
400974890,2017,2017-11-05,regular,False,TOR,WSH,96,107,80,27,9,2,85,23,11,1,85.0,espn
400974891,2017,2017-11-05,regular,False,HOU,UTAH,137,110,81,21,5,0,88,24,8,1,88.4,espn
400974892,2017,2017-11-05,regular,False,SA,PHX,112,95,88,18,8,1,81,22,11,0,84.3,espn
400974893,2017,2017-11-05,regular,False,NY,IND,108,101,88,19,12,2,79,17,4,0,84.42,espn
400974894,2017,2017-11-05,regular,False,MIN,CHA,112,94,83,30,12,0,89,21,10,2,87.22,espn
400974895,2017,2017-11-05,regular,False,POR,OKC,103,99,74,28,7,2,89,15,6,2,86.46,espn
400974896,2017,2017-11-05,regular,False,LAL,MEM,107,102,85,23,8,4,87,14,6,0,89.14,espn
400974897,2017,2017-11-06,regular,False,ATL,BOS,107,110,81,20,5,1,81,22,7,1,85.24,espn
400974898,2017,2017-11-06,regular,False,PHX,BKN,92,98,86,35,14,1,87,29,11,1,89.08,espn
400974899,2017,2017-11-06,regular,False,GS,MIA,97,80,87,24,13,2,83,17,7,4,87.02,espn
400974900,2017,2017-11-07,regular,False,CLE,MIL,124,119,82,38,12,2,83,16,8,1,85.88,espn
400974901,2017,2017-11-07,regular,False,IND,NO,112,117,93,18,11,10,87,22,11,12,98.8,hoopr
400974902,2017,2017-11-07,regular,False,WSH,DAL,99,113,75,32,3,1,91,20,11,4,89.94,espn
400974903,2017,2017-11-07,regular,False,NY,CHA,118,113,75,21,6,1,91,17,17,0,80.36,espn
400974904,2017,2017-11-07,regular,False,TOR,CHI,119,114,81,24,7,15,80,28,8,13,98.44,hoopr
400974905,2017,2017-11-07,regular,False,SA,LAC,120,107,84,19,11,0,82,17,10,1,80.92,espn
400974906,2017,2017-11-07,regular,False,DEN,BKN,112,104,93,20,9,0,89,22,8,0,91.74,espn
400974907,2017,2017-11-07,regular,False,UTAH,PHI,97,104,99,35,14,0,81,30,8,2,94.3,espn
400974908,2017,2017-11-07,regular,False,POR,MEM,97,98,81,20,10,0,73,25,5,1,79.9,espn
400974909,2017,2017-11-07,regular,False,SAC,OKC,94,86,79,12,5,1,86,23,9,4,85.7,espn
400974910,2017,2017-11-08,regular,False,DET,IND,114,97,83,25,8,5,88,18,7,0,89.96,espn
400974911,2017,2017-11-08,regular,False,ORL,NY,112,99,80,22,6,2,80,13,12,0,79.7,espn
400974912,2017,2017-11-08,regular,False,BOS,LAL,107,96,98,31,16,2,85,23,12,1,90.88,espn
400974913,2017,2017-11-08,regular,False,PHX,MIA,115,126,88,30,6,0,81,35,11,1,90.8,espn
400974914,2017,2017-11-08,regular,False,GS,MIN,125,101,85,18,3,0,92,27,9,1,92.9,espn
400974915,2017,2017-11-09,regular,False,WSH,LAL,111,95,83,20,7,3,86,41,17,1,87.92,espn
400974916,2017,2017-11-09,regular,False,TOR,NO,122,118,98,23,10,12,82,25,4,13,106.06,hoopr
400974917,2017,2017-11-09,regular,False,HOU,CLE,117,113,77,36,17,1,81,14,4,0,80.0,espn
400974918,2017,2017-11-09,regular,False,SAC,PHI,109,108,93,28,8,0,87,27,13,1,92.1,espn
400974919,2017,2017-11-09,regular,False,DEN,OKC,102,94,82,22,14,3,90,14,18,3,80.92,espn
400974920,2017,2017-11-10,regular,False,DET,ATL,111,104,89,27,20,0,89,11,11,1,82.36,espn
400974921,2017,2017-11-10,regular,False,BOS,CHA,90,87,84,25,9,1,80,33,7,1,87.76,espn
400974922,2017,2017-11-10,regular,False,CHI,IND,87,105,93,9,11,12,84,12,7,18,99.12,hoopr
400974923,2017,2017-11-10,regular,False,OKC,LAC,120,111,78,40,11,3,84,30,16,3,85.9,espn
400974924,2017,2017-11-10,regular,False,SA,MIL,87,94,80,11,9,0,89,14,11,1,80.5,espn
400974925,2017,2017-11-10,regular,False,PHX,ORL,112,128,94,25,12,4,82,43,7,1,95.96,espn
400974926,2017,2017-11-10,regular,False,UTAH,MIA,74,84,74,22,4,1,77,18,7,1,79.8,espn
400974927,2017,2017-11-10,regular,False,POR,BKN,97,101,95,11,12,1,91,19,11,1,89.1,espn
400974928,2017,2017-11-11,regular,False,WSH,ATL,113,94,78,28,11,0,83,17,10,1,80.4,espn
400974929,2017,2017-11-11,regular,False,NO,LAC,111,103,80,24,8,23,86,27,8,11,103.22,hoopr
400974930,2017,2017-11-11,regular,False,NY,SAC,118,91,90,15,8,1,80,30,11,0,85.9,espn
400974931,2017,2017-11-11,regular,False,HOU,MEM,111,96,83,28,11,0,79,18,5,1,83.62,espn
400974932,2017,2017-11-11,regular,False,DAL,CLE,104,111,92,21,9,1,81,35,10,0,89.82,espn
400974933,2017,2017-11-11,regular,False,MIL,LAL,98,90,85,26,9,3,74,37,8,4,88.36,espn
400974934,2017,2017-11-11,regular,False,SA,CHI,133,94,85,16,8,13,86,13,5,13,98.38,hoopr
400974935,2017,2017-11-11,regular,False,GS,PHI,135,114,82,26,4,2,94,20,13,2,91.62,espn
400974936,2017,2017-11-11,regular,False,DEN,ORL,125,107,87,27,13,2,87,20,8,0,87.84,espn
400974937,2017,2017-11-11,regular,False,PHX,MIN,118,110,86,24,7,0,96,35,19,1,91.48,espn
400974938,2017,2017-11-11,regular,False,UTAH,BKN,114,106,85,25,12,0,76,39,10,1,84.08,espn
400974939,2017,2017-11-12,regular,False,BOS,TOR,95,94,87,19,15,1,69,23,6,2,78.24,espn
400974940,2017,2017-11-12,regular,False,DET,MIA,112,103,87,20,11,0,90,16,7,0,87.42,espn
400974941,2017,2017-11-12,regular,False,IND,HOU,95,118,83,21,7,1,90,18,10,2,88.08,espn
400974942,2017,2017-11-12,regular,False,OKC,DAL,112,99,72,33,3,3,87,18,11,2,86.22,espn
400974943,2017,2017-11-13,regular,False,WSH,SAC,110,92,86,12,10,0,84,18,10,0,81.6,espn
400974944,2017,2017-11-13,regular,False,NY,CLE,101,104,88,22,13,1,88,22,14,3,86.18,espn
400974945,2017,2017-11-13,regular,False,MIL,MEM,110,103,82,25,10,1,76,21,8,2,81.62,espn
400974946,2017,2017-11-13,regular,False,NO,ATL,106,105,75,17,7,19,87,9,10,16,95.72,hoopr
400974947,2017,2017-11-13,regular,False,PHX,LAL,93,100,95,20,11,3,92,13,9,0,92.26,espn
400974948,2017,2017-11-13,regular,False,UTAH,MIN,98,109,84,11,8,0,71,29,5,3,81.3,espn
400974949,2017,2017-11-13,regular,False,POR,DEN,99,82,73,18,8,1,84,15,12,1,76.76,espn
400974950,2017,2017-11-13,regular,False,GS,ORL,110,100,88,16,12,0,88,18,4,0,87.48,espn
400974951,2017,2017-11-13,regular,False,LAC,PHI,105,109,82,32,9,0,77,35,10,2,85.74,espn
400974952,2017,2017-11-14,regular,False,BKN,BOS,102,109,88,16,9,1,86,27,9,0,87.96,espn
400974953,2017,2017-11-14,regular,False,HOU,TOR,113,129,79,41,14,5,78,42,5,2,90.76,espn
400974954,2017,2017-11-14,regular,False,DAL,SA,91,97,81,18,5,0,79,27,8,1,83.9,espn
400974955,2017,2017-11-15,regular,False,ATL,SAC,126,80,79,16,9,1,88,20,11,0,81.92,espn
400974956,2017,2017-11-15,regular,False,MIA,WSH,93,102,78,19,12,1,78,31,11,2,79.0,espn
400974957,2017,2017-11-15,regular,False,NY,UTAH,106,101,81,25,12,0,79,17,9,0,78.74,espn
400974958,2017,2017-11-15,regular,False,CHA,CLE,107,115,86,28,8,0,95,20,15,1,90.06,espn
400974959,2017,2017-11-15,regular,False,MEM,IND,113,116,86,22,11,1,85,20,5,1,87.74,espn
400974960,2017,2017-11-15,regular,False,MIL,DET,99,95,78,20,11,0,85,23,17,3,78.46,espn
400974961,2017,2017-11-15,regular,False,MIN,SA,98,86,87,16,11,2,79,15,13,0,78.82,espn
400974962,2017,2017-11-15,regular,False,NO,TOR,116,125,91,14,10,14,76,20,6,21,100.48,hoopr
400974963,2017,2017-11-15,regular,False,OKC,CHI,92,79,72,37,11,13,75,20,6,13,90.54,hoopr
400974964,2017,2017-11-15,regular,False,POR,ORL,99,94,87,13,10,2,79,9,7,1,80.84,espn
400974965,2017,2017-11-15,regular,False,LAL,PHI,109,115,109,27,22,2,86,30,8,1,96.54,espn
400974966,2017,2017-11-16,regular,False,BOS,GS,92,88,79,38,7,0,82,19,7,0,86.04,espn
400974967,2017,2017-11-16,regular,False,PHX,HOU,116,142,104,21,16,3,90,38,12,0,97.48,espn
400974968,2017,2017-11-17,regular,False,IND,DET,107,100,89,21,13,0,93,10,11,0,85.82,espn
400974969,2017,2017-11-17,regular,False,WSH,MIA,88,91,84,16,7,0,83,18,10,0,82.48,espn
400974970,2017,2017-11-17,regular,False,BKN,UTAH,118,107,84,20,4,2,79,24,10,1,85.68,espn
400974971,2017,2017-11-17,regular,False,CLE,LAC,118,113,90,29,8,1,103,14,13,0,95.96,espn
400974972,2017,2017-11-17,regular,False,TOR,NY,107,84,78,11,3,0,91,17,14,1,82.66,espn
400974973,2017,2017-11-17,regular,False,CHI,CHA,123,120,91,13,4,11,81,34,5,12,103.34,hoopr
400974974,2017,2017-11-17,regular,False,SA,OKC,104,101,77,28,12,0,89,21,13,2,82.28,espn
400974975,2017,2017-11-17,regular,False,DAL,MIN,87,111,86,17,11,0,84,23,11,0,82.8,espn
400974976,2017,2017-11-17,regular,False,SAC,POR,86,82,85,15,12,1,81,16,11,1,79.32,espn
400974977,2017,2017-11-17,regular,False,DEN,NO,146,114,89,21,13,14,91,10,8,13,99.82,hoopr
400974978,2017,2017-11-17,regular,False,LAL,PHX,113,122,91,24,9,2,103,19,9,3,99.96,espn
400974979,2017,2017-11-18,regular,False,CHA,LAC,102,87,87,29,8,1,83,19,7,0,88.56,espn
400974980,2017,2017-11-18,regular,False,ORL,UTAH,85,125,81,23,11,2,98,18,14,1,87.52,espn
400974981,2017,2017-11-18,regular,False,ATL,BOS,99,110,78,20,6,4,82,20,9,1,83.8,espn
400974982,2017,2017-11-18,regular,False,PHI,GS,116,124,97,16,11,2,91,20,11,2,92.92,espn
400974983,2017,2017-11-18,regular,False,MEM,HOU,83,105,86,19,15,3,78,21,9,0,80.3,espn
400974984,2017,2017-11-18,regular,False,DAL,MIL,111,79,79,19,7,1,74,31,8,0,80.5,espn
400974985,2017,2017-11-18,regular,False,POR,SAC,102,90,70,21,5,2,89,18,9,0,82.08,espn
400974988,2017,2017-11-19,regular,False,TOR,WSH,100,91,90,14,11,2,81,21,8,1,85.2,espn
400974986,2017,2017-11-19,regular,False,MIA,IND,95,120,83,14,10,3,85,8,9,2,81.84,espn
400974987,2017,2017-11-19,regular,False,BKN,GS,111,118,95,39,13,1,90,23,6,1,97.64,espn
400974989,2017,2017-11-19,regular,False,MIN,DET,97,100,78,18,6,1,83,20,11,0,80.86,espn
400974990,2017,2017-11-19,regular,False,PHX,CHI,113,105,89,22,9,11,101,14,12,11,103.42,hoopr
400974991,2017,2017-11-19,regular,False,LAL,DEN,127,109,100,16,13,1,84,35,17,3,90.22,espn
400974992,2017,2017-11-20,regular,False,CHA,MIN,118,102,85,29,11,1,90,26,10,2,90.6,espn
400974993,2017,2017-11-20,regular,False,DET,CLE,88,116,77,13,7,1,80,17,7,0,78.6,espn
400974994,2017,2017-11-20,regular,False,ORL,IND,97,105,84,23,11,0,89,29,8,1,88.94,espn
400974995,2017,2017-11-20,regular,False,PHI,UTAH,107,86,85,22,9,2,85,19,7,1,87.52,espn
400974996,2017,2017-11-20,regular,False,NY,LAC,107,85,81,25,14,0,80,21,10,2,79.62,espn
400974997,2017,2017-11-20,regular,False,MEM,POR,92,100,86,23,5,2,83,32,15,2,88.6,espn
400974998,2017,2017-11-20,regular,False,MIL,WSH,88,99,79,19,6,2,74,17,8,4,80.42,espn
400974999,2017,2017-11-20,regular,False,NO,OKC,114,107,80,32,7,19,89,26,9,14,105.76,hoopr
400975000,2017,2017-11-20,regular,False,DAL,BOS,102,110,96,20,8,1,84,26,5,1,94.62,espn
400975001,2017,2017-11-20,regular,False,SA,ATL,96,85,89,6,14,0,85,8,9,0,78.58,espn
400975002,2017,2017-11-20,regular,False,SAC,DEN,98,114,86,9,5,1,86,20,14,1,83.88,espn
400975003,2017,2017-11-21,regular,False,LAL,CHI,103,94,90,25,12,12,94,16,15,14,100.52,hoopr
400975004,2017,2017-11-22,regular,False,CHA,WSH,129,124,91,40,14,2,99,22,9,1,98.64,espn
400975005,2017,2017-11-22,regular,False,CLE,BKN,119,109,82,27,4,0,81,16,8,0,84.96,espn
400975006,2017,2017-11-22,regular,False,PHI,POR,101,81,90,17,11,0,89,24,11,0,87.52,espn
400975007,2017,2017-11-22,regular,False,ATL,LAC,103,116,83,15,9,1,76,19,6,2,80.98,espn
400975008,2017,2017-11-22,regular,False,MIA,BOS,104,98,81,16,7,1,84,27,7,1,85.96,espn
400975009,2017,2017-11-22,regular,False,NY,TOR,108,100,93,17,13,1,87,18,12,0,85.7,espn
400975010,2017,2017-11-22,regular,False,HOU,DEN,125,95,82,23,8,0,87,23,15,2,84.12,espn
400975011,2017,2017-11-22,regular,False,MEM,DAL,94,95,81,14,6,0,91,16,4,0,87.6,espn
400975012,2017,2017-11-22,regular,False,MIN,ORL,124,118,87,45,10,1,91,22,7,2,96.74,espn
400975013,2017,2017-11-22,regular,False,NO,SA,107,90,81,24,7,15,88,15,8,15,100.58,hoopr
400975014,2017,2017-11-22,regular,False,OKC,GS,108,91,90,26,13,2,80,18,7,3,87.18,espn
400975015,2017,2017-11-22,regular,False,PHX,MIL,107,113,93,33,22,1,97,31,13,1,92.58,espn
400975016,2017,2017-11-22,regular,False,UTAH,CHI,110,80,86,19,8,7,78,20,8,16,94.08,hoopr
400975017,2017,2017-11-22,regular,False,SAC,LAL,113,102,85,14,10,0,78,15,4,0,80.88,espn
400975018,2017,2017-11-24,regular,False,BKN,POR,125,127,100,21,13,0,96,35,12,0,97.82,espn
400975019,2017,2017-11-24,regular,False,ATL,NY,116,104,99,12,13,1,78,14,5,1,86.22,espn
400975020,2017,2017-11-24,regular,False,BOS,ORL,118,103,91,25,13,2,95,19,16,0,89.18,espn
400975021,2017,2017-11-24,regular,False,CLE,CHA,100,99,83,15,3,0,94,27,15,1,89.24,espn
400975022,2017,2017-11-24,regular,False,IND,TOR,107,104,83,27,10,0,81,20,7,3,85.34,espn
400975023,2017,2017-11-24,regular,False,MIN,MIA,97,109,84,26,13,0,80,16,9,1,80.74,espn
400975024,2017,2017-11-24,regular,False,OKC,DET,98,99,98,8,13,1,84,9,8,1,85.24,espn
400975025,2017,2017-11-24,regular,False,DEN,MEM,104,92,79,26,15,1,73,16,3,0,76.74,espn
400975026,2017,2017-11-24,regular,False,PHX,NO,91,115,94,18,15,16,91,22,13,15,102.8,hoopr
400975027,2017,2017-11-24,regular,False,GS,CHI,143,94,91,21,6,11,99,15,13,15,106.42,hoopr
400975028,2017,2017-11-25,regular,False,CHA,SA,86,106,84,26,14,1,81,25,8,1,83.72,espn
400975029,2017,2017-11-25,regular,False,PHI,ORL,130,111,95,20,11,0,86,31,7,1,93.22,espn
400975030,2017,2017-11-25,regular,False,WSH,POR,105,108,89,16,7,2,80,22,6,0,87.36,espn
400975031,2017,2017-11-25,regular,False,ATL,TOR,78,112,75,23,7,1,84,9,11,0,78.04,espn
400975032,2017,2017-11-25,regular,False,IND,BOS,98,108,78,15,10,1,80,9,4,1,78.28,espn
400975033,2017,2017-11-25,regular,False,HOU,NY,117,102,94,22,9,1,85,19,6,0,91.52,espn
400975034,2017,2017-11-25,regular,False,DAL,OKC,97,81,75,11,8,0,80,13,8,1,75.28,espn
400975035,2017,2017-11-25,regular,False,GS,NO,110,95,94,27,11,9,84,23,9,17,103.0,hoopr
400975036,2017,2017-11-25,regular,False,UTAH,MIL,121,108,81,19,5,1,77,23,8,1,82.74,espn
400975037,2017,2017-11-25,regular,False,SAC,LAC,95,97,83,9,8,0,80,13,6,3,80.84,espn
400975038,2017,2017-11-26,regular,False,CHI,MIA,93,100,89,16,7,13,75,23,1,12,99.08,hoopr
400975039,2017,2017-11-26,regular,False,MIN,PHX,119,108,93,17,19,4,85,12,11,1,82.88,espn
400975040,2017,2017-11-26,regular,False,MEM,BKN,88,98,80,18,11,0,74,23,12,2,75.52,espn
400975041,2017,2017-11-27,regular,False,IND,ORL,121,109,79,26,8,2,92,16,10,1,87.24,espn
400975042,2017,2017-11-27,regular,False,PHI,CLE,91,113,96,20,22,2,86,20,11,1,84.8,espn
400975043,2017,2017-11-27,regular,False,BOS,DET,108,118,77,21,5,0,85,23,8,1,84.68,espn
400975044,2017,2017-11-27,regular,False,NY,POR,91,103,88,22,14,3,83,26,5,4,90.06,espn
400975045,2017,2017-11-27,regular,False,HOU,BKN,117,103,86,20,8,0,86,17,6,3,88.64,espn
400975046,2017,2017-11-27,regular,False,SA,DAL,115,108,82,21,4,3,85,17,4,0,89.36,espn
400975047,2017,2017-11-27,regular,False,GS,SAC,106,110,80,14,9,1,79,21,11,2,78.7,espn
400975048,2017,2017-11-27,regular,False,LAC,LAL,120,115,85,30,10,0,91,24,12,0,88.88,espn
400975049,2017,2017-11-28,regular,False,CLE,MIA,108,97,81,23,5,2,84,20,8,0,86.46,espn
400975050,2017,2017-11-28,regular,False,CHI,PHX,99,104,94,10,9,9,87,23,13,15,98.76,hoopr
400975051,2017,2017-11-28,regular,False,MIN,WSH,89,92,85,14,13,0,83,17,9,0,79.82,espn
400975052,2017,2017-11-28,regular,False,UTAH,DEN,106,77,87,9,9,0,78,16,12,1,78.0,espn
400975053,2017,2017-11-28,regular,False,SAC,MIL,87,112,77,29,9,2,71,31,1,2,84.2,espn
400975054,2017,2017-11-29,regular,False,DET,PHX,131,107,89,21,5,1,84,28,8,3,92.78,espn
400975055,2017,2017-11-29,regular,False,ORL,OKC,121,108,76,26,2,1,96,30,21,1,87.82,espn
400975056,2017,2017-11-29,regular,False,PHI,WSH,118,113,81,64,21,2,89,37,7,0,94.22,espn
400975057,2017,2017-11-29,regular,False,NY,MIA,115,86,73,26,8,0,84,20,9,1,80.62,espn
400975058,2017,2017-11-29,regular,False,TOR,CHA,126,113,98,11,11,0,79,35,7,1,90.12,espn
400975059,2017,2017-11-29,regular,False,HOU,IND,118,97,86,21,10,0,88,6,6,1,85.44,espn
400975060,2017,2017-11-29,regular,False,NO,MIN,102,120,84,11,8,16,81,19,10,17,96.6,hoopr
400975061,2017,2017-11-29,regular,False,DAL,BKN,104,109,84,21,7,0,90,25,14,2,87.62,espn
400975062,2017,2017-11-29,regular,False,SA,MEM,104,95,75,24,5,4,77,16,11,2,79.8,espn
400975063,2017,2017-11-29,regular,False,LAL,GS,123,127,95,25,7,0,94,28,12,0,96.66,espn
400975064,2017,2017-11-30,regular,False,ATL,CLE,114,121,79,24,8,3,79,27,12,1,82.22,espn
400975065,2017,2017-11-30,regular,False,BOS,PHI,108,97,79,20,7,1,84,18,15,2,80.36,espn
400975066,2017,2017-11-30,regular,False,DEN,CHI,111,110,83,31,11,12,82,21,6,11,96.94,hoopr
400975067,2017,2017-11-30,regular,False,POR,MIL,91,103,83,17,10,2,87,15,5,0,85.54,espn
400975068,2017,2017-11-30,regular,False,LAC,UTAH,107,126,70,30,10,1,85,14,10,0,77.68,espn
400975069,2017,2017-12-01,regular,False,ORL,GS,112,133,96,18,13,1,88,11,7,1,89.38,espn
400975071,2017,2017-12-01,regular,False,WSH,DET,109,91,89,19,16,1,79,19,4,1,83.36,espn
400975070,2017,2017-12-01,regular,False,TOR,IND,120,115,97,21,12,1,102,22,15,1,96.46,espn
400975072,2017,2017-12-01,regular,False,MIA,CHA,105,100,80,21,9,2,79,21,10,2,81.24,espn
400975073,2017,2017-12-01,regular,False,CHI,SAC,106,107,90,13,8,8,85,14,8,12,95.44,hoopr
400975074,2017,2017-12-01,regular,False,MEM,SA,79,95,74,18,8,0,70,32,7,2,76.5,espn
400975075,2017,2017-12-01,regular,False,OKC,MIN,111,107,79,22,13,1,76,21,6,1,78.46,espn
400975076,2017,2017-12-01,regular,False,UTAH,NO,114,108,85,25,8,7,87,15,6,10,96.3,hoopr
400975077,2017,2017-12-02,regular,False,BOS,PHX,116,111,80,23,4,0,101,11,16,4,89.98,espn
400975078,2017,2017-12-02,regular,False,DAL,LAC,108,82,79,26,15,4,86,23,11,3,83.78,espn
400975079,2017,2017-12-02,regular,False,BKN,ATL,102,114,82,21,12,2,99,14,13,5,89.2,espn
400975080,2017,2017-12-02,regular,False,CLE,MEM,116,111,75,23,1,1,84,14,6,1,85.14,espn
400975081,2017,2017-12-02,regular,False,PHI,DET,108,103,86,32,17,1,78,32,7,3,86.08,espn
400975082,2017,2017-12-02,regular,False,MIL,SAC,109,104,69,42,9,1,77,21,6,3,81.36,espn
400975083,2017,2017-12-02,regular,False,DEN,LAL,115,100,87,28,9,0,86,21,17,1,84.78,espn
400975084,2017,2017-12-02,regular,False,POR,NO,116,123,105,11,9,4,86,25,4,10,103.92,hoopr
400975085,2017,2017-12-03,regular,False,NY,ORL,100,105,93,10,10,0,82,29,8,2,88.08,espn
400975086,2017,2017-12-03,regular,False,MIA,GS,95,123,81,17,5,1,84,24,7,3,87.52,espn
400975087,2017,2017-12-03,regular,False,MIN,LAC,112,106,88,31,14,0,73,22,8,0,81.16,espn
400975088,2017,2017-12-03,regular,False,OKC,SA,90,87,87,21,15,1,76,23,8,2,81.18,espn
400975089,2017,2017-12-03,regular,False,LAL,HOU,95,118,84,30,11,2,90,17,7,0,89.34,espn
400975090,2017,2017-12-04,regular,False,CHA,ORL,104,94,84,40,11,1,82,14,5,3,88.88,espn
400975091,2017,2017-12-04,regular,False,IND,NY,115,97,86,15,7,0,91,16,15,1,84.82,espn
400975092,2017,2017-12-04,regular,False,PHI,PHX,101,115,91,16,13,1,91,22,15,0,85.86,espn
400975093,2017,2017-12-04,regular,False,ATL,BKN,90,110,82,27,9,0,85,15,12,3,83.74,espn
400975094,2017,2017-12-04,regular,False,BOS,MIL,111,100,78,19,8,2,78,24,3,2,83.96,espn
400975095,2017,2017-12-04,regular,False,CHI,CLE,91,113,82,18,10,11,81,17,5,7,90.7,hoopr
400975096,2017,2017-12-04,regular,False,MEM,MIN,95,92,72,24,6,0,79,19,7,1,78.96,espn
400975097,2017,2017-12-04,regular,False,NO,GS,115,125,91,15,11,21,87,27,5,16,108.74,hoopr
400975098,2017,2017-12-04,regular,False,DAL,DEN,122,105,86,17,5,0,91,23,15,0,87.3,espn
400975099,2017,2017-12-04,regular,False,SA,DET,96,93,82,12,10,1,85,24,7,0,83.42,espn
400975100,2017,2017-12-04,regular,False,UTAH,WSH,116,69,76,18,10,1,80,23,12,0,76.52,espn
400975101,2017,2017-12-05,regular,False,TOR,PHX,126,113,92,26,8,3,75,38,0,4,97.08,espn
400975102,2017,2017-12-05,regular,False,OKC,UTAH,100,94,81,26,12,2,79,21,9,2,81.84,espn
400975103,2017,2017-12-05,regular,False,POR,WSH,92,106,78,21,7,1,89,14,11,2,83.7,espn
400975104,2017,2017-12-06,regular,False,CLE,SAC,101,95,78,21,7,2,86,13,9,2,83.48,espn
400975105,2017,2017-12-06,regular,False,IND,CHI,98,96,87,10,7,13,83,16,11,16,96.22,hoopr
400975106,2017,2017-12-06,regular,False,ORL,ATL,110,106,98,18,13,1,93,20,11,2,93.36,espn
400975107,2017,2017-12-06,regular,False,BOS,DAL,97,90,87,17,9,2,86,17,6,4,89.48,espn
400975108,2017,2017-12-06,regular,False,NY,MEM,99,88,67,27,10,4,70,22,4,0,74.28,espn
400975109,2017,2017-12-06,regular,False,CHA,GS,87,101,97,17,14,0,84,13,8,0,86.1,espn
400975110,2017,2017-12-06,regular,False,MIL,DET,104,100,79,26,13,1,87,27,17,1,80.66,espn
400975111,2017,2017-12-06,regular,False,NO,DEN,123,114,86,29,11,11,94,22,10,9,100.72,hoopr
400975112,2017,2017-12-06,regular,False,SA,MIA,117,105,87,14,10,0,72,12,6,1,77.72,espn
400975113,2017,2017-12-06,regular,False,LAC,MIN,107,113,99,15,17,0,82,21,8,0,85.92,espn
400975114,2017,2017-12-07,regular,False,PHI,LAL,104,107,81,21,7,0,96,24,15,1,87.9,espn
400975115,2017,2017-12-07,regular,False,PHX,WSH,99,109,78,28,10,3,81,25,8,2,84.66,espn
400975116,2017,2017-12-07,regular,True,BKN,OKC,100,95,80,30,7,4,98,23,17,1,91.16,espn
400975117,2017,2017-12-07,regular,False,UTAH,HOU,101,112,77,27,4,0,81,24,8,2,85.22,espn
400975118,2017,2017-12-08,regular,False,CHA,CHI,111,119,100,29,9,11,99,22,6,14,115.72,hoopr
400975119,2017,2017-12-08,regular,False,DET,GS,98,102,92,19,15,3,81,22,5,0,87.02,espn
400975120,2017,2017-12-08,regular,False,IND,CLE,106,102,86,24,12,4,85,22,9,2,88.12,espn
400975121,2017,2017-12-08,regular,False,ORL,DEN,89,103,83,23,11,1,85,16,6,1,85.08,espn
400975122,2017,2017-12-08,regular,False,MEM,TOR,107,116,82,22,11,3,78,33,10,1,83.6,espn
400975123,2017,2017-12-08,regular,False,MIL,DAL,109,102,79,34,7,1,75,26,4,3,86.7,espn
400975124,2017,2017-12-08,regular,False,NO,SAC,109,116,89,19,7,17,97,14,11,17,108.26,hoopr
400975125,2017,2017-12-08,regular,False,SA,BOS,105,102,81,24,14,1,83,17,11,0,79.02,espn
400975126,2017,2017-12-09,regular,False,LAC,WSH,113,112,80,24,4,1,82,23,9,1,85.84,espn
400975127,2017,2017-12-09,regular,True,BKN,MIA,89,101,81,19,8,3,90,14,8,2,87.26,espn
400975128,2017,2017-12-09,regular,False,CHA,LAL,99,110,93,14,9,2,85,21,6,1,90.7,espn
400975129,2017,2017-12-09,regular,False,ATL,ORL,117,110,80,25,9,1,92,8,10,0,84.26,espn
400975130,2017,2017-12-09,regular,False,CLE,PHI,105,98,75,25,6,1,78,13,7,3,80.36,espn
400975131,2017,2017-12-09,regular,False,CHI,NY,104,102,82,23,8,14,91,9,8,14,99.54,hoopr
400975132,2017,2017-12-09,regular,False,MIL,UTAH,117,100,81,26,8,0,76,37,9,1,84.36,espn
400975133,2017,2017-12-09,regular,False,MEM,OKC,101,102,88,17,13,4,92,31,17,0,87.56,espn
400975134,2017,2017-12-09,regular,False,PHX,SA,101,104,80,30,10,2,87,25,18,0,82.6,espn
400975135,2017,2017-12-09,regular,False,POR,HOU,117,124,88,12,7,2,75,42,7,1,87.88,espn
400975136,2017,2017-12-10,regular,False,SAC,TOR,87,102,73,14,7,0,87,19,12,0,77.76,espn
400975137,2017,2017-12-10,regular,False,DET,BOS,81,91,84,19,11,4,79,18,9,1,82.14,espn
400975138,2017,2017-12-10,regular,False,IND,DEN,126,116,93,22,11,0,95,16,19,3,88.86,espn
400975139,2017,2017-12-10,regular,False,MIN,DAL,97,92,72,23,9,2,81,9,6,2,78.04,espn
400975140,2017,2017-12-10,regular,False,NO,PHI,131,124,80,32,5,14,96,30,22,17,103.64,hoopr
400975141,2017,2017-12-10,regular,False,NY,ATL,111,107,80,34,6,0,77,30,6,3,88.08,espn
400975142,2017,2017-12-11,regular,False,CHI,BOS,108,85,81,25,10,8,83,14,11,15,91.58,hoopr
400975143,2017,2017-12-11,regular,False,HOU,NO,130,123,88,25,4,9,85,13,6,18,103.36,hoopr
400975144,2017,2017-12-11,regular,False,MEM,MIA,82,107,72,27,6,1,66,24,2,2,77.72,espn
400975145,2017,2017-12-11,regular,False,OKC,CHA,103,116,85,25,11,1,81,24,9,2,85.28,espn
400975146,2017,2017-12-11,regular,False,GS,POR,111,104,80,17,6,0,88,25,12,1,84.74,espn
400975147,2017,2017-12-11,regular,False,LAC,TOR,96,91,92,24,14,0,80,26,3,0,88.5,espn
400975148,2017,2017-12-12,regular,False,CLE,ATL,123,114,86,10,6,0,92,13,10,1,86.56,espn
400975149,2017,2017-12-12,regular,False,DET,DEN,84,103,79,22,11,1,79,14,6,0,78.92,espn
400975150,2017,2017-12-12,regular,False,NY,LAL,113,109,101,11,15,0,102,15,20,0,89.72,espn
400975151,2017,2017-12-12,regular,False,BKN,WSH,103,98,84,33,9,0,95,22,12,1,91.6,espn
400975153,2017,2017-12-12,regular,False,DAL,SA,95,89,89,12,8,3,87,19,10,1,87.82,espn
400975152,2017,2017-12-12,regular,False,MIN,PHI,112,118,108,27,17,3,80,32,7,2,97.48,espn
400975154,2017,2017-12-12,regular,False,SAC,PHX,99,92,89,22,11,0,90,14,13,0,85.42,espn
400975155,2017,2017-12-13,regular,False,IND,OKC,95,100,89,6,11,2,88,24,17,2,83.1,espn
400975156,2017,2017-12-13,regular,False,ORL,LAC,95,106,88,21,7,1,88,20,6,1,91.52,espn
400975157,2017,2017-12-13,regular,False,WSH,MEM,93,87,77,24,6,2,81,16,10,3,82.3,espn
400975158,2017,2017-12-13,regular,False,BOS,DEN,124,118,79,24,4,1,91,26,20,1,85.0,espn
400975159,2017,2017-12-13,regular,False,MIA,POR,95,102,72,23,10,1,72,23,5,0,75.12,espn
400975160,2017,2017-12-13,regular,False,CHI,UTAH,103,100,93,21,9,9,91,7,5,16,103.66,hoopr
400975161,2017,2017-12-13,regular,False,NO,MIL,115,108,80,15,9,21,95,19,15,9,97.98,hoopr
400975162,2017,2017-12-13,regular,False,PHX,TOR,109,115,83,34,10,0,92,31,8,1,93.3,espn
400975163,2017,2017-12-13,regular,False,HOU,CHA,108,96,88,19,6,0,87,27,12,2,89.62,espn
400975164,2017,2017-12-14,regular,False,ATL,DET,91,105,70,26,7,1,90,12,14,1,78.86,espn
400975165,2017,2017-12-14,regular,False,BKN,NY,104,111,83,23,11,1,89,22,12,1,85.4,espn
400975166,2017,2017-12-14,regular,False,CLE,LAL,121,112,86,25,8,4,95,14,16,1,89.58,espn
400975167,2017,2017-12-14,regular,False,MIN,SAC,119,96,82,20,8,1,87,12,15,0,80.54,espn
400975168,2017,2017-12-14,regular,False,GS,DAL,112,97,78,9,4,0,82,17,8,1,80.22,espn
400975169,2017,2017-12-15,regular,False,CHA,MIA,98,104,83,27,11,2,78,17,5,2,84.18,espn
400975170,2017,2017-12-15,regular,False,IND,DET,98,104,87,25,15,1,93,17,11,1,87.24,espn
400975171,2017,2017-12-15,regular,False,ORL,POR,88,95,84,19,8,2,86,15,6,1,86.98,espn
400975172,2017,2017-12-15,regular,False,PHI,OKC,117,119,100,20,7,2,113,19,18,2,104.58,espn
400975173,2017,2017-12-15,regular,False,WSH,LAC,100,91,88,23,11,0,86,29,12,0,86.94,espn
400975174,2017,2017-12-15,regular,False,BOS,UTAH,95,107,86,19,2,1,83,18,9,1,88.14,espn
400975175,2017,2017-12-15,regular,False,TOR,BKN,120,87,97,9,11,2,76,19,6,2,86.16,espn
400975176,2017,2017-12-15,regular,False,MEM,ATL,96,94,78,17,10,1,77,16,7,0,76.76,espn
400975177,2017,2017-12-15,regular,False,MIL,CHI,109,115,83,29,9,11,86,35,14,12,98.58,hoopr
400975178,2017,2017-12-15,regular,False,DEN,NO,117,111,100,14,11,15,91,14,7,19,109.66,hoopr
400975179,2017,2017-12-15,regular,False,HOU,SA,124,109,91,25,12,1,94,13,12,0,89.36,espn
400975180,2017,2017-12-16,regular,False,CHA,POR,91,93,96,28,13,1,79,18,5,0,89.12,espn
400975181,2017,2017-12-16,regular,False,CLE,UTAH,109,100,79,17,8,0,81,14,11,0,77.32,espn
400975182,2017,2017-12-16,regular,False,NY,OKC,111,96,69,26,6,3,85,20,16,0,77.62,espn
400975183,2017,2017-12-16,regular,False,MIA,LAC,90,85,82,21,9,1,80,14,12,3,80.2,espn
400975184,2017,2017-12-16,regular,False,HOU,MIL,115,111,76,42,4,1,82,33,8,0,90.0,espn
400975185,2017,2017-12-16,regular,False,MIN,PHX,106,108,95,24,10,3,72,35,13,4,88.48,espn
400975186,2017,2017-12-16,regular,False,SA,DAL,98,96,86,18,9,0,80,9,4,1,82.94,espn
400975187,2017,2017-12-16,regular,False,MEM,BOS,93,102,79,17,10,1,80,14,14,1,75.32,espn
400975188,2017,2017-12-17,regular,False,TOR,SAC,108,93,85,28,12,0,81,8,6,2,82.92,espn
400975189,2017,2017-12-17,regular,False,DET,ORL,114,110,89,16,7,0,85,17,8,1,87.26,espn
400975190,2017,2017-12-17,regular,False,BKN,IND,97,109,81,21,7,4,76,19,6,0,82.8,espn
400975191,2017,2017-12-17,regular,False,WSH,CLE,99,106,91,16,13,2,87,12,4,2,88.66,espn
400975192,2017,2017-12-18,regular,False,CHA,NY,109,91,88,16,12,0,86,20,10,0,83.92,espn
400975193,2017,2017-12-18,regular,False,IND,BOS,111,112,79,38,9,1,79,14,6,1,83.94,espn
400975194,2017,2017-12-18,regular,False,ATL,MIA,110,104,83,31,10,1,79,30,8,1,86.42,espn
400975195,2017,2017-12-18,regular,False,CHI,PHI,117,115,92,19,5,15,91,18,9,20,110.14,hoopr
400975196,2017,2017-12-18,regular,False,HOU,UTAH,120,99,77,27,12,0,91,8,5,0,83.2,espn
400975197,2017,2017-12-18,regular,False,MIN,POR,108,107,91,21,11,1,84,5,7,1,85.22,espn
400975198,2017,2017-12-18,regular,False,OKC,DEN,95,94,81,15,6,0,86,12,8,1,82.94,espn
400975199,2017,2017-12-18,regular,False,DAL,PHX,91,97,88,17,8,1,79,22,7,2,86.08,espn
400975200,2017,2017-12-18,regular,False,SA,LAC,109,91,82,25,8,2,84,16,8,2,86.02,espn
400975201,2017,2017-12-18,regular,False,LAL,GS,114,116,92,35,7,0,107,21,15,2,101.82,espn
400975202,2017,2017-12-19,regular,False,PHI,SAC,95,101,81,24,13,2,91,23,9,0,86.34,espn
400975203,2017,2017-12-19,regular,False,WSH,NO,116,106,92,14,10,16,80,40,11,16,103.38,hoopr
400975204,2017,2017-12-19,regular,False,MIL,CLE,119,116,82,27,8,0,80,24,7,1,85.22,espn
400975205,2017,2017-12-20,regular,False,CHA,TOR,111,129,85,35,8,0,91,18,10,0,90.66,espn
400975206,2017,2017-12-20,regular,False,ATL,IND,95,105,81,20,11,1,82,19,8,1,81.58,espn
400975207,2017,2017-12-20,regular,False,BOS,MIA,89,90,80,21,5,0,75,25,6,3,83.62,espn
400975208,2017,2017-12-20,regular,False,BKN,SAC,99,104,82,23,14,1,82,20,13,2,79.46,espn
400975209,2017,2017-12-20,regular,False,CHI,ORL,112,94,87,14,9,11,89,23,6,9,98.64,hoopr
400975210,2017,2017-12-20,regular,False,HOU,LAL,116,122,90,32,12,2,85,43,10,1,94.5,espn
400975211,2017,2017-12-20,regular,False,OKC,UTAH,107,79,77,22,8,1,73,27,11,2,77.78,espn
400975212,2017,2017-12-20,regular,False,DAL,DET,110,93,75,20,4,1,77,22,6,1,81.24,espn
400975213,2017,2017-12-20,regular,False,DEN,MIN,104,112,72,24,8,1,87,19,8,1,81.96,espn
400975214,2017,2017-12-20,regular,False,POR,SA,91,93,96,14,12,1,79,6,9,0,81.9,espn
400975215,2017,2017-12-20,regular,False,GS,MEM,97,84,74,25,14,2,84,19,15,2,76.18,espn
400975216,2017,2017-12-20,regular,False,LAC,PHX,108,95,87,24,9,0,97,19,14,0,89.96,espn
400975217,2017,2017-12-21,regular,False,CLE,CHI,115,112,82,22,7,12,85,8,5,12,96.1,hoopr
400975218,2017,2017-12-21,regular,False,PHI,TOR,109,114,86,14,13,1,85,35,19,1,81.28,espn
400975219,2017,2017-12-21,regular,False,NY,BOS,102,93,79,26,11,0,86,19,9,0,82.4,espn
400975220,2017,2017-12-21,regular,False,PHX,MEM,97,95,81,27,12,0,90,16,15,1,81.96,espn
400975221,2017,2017-12-21,regular,False,UTAH,SA,100,89,74,24,5,3,78,16,5,0,81.3,espn
400975222,2017,2017-12-22,regular,False,DET,NY,104,101,88,25,15,3,97,6,16,5,87.82,espn
400975223,2017,2017-12-22,regular,False,ORL,NO,97,111,85,29,10,14,86,24,11,15,101.16,hoopr
400975224,2017,2017-12-22,regular,False,BKN,WSH,119,84,88,21,13,4,93,15,7,1,90.92,espn
400975225,2017,2017-12-22,regular,False,MIA,DAL,113,101,72,6,2,2,75,11,3,0,75.74,espn
400975226,2017,2017-12-22,regular,False,HOU,LAC,118,128,78,35,9,4,91,31,9,1,92.52,espn
400975227,2017,2017-12-22,regular,False,MIL,CHA,109,104,87,23,6,1,88,17,9,1,89.8,espn
400975228,2017,2017-12-22,regular,False,OKC,ATL,120,117,82,31,15,1,85,17,7,2,84.56,espn
400975229,2017,2017-12-22,regular,False,POR,DEN,85,102,83,16,10,1,85,15,16,0,78.32,espn
400975230,2017,2017-12-22,regular,False,GS,LAL,113,106,85,27,10,1,94,22,15,2,89.28,espn
400975231,2017,2017-12-23,regular,False,TOR,PHI,102,86,85,26,7,2,80,20,7,5,89.12,espn
400975232,2017,2017-12-23,regular,False,CHA,MIL,111,106,74,40,9,2,87,17,7,1,86.54,espn
400975233,2017,2017-12-23,regular,False,IND,BKN,123,119,90,24,7,1,98,25,18,4,94.78,espn
400975234,2017,2017-12-23,regular,False,WSH,ORL,130,103,86,23,12,3,87,17,4,0,88.8,espn
400975235,2017,2017-12-23,regular,False,ATL,DAL,112,107,75,22,6,2,85,15,7,2,83.64,espn
400975236,2017,2017-12-23,regular,False,BOS,CHI,117,92,92,21,8,5,86,25,12,15,99.12,hoopr
400975237,2017,2017-12-23,regular,False,MIA,NO,94,109,85,15,13,13,73,19,6,14,90.48,hoopr
400975238,2017,2017-12-23,regular,False,MEM,LAC,115,112,90,25,15,2,79,28,5,1,87.66,espn
400975239,2017,2017-12-23,regular,False,UTAH,OKC,89,103,72,20,6,2,88,16,15,1,78.92,espn
400975240,2017,2017-12-23,regular,False,GS,DEN,81,96,84,17,11,2,82,15,10,2,81.54,espn
400975241,2017,2017-12-23,regular,False,PHX,MIN,106,115,86,24,9,0,84,29,13,0,85.66,espn
400975242,2017,2017-12-23,regular,False,LAL,POR,92,95,85,20,11,1,95,14,9,0,87.98,espn
400975243,2017,2017-12-23,regular,False,SAC,SA,99,108,86,11,9,1,88,11,7,0,84.34,espn
400974445,2017,2017-12-25,regular,False,NY,PHI,98,105,94,28,18,4,82,30,12,0,87.76,espn
400974446,2017,2017-12-25,regular,False,GS,CLE,99,92,82,17,10,2,88,25,19,0,80.74,espn
400974447,2017,2017-12-25,regular,False,BOS,WSH,103,111,81,17,8,1,93,28,14,1,86.9,espn
400974448,2017,2017-12-25,regular,False,OKC,HOU,112,107,79,23,9,1,81,31,12,1,82.38,espn
400974449,2017,2017-12-25,regular,False,LAL,MIN,104,121,92,20,13,0,84,14,7,0,85.48,espn
400975244,2017,2017-12-26,regular,False,DET,IND,107,83,82,16,10,3,77,13,5,0,79.88,espn
400975245,2017,2017-12-26,regular,False,DAL,TOR,98,93,94,16,16,3,89,32,16,3,89.06,espn
400975246,2017,2017-12-26,regular,False,MIA,ORL,107,89,91,17,16,2,81,22,10,1,83.08,espn
400975247,2017,2017-12-26,regular,False,MIL,CHI,106,115,83,24,4,17,103,25,15,6,105.78,hoopr
400975248,2017,2017-12-26,regular,False,SA,BKN,109,97,80,24,5,0,93,9,12,2,86.26,espn
400975249,2017,2017-12-26,regular,False,DEN,UTAH,107,83,81,22,10,1,84,23,12,0,81.9,espn
400975250,2017,2017-12-26,regular,False,PHX,MEM,99,97,72,35,6,4,87,29,10,1,88.08,espn
400975251,2017,2017-12-26,regular,False,LAC,SAC,122,95,81,27,9,0,96,12,10,1,88.08,espn
400975252,2017,2017-12-27,regular,False,CHA,BOS,91,102,87,29,19,1,78,13,6,1,80.24,espn
400975253,2017,2017-12-27,regular,False,IND,DAL,94,98,79,10,7,0,78,15,4,1,79.0,espn
400975254,2017,2017-12-27,regular,False,ATL,WSH,113,99,94,29,16,1,81,26,9,2,88.6,espn
400975255,2017,2017-12-27,regular,False,CHI,NY,92,87,86,16,4,15,91,13,7,12,102.88,hoopr
400975256,2017,2017-12-27,regular,False,MIN,DEN,128,125,90,30,7,0,91,31,11,0,94.92,espn
400975257,2017,2017-12-27,regular,False,NO,BKN,128,113,90,19,6,10,90,14,10,15,101.76,hoopr
400975258,2017,2017-12-27,regular,False,OKC,TOR,124,107,87,33,15,1,85,26,7,1,88.98,espn
400975259,2017,2017-12-27,regular,False,SAC,CLE,109,95,79,18,7,0,74,25,7,1,79.46,espn
400975260,2017,2017-12-27,regular,False,GS,UTAH,126,101,86,17,4,0,92,27,10,1,92.18,espn
400975261,2017,2017-12-27,regular,False,LAL,MEM,99,109,93,33,22,3,71,39,5,1,86.34,espn
400975262,2017,2017-12-28,regular,False,ORL,DET,102,89,82,17,9,1,87,14,9,1,83.32,espn
400975263,2017,2017-12-28,regular,False,BOS,HOU,99,98,82,24,10,4,80,31,7,1,87.1,espn
400975264,2017,2017-12-28,regular,False,MIL,MIN,102,96,75,16,7,3,71,26,6,4,79.24,espn
400975265,2017,2017-12-28,regular,False,SA,NY,119,107,80,39,10,0,90,22,12,2,88.42,espn
400975266,2017,2017-12-28,regular,False,POR,PHI,114,110,75,47,8,0,87,14,5,2,88.92,espn
400975267,2017,2017-12-29,regular,False,WSH,HOU,121,103,88,12,10,3,89,16,8,1,87.66,espn
400975268,2017,2017-12-29,regular,False,TOR,ATL,111,98,105,8,19,1,88,20,14,0,86.66,espn
400975269,2017,2017-12-29,regular,False,MIA,BKN,87,111,89,31,12,2,79,25,8,2,88.32,espn
400975270,2017,2017-12-29,regular,False,CHI,IND,119,107,85,15,7,15,93,20,11,10,100.2,hoopr
400975271,2017,2017-12-29,regular,False,NO,DAL,120,128,85,32,4,8,83,18,5,15,102.0,hoopr
400975272,2017,2017-12-29,regular,False,OKC,MIL,95,97,83,20,10,2,85,17,12,1,82.64,espn
400975273,2017,2017-12-29,regular,False,SAC,PHX,101,111,80,23,8,0,85,24,16,3,82.34,espn
400975274,2017,2017-12-29,regular,False,GS,CHA,100,111,87,13,8,1,89,34,13,2,89.34,espn
400975275,2017,2017-12-29,regular,False,LAL,LAC,106,121,94,16,11,0,86,34,15,3,89.5,espn
400975276,2017,2017-12-30,regular,False,DET,SA,93,79,81,16,6,0,84,13,10,0,80.88,espn
400975277,2017,2017-12-30,regular,False,ORL,MIA,111,117,81,15,9,1,88,18,11,2,83.26,espn
400975278,2017,2017-12-30,regular,False,NO,NY,103,105,84,27,4,10,94,21,9,6,101.06,hoopr
400975279,2017,2017-12-30,regular,False,ATL,POR,104,89,89,15,13,1,85,13,15,1,80.16,espn
400975280,2017,2017-12-30,regular,False,UTAH,CLE,104,101,82,21,5,1,81,26,9,1,85.84,espn
400975281,2017,2017-12-30,regular,False,GS,MEM,141,128,85,25,7,2,94,22,13,1,91.34,espn
400975282,2017,2017-12-30,regular,False,DEN,PHI,102,107,87,34,10,0,93,10,7,0,91.18,espn
400975283,2017,2017-12-31,regular,False,WSH,CHI,114,110,93,17,12,10,92,22,10,12,101.08,hoopr
400975284,2017,2017-12-31,regular,False,IND,MIN,90,107,85,18,13,2,86,25,13,2,83.96,espn
400975286,2017,2017-12-31,regular,False,HOU,LAL,148,142,106,39,15,1,105,37,15,4,109.72,espn
400975287,2017,2017-12-31,regular,False,OKC,DAL,113,116,89,23,11,0,89,14,8,2,88.64,espn
400975288,2017,2017-12-31,regular,False,LAC,CHA,106,98,76,27,6,3,93,19,15,1,86.12,espn
400975289,2017,2017-12-31,regular,False,SAC,MEM,96,114,86,25,12,2,76,24,6,1,84.28,espn
400975290,2017,2017-12-31,regular,False,PHX,PHI,110,123,88,34,12,1,77,34,11,0,86.46,espn
400975291,2017,2018-01-01,regular,False,BKN,ORL,98,95,82,23,10,0,96,25,19,0,85.06,espn
400975292,2017,2018-01-01,regular,False,TOR,MIL,131,127,91,33,6,1,93,28,10,1,98.42,espn
400975293,2017,2018-01-01,regular,False,CHI,POR,120,124,104,23,15,12,108,18,12,8,111.52,hoopr
400975294,2017,2018-01-01,regular,False,MIN,LAL,114,96,81,30,7,2,76,29,9,0,84.48,espn
400975295,2017,2018-01-02,regular,False,CLE,POR,127,110,83,37,8,1,90,19,13,1,89.32,espn
400975296,2017,2018-01-02,regular,False,NY,SA,91,100,87,18,12,2,82,34,14,0,83.94,espn
400975297,2017,2018-01-02,regular,False,PHX,ATL,104,103,77,26,11,2,87,25,17,0,80.22,espn
400975298,2017,2018-01-02,regular,False,SAC,CHA,111,131,87,18,16,0,89,18,5,0,85.42,espn
400975299,2017,2018-01-02,regular,False,LAC,MEM,113,105,71,31,4,1,79,33,10,1,83.08,espn
400975300,2017,2018-01-03,regular,False,ORL,HOU,98,116,91,25,9,1,89,21,9,1,92.12,espn
400975301,2017,2018-01-03,regular,False,PHI,SA,112,106,80,43,13,0,87,23,12,1,86.02,espn
400975302,2017,2018-01-03,regular,False,WSH,NY,121,103,81,26,6,1,86,18,8,2,87.68,espn
400975303,2017,2018-01-03,regular,False,BKN,MIN,98,97,72,11,4,2,80,30,7,1,81.02,espn
400975304,2017,2018-01-03,regular,False,MIA,DET,111,104,84,11,7,1,86,16,5,2,86.44,espn
400975305,2017,2018-01-03,regular,False,BOS,CLE,102,88,92,11,9,1,89,18,9,1,88.88,espn
400975306,2017,2018-01-03,regular,False,CHI,TOR,115,124,93,19,9,13,92,19,7,11,104.86,hoopr
400975307,2017,2018-01-03,regular,False,MIL,IND,122,101,75,28,6,1,84,19,8,2,84.34,espn
400975308,2017,2018-01-03,regular,False,DAL,GS,122,125,90,22,7,2,91,19,7,0,93.52,espn
400975309,2017,2018-01-03,regular,False,DEN,PHX,134,111,82,22,8,2,92,28,14,1,88.5,espn
400975310,2017,2018-01-03,regular,False,UTAH,NO,98,108,84,17,6,14,82,12,7,20,99.88,hoopr
400975311,2017,2018-01-03,regular,False,LAL,OKC,96,133,92,15,16,0,93,9,7,0,86.28,espn
400975312,2017,2018-01-04,regular,False,HOU,GS,114,124,89,22,6,1,87,20,6,1,92.24,espn
400975313,2017,2018-01-04,regular,False,LAC,OKC,117,127,100,23,15,1,95,14,11,4,95.14,espn
400975315,2017,2018-01-05,regular,False,PHI,DET,114,78,90,13,13,2,78,19,6,2,83.54,espn
400975316,2017,2018-01-05,regular,False,BOS,MIN,91,84,94,13,17,1,76,28,9,0,81.52,espn
400975314,2017,2018-01-05,regular,False,MIA,NY,107,103,94,20,15,1,80,23,8,1,85.96,espn
400975317,2017,2018-01-05,regular,False,MIL,TOR,110,129,77,29,5,1,86,28,12,0,86.04,espn
400975318,2017,2018-01-05,regular,False,DAL,CHI,124,127,92,17,7,13,78,31,8,18,103.56,hoopr
400975319,2017,2018-01-05,regular,False,SA,PHX,103,89,87,18,7,2,83,18,9,0,85.92,espn
400975320,2017,2018-01-05,regular,False,DEN,UTAH,99,91,86,15,4,0,84,6,8,1,84.12,espn
400975321,2017,2018-01-05,regular,False,MEM,WSH,100,102,86,26,11,3,84,34,12,1,88.7,espn
400975322,2017,2018-01-05,regular,False,POR,ATL,110,89,80,14,6,3,83,25,11,0,83.08,espn
400975323,2017,2018-01-05,regular,False,LAL,CHA,94,108,94,12,12,0,99,16,16,2,89.66,espn
400975324,2017,2018-01-06,regular,False,LAC,GS,105,121,91,30,10,0,94,37,14,2,96.24,espn
400975325,2017,2018-01-06,regular,False,BKN,BOS,85,87,91,22,12,3,98,15,12,1,92.64,espn
400975326,2017,2018-01-06,regular,False,DET,HOU,108,101,75,27,5,3,90,11,12,3,85.36,espn
400975327,2017,2018-01-06,regular,False,IND,CHI,125,86,86,18,10,12,80,20,9,16,95.86,hoopr
400975328,2017,2018-01-06,regular,False,ORL,CLE,127,131,98,22,14,2,94,31,14,2,95.66,espn
400975329,2017,2018-01-06,regular,False,WSH,MIL,103,110,78,29,4,0,80,30,10,2,85.98,espn
400975330,2017,2018-01-06,regular,False,MIN,NO,116,98,90,21,13,9,78,28,7,15,96.78,hoopr
400975331,2017,2018-01-06,regular,False,SAC,DEN,106,98,94,17,10,0,76,21,8,3,85.86,espn
400975332,2017,2018-01-07,regular,False,MIA,UTAH,103,102,83,20,8,0,82,20,8,0,83.3,espn
400975333,2017,2018-01-07,regular,False,DAL,NY,96,100,92,24,9,0,83,20,10,1,88.18,espn
400975334,2017,2018-01-07,regular,False,PHX,OKC,114,100,88,23,12,2,86,21,8,1,88.18,espn
400975335,2017,2018-01-07,regular,False,POR,SA,111,110,92,10,9,0,81,26,10,1,85.42,espn
400975336,2017,2018-01-07,regular,False,LAL,ATL,132,113,86,25,6,1,94,23,10,1,93.56,espn
400975337,2017,2018-01-08,regular,False,IND,MIL,109,96,79,20,8,1,74,27,5,1,81.34,espn
400975338,2017,2018-01-08,regular,False,BKN,TOR,113,114,100,28,11,0,101,23,8,0,102.22,espn
400975339,2017,2018-01-08,regular,False,CHI,HOU,107,116,86,18,3,11,86,24,11,16,101.74,hoopr
400975340,2017,2018-01-08,regular,False,MIN,CLE,127,99,100,17,15,0,84,16,8,1,88.26,espn
400975341,2017,2018-01-08,regular,False,NO,DET,112,109,82,21,9,16,93,22,12,12,100.46,hoopr
400975342,2017,2018-01-08,regular,False,SAC,SA,100,107,82,16,8,0,90,13,8,0,84.38,espn
400975343,2017,2018-01-08,regular,False,GS,DEN,124,114,85,21,10,0,95,16,13,0,86.64,espn
400975344,2017,2018-01-08,regular,False,LAC,ATL,108,107,85,34,14,1,96,29,19,0,88.36,espn
400975345,2017,2018-01-09,regular,False,TOR,MIA,89,90,90,15,7,1,97,10,20,2,87.0,espn
400975346,2017,2018-01-09,regular,False,OKC,POR,106,117,84,26,11,1,81,26,8,1,85.44,espn
400975347,2017,2018-01-09,regular,False,DAL,ORL,114,99,83,22,5,0,79,22,9,0,83.68,espn
400975348,2017,2018-01-09,regular,False,LAL,SAC,99,86,77,21,9,4,87,27,10,0,85.06,espn
400975349,2017,2018-01-10,regular,False,CHA,DAL,111,115,84,30,4,1,83,28,3,1,93.76,espn
400975350,2017,2018-01-10,regular,False,IND,MIA,106,114,87,29,12,1,81,21,6,2,87.5,espn
400975351,2017,2018-01-10,regular,False,WSH,UTAH,104,107,78,17,9,0,92,13,11,3,83.1,espn
400975352,2017,2018-01-10,regular,False,BKN,DET,80,114,74,15,2,5,93,12,11,0,85.44,espn
400975353,2017,2018-01-10,regular,False,NY,CHI,119,122,96,21,11,18,98,20,10,16,112.52,hoopr
400975354,2017,2018-01-10,regular,False,HOU,POR,121,112,100,25,17,2,83,32,6,3,95.04,espn
400975355,2017,2018-01-10,regular,False,MEM,NO,105,102,88,32,14,9,77,34,9,12,96.02,hoopr
400975356,2017,2018-01-10,regular,False,MIL,ORL,110,103,82,25,11,4,90,18,8,4,89.96,espn
400975357,2017,2018-01-10,regular,False,MIN,OKC,104,88,80,27,11,2,80,24,10,1,82.22,espn
400975358,2017,2018-01-10,regular,False,DEN,ATL,97,110,95,20,14,0,80,18,6,0,85.86,espn
400975359,2017,2018-01-10,regular,False,GS,LAC,106,125,79,26,4,1,94,28,11,1,91.88,espn
400975360,2017,2018-01-11,regular,True,PHI,BOS,103,114,82,18,3,0,89,19,11,1,87.14,espn
400975361,2017,2018-01-11,regular,False,TOR,CLE,133,99,106,13,18,0,89,30,9,1,93.96,espn
400975362,2017,2018-01-11,regular,False,SAC,LAC,115,121,85,28,10,1,84,30,8,1,89.26,espn
400975363,2017,2018-01-11,regular,False,LAL,SA,93,81,87,14,12,1,76,15,7,1,79.38,espn
400975364,2017,2018-01-12,regular,False,CHA,UTAH,99,88,78,34,8,2,77,23,8,2,84.04,espn
400975365,2017,2018-01-12,regular,False,IND,CLE,97,95,85,12,6,0,85,19,9,2,85.32,espn
400975366,2017,2018-01-12,regular,False,WSH,ORL,125,119,95,19,14,1,80,31,12,1,86.5,espn
400975367,2017,2018-01-12,regular,False,ATL,BKN,105,110,80,26,8,0,87,26,13,1,84.94,espn
400975368,2017,2018-01-12,regular,False,MIL,GS,94,108,85,12,8,0,79,18,10,0,79.6,espn
400975369,2017,2018-01-12,regular,False,MIN,NY,118,108,95,16,16,0,83,9,9,1,82.5,espn
400975370,2017,2018-01-12,regular,False,NO,POR,119,113,82,23,9,18,101,14,14,11,102.64,hoopr
400975371,2017,2018-01-12,regular,False,DEN,MEM,87,78,70,32,12,1,77,14,8,1,74.62,espn
400975372,2017,2018-01-12,regular,False,PHX,HOU,95,112,80,9,4,1,94,22,14,0,85.32,espn
400975373,2017,2018-01-13,regular,False,DAL,LAL,101,107,90,28,4,2,95,18,11,1,96.62,espn
400975374,2017,2018-01-13,regular,False,LAC,SAC,126,105,82,26,5,1,85,22,10,0,87.06,espn
400975375,2017,2018-01-13,regular,False,CHA,OKC,91,101,83,23,9,1,97,20,19,1,86.46,espn
400975376,2017,2018-01-13,regular,False,WSH,BKN,119,113,93,23,6,1,99,20,13,1,96.96,espn
400975377,2017,2018-01-13,regular,False,TOR,GS,125,127,93,32,14,0,81,28,3,2,92.7,espn
400975378,2017,2018-01-13,regular,False,CHI,DET,107,105,87,9,6,14,92,14,13,12,98.06,hoopr
400975379,2017,2018-01-13,regular,False,SA,DEN,112,80,79,18,6,1,83,17,11,4,82.7,espn
400975380,2017,2018-01-14,regular,False,MIA,MIL,97,79,76,20,3,2,79,27,8,0,83.34,espn
400975381,2017,2018-01-14,regular,False,NY,NO,118,123,97,18,10,22,95,34,12,19,116.94,hoopr
400975382,2017,2018-01-14,regular,False,PHX,IND,97,120,85,24,14,2,88,14,8,0,84.86,espn
400975383,2017,2018-01-14,regular,False,MIN,POR,120,103,80,33,7,1,79,17,8,3,85.0,espn
400975384,2017,2018-01-15,regular,False,DET,CHA,107,118,86,11,3,1,84,33,9,1,89.68,espn
400975385,2017,2018-01-15,regular,False,PHI,TOR,117,111,81,38,10,3,95,30,12,4,95.46,espn
400975386,2017,2018-01-15,regular,False,WSH,MIL,95,104,76,31,11,2,81,29,15,3,81.2,espn
400975387,2017,2018-01-15,regular,False,ATL,SA,102,99,86,14,11,0,87,20,8,0,84.48,espn
400975388,2017,2018-01-15,regular,False,BKN,NY,104,119,87,36,11,1,82,37,8,1,92.06,espn
400975390,2017,2018-01-15,regular,False,CHI,MIA,119,111,88,22,7,9,84,24,4,14,102.12,hoopr
400975391,2017,2018-01-15,regular,False,MEM,LAL,123,114,82,34,6,1,96,31,12,1,95.3,espn
400975389,2017,2018-01-15,regular,False,OKC,SAC,95,88,86,29,18,5,84,25,6,1,87.88,espn
400975392,2017,2018-01-15,regular,False,CLE,GS,108,118,94,22,12,0,85,30,13,1,88.94,espn
400975393,2017,2018-01-15,regular,False,UTAH,IND,94,109,81,17,9,2,77,15,8,0,78.54,espn
400975394,2017,2018-01-15,regular,False,LAC,HOU,113,102,79,20,4,3,94,16,13,5,89.92,espn
400975395,2017,2018-01-16,regular,False,ORL,MIN,108,102,90,19,15,4,98,10,11,3,90.88,espn
400975396,2017,2018-01-16,regular,False,BOS,NO,113,116,101,16,12,18,100,25,13,15,113.52,hoopr
400975397,2017,2018-01-16,regular,False,DEN,DAL,105,102,86,26,15,1,78,22,5,0,83.06,espn
400975398,2017,2018-01-16,regular,False,POR,PHX,118,111,91,10,9,2,89,22,12,1,88.04,espn
400975399,2017,2018-01-17,regular,False,CHA,WSH,133,109,98,26,13,4,82,23,7,3,94.28,espn
400975400,2017,2018-01-17,regular,False,ATL,NO,94,93,89,13,12,10,80,19,9,12,92.04,hoopr
400975401,2017,2018-01-17,regular,False,BKN,SA,95,100,83,18,6,1,82,31,7,0,87.28,espn
400975402,2017,2018-01-17,regular,False,TOR,DET,96,91,80,23,12,1,88,15,11,3,82.86,espn
400975403,2017,2018-01-17,regular,False,CHI,GS,112,119,106,13,14,11,84,25,5,15,106.86,hoopr
400975404,2017,2018-01-17,regular,False,MEM,NY,105,99,91,17,15,1,82,23,12,1,82.8,espn
400975405,2017,2018-01-17,regular,False,MIL,MIA,101,106,76,32,5,1,82,27,10,0,84.98,espn
400975406,2017,2018-01-17,regular,False,OKC,LAL,114,90,95,12,21,1,81,4,6,2,79.52,espn
400975407,2017,2018-01-17,regular,False,SAC,UTAH,105,120,72,20,8,0,81,20,6,0,78.3,espn
400975408,2017,2018-01-17,regular,False,LAC,DEN,109,104,87,31,17,0,97,18,20,2,85.28,espn
400975409,2017,2018-01-18,regular,False,BOS,PHI,80,89,74,17,3,0,73,17,8,3,76.98,espn
400975410,2017,2018-01-18,regular,False,CLE,ORL,104,103,85,27,14,0,88,21,9,1,86.06,espn
400975411,2017,2018-01-18,regular,False,HOU,MIN,116,98,88,17,11,1,81,21,8,0,83.86,espn
400975412,2017,2018-01-18,regular,False,POR,IND,100,86,94,16,14,1,91,13,10,1,87.88,espn
400975413,2017,2018-01-19,regular,False,TOR,SA,86,83,85,14,9,1,91,20,17,0,82.98,espn
400975414,2017,2018-01-19,regular,False,BKN,MIA,101,95,76,26,10,0,84,25,12,3,81.72,espn
400975415,2017,2018-01-19,regular,False,DET,WSH,112,122,80,26,7,1,82,27,8,1,86.16,espn
400975416,2017,2018-01-19,regular,False,MEM,SAC,106,88,88,23,14,0,80,18,11,1,81.02,espn
400975417,2017,2018-01-19,regular,False,DEN,PHX,100,108,78,21,7,2,81,20,4,1,84.52,espn
400975418,2017,2018-01-19,regular,False,UTAH,NY,115,117,91,30,15,1,89,23,7,0,91.16,espn
400975419,2017,2018-01-19,regular,False,LAL,IND,99,86,80,14,6,1,97,13,12,1,86.44,espn
400975420,2017,2018-01-20,regular,False,CLE,OKC,124,148,89,27,3,0,100,28,16,3,98.6,espn
400975421,2017,2018-01-20,regular,False,ATL,CHI,97,113,92,23,9,13,80,21,4,16,103.68,hoopr
400975422,2017,2018-01-20,regular,False,CHA,MIA,105,106,90,21,8,1,87,12,8,0,88.26,espn
400975423,2017,2018-01-20,regular,False,NO,MEM,111,104,78,32,6,10,82,16,10,14,94.56,hoopr
400975424,2017,2018-01-20,regular,False,PHI,MIL,116,94,85,19,11,3,82,22,8,1,85.02,espn
400975425,2017,2018-01-20,regular,False,HOU,GS,116,108,87,29,12,2,82,15,4,0,87.18,espn
400975426,2017,2018-01-20,regular,False,MIN,TOR,115,109,81,42,15,0,83,21,8,2,85.36,espn
400975427,2017,2018-01-20,regular,False,UTAH,LAC,125,113,82,32,11,1,82,38,7,0,88.9,espn
400975428,2017,2018-01-20,regular,False,POR,DAL,117,108,86,10,9,2,83,28,11,2,84.86,espn
400975429,2017,2018-01-21,regular,False,BOS,ORL,95,103,85,14,11,0,92,16,13,1,83.6,espn
400975430,2017,2018-01-21,regular,False,LAL,NY,127,107,91,21,12,0,81,10,7,1,83.82,espn
400975431,2017,2018-01-21,regular,False,DET,BKN,100,101,90,17,7,1,80,20,7,0,86.64,espn
400975432,2017,2018-01-21,regular,False,SA,IND,86,94,82,12,10,0,84,17,7,0,80.88,espn
400975433,2017,2018-01-22,regular,False,CHA,SAC,112,107,86,25,11,4,97,15,10,2,92.8,espn
400975434,2017,2018-01-22,regular,False,ATL,UTAH,104,90,83,12,10,2,76,28,7,1,81.3,espn
400975435,2017,2018-01-22,regular,False,HOU,MIA,99,90,81,18,8,0,82,9,9,3,80.44,espn
400975436,2017,2018-01-22,regular,False,MEM,PHI,105,101,78,35,11,2,71,31,16,1,77.02,espn
400975437,2017,2018-01-22,regular,False,MIL,PHX,109,105,71,37,8,3,79,20,9,4,82.54,espn
400975438,2017,2018-01-22,regular,False,NO,CHI,132,128,113,26,15,13,92,34,6,24,123.7,hoopr
400975439,2017,2018-01-22,regular,False,DAL,WSH,98,75,87,17,9,3,86,27,17,2,85.68,espn
400975440,2017,2018-01-22,regular,False,DEN,POR,104,101,83,33,14,0,85,26,11,1,84.98,espn
400975441,2017,2018-01-22,regular,False,LAC,MIN,118,126,84,22,8,4,91,39,18,2,90.92,espn
400975442,2017,2018-01-23,regular,False,ORL,SAC,99,105,83,19,11,0,87,13,11,0,81.04,espn
400975443,2017,2018-01-23,regular,False,OKC,BKN,109,108,94,32,16,0,79,25,8,2,88.04,espn
400975444,2017,2018-01-23,regular,False,SA,CLE,114,102,94,16,13,2,72,31,6,0,84.84,espn
400975445,2017,2018-01-23,regular,False,GS,NY,123,112,83,20,3,2,83,19,6,2,89.08,espn
400975446,2017,2018-01-23,regular,False,LAL,BOS,108,107,91,36,14,0,90,10,7,1,90.62,espn
400975447,2017,2018-01-24,regular,False,CHA,NO,96,101,85,31,10,14,87,18,8,15,102.28,hoopr
400975448,2017,2018-01-24,regular,False,DET,UTAH,95,98,97,18,15,1,96,16,9,1,92.98,espn
400975449,2017,2018-01-24,regular,False,IND,PHX,116,101,80,25,3,1,84,29,10,0,87.88,espn
400975450,2017,2018-01-24,regular,False,PHI,CHI,115,101,81,20,6,14,94,22,10,11,101.24,hoopr
400975451,2017,2018-01-24,regular,False,ATL,TOR,93,108,94,17,12,2,89,25,12,0,89.74,espn
400975452,2017,2018-01-24,regular,False,DAL,HOU,97,104,82,18,9,1,82,23,7,1,84.02,espn
400975453,2017,2018-01-24,regular,False,MEM,SA,85,108,83,14,9,1,82,25,11,1,82.08,espn
400975454,2017,2018-01-24,regular,False,POR,MIN,123,114,82,21,6,1,84,22,5,3,88.96,espn
400975455,2017,2018-01-24,regular,False,LAC,BOS,102,113,79,39,10,1,93,22,10,1,90.42,espn
400975456,2017,2018-01-25,regular,False,MIA,SAC,88,89,82,18,7,4,81,14,5,1,85.04,espn
400975457,2017,2018-01-25,regular,False,OKC,WSH,121,112,87,29,13,2,86,16,12,0,84.9,espn
400975458,2017,2018-01-25,regular,False,DEN,NY,130,118,80,24,2,0,82,24,3,0,89.06,espn
400975459,2017,2018-01-25,regular,False,GS,MIN,126,113,89,15,11,1,101,18,13,0,90.76,espn
400975460,2017,2018-01-26,regular,False,CHA,ATL,121,110,88,32,11,1,79,25,6,1,88.54,espn
400975461,2017,2018-01-26,regular,False,CLE,IND,115,108,82,13,8,2,91,11,8,0,84.78,espn
400975462,2017,2018-01-26,regular,False,TOR,UTAH,93,97,95,17,16,0,87,21,10,2,87.36,espn
400975463,2017,2018-01-26,regular,False,CHI,LAL,103,108,93,24,16,13,91,28,10,9,101.44,hoopr
400975464,2017,2018-01-26,regular,False,MEM,LAC,100,109,81,18,8,2,80,29,3,1,86.84,espn
400975465,2017,2018-01-26,regular,False,MIL,BKN,116,91,83,20,3,2,89,20,11,0,88.8,espn
400975466,2017,2018-01-26,regular,False,NO,HOU,115,113,82,21,6,15,78,35,2,12,101.82,hoopr
400975467,2017,2018-01-26,regular,False,DAL,POR,93,107,89,17,8,0,79,23,10,2,84.8,espn
400975468,2017,2018-01-26,regular,False,SA,PHI,78,97,75,18,5,1,79,18,12,1,77.42,espn
400975469,2017,2018-01-26,regular,False,PHX,NY,85,107,94,13,12,4,85,22,10,1,88.7,espn
400975470,2017,2018-01-27,regular,False,DET,OKC,108,121,84,24,13,2,93,23,13,2,87.84,espn
400975471,2017,2018-01-27,regular,False,IND,ORL,114,112,87,19,9,1,77,32,13,3,84.22,espn
400975472,2017,2018-01-27,regular,False,ATL,WSH,104,129,88,21,11,1,85,14,7,1,86.2,espn
400975473,2017,2018-01-27,regular,False,MIA,CHA,95,91,85,18,11,3,84,35,12,4,88.16,espn
400975474,2017,2018-01-27,regular,False,GS,BOS,109,105,84,26,10,1,85,24,11,3,87.0,espn
400975475,2017,2018-01-27,regular,False,MIN,BKN,111,97,96,26,16,2,82,15,11,4,87.52,espn
400975476,2017,2018-01-27,regular,False,DEN,DAL,91,89,81,15,9,2,85,19,8,1,83.48,espn
400975477,2017,2018-01-28,regular,False,CHI,MIL,96,110,87,15,10,16,77,25,7,14,97.3,hoopr
400975478,2017,2018-01-28,regular,False,HOU,PHX,113,102,72,49,5,3,85,26,7,4,92.5,espn
400975479,2017,2018-01-28,regular,False,NO,LAC,103,112,85,25,7,15,96,18,11,12,104.46,hoopr
400975480,2017,2018-01-28,regular,False,CLE,DET,121,104,83,26,4,0,95,13,7,1,92.58,espn
400975481,2017,2018-01-28,regular,False,TOR,LAL,123,111,92,25,12,3,91,33,13,2,94.26,espn
400975482,2017,2018-01-28,regular,False,OKC,PHI,122,112,92,30,17,2,76,31,12,5,86.42,espn
400975483,2017,2018-01-28,regular,False,SA,SAC,113,98,90,17,13,0,82,11,6,0,82.66,espn
400975484,2017,2018-01-29,regular,False,IND,CHA,105,96,83,11,6,1,83,20,11,0,81.82,espn
400975485,2017,2018-01-29,regular,False,ATL,MIN,105,100,79,16,8,1,83,18,7,3,82.98,espn
400975486,2017,2018-01-29,regular,False,MEM,PHX,120,109,83,18,12,1,82,36,15,1,81.88,espn
400975487,2017,2018-01-29,regular,False,MIL,PHI,107,95,80,22,8,1,82,23,10,0,82.4,espn
400975488,2017,2018-01-29,regular,False,DAL,MIA,88,95,86,16,11,0,75,19,11,1,77.7,espn
400975489,2017,2018-01-29,regular,False,DEN,BOS,110,111,93,21,15,3,91,10,10,4,89.82,espn
400975490,2017,2018-01-30,regular,False,WSH,OKC,102,96,89,29,7,0,80,34,14,4,89.86,espn
400975491,2017,2018-01-30,regular,False,NY,BKN,111,95,89,25,12,0,87,16,11,2,86.52,espn
400975492,2017,2018-01-30,regular,False,TOR,MIN,109,104,81,26,9,2,85,24,10,1,86.0,espn
400975493,2017,2018-01-30,regular,False,DET,CLE,125,114,93,28,8,1,84,32,7,0,94.7,espn
400975494,2017,2018-01-30,regular,False,HOU,ORL,114,107,77,28,8,0,83,10,7,2,81.86,espn
400975495,2017,2018-01-30,regular,False,NO,SAC,103,114,77,22,2,15,97,14,14,14,101.42,hoopr
400975496,2017,2018-01-30,regular,False,SA,DEN,106,104,92,5,13,1,86,14,10,1,82.68,espn
400975497,2017,2018-01-30,regular,False,UTAH,GS,129,99,91,14,7,2,85,21,11,1,88.2,espn
400975498,2017,2018-01-30,regular,False,LAC,POR,96,104,85,26,9,2,98,22,18,1,90.06,espn
400975499,2017,2018-01-31,regular,False,IND,MEM,105,101,70,31,8,0,82,15,14,1,75.62,espn
400975500,2017,2018-01-31,regular,False,ORL,LAL,127,105,81,29,4,2,83,30,11,1,88.98,espn
400975501,2017,2018-01-31,regular,False,ATL,CHA,110,123,77,22,4,3,90,18,12,2,86.8,espn
400975502,2017,2018-01-31,regular,False,BKN,PHI,116,108,77,28,9,3,76,34,6,0,84.14,espn
400975503,2017,2018-01-31,regular,False,CLE,MIA,91,89,80,38,7,0,83,25,6,2,89.86,espn
400975504,2017,2018-01-31,regular,False,BOS,NY,103,73,83,20,5,1,87,21,9,0,87.52,espn
400975505,2017,2018-01-31,regular,False,POR,CHI,124,108,82,20,5,17,99,22,12,6,102.74,hoopr
400975506,2017,2018-01-31,regular,False,PHX,DAL,102,88,83,15,8,1,88,26,15,2,84.52,espn
400975507,2017,2018-02-01,regular,False,DET,MEM,104,102,76,37,4,4,96,14,10,4,94.22,espn
400975508,2017,2018-02-01,regular,False,WSH,TOR,122,119,85,26,12,1,83,24,8,0,85.5,espn
400975509,2017,2018-02-01,regular,False,MIN,MIL,108,89,78,20,4,2,85,25,15,1,83.4,espn
400975510,2017,2018-02-01,regular,False,SA,HOU,91,102,83,17,9,1,83,17,7,0,82.98,espn
400975511,2017,2018-02-01,regular,False,DEN,OKC,127,124,97,17,9,0,98,17,9,0,95.98,espn
400975512,2017,2018-02-02,regular,False,CHA,IND,133,126,83,34,11,0,87,28,7,1,90.14,espn
400975513,2017,2018-02-02,regular,False,BOS,ATL,119,110,89,20,7,1,80,34,4,2,92.38,espn
400975514,2017,2018-02-02,regular,False,BKN,LAL,99,102,82,23,5,1,92,20,18,1,85.96,espn
400975515,2017,2018-02-02,regular,False,TOR,POR,130,105,99,21,17,0,73,33,4,1,87.88,espn
400975516,2017,2018-02-02,regular,False,PHI,MIA,103,97,85,15,9,0,87,26,16,2,83.52,espn
400975517,2017,2018-02-02,regular,False,MIL,NY,92,90,76,26,4,1,89,17,18,4,83.46,espn
400975518,2017,2018-02-02,regular,False,OKC,NO,100,114,97,20,15,16,90,13,5,16,106.76,hoopr
400975519,2017,2018-02-02,regular,False,PHX,UTAH,97,129,87,19,6,0,90,17,9,0,88.92,espn
400975520,2017,2018-02-02,regular,False,SAC,GS,104,119,95,15,6,4,80,16,7,0,89.82,espn
400975521,2017,2018-02-03,regular,False,LAC,CHI,113,103,88,28,10,13,97,21,13,11,103.78,hoopr
400975522,2017,2018-02-03,regular,False,DET,MIA,111,107,84,17,13,2,91,7,7,2,84.78,espn
400975523,2017,2018-02-03,regular,False,IND,PHI,100,92,79,25,6,1,87,24,15,0,83.78,espn
400975524,2017,2018-02-03,regular,False,ORL,WSH,98,115,77,22,10,2,85,18,12,1,80.3,espn
400975525,2017,2018-02-03,regular,False,CLE,HOU,88,120,87,16,5,0,93,16,6,1,92.04,espn
400975526,2017,2018-02-03,regular,False,MIN,NO,118,107,95,16,12,12,101,17,18,13,102.76,hoopr
400975527,2017,2018-02-03,regular,False,SA,UTAH,111,120,91,18,11,0,69,36,5,1,84.38,espn
400975528,2017,2018-02-03,regular,False,DEN,GS,115,108,91,29,16,1,86,23,11,4,88.94,espn
400975529,2017,2018-02-03,regular,False,SAC,DAL,99,106,82,6,7,0,83,14,9,1,79.4,espn
400975530,2017,2018-02-04,regular,False,BOS,POR,97,96,85,17,9,1,91,14,10,0,85.82,espn
400975531,2017,2018-02-04,regular,False,BKN,MIL,94,109,90,14,11,1,81,21,14,1,81.7,espn
400975532,2017,2018-02-04,regular,False,NY,ATL,96,99,94,15,16,0,87,19,13,2,84.48,espn
400975533,2017,2018-02-04,regular,False,TOR,MEM,101,86,89,15,10,1,81,23,13,0,82.36,espn
400975534,2017,2018-02-04,regular,False,OKC,LAL,104,108,89,25,13,5,86,18,8,1,89.46,espn
400975535,2017,2018-02-04,regular,False,PHX,CHA,110,115,77,13,2,2,96,29,13,0,89.24,espn
400975536,2017,2018-02-05,regular,False,DET,POR,111,91,88,12,10,0,94,8,13,1,84.4,espn
400975537,2017,2018-02-05,regular,False,IND,WSH,102,111,80,25,8,0,82,17,7,2,83.74,espn
400975538,2017,2018-02-05,regular,False,MIA,ORL,109,111,93,35,17,0,84,19,5,2,90.38,espn
400975539,2017,2018-02-05,regular,False,NO,UTAH,109,133,93,13,6,14,89,17,9,13,103.6,hoopr
400975540,2017,2018-02-05,regular,False,DEN,CHA,121,104,81,13,5,0,77,24,5,0,82.14,espn
400975541,2017,2018-02-05,regular,False,SAC,CHI,104,98,84,25,9,11,80,24,9,12,95.28,hoopr
400975542,2017,2018-02-05,regular,False,LAC,DAL,104,101,87,12,5,2,80,20,7,1,86.04,espn
400975543,2017,2018-02-06,regular,False,ORL,CLE,116,98,88,27,12,1,84,20,9,0,86.34,espn
400975544,2017,2018-02-06,regular,False,TOR,BOS,111,91,80,17,5,0,83,20,9,0,82.64,espn
400975545,2017,2018-02-06,regular,False,ATL,MEM,108,82,83,21,8,2,79,13,9,2,81.98,espn
400975546,2017,2018-02-06,regular,False,BKN,HOU,113,123,85,17,10,0,81,21,8,0,82.36,espn
400975547,2017,2018-02-06,regular,False,NY,MIL,89,103,89,15,11,4,82,27,8,1,87.74,espn
400975548,2017,2018-02-06,regular,False,PHI,WSH,115,102,82,14,12,0,93,18,16,2,81.54,espn
400975549,2017,2018-02-06,regular,False,GS,OKC,105,125,76,31,10,5,93,33,10,1,91.58,espn
400975550,2017,2018-02-06,regular,False,LAL,PHX,112,93,83,26,12,0,94,23,16,1,85.78,espn
400975551,2017,2018-02-07,regular,False,DET,BKN,115,106,92,25,8,1,90,12,8,2,92.64,espn
400975552,2017,2018-02-07,regular,False,MIA,HOU,101,109,88,12,15,0,74,26,4,1,80.36,espn
400975553,2017,2018-02-07,regular,False,CLE,MIN,140,138,88,23,7,1,93,12,4,1,93.7,espn
400975554,2017,2018-02-07,regular,False,MEM,UTAH,88,92,81,16,9,5,69,33,9,2,80.28,espn
400975556,2017,2018-02-07,regular,False,PHX,SA,81,129,97,18,11,0,93,27,14,0,92.4,espn
400975557,2017,2018-02-08,regular,False,ORL,ATL,100,98,84,22,8,0,87,18,9,0,85.8,espn
400975558,2017,2018-02-08,regular,False,TOR,NY,113,88,95,14,9,4,83,18,5,2,92.04,espn
400975559,2017,2018-02-08,regular,False,WSH,BOS,104,110,95,20,17,3,84,34,7,3,92.38,espn
400975560,2017,2018-02-08,regular,False,POR,CHA,109,103,90,22,9,0,98,17,7,1,95.08,espn
400975561,2017,2018-02-08,regular,False,GS,DAL,121,103,88,20,18,1,92,17,9,3,86.64,espn
400975562,2017,2018-02-08,regular,False,LAL,OKC,106,81,96,13,13,0,90,19,17,2,86.04,espn
400975563,2017,2018-02-09,regular,False,DET,LAC,95,108,88,17,7,2,91,15,14,4,89.04,espn
400975564,2017,2018-02-09,regular,False,PHI,NO,100,82,93,9,8,15,95,16,8,12,105.0,hoopr
400975565,2017,2018-02-09,regular,False,ATL,CLE,107,123,83,19,6,3,86,24,6,0,89.46,espn
400975566,2017,2018-02-09,regular,False,BOS,IND,91,97,89,20,12,3,83,22,13,2,85.24,espn
400975567,2017,2018-02-09,regular,False,MIA,MIL,91,85,88,18,13,1,76,17,2,2,83.7,espn
400975569,2017,2018-02-09,regular,False,HOU,DEN,130,104,86,34,11,2,88,21,7,0,91.1,espn
400975570,2017,2018-02-09,regular,False,UTAH,CHA,106,94,84,17,7,2,85,19,5,0,87.42,espn
400975568,2017,2018-02-09,regular,False,CHI,MIN,114,113,83,30,5,11,87,28,11,13,101.76,hoopr
400975571,2017,2018-02-09,regular,False,SAC,POR,100,118,90,21,12,1,88,18,9,0,87.58,espn
400975572,2017,2018-02-10,regular,False,BKN,NO,128,138,114,22,18,15,106,39,14,15,122.42,hoopr
400975573,2017,2018-02-10,regular,False,ORL,MIL,104,111,83,26,10,0,82,20,8,1,84.12,espn
400975574,2017,2018-02-10,regular,False,PHI,LAC,112,98,90,17,6,0,88,23,11,1,89.8,espn
400975575,2017,2018-02-10,regular,False,CHI,WSH,90,101,80,16,9,14,82,14,6,13,93.6,hoopr
400975576,2017,2018-02-10,regular,False,DAL,LAL,130,123,89,27,10,2,84,22,9,1,89.28,espn
400975577,2017,2018-02-10,regular,False,GS,SA,122,105,85,15,11,0,94,19,11,0,85.98,espn
400975578,2017,2018-02-10,regular,False,PHX,DEN,113,123,84,25,8,1,88,22,6,2,90.84,espn
400975579,2017,2018-02-11,regular,False,CHA,TOR,103,123,89,23,11,0,87,10,6,2,87.76,espn
400975580,2017,2018-02-11,regular,False,ATL,DET,118,115,78,37,4,0,83,33,12,2,88.9,espn
400975581,2017,2018-02-11,regular,False,BOS,CLE,99,121,89,22,13,1,84,20,5,0,87.24,espn
400975582,2017,2018-02-11,regular,False,IND,NY,121,113,94,22,16,1,93,25,12,2,91.34,espn
400975583,2017,2018-02-11,regular,False,HOU,DAL,104,97,78,33,2,0,93,16,12,0,89.28,espn
400975584,2017,2018-02-11,regular,False,MIN,SAC,111,106,74,32,8,1,88,17,15,1,81.28,espn
400975585,2017,2018-02-11,regular,False,OKC,MEM,110,92,77,40,9,1,82,24,12,1,84.08,espn
400975586,2017,2018-02-11,regular,False,POR,UTAH,96,115,81,25,6,0,88,22,16,1,84.34,espn
400975587,2017,2018-02-12,regular,False,DET,NO,103,118,95,32,14,14,100,16,10,11,108.56,hoopr
400975588,2017,2018-02-12,regular,False,PHI,NY,108,92,75,24,7,3,79,28,7,0,82.94,espn
400975589,2017,2018-02-12,regular,False,BKN,LAC,101,114,89,10,10,2,85,14,8,0,84.28,espn
400975590,2017,2018-02-12,regular,False,CHI,ORL,105,101,88,21,11,11,84,19,7,9,95.8,hoopr
400975591,2017,2018-02-12,regular,False,UTAH,SA,101,99,84,30,9,1,85,25,8,0,88.6,espn
400975592,2017,2018-02-12,regular,False,GS,PHX,129,83,89,21,7,1,95,22,15,3,92.46,espn
400975593,2017,2018-02-13,regular,False,TOR,MIA,115,112,90,23,7,0,86,19,10,0,88.74,espn
400975594,2017,2018-02-13,regular,False,MIL,ATL,97,92,88,17,14,1,86,20,14,3,83.14,espn
400975595,2017,2018-02-13,regular,False,MIN,HOU,108,126,84,23,9,2,83,29,9,1,87.44,espn
400975596,2017,2018-02-13,regular,False,OKC,CLE,112,120,90,30,18,3,88,22,10,0,87.94,espn
400975597,2017,2018-02-13,regular,False,DAL,SAC,109,114,83,23,4,0,87,12,5,0,88.2,espn
400975598,2017,2018-02-13,regular,False,DEN,SA,117,109,93,18,11,1,82,22,10,1,86.8,espn
400975599,2017,2018-02-14,regular,False,DET,ATL,104,98,83,25,10,0,89,19,8,1,87.18,espn
400975600,2017,2018-02-14,regular,False,ORL,CHA,102,104,86,17,9,0,88,19,8,0,86.42,espn
400975601,2017,2018-02-14,regular,False,PHI,MIA,104,102,92,25,23,5,77,29,3,1,86.38,espn
400975602,2017,2018-02-14,regular,False,BKN,IND,103,108,83,27,9,1,90,28,15,0,87.1,espn
400975603,2017,2018-02-14,regular,False,NY,WSH,113,118,97,18,11,0,88,19,6,1,92.64,espn
400975604,2017,2018-02-14,regular,False,BOS,LAC,119,129,97,21,11,0,88,33,7,2,96.38,espn
400975605,2017,2018-02-14,regular,False,CHI,TOR,98,122,91,20,4,6,92,15,5,7,101.2,hoopr
400975606,2017,2018-02-14,regular,False,HOU,SAC,100,91,83,22,7,1,87,8,9,0,84.1,espn
400975607,2017,2018-02-14,regular,False,MEM,OKC,114,121,86,15,6,4,81,35,8,1,90.0,espn
400975608,2017,2018-02-14,regular,False,NO,LAL,139,117,99,21,12,11,90,18,7,20,109.08,hoopr
400975609,2017,2018-02-14,regular,False,UTAH,PHX,107,97,92,22,14,1,79,24,5,0,86.62,espn
400975610,2017,2018-02-14,regular,False,POR,GS,123,117,93,24,13,1,90,19,8,1,91.46,espn
400975611,2017,2018-02-15,regular,False,MIL,DEN,123,134,92,22,11,0,85,20,8,1,88.74,espn
400975612,2017,2018-02-15,regular,False,MIN,LAL,119,111,90,31,11,1,94,26,11,0,94.04,espn
401018033,2017,2018-02-16,regular,True,USA,WORLD,124,155,105,6,8,0,109,6,11,0,100.14,espn
400975613,2017,2018-02-22,regular,False,CHA,BKN,111,96,87,20,13,1,93,14,11,3,87.48,espn
400975614,2017,2018-02-22,regular,False,ORL,NY,113,120,83,23,5,1,99,21,16,1,91.18,espn
400975615,2017,2018-02-22,regular,False,CLE,WSH,103,110,84,19,6,0,92,10,9,1,87.38,espn
400975616,2017,2018-02-22,regular,False,CHI,PHI,115,116,97,15,11,13,82,35,8,9,102.0,hoopr
400975617,2017,2018-02-22,regular,False,SAC,OKC,107,110,91,15,10,0,86,24,10,0,87.08,espn
400975618,2017,2018-02-22,regular,False,GS,LAC,134,127,76,34,3,2,88,34,8,2,93.46,espn
400975619,2017,2018-02-23,regular,False,DET,BOS,98,110,85,21,12,0,85,18,10,0,82.58,espn
400975620,2017,2018-02-23,regular,False,IND,ATL,116,93,101,13,15,1,82,19,6,0,88.54,espn
400975621,2017,2018-02-23,regular,False,WSH,CHA,105,122,81,17,6,1,90,20,13,2,85.64,espn
400975622,2017,2018-02-23,regular,False,TOR,MIL,119,122,90,26,5,2,90,27,13,3,95.16,espn
400975623,2017,2018-02-23,regular,False,HOU,MIN,120,102,83,30,14,3,94,16,16,1,85.62,espn
400975624,2017,2018-02-23,regular,False,MEM,CLE,89,112,84,18,5,4,87,22,7,3,91.8,espn
400975625,2017,2018-02-23,regular,False,NO,MIA,124,123,108,24,13,15,108,26,13,13,120.0,hoopr
400975626,2017,2018-02-23,regular,False,DEN,SA,122,119,97,19,18,2,85,39,11,0,90.26,espn
400975627,2017,2018-02-23,regular,False,PHX,LAC,117,128,103,31,16,3,87,32,8,3,99.86,espn
400975628,2017,2018-02-23,regular,False,UTAH,POR,81,100,78,11,8,3,87,14,6,0,82.5,espn
400975629,2017,2018-02-23,regular,False,LAL,DAL,124,102,93,20,13,1,91,11,3,0,91.32,espn
400975630,2017,2018-02-24,regular,False,PHI,ORL,116,105,81,27,9,0,85,19,6,2,86.62,espn
400975631,2017,2018-02-24,regular,False,MIA,MEM,115,89,89,27,14,0,80,17,9,0,82.68,espn
400975632,2017,2018-02-24,regular,False,NY,BOS,112,121,96,20,13,1,93,28,11,0,93.56,espn
400975633,2017,2018-02-24,regular,False,GS,OKC,112,80,89,13,12,4,88,21,14,3,86.48,espn
400975634,2017,2018-02-24,regular,False,MIN,CHI,122,104,94,26,10,11,90,20,4,14,107.62,hoopr
400975635,2017,2018-02-24,regular,False,PHX,POR,104,106,87,21,6,4,99,30,12,0,97.22,espn
400975636,2017,2018-02-24,regular,False,UTAH,DAL,97,90,85,26,9,2,83,14,5,2,87.8,espn
400975637,2017,2018-02-24,regular,False,SAC,LAL,108,113,94,17,17,0,91,20,12,2,87.14,espn
400975638,2017,2018-02-25,regular,False,CHA,DET,114,98,88,23,13,0,85,14,8,1,84.64,espn
400975639,2017,2018-02-25,regular,False,MIL,NO,121,123,96,29,9,13,107,14,11,15,114.96,hoopr
400975640,2017,2018-02-25,regular,False,CLE,SA,94,110,91,14,13,2,86,32,10,2,89.12,espn
400975641,2017,2018-02-25,regular,False,WSH,PHI,109,94,79,12,10,1,86,31,17,1,79.46,espn
400975642,2017,2018-02-25,regular,False,DEN,HOU,114,119,91,24,12,0,77,32,11,2,85.82,espn
400975643,2017,2018-02-26,regular,False,ATL,LAL,104,123,96,34,8,2,90,19,10,0,96.66,espn
400975644,2017,2018-02-26,regular,False,BOS,MEM,109,98,86,27,9,0,78,32,5,1,88.48,espn
400975645,2017,2018-02-26,regular,False,BKN,CHI,104,87,90,8,7,15,93,23,15,13,101.32,hoopr
400975646,2017,2018-02-26,regular,False,NY,GS,111,125,96,9,10,0,85,26,8,0,89.2,espn
400975647,2017,2018-02-26,regular,False,TOR,DET,123,94,80,23,6,2,94,20,13,1,88.46,espn
400975648,2017,2018-02-26,regular,False,NO,PHX,125,116,91,40,9,14,97,32,14,14,112.34,hoopr
400975649,2017,2018-02-26,regular,False,OKC,ORL,112,105,88,20,14,0,84,21,8,0,84.02,espn
400975650,2017,2018-02-26,regular,False,DAL,IND,109,103,88,18,7,1,87,23,9,2,90.02,espn
400975651,2017,2018-02-26,regular,False,UTAH,HOU,85,96,71,22,7,0,79,25,9,1,77.84,espn
400975652,2017,2018-02-26,regular,False,SAC,MIN,100,118,84,13,8,1,76,36,8,0,83.28,espn
400975653,2017,2018-02-27,regular,False,CHA,CHI,118,103,82,21,6,14,81,21,11,20,99.24,hoopr
400975654,2017,2018-02-27,regular,False,CLE,BKN,129,123,97,27,14,0,82,30,3,1,94.04,espn
400975655,2017,2018-02-27,regular,False,MIA,PHI,102,101,82,28,11,2,84,23,10,0,84.72,espn
400975656,2017,2018-02-27,regular,False,MIL,WSH,104,107,77,28,8,1,88,22,9,2,86.5,espn
400975657,2017,2018-02-27,regular,False,POR,SAC,116,99,84,17,10,1,88,15,6,0,85.54,espn
400975658,2017,2018-02-27,regular,False,DEN,LAC,120,122,87,30,11,0,89,31,13,2,90.42,espn
400975659,2017,2018-02-28,regular,False,DET,MIL,110,87,95,22,22,2,73,28,6,0,82.0,espn
400975660,2017,2018-02-28,regular,False,ORL,TOR,104,117,82,23,8,1,83,24,7,1,86.34,espn
400975661,2017,2018-02-28,regular,False,ATL,IND,107,102,87,27,15,0,90,20,11,1,86.34,espn
400975662,2017,2018-02-28,regular,False,BOS,CHA,134,106,87,15,4,1,91,22,9,0,91.14,espn
400975663,2017,2018-02-28,regular,False,WSH,GS,101,109,90,21,18,4,72,30,3,1,84.22,espn
400975664,2017,2018-02-28,regular,False,MEM,PHX,102,110,87,28,11,0,83,38,8,0,90.02,espn
400975665,2017,2018-02-28,regular,False,DAL,OKC,110,111,91,15,8,1,93,19,19,1,86.98,espn
400975666,2017,2018-02-28,regular,False,SA,NO,116,121,99,14,13,11,99,15,12,12,104.38,hoopr
400975667,2017,2018-02-28,regular,False,LAC,HOU,92,105,79,19,4,3,85,24,10,0,85.96,espn
400975668,2017,2018-03-01,regular,False,MIA,LAL,113,131,95,16,14,1,79,26,6,1,87.24,espn
400975669,2017,2018-03-01,regular,False,CLE,PHI,97,108,87,23,10,2,90,27,14,1,89.0,espn
400975670,2017,2018-03-01,regular,False,SAC,BKN,116,111,97,12,11,0,96,17,16,2,90.38,espn
400975671,2017,2018-03-01,regular,False,POR,MIN,108,99,92,35,12,0,85,21,9,2,91.32,espn
400975672,2017,2018-03-02,regular,False,ORL,DET,115,106,86,19,7,1,92,24,13,1,89.46,espn
400975673,2017,2018-03-02,regular,False,PHI,CHA,110,99,81,25,7,1,81,32,7,2,88.04,espn
400975674,2017,2018-03-02,regular,False,ATL,GS,109,114,86,20,3,3,79,22,2,0,90.74,espn
400975675,2017,2018-03-02,regular,False,WSH,TOR,95,102,79,21,15,2,78,32,8,2,80.66,espn
400975676,2017,2018-03-02,regular,False,CHI,DAL,108,100,89,20,11,13,84,21,13,17,98.52,hoopr
400975677,2017,2018-03-02,regular,False,MEM,DEN,102,108,91,15,17,1,73,26,6,2,81.02,espn
400975678,2017,2018-03-02,regular,False,MIL,IND,96,103,81,32,14,3,83,30,13,5,86.14,espn
400975679,2017,2018-03-02,regular,False,PHX,OKC,116,124,96,18,13,3,96,29,16,0,93.34,espn
400975680,2017,2018-03-02,regular,False,UTAH,MIN,116,108,78,35,11,3,74,31,2,4,87.52,espn
400975681,2017,2018-03-02,regular,False,LAC,NY,128,105,89,24,14,2,89,16,10,0,86.8,espn
400975682,2017,2018-03-03,regular,False,ORL,MEM,107,100,72,33,5,0,93,26,13,1,86.98,espn
400975683,2017,2018-03-03,regular,False,CLE,DEN,117,126,88,21,12,1,86,15,6,0,86.42,espn
400975684,2017,2018-03-03,regular,False,MIA,DET,105,96,82,28,15,2,89,21,17,1,81.78,espn
400975685,2017,2018-03-03,regular,False,HOU,BOS,123,120,87,30,10,2,91,21,10,3,92.72,espn
400975686,2017,2018-03-03,regular,False,SA,LAL,112,116,98,20,12,1,92,27,10,3,96.34,espn
400975687,2017,2018-03-03,regular,False,POR,OKC,108,100,88,23,14,0,91,21,9,1,88.18,espn
400975688,2017,2018-03-03,regular,False,SAC,UTAH,91,98,89,17,11,0,82,29,11,0,84.62,espn
400975689,2017,2018-03-04,regular,False,ATL,PHX,113,112,94,12,9,2,92,15,5,2,93.94,espn
400975690,2017,2018-03-04,regular,False,TOR,CHA,103,98,83,27,9,0,85,35,9,2,89.64,espn
400975691,2017,2018-03-04,regular,False,WSH,IND,95,98,83,19,10,3,77,24,11,0,80.46,espn
400975692,2017,2018-03-04,regular,False,DAL,NO,109,126,90,25,10,12,91,21,6,11,104.12,hoopr
400975693,2017,2018-03-04,regular,False,MIL,PHI,118,110,95,22,16,2,70,22,6,0,82.18,espn
400975694,2017,2018-03-04,regular,False,LAC,BKN,123,120,84,30,7,0,92,23,13,0,89.66,espn
400975695,2017,2018-03-04,regular,False,SAC,NY,102,99,86,11,7,1,88,18,15,0,82.88,espn
400975696,2017,2018-03-05,regular,False,CLE,DET,112,90,88,17,11,0,87,15,8,3,86.54,espn
400975697,2017,2018-03-05,regular,False,IND,MIL,92,89,77,21,8,1,76,16,8,3,78.64,espn
400975698,2017,2018-03-05,regular,False,MIA,PHX,125,103,92,23,16,1,87,18,12,1,85.52,espn
400975699,2017,2018-03-05,regular,False,CHI,BOS,89,105,81,20,7,13,84,12,12,18,95.54,hoopr
400975700,2017,2018-03-05,regular,False,SA,MEM,100,98,76,31,4,3,80,9,6,0,83.3,espn
400975701,2017,2018-03-05,regular,False,UTAH,ORL,94,80,73,18,6,3,85,14,6,1,82.04,espn
400975702,2017,2018-03-05,regular,False,LAL,POR,103,108,87,31,7,2,83,38,7,0,94.18,espn
400975703,2017,2018-03-06,regular,False,CHA,PHI,114,128,80,31,8,3,87,15,10,2,87.12,espn
400975704,2017,2018-03-06,regular,False,TOR,ATL,106,90,88,33,17,2,80,21,12,1,82.88,espn
400975705,2017,2018-03-06,regular,False,WSH,MIA,117,113,80,27,8,2,94,27,13,1,89.88,espn
400975706,2017,2018-03-06,regular,False,OKC,HOU,112,122,93,11,12,1,72,34,7,1,83.9,espn
400975707,2017,2018-03-06,regular,False,DAL,DEN,118,107,90,23,9,2,92,26,11,0,92.78,espn
400975708,2017,2018-03-06,regular,False,POR,NY,111,87,81,24,15,1,83,15,9,0,79.08,espn
400975709,2017,2018-03-06,regular,False,GS,BKN,114,101,83,11,5,1,85,25,10,4,86.92,espn
400975710,2017,2018-03-06,regular,False,LAC,NO,116,121,99,26,10,13,103,18,9,8,111.68,hoopr
400975711,2017,2018-03-07,regular,False,IND,UTAH,84,104,88,17,14,1,80,16,7,2,82.26,espn
400975712,2017,2018-03-07,regular,False,DET,TOR,119,121,90,23,9,1,101,21,11,2,96.68,espn
400975713,2017,2018-03-07,regular,False,CHI,MEM,119,110,79,32,9,20,82,25,9,14,101.04,hoopr
400975714,2017,2018-03-07,regular,False,MIL,HOU,99,110,83,19,6,2,82,27,12,0,84.62,espn
400975715,2017,2018-03-07,regular,False,SAC,NO,101,114,93,17,14,9,83,9,5,16,96.72,hoopr
400975717,2017,2018-03-07,regular,False,LAL,ORL,108,107,88,12,7,1,84,19,8,0,85.82,espn
400975716,2017,2018-03-07,regular,False,DEN,CLE,108,113,86,18,14,1,87,18,7,1,84.92,espn
400975718,2017,2018-03-08,regular,False,CHA,BKN,111,125,85,30,6,1,92,22,9,2,93.94,espn
400975719,2017,2018-03-08,regular,False,MIA,PHI,108,99,89,18,6,4,86,21,9,0,90.58,espn
400975720,2017,2018-03-08,regular,False,MIN,BOS,109,117,94,13,13,1,87,27,9,0,88.8,espn
400975721,2017,2018-03-08,regular,False,OKC,PHX,115,87,80,27,6,0,92,18,7,3,90.9,espn
400975722,2017,2018-03-08,regular,False,GS,SA,110,107,95,23,12,1,95,18,10,0,93.52,espn
400975723,2017,2018-03-09,regular,False,DET,CHI,99,83,81,18,11,16,93,10,10,13,97.16,hoopr
400975724,2017,2018-03-09,regular,False,IND,ATL,112,87,91,10,9,0,82,10,6,1,83.9,espn
400975725,2017,2018-03-09,regular,False,TOR,HOU,108,105,85,14,12,1,81,23,7,3,83.64,espn
400975726,2017,2018-03-09,regular,False,MEM,UTAH,78,95,83,14,10,2,74,22,8,5,80.92,espn
400975727,2017,2018-03-09,regular,False,MIL,NY,120,112,73,39,6,3,98,14,11,1,90.66,espn
400975728,2017,2018-03-09,regular,False,NO,WSH,97,116,82,18,2,15,96,20,10,12,104.86,hoopr
400975729,2017,2018-03-09,regular,False,DEN,LAL,125,116,83,30,7,0,92,16,12,3,89.62,espn
400975730,2017,2018-03-09,regular,False,POR,GS,125,108,89,27,14,0,78,24,6,3,86.22,espn
400975731,2017,2018-03-09,regular,False,SAC,ORL,94,88,83,15,13,2,78,16,5,0,79.32,espn
400975732,2017,2018-03-09,regular,False,LAC,CLE,116,102,89,30,13,4,87,18,8,1,90.56,espn
400975733,2017,2018-03-10,regular,False,CHA,PHX,122,115,87,27,7,0,83,19,5,1,89.62,espn
400975734,2017,2018-03-10,regular,False,MIA,WSH,129,102,88,21,5,2,77,34,8,0,89.1,espn
400975735,2017,2018-03-10,regular,False,DAL,MEM,114,80,77,35,9,1,84,17,9,0,83.44,espn
400975736,2017,2018-03-10,regular,False,OKC,SA,104,94,85,24,11,0,86,7,6,1,84.32,espn
400975737,2017,2018-03-10,regular,False,LAC,ORL,113,105,78,28,8,2,84,27,9,1,86.1,espn
400975738,2017,2018-03-11,regular,False,NY,TOR,106,132,88,24,8,1,93,25,14,2,91.78,espn
400975739,2017,2018-03-11,regular,False,ATL,CHI,122,129,82,22,5,15,98,19,13,5,100.02,hoopr
400975740,2017,2018-03-11,regular,False,MIN,GS,109,103,95,21,13,1,91,21,12,0,90.24,espn
400975741,2017,2018-03-11,regular,False,NO,UTAH,99,116,93,13,10,13,96,25,17,15,103.36,hoopr
400975742,2017,2018-03-11,regular,False,DEN,SAC,130,104,89,21,8,1,91,26,7,0,93.34,espn
400975743,2017,2018-03-11,regular,False,DAL,HOU,82,105,94,18,17,0,84,14,6,0,84.54,espn
400975744,2017,2018-03-11,regular,False,BOS,IND,97,99,81,21,10,0,81,10,6,0,79.82,espn
400975745,2017,2018-03-11,regular,False,BKN,PHI,97,120,85,24,13,0,95,18,12,1,87.24,espn
400975746,2017,2018-03-11,regular,False,LAL,CLE,127,113,96,20,14,0,88,23,7,0,90.96,espn
400975747,2017,2018-03-12,regular,False,HOU,SA,109,93,80,23,9,2,81,23,7,0,83.62,espn
400975748,2017,2018-03-12,regular,False,MEM,MIL,103,121,89,19,10,0,81,22,11,1,84.02,espn
400975749,2017,2018-03-12,regular,False,OKC,SAC,106,101,84,18,5,2,93,16,13,0,87.98,espn
400975750,2017,2018-03-12,regular,False,POR,MIA,115,99,83,30,9,1,91,16,10,0,88.12,espn
400975751,2017,2018-03-13,regular,False,PHI,IND,98,101,75,22,7,2,95,25,14,1,86.34,espn
400975752,2017,2018-03-13,regular,False,WSH,MIN,111,116,82,25,14,1,87,19,11,0,82.18,espn
400975753,2017,2018-03-13,regular,False,ATL,OKC,107,119,87,24,13,2,89,25,9,1,89.28,espn
400975754,2017,2018-03-13,regular,False,BKN,TOR,102,116,86,19,9,1,91,21,13,0,86.8,espn
400975755,2017,2018-03-13,regular,False,NY,DAL,97,110,82,12,10,1,89,18,12,0,81.6,espn
400975756,2017,2018-03-13,regular,False,CHI,LAC,106,112,101,15,11,9,76,41,6,14,103.82,hoopr
400975757,2017,2018-03-13,regular,False,NO,CHA,119,115,104,8,14,12,93,22,8,13,106.6,hoopr
400975758,2017,2018-03-13,regular,False,SA,ORL,108,72,84,23,11,1,82,9,9,2,81.54,espn
400975759,2017,2018-03-13,regular,False,UTAH,DET,110,79,76,23,11,2,80,19,8,1,79.24,espn
400975760,2017,2018-03-13,regular,False,PHX,CLE,107,129,98,30,11,3,87,30,5,1,99.7,espn
400975761,2017,2018-03-13,regular,False,LAL,DEN,112,103,90,25,12,4,86,19,5,2,92.18,espn
400975762,2017,2018-03-14,regular,False,ORL,MIL,126,117,87,23,9,1,98,12,9,0,91.7,espn
400975763,2017,2018-03-14,regular,False,BOS,WSH,124,125,99,23,10,0,97,28,13,1,98.22,espn
400975764,2017,2018-03-14,regular,False,SAC,MIA,123,119,94,25,8,1,99,21,15,2,96.62,espn
400975765,2017,2018-03-14,regular,False,GS,LAL,117,106,81,28,11,0,84,28,7,1,86.32,espn
400975766,2017,2018-03-15,regular,False,IND,TOR,99,106,93,17,11,0,79,28,18,2,82.4,espn
400975767,2017,2018-03-15,regular,False,ATL,CHA,117,129,90,26,6,1,87,30,6,1,95.82,espn
400975768,2017,2018-03-15,regular,False,NY,PHI,110,118,87,24,8,1,91,34,19,0,88.76,espn
400975769,2017,2018-03-15,regular,False,HOU,LAC,101,96,90,23,16,1,97,8,11,2,88.32,espn
400975770,2017,2018-03-15,regular,False,MEM,CHI,110,111,87,25,11,14,80,33,8,13,100.26,hoopr
400975771,2017,2018-03-15,regular,False,SA,NO,98,93,99,19,15,10,90,16,12,14,100.7,hoopr
400975772,2017,2018-03-15,regular,False,DEN,DET,120,113,85,28,10,1,92,17,9,1,89.9,espn
400975773,2017,2018-03-15,regular,False,UTAH,PHX,116,88,97,32,14,2,83,24,9,1,92.32,espn
400975774,2017,2018-03-15,regular,False,POR,CLE,113,105,96,19,13,2,80,21,2,1,90.8,espn
400975775,2017,2018-03-16,regular,False,ORL,BOS,83,92,87,11,7,0,82,28,16,2,82.58,espn
400975776,2017,2018-03-16,regular,False,PHI,BKN,120,116,95,26,13,1,89,27,11,0,92.16,espn
400975777,2017,2018-03-16,regular,False,TOR,DAL,122,115,91,31,12,1,91,18,6,2,94.28,espn
400975778,2017,2018-03-16,regular,False,OKC,LAC,121,113,94,22,17,0,86,23,16,4,85.4,espn
400975779,2017,2018-03-16,regular,False,GS,SAC,93,98,81,18,9,1,83,17,11,2,81.2,espn
400975780,2017,2018-03-16,regular,False,LAL,MIA,91,92,76,22,7,1,94,14,12,0,83.92,espn
400975787,2017,2018-03-17,regular,False,MIL,ATL,122,117,86,32,9,1,85,28,8,2,91.7,espn
400975781,2017,2018-03-17,regular,False,WSH,IND,109,102,74,23,6,1,86,15,10,2,81.86,espn
400975782,2017,2018-03-17,regular,False,NO,HOU,101,107,83,12,6,12,93,18,13,7,94.6,hoopr
400975783,2017,2018-03-17,regular,False,BKN,DAL,114,106,84,19,10,0,92,14,13,0,83.76,espn
400975784,2017,2018-03-17,regular,False,NY,CHA,124,101,100,18,12,0,90,32,13,1,94.0,espn
400975785,2017,2018-03-17,regular,False,CHI,CLE,109,114,91,15,11,12,87,20,11,13,98.2,hoopr
400975786,2017,2018-03-17,regular,False,MEM,DEN,101,94,81,28,14,0,87,29,18,3,82.04,espn
400975788,2017,2018-03-17,regular,False,SA,MIN,117,101,96,14,14,0,81,20,10,0,83.98,espn
400975789,2017,2018-03-17,regular,False,UTAH,SAC,103,97,74,38,8,2,86,14,3,1,87.44,espn
400975790,2017,2018-03-17,regular,False,PHX,GS,109,124,82,29,9,0,95,14,9,3,90.46,espn
400975791,2017,2018-03-17,regular,False,POR,DET,100,87,87,18,9,0,80,20,8,2,84.36,espn
400975792,2017,2018-03-18,regular,False,TOR,OKC,125,132,81,23,8,5,88,34,14,2,89.54,espn
400975793,2017,2018-03-18,regular,False,NO,BOS,108,89,82,25,5,10,87,20,9,12,98.4,hoopr
400975794,2017,2018-03-18,regular,False,MIN,HOU,120,129,86,26,14,3,78,36,8,1,86.64,espn
400975795,2017,2018-03-18,regular,False,LAC,POR,109,122,89,27,8,1,92,20,8,0,93.34,espn
400975796,2017,2018-03-19,regular,False,CLE,MIL,124,117,87,27,12,2,88,20,8,0,88.84,espn
400975797,2017,2018-03-19,regular,False,IND,LAL,110,100,87,19,9,1,86,23,14,1,85.24,espn
400975798,2017,2018-03-19,regular,False,PHI,CHA,108,94,93,8,17,1,84,30,6,0,85.86,espn
400975799,2017,2018-03-19,regular,False,BKN,MEM,118,115,72,40,9,2,88,20,11,3,85.7,espn
400975800,2017,2018-03-19,regular,False,MIA,DEN,149,141,102,27,7,0,100,37,11,1,106.58,espn
400975801,2017,2018-03-19,regular,False,NY,CHI,110,92,96,17,15,16,92,31,14,11,103.56,hoopr
400975802,2017,2018-03-19,regular,False,SA,GS,89,75,82,21,11,2,74,16,2,1,81.14,espn
400975803,2017,2018-03-19,regular,False,SAC,DET,90,106,88,9,8,0,79,22,6,2,84.32,espn
400975804,2017,2018-03-20,regular,False,ORL,TOR,86,93,90,5,10,3,77,17,6,0,81.84,espn
400975805,2017,2018-03-20,regular,False,BOS,OKC,100,99,87,16,11,2,85,29,8,0,87.4,espn
400975806,2017,2018-03-20,regular,False,MIN,LAC,123,109,86,24,6,1,93,26,11,3,94.0,espn
400975807,2017,2018-03-20,regular,False,NO,DAL,115,105,91,15,9,9,90,11,9,8,95.72,hoopr
400975808,2017,2018-03-20,regular,False,UTAH,ATL,94,99,89,25,12,0,94,19,11,0,89.68,espn
400975809,2017,2018-03-20,regular,False,PHX,DET,88,115,90,20,12,1,97,16,12,0,89.92,espn
400975810,2017,2018-03-20,regular,False,POR,HOU,111,115,81,27,10,1,79,29,7,0,84.32,espn
400975811,2017,2018-03-21,regular,False,CLE,TOR,132,129,78,28,4,1,88,23,10,1,88.22,espn
400975812,2017,2018-03-21,regular,False,PHI,MEM,119,105,84,20,4,0,99,20,15,0,90.8,espn
400975813,2017,2018-03-21,regular,False,BKN,CHA,105,111,93,21,10,1,94,47,23,2,93.46,espn
400975814,2017,2018-03-21,regular,False,MIA,NY,119,98,81,19,5,1,89,12,13,1,83.82,espn
400975815,2017,2018-03-21,regular,False,CHI,DEN,102,135,89,14,9,15,83,16,8,17,100.1,hoopr
400975816,2017,2018-03-21,regular,False,MIL,LAC,120,127,91,17,8,1,86,29,16,2,88.12,espn
401019650,2017,2018-03-21,regular,False,NO,IND,96,92,79,24,10,18,93,18,15,14,98.74,hoopr
400975817,2017,2018-03-21,regular,False,SA,WSH,98,90,79,18,12,0,83,16,9,2,78.98,espn
400975818,2017,2018-03-22,regular,False,CHA,MEM,140,79,92,27,11,1,78,21,9,0,86.06,espn
400975819,2017,2018-03-22,regular,False,ORL,PHI,98,118,91,22,7,3,89,24,11,2,93.62,espn
400975820,2017,2018-03-22,regular,False,HOU,DET,100,96,99,28,12,3,95,19,16,3,96.34,espn
400975821,2017,2018-03-22,regular,False,NO,LAL,128,125,95,22,8,9,87,28,7,16,107.0,hoopr
400975822,2017,2018-03-22,regular,False,DAL,UTAH,112,119,85,14,8,1,87,16,8,0,85.1,espn
400975823,2017,2018-03-22,regular,False,SAC,ATL,105,90,93,9,12,1,84,18,6,3,87.44,espn
400975824,2017,2018-03-23,regular,False,IND,LAC,109,104,93,14,14,1,76,14,5,0,81.66,espn
400975825,2017,2018-03-23,regular,False,WSH,DEN,100,108,80,14,8,0,85,18,7,0,82.04,espn
400975826,2017,2018-03-23,regular,False,CLE,PHX,120,95,95,24,15,1,87,20,7,0,90.18,espn
400975827,2017,2018-03-23,regular,False,NY,MIN,104,108,92,17,10,1,75,32,6,1,87.28,espn
400975828,2017,2018-03-23,regular,False,TOR,BKN,116,112,86,29,5,1,84,31,5,2,94.7,espn
400975829,2017,2018-03-23,regular,False,CHI,MIL,105,118,87,23,17,14,87,19,7,5,93.74,hoopr
400975830,2017,2018-03-23,regular,False,OKC,MIA,105,99,84,33,12,0,87,20,8,2,88.16,espn
400975831,2017,2018-03-23,regular,False,SA,UTAH,124,120,92,27,11,2,88,29,5,0,95.32,espn
400975832,2017,2018-03-23,regular,False,POR,BOS,100,105,91,15,11,0,77,26,9,0,83.02,espn
400975833,2017,2018-03-23,regular,False,GS,ATL,106,94,93,11,10,0,84,20,5,0,87.82,espn
400975834,2017,2018-03-24,regular,False,PHI,MIN,120,108,88,36,7,2,96,38,13,2,100.28,espn
400975835,2017,2018-03-24,regular,False,DET,CHI,117,95,87,18,12,13,97,9,14,12,97.44,hoopr
400975836,2017,2018-03-24,regular,False,ORL,PHX,105,99,84,27,14,1,89,26,10,0,86.66,espn
400975837,2017,2018-03-24,regular,False,HOU,NO,114,91,93,8,5,19,96,12,12,16,107.9,hoopr
400975838,2017,2018-03-24,regular,False,MEM,LAL,93,100,84,22,11,2,86,25,11,1,85.84,espn
400975839,2017,2018-03-24,regular,False,DAL,CHA,98,102,91,19,5,0,92,29,13,0,93.06,espn
400975840,2017,2018-03-25,regular,False,BKN,CLE,114,121,83,26,7,2,87,26,11,0,88.44,espn
400975841,2017,2018-03-25,regular,False,MIL,SA,106,103,86,18,9,1,92,21,20,0,83.58,espn
400975842,2017,2018-03-25,regular,False,IND,MIA,113,107,90,21,10,0,86,14,7,0,87.2,espn
400975843,2017,2018-03-25,regular,False,TOR,LAC,106,117,92,14,13,3,95,27,12,2,92.52,espn
400975844,2017,2018-03-25,regular,False,WSH,NY,97,101,87,23,14,1,88,15,10,1,84.86,espn
400975845,2017,2018-03-25,regular,False,SAC,BOS,93,104,82,10,7,0,72,17,3,1,78.44,espn
400975846,2017,2018-03-25,regular,False,OKC,POR,105,108,84,28,13,3,90,19,18,3,84.84,espn
400975847,2017,2018-03-25,regular,False,HOU,ATL,118,99,90,11,6,2,88,11,7,0,88.34,espn
400975848,2017,2018-03-25,regular,False,GS,UTAH,91,110,91,10,14,2,87,18,11,0,83.66,espn
400975849,2017,2018-03-26,regular,False,CHA,NY,137,128,93,28,11,2,105,11,11,1,98.08,espn
400975850,2017,2018-03-26,regular,False,DET,LAL,112,106,100,15,10,1,85,25,6,1,94.3,espn
400975851,2017,2018-03-26,regular,False,PHI,DEN,123,104,91,25,14,1,84,34,9,3,90.98,espn
400975852,2017,2018-03-26,regular,False,MIN,MEM,93,101,79,24,7,2,84,9,7,2,83.76,espn
400975853,2017,2018-03-26,regular,False,PHX,BOS,94,102,81,19,11,2,87,14,10,0,81.76,espn
400975854,2017,2018-03-27,regular,False,WSH,SA,116,106,85,18,10,2,87,33,10,0,88.22,espn
400975855,2017,2018-03-27,regular,False,TOR,DEN,114,110,92,9,9,0,89,14,10,2,87.06,espn
400975856,2017,2018-03-27,regular,False,MIA,CLE,98,79,78,20,9,3,85,19,12,1,81.58,espn
400975857,2017,2018-03-27,regular,False,HOU,CHI,118,86,93,21,9,10,89,17,13,18,102.36,hoopr
400975858,2017,2018-03-27,regular,False,NO,POR,103,107,94,14,11,16,105,10,17,10,103.78,hoopr
400975859,2017,2018-03-27,regular,False,SAC,DAL,97,103,93,19,10,0,80,25,4,3,90.68,espn
400975860,2017,2018-03-27,regular,False,GS,IND,81,92,86,9,17,1,81,12,8,2,77.12,espn
400975861,2017,2018-03-27,regular,False,LAC,MIL,105,98,86,18,8,3,83,23,8,1,87.52,espn
400975862,2017,2018-03-28,regular,False,CHA,CLE,105,118,76,24,6,1,93,20,11,0,86.18,espn
400975863,2017,2018-03-28,regular,False,ORL,BKN,104,111,92,16,11,1,87,22,11,1,87.86,espn
400975864,2017,2018-03-28,regular,False,PHI,NY,118,101,98,27,14,2,94,26,10,1,97.16,espn
400975865,2017,2018-03-28,regular,False,MEM,POR,108,103,84,23,11,0,79,30,8,0,83.66,espn
400975866,2017,2018-03-28,regular,False,MIN,ATL,126,114,90,21,7,0,77,23,4,1,88.18,espn
400975867,2017,2018-03-28,regular,False,UTAH,BOS,94,97,82,21,12,0,79,20,11,2,79.02,espn
400975868,2017,2018-03-28,regular,False,PHX,LAC,99,111,88,18,9,0,80,25,11,0,83.46,espn
400975869,2017,2018-03-28,regular,False,LAL,DAL,103,93,77,32,7,0,84,19,6,1,85.72,espn
400975870,2017,2018-03-29,regular,False,DET,WSH,103,92,84,20,10,4,89,15,12,0,85.2,espn
400975871,2017,2018-03-29,regular,False,MIA,CHI,103,92,82,24,7,17,90,26,14,18,104.0,hoopr
400975872,2017,2018-03-29,regular,False,SA,OKC,103,99,81,30,14,2,85,21,10,0,83.22,espn
400975873,2017,2018-03-29,regular,False,SAC,IND,103,106,78,9,6,0,80,20,7,0,78.88,espn
400975874,2017,2018-03-29,regular,False,GS,MIL,107,116,75,15,2,4,87,10,7,1,84.5,espn
400975875,2017,2018-03-30,regular,False,ORL,CHI,82,90,94,14,12,12,84,23,11,16,99.64,hoopr
400975876,2017,2018-03-30,regular,False,ATL,PHI,91,101,101,15,15,1,95,13,9,0,92.66,espn
400975877,2017,2018-03-30,regular,False,CLE,NO,107,102,90,15,9,10,89,6,7,11,96.62,hoopr
400975878,2017,2018-03-30,regular,False,HOU,PHX,104,103,81,29,8,0,84,13,8,2,84.74,espn
400975879,2017,2018-03-30,regular,False,OKC,DEN,125,126,108,27,18,0,94,21,12,0,96.56,espn
400975880,2017,2018-03-30,regular,False,DAL,MIN,92,93,86,7,6,0,83,17,6,1,84.28,espn
400975881,2017,2018-03-30,regular,False,UTAH,MEM,107,97,74,26,7,2,81,15,7,3,82.02,espn
400975882,2017,2018-03-30,regular,False,LAL,MIL,122,124,94,25,15,3,94,28,8,1,96.16,espn
400975883,2017,2018-03-30,regular,False,POR,LAC,105,96,95,16,13,2,89,35,11,0,92.22,espn
400975884,2017,2018-03-31,regular,False,WSH,CHA,107,93,88,12,11,0,77,27,9,1,81.58,espn
400975885,2017,2018-03-31,regular,False,NY,DET,109,115,91,12,9,0,85,22,10,0,85.98,espn
400975886,2017,2018-03-31,regular,False,BOS,TOR,110,99,88,27,8,3,80,22,9,2,88.78,espn
400975887,2017,2018-03-31,regular,False,MIA,BKN,109,110,95,21,10,2,91,28,7,3,97.78,espn
400975888,2017,2018-03-31,regular,False,SAC,GS,96,112,87,19,11,1,83,28,6,2,88.34,espn
400975889,2017,2018-04-01,regular,False,CHA,PHI,102,119,82,34,9,0,94,10,7,0,89.68,espn
400975890,2017,2018-04-01,regular,False,CHI,WSH,113,94,82,13,6,17,81,12,6,16,97.5,hoopr
400975891,2017,2018-04-01,regular,False,SA,HOU,100,83,81,21,8,1,77,29,8,2,83.5,espn
400975892,2017,2018-04-01,regular,False,LAC,IND,104,111,82,14,12,0,86,21,15,2,79.2,espn
400975893,2017,2018-04-01,regular,False,ATL,ORL,94,88,85,1,5,2,96,13,11,0,86.58,espn
400975894,2017,2018-04-01,regular,False,BKN,DET,96,108,87,15,6,2,84,32,10,4,90.84,espn
400975895,2017,2018-04-01,regular,False,CLE,DAL,98,87,85,23,10,0,79,11,4,1,82.98,espn
400975896,2017,2018-04-01,regular,False,NO,OKC,104,109,83,23,7,21,95,25,14,18,108.56,hoopr
400975897,2017,2018-04-01,regular,False,MIN,UTAH,97,121,90,14,7,2,76,25,6,1,86.58,espn
400975898,2017,2018-04-01,regular,False,DEN,MIL,128,125,90,46,17,1,100,27,11,3,99.06,espn
400975899,2017,2018-04-01,regular,False,GS,PHX,117,107,89,9,7,1,90,16,9,0,87.5,espn
400975900,2017,2018-04-01,regular,False,POR,MEM,113,98,84,25,8,1,88,12,9,1,86.64,espn
400975901,2017,2018-04-01,regular,False,LAL,SAC,83,84,75,25,10,2,92,14,13,1,82.08,espn
400975902,2017,2018-04-03,regular,False,CLE,TOR,112,106,77,26,2,0,94,14,9,0,88.8,espn
400975903,2017,2018-04-03,regular,False,PHI,BKN,121,95,91,18,7,0,81,23,3,0,90.02,espn
400975904,2017,2018-04-03,regular,False,MIA,ATL,101,98,91,13,11,0,88,15,12,4,86.16,espn
400975905,2017,2018-04-03,regular,False,NY,ORL,73,97,86,12,7,1,88,18,11,0,85.1,espn
400975906,2017,2018-04-03,regular,False,CHI,CHA,120,114,99,18,11,7,81,28,10,20,103.12,hoopr
400975907,2017,2018-04-03,regular,False,HOU,WSH,120,104,84,27,10,4,72,23,3,0,84.5,espn
400975908,2017,2018-04-03,regular,False,MIL,BOS,106,102,79,21,9,0,81,24,10,0,80.4,espn
400975909,2017,2018-04-03,regular,False,OKC,GS,107,111,93,37,22,1,83,24,6,0,87.92,espn
400975910,2017,2018-04-03,regular,False,DAL,POR,115,109,92,20,8,0,87,24,5,0,92.68,espn
400975911,2017,2018-04-03,regular,False,DEN,IND,107,104,89,20,13,0,84,16,6,1,85.42,espn
400975912,2017,2018-04-03,regular,False,UTAH,LAL,117,110,89,27,14,1,74,36,7,0,85.36,espn
400975913,2017,2018-04-03,regular,False,PHX,SAC,97,94,77,33,6,1,89,23,10,0,87.82,espn
400975914,2017,2018-04-03,regular,False,LAC,SA,113,110,82,43,12,1,88,28,10,0,90.12,espn
400975915,2017,2018-04-04,regular,False,DET,PHI,108,115,88,23,9,1,89,19,7,0,90.24,espn
400975916,2017,2018-04-04,regular,False,ORL,DAL,105,100,86,27,12,0,89,17,11,3,87.18,espn
400975918,2017,2018-04-04,regular,False,ATL,MIA,86,115,90,17,10,1,94,17,10,1,90.48,espn
400975917,2017,2018-04-04,regular,False,TOR,BOS,96,78,92,8,12,1,75,28,8,1,82.42,espn
400975919,2017,2018-04-04,regular,False,NO,MEM,123,95,86,19,11,16,93,15,11,21,104.48,hoopr
400975920,2017,2018-04-04,regular,False,LAL,SA,122,112,86,18,4,1,97,27,15,0,92.4,espn
400975921,2017,2018-04-05,regular,False,IND,GS,126,106,93,15,13,2,83,24,13,1,85.08,espn
400975922,2017,2018-04-05,regular,False,CLE,WSH,119,115,77,28,5,0,94,14,12,0,86.24,espn
400975923,2017,2018-04-05,regular,False,HOU,POR,96,94,73,24,6,2,85,14,12,0,79.36,espn
400975924,2017,2018-04-05,regular,False,MIL,BKN,111,119,93,30,12,0,75,21,4,3,88.72,espn
400975925,2017,2018-04-05,regular,False,UTAH,LAC,117,95,83,28,10,3,79,28,11,1,84.82,espn
400975926,2017,2018-04-05,regular,False,DEN,MIN,100,96,89,22,13,1,91,16,12,0,86.36,espn
400975927,2017,2018-04-06,regular,False,DET,DAL,113,106,92,17,6,0,92,18,10,0,91.7,espn
400975928,2017,2018-04-06,regular,False,ORL,CHA,100,137,94,13,12,1,86,26,9,1,89.08,espn
400975929,2017,2018-04-06,regular,False,PHI,CLE,132,130,101,21,11,0,87,33,8,0,96.38,espn
400975930,2017,2018-04-06,regular,False,WSH,ATL,97,103,87,23,9,3,79,23,7,0,86.62,espn
400975931,2017,2018-04-06,regular,False,BOS,CHI,111,104,81,17,6,18,86,17,9,17,100.98,hoopr
400975932,2017,2018-04-06,regular,False,NY,MIA,122,98,89,21,9,0,88,22,7,0,89.96,espn
400975933,2017,2018-04-06,regular,False,TOR,IND,92,73,84,16,9,4,87,20,12,1,85.42,espn
400975934,2017,2018-04-06,regular,False,MEM,SAC,93,94,84,18,12,0,85,12,10,1,80.6,espn
400975935,2017,2018-04-06,regular,False,PHX,NO,103,122,94,26,12,14,99,20,13,15,108.62,hoopr
400975936,2017,2018-04-06,regular,False,LAL,MIN,96,113,79,32,13,2,100,26,18,0,87.76,espn
400975937,2017,2018-04-07,regular,False,LAC,DEN,115,134,87,34,15,1,85,23,7,1,88.54,espn
400975938,2017,2018-04-07,regular,False,NY,MIL,102,115,95,11,13,4,93,17,12,0,89.66,espn
400975939,2017,2018-04-07,regular,False,CHI,BKN,96,124,88,21,4,13,92,11,5,13,105.54,hoopr
400975940,2017,2018-04-07,regular,False,HOU,OKC,102,108,76,23,6,4,91,33,15,0,87.32,espn
400975941,2017,2018-04-07,regular,False,GS,NO,120,126,90,11,8,17,87,22,4,8,102.26,hoopr
400975942,2017,2018-04-07,regular,False,SA,POR,116,105,84,21,4,2,88,11,11,1,87.04,espn
400975943,2017,2018-04-08,regular,False,CHA,IND,117,123,80,30,5,0,93,18,7,1,91.56,espn
400975944,2017,2018-04-08,regular,False,PHI,DAL,109,97,91,14,9,1,94,13,10,2,90.44,espn
400975948,2017,2018-04-08,regular,False,BOS,ATL,106,112,82,20,10,0,86,14,5,0,83.98,espn
400975945,2017,2018-04-08,regular,False,MEM,DET,130,117,83,24,8,2,93,23,14,1,88.84,espn
400975946,2017,2018-04-08,regular,False,TOR,ORL,112,101,78,24,6,0,89,17,6,2,87.52,espn
400975947,2017,2018-04-08,regular,False,LAL,UTAH,97,112,93,22,12,2,83,22,7,0,89.18,espn
400975949,2017,2018-04-08,regular,False,PHX,GS,100,117,92,16,8,2,90,15,5,0,92.32,espn
400975950,2017,2018-04-09,regular,False,DET,TOR,98,108,78,25,4,3,87,4,8,1,84.88,espn
400975951,2017,2018-04-09,regular,False,BKN,CHI,114,105,82,15,6,17,89,12,10,19,101.44,hoopr
400975952,2017,2018-04-09,regular,False,MIA,OKC,93,115,87,14,8,1,81,38,7,1,88.94,espn
400975953,2017,2018-04-09,regular,False,NY,CLE,109,123,87,12,8,1,85,28,7,1,88.3,espn
400975954,2017,2018-04-09,regular,False,MIL,ORL,102,86,91,18,12,1,82,20,5,2,87.86,espn
400975955,2017,2018-04-09,regular,False,MIN,MEM,113,94,87,26,18,1,85,21,10,1,83.34,espn
400975956,2017,2018-04-09,regular,False,SA,SAC,98,85,82,29,11,0,81,17,12,1,80.62,espn
400975957,2017,2018-04-09,regular,False,DEN,POR,88,82,83,26,10,1,94,18,18,0,84.68,espn
400975958,2017,2018-04-09,regular,False,LAC,NO,100,113,98,19,17,16,95,20,9,7,103.58,hoopr
400975959,2017,2018-04-10,regular,False,IND,CHA,93,119,99,8,13,1,99,12,13,1,91.4,espn
400975960,2017,2018-04-10,regular,False,ATL,PHI,113,121,98,26,8,0,87,30,11,2,96.32,espn
400975961,2017,2018-04-10,regular,False,WSH,BOS,113,101,83,20,10,1,87,27,13,2,85.34,espn
400975962,2017,2018-04-10,regular,False,DAL,PHX,97,124,97,22,18,0,76,21,5,1,84.96,espn
400975963,2017,2018-04-10,regular,False,UTAH,GS,119,79,90,13,12,0,86,16,9,1,84.38,espn
400975964,2017,2018-04-10,regular,False,LAL,HOU,99,105,90,15,9,0,88,16,8,1,87.82,espn
400975965,2017,2018-04-11,regular,False,BOS,BKN,110,97,102,15,20,1,91,16,10,1,89.32,espn
400975966,2017,2018-04-11,regular,False,CLE,NY,98,110,94,28,17,3,85,13,8,2,88.52,espn
400975967,2017,2018-04-11,regular,False,MIA,TOR,116,109,106,20,19,1,92,21,9,1,95.02,espn
400975968,2017,2018-04-11,regular,False,ORL,WSH,101,92,77,27,6,1,95,27,18,2,87.38,espn
400975969,2017,2018-04-11,regular,False,PHI,MIL,130,95,105,15,17,0,90,16,10,0,90.82,espn
400975970,2017,2018-04-11,regular,False,CHI,DET,87,119,86,18,12,18,89,10,7,11,98.66,hoopr
400975971,2017,2018-04-11,regular,False,MIN,DEN,112,106,89,25,8,0,90,18,10,3,91.46,espn
400975972,2017,2018-04-11,regular,False,NO,SA,122,98,88,19,11,19,92,19,12,17,104.86,hoopr
400975973,2017,2018-04-11,regular,False,OKC,MEM,137,123,85,32,8,0,91,24,10,0,91.32,espn
400975974,2017,2018-04-11,regular,False,LAC,LAL,100,115,83,28,8,1,88,16,10,1,87.18,espn
400975975,2017,2018-04-11,regular,False,POR,UTAH,102,93,89,16,7,2,89,24,14,1,88.8,espn
400975976,2017,2018-04-11,regular,False,SAC,HOU,96,83,80,20,6,0,82,12,8,0,81.04,espn
401029441,2017,2018-04-14,playoff,False,GS,SA,113,92,81,22,10,1,80,24,3,1,85.12,espn
401029410,2017,2018-04-14,playoff,False,TOR,WSH,114,106,77,20,5,0,86,18,6,1,84.86,espn
401029439,2017,2018-04-14,playoff,False,PHI,MIA,130,103,95,29,17,1,77,31,9,2,87.7,espn
401029459,2017,2018-04-14,playoff,False,POR,NO,95,97,98,12,15,12,86,10,7,14,98.84,hoopr
401029429,2017,2018-04-15,playoff,False,BOS,MIL,113,107,94,27,11,0,83,24,5,0,91.72,espn
401029417,2017,2018-04-15,playoff,False,CLE,IND,80,98,78,20,9,1,79,25,8,1,80.9,espn
401029438,2017,2018-04-15,playoff,False,OKC,UTAH,116,108,85,23,9,0,87,20,9,0,86.46,espn
401029411,2017,2018-04-15,playoff,False,HOU,MIN,104,101,83,23,8,0,80,28,11,1,83.72,espn
401029442,2017,2018-04-16,playoff,False,PHI,MIA,103,113,96,22,17,1,82,30,11,0,86.94,espn
401029446,2017,2018-04-16,playoff,False,GS,SA,116,101,78,20,6,0,85,30,9,0,85.0,espn
401029412,2017,2018-04-17,playoff,False,TOR,WSH,130,119,87,33,9,1,86,28,4,1,94.42,espn
401029430,2017,2018-04-17,playoff,False,BOS,MIL,120,106,90,18,9,3,77,17,7,2,85.7,espn
401029460,2017,2018-04-17,playoff,False,POR,NO,102,111,91,10,13,16,84,19,10,14,97.38,hoopr
401029421,2017,2018-04-18,playoff,False,CLE,IND,100,97,73,22,6,0,78,12,5,0,77.48,espn
401029440,2017,2018-04-18,playoff,False,OKC,UTAH,95,102,90,18,10,0,84,33,15,2,86.72,espn
401029414,2017,2018-04-18,playoff,False,HOU,MIN,102,82,96,21,12,0,80,21,9,0,86.74,espn
401029443,2017,2018-04-19,playoff,False,MIA,PHI,108,128,73,35,5,3,81,37,6,5,91.34,espn
401029461,2017,2018-04-19,playoff,False,NO,POR,119,102,87,19,6,12,80,25,11,24,102.68,hoopr
401029453,2017,2018-04-19,playoff,False,SA,GS,97,110,87,20,10,2,82,18,4,0,86.86,espn
401029424,2017,2018-04-20,playoff,False,IND,CLE,92,90,73,20,7,3,77,16,9,1,76.92,espn
401029413,2017,2018-04-20,playoff,False,WSH,TOR,122,103,85,20,7,5,82,19,8,4,89.08,espn
401029432,2017,2018-04-20,playoff,False,MIL,BOS,116,92,79,15,7,0,80,28,17,3,78.46,espn
401029444,2017,2018-04-21,playoff,False,MIA,PHI,102,106,94,25,13,2,84,35,17,3,89.7,espn
401029462,2017,2018-04-21,playoff,False,NO,POR,131,123,78,39,7,14,95,16,6,6,102.1,hoopr
401029418,2017,2018-04-21,playoff,False,MIN,HOU,121,105,90,22,8,0,81,25,7,1,88.84,espn
401029445,2017,2018-04-21,playoff,False,UTAH,OKC,115,102,80,27,13,1,78,19,6,1,80.62,espn
401029434,2017,2018-04-22,playoff,False,MIL,BOS,104,102,73,24,2,2,87,25,16,2,83.78,espn
401029455,2017,2018-04-22,playoff,False,SA,GS,103,90,81,19,7,0,90,17,24,4,79.92,espn
401029415,2017,2018-04-22,playoff,False,WSH,TOR,106,98,85,31,9,0,79,30,9,0,86.42,espn
401029427,2017,2018-04-22,playoff,False,IND,CLE,100,104,93,13,11,1,78,26,8,1,85.58,espn
401029422,2017,2018-04-23,playoff,False,MIN,HOU,100,119,84,23,10,1,92,26,10,1,89.78,espn
401029450,2017,2018-04-23,playoff,False,UTAH,OKC,113,96,91,27,10,5,84,30,9,4,95.04,espn
401029435,2017,2018-04-24,playoff,False,BOS,MIL,92,87,69,32,5,2,87,20,7,0,84.44,espn
401029447,2017,2018-04-24,playoff,False,PHI,MIA,104,91,81,36,9,1,88,22,10,4,90.26,espn
401029456,2017,2018-04-24,playoff,False,GS,SA,99,91,83,25,8,1,86,22,13,0,84.84,espn
401029416,2017,2018-04-25,playoff,False,TOR,WSH,108,98,82,28,6,0,90,22,14,3,88.5,espn
401029428,2017,2018-04-25,playoff,False,CLE,IND,98,95,75,27,10,0,71,27,7,3,77.88,espn
401029423,2017,2018-04-25,playoff,False,HOU,MIN,122,104,88,19,8,1,79,20,5,2,87.08,espn
401029451,2017,2018-04-25,playoff,False,OKC,UTAH,107,99,89,24,7,3,81,26,10,2,90.0,espn
401029436,2017,2018-04-26,playoff,False,MIL,BOS,97,86,75,21,7,2,81,19,6,0,81.3,espn
401029419,2017,2018-04-27,playoff,False,WSH,TOR,92,102,79,21,11,0,90,19,16,1,80.3,espn
401029431,2017,2018-04-27,playoff,False,IND,CLE,121,87,87,14,9,0,79,16,7,1,82.1,espn
401029452,2017,2018-04-27,playoff,False,UTAH,OKC,96,91,82,23,11,1,93,13,15,0,82.92,espn
401029437,2017,2018-04-28,playoff,False,BOS,MIL,112,96,84,21,11,1,74,18,4,2,81.58,espn
401031412,2017,2018-04-28,playoff,False,GS,NO,123,101,91,32,13,13,96,11,7,12,105.46,hoopr
401029433,2017,2018-04-29,playoff,False,CLE,IND,105,101,74,40,15,0,80,24,10,2,79.58,espn
401031590,2017,2018-04-29,playoff,False,HOU,UTAH,110,96,82,24,8,1,76,22,6,0,82.62,espn
401031671,2017,2018-04-30,playoff,False,BOS,PHI,117,101,85,19,5,0,83,35,11,0,87.88,espn
401031713,2017,2018-05-01,playoff,False,TOR,CLE,112,113,91,31,15,1,102,21,13,1,94.94,espn
401031645,2017,2018-05-01,playoff,False,GS,NO,121,116,91,27,7,16,105,9,10,13,111.92,hoopr
401031639,2017,2018-05-02,playoff,False,HOU,UTAH,108,116,95,27,11,2,83,25,5,1,93.94,espn
401031714,2017,2018-05-03,playoff,False,TOR,CLE,110,128,81,11,5,1,84,23,5,0,85.48,espn
401031672,2017,2018-05-03,playoff,False,BOS,PHI,108,103,82,24,5,0,92,14,16,1,85.36,espn
401031646,2017,2018-05-04,playoff,False,NO,GS,119,100,96,12,10,15,92,26,10,12,105.86,hoopr
401031640,2017,2018-05-04,playoff,False,UTAH,HOU,92,113,84,15,5,1,86,20,3,1,89.7,espn
401031673,2017,2018-05-05,playoff,False,PHI,BOS,98,101,97,18,13,1,91,14,9,0,90.54,espn
401031715,2017,2018-05-05,playoff,False,CLE,TOR,105,103,79,25,6,2,75,25,12,0,80.0,espn
401031647,2017,2018-05-06,playoff,False,NO,GS,92,118,88,30,10,19,95,18,5,11,109.56,hoopr
401031641,2017,2018-05-06,playoff,False,UTAH,HOU,87,100,83,20,8,2,88,17,9,3,87.64,espn
401031674,2017,2018-05-07,playoff,False,PHI,BOS,103,92,94,26,16,3,75,26,6,3,87.94,espn
401031716,2017,2018-05-07,playoff,False,CLE,TOR,128,93,84,20,6,1,79,23,9,0,83.96,espn
401031642,2017,2018-05-08,playoff,False,HOU,UTAH,112,102,83,17,6,1,81,21,11,0,82.36,espn
401031648,2017,2018-05-08,playoff,False,GS,NO,113,104,99,12,11,12,88,16,4,14,105.16,hoopr
401031675,2017,2018-05-09,playoff,False,BOS,PHI,114,112,85,41,13,1,82,31,12,2,88.34,espn
401032840,2017,2018-05-13,playoff,False,BOS,CLE,108,83,84,13,6,3,86,20,9,1,86.76,espn
401032761,2017,2018-05-14,playoff,False,HOU,GS,106,119,85,21,7,3,80,25,3,1,89.62,espn
401032841,2017,2018-05-15,playoff,False,BOS,CLE,107,94,92,20,11,3,80,17,8,2,87.14,espn
401032762,2017,2018-05-16,playoff,False,HOU,GS,127,105,88,27,10,1,85,22,9,1,88.78,espn
401032842,2017,2018-05-19,playoff,False,CLE,BOS,116,86,76,30,8,1,74,28,6,1,81.76,espn
401032763,2017,2018-05-20,playoff,False,GS,HOU,126,85,92,18,11,1,81,13,10,3,84.82,espn
401032843,2017,2018-05-21,playoff,False,CLE,BOS,111,102,81,29,9,1,85,30,9,2,88.48,espn
401032764,2017,2018-05-22,playoff,False,GS,HOU,92,95,89,14,16,0,77,27,8,3,81.52,espn
401032844,2017,2018-05-23,playoff,False,BOS,CLE,96,83,85,23,7,4,74,19,3,1,86.24,espn
401032765,2017,2018-05-24,playoff,False,HOU,GS,98,94,78,32,8,2,72,23,4,2,83.1,espn
401032845,2017,2018-05-25,playoff,False,CLE,BOS,109,99,87,22,15,2,74,20,5,1,81.24,espn
401032766,2017,2018-05-26,playoff,False,GS,HOU,115,86,87,19,13,0,77,17,7,0,79.92,espn
401032846,2017,2018-05-27,playoff,False,BOS,CLE,79,87,85,19,11,2,66,25,2,1,80.18,espn
401032767,2017,2018-05-28,playoff,False,HOU,GS,92,101,90,22,17,0,80,14,11,1,79.42,espn
401034613,2017,2018-05-31,playoff,False,GS,CLE,124,114,90,20,4,3,99,22,19,1,94.24,espn
401034614,2017,2018-06-03,playoff,False,GS,CLE,122,103,82,21,7,0,90,26,16,2,85.84,espn
401034615,2017,2018-06-06,playoff,False,CLE,GS,102,110,92,17,15,2,81,19,6,3,86.42,espn
401034616,2017,2018-06-08,playoff,False,CLE,GS,85,108,87,25,17,12,86,16,10,10,93.02,espn
