game_id,team,player_id,minutes
401160623,NO,4257,21
401160623,NO,3913176,35
401160623,NO,3024,27
401160623,NO,3995,41
401160623,NO,4066421,25
401160623,NO,4341,20
401160623,NO,3135048,12
401160623,NO,6460,12
401160623,NO,3062679,28
401160623,NO,3133626,18
401160623,NO,4065651,14
401160623,NO,4278039,12
401160623,NO,4397077,0
401160623,TOR,3149673,38
401160623,TOR,3934719,36
401160623,TOR,3206,32
401160623,TOR,3012,45
401160623,TOR,2991230,44
401160623,TOR,3439,26
401160623,TOR,2595516,29
401160623,TOR,3919454,15
401160623,TOR,2580980,0
401160623,TOR,3948153,0
401160623,TOR,4065672,0
401160623,TOR,3134881,0
401160623,TOR,3059311,0
401160624,LAL,1966,36
401160624,LAL,3988,32
401160624,LAL,6583,37
401160624,LAL,3452,17
401160624,LAL,4240,24
401160624,LAL,3201,13
401160624,LAL,2384,19
401160624,LAL,2566745,17
401160624,LAL,2489530,16
401160624,LAL,2581018,27
401160624,LAL,4066490,0
401160624,LAL,2991350,0
401160624,LAL,4066649,0
401160624,LAC,4264,17
401160624,LAC,6450,32
401160624,LAC,4017837,10
401160624,LAC,3964,31
401160624,LAC,3914044,26
401160624,LAC,2327577,19
401160624,LAC,6591,29
401160624,LAC,2991055,38
401160624,LAC,2799,37
401160624,LAC,3059306,0
401160624,LAC,4065660,0
401160624,LAC,3943606,0
401160624,LAC,3907823,0
401160625,CHI,4066336,34
401160625,CHI,2594922,28
401160625,CHI,4277847,29
401160625,CHI,6621,24
401160625,CHI,3064440,30
401160625,CHI,3244,25
401160625,CHI,3064560,7
401160625,CHI,2991047,11
401160625,CHI,2991139,24
401160625,CHI,4395651,27
401160625,CHI,4278049,0
401160625,CHI,2991274,0
401160625,CHI,2999549,0
401160625,CHA,4066383,32
401160625,CHA,4278078,38
401160625,CHA,2579258,35
401160625,CHA,3074752,30
401160625,CHA,3907821,33
401160625,CHA,2797,17
401160625,CHA,3416,11
401160625,CHA,3133601,27
401160625,CHA,4066262,17
401160625,CHA,6601,0
401160625,CHA,3138160,0
401160625,CHA,6427,0
401160625,CHA,2999409,0
401160626,DET,6461,23
401160626,DET,2528353,32
401160626,DET,6585,41
401160626,DET,6443,20
401160626,DET,4065670,29
401160626,DET,3058254,4
401160626,DET,4017843,16
401160626,DET,3456,27
401160626,DET,2488945,1
401160626,DET,2530572,20
401160626,DET,3913174,28
401160626,DET,3912334,0
401160626,DET,3133602,0
401160626,IND,3155942,36
401160626,IND,2982334,34
401160626,IND,3133628,38
401160626,IND,6603,26
401160626,IND,2566769,36
401160626,IND,4066425,3
401160626,IND,2284101,15
401160626,IND,2528588,11
401160626,IND,3136485,22
401160626,IND,2530530,13
401160626,IND,3922230,7
401160626,IND,2608891,0
401160626,IND,4348700,0
401160627,CLE,3449,36
401160627,CLE,3893016,29
401160627,CLE,6474,33
401160627,CLE,4277811,30
401160627,CLE,4396907,32
401160627,CLE,2580365,27
401160627,CLE,2489716,18
401160627,CLE,2528426,18
401160627,CLE,4397140,17
401160627,CLE,3912848,0
401160627,CLE,4066367,0
401160627,CLE,6448,0
401160627,ORL,3064290,29
401160627,ORL,4065654,24
401160627,ORL,6478,34
401160627,ORL,6588,28
401160627,ORL,3415,25
401160627,ORL,4248,29
401160627,ORL,4277919,14
401160627,ORL,6619,19
401160627,ORL,2596108,14
401160627,ORL,4066636,23
401160627,ORL,3074797,0
401160627,ORL,2578240,0
401160627,ORL,3913546,0
401160628,MIN,2490620,33
401160628,MIN,2595231,35
401160628,MIN,3059319,36
401160628,MIN,3136195,39
401160628,MIN,4015,35
401160628,MIN,3078284,14
401160628,MIN,2982268,23
401160628,MIN,2530780,21
401160628,MIN,4065663,14
401160628,MIN,4277928,16
401160628,MIN,3064427,0
401160628,MIN,2534781,0
401160628,MIN,3133596,0
401160628,BKN,2990962,41
401160628,BKN,2528794,39
401160628,BKN,4066328,36
401160628,BKN,6442,38
401160628,BKN,2991043,37
401160628,BKN,3062744,13
401160628,BKN,4230548,7
401160628,BKN,3442,17
401160628,BKN,2580782,19
401160628,BKN,4023,17
401160628,BKN,3194,0
401160628,BKN,4348696,0
401160628,BKN,3138154,0
401160629,MEM,6581,30
401160629,MEM,3155526,18
401160629,MEM,4277961,30
401160629,MEM,6477,16
401160629,MEM,4279888,25
401160629,MEM,2993874,21
401160629,MEM,3113297,5
401160629,MEM,3906665,23
401160629,MEM,3135045,21
401160629,MEM,3135046,24
401160629,MEM,4066436,3
401160629,MEM,4230554,24
401160629,MEM,2488958,0
401160629,MIA,3135047,37
401160629,MIA,6605,19
401160629,MIA,4066261,24
401160629,MIA,3056247,27
401160629,MIA,4395725,34
401160629,MIA,2489663,22
401160629,MIA,3157465,23
401160629,MIA,3923253,11
401160629,MIA,3936099,16
401160629,MIA,4610145,1
401160629,MIA,4278521,1
401160629,MIA,3423,25
401160629,MIA,4066243,1
401160629,MIA,6430,0
401160630,BOS,4065648,37
401160630,BOS,4249,35
401160630,BOS,6447,25
401160630,BOS,6479,34
401160630,BOS,3917376,21
401160630,BOS,3056602,10
401160630,BOS,4066218,7
401160630,BOS,2451037,10
401160630,BOS,4066211,11
401160630,BOS,6507,6
401160630,BOS,4066407,11
401160630,BOS,2990992,33
401160630,BOS,4237215,0
401160630,PHI,6440,38
401160630,PHI,3213,31
401160630,PHI,3059318,23
401160630,PHI,2581190,33
401160630,PHI,3907387,35
401160630,PHI,6622,16
401160630,PHI,2579321,17
401160630,PHI,6615,4
401160630,PHI,2968361,1
401160630,PHI,3915195,1
401160630,PHI,3929325,19
401160630,PHI,3907498,22
401160630,PHI,2579260,0
401160631,WSH,4066648,25
401160631,WSH,3934723,31
401160631,WSH,4305,24
401160631,WSH,6580,32
401160631,WSH,4348697,23
401160631,WSH,3945566,1
401160631,WSH,6426,29
401160631,WSH,3918423,16
401160631,WSH,3150844,17
401160631,WSH,2531797,23
401160631,WSH,3137795,19
401160631,WSH,3913180,1
401160631,WSH,6472,0
401160631,DAL,2960236,24
401160631,DAL,3102531,29
401160631,DAL,3445,16
401160631,DAL,3064447,21
401160631,DAL,3945274,34
401160631,DAL,2578185,32
401160631,DAL,3138156,19
401160631,DAL,2326307,20
401160631,DAL,2528210,21
401160631,DAL,3934672,24
401160631,DAL,4066392,0
401160631,DAL,4376,0
401160631,DAL,3055,0
401160632,NY,6462,39
401160632,NY,3064482,33
401160632,NY,3064514,35
401160632,NY,4395625,37
401160632,NY,3907525,7
401160632,NY,3986,15
401160632,NY,4278075,21
401160632,NY,4065697,10
401160632,NY,4230547,3
401160632,NY,3981,13
401160632,NY,2583639,26
401160632,NY,4397205,0
401160632,NY,2991149,0
401160632,SA,3136196,24
401160632,SA,2983,35
401160632,SA,2994526,33
401160632,SA,3978,32
401160632,SA,3907497,24
401160632,SA,3005,20
401160632,SA,3134908,16
401160632,SA,4004,16
401160632,SA,3190,18
401160632,SA,3078576,22
401160632,SA,3914283,0
401160632,SA,3970,0
401160632,SA,4277890,0
401160653,OKC,3428,28
401160653,OKC,4230546,24
401160653,OKC,2991235,28
401160653,OKC,2779,30
401160653,OKC,4278073,37
401160653,OKC,4423545,19
401160653,OKC,2490089,16
401160653,OKC,2991280,5
401160653,OKC,3032979,31
401160653,OKC,4080610,23
401160653,OKC,2595435,0
401160653,OKC,3059358,0
401160653,OKC,3912332,0
401160653,UTAH,2583632,30
401160653,UTAH,3593,24
401160653,UTAH,3032976,38
401160653,UTAH,3195,27
401160653,UTAH,3908809,36
401160653,UTAH,3209,17
401160653,UTAH,2968436,33
401160653,UTAH,2990969,3
401160653,UTAH,4259,10
401160653,UTAH,3892818,23
401160653,UTAH,2995105,0
401160653,UTAH,4065673,0
401160653,UTAH,3064457,0
401160654,SAC,6578,30
401160654,SAC,4277848,28
401160654,SAC,2580913,14
401160654,SAC,2990984,31
401160654,SAC,4066259,27
401160654,SAC,4269,21
401160654,SAC,2993370,17
401160654,SAC,3906671,2
401160654,SAC,4066264,2
401160654,SAC,2426,21
401160654,SAC,6446,21
401160654,SAC,2991018,4
401160654,SAC,3037789,22
401160654,PHX,3032978,21
401160654,PHX,4278129,33
401160654,PHX,4011,30
401160654,PHX,3133603,30
401160654,PHX,3136193,32
401160654,PHX,2579294,19
401160654,PHX,3919335,2
401160654,PHX,2968439,10
401160654,PHX,2530276,17
401160654,PHX,3133635,18
401160654,PHX,3147657,23
401160654,PHX,4066248,2
401160654,PHX,4230550,2
401160655,DEN,3015,32
401160655,DEN,3112335,24
401160655,DEN,6579,31
401160655,DEN,2999547,35
401160655,DEN,3936299,34
401160655,DEN,2991070,21
401160655,DEN,2528693,16
401160655,DEN,2488653,19
401160655,DEN,3059310,14
401160655,DEN,3907822,13
401160655,DEN,4017839,0
401160655,DEN,4278104,0
401160655,DEN,3923250,0
401160655,POR,4066650,31
401160655,POR,4262,26
401160655,POR,2581177,31
401160655,POR,6606,38
401160655,POR,2490149,36
401160655,POR,3276,13
401160655,POR,2995706,18
401160655,POR,6637,25
401160655,POR,3936296,11
401160655,POR,4351851,12
401160655,POR,4395652,0
401160655,POR,4277843,0
401160656,ATL,3908845,30
401160656,ATL,4065732,25
401160656,ATL,4395627,21
401160656,ATL,2596107,24
401160656,ATL,4277905,37
401160656,ATL,3056600,23
401160656,ATL,4277952,14
401160656,ATL,3062667,24
401160656,ATL,136,10
401160656,ATL,4239,17
401160656,ATL,4066372,14
401160656,ATL,3064559,0
401160656,ATL,3057198,0
401160656,DET,6461,26
401160656,DET,2528353,34
401160656,DET,6585,37
401160656,DET,6443,15
401160656,DET,4065670,17
401160656,DET,4017843,19
401160656,DET,3456,25
401160656,DET,2488945,10
401160656,DET,2530572,26
401160656,DET,3913174,31
401160656,DET,3058254,0
401160656,DET,3912334,0
401160656,DET,3133602,0
401160657,MIL,6609,33
401160657,MIL,3032977,28
401160657,MIL,3448,27
401160657,MIL,4032,30
401160657,MIL,4238,16
401160657,MIL,2767,20
401160657,MIL,3057187,6
401160657,MIL,3447,17
401160657,MIL,3438,31
401160657,MIL,2011,15
401160657,MIL,2578239,17
401160657,MIL,3136491,0
401160657,MIL,3934673,0
401160657,HOU,3033,38
401160657,HOU,2991155,26
401160657,HOU,3102529,31
401160657,HOU,3468,33
401160657,HOU,3992,36
401160657,HOU,3028,10
401160657,HOU,984,11
401160657,HOU,6617,12
401160657,HOU,2578213,15
401160657,HOU,3431,28
401160657,HOU,3412,0
401160657,HOU,3132042,0
401160657,HOU,3906603,0
401160658,LAC,4264,28
401160658,LAC,6450,21
401160658,LAC,4017837,18
401160658,LAC,3964,28
401160658,LAC,3914044,34
401160658,LAC,2327577,16
401160658,LAC,3059306,4
401160658,LAC,6591,24
401160658,LAC,2991055,25
401160658,LAC,4065660,4
401160658,LAC,2799,29
401160658,LAC,3943606,4
401160658,LAC,3907823,4
401160658,GS,6589,28
401160658,GS,2991039,30
401160658,GS,3155535,10
401160658,GS,3975,30
401160658,GS,3136776,33
401160658,GS,3133817,31
401160658,GS,4065836,11
401160658,GS,3907487,14
401160658,GS,2595209,4
401160658,GS,3934621,22
401160658,GS,4065635,4
401160658,GS,4277956,21
401160659,TOR,3149673,36
401160659,TOR,3934719,38
401160659,TOR,3206,25
401160659,TOR,3012,40
401160659,TOR,2991230,42
401160659,TOR,3439,24
401160659,TOR,3134881,5
401160659,TOR,2595516,22
401160659,TOR,3919454,9
401160659,TOR,2580980,0
401160659,TOR,3948153,0
401160659,TOR,4065672,0
401160659,TOR,3059311,0
401160659,BOS,4065648,35
401160659,BOS,4249,37
401160659,BOS,2451037,15
401160659,BOS,6479,36
401160659,BOS,3917376,38
401160659,BOS,3056602,4
401160659,BOS,4066218,22
401160659,BOS,4066211,15
401160659,BOS,6507,10
401160659,BOS,2596112,0
401160659,BOS,2990992,28
401160659,BOS,4237215,0
401160659,BOS,4066407,0
401160660,MIN,2490620,18
401160660,MIN,2595231,23
401160660,MIN,3059319,33
401160660,MIN,3136195,28
401160660,MIN,4015,22
401160660,MIN,3078284,14
401160660,MIN,2982268,25
401160660,MIN,3064427,5
401160660,MIN,2534781,6
401160660,MIN,3133596,5
401160660,MIN,2530780,21
401160660,MIN,4065663,26
401160660,MIN,4277928,14
401160660,CHA,4066383,27
401160660,CHA,4278078,29
401160660,CHA,6427,18
401160660,CHA,3074752,18
401160660,CHA,3907821,21
401160660,CHA,2797,12
401160660,CHA,6601,10
401160660,CHA,3138160,18
401160660,CHA,4066731,3
401160660,CHA,3138161,17
401160660,CHA,2999409,20
401160660,CHA,3133601,28
401160660,CHA,4066262,20
401160661,NY,6462,33
401160661,NY,3064514,39
401160661,NY,4395625,36
401160661,NY,4351852,17
401160661,NY,2583639,24
401160661,NY,3986,14
401160661,NY,3064482,10
401160661,NY,4278075,29
401160661,NY,4065697,5
401160661,NY,3981,11
401160661,NY,3907525,23
401160661,NY,4230547,0
401160661,NY,2991149,0
401160661,BKN,2990962,33
401160661,BKN,2528794,31
401160661,BKN,4066328,25
401160661,BKN,6442,31
401160661,BKN,2991043,24
401160661,BKN,3062744,14
401160661,BKN,4230548,12
401160661,BKN,3442,23
401160661,BKN,2580782,27
401160661,BKN,4023,19
401160661,BKN,3194,0
401160661,BKN,4348696,0
401160661,BKN,3138154,0
401160662,CHI,4066336,32
401160662,CHI,2594922,21
401160662,CHI,4277847,27
401160662,CHI,6621,22
401160662,CHI,3064440,33
401160662,CHI,3244,21
401160662,CHI,3064560,9
401160662,CHI,2991047,15
401160662,CHI,2991139,26
401160662,CHI,2991274,4
401160662,CHI,4395651,30
401160662,CHI,4278049,0
401160662,CHI,2999549,0
401160662,MEM,6581,31
401160662,MEM,3155526,30
401160662,MEM,4277961,32
401160662,MEM,6477,18
401160662,MEM,4279888,28
401160662,MEM,2993874,20
401160662,MEM,3906665,25
401160662,MEM,3135045,18
401160662,MEM,3135046,20
401160662,MEM,4230554,17
401160662,MEM,3113297,0
401160662,MEM,2488958,0
401160662,MEM,4066436,0
401160663,DAL,2578185,22
401160663,DAL,3102531,29
401160663,DAL,3445,6
401160663,DAL,3934672,29
401160663,DAL,3945274,38
401160663,DAL,2960236,33
401160663,DAL,3138156,13
401160663,DAL,2326307,17
401160663,DAL,2528210,22
401160663,DAL,3064447,32
401160663,DAL,4376,0
401160663,DAL,3055,0
401160663,DAL,2489693,0
401160663,NO,4257,22
401160663,NO,3913176,31
401160663,NO,3024,22
401160663,NO,3995,33
401160663,NO,4066421,33
401160663,NO,4341,14
401160663,NO,3135048,7
401160663,NO,3062679,26
401160663,NO,3133626,21
401160663,NO,4065651,15
401160663,NO,4278039,15
401160663,NO,4397077,0
401160663,NO,6460,0
401160664,WSH,4066648,35
401160664,WSH,3934723,31
401160664,WSH,4305,33
401160664,WSH,6580,35
401160664,WSH,4348697,24
401160664,WSH,6426,27
401160664,WSH,3918423,10
401160664,WSH,3150844,17
401160664,WSH,3137795,15
401160664,WSH,3913180,13
401160664,WSH,3945566,0
401160664,WSH,6472,0
401160664,WSH,2531797,0
401160664,OKC,3428,30
401160664,OKC,4230546,22
401160664,OKC,2991235,29
401160664,OKC,2779,30
401160664,OKC,4278073,36
401160664,OKC,2595435,12
401160664,OKC,3059358,4
401160664,OKC,4423545,15
401160664,OKC,2490089,12
401160664,OKC,2991280,7
401160664,OKC,3032979,25
401160664,OKC,4080610,18
401160664,OKC,3912332,0
401160665,PHX,3032978,31
401160665,PHX,2968439,29
401160665,PHX,4011,36
401160665,PHX,3133603,37
401160665,PHX,3136193,41
401160665,PHX,2579294,33
401160665,PHX,3919335,2
401160665,PHX,2530276,25
401160665,PHX,3133635,18
401160665,PHX,3147657,13
401160665,PHX,4278129,0
401160665,PHX,4066248,0
401160665,PHX,4230550,0
401160665,DEN,3015,22
401160665,DEN,3112335,41
401160665,DEN,6579,21
401160665,DEN,2999547,34
401160665,DEN,3936299,41
401160665,DEN,2991070,31
401160665,DEN,2528693,23
401160665,DEN,2488653,12
401160665,DEN,3059310,12
401160665,DEN,3907822,29
401160665,DEN,4017839,0
401160665,DEN,4278104,0
401160665,DEN,3923250,0
401160666,POR,4066650,32
401160666,POR,4262,26
401160666,POR,2581177,30
401160666,POR,6606,34
401160666,POR,2490149,34
401160666,POR,3276,11
401160666,POR,2995706,18
401160666,POR,6637,24
401160666,POR,4395652,2
401160666,POR,3936296,6
401160666,POR,4277843,2
401160666,POR,4351851,21
401160666,SAC,4269,28
401160666,SAC,6578,33
401160666,SAC,2580913,21
401160666,SAC,2990984,32
401160666,SAC,4066259,34
401160666,SAC,2993370,17
401160666,SAC,3906671,3
401160666,SAC,4066264,3
401160666,SAC,2426,21
401160666,SAC,6446,14
401160666,SAC,2991018,3
401160666,SAC,3037789,29
401160666,SAC,3914058,3
401160667,UTAH,3209,23
401160667,UTAH,2968436,28
401160667,UTAH,3032976,32
401160667,UTAH,3195,31
401160667,UTAH,3908809,34
401160667,UTAH,3912292,5
401160667,UTAH,2583632,27
401160667,UTAH,2990969,23
401160667,UTAH,2995105,5
401160667,UTAH,4259,10
401160667,UTAH,4065673,5
401160667,UTAH,3064457,0
401160667,UTAH,3892818,16
401160667,LAL,1966,31
401160667,LAL,3988,28
401160667,LAL,6583,32
401160667,LAL,3452,12
401160667,LAL,4240,26
401160667,LAL,4066490,0
401160667,LAL,3201,5
401160667,LAL,2384,19
401160667,LAL,2566745,21
401160667,LAL,2489530,21
401160667,LAL,2581018,21
401160667,LAL,2991350,20
401160667,LAL,4066649,3
401160668,MIA,3135047,41
401160668,MIA,6605,24
401160668,MIA,4066261,38
401160668,MIA,3056247,29
401160668,MIA,4395725,32
401160668,MIA,2489663,28
401160668,MIA,3157465,23
401160668,MIA,3923253,1
401160668,MIA,3936099,16
401160668,MIA,3423,35
401160668,MIA,2184,0
401160668,MIA,4278521,0
401160668,MIA,4066243,0
401160668,MIL,6609,37
401160668,MIL,3032977,37
401160668,MIL,3448,35
401160668,MIL,4032,30
401160668,MIL,4238,33
401160668,MIL,2767,20
401160668,MIL,3057187,0
401160668,MIL,3447,13
401160668,MIL,3438,29
401160668,MIL,2011,18
401160668,MIL,2578239,13
401160668,MIL,3136491,0
401160668,MIL,3934673,0
401160669,PHI,6440,35
401160669,PHI,3213,34
401160669,PHI,2581190,37
401160669,PHI,3907387,35
401160669,PHI,3907498,24
401160669,PHI,6622,22
401160669,PHI,2579321,12
401160669,PHI,6615,14
401160669,PHI,2968361,6
401160669,PHI,3915195,12
401160669,PHI,3929325,8
401160669,PHI,2608892,0
401160669,PHI,2579260,0
401160669,DET,6461,26
401160669,DET,2528353,25
401160669,DET,6585,25
401160669,DET,2488945,21
401160669,DET,4065670,16
401160669,DET,3058254,19
401160669,DET,4017843,23
401160669,DET,3456,27
401160669,DET,2530572,26
401160669,DET,3913174,32
401160669,DET,3912334,0
401160669,DET,3133602,0
401160669,DET,4066212,0
401160670,ORL,3064290,30
401160670,ORL,4065654,25
401160670,ORL,6478,31
401160670,ORL,6588,30
401160670,ORL,3415,24
401160670,ORL,4248,21
401160670,ORL,4277919,14
401160670,ORL,6619,24
401160670,ORL,2596108,17
401160670,ORL,4066636,24
401160670,ORL,3074797,0
401160670,ORL,2578240,0
401160670,ORL,3913546,0
401160670,ATL,3908845,33
401160670,ATL,4065732,22
401160670,ATL,4395627,23
401160670,ATL,2596107,20
401160670,ATL,4277905,36
401160670,ATL,3056600,18
401160670,ATL,4277952,9
401160670,ATL,3064559,11
401160670,ATL,3062667,26
401160670,ATL,136,12
401160670,ATL,4239,11
401160670,ATL,4066372,21
401160670,ATL,3002137,0
401160671,BOS,4065648,34
401160671,BOS,4249,27
401160671,BOS,4066211,22
401160671,BOS,6479,30
401160671,BOS,3917376,27
401160671,BOS,3056602,15
401160671,BOS,4066218,19
401160671,BOS,3904625,4
401160671,BOS,4237215,6
401160671,BOS,6507,4
401160671,BOS,4066407,22
401160671,BOS,2596112,4
401160671,BOS,2990992,28
401160671,NY,6462,29
401160671,NY,3064514,30
401160671,NY,4395625,37
401160671,NY,4351852,20
401160671,NY,2583639,31
401160671,NY,3986,5
401160671,NY,3064482,27
401160671,NY,4278075,26
401160671,NY,4065697,11
401160671,NY,4230547,0
401160671,NY,2991149,4
401160671,NY,3907525,21
401160671,NY,3981,0
401160672,IND,3155942,33
401160672,IND,2982334,37
401160672,IND,3133628,40
401160672,IND,3136485,17
401160672,IND,2566769,35
401160672,IND,4066425,18
401160672,IND,2284101,24
401160672,IND,2528588,12
401160672,IND,4348700,4
401160672,IND,2530530,21
401160672,IND,4067045,0
401160672,IND,2608891,0
401160672,IND,3922230,0
401160672,CLE,3449,33
401160672,CLE,3893016,28
401160672,CLE,6474,35
401160672,CLE,4277811,30
401160672,CLE,4396907,29
401160672,CLE,6592,8
401160672,CLE,2530923,0
401160672,CLE,2580365,19
401160672,CLE,4066367,0
401160672,CLE,2489716,19
401160672,CLE,2528426,18
401160672,CLE,4397140,20
401160672,CLE,6448,0
401160673,TOR,3149673,28
401160673,TOR,3934719,26
401160673,TOR,3206,23
401160673,TOR,3012,34
401160673,TOR,2991230,31
401160673,TOR,3439,21
401160673,TOR,2580980,5
401160673,TOR,3948153,5
401160673,TOR,3064291,4
401160673,TOR,3134881,5
401160673,TOR,3059311,20
401160673,TOR,2595516,28
401160673,TOR,3919454,12
401160673,CHI,4066336,30
401160673,CHI,2594922,20
401160673,CHI,4277847,23
401160673,CHI,6621,26
401160673,CHI,3064440,30
401160673,CHI,3244,16
401160673,CHI,4278049,2
401160673,CHI,3064560,17
401160673,CHI,2991047,18
401160673,CHI,2991139,19
401160673,CHI,2991274,12
401160673,CHI,2999549,5
401160673,CHI,4395651,22
401160674,NO,4257,18
401160674,NO,3913176,39
401160674,NO,3024,28
401160674,NO,3062679,34
401160674,NO,4066421,36
401160674,NO,4341,11
401160674,NO,3135048,12
401160674,NO,3133626,32
401160674,NO,4065651,18
401160674,NO,4278039,12
401160674,NO,3137713,0
401160674,NO,4397077,0
401160674,NO,6460,0
401160674,HOU,3033,38
401160674,HOU,2991155,30
401160674,HOU,3102529,25
401160674,HOU,3468,34
401160674,HOU,3992,36
401160674,HOU,3028,14
401160674,HOU,984,7
401160674,HOU,6617,16
401160674,HOU,2578213,4
401160674,HOU,3431,36
401160674,HOU,3412,0
401160674,HOU,3132042,0
401160674,HOU,3906603,0
401160675,WSH,4066648,38
401160675,WSH,3934723,30
401160675,WSH,4305,29
401160675,WSH,6580,38
401160675,WSH,4348697,26
401160675,WSH,6426,32
401160675,WSH,3918423,8
401160675,WSH,3150844,18
401160675,WSH,6472,20
401160675,WSH,3945566,0
401160675,WSH,2531797,0
401160675,WSH,3137795,0
401160675,WSH,3913180,0
401160675,SA,3136196,18
401160675,SA,2983,33
401160675,SA,2994526,32
401160675,SA,3978,36
401160675,SA,3907497,23
401160675,SA,3005,27
401160675,SA,3134908,15
401160675,SA,4004,19
401160675,SA,3190,12
401160675,SA,3078576,20
401160675,SA,4277890,5
401160675,SA,3914283,0
401160675,SA,3970,0
401160676,SAC,4269,17
401160676,SAC,6578,22
401160676,SAC,2580913,28
401160676,SAC,2990984,20
401160676,SAC,4066259,20
401160676,SAC,2993370,15
401160676,SAC,3906671,5
401160676,SAC,4066264,21
401160676,SAC,2426,24
401160676,SAC,6446,25
401160676,SAC,2991018,12
401160676,SAC,3037789,24
401160676,SAC,3914058,7
401160676,UTAH,2583632,23
401160676,UTAH,3593,24
401160676,UTAH,3032976,25
401160676,UTAH,3195,24
401160676,UTAH,3908809,26
401160676,UTAH,3209,18
401160676,UTAH,2968436,25
401160676,UTAH,2990969,16
401160676,UTAH,2995105,7
401160676,UTAH,4259,18
401160676,UTAH,4065673,5
401160676,UTAH,3064457,5
401160676,UTAH,3892818,24
401160677,LAC,4264,31
401160677,LAC,6450,32
401160677,LAC,4017837,15
401160677,LAC,3964,30
401160677,LAC,3914044,36
401160677,LAC,2327577,16
401160677,LAC,3059306,0
401160677,LAC,6591,18
401160677,LAC,2991055,32
401160677,LAC,2799,29
401160677,LAC,3943606,0
401160677,LAC,3907823,0
401160677,LAC,4065660,0
401160677,PHX,3032978,34
401160677,PHX,2968439,23
401160677,PHX,3133603,22
401160677,PHX,3133635,33
401160677,PHX,3136193,38
401160677,PHX,2579294,29
401160677,PHX,3138196,9
401160677,PHX,2530276,21
401160677,PHX,3147657,26
401160677,PHX,4230550,5
401160677,PHX,3919335,0
401160677,PHX,4278129,0
401160677,PHX,4066248,0
401160678,GS,6589,24
401160678,GS,2991039,21
401160678,GS,3907487,23
401160678,GS,3975,30
401160678,GS,3136776,22
401160678,GS,3133817,24
401160678,GS,4065836,25
401160678,GS,2595209,17
401160678,GS,3934621,18
401160678,GS,4065635,12
401160678,GS,4277956,23
401160678,OKC,3428,22
401160678,OKC,4230546,30
401160678,OKC,2991235,25
401160678,OKC,2779,19
401160678,OKC,4278073,30
401160678,OKC,2595435,12
401160678,OKC,3059358,9
401160678,OKC,4423545,26
401160678,OKC,2490089,8
401160678,OKC,2991280,15
401160678,OKC,3912332,6
401160678,OKC,3032979,25
401160678,OKC,4080610,13
401160679,BKN,2990962,30
401160679,BKN,2528794,37
401160679,BKN,3442,23
401160679,BKN,6442,34
401160679,BKN,2991043,39
401160679,BKN,3062744,14
401160679,BKN,4230548,12
401160679,BKN,4066328,27
401160679,BKN,2580782,30
401160679,BKN,4023,18
401160679,BKN,3194,0
401160679,BKN,4348696,0
401160679,BKN,3138154,0
401160679,MEM,6581,38
401160679,MEM,3155526,38
401160679,MEM,4277961,24
401160679,MEM,6477,20
401160679,MEM,4279888,32
401160679,MEM,2993874,24
401160679,MEM,3906665,26
401160679,MEM,2488958,24
401160679,MEM,3135045,14
401160679,MEM,3135046,21
401160679,MEM,4230554,6
401160679,MEM,3113297,0
401160679,MEM,4066436,0
401160680,POR,4066650,24
401160680,POR,4262,26
401160680,POR,2581177,32
401160680,POR,6606,38
401160680,POR,2490149,41
401160680,POR,3276,3
401160680,POR,2995706,25
401160680,POR,6637,30
401160680,POR,3936296,6
401160680,POR,4351851,15
401160680,POR,4395652,0
401160680,POR,4277843,0
401160680,DAL,2960236,25
401160680,DAL,3102531,34
401160680,DAL,3064447,23
401160680,DAL,3934672,27
401160680,DAL,3945274,38
401160680,DAL,2578185,29
401160680,DAL,3138156,18
401160680,DAL,2326307,25
401160680,DAL,2528210,22
401160680,DAL,4376,0
401160680,DAL,3055,0
401160680,DAL,3445,0
401160680,DAL,2489693,0
401160681,MIA,3135047,43
401160681,MIA,6605,14
401160681,MIA,4066261,32
401160681,MIA,3056247,40
401160681,MIA,4395725,35
401160681,MIA,2489663,13
401160681,MIA,3157465,23
401160681,MIA,3923253,11
401160681,MIA,4278521,1
401160681,MIA,3423,27
401160681,MIA,2184,0
401160681,MIA,4066243,0
401160681,MIN,2490620,28
401160681,MIN,2595231,20
401160681,MIN,3059319,35
401160681,MIN,3136195,35
401160681,MIN,4015,31
401160681,MIN,3078284,13
401160681,MIN,2982268,26
401160681,MIN,2530780,20
401160681,MIN,4065663,20
401160681,MIN,4277928,13
401160681,MIN,3064427,0
401160681,MIN,2534781,0
401160681,MIN,3133596,0
401160682,CHA,4066383,37
401160682,CHA,4278078,36
401160682,CHA,2579258,29
401160682,CHA,3074752,32
401160682,CHA,3907821,37
401160682,CHA,2797,17
401160682,CHA,3138160,1
401160682,CHA,3138161,2
401160682,CHA,6427,5
401160682,CHA,2999409,2
401160682,CHA,3133601,28
401160682,CHA,4066262,14
401160682,CHA,6601,0
401160682,LAL,1966,35
401160682,LAL,3988,26
401160682,LAL,6583,32
401160682,LAL,3452,16
401160682,LAL,4240,28
401160682,LAL,4066490,2
401160682,LAL,3201,7
401160682,LAL,2384,23
401160682,LAL,2566745,24
401160682,LAL,2489530,12
401160682,LAL,2581018,19
401160682,LAL,2991350,13
401160682,LAL,4066649,2
401160683,IND,3155942,39
401160683,IND,2982334,38
401160683,IND,3133628,39
401160683,IND,3136485,28
401160683,IND,2566769,35
401160683,IND,4066425,12
401160683,IND,2284101,23
401160683,IND,2528588,14
401160683,IND,2530530,13
401160683,IND,4067045,0
401160683,IND,2608891,0
401160683,IND,4348700,0
401160683,IND,3922230,0
401160683,DET,6461,27
401160683,DET,2528353,22
401160683,DET,6585,38
401160683,DET,2488945,22
401160683,DET,3913174,31
401160683,DET,3058254,21
401160683,DET,4017843,10
401160683,DET,3456,26
401160683,DET,2530572,16
401160683,DET,4065670,26
401160683,DET,3912334,0
401160683,DET,3133602,0
401160684,CHI,4066336,29
401160684,CHI,2594922,32
401160684,CHI,4277847,28
401160684,CHI,6621,27
401160684,CHI,3064440,36
401160684,CHI,3244,22
401160684,CHI,3064560,16
401160684,CHI,2991047,16
401160684,CHI,2991139,18
401160684,CHI,4395651,16
401160684,CHI,4278049,0
401160684,CHI,2991274,0
401160684,CHI,2999549,0
401160684,NY,6462,31
401160684,NY,3064514,33
401160684,NY,4395625,40
401160684,NY,4351852,18
401160684,NY,2583639,21
401160684,NY,3986,7
401160684,NY,3064482,30
401160684,NY,4278075,17
401160684,NY,4230547,22
401160684,NY,3981,22
401160684,NY,4397205,0
401160684,NY,2991149,0
401160684,NY,3907525,0
401160685,PHI,6440,39
401160685,PHI,3213,32
401160685,PHI,3059318,33
401160685,PHI,2581190,31
401160685,PHI,3907387,38
401160685,PHI,6622,9
401160685,PHI,2579321,8
401160685,PHI,6615,6
401160685,PHI,3915195,13
401160685,PHI,3929325,12
401160685,PHI,3907498,20
401160685,PHI,2579260,0
401160685,PHI,2968361,0
401160685,ATL,3908845,29
401160685,ATL,4065732,30
401160685,ATL,4395627,27
401160685,ATL,2596107,18
401160685,ATL,4277905,35
401160685,ATL,3056600,22
401160685,ATL,4277952,16
401160685,ATL,3064559,6
401160685,ATL,3062667,20
401160685,ATL,136,11
401160685,ATL,4239,7
401160685,ATL,4066372,20
401160685,ATL,3002137,0
401160686,ORL,3064290,30
401160686,ORL,4065654,33
401160686,ORL,6478,25
401160686,ORL,6588,29
401160686,ORL,3415,26
401160686,ORL,4248,21
401160686,ORL,4277919,13
401160686,ORL,6619,24
401160686,ORL,2596108,13
401160686,ORL,4066636,27
401160686,ORL,3074797,0
401160686,ORL,2578240,0
401160686,ORL,3913546,0
401160686,TOR,3149673,36
401160686,TOR,3934719,38
401160686,TOR,3206,26
401160686,TOR,3012,38
401160686,TOR,2991230,39
401160686,TOR,3439,22
401160686,TOR,3948153,4
401160686,TOR,3137730,17
401160686,TOR,2595516,20
401160686,TOR,3919454,1
401160686,TOR,3064291,0
401160686,TOR,3134881,0
401160686,TOR,3059311,0
401160687,OKC,3428,35
401160687,OKC,4230546,19
401160687,OKC,2991235,27
401160687,OKC,2779,34
401160687,OKC,4278073,36
401160687,OKC,2595435,5
401160687,OKC,3059358,0
401160687,OKC,4423545,12
401160687,OKC,2991280,21
401160687,OKC,3032979,34
401160687,OKC,4080610,18
401160687,OKC,2490089,0
401160687,OKC,3912332,0
401160687,HOU,3033,33
401160687,HOU,2991155,37
401160687,HOU,3102529,30
401160687,HOU,3468,35
401160687,HOU,3992,37
401160687,HOU,3028,10
401160687,HOU,984,3
401160687,HOU,6617,15
401160687,HOU,2578213,3
401160687,HOU,3431,37
401160687,HOU,3412,0
401160687,HOU,3132042,0
401160687,HOU,3906603,0
401160688,CLE,3449,33
401160688,CLE,3893016,27
401160688,CLE,6474,33
401160688,CLE,4277811,30
401160688,CLE,4396907,23
401160688,CLE,2530923,2
401160688,CLE,2580365,25
401160688,CLE,4066367,2
401160688,CLE,2489716,22
401160688,CLE,2528426,25
401160688,CLE,4397140,16
401160688,CLE,6448,0
401160688,MIL,6609,29
401160688,MIL,3032977,29
401160688,MIL,3448,28
401160688,MIL,4032,28
401160688,MIL,4238,26
401160688,MIL,2767,19
401160688,MIL,3136491,2
401160688,MIL,3447,17
401160688,MIL,3438,19
401160688,MIL,2011,18
401160688,MIL,2578239,21
401160688,MIL,3934673,2
401160688,MIL,3057187,0
401160689,GS,6589,34
401160689,GS,2991039,31
401160689,GS,3975,31
401160689,GS,3136776,34
401160689,GS,4277956,26
401160689,GS,3133817,19
401160689,GS,4065836,17
401160689,GS,3907487,9
401160689,GS,2595209,28
401160689,GS,3934621,3
401160689,GS,4065635,8
401160689,NO,3913176,31
401160689,NO,3135048,12
401160689,NO,3024,25
401160689,NO,3062679,31
401160689,NO,4066421,31
401160689,NO,4341,12
401160689,NO,4397077,24
401160689,NO,3133626,26
401160689,NO,4065651,23
401160689,NO,4278039,24
401160689,NO,4257,0
401160689,NO,3995,0
401160689,NO,6460,0
401160690,POR,3276,29
401160690,POR,4262,24
401160690,POR,2581177,34
401160690,POR,6606,39
401160690,POR,2490149,38
401160690,POR,2995706,19
401160690,POR,6637,24
401160690,POR,3936296,13
401160690,POR,4351851,21
401160690,POR,4395652,0
401160690,POR,4277843,0
401160690,SA,3136196,25
401160690,SA,2983,34
401160690,SA,2994526,29
401160690,SA,3978,33
401160690,SA,3907497,22
401160690,SA,3005,20
401160690,SA,3134908,12
401160690,SA,4004,22
401160690,SA,3190,17
401160690,SA,3078576,26
401160690,SA,3914283,0
401160690,SA,3970,0
401160690,SA,4277890,0
401160691,UTAH,2583632,32
401160691,UTAH,3593,37
401160691,UTAH,3032976,36
401160691,UTAH,3195,20
401160691,UTAH,3908809,37
401160691,UTAH,3209,14
401160691,UTAH,2968436,26
401160691,UTAH,2990969,9
401160691,UTAH,4259,12
401160691,UTAH,3892818,17
401160691,UTAH,2995105,0
401160691,UTAH,4065673,0
401160691,UTAH,3064457,0
401160691,PHX,3032978,21
401160691,PHX,2968439,21
401160691,PHX,4011,28
401160691,PHX,3133603,34
401160691,PHX,3136193,29
401160691,PHX,2579294,32
401160691,PHX,3138196,13
401160691,PHX,2530276,20
401160691,PHX,3133635,27
401160691,PHX,3147657,16
401160691,PHX,3919335,0
401160691,PHX,4278129,0
401160691,PHX,4230550,0
401160692,DEN,3015,25
401160692,DEN,3112335,28
401160692,DEN,6579,29
401160692,DEN,2999547,29
401160692,DEN,3936299,31
401160692,DEN,2991070,24
401160692,DEN,2528693,18
401160692,DEN,2488653,19
401160692,DEN,3059310,17
401160692,DEN,3907822,20
401160692,DEN,4017839,0
401160692,DEN,4278077,0
401160692,DEN,4278104,0
401160692,SAC,4269,35
401160692,SAC,6578,32
401160692,SAC,2580913,17
401160692,SAC,2990984,34
401160692,SAC,4066259,36
401160692,SAC,2993370,30
401160692,SAC,2426,23
401160692,SAC,6446,13
401160692,SAC,3037789,19
401160692,SAC,3906671,0
401160692,SAC,4066264,0
401160692,SAC,2991018,0
401160692,SAC,3914058,0
401160693,CHA,4066383,36
401160693,CHA,4278078,31
401160693,CHA,2579258,27
401160693,CHA,3074752,34
401160693,CHA,3907821,22
401160693,CHA,2797,17
401160693,CHA,3138161,4
401160693,CHA,6427,16
401160693,CHA,3133601,32
401160693,CHA,4066262,21
401160693,CHA,6601,0
401160693,CHA,3138160,0
401160693,CHA,2999409,0
401160693,LAC,4264,23
401160693,LAC,6450,30
401160693,LAC,4017837,20
401160693,LAC,3964,31
401160693,LAC,3914044,35
401160693,LAC,2327577,22
401160693,LAC,6591,19
401160693,LAC,2991055,26
401160693,LAC,4065660,1
401160693,LAC,2799,29
401160693,LAC,3943606,1
401160693,LAC,3056273,1
401160693,LAC,3907823,1
401160694,ATL,3908845,36
401160694,ATL,4065732,28
401160694,ATL,4395627,26
401160694,ATL,2596107,18
401160694,ATL,4277905,11
401160694,ATL,3056600,23
401160694,ATL,4277952,12
401160694,ATL,3064559,8
401160694,ATL,3062667,27
401160694,ATL,136,18
401160694,ATL,3002137,14
401160694,ATL,4066372,19
401160694,MIA,3135047,30
401160694,MIA,6430,31
401160694,MIA,6605,25
401160694,MIA,4066261,33
401160694,MIA,3056247,30
401160694,MIA,2489663,18
401160694,MIA,3157465,1
401160694,MIA,3923253,14
401160694,MIA,3423,30
401160694,MIA,4395725,29
401160694,MIA,2184,0
401160694,MIA,3936099,0
401160694,MIA,4278521,0
401160695,DAL,2531367,14
401160695,DAL,2578185,23
401160695,DAL,3102531,33
401160695,DAL,2326307,25
401160695,DAL,3945274,33
401160695,DAL,2960236,30
401160695,DAL,3138156,19
401160695,DAL,2528210,23
401160695,DAL,3064447,24
401160695,DAL,3934672,16
401160695,DAL,4376,0
401160695,DAL,3055,0
401160695,DAL,3445,0
401160695,DEN,3015,31
401160695,DEN,3112335,33
401160695,DEN,6579,37
401160695,DEN,2999547,34
401160695,DEN,3936299,34
401160695,DEN,2991070,17
401160695,DEN,2528693,11
401160695,DEN,2488653,15
401160695,DEN,3059310,14
401160695,DEN,3907822,14
401160695,DEN,4017839,0
401160695,DEN,4278077,0
401160695,DEN,4278104,0
401160696,MEM,6581,27
401160696,MEM,3155526,23
401160696,MEM,4277961,18
401160696,MEM,6477,23
401160696,MEM,4279888,25
401160696,MEM,2993874,17
401160696,MEM,3113297,8
401160696,MEM,3906665,19
401160696,MEM,2488958,13
401160696,MEM,3135045,21
401160696,MEM,3135046,16
401160696,MEM,4066436,6
401160696,MEM,4230554,23
401160696,LAL,1966,28
401160696,LAL,3988,19
401160696,LAL,6583,31
401160696,LAL,3452,29
401160696,LAL,4240,24
401160696,LAL,3201,7
401160696,LAL,2384,19
401160696,LAL,2566745,22
401160696,LAL,2489530,20
401160696,LAL,2581018,29
401160696,LAL,2991350,13
401160696,LAL,4396991,0
401160697,CHI,4066336,27
401160697,CHI,2594922,27
401160697,CHI,4277847,27
401160697,CHI,6621,27
401160697,CHI,3064440,32
401160697,CHI,3244,23
401160697,CHI,3064560,19
401160697,CHI,2991047,16
401160697,CHI,2991139,21
401160697,CHI,4395651,21
401160697,CHI,4278049,0
401160697,CHI,2991274,0
401160697,CHI,2999549,0
401160697,CLE,3449,31
401160697,CLE,3893016,31
401160697,CLE,6474,35
401160697,CLE,4277811,28
401160697,CLE,4396907,25
401160697,CLE,2580365,30
401160697,CLE,2489716,14
401160697,CLE,2528426,26
401160697,CLE,4397140,20
401160697,CLE,2530923,0
401160697,CLE,4066367,0
401160697,CLE,6448,0
401160698,NY,6462,31
401160698,NY,3064514,37
401160698,NY,4395625,31
401160698,NY,4351852,19
401160698,NY,3981,19
401160698,NY,3986,9
401160698,NY,3064482,29
401160698,NY,4278075,23
401160698,NY,4230547,29
401160698,NY,2991149,13
401160698,NY,4397205,0
401160698,NY,3907525,0
401160698,ORL,3064290,28
401160698,ORL,4065654,32
401160698,ORL,6478,34
401160698,ORL,6588,28
401160698,ORL,3415,28
401160698,ORL,4248,26
401160698,ORL,4277919,14
401160698,ORL,6619,22
401160698,ORL,2596108,8
401160698,ORL,4066636,20
401160698,ORL,3074797,0
401160698,ORL,2578240,0
401160698,ORL,3913546,0
401160699,MIN,2490620,26
401160699,MIN,2595231,21
401160699,MIN,3059319,33
401160699,MIN,3136195,23
401160699,MIN,4015,25
401160699,MIN,3078284,15
401160699,MIN,2982268,24
401160699,MIN,3064427,12
401160699,MIN,2530780,25
401160699,MIN,4065663,21
401160699,MIN,4277928,16
401160699,MIN,2534781,0
401160699,PHI,6440,34
401160699,PHI,3213,34
401160699,PHI,3059318,20
401160699,PHI,2581190,32
401160699,PHI,3907387,33
401160699,PHI,6622,18
401160699,PHI,3155533,2
401160699,PHI,2579321,19
401160699,PHI,6615,5
401160699,PHI,2968361,2
401160699,PHI,3929325,22
401160699,PHI,3907498,21
401160699,PHI,2579260,0
401160700,MIL,6609,34
401160700,MIL,3032977,35
401160700,MIL,3448,27
401160700,MIL,4032,30
401160700,MIL,4238,28
401160700,MIL,2767,15
401160700,MIL,3447,14
401160700,MIL,3438,20
401160700,MIL,2011,16
401160700,MIL,2578239,21
401160700,MIL,3136491,0
401160700,MIL,3057187,0
401160700,MIL,3934673,0
401160700,BOS,4065648,39
401160700,BOS,4249,38
401160700,BOS,2451037,28
401160700,BOS,6479,38
401160700,BOS,2990992,39
401160700,BOS,3056602,20
401160700,BOS,4066218,15
401160700,BOS,4066211,14
401160700,BOS,6507,6
401160700,BOS,4066407,4
401160700,BOS,4397008,0
401160700,BOS,2596112,0
401160700,BOS,4237215,0
401160701,IND,3155942,36
401160701,IND,2982334,34
401160701,IND,3133628,10
401160701,IND,6603,34
401160701,IND,2566769,32
401160701,IND,2284101,24
401160701,IND,2528588,32
401160701,IND,4348700,9
401160701,IND,2530530,12
401160701,IND,3922230,16
401160701,IND,4066425,0
401160701,IND,4067045,0
401160701,IND,2608891,0
401160701,BKN,2990962,27
401160701,BKN,2528794,30
401160701,BKN,3442,23
401160701,BKN,6442,31
401160701,BKN,2991043,33
401160701,BKN,4348696,1
401160701,BKN,3062744,10
401160701,BKN,4230548,20
401160701,BKN,4066328,22
401160701,BKN,2580782,27
401160701,BKN,4023,15
401160701,BKN,3138154,1
401160701,BKN,3194,0
401160702,DET,6461,32
401160702,DET,2528353,19
401160702,DET,6585,35
401160702,DET,2488945,22
401160702,DET,3913174,27
401160702,DET,3058254,16
401160702,DET,4017843,13
401160702,DET,3456,21
401160702,DET,2530572,26
401160702,DET,3133602,9
401160702,DET,4065670,21
401160702,DET,3912334,0
401160702,TOR,3149673,30
401160702,TOR,3934719,37
401160702,TOR,3206,15
401160702,TOR,3012,38
401160702,TOR,2991230,30
401160702,TOR,3439,32
401160702,TOR,3948153,4
401160702,TOR,3137730,23
401160702,TOR,3059311,1
401160702,TOR,2595516,29
401160702,TOR,3919454,1
401160702,TOR,3064291,0
401160702,TOR,3134881,0
401160703,HOU,3033,33
401160703,HOU,2991155,29
401160703,HOU,3102529,30
401160703,HOU,3468,35
401160703,HOU,3992,38
401160703,HOU,3412,4
401160703,HOU,3028,10
401160703,HOU,984,4
401160703,HOU,6617,20
401160703,HOU,2578213,8
401160703,HOU,3431,30
401160703,HOU,3132042,0
401160703,HOU,3906603,0
401160703,WSH,4066648,36
401160703,WSH,3934723,34
401160703,WSH,4305,23
401160703,WSH,6580,41
401160703,WSH,4348697,25
401160703,WSH,4278508,17
401160703,WSH,6426,27
401160703,WSH,3150844,14
401160703,WSH,6472,24
401160703,WSH,3945566,0
401160703,WSH,2531797,0
401160704,POR,3276,26
401160704,POR,4262,25
401160704,POR,2581177,34
401160704,POR,6606,38
401160704,POR,2490149,36
401160704,POR,2995706,20
401160704,POR,6637,21
401160704,POR,3936296,21
401160704,POR,4277843,4
401160704,POR,4351851,16
401160704,POR,4066650,0
401160704,POR,4395652,0
401160704,OKC,3428,31
401160704,OKC,4230546,35
401160704,OKC,2991280,28
401160704,OKC,2779,31
401160704,OKC,4278073,36
401160704,OKC,4423545,13
401160704,OKC,2490089,19
401160704,OKC,3032979,28
401160704,OKC,4080610,20
401160704,OKC,2595435,0
401160704,OKC,3059285,0
401160704,OKC,3059358,0
401160704,OKC,3912332,0
401160705,LAC,4264,29
401160705,LAC,4017837,18
401160705,LAC,3964,25
401160705,LAC,2799,28
401160705,LAC,3914044,33
401160705,LAC,2327577,27
401160705,LAC,6591,17
401160705,LAC,2991055,14
401160705,LAC,4065660,1
401160705,LAC,3943606,19
401160705,LAC,2488826,18
401160705,LAC,3056273,1
401160705,LAC,3907823,10
401160705,UTAH,2583632,24
401160705,UTAH,3593,31
401160705,UTAH,3032976,33
401160705,UTAH,3195,32
401160705,UTAH,3908809,35
401160705,UTAH,3209,19
401160705,UTAH,2968436,31
401160705,UTAH,2990969,1
401160705,UTAH,2995105,1
401160705,UTAH,4259,14
401160705,UTAH,4065673,1
401160705,UTAH,3064457,1
401160705,UTAH,3892818,16
401160706,CHA,4066383,34
401160706,CHA,4278078,36
401160706,CHA,2579258,35
401160706,CHA,3074752,35
401160706,CHA,3907821,25
401160706,CHA,2797,20
401160706,CHA,3138161,5
401160706,CHA,3133601,31
401160706,CHA,4066262,20
401160706,CHA,6601,0
401160706,CHA,3138160,0
401160706,CHA,6427,0
401160706,CHA,2999409,0
401160706,SAC,4269,25
401160706,SAC,6578,40
401160706,SAC,2993370,35
401160706,SAC,2990984,38
401160706,SAC,4066259,36
401160706,SAC,4066264,3
401160706,SAC,2426,21
401160706,SAC,2580913,4
401160706,SAC,6446,12
401160706,SAC,3037789,26
401160706,SAC,3906671,0
401160706,SAC,2991018,0
401160706,SAC,3914058,0
401160707,PHX,3032978,31
401160707,PHX,2968439,28
401160707,PHX,4011,33
401160707,PHX,3133603,33
401160707,PHX,3136193,36
401160707,PHX,2579294,18
401160707,PHX,3138196,14
401160707,PHX,3919335,2
401160707,PHX,2530276,12
401160707,PHX,3133635,15
401160707,PHX,3147657,15
401160707,PHX,4230550,2
401160707,PHX,4278129,0
401160707,GS,6589,24
401160707,GS,2991039,31
401160707,GS,3133817,38
401160707,GS,3975,21
401160707,GS,3136776,30
401160707,GS,4065836,22
401160707,GS,2991282,12
401160707,GS,6429,18
401160707,GS,2595209,11
401160707,GS,4065635,12
401160707,GS,4277956,21
401160707,GS,3907487,0
401160708,MIA,6430,35
401160708,MIA,3157465,27
401160708,MIA,6605,25
401160708,MIA,4066261,36
401160708,MIA,3056247,33
401160708,MIA,2489663,22
401160708,MIA,3923253,12
401160708,MIA,3423,19
401160708,MIA,4395725,30
401160708,MIA,2184,0
401160708,MIA,3135047,0
401160708,MIA,3999,0
401160708,ATL,3908845,33
401160708,ATL,4065732,28
401160708,ATL,4395627,29
401160708,ATL,2596107,14
401160708,ATL,4066372,26
401160708,ATL,3056600,25
401160708,ATL,4277952,4
401160708,ATL,3064559,16
401160708,ATL,3062667,28
401160708,ATL,136,16
401160708,ATL,3002137,19
401160708,ATL,3057198,0
401160709,DEN,3015,15
401160709,DEN,2528693,20
401160709,DEN,3112335,27
401160709,DEN,2999547,28
401160709,DEN,3936299,26
401160709,DEN,4017839,5
401160709,DEN,2991070,25
401160709,DEN,4278077,5
401160709,DEN,4278104,21
401160709,DEN,4230557,2
401160709,DEN,2488653,15
401160709,DEN,3059310,22
401160709,DEN,3907822,28
401160709,NO,4341,19
401160709,NO,3913176,36
401160709,NO,3135048,34
401160709,NO,3995,32
401160709,NO,4066421,32
401160709,NO,4397077,9
401160709,NO,3024,17
401160709,NO,3062679,27
401160709,NO,3133626,3
401160709,NO,4065651,19
401160709,NO,4278039,12
401160709,NO,4257,0
401160709,NO,6460,0
401160710,SA,3136196,13
401160710,SA,2983,36
401160710,SA,2994526,25
401160710,SA,3978,35
401160710,SA,3907497,23
401160710,SA,3005,26
401160710,SA,3134908,12
401160710,SA,4004,22
401160710,SA,3190,18
401160710,SA,3078576,25
401160710,SA,4277890,5
401160710,SA,3914283,0
401160710,SA,3970,0
401160710,LAC,4264,19
401160710,LAC,6450,34
401160710,LAC,4017837,17
401160710,LAC,3964,32
401160710,LAC,3914044,26
401160710,LAC,2327577,22
401160710,LAC,6591,20
401160710,LAC,2991055,31
401160710,LAC,2799,32
401160710,LAC,2488826,7
401160710,LAC,4065660,0
401160710,LAC,3943606,0
401160710,LAC,3907823,0
401160711,HOU,3033,35
401160711,HOU,2991155,32
401160711,HOU,3102529,20
401160711,HOU,3468,36
401160711,HOU,3992,37
401160711,HOU,984,15
401160711,HOU,6617,16
401160711,HOU,2578213,21
401160711,HOU,3431,29
401160711,HOU,3412,0
401160711,HOU,3028,0
401160711,HOU,4222252,0
401160711,HOU,3906603,0
401160711,BKN,2990962,34
401160711,BKN,2528794,34
401160711,BKN,4066328,31
401160711,BKN,6442,34
401160711,BKN,2991043,32
401160711,BKN,4348696,4
401160711,BKN,4230548,9
401160711,BKN,3442,16
401160711,BKN,2580782,20
401160711,BKN,4023,24
401160711,BKN,3194,0
401160711,BKN,3062744,0
401160711,BKN,3138154,0
401160712,CLE,3449,35
401160712,CLE,3893016,38
401160712,CLE,6474,31
401160712,CLE,4277811,37
401160712,CLE,4396907,26
401160712,CLE,2580365,26
401160712,CLE,6448,6
401160712,CLE,2528426,27
401160712,CLE,4397140,14
401160712,CLE,2530923,0
401160712,CLE,4066367,0
401160712,IND,4066425,8
401160712,IND,3155942,37
401160712,IND,2982334,28
401160712,IND,6603,35
401160712,IND,2566769,33
401160712,IND,2284101,23
401160712,IND,2528588,19
401160712,IND,2608891,10
401160712,IND,4348700,25
401160712,IND,2530530,15
401160712,IND,3922230,6
401160712,IND,4067045,0
401160713,MIL,6609,20
401160713,MIL,3032977,30
401160713,MIL,3448,25
401160713,MIL,4032,20
401160713,MIL,4238,27
401160713,MIL,2767,17
401160713,MIL,3102533,6
401160713,MIL,3136491,6
401160713,MIL,3057187,21
401160713,MIL,3447,18
401160713,MIL,3438,15
401160713,MIL,2578239,16
401160713,MIL,3934673,17
401160713,ORL,3064290,28
401160713,ORL,4065654,29
401160713,ORL,6478,25
401160713,ORL,6588,22
401160713,ORL,3415,23
401160713,ORL,2982249,6
401160713,ORL,3074797,13
401160713,ORL,4248,21
401160713,ORL,2578240,23
401160713,ORL,4064727,6
401160713,ORL,6619,21
401160713,ORL,3913546,6
401160713,ORL,4066636,19
401160714,NY,6462,39
401160714,NY,3064514,34
401160714,NY,4395625,39
401160714,NY,4351852,16
401160714,NY,4230547,38
401160714,NY,3064482,21
401160714,NY,4278075,29
401160714,NY,3981,24
401160714,NY,3986,0
401160714,NY,4397205,0
401160714,NY,2991149,0
401160714,NY,3907525,0
401160714,BOS,4065648,34
401160714,BOS,4249,35
401160714,BOS,2451037,27
401160714,BOS,6479,36
401160714,BOS,2990992,30
401160714,BOS,3056602,16
401160714,BOS,4066218,27
401160714,BOS,4237215,7
401160714,BOS,6507,15
401160714,BOS,4066407,14
401160714,BOS,3904625,0
401160714,BOS,4397008,0
401160714,BOS,2596112,0
401160715,DET,6461,32
401160715,DET,2528353,27
401160715,DET,6585,35
401160715,DET,2488945,17
401160715,DET,3913174,33
401160715,DET,3058254,15
401160715,DET,4017843,13
401160715,DET,3456,25
401160715,DET,2530572,23
401160715,DET,4065670,21
401160715,DET,3912334,0
401160715,DET,3133602,0
401160715,CHI,4066336,25
401160715,CHI,2594922,31
401160715,CHI,4277847,32
401160715,CHI,6621,26
401160715,CHI,3064440,32
401160715,CHI,3244,29
401160715,CHI,3064560,10
401160715,CHI,2991047,16
401160715,CHI,2991139,19
401160715,CHI,4395651,19
401160715,CHI,4278049,0
401160715,CHI,2991274,0
401160715,CHI,2999549,0
401160716,LAL,1966,43
401160716,LAL,3988,34
401160716,LAL,6583,43
401160716,LAL,3452,12
401160716,LAL,4240,39
401160716,LAL,3134907,19
401160716,LAL,2384,27
401160716,LAL,2566745,4
401160716,LAL,2489530,9
401160716,LAL,2581018,21
401160716,LAL,2991350,16
401160716,LAL,3201,0
401160716,DAL,2531367,25
401160716,DAL,2578185,32
401160716,DAL,3102531,37
401160716,DAL,2326307,23
401160716,DAL,3945274,38
401160716,DAL,2960236,31
401160716,DAL,3138156,2
401160716,DAL,4376,11
401160716,DAL,2528210,27
401160716,DAL,3064447,25
401160716,DAL,3934672,15
401160716,DAL,3055,0
401160716,DAL,3445,0
401160717,UTAH,2583632,23
401160717,UTAH,3593,36
401160717,UTAH,3032976,38
401160717,UTAH,3195,33
401160717,UTAH,3908809,35
401160717,UTAH,3209,23
401160717,UTAH,2968436,30
401160717,UTAH,4259,8
401160717,UTAH,3892818,15
401160717,UTAH,2990969,0
401160717,UTAH,2995105,0
401160717,UTAH,4065673,0
401160717,UTAH,3064457,0
401160717,SAC,4269,26
401160717,SAC,6578,31
401160717,SAC,2993370,20
401160717,SAC,2990984,30
401160717,SAC,4066259,37
401160717,SAC,2426,32
401160717,SAC,2580913,27
401160717,SAC,6446,11
401160717,SAC,3037789,25
401160717,SAC,3906671,0
401160717,SAC,4066264,0
401160717,SAC,2991018,0
401160717,SAC,3914058,0
401160718,SA,3136196,28
401160718,SA,2983,26
401160718,SA,2994526,26
401160718,SA,3978,29
401160718,SA,3078576,26
401160718,SA,3914283,4
401160718,SA,3970,17
401160718,SA,3914285,2
401160718,SA,3005,18
401160718,SA,3134908,18
401160718,SA,4004,22
401160718,SA,3190,22
401160718,SA,4277890,2
401160718,GS,6589,34
401160718,GS,2991039,27
401160718,GS,2991282,17
401160718,GS,3136776,33
401160718,GS,4277956,29
401160718,GS,3133817,20
401160718,GS,4065836,5
401160718,GS,3907487,19
401160718,GS,6429,16
401160718,GS,2595209,25
401160718,GS,4065635,15
401160719,NO,4341,10
401160719,NO,3913176,13
401160719,NO,3135048,29
401160719,NO,3995,35
401160719,NO,4066421,33
401160719,NO,4397077,14
401160719,NO,3024,27
401160719,NO,3062679,30
401160719,NO,3133626,19
401160719,NO,4065651,22
401160719,NO,4278039,8
401160719,NO,4257,0
401160719,NO,6460,0
401160719,OKC,3428,29
401160719,OKC,4230546,5
401160719,OKC,2991280,24
401160719,OKC,2779,29
401160719,OKC,4278073,36
401160719,OKC,2595435,12
401160719,OKC,3059358,8
401160719,OKC,4423545,19
401160719,OKC,2490089,20
401160719,OKC,3032979,29
401160719,OKC,4080610,30
401160719,OKC,3059285,0
401160719,OKC,3912332,0
401160720,BKN,2990962,33
401160720,BKN,2528794,31
401160720,BKN,3442,30
401160720,BKN,6442,33
401160720,BKN,2991043,28
401160720,BKN,4230548,15
401160720,BKN,4066328,18
401160720,BKN,2580782,25
401160720,BKN,4023,27
401160720,BKN,4348696,0
401160720,BKN,3062744,0
401160720,BKN,3138154,0
401160720,DET,6461,34
401160720,DET,2528353,31
401160720,DET,6585,39
401160720,DET,3913174,37
401160720,DET,4065670,40
401160720,DET,3058254,7
401160720,DET,4017843,9
401160720,DET,2530572,28
401160720,DET,3133602,15
401160720,DET,4423314,0
401160720,DET,3456,0
401160720,DET,3912334,0
401160720,DET,4066212,0
401160721,DEN,3015,28
401160721,DEN,2528693,28
401160721,DEN,3112335,31
401160721,DEN,2999547,35
401160721,DEN,3936299,32
401160721,DEN,4017839,12
401160721,DEN,2991070,21
401160721,DEN,4278104,7
401160721,DEN,2488653,15
401160721,DEN,3059310,16
401160721,DEN,3907822,13
401160721,DEN,4278077,0
401160721,DEN,4230557,0
401160721,ORL,3064290,32
401160721,ORL,4065654,36
401160721,ORL,6478,34
401160721,ORL,6588,27
401160721,ORL,4066636,25
401160721,ORL,4248,25
401160721,ORL,2578240,4
401160721,ORL,4277919,10
401160721,ORL,3415,25
401160721,ORL,6619,22
401160721,ORL,2982249,0
401160721,ORL,3074797,0
401160721,ORL,4064727,0
401160722,MIN,2490620,20
401160722,MIN,2595231,14
401160722,MIN,3059319,26
401160722,MIN,2534781,24
401160722,MIN,4015,28
401160722,MIN,3078284,13
401160722,MIN,2982268,27
401160722,MIN,3064427,11
401160722,MIN,2530780,22
401160722,MIN,4065663,29
401160722,MIN,4277928,26
401160722,MIN,3136195,0
401160722,WSH,4066648,22
401160722,WSH,3934723,20
401160722,WSH,4305,31
401160722,WSH,6580,28
401160722,WSH,4348697,18
401160722,WSH,3945566,9
401160722,WSH,4278508,22
401160722,WSH,6426,27
401160722,WSH,3918423,15
401160722,WSH,3150844,28
401160722,WSH,6472,19
401160723,PHX,3032978,25
401160723,PHX,2968439,28
401160723,PHX,4011,35
401160723,PHX,3133603,28
401160723,PHX,3136193,31
401160723,PHX,2579294,23
401160723,PHX,3138196,17
401160723,PHX,2530276,20
401160723,PHX,3133635,13
401160723,PHX,3147657,19
401160723,PHX,3919335,0
401160723,PHX,4278129,0
401160723,PHX,4230550,0
401160723,MEM,6581,27
401160723,MEM,3155526,24
401160723,MEM,4277961,22
401160723,MEM,6477,24
401160723,MEM,4279888,29
401160723,MEM,2993874,20
401160723,MEM,3113297,5
401160723,MEM,3906665,22
401160723,MEM,2488958,23
401160723,MEM,3135045,10
401160723,MEM,3135046,22
401160723,MEM,4230554,12
401160723,MEM,4066436,0
401160724,TOR,3149673,32
401160724,TOR,3934719,31
401160724,TOR,3206,34
401160724,TOR,3012,38
401160724,TOR,2991230,41
401160724,TOR,3439,22
401160724,TOR,3948153,4
401160724,TOR,3059311,9
401160724,TOR,2595516,19
401160724,TOR,3919454,9
401160724,TOR,2580980,0
401160724,TOR,3064291,0
401160724,TOR,3134881,0
401160724,MIL,6609,34
401160724,MIL,3032977,36
401160724,MIL,3448,26
401160724,MIL,4032,9
401160724,MIL,4238,24
401160724,MIL,2767,21
401160724,MIL,3057187,13
401160724,MIL,3447,11
401160724,MIL,3438,27
401160724,MIL,2011,16
401160724,MIL,3934673,21
401160724,MIL,3136491,0
401160724,MIL,2578239,0
401160725,CHA,4066383,29
401160725,CHA,4278078,33
401160725,CHA,2579258,20
401160725,CHA,3074752,37
401160725,CHA,3907821,37
401160725,CHA,2797,24
401160725,CHA,3138161,4
401160725,CHA,6427,5
401160725,CHA,3133601,31
401160725,CHA,4066262,20
401160725,CHA,6601,0
401160725,CHA,3138160,0
401160725,CHA,2999409,0
401160725,GS,2991039,36
401160725,GS,3133817,35
401160725,GS,2991282,21
401160725,GS,4065635,39
401160725,GS,4277956,31
401160725,GS,4065836,19
401160725,GS,3907487,8
401160725,GS,6429,25
401160725,GS,2595209,27
401160725,GS,6589,0
401160725,GS,3136776,0
401160726,PHI,6440,36
401160726,PHI,3213,30
401160726,PHI,2581190,36
401160726,PHI,3907387,36
401160726,PHI,3907498,17
401160726,PHI,6622,16
401160726,PHI,2579321,25
401160726,PHI,6615,18
401160726,PHI,2968361,6
401160726,PHI,3929325,20
401160726,PHI,3155533,0
401160726,PHI,3059318,0
401160726,PHI,2579260,0
401160726,POR,3276,27
401160726,POR,2995706,37
401160726,POR,2581177,31
401160726,POR,6606,39
401160726,POR,2490149,38
401160726,POR,6637,26
401160726,POR,3936296,23
401160726,POR,4277843,4
401160726,POR,4351851,14
401160726,POR,4066650,0
401160726,POR,4395652,0
401160726,POR,4262,0
401160727,CHI,4066336,29
401160727,CHI,2594922,27
401160727,CHI,4277847,28
401160727,CHI,6621,27
401160727,CHI,3064440,32
401160727,CHI,3244,26
401160727,CHI,3064560,10
401160727,CHI,2991047,17
401160727,CHI,2991139,19
401160727,CHI,2991274,1
401160727,CHI,4395651,24
401160727,CHI,4278049,0
401160727,CHI,3149010,0
401160727,IND,2608891,19
401160727,IND,2982334,38
401160727,IND,4348700,19
401160727,IND,6603,32
401160727,IND,2566769,31
401160727,IND,4066425,22
401160727,IND,2284101,28
401160727,IND,2528588,17
401160727,IND,2530530,18
401160727,IND,3922230,17
401160727,IND,4067045,0
401160727,IND,4277882,0
401160727,IND,2990968,0
401160728,HOU,3033,25
401160728,HOU,3102529,23
401160728,HOU,3431,23
401160728,HOU,3468,26
401160728,HOU,3992,26
401160728,HOU,3412,10
401160728,HOU,3028,18
401160728,HOU,2991155,19
401160728,HOU,984,3
401160728,HOU,6617,24
401160728,HOU,2578213,21
401160728,HOU,3906603,22
401160728,MIA,6430,27
401160728,MIA,3157465,36
401160728,MIA,6605,28
401160728,MIA,4066261,26
401160728,MIA,3056247,19
401160728,MIA,3999,22
401160728,MIA,2489663,14
401160728,MIA,3923253,5
401160728,MIA,3423,28
401160728,MIA,4395725,35
401160728,MIA,2184,0
401160728,MIA,3135047,0
401160728,MIA,6628,0
401160729,SAC,4269,24
401160729,SAC,6578,40
401160729,SAC,2993370,30
401160729,SAC,2990984,30
401160729,SAC,4066259,35
401160729,SAC,3906671,2
401160729,SAC,4066264,6
401160729,SAC,2426,25
401160729,SAC,2580913,15
401160729,SAC,6446,11
401160729,SAC,2991018,2
401160729,SAC,3037789,19
401160729,SAC,3914058,2
401160729,NY,6462,35
401160729,NY,3064482,20
401160729,NY,3064514,27
401160729,NY,4395625,41
401160729,NY,4230547,15
401160729,NY,4278075,21
401160729,NY,4397205,4
401160729,NY,4351852,25
401160729,NY,3981,25
401160729,NY,2991149,4
401160729,NY,3907525,24
401160729,NY,3986,0
401160730,LAL,1966,37
401160730,LAL,3988,23
401160730,LAL,6583,36
401160730,LAL,3452,11
401160730,LAL,4240,27
401160730,LAL,3134907,16
401160730,LAL,2384,21
401160730,LAL,2566745,5
401160730,LAL,2489530,15
401160730,LAL,2581018,28
401160730,LAL,2991350,20
401160730,LAL,3201,0
401160730,SA,3136196,14
401160730,SA,2983,30
401160730,SA,2994526,27
401160730,SA,3978,34
401160730,SA,3907497,24
401160730,SA,3970,5
401160730,SA,3005,27
401160730,SA,3134908,19
401160730,SA,4004,20
401160730,SA,3190,15
401160730,SA,3078576,24
401160730,SA,3914283,0
401160730,SA,4277890,0
401160731,DAL,2531367,27
401160731,DAL,3102531,31
401160731,DAL,2326307,22
401160731,DAL,3934672,30
401160731,DAL,3945274,34
401160731,DAL,2578185,23
401160731,DAL,3138156,6
401160731,DAL,4376,15
401160731,DAL,2489693,2
401160731,DAL,2528210,22
401160731,DAL,3064447,28
401160731,DAL,3055,0
401160731,DAL,3445,0
401160731,CLE,3449,35
401160731,CLE,3893016,28
401160731,CLE,6474,31
401160731,CLE,4277811,25
401160731,CLE,4396907,26
401160731,CLE,2530923,3
401160731,CLE,2580365,27
401160731,CLE,4066367,3
401160731,CLE,6448,20
401160731,CLE,2528426,22
401160731,CLE,4397140,20
401160732,UTAH,2583632,34
401160732,UTAH,3593,35
401160732,UTAH,3032976,34
401160732,UTAH,3195,35
401160732,UTAH,3908809,34
401160732,UTAH,3209,19
401160732,UTAH,2968436,28
401160732,UTAH,2990969,6
401160732,UTAH,4065673,14
401160732,UTAH,3912292,0
401160732,UTAH,2995105,0
401160732,UTAH,4066851,0
401160732,UTAH,3064457,0
401160732,LAC,4264,12
401160732,LAC,6450,34
401160732,LAC,4017837,18
401160732,LAC,3964,33
401160732,LAC,3914044,27
401160732,LAC,2327577,24
401160732,LAC,6591,18
401160732,LAC,2991055,30
401160732,LAC,2799,32
401160732,LAC,2488826,12
401160732,LAC,3907823,0
401160732,LAC,4065660,0
401160732,LAC,3943606,0
401160733,DET,6461,14
401160733,DET,2528353,34
401160733,DET,6585,39
401160733,DET,3913174,34
401160733,DET,4065670,37
401160733,DET,3058254,21
401160733,DET,4017843,8
401160733,DET,2530572,22
401160733,DET,3912334,2
401160733,DET,3133602,27
401160733,DET,4066212,2
401160733,WSH,4066648,16
401160733,WSH,3934723,27
401160733,WSH,6472,24
401160733,WSH,6580,32
401160733,WSH,4348697,23
401160733,WSH,3945566,2
401160733,WSH,4278508,31
401160733,WSH,6426,22
401160733,WSH,3918423,2
401160733,WSH,3150844,22
401160733,WSH,4305,20
401160733,WSH,2778,19
401160734,NO,3913176,37
401160734,NO,3135048,21
401160734,NO,3995,34
401160734,NO,3062679,31
401160734,NO,4066421,21
401160734,NO,4257,8
401160734,NO,4397077,16
401160734,NO,3024,21
401160734,NO,6460,15
401160734,NO,3133626,6
401160734,NO,4065651,25
401160734,NO,4278039,4
401160734,NO,4341,0
401160734,BKN,2990962,38
401160734,BKN,2528794,33
401160734,BKN,4066328,30
401160734,BKN,6442,35
401160734,BKN,2991043,35
401160734,BKN,4230548,7
401160734,BKN,3442,16
401160734,BKN,2580782,21
401160734,BKN,4023,26
401160734,BKN,4348696,0
401160734,BKN,3062744,0
401160734,BKN,4278067,0
401160734,BKN,3138154,0
401160735,HOU,3033,34
401160735,HOU,2991155,36
401160735,HOU,3102529,29
401160735,HOU,3431,32
401160735,HOU,3992,37
401160735,HOU,3028,7
401160735,HOU,984,7
401160735,HOU,6617,24
401160735,HOU,2578213,30
401160735,HOU,3906603,3
401160735,HOU,3412,0
401160735,HOU,3468,0
401160735,MEM,6581,29
401160735,MEM,3155526,32
401160735,MEM,3906665,20
401160735,MEM,6477,24
401160735,MEM,4279888,28
401160735,MEM,2993874,25
401160735,MEM,3113297,24
401160735,MEM,2488958,15
401160735,MEM,3135046,25
401160735,MEM,4230554,17
401160735,MEM,3133838,0
401160735,MEM,3134932,0
401160735,MEM,4066436,0
401160736,MIL,6609,27
401160736,MIL,3032977,27
401160736,MIL,3448,26
401160736,MIL,4032,22
401160736,MIL,4238,24
401160736,MIL,2767,16
401160736,MIL,3136491,7
401160736,MIL,3057187,4
401160736,MIL,3447,19
401160736,MIL,3438,17
401160736,MIL,2011,17
401160736,MIL,2578239,16
401160736,MIL,3934673,20
401160736,MIN,2490620,23
401160736,MIN,2595231,23
401160736,MIN,3059319,31
401160736,MIN,2534781,17
401160736,MIN,4015,18
401160736,MIN,3078284,16
401160736,MIN,2982268,26
401160736,MIN,3064427,15
401160736,MIN,2530780,25
401160736,MIN,4065663,22
401160736,MIN,4277928,24
401160736,MIN,3136195,0
401160737,PHI,6440,37
401160737,PHI,3213,35
401160737,PHI,2581190,38
401160737,PHI,3929325,34
401160737,PHI,3907387,36
401160737,PHI,6622,18
401160737,PHI,2579321,12
401160737,PHI,6615,13
401160737,PHI,2968361,12
401160737,PHI,3907498,5
401160737,PHI,3155533,0
401160737,PHI,3059318,0
401160737,PHI,2579260,0
401160737,PHX,3032978,25
401160737,PHX,2968439,32
401160737,PHX,4011,34
401160737,PHX,3133603,32
401160737,PHX,3136193,32
401160737,PHX,2579294,20
401160737,PHX,3138196,10
401160737,PHX,2530276,20
401160737,PHX,3133635,10
401160737,PHX,3147657,25
401160737,PHX,3919335,0
401160737,PHX,4278129,0
401160737,PHX,4230550,0
401160738,POR,3276,17
401160738,POR,4262,28
401160738,POR,2581177,36
401160738,POR,6606,37
401160738,POR,2490149,34
401160738,POR,2995706,26
401160738,POR,6637,22
401160738,POR,3936296,15
401160738,POR,4277843,5
401160738,POR,4351851,19
401160738,POR,996,0
401160738,POR,4395652,0
401160738,GS,2991039,31
401160738,GS,3133817,40
401160738,GS,2991282,16
401160738,GS,4065635,37
401160738,GS,4277956,31
401160738,GS,4065836,15
401160738,GS,3907487,14
401160738,GS,6429,28
401160738,GS,2595209,29
401160738,GS,6589,0
401160738,GS,3136776,0
401160739,IND,2608891,20
401160739,IND,2982334,41
401160739,IND,4348700,32
401160739,IND,6603,38
401160739,IND,2566769,39
401160739,IND,4066425,14
401160739,IND,2284101,24
401160739,IND,2528588,19
401160739,IND,2530530,14
401160739,IND,3922230,23
401160739,IND,4067045,0
401160739,IND,4277882,0
401160739,IND,2990968,0
401160739,CHA,4066383,43
401160739,CHA,4278078,24
401160739,CHA,2579258,17
401160739,CHA,3074752,43
401160739,CHA,3907821,13
401160739,CHA,2797,17
401160739,CHA,3138161,33
401160739,CHA,6427,17
401160739,CHA,3133601,42
401160739,CHA,4066262,15
401160739,CHA,6601,0
401160739,CHA,3138160,0
401160739,CHA,2999409,0
401160740,BOS,4065648,34
401160740,BOS,4249,34
401160740,BOS,2451037,30
401160740,BOS,6479,34
401160740,BOS,2990992,35
401160740,BOS,3056602,8
401160740,BOS,4066218,11
401160740,BOS,4066211,15
401160740,BOS,6507,21
401160740,BOS,4066407,15
401160740,BOS,2596112,5
401160740,BOS,6447,0
401160740,BOS,4237215,0
401160740,CLE,3449,32
401160740,CLE,3893016,32
401160740,CLE,6474,37
401160740,CLE,4277811,35
401160740,CLE,4396907,28
401160740,CLE,2530923,9
401160740,CLE,2580365,15
401160740,CLE,6448,12
401160740,CLE,2489716,12
401160740,CLE,2528426,26
401160740,CLE,3912848,0
401160740,CLE,4066367,0
401160741,SA,3136196,20
401160741,SA,2983,34
401160741,SA,2994526,31
401160741,SA,3978,36
401160741,SA,3907497,19
401160741,SA,3005,26
401160741,SA,3134908,14
401160741,SA,4004,26
401160741,SA,3190,12
401160741,SA,3078576,19
401160741,SA,4277890,2
401160741,SA,3914283,0
401160741,SA,3970,0
401160741,ATL,3056600,32
401160741,ATL,4065732,36
401160741,ATL,4395627,29
401160741,ATL,2596107,14
401160741,ATL,4277905,30
401160741,ATL,4277952,15
401160741,ATL,3064559,18
401160741,ATL,3062667,19
401160741,ATL,136,16
401160741,ATL,3002137,6
401160741,ATL,4066372,25
401160741,ATL,3908845,0
401160741,ATL,3057198,0
401160742,LAL,1966,35
401160742,LAL,3988,26
401160742,LAL,6583,31
401160742,LAL,3452,17
401160742,LAL,2581018,21
401160742,LAL,3134907,21
401160742,LAL,3201,1
401160742,LAL,2384,24
401160742,LAL,2566745,26
401160742,LAL,2489530,14
401160742,LAL,2991350,24
401160742,LAL,4258,0
401160742,LAL,3026,0
401160742,LAL,4240,0
401160742,CHI,4066336,30
401160742,CHI,2594922,27
401160742,CHI,4277847,31
401160742,CHI,6621,27
401160742,CHI,3064440,34
401160742,CHI,3244,17
401160742,CHI,3149010,15
401160742,CHI,3064560,17
401160742,CHI,2991047,1
401160742,CHI,2991139,17
401160742,CHI,2991274,1
401160742,CHI,4395651,24
401160742,CHI,4278049,0
401160743,ORL,3064290,29
401160743,ORL,4065654,31
401160743,ORL,6478,34
401160743,ORL,6588,33
401160743,ORL,4066636,24
401160743,ORL,4248,26
401160743,ORL,4277919,14
401160743,ORL,3415,27
401160743,ORL,6619,23
401160743,ORL,3074797,0
401160743,ORL,2578240,0
401160743,ORL,2596108,0
401160743,ORL,3913546,0
401160743,OKC,3428,26
401160743,OKC,4230546,23
401160743,OKC,2991235,26
401160743,OKC,2779,32
401160743,OKC,4278073,36
401160743,OKC,4423545,24
401160743,OKC,2490089,4
401160743,OKC,2991280,16
401160743,OKC,3032979,31
401160743,OKC,4080610,22
401160743,OKC,2595435,0
401160743,OKC,3059358,0
401160743,OKC,3912332,0
401160744,MIA,3135047,30
401160744,MIA,6430,29
401160744,MIA,6605,18
401160744,MIA,4066261,25
401160744,MIA,3056247,33
401160744,MIA,3999,6
401160744,MIA,2489663,24
401160744,MIA,3157465,11
401160744,MIA,3923253,6
401160744,MIA,3936099,17
401160744,MIA,3423,25
401160744,MIA,4395725,15
401160744,MIA,2184,0
401160744,DEN,3015,17
401160744,DEN,3112335,23
401160744,DEN,6579,32
401160744,DEN,2999547,17
401160744,DEN,3936299,33
401160744,DEN,4017839,2
401160744,DEN,2991070,30
401160744,DEN,4278077,2
401160744,DEN,4278104,3
401160744,DEN,2528693,19
401160744,DEN,2488653,23
401160744,DEN,3059310,22
401160744,DEN,3907822,17
401160745,NY,6462,33
401160745,NY,3064514,32
401160745,NY,4395625,34
401160745,NY,4351852,8
401160745,NY,4230547,39
401160745,NY,3986,22
401160745,NY,3064482,21
401160745,NY,4278075,27
401160745,NY,4397205,4
401160745,NY,3981,14
401160745,NY,2991149,4
401160745,NY,3907525,4
401160745,DET,6461,29
401160745,DET,2528353,32
401160745,DET,6585,35
401160745,DET,3913174,32
401160745,DET,4065670,34
401160745,DET,3058254,19
401160745,DET,4017843,13
401160745,DET,2530572,23
401160745,DET,3912334,4
401160745,DET,3133602,16
401160745,DET,4066212,3
401160745,DET,3456,0
401160746,WSH,4066648,21
401160746,WSH,3934723,34
401160746,WSH,6472,20
401160746,WSH,6580,41
401160746,WSH,4348697,11
401160746,WSH,4278508,17
401160746,WSH,6426,29
401160746,WSH,3150844,14
401160746,WSH,4305,28
401160746,WSH,2778,23
401160746,WSH,2531797,2
401160746,IND,3155942,28
401160746,IND,2608891,24
401160746,IND,2982334,32
401160746,IND,2566769,35
401160746,IND,3922230,31
401160746,IND,2284101,16
401160746,IND,2528588,31
401160746,IND,4067045,8
401160746,IND,4348700,20
401160746,IND,2530530,15
401160746,IND,4066425,0
401160746,IND,4277882,0
401160746,IND,2990968,0
401160747,CHI,4066336,34
401160747,CHI,2594922,12
401160747,CHI,4277847,13
401160747,CHI,6621,30
401160747,CHI,3064440,31
401160747,CHI,3244,19
401160747,CHI,4278049,4
401160747,CHI,3149010,19
401160747,CHI,3064560,6
401160747,CHI,2991047,18
401160747,CHI,2991139,20
401160747,CHI,2991274,4
401160747,CHI,4395651,30
401160747,ATL,3056600,29
401160747,ATL,4065732,27
401160747,ATL,4395627,23
401160747,ATL,2596107,11
401160747,ATL,4277905,29
401160747,ATL,4277952,21
401160747,ATL,3064559,14
401160747,ATL,3062667,26
401160747,ATL,136,16
401160747,ATL,3002137,16
401160747,ATL,4066372,24
401160747,ATL,4066508,4
401160747,ATL,3908845,0
401160748,SAC,4269,16
401160748,SAC,6578,39
401160748,SAC,2993370,31
401160748,SAC,2990984,32
401160748,SAC,4066259,34
401160748,SAC,2426,17
401160748,SAC,2580913,17
401160748,SAC,6446,18
401160748,SAC,2991018,5
401160748,SAC,3037789,32
401160748,SAC,3906671,0
401160748,SAC,4066264,0
401160748,SAC,3914058,0
401160748,TOR,3149673,37
401160748,TOR,3934719,37
401160748,TOR,3206,24
401160748,TOR,3012,40
401160748,TOR,2991230,35
401160748,TOR,3439,24
401160748,TOR,3948153,5
401160748,TOR,3059311,11
401160748,TOR,2595516,19
401160748,TOR,3919454,7
401160748,TOR,2580980,0
401160748,TOR,3064291,0
401160748,TOR,3134881,0
401160749,GS,2991039,34
401160749,GS,3133817,34
401160749,GS,2991282,20
401160749,GS,4065635,36
401160749,GS,4277956,27
401160749,GS,4065836,18
401160749,GS,3907487,13
401160749,GS,6429,31
401160749,GS,2595209,28
401160749,GS,3136776,0
401160749,GS,3934621,0
401160749,HOU,3033,38
401160749,HOU,2991155,39
401160749,HOU,3102529,36
401160749,HOU,3468,30
401160749,HOU,3992,35
401160749,HOU,3028,9
401160749,HOU,984,3
401160749,HOU,6617,27
401160749,HOU,2578213,20
401160749,HOU,3906603,3
401160749,HOU,3412,0
401160749,HOU,2991255,0
401160750,MIN,2490620,26
401160750,MIN,3059319,34
401160750,MIN,3136195,34
401160750,MIN,4065663,20
401160750,MIN,4277928,30
401160750,MIN,3078284,16
401160750,MIN,2595231,32
401160750,MIN,2982268,22
401160750,MIN,2534781,3
401160750,MIN,3134916,22
401160750,MIN,4278541,1
401160750,MIN,3064427,0
401160750,MIN,2530780,0
401160750,MEM,6581,34
401160750,MEM,3155526,30
401160750,MEM,4277961,15
401160750,MEM,6477,27
401160750,MEM,4279888,26
401160750,MEM,2993874,19
401160750,MEM,3113297,14
401160750,MEM,3906665,22
401160750,MEM,2488958,13
401160750,MEM,3135046,24
401160750,MEM,4230554,16
401160750,MEM,3135045,0
401160750,MEM,4066436,0
401160751,ORL,3064290,37
401160751,ORL,4065654,32
401160751,ORL,6478,33
401160751,ORL,6588,28
401160751,ORL,4066636,24
401160751,ORL,3074797,7
401160751,ORL,4248,14
401160751,ORL,2578240,15
401160751,ORL,3415,28
401160751,ORL,2596108,21
401160751,ORL,2982249,0
401160751,ORL,4064727,0
401160751,ORL,3913546,0
401160751,DAL,2531367,34
401160751,DAL,2578185,29
401160751,DAL,3102531,34
401160751,DAL,2326307,7
401160751,DAL,3945274,37
401160751,DAL,2960236,20
401160751,DAL,3138156,17
401160751,DAL,4376,2
401160751,DAL,3055,16
401160751,DAL,2528210,26
401160751,DAL,3064447,13
401160751,DAL,3934672,6
401160751,DAL,3445,0
401160752,PHI,6440,35
401160752,PHI,3213,29
401160752,PHI,3059318,36
401160752,PHI,2581190,35
401160752,PHI,3907387,10
401160752,PHI,6622,18
401160752,PHI,2579321,9
401160752,PHI,2968361,30
401160752,PHI,3929325,25
401160752,PHI,3907498,13
401160752,PHI,3155533,0
401160752,PHI,6615,0
401160752,PHI,2579260,0
401160752,UTAH,2583632,28
401160752,UTAH,3593,35
401160752,UTAH,3032976,36
401160752,UTAH,3195,34
401160752,UTAH,3908809,35
401160752,UTAH,3209,19
401160752,UTAH,2968436,29
401160752,UTAH,2990969,11
401160752,UTAH,4065673,12
401160752,UTAH,3912292,0
401160752,UTAH,2995105,0
401160752,UTAH,4066851,0
401160752,UTAH,3064457,0
401160753,MIL,6609,33
401160753,MIL,3032977,36
401160753,MIL,3448,32
401160753,MIL,4032,18
401160753,MIL,4238,26
401160753,MIL,2767,14
401160753,MIL,3447,14
401160753,MIL,3438,24
401160753,MIL,2011,16
401160753,MIL,2578239,14
401160753,MIL,3934673,14
401160753,MIL,3136491,0
401160753,MIL,3057187,0
401160753,LAC,4264,13
401160753,LAC,2991055,39
401160753,LAC,3964,35
401160753,LAC,2799,39
401160753,LAC,3914044,29
401160753,LAC,2327577,32
401160753,LAC,6591,16
401160753,LAC,4017837,9
401160753,LAC,3943606,14
401160753,LAC,2488826,12
401160753,LAC,4065660,0
401160753,LAC,3056273,0
401160753,LAC,3907823,0
401160754,BOS,4065648,29
401160754,BOS,4249,29
401160754,BOS,2451037,20
401160754,BOS,6479,29
401160754,BOS,3917376,32
401160754,BOS,3056602,4
401160754,BOS,4066218,15
401160754,BOS,4066211,13
401160754,BOS,4237215,6
401160754,BOS,6507,16
401160754,BOS,4066407,12
401160754,BOS,2596112,13
401160754,BOS,2990992,22
401160754,CHA,4066383,33
401160754,CHA,4278078,27
401160754,CHA,2579258,19
401160754,CHA,3074752,26
401160754,CHA,3907821,21
401160754,CHA,2797,18
401160754,CHA,3138160,6
401160754,CHA,3138161,16
401160754,CHA,6427,14
401160754,CHA,2999409,6
401160754,CHA,3133601,30
401160754,CHA,4066262,22
401160754,CHA,6601,0
401160755,OKC,3428,32
401160755,OKC,4230546,21
401160755,OKC,2991235,27
401160755,OKC,2779,31
401160755,OKC,4278073,34
401160755,OKC,4423545,16
401160755,OKC,2490089,1
401160755,OKC,2991280,20
401160755,OKC,3032979,27
401160755,OKC,4080610,32
401160755,OKC,2595435,0
401160755,OKC,3059285,0
401160755,OKC,3059358,0
401160755,SA,3136196,21
401160755,SA,2983,34
401160755,SA,2994526,23
401160755,SA,3978,34
401160755,SA,3907497,26
401160755,SA,3914283,1
401160755,SA,3970,6
401160755,SA,3005,20
401160755,SA,3134908,13
401160755,SA,4004,23
401160755,SA,3190,19
401160755,SA,3078576,20
401160755,SA,4277890,1
401160756,MIA,6430,34
401160756,MIA,3157465,28
401160756,MIA,6605,13
401160756,MIA,4066261,35
401160756,MIA,3056247,22
401160756,MIA,3999,15
401160756,MIA,2489663,24
401160756,MIA,3923253,1
401160756,MIA,3936099,9
401160756,MIA,3423,31
401160756,MIA,4395725,29
401160756,MIA,2184,0
401160756,MIA,6628,0
401160756,PHX,3032978,29
401160756,PHX,2968439,29
401160756,PHX,4011,30
401160756,PHX,3133603,25
401160756,PHX,3136193,36
401160756,PHX,2579294,17
401160756,PHX,3138196,19
401160756,PHX,3919335,2
401160756,PHX,2530276,16
401160756,PHX,3133635,15
401160756,PHX,3147657,20
401160756,PHX,4230550,2
401160756,PHX,4278129,0
401160757,POR,3276,21
401160757,POR,4262,27
401160757,POR,2581177,30
401160757,POR,6606,38
401160757,POR,2490149,40
401160757,POR,2995706,25
401160757,POR,6637,13
401160757,POR,3936296,20
401160757,POR,4351851,26
401160757,POR,996,0
401160757,POR,4395652,0
401160757,POR,4277843,0
401160757,LAC,4264,20
401160757,LAC,6450,33
401160757,LAC,4017837,20
401160757,LAC,3964,31
401160757,LAC,3914044,30
401160757,LAC,2327577,16
401160757,LAC,6591,19
401160757,LAC,2991055,28
401160757,LAC,2799,29
401160757,LAC,2488826,14
401160757,LAC,4065660,0
401160757,LAC,3943606,0
401160757,LAC,3907823,0
401160758,DET,6461,26
401160758,DET,2528353,33
401160758,DET,6585,34
401160758,DET,3913174,41
401160758,DET,4065670,37
401160758,DET,3058254,11
401160758,DET,4017843,11
401160758,DET,2530572,31
401160758,DET,3133602,16
401160758,DET,3456,0
401160758,DET,3912334,0
401160758,DET,4066212,0
401160758,IND,3155942,39
401160758,IND,2608891,27
401160758,IND,2982334,32
401160758,IND,2566769,32
401160758,IND,3922230,29
401160758,IND,4066425,9
401160758,IND,2284101,31
401160758,IND,2528588,19
401160758,IND,2530530,22
401160758,IND,4067045,0
401160758,IND,3133628,0
401160759,MEM,6581,24
401160759,MEM,3155526,22
401160759,MEM,4277961,30
401160759,MEM,6477,22
401160759,MEM,4279888,26
401160759,MEM,2993874,21
401160759,MEM,3113297,6
401160759,MEM,3906665,25
401160759,MEM,2488958,17
401160759,MEM,3135046,18
401160759,MEM,4066436,5
401160759,MEM,4230554,25
401160759,MEM,3135045,0
401160759,ORL,3064290,32
401160759,ORL,4065654,29
401160759,ORL,6478,32
401160759,ORL,6588,27
401160759,ORL,4066636,23
401160759,ORL,2982249,3
401160759,ORL,3074797,8
401160759,ORL,4248,19
401160759,ORL,2578240,3
401160759,ORL,4277919,13
401160759,ORL,3415,24
401160759,ORL,2596108,26
401160760,CLE,3449,29
401160760,CLE,3893016,37
401160760,CLE,6474,36
401160760,CLE,4277811,31
401160760,CLE,4396907,32
401160760,CLE,2580365,21
401160760,CLE,2489716,11
401160760,CLE,2528426,22
401160760,CLE,4397140,21
401160760,CLE,2530923,0
401160760,CLE,4066367,0
401160760,CLE,6448,0
401160760,WSH,4066648,35
401160760,WSH,4278508,19
401160760,WSH,3934723,34
401160760,WSH,6472,29
401160760,WSH,6580,39
401160760,WSH,6426,26
401160760,WSH,3150844,14
401160760,WSH,4305,19
401160760,WSH,2778,15
401160760,WSH,2531797,9
401160760,WSH,3945566,0
401160760,WSH,3918423,0
401160760,WSH,4348697,0
401160761,SAC,4269,19
401160761,SAC,6578,36
401160761,SAC,2993370,29
401160761,SAC,2990984,26
401160761,SAC,4066259,30
401160761,SAC,4065649,8
401160761,SAC,2426,24
401160761,SAC,2580913,11
401160761,SAC,6446,29
401160761,SAC,3037789,29
401160761,SAC,3906671,0
401160761,SAC,4066264,0
401160761,SAC,2991018,0
401160761,ATL,3056600,32
401160761,ATL,4065732,22
401160761,ATL,4395627,22
401160761,ATL,2596107,22
401160761,ATL,4277905,40
401160761,ATL,4277952,10
401160761,ATL,3064559,15
401160761,ATL,3062667,25
401160761,ATL,136,16
401160761,ATL,3002137,7
401160761,ATL,4066372,30
401160761,ATL,3908845,0
401160762,GS,2991039,42
401160762,GS,3133817,34
401160762,GS,2991282,25
401160762,GS,3136776,40
401160762,GS,4277956,25
401160762,GS,4065836,15
401160762,GS,3907487,13
401160762,GS,6429,32
401160762,GS,2595209,27
401160762,GS,4065635,12
401160762,GS,3934621,0
401160762,MIN,2490620,36
401160762,MIN,2595231,33
401160762,MIN,3059319,45
401160762,MIN,3136195,36
401160762,MIN,4277928,23
401160762,MIN,3078284,9
401160762,MIN,2982268,30
401160762,MIN,2534781,8
401160762,MIN,3134916,15
401160762,MIN,4065663,32
401160762,MIN,3064427,0
401160762,MIN,2530780,0
401160762,MIN,4278541,0
401160763,TOR,3149673,39
401160763,TOR,3934719,30
401160763,TOR,3206,29
401160763,TOR,3012,16
401160763,TOR,2991230,36
401160763,TOR,3439,12
401160763,TOR,2580980,5
401160763,TOR,3948153,14
401160763,TOR,3134881,1
401160763,TOR,3059311,12
401160763,TOR,2595516,29
401160763,TOR,3919454,16
401160763,TOR,3064291,0
401160763,NO,4341,10
401160763,NO,3913176,31
401160763,NO,3135048,15
401160763,NO,3995,30
401160763,NO,4066421,23
401160763,NO,4257,19
401160763,NO,4397077,15
401160763,NO,3024,17
401160763,NO,6460,18
401160763,NO,3062679,17
401160763,NO,3133626,11
401160763,NO,4065651,18
401160763,NO,4278039,16
401160764,NY,3986,28
401160764,NY,6462,41
401160764,NY,3064514,36
401160764,NY,4395625,35
401160764,NY,4230547,38
401160764,NY,3064482,24
401160764,NY,4278075,15
401160764,NY,2991149,7
401160764,NY,3907525,17
401160764,NY,4397205,0
401160764,NY,3981,0
401160764,DAL,2531367,27
401160764,DAL,2578185,22
401160764,DAL,3102531,36
401160764,DAL,3445,5
401160764,DAL,3945274,35
401160764,DAL,2960236,29
401160764,DAL,3138156,8
401160764,DAL,2326307,13
401160764,DAL,2528210,24
401160764,DAL,3064447,26
401160764,DAL,3934672,16
401160764,DAL,4376,0
401160764,DAL,3055,0
401160765,PHI,6440,33
401160765,PHI,3213,31
401160765,PHI,3059318,29
401160765,PHI,2968361,30
401160765,PHI,2581190,32
401160765,PHI,6622,19
401160765,PHI,2579321,15
401160765,PHI,6615,8
401160765,PHI,2579260,18
401160765,PHI,3929325,25
401160765,PHI,2608892,0
401160765,PHI,3155533,0
401160765,PHI,3907498,0
401160765,DEN,3015,35
401160765,DEN,3112335,38
401160765,DEN,6579,36
401160765,DEN,2999547,35
401160765,DEN,3936299,37
401160765,DEN,2991070,13
401160765,DEN,4278104,8
401160765,DEN,2528693,5
401160765,DEN,2488653,10
401160765,DEN,3059310,16
401160765,DEN,3907822,7
401160765,DEN,4017839,0
401160765,DEN,4278077,0
401160766,MIL,6609,38
401160766,MIL,3032977,36
401160766,MIL,3448,17
401160766,MIL,4032,23
401160766,MIL,4238,32
401160766,MIL,2767,8
401160766,MIL,3136491,2
401160766,MIL,3057187,23
401160766,MIL,3447,14
401160766,MIL,3438,23
401160766,MIL,2011,11
401160766,MIL,3934673,14
401160766,MIL,2578239,0
401160766,UTAH,2583632,37
401160766,UTAH,3593,38
401160766,UTAH,3032976,37
401160766,UTAH,3195,32
401160766,UTAH,3908809,38
401160766,UTAH,3209,15
401160766,UTAH,2968436,21
401160766,UTAH,2990969,12
401160766,UTAH,4065673,11
401160766,UTAH,3912292,0
401160766,UTAH,2995105,0
401160766,UTAH,4066851,0
401160766,UTAH,3064457,0
401160767,BKN,2990962,21
401160767,BKN,2528794,31
401160767,BKN,4066328,36
401160767,BKN,6442,39
401160767,BKN,2991043,29
401160767,BKN,4348696,6
401160767,BKN,3062744,12
401160767,BKN,4278067,12
401160767,BKN,2580782,35
401160767,BKN,4023,20
401160767,BKN,3906522,0
401160767,BKN,4230548,0
401160767,BKN,3138154,0
401160767,POR,2995706,20
401160767,POR,4262,34
401160767,POR,2581177,6
401160767,POR,6606,40
401160767,POR,2490149,40
401160767,POR,3276,5
401160767,POR,6637,19
401160767,POR,4395652,19
401160767,POR,3936296,9
401160767,POR,4277843,13
401160767,POR,4351851,36
401160767,POR,996,0
401160768,MIA,6430,38
401160768,MIA,3157465,24
401160768,MIA,6605,12
401160768,MIA,4066261,38
401160768,MIA,3056247,23
401160768,MIA,3999,15
401160768,MIA,2489663,30
401160768,MIA,3923253,2
401160768,MIA,3423,34
401160768,MIA,4395725,24
401160768,MIA,2184,0
401160768,MIA,3936099,0
401160768,LAL,1966,36
401160768,LAL,3988,23
401160768,LAL,6583,35
401160768,LAL,3452,16
401160768,LAL,4240,25
401160768,LAL,3134907,25
401160768,LAL,2384,15
401160768,LAL,2566745,15
401160768,LAL,2489530,13
401160768,LAL,2581018,18
401160768,LAL,2991350,19
401160768,LAL,3201,0
401160768,LAL,4396991,0
401160769,BOS,4065648,34
401160769,BOS,4249,15
401160769,BOS,2451037,23
401160769,BOS,6479,32
401160769,BOS,3917376,32
401160769,BOS,3056602,2
401160769,BOS,4066218,18
401160769,BOS,4066211,22
401160769,BOS,4237215,2
401160769,BOS,6507,17
401160769,BOS,4066407,3
401160769,BOS,2596112,13
401160769,BOS,2990992,25
401160769,SA,3136196,21
401160769,SA,2983,26
401160769,SA,2994526,21
401160769,SA,3978,27
401160769,SA,3907497,24
401160769,SA,3914283,9
401160769,SA,3970,12
401160769,SA,3005,15
401160769,SA,3134908,13
401160769,SA,4004,18
401160769,SA,3190,19
401160769,SA,3078576,26
401160769,SA,4277890,9
401160770,NO,4257,29
401160770,NO,3913176,36
401160770,NO,3024,29
401160770,NO,3995,36
401160770,NO,3133626,28
401160770,NO,4341,5
401160770,NO,4397077,18
401160770,NO,6460,14
401160770,NO,3062679,23
401160770,NO,4065651,13
401160770,NO,4278039,8
401160770,NO,3135048,0
401160770,NO,3001308,0
401160770,CHA,4066383,25
401160770,CHA,4278078,25
401160770,CHA,2579258,28
401160770,CHA,3074752,35
401160770,CHA,3907821,27
401160770,CHA,2797,16
401160770,CHA,3138161,21
401160770,CHA,6427,12
401160770,CHA,3133601,31
401160770,CHA,4066262,19
401160770,CHA,6601,0
401160770,CHA,3138160,0
401160770,CHA,2999409,0
401160771,HOU,3033,32
401160771,HOU,2991155,32
401160771,HOU,3102529,42
401160771,HOU,3468,32
401160771,HOU,3992,36
401160771,HOU,6617,26
401160771,HOU,2578213,15
401160771,HOU,3431,21
401160771,HOU,3906603,3
401160771,HOU,3412,0
401160771,HOU,3028,0
401160771,HOU,984,0
401160771,CHI,4066336,33
401160771,CHI,3149010,23
401160771,CHI,4277847,29
401160771,CHI,6621,24
401160771,CHI,3064440,32
401160771,CHI,3244,24
401160771,CHI,4278049,5
401160771,CHI,3064560,6
401160771,CHI,2991047,16
401160771,CHI,2991139,22
401160771,CHI,4395651,27
401160771,CHI,2991274,0
401160771,CHI,2999549,0
401160772,DAL,2578185,24
401160772,DAL,2960236,24
401160772,DAL,4376,16
401160772,DAL,2326307,25
401160772,DAL,3945274,29
401160772,DAL,2531367,29
401160772,DAL,3138156,25
401160772,DAL,2489693,3
401160772,DAL,2528210,22
401160772,DAL,3064447,24
401160772,DAL,3934672,19
401160772,DAL,3055,0
401160772,DAL,3445,0
401160772,MEM,6581,31
401160772,MEM,3155526,20
401160772,MEM,4277961,30
401160772,MEM,6477,23
401160772,MEM,3135046,28
401160772,MEM,2993874,26
401160772,MEM,3113297,10
401160772,MEM,2488958,15
401160772,MEM,3133838,3
401160772,MEM,3134932,7
401160772,MEM,4066436,20
401160772,MEM,4230554,28
401160772,MEM,4279888,0
401160773,GS,2991039,34
401160773,GS,2991282,24
401160773,GS,6429,37
401160773,GS,3136776,34
401160773,GS,4277956,35
401160773,GS,4065836,12
401160773,GS,3907487,24
401160773,GS,2595209,22
401160773,GS,4065635,17
401160773,GS,3133817,0
401160773,GS,3934621,0
401160773,OKC,3428,30
401160773,OKC,4230546,20
401160773,OKC,2991235,25
401160773,OKC,2779,31
401160773,OKC,4278073,37
401160773,OKC,4423545,18
401160773,OKC,2490089,16
401160773,OKC,2991280,7
401160773,OKC,3032979,33
401160773,OKC,4080610,23
401160773,OKC,2595435,0
401160773,OKC,3059285,0
401160773,OKC,3059358,0
401160774,DEN,3015,35
401160774,DEN,3112335,36
401160774,DEN,6579,38
401160774,DEN,2999547,35
401160774,DEN,3936299,35
401160774,DEN,2991070,18
401160774,DEN,4278104,9
401160774,DEN,2528693,16
401160774,DEN,2488653,17
401160774,DEN,3059310,22
401160774,DEN,3907822,5
401160774,DEN,4017839,0
401160774,DEN,4278077,0
401160774,MIN,2490620,31
401160774,MIN,2595231,35
401160774,MIN,3059319,40
401160774,MIN,3136195,41
401160774,MIN,4277928,31
401160774,MIN,3078284,5
401160774,MIN,2982268,27
401160774,MIN,2534781,10
401160774,MIN,3134916,9
401160774,MIN,4065663,36
401160774,MIN,3064427,0
401160774,MIN,4015,0
401160774,MIN,2530780,0
401160775,IND,3155942,38
401160775,IND,2608891,24
401160775,IND,2982334,35
401160775,IND,2566769,29
401160775,IND,3922230,27
401160775,IND,4066425,10
401160775,IND,2284101,22
401160775,IND,2528588,26
401160775,IND,4067045,10
401160775,IND,2530530,20
401160775,IND,3133628,0
401160775,ORL,3064290,30
401160775,ORL,4065654,31
401160775,ORL,6478,35
401160775,ORL,6588,30
401160775,ORL,4066636,24
401160775,ORL,4248,13
401160775,ORL,4277919,13
401160775,ORL,3415,24
401160775,ORL,6619,19
401160775,ORL,2596108,20
401160775,ORL,3074797,0
401160775,ORL,2578240,0
401160775,ORL,3913546,0
401160776,CHA,4066383,38
401160776,CHA,4278078,37
401160776,CHA,2579258,27
401160776,CHA,3074752,22
401160776,CHA,3907821,17
401160776,CHA,2797,15
401160776,CHA,3138161,11
401160776,CHA,6427,13
401160776,CHA,3133601,34
401160776,CHA,4066262,27
401160776,CHA,6601,0
401160776,CHA,3138160,0
401160776,CHA,2999409,0
401160776,PHI,6440,29
401160776,PHI,3213,27
401160776,PHI,3059318,26
401160776,PHI,2968361,29
401160776,PHI,2581190,32
401160776,PHI,6622,21
401160776,PHI,3155533,3
401160776,PHI,2579321,15
401160776,PHI,6615,8
401160776,PHI,2579260,19
401160776,PHI,3929325,28
401160776,PHI,3907498,3
401160776,PHI,2608892,0
401160777,MIL,6609,23
401160777,MIL,3032977,36
401160777,MIL,3448,31
401160777,MIL,4032,32
401160777,MIL,4238,29
401160777,MIL,2767,16
401160777,MIL,3057187,18
401160777,MIL,3447,9
401160777,MIL,3438,23
401160777,MIL,2578239,13
401160777,MIL,3934673,9
401160777,MIL,3102533,0
401160777,MIL,3136491,0
401160777,OKC,3428,30
401160777,OKC,4230546,24
401160777,OKC,2991280,30
401160777,OKC,2779,32
401160777,OKC,4278073,37
401160777,OKC,4423545,18
401160777,OKC,2490089,18
401160777,OKC,3032979,30
401160777,OKC,4080610,22
401160777,OKC,2595435,0
401160777,OKC,3059285,0
401160777,OKC,3059358,0
401160778,CLE,3449,32
401160778,CLE,3893016,25
401160778,CLE,6474,31
401160778,CLE,4277811,30
401160778,CLE,4396907,34
401160778,CLE,2530923,2
401160778,CLE,2580365,26
401160778,CLE,4066367,5
401160778,CLE,2489716,12
401160778,CLE,2528426,20
401160778,CLE,4397140,23
401160778,CLE,6448,0
401160778,NY,3986,17
401160778,NY,6462,32
401160778,NY,3064514,31
401160778,NY,4395625,24
401160778,NY,4230547,35
401160778,NY,3064482,29
401160778,NY,4278075,22
401160778,NY,4397205,4
401160778,NY,3981,9
401160778,NY,2991149,21
401160778,NY,3907525,16
401160779,BKN,2990962,17
401160779,BKN,2528794,22
401160779,BKN,4066328,12
401160779,BKN,6442,25
401160779,BKN,2991043,26
401160779,BKN,4348696,21
401160779,BKN,3062744,16
401160779,BKN,4230548,9
401160779,BKN,3442,24
401160779,BKN,4278067,12
401160779,BKN,2580782,26
401160779,BKN,4023,21
401160779,BKN,3138154,9
401160779,PHX,3032978,26
401160779,PHX,2968439,18
401160779,PHX,4011,29
401160779,PHX,3133603,31
401160779,PHX,3136193,32
401160779,PHX,2579294,28
401160779,PHX,3138196,20
401160779,PHX,3919335,4
401160779,PHX,2530276,17
401160779,PHX,3133635,5
401160779,PHX,3147657,26
401160779,PHX,4230550,5
401160779,PHX,4278129,0
401160780,ATL,3056600,37
401160780,ATL,4065732,39
401160780,ATL,2596107,15
401160780,ATL,4066372,31
401160780,ATL,4277905,43
401160780,ATL,4277952,3
401160780,ATL,4395627,16
401160780,ATL,3064559,24
401160780,ATL,3062667,40
401160780,ATL,3002137,17
401160780,ATL,3908845,0
401160780,ATL,2531210,0
401160780,POR,2995706,24
401160780,POR,6637,34
401160780,POR,4262,35
401160780,POR,6606,44
401160780,POR,2490149,42
401160780,POR,3276,22
401160780,POR,4395688,0
401160780,POR,4395652,7
401160780,POR,3936296,17
401160780,POR,4397126,0
401160780,POR,4277843,16
401160780,POR,4351851,24
401160780,POR,2581177,0
401160781,TOR,3149673,42
401160781,TOR,3934719,26
401160781,TOR,3206,33
401160781,TOR,2595516,26
401160781,TOR,2991230,39
401160781,TOR,3948153,24
401160781,TOR,3064291,15
401160781,TOR,3134881,3
401160781,TOR,3059311,15
401160781,TOR,3919454,17
401160781,TOR,2580980,0
401160781,TOR,4065672,0
401160781,LAL,1966,35
401160781,LAL,3988,27
401160781,LAL,6583,38
401160781,LAL,3452,14
401160781,LAL,4240,31
401160781,LAL,3134907,24
401160781,LAL,3201,2
401160781,LAL,2384,17
401160781,LAL,2566745,12
401160781,LAL,2489530,17
401160781,LAL,2581018,4
401160781,LAL,2991350,17
401160781,LAL,4396991,0
401160782,MIN,2490620,23
401160782,MIN,2595231,24
401160782,MIN,3059319,36
401160782,MIN,3136195,30
401160782,MIN,4065663,25
401160782,MIN,3078284,17
401160782,MIN,2982268,33
401160782,MIN,2534781,17
401160782,MIN,3134916,12
401160782,MIN,4277928,23
401160782,MIN,3064427,0
401160782,MIN,4015,0
401160782,MIN,2530780,0
401160782,DET,3989,24
401160782,DET,2528353,31
401160782,DET,6585,29
401160782,DET,3456,20
401160782,DET,3913174,40
401160782,DET,6461,24
401160782,DET,4017843,19
401160782,DET,2488945,10
401160782,DET,2530572,25
401160782,DET,3133602,5
401160782,DET,4065670,14
401160782,DET,3058254,0
401160782,DET,4066212,0
401160783,DAL,2578185,26
401160783,DAL,2960236,33
401160783,DAL,3102531,20
401160783,DAL,2326307,21
401160783,DAL,3945274,34
401160783,DAL,2531367,30
401160783,DAL,3138156,8
401160783,DAL,2528210,21
401160783,DAL,3064447,21
401160783,DAL,3934672,27
401160783,DAL,4376,0
401160783,DAL,3055,0
401160783,DAL,3445,0
401160783,BOS,4065648,35
401160783,BOS,2451037,22
401160783,BOS,6479,33
401160783,BOS,2990992,37
401160783,BOS,3917376,38
401160783,BOS,3056602,5
401160783,BOS,4066218,8
401160783,BOS,6447,6
401160783,BOS,4066211,17
401160783,BOS,6507,21
401160783,BOS,4066407,5
401160783,BOS,2596112,13
401160783,BOS,4397008,0
401160785,MEM,6581,31
401160785,MEM,3155526,35
401160785,MEM,4277961,38
401160785,MEM,6477,27
401160785,MEM,4279888,25
401160785,MEM,2993874,18
401160785,MEM,3906665,18
401160785,MEM,2488958,14
401160785,MEM,3135046,23
401160785,MEM,4230554,12
401160785,MEM,3113297,0
401160785,MEM,3135045,0
401160785,MEM,4066436,0
401160785,SA,3136196,18
401160785,SA,2983,33
401160785,SA,2994526,28
401160785,SA,3978,35
401160785,SA,3907497,19
401160785,SA,3005,27
401160785,SA,3134908,15
401160785,SA,4004,20
401160785,SA,3190,16
401160785,SA,3078576,29
401160785,SA,3914283,0
401160785,SA,3970,0
401160785,SA,4277890,0
401160784,HOU,3033,33
401160784,HOU,2991155,12
401160784,HOU,3102529,36
401160784,HOU,3468,35
401160784,HOU,3992,38
401160784,HOU,3028,6
401160784,HOU,984,10
401160784,HOU,6617,21
401160784,HOU,2578213,19
401160784,HOU,3431,30
401160784,HOU,3412,0
401160784,HOU,3132042,0
401160784,HOU,3906603,0
401160784,NO,4257,29
401160784,NO,3024,37
401160784,NO,3995,38
401160784,NO,3062679,30
401160784,NO,3133626,38
401160784,NO,3135048,16
401160784,NO,4397077,2
401160784,NO,6460,24
401160784,NO,4065651,13
401160784,NO,4278039,11
401160784,NO,4341,0
401160784,NO,3913176,0
401160784,NO,3001308,0
401160786,UTAH,2583632,28
401160786,UTAH,3593,30
401160786,UTAH,3032976,35
401160786,UTAH,3195,31
401160786,UTAH,3908809,33
401160786,UTAH,3209,21
401160786,UTAH,2968436,27
401160786,UTAH,2990969,2
401160786,UTAH,2995105,2
401160786,UTAH,4066851,2
401160786,UTAH,4065673,14
401160786,UTAH,3064457,2
401160786,UTAH,3892818,15
401160786,GS,6589,22
401160786,GS,2991039,24
401160786,GS,2991282,26
401160786,GS,3136776,32
401160786,GS,4277956,32
401160786,GS,3133817,30
401160786,GS,3907487,17
401160786,GS,6429,19
401160786,GS,2595209,22
401160786,GS,4065635,16
401160786,GS,4065836,0
401160786,GS,3934621,0
401160787,TOR,3149673,44
401160787,TOR,3934719,2
401160787,TOR,3206,33
401160787,TOR,2595516,37
401160787,TOR,2991230,45
401160787,TOR,3948153,22
401160787,TOR,3064291,29
401160787,TOR,3059311,11
401160787,TOR,3919454,17
401160787,TOR,2580980,0
401160787,TOR,4065672,0
401160787,TOR,3134881,0
401160787,LAC,4264,15
401160787,LAC,6450,35
401160787,LAC,4017837,17
401160787,LAC,3964,24
401160787,LAC,3914044,18
401160787,LAC,2327577,24
401160787,LAC,6591,33
401160787,LAC,2991055,31
401160787,LAC,2799,36
401160787,LAC,2488826,7
401160787,LAC,3907823,0
401160787,LAC,4065660,0
401160787,LAC,3943606,0
401160788,OKC,3428,24
401160788,OKC,2991235,19
401160788,OKC,2779,25
401160788,OKC,4080610,22
401160788,OKC,4278073,28
401160788,OKC,2595435,20
401160788,OKC,3059285,7
401160788,OKC,3059358,18
401160788,OKC,4423545,23
401160788,OKC,2490089,8
401160788,OKC,2991280,21
401160788,OKC,3032979,25
401160788,IND,3155942,29
401160788,IND,2608891,17
401160788,IND,2982334,31
401160788,IND,2566769,25
401160788,IND,3922230,31
401160788,IND,4066425,15
401160788,IND,2284101,29
401160788,IND,2528588,26
401160788,IND,4067045,6
401160788,IND,4277882,3
401160788,IND,2530530,24
401160788,IND,2990968,3
401160789,CLE,3449,32
401160789,CLE,3893016,32
401160789,CLE,6474,33
401160789,CLE,4277811,33
401160789,CLE,4396907,28
401160789,CLE,2580365,28
401160789,CLE,2489716,12
401160789,CLE,2528426,26
401160789,CLE,4397140,16
401160789,CLE,2530923,0
401160789,CLE,4066367,0
401160789,CLE,6448,0
401160789,PHI,6440,33
401160789,PHI,3059318,35
401160789,PHI,2581190,34
401160789,PHI,3929325,31
401160789,PHI,3907387,35
401160789,PHI,6622,19
401160789,PHI,2579321,18
401160789,PHI,6615,9
401160789,PHI,2968361,13
401160789,PHI,3907498,13
401160789,PHI,2608892,0
401160789,PHI,3155533,0
401160789,PHI,3915195,0
401160790,DET,6461,21
401160790,DET,2528353,24
401160790,DET,6585,28
401160790,DET,3913174,38
401160790,DET,4065670,36
401160790,DET,3058254,26
401160790,DET,4017843,20
401160790,DET,2488945,13
401160790,DET,2530572,29
401160790,DET,3133602,6
401160790,DET,3989,0
401160790,DET,3456,0
401160790,DET,4066212,0
401160790,MIA,6430,39
401160790,MIA,3157465,29
401160790,MIA,6605,18
401160790,MIA,4066261,28
401160790,MIA,3056247,37
401160790,MIA,2184,5
401160790,MIA,2489663,29
401160790,MIA,3923253,15
401160790,MIA,4610145,7
401160790,MIA,3423,33
401160790,MIA,4066243,7
401160790,MIA,3936099,0
401160790,MIA,4278521,0
401160790,MIA,4395725,0
401160791,NY,3986,26
401160791,NY,6462,32
401160791,NY,3064514,37
401160791,NY,4395625,32
401160791,NY,4230547,29
401160791,NY,3064482,19
401160791,NY,4278075,32
401160791,NY,4397205,2
401160791,NY,4065697,14
401160791,NY,2991149,13
401160791,NY,3907525,5
401160791,NY,3981,0
401160791,CHI,4066336,28
401160791,CHI,3149010,21
401160791,CHI,4277847,35
401160791,CHI,6621,23
401160791,CHI,3064440,31
401160791,CHI,3244,30
401160791,CHI,4278049,2
401160791,CHI,2991047,21
401160791,CHI,2991139,19
401160791,CHI,2991274,2
401160791,CHI,2999549,2
401160791,CHI,4395651,27
401160791,CHI,3064560,0
401160792,ATL,3056600,33
401160792,ATL,4065732,40
401160792,ATL,3064559,20
401160792,ATL,4066372,16
401160792,ATL,4277905,41
401160792,ATL,4277952,9
401160792,ATL,4395627,20
401160792,ATL,2596107,22
401160792,ATL,3062667,30
401160792,ATL,3002137,9
401160792,ATL,3908845,0
401160792,ATL,2531210,0
401160792,DEN,3015,30
401160792,DEN,3112335,31
401160792,DEN,6579,36
401160792,DEN,2999547,40
401160792,DEN,3936299,33
401160792,DEN,2991070,18
401160792,DEN,4278104,7
401160792,DEN,2528693,6
401160792,DEN,2488653,17
401160792,DEN,3059310,22
401160792,DEN,4017839,0
401160792,DEN,4278077,0
401160792,DEN,3907822,0
401160793,LAL,1966,37
401160793,LAL,3988,25
401160793,LAL,6583,38
401160793,LAL,3452,11
401160793,LAL,4240,28
401160793,LAL,3134907,25
401160793,LAL,2384,20
401160793,LAL,3026,14
401160793,LAL,2566745,9
401160793,LAL,2581018,8
401160793,LAL,2991350,25
401160793,LAL,3201,0
401160793,LAL,2489530,0
401160793,PHX,3032978,35
401160793,PHX,2968439,26
401160793,PHX,4011,39
401160793,PHX,3133603,19
401160793,PHX,3136193,39
401160793,PHX,2579294,23
401160793,PHX,3138196,27
401160793,PHX,2530276,17
401160793,PHX,3147657,15
401160793,PHX,3919335,0
401160793,PHX,4278129,0
401160793,PHX,3133635,0
401160793,PHX,4230550,0
401160794,BKN,2990962,34
401160794,BKN,2528794,36
401160794,BKN,4066328,18
401160794,BKN,4023,30
401160794,BKN,6442,37
401160794,BKN,4348696,15
401160794,BKN,3062744,5
401160794,BKN,3442,30
401160794,BKN,4278067,12
401160794,BKN,2580782,24
401160794,BKN,3906522,0
401160794,BKN,4230548,0
401160794,BKN,3138154,0
401160794,UTAH,2583632,22
401160794,UTAH,3593,30
401160794,UTAH,3032976,38
401160794,UTAH,3195,30
401160794,UTAH,3908809,38
401160794,UTAH,3209,22
401160794,UTAH,2968436,32
401160794,UTAH,4065673,10
401160794,UTAH,3892818,18
401160794,UTAH,2990969,0
401160794,UTAH,2995105,0
401160794,UTAH,4066851,0
401160794,UTAH,3064457,0
401160795,POR,2995706,22
401160795,POR,6637,33
401160795,POR,4262,21
401160795,POR,6606,38
401160795,POR,2490149,37
401160795,POR,3276,19
401160795,POR,4395652,6
401160795,POR,3936296,19
401160795,POR,4397126,4
401160795,POR,4277843,14
401160795,POR,4351851,28
401160795,POR,4395688,0
401160795,POR,2581177,0
401160795,SAC,4269,36
401160795,SAC,6578,32
401160795,SAC,2993370,31
401160795,SAC,6446,38
401160795,SAC,2990984,37
401160795,SAC,4065649,6
401160795,SAC,2426,4
401160795,SAC,2580913,7
401160795,SAC,2991018,16
401160795,SAC,3037789,32
401160795,SAC,3906671,0
401160795,SAC,4066264,0
401160795,SAC,3914058,0
401160796,MEM,6581,32
401160796,MEM,3155526,28
401160796,MEM,4277961,29
401160796,MEM,6477,23
401160796,MEM,4279888,30
401160796,MEM,2993874,17
401160796,MEM,3906665,21
401160796,MEM,2488958,22
401160796,MEM,3135046,18
401160796,MEM,4230554,20
401160796,MEM,3113297,0
401160796,MEM,3135045,0
401160796,MEM,4066436,0
401160796,CHA,4066383,33
401160796,CHA,4278078,27
401160796,CHA,2579258,34
401160796,CHA,3133601,34
401160796,CHA,3074752,37
401160796,CHA,2797,13
401160796,CHA,3138161,21
401160796,CHA,6427,12
401160796,CHA,4066262,29
401160796,CHA,6601,0
401160796,CHA,3138160,0
401160796,CHA,2999409,0
401160797,PHI,6440,31
401160797,PHI,3213,33
401160797,PHI,2581190,30
401160797,PHI,3929325,28
401160797,PHI,3907387,35
401160797,PHI,6622,17
401160797,PHI,2579321,18
401160797,PHI,6615,15
401160797,PHI,2968361,13
401160797,PHI,3915195,10
401160797,PHI,3907498,11
401160797,PHI,2608892,0
401160797,PHI,2579260,0
401160797,ORL,3064290,36
401160797,ORL,4065654,35
401160797,ORL,6478,34
401160797,ORL,6588,31
401160797,ORL,4066636,21
401160797,ORL,4248,2
401160797,ORL,4277919,14
401160797,ORL,3415,27
401160797,ORL,6619,26
401160797,ORL,2596108,14
401160797,ORL,3074797,0
401160797,ORL,2578240,0
401160797,ORL,3913546,0
401160798,WSH,4066648,24
401160798,WSH,4278508,27
401160798,WSH,3934723,29
401160798,WSH,6472,33
401160798,WSH,6580,39
401160798,WSH,6426,27
401160798,WSH,3150844,18
401160798,WSH,4305,18
401160798,WSH,2778,13
401160798,WSH,2531797,11
401160798,WSH,4348697,0
401160798,BOS,4065648,35
401160798,BOS,6447,25
401160798,BOS,6479,35
401160798,BOS,2990992,36
401160798,BOS,3917376,35
401160798,BOS,3056602,11
401160798,BOS,4066218,11
401160798,BOS,4237215,9
401160798,BOS,6507,17
401160798,BOS,4066407,20
401160798,BOS,2596112,6
401160798,BOS,4066211,0
401160798,BOS,4397008,0
401160799,LAC,4264,4
401160799,LAC,6450,41
401160799,LAC,6591,24
401160799,LAC,4017837,10
401160799,LAC,3964,27
401160799,LAC,2327577,32
401160799,LAC,2991055,38
401160799,LAC,2799,41
401160799,LAC,3943606,2
401160799,LAC,2488826,20
401160799,LAC,3907823,0
401160799,LAC,4251,0
401160799,HOU,3033,39
401160799,HOU,3102529,32
401160799,HOU,2578213,23
401160799,HOU,3468,30
401160799,HOU,3992,44
401160799,HOU,3028,12
401160799,HOU,984,16
401160799,HOU,6617,34
401160799,HOU,3906603,11
401160799,HOU,3412,0
401160799,HOU,3132042,0
401160799,HOU,4222252,0
401160800,SA,3136196,22
401160800,SA,2983,32
401160800,SA,2994526,24
401160800,SA,3978,33
401160800,SA,3907497,22
401160800,SA,3914283,4
401160800,SA,3005,22
401160800,SA,3134908,12
401160800,SA,4004,21
401160800,SA,3190,19
401160800,SA,3078576,25
401160800,SA,4277890,4
401160800,SA,3970,0
401160800,MIN,2490620,23
401160800,MIN,2595231,27
401160800,MIN,3059319,32
401160800,MIN,3136195,30
401160800,MIN,4277928,27
401160800,MIN,3078284,14
401160800,MIN,2982268,29
401160800,MIN,2534781,8
401160800,MIN,4015,23
401160800,MIN,4065663,28
401160800,MIN,3064427,0
401160800,MIN,2530780,0
401160801,GS,6589,28
401160801,GS,2991039,28
401160801,GS,2991282,23
401160801,GS,3136776,31
401160801,GS,4277956,32
401160801,GS,3133817,32
401160801,GS,4065836,15
401160801,GS,3907487,17
401160801,GS,6429,22
401160801,GS,4065635,13
401160801,GS,3934621,0
401160801,LAL,1966,26
401160801,LAL,3988,19
401160801,LAL,3134907,30
401160801,LAL,3452,28
401160801,LAL,4240,24
401160801,LAL,3201,23
401160801,LAL,2384,20
401160801,LAL,2566745,24
401160801,LAL,2581018,19
401160801,LAL,2991350,27
401160801,LAL,2489530,0
401160802,TOR,2580980,7
401160802,TOR,3149673,41
401160802,TOR,3206,35
401160802,TOR,2595516,27
401160802,TOR,2991230,40
401160802,TOR,3948153,15
401160802,TOR,3064291,26
401160802,TOR,3134881,5
401160802,TOR,3059311,12
401160802,TOR,3919454,31
401160802,TOR,4065672,0
401160802,TOR,4278031,0
401160802,POR,4395652,23
401160802,POR,4262,30
401160802,POR,2581177,32
401160802,POR,6606,37
401160802,POR,2490149,37
401160802,POR,2995706,14
401160802,POR,6637,22
401160802,POR,3936296,18
401160802,POR,4351851,27
401160802,POR,3276,0
401160802,POR,4395688,0
401160802,POR,4397126,0
401160802,POR,4277843,0
401160803,MIA,6430,39
401160803,MIA,3157465,26
401160803,MIA,6605,28
401160803,MIA,4066261,40
401160803,MIA,3056247,37
401160803,MIA,2489663,14
401160803,MIA,3923253,8
401160803,MIA,3423,25
401160803,MIA,4395725,22
401160803,MIA,2184,0
401160803,MIA,3999,0
401160803,MIA,3936099,0
401160803,MIA,4066243,0
401160803,CLE,3449,39
401160803,CLE,3893016,34
401160803,CLE,6474,23
401160803,CLE,4277811,27
401160803,CLE,4396907,25
401160803,CLE,2580365,23
401160803,CLE,2489716,20
401160803,CLE,2528426,27
401160803,CLE,4397140,24
401160803,CLE,2530923,0
401160803,CLE,3912848,0
401160803,CLE,4066367,0
401160803,CLE,6448,0
401160804,DAL,2531367,29
401160804,DAL,2578185,23
401160804,DAL,3102531,33
401160804,DAL,2326307,23
401160804,DAL,3945274,36
401160804,DAL,2960236,18
401160804,DAL,4376,15
401160804,DAL,2528210,25
401160804,DAL,3064447,22
401160804,DAL,3934672,15
401160804,DAL,3138156,0
401160804,DAL,3055,0
401160804,DAL,3445,0
401160804,NY,3986,15
401160804,NY,6462,34
401160804,NY,3064514,36
401160804,NY,4395625,30
401160804,NY,4230547,18
401160804,NY,3064482,17
401160804,NY,4278075,15
401160804,NY,4351852,22
401160804,NY,4065697,30
401160804,NY,3981,0
401160804,NY,2991149,23
401160804,NY,4397205,0
401160804,NY,3907525,0
401160805,CHI,4066336,32
401160805,CHI,3149010,21
401160805,CHI,4277847,21
401160805,CHI,6621,27
401160805,CHI,3064440,33
401160805,CHI,3244,25
401160805,CHI,2991047,24
401160805,CHI,2991139,22
401160805,CHI,2991274,1
401160805,CHI,4395651,35
401160805,CHI,4278049,0
401160805,CHI,3064560,0
401160805,CHI,2999549,0
401160805,MIL,3032977,36
401160805,MIL,3448,21
401160805,MIL,4032,27
401160805,MIL,4238,32
401160805,MIL,3934673,24
401160805,MIL,2767,10
401160805,MIL,3057187,21
401160805,MIL,3447,11
401160805,MIL,3438,29
401160805,MIL,2011,11
401160805,MIL,2578239,19
401160805,MIL,3102533,0
401160805,MIL,3136491,0
401160806,LAC,4251,24
401160806,LAC,6591,31
401160806,LAC,2991055,36
401160806,LAC,2799,37
401160806,LAC,3907823,25
401160806,LAC,4264,3
401160806,LAC,2327577,18
401160806,LAC,4017837,12
401160806,LAC,3943606,17
401160806,LAC,2488826,36
401160806,LAC,6450,0
401160806,LAC,4065660,0
401160806,LAC,3056273,0
401160806,NO,4257,35
401160806,NO,3024,34
401160806,NO,3995,37
401160806,NO,6460,30
401160806,NO,3133626,31
401160806,NO,4341,17
401160806,NO,4397077,13
401160806,NO,4065651,23
401160806,NO,4278039,21
401160806,NO,3913176,0
401160806,NO,3135048,0
401160806,NO,3001308,0
401160806,NO,3062679,0
401160807,ATL,3056600,32
401160807,ATL,4065732,34
401160807,ATL,4395627,21
401160807,ATL,3064559,19
401160807,ATL,4277905,36
401160807,ATL,4277952,15
401160807,ATL,2596107,26
401160807,ATL,3062667,19
401160807,ATL,2531210,15
401160807,ATL,3002137,17
401160807,ATL,4066508,6
401160807,ATL,6466,0
401160807,PHX,3032978,30
401160807,PHX,2968439,18
401160807,PHX,4011,30
401160807,PHX,3133603,36
401160807,PHX,3136193,32
401160807,PHX,2579294,30
401160807,PHX,3138196,20
401160807,PHX,3919335,3
401160807,PHX,2530276,22
401160807,PHX,3133635,3
401160807,PHX,3147657,14
401160807,PHX,4230550,3
401160807,PHX,4278129,0
401160808,BKN,2990962,27
401160808,BKN,2528794,31
401160808,BKN,4066328,30
401160808,BKN,4023,25
401160808,BKN,6442,35
401160808,BKN,4348696,19
401160808,BKN,3062744,4
401160808,BKN,3442,17
401160808,BKN,4278067,17
401160808,BKN,2580782,35
401160808,BKN,4230548,0
401160808,BKN,6468,0
401160808,BKN,3138154,0
401160808,DEN,3015,27
401160808,DEN,3112335,28
401160808,DEN,6579,38
401160808,DEN,2999547,35
401160808,DEN,3936299,29
401160808,DEN,4017839,19
401160808,DEN,2991070,21
401160808,DEN,4278104,4
401160808,DEN,2488653,20
401160808,DEN,3059310,19
401160808,DEN,4278077,0
401160808,DEN,2528693,0
401160808,DEN,3907822,0
401160809,DET,3989,30
401160809,DET,2528353,9
401160809,DET,6585,38
401160809,DET,3913174,37
401160809,DET,4065670,22
401160809,DET,6461,18
401160809,DET,3058254,6
401160809,DET,4017843,3
401160809,DET,3456,26
401160809,DET,2530572,38
401160809,DET,3133602,12
401160809,DET,2488945,0
401160809,CHA,4066383,25
401160809,CHA,4278078,19
401160809,CHA,2579258,28
401160809,CHA,3133601,38
401160809,CHA,3074752,33
401160809,CHA,2797,29
401160809,CHA,3138161,26
401160809,CHA,6427,20
401160809,CHA,4066262,22
401160809,CHA,6601,0
401160809,CHA,3138160,0
401160809,CHA,2999409,0
401160810,SA,3136196,27
401160810,SA,2983,31
401160810,SA,2994526,29
401160810,SA,3978,37
401160810,SA,3907497,21
401160810,SA,3005,21
401160810,SA,3134908,17
401160810,SA,4004,19
401160810,SA,3190,16
401160810,SA,3078576,22
401160810,SA,3914283,0
401160810,SA,3970,0
401160810,SA,4277890,0
401160810,ORL,3064290,36
401160810,ORL,4248,31
401160810,ORL,6478,37
401160810,ORL,6588,32
401160810,ORL,4066636,25
401160810,ORL,3074797,7
401160810,ORL,4277919,11
401160810,ORL,3415,25
401160810,ORL,6619,28
401160810,ORL,2596108,9
401160810,ORL,2982249,0
401160810,ORL,2578240,0
401160810,ORL,3913546,0
401160811,IND,3155942,36
401160811,IND,2608891,17
401160811,IND,2982334,22
401160811,IND,2566769,9
401160811,IND,3922230,28
401160811,IND,4066425,16
401160811,IND,2284101,39
401160811,IND,2528588,32
401160811,IND,4348700,18
401160811,IND,2530530,22
401160811,IND,4067045,0
401160811,IND,3136485,0
401160811,HOU,3033,40
401160811,HOU,984,25
401160811,HOU,2578213,33
401160811,HOU,3468,35
401160811,HOU,3992,40
401160811,HOU,3028,14
401160811,HOU,3132042,3
401160811,HOU,4222252,13
401160811,HOU,6617,30
401160811,HOU,3906603,7
401160811,HOU,3412,0
401160812,UTAH,2583632,35
401160812,UTAH,3593,35
401160812,UTAH,3032976,36
401160812,UTAH,3195,35
401160812,UTAH,3908809,36
401160812,UTAH,3209,21
401160812,UTAH,2968436,18
401160812,UTAH,4065673,12
401160812,UTAH,3892818,13
401160812,UTAH,2990969,0
401160812,UTAH,2995105,0
401160812,UTAH,3064457,0
401160812,UTAH,3102528,0
401160812,MEM,6581,31
401160812,MEM,3155526,31
401160812,MEM,4277961,28
401160812,MEM,6477,30
401160812,MEM,4279888,30
401160812,MEM,2993874,23
401160812,MEM,3906665,18
401160812,MEM,2488958,19
401160812,MEM,3135046,18
401160812,MEM,4230554,12
401160812,MEM,3113297,0
401160812,MEM,3135045,0
401160812,MEM,4066436,0
401160813,WSH,4066648,25
401160813,WSH,4278508,26
401160813,WSH,3934723,23
401160813,WSH,6472,24
401160813,WSH,6580,37
401160813,WSH,6426,25
401160813,WSH,3150844,25
401160813,WSH,4305,21
401160813,WSH,2778,13
401160813,WSH,2531797,19
401160813,WSH,4348697,3
401160813,WSH,2774,0
401160813,MIN,2490620,27
401160813,MIN,2595231,23
401160813,MIN,3136195,33
401160813,MIN,4015,29
401160813,MIN,4277928,30
401160813,MIN,3078284,10
401160813,MIN,2982268,28
401160813,MIN,3064427,5
401160813,MIN,3136779,5
401160813,MIN,2534781,11
401160813,MIN,3133596,13
401160813,MIN,4065663,27
401160813,MIN,2530780,0
401160814,PHI,6440,39
401160814,PHI,3213,36
401160814,PHI,3059318,38
401160814,PHI,2581190,34
401160814,PHI,3907387,46
401160814,PHI,6622,18
401160814,PHI,2579321,18
401160814,PHI,2968361,6
401160814,PHI,3929325,26
401160814,PHI,3907498,5
401160814,PHI,6615,0
401160814,PHI,2579260,0
401160814,PHI,3915195,0
401160814,OKC,3428,36
401160814,OKC,4230546,39
401160814,OKC,2991235,31
401160814,OKC,2779,38
401160814,OKC,4278073,40
401160814,OKC,2595435,16
401160814,OKC,4423545,17
401160814,OKC,2490089,4
401160814,OKC,2991280,18
401160814,OKC,3032979,25
401160814,OKC,3059285,0
401160814,OKC,3059358,0
401160814,OKC,3912332,0
401160815,BOS,4065648,38
401160815,BOS,2451037,22
401160815,BOS,6479,35
401160815,BOS,2990992,35
401160815,BOS,3917376,35
401160815,BOS,3056602,4
401160815,BOS,4066218,16
401160815,BOS,6447,15
401160815,BOS,4066211,10
401160815,BOS,6507,18
401160815,BOS,4066407,13
401160815,BOS,4237215,0
401160815,BOS,2596112,0
401160815,GS,6589,34
401160815,GS,2991039,32
401160815,GS,3133817,33
401160815,GS,2991282,25
401160815,GS,3136776,25
401160815,GS,4065836,12
401160815,GS,3907487,13
401160815,GS,6429,31
401160815,GS,4065635,14
401160815,GS,4277956,22
401160815,GS,3934621,0
401160816,SAC,4269,23
401160816,SAC,6578,37
401160816,SAC,2993370,29
401160816,SAC,6446,23
401160816,SAC,2990984,38
401160816,SAC,4065649,2
401160816,SAC,4066264,5
401160816,SAC,2580913,15
401160816,SAC,2991018,29
401160816,SAC,3037789,37
401160816,SAC,3913220,2
401160816,SAC,3914058,0
401160816,LAL,1966,39
401160816,LAL,3988,26
401160816,LAL,6583,35
401160816,LAL,3452,12
401160816,LAL,2581018,25
401160816,LAL,3134907,26
401160816,LAL,3201,4
401160816,LAL,2384,22
401160816,LAL,3026,18
401160816,LAL,2566745,4
401160816,LAL,2991350,29
401160816,LAL,2489530,0
401160816,LAL,4066649,0
401160817,BKN,2990962,27
401160817,BKN,2528794,35
401160817,BKN,4066328,22
401160817,BKN,2580782,30
401160817,BKN,4023,24
401160817,BKN,4348696,29
401160817,BKN,3442,26
401160817,BKN,4278067,17
401160817,BKN,6468,12
401160817,BKN,3138154,18
401160817,BKN,3062744,0
401160817,BKN,4230548,0
401160817,BKN,6442,0
401160817,CHI,4066336,36
401160817,CHI,3149010,23
401160817,CHI,4277847,37
401160817,CHI,6621,29
401160817,CHI,3064440,32
401160817,CHI,3244,20
401160817,CHI,2991047,18
401160817,CHI,2991139,16
401160817,CHI,4395651,29
401160817,CHI,3064560,0
401160817,CHI,2991274,0
401160817,CHI,2999549,0
401160818,MIL,3032977,28
401160818,MIL,3448,27
401160818,MIL,4032,20
401160818,MIL,4238,26
401160818,MIL,3934673,24
401160818,MIL,2767,13
401160818,MIL,3102533,4
401160818,MIL,3136491,5
401160818,MIL,3057187,26
401160818,MIL,3447,17
401160818,MIL,3438,19
401160818,MIL,2011,19
401160818,MIL,2578239,12
401160818,IND,2284101,34
401160818,IND,3155942,30
401160818,IND,2982334,35
401160818,IND,3133628,33
401160818,IND,3922230,34
401160818,IND,4066425,10
401160818,IND,2528588,20
401160818,IND,4067045,5
401160818,IND,4277882,5
401160818,IND,2608891,8
401160818,IND,4348700,12
401160818,IND,2990968,14
401160819,CHA,4066383,15
401160819,CHA,4278078,37
401160819,CHA,2579258,25
401160819,CHA,3133601,36
401160819,CHA,3074752,36
401160819,CHA,2797,24
401160819,CHA,3416,29
401160819,CHA,3138161,2
401160819,CHA,6427,9
401160819,CHA,4066262,26
401160819,CHA,6601,0
401160819,CHA,2999409,0
401160819,CHA,3907821,0
401160819,NY,3986,21
401160819,NY,6462,30
401160819,NY,3064514,26
401160819,NY,4395625,31
401160819,NY,4230547,36
401160819,NY,3064482,22
401160819,NY,4278075,14
401160819,NY,4351852,27
401160819,NY,4065697,10
401160819,NY,3981,0
401160819,NY,2991149,23
401160819,NY,4397205,0
401160819,NY,3907525,0
401160820,NO,4257,8
401160820,NO,3995,36
401160820,NO,6460,40
401160820,NO,3133626,39
401160820,NO,4065651,5
401160820,NO,4341,28
401160820,NO,3137713,14
401160820,NO,4397077,24
401160820,NO,3001308,15
401160820,NO,4278039,30
401160820,NO,3913176,0
401160820,NO,3024,0
401160820,NO,3062679,0
401160820,MIA,6430,38
401160820,MIA,3157465,31
401160820,MIA,6605,18
401160820,MIA,4066261,34
401160820,MIA,3056247,39
401160820,MIA,2489663,28
401160820,MIA,3923253,14
401160820,MIA,4610145,0
401160820,MIA,4066243,5
401160820,MIA,4395725,32
401160820,MIA,2184,0
401160820,MIA,3999,0
401160820,MIA,3936099,0
401160820,MIA,3423,0
401160821,HOU,3033,38
401160821,HOU,984,17
401160821,HOU,6617,35
401160821,HOU,2578213,37
401160821,HOU,3992,39
401160821,HOU,3028,14
401160821,HOU,3132042,1
401160821,HOU,4222252,31
401160821,HOU,3906603,28
401160821,HOU,3412,0
401160821,HOU,3468,0
401160821,MIN,2490620,33
401160821,MIN,2595231,28
401160821,MIN,2982268,36
401160821,MIN,3136195,32
401160821,MIN,4015,33
401160821,MIN,3078284,13
401160821,MIN,3064427,3
401160821,MIN,3136779,16
401160821,MIN,3133596,17
401160821,MIN,4277928,29
401160821,MIN,2534781,0
401160821,MIN,2530780,0
401160821,MIN,4065663,0
401160822,TOR,3149673,41
401160822,TOR,3934719,32
401160822,TOR,3206,26
401160822,TOR,2595516,32
401160822,TOR,2991230,39
401160822,TOR,3948153,12
401160822,TOR,3064291,25
401160822,TOR,3059311,17
401160822,TOR,3919454,16
401160822,TOR,2580980,0
401160822,TOR,4065672,0
401160822,TOR,3134881,0
401160822,DAL,2578185,32
401160822,DAL,2960236,38
401160822,DAL,3102531,36
401160822,DAL,2326307,33
401160822,DAL,3945274,36
401160822,DAL,2531367,14
401160822,DAL,3138156,5
401160822,DAL,2528210,19
401160822,DAL,3064447,19
401160822,DAL,3934672,9
401160822,DAL,4376,0
401160822,DAL,3055,0
401160822,DAL,3445,0
401160823,POR,4395652,32
401160823,POR,4262,35
401160823,POR,2581177,31
401160823,POR,6606,40
401160823,POR,2490149,39
401160823,POR,2995706,16
401160823,POR,6637,17
401160823,POR,3936296,13
401160823,POR,4351851,17
401160823,POR,3276,0
401160823,POR,4277843,0
401160823,SA,3136196,20
401160823,SA,2983,35
401160823,SA,2994526,28
401160823,SA,3978,37
401160823,SA,3078576,34
401160823,SA,3005,23
401160823,SA,3134908,18
401160823,SA,4004,21
401160823,SA,3190,14
401160823,SA,4277890,11
401160823,SA,3914283,0
401160823,SA,3970,0
401160823,SA,4395723,0
401160824,ATL,3056600,24
401160824,ATL,4065732,26
401160824,ATL,4395627,32
401160824,ATL,3064559,23
401160824,ATL,4277905,29
401160824,ATL,4277952,17
401160824,ATL,2596107,18
401160824,ATL,3062667,25
401160824,ATL,4239,15
401160824,ATL,2531210,15
401160824,ATL,3002137,11
401160824,ATL,4066508,5
401160824,ATL,6466,0
401160824,LAC,4251,20
401160824,LAC,6591,29
401160824,LAC,4017837,17
401160824,LAC,2488826,19
401160824,LAC,3907823,33
401160824,LAC,4264,8
401160824,LAC,2327577,22
401160824,LAC,2991055,23
401160824,LAC,4065660,8
401160824,LAC,2799,23
401160824,LAC,3943606,33
401160824,LAC,3056273,7
401160825,PHI,6440,31
401160825,PHI,3213,29
401160825,PHI,3059318,23
401160825,PHI,2581190,29
401160825,PHI,3907387,26
401160825,PHI,6622,21
401160825,PHI,2579321,16
401160825,PHI,6615,6
401160825,PHI,2579260,16
401160825,PHI,2968361,6
401160825,PHI,3915195,3
401160825,PHI,3929325,18
401160825,PHI,3907498,16
401160825,CLE,3449,25
401160825,CLE,3893016,28
401160825,CLE,6474,28
401160825,CLE,4277811,28
401160825,CLE,4396907,25
401160825,CLE,2530923,21
401160825,CLE,4066367,3
401160825,CLE,4017838,17
401160825,CLE,6448,20
401160825,CLE,2489716,6
401160825,CLE,2528426,23
401160825,CLE,4397140,16
401160826,BOS,4065648,30
401160826,BOS,2451037,22
401160826,BOS,6479,32
401160826,BOS,2990992,33
401160826,BOS,3917376,35
401160826,BOS,3056602,21
401160826,BOS,6447,19
401160826,BOS,4066211,7
401160826,BOS,6507,20
401160826,BOS,4066407,15
401160826,BOS,2596112,6
401160826,BOS,4066218,0
401160826,BOS,4237215,0
401160826,SAC,4269,31
401160826,SAC,6578,33
401160826,SAC,2993370,27
401160826,SAC,6446,27
401160826,SAC,2990984,38
401160826,SAC,4065649,11
401160826,SAC,2426,15
401160826,SAC,2580913,10
401160826,SAC,2991018,17
401160826,SAC,3037789,31
401160826,SAC,4066264,0
401160826,SAC,3913220,0
401160826,SAC,3914058,0
401160827,WSH,4066648,28
401160827,WSH,4278508,24
401160827,WSH,3934723,28
401160827,WSH,6472,29
401160827,WSH,6580,40
401160827,WSH,6426,33
401160827,WSH,3150844,20
401160827,WSH,4305,19
401160827,WSH,2778,20
401160827,WSH,2774,0
401160827,WSH,2531797,0
401160827,WSH,4348697,0
401160827,ORL,3064290,37
401160827,ORL,4248,32
401160827,ORL,6478,33
401160827,ORL,6588,31
401160827,ORL,4066636,26
401160827,ORL,3074797,12
401160827,ORL,4277919,15
401160827,ORL,3415,24
401160827,ORL,6619,25
401160827,ORL,2596108,6
401160827,ORL,2982249,0
401160827,ORL,2578240,0
401160827,ORL,3913546,0
401160828,DEN,3015,20
401160828,DEN,3112335,26
401160828,DEN,6579,24
401160828,DEN,2999547,21
401160828,DEN,3936299,31
401160828,DEN,4017839,29
401160828,DEN,2991070,24
401160828,DEN,4278077,2
401160828,DEN,4278104,13
401160828,DEN,2528693,6
401160828,DEN,2488653,17
401160828,DEN,3059310,19
401160828,DEN,3907822,7
401160828,MEM,6581,27
401160828,MEM,3155526,18
401160828,MEM,4277961,24
401160828,MEM,6477,22
401160828,MEM,4279888,21
401160828,MEM,2993874,23
401160828,MEM,3113297,12
401160828,MEM,3906665,24
401160828,MEM,2488958,17
401160828,MEM,3135046,19
401160828,MEM,4066436,11
401160828,MEM,4230554,22
401160828,MEM,3135045,0
401160829,GS,6589,33
401160829,GS,2991039,35
401160829,GS,3133817,35
401160829,GS,2991282,25
401160829,GS,6429,30
401160829,GS,4065836,14
401160829,GS,3907487,18
401160829,GS,4065635,28
401160829,GS,4277956,23
401160829,GS,3136776,0
401160829,GS,3934621,0
401160829,NO,4397077,32
401160829,NO,3024,36
401160829,NO,3995,37
401160829,NO,6460,24
401160829,NO,3133626,36
401160829,NO,4341,27
401160829,NO,3137713,6
401160829,NO,3001308,7
401160829,NO,4278039,35
401160829,NO,3913176,0
401160829,NO,3135048,0
401160829,NO,3062679,0
401160829,NO,4065651,0
401160830,ATL,3056600,32
401160830,ATL,4065732,34
401160830,ATL,4395627,27
401160830,ATL,3064559,26
401160830,ATL,4277905,39
401160830,ATL,4277952,13
401160830,ATL,6466,2
401160830,ATL,2596107,15
401160830,ATL,3062667,18
401160830,ATL,4239,15
401160830,ATL,2531210,15
401160830,ATL,3002137,3
401160830,ATL,4066508,2
401160830,LAL,1966,33
401160830,LAL,3988,24
401160830,LAL,6583,28
401160830,LAL,3452,15
401160830,LAL,2581018,21
401160830,LAL,3134907,26
401160830,LAL,3201,3
401160830,LAL,2384,24
401160830,LAL,3026,24
401160830,LAL,2566745,5
401160830,LAL,2489530,16
401160830,LAL,2991350,21
401160831,CLE,3893016,22
401160831,CLE,6474,25
401160831,CLE,4277811,26
401160831,CLE,4396907,29
401160831,CLE,4397140,31
401160831,CLE,2530923,30
401160831,CLE,3912848,9
401160831,CLE,4017838,20
401160831,CLE,6448,12
401160831,CLE,2489716,12
401160831,CLE,2528426,24
401160831,NY,3986,16
401160831,NY,6462,34
401160831,NY,3064514,32
401160831,NY,4395625,24
401160831,NY,4230547,29
401160831,NY,3064482,23
401160831,NY,4278075,20
401160831,NY,4351852,17
401160831,NY,4065697,19
401160831,NY,3981,9
401160831,NY,2991149,18
401160831,NY,3907525,0
401160832,IND,2284101,32
401160832,IND,3155942,29
401160832,IND,2982334,38
401160832,IND,3133628,30
401160832,IND,3922230,31
401160832,IND,4066425,8
401160832,IND,2528588,27
401160832,IND,4067045,3
401160832,IND,4277882,2
401160832,IND,4348700,16
401160832,IND,2990968,26
401160832,IND,2608891,0
401160832,BKN,2990962,23
401160832,BKN,2528794,27
401160832,BKN,4066328,24
401160832,BKN,2580782,33
401160832,BKN,4023,32
401160832,BKN,4348696,16
401160832,BKN,3062744,6
401160832,BKN,4230548,6
401160832,BKN,3442,18
401160832,BKN,4278067,15
401160832,BKN,3893019,5
401160832,BKN,6468,19
401160832,BKN,3138154,16
401160833,CHA,4066383,28
401160833,CHA,4278078,17
401160833,CHA,2579258,16
401160833,CHA,3133601,26
401160833,CHA,3074752,26
401160833,CHA,2797,24
401160833,CHA,3416,25
401160833,CHA,6601,8
401160833,CHA,3138161,10
401160833,CHA,6427,20
401160833,CHA,2999409,10
401160833,CHA,3907821,8
401160833,CHA,4066262,23
401160833,TOR,3149673,35
401160833,TOR,3934719,27
401160833,TOR,3206,29
401160833,TOR,2595516,25
401160833,TOR,2991230,31
401160833,TOR,2580980,6
401160833,TOR,3948153,18
401160833,TOR,4065672,6
401160833,TOR,3064291,20
401160833,TOR,4278031,5
401160833,TOR,3059311,16
401160833,TOR,3919454,21
401160834,MIL,3032977,34
401160834,MIL,3448,31
401160834,MIL,4032,17
401160834,MIL,4238,29
401160834,MIL,3934673,29
401160834,MIL,2767,15
401160834,MIL,3057187,25
401160834,MIL,3447,6
401160834,MIL,3438,27
401160834,MIL,2011,15
401160834,MIL,2578239,13
401160834,MIL,3102533,0
401160834,MIL,3136491,0
401160834,CHI,4066336,27
401160834,CHI,3149010,21
401160834,CHI,4277847,28
401160834,CHI,6621,18
401160834,CHI,3064440,28
401160834,CHI,3244,21
401160834,CHI,4278049,20
401160834,CHI,2991047,27
401160834,CHI,2991139,25
401160834,CHI,4395651,25
401160834,CHI,2991274,0
401160834,CHI,2999549,0
401160835,POR,4395652,29
401160835,POR,4262,27
401160835,POR,2581177,32
401160835,POR,6606,35
401160835,POR,2490149,37
401160835,POR,3276,4
401160835,POR,2995706,9
401160835,POR,6637,21
401160835,POR,3936296,20
401160835,POR,4277843,4
401160835,POR,4351851,22
401160835,HOU,3033,31
401160835,HOU,2991155,34
401160835,HOU,3102529,35
401160835,HOU,3468,34
401160835,HOU,3992,33
401160835,HOU,3132042,3
401160835,HOU,4222252,13
401160835,HOU,6617,21
401160835,HOU,2578213,26
401160835,HOU,3906603,8
401160835,HOU,3028,0
401160835,HOU,984,0
401160836,SA,3136196,11
401160836,SA,2983,35
401160836,SA,2994526,31
401160836,SA,3978,34
401160836,SA,3907497,25
401160836,SA,3970,8
401160836,SA,3005,18
401160836,SA,3134908,20
401160836,SA,4004,26
401160836,SA,3190,19
401160836,SA,3078576,13
401160836,SA,3914283,0
401160836,SA,4277890,0
401160836,DAL,2531367,25
401160836,DAL,2578185,35
401160836,DAL,3102531,32
401160836,DAL,2326307,27
401160836,DAL,3945274,35
401160836,DAL,2960236,28
401160836,DAL,3138156,5
401160836,DAL,2528210,15
401160836,DAL,3064447,25
401160836,DAL,3934672,13
401160836,DAL,4376,0
401160836,DAL,3055,0
401160836,DAL,3445,0
401160837,BOS,4065648,27
401160837,BOS,2451037,28
401160837,BOS,6479,30
401160837,BOS,2990992,30
401160837,BOS,3917376,30
401160837,BOS,3056602,18
401160837,BOS,4066218,18
401160837,BOS,6447,5
401160837,BOS,4066211,15
401160837,BOS,6507,30
401160837,BOS,4066407,11
401160837,BOS,4237215,0
401160837,BOS,2596112,0
401160837,PHX,3032978,29
401160837,PHX,2968439,26
401160837,PHX,3133603,33
401160837,PHX,3133635,24
401160837,PHX,3136193,34
401160837,PHX,2579294,16
401160837,PHX,3138196,24
401160837,PHX,3919335,5
401160837,PHX,2530276,25
401160837,PHX,3147657,15
401160837,PHX,4230550,8
401160837,PHX,4278129,0
401160837,PHX,4011,0
401160838,MIN,2490620,32
401160838,MIN,2595231,25
401160838,MIN,2982268,14
401160838,MIN,3136195,33
401160838,MIN,4015,36
401160838,MIN,3136779,13
401160838,MIN,2534781,15
401160838,MIN,3133596,24
401160838,MIN,4065663,24
401160838,MIN,4277928,24
401160838,MIN,3078284,0
401160838,MIN,3064427,0
401160838,MIN,4396971,0
401160838,UTAH,2583632,25
401160838,UTAH,3593,31
401160838,UTAH,3032976,36
401160838,UTAH,3195,34
401160838,UTAH,3908809,34
401160838,UTAH,3209,18
401160838,UTAH,2968436,34
401160838,UTAH,3102528,14
401160838,UTAH,3892818,14
401160838,UTAH,2990969,0
401160838,UTAH,2995105,0
401160838,UTAH,4065673,0
401160838,UTAH,3064457,0
401160839,OKC,3428,32
401160839,OKC,4230546,35
401160839,OKC,2991235,27
401160839,OKC,2779,33
401160839,OKC,4278073,31
401160839,OKC,2595435,16
401160839,OKC,3059358,2
401160839,OKC,4423545,14
401160839,OKC,2991280,21
401160839,OKC,3032979,29
401160839,OKC,3059285,0
401160839,OKC,2490089,0
401160839,LAC,4251,29
401160839,LAC,6591,18
401160839,LAC,4017837,20
401160839,LAC,3964,34
401160839,LAC,3907823,21
401160839,LAC,4264,6
401160839,LAC,2327577,21
401160839,LAC,2991055,28
401160839,LAC,2799,32
401160839,LAC,3943606,10
401160839,LAC,2488826,20
401160839,LAC,4065660,0
401160839,LAC,3056273,0
401160840,GS,6589,35
401160840,GS,2991039,34
401160840,GS,3133817,24
401160840,GS,2991282,26
401160840,GS,6429,36
401160840,GS,4065836,23
401160840,GS,3907487,21
401160840,GS,4065635,25
401160840,GS,4277956,17
401160840,GS,3136776,0
401160840,GS,3934621,0
401160840,MEM,6581,33
401160840,MEM,3155526,32
401160840,MEM,4277961,18
401160840,MEM,6477,26
401160840,MEM,4279888,35
401160840,MEM,2993874,21
401160840,MEM,3113297,1
401160840,MEM,3906665,26
401160840,MEM,2488958,22
401160840,MEM,3135046,13
401160840,MEM,4066436,5
401160840,MEM,4230554,6
401160840,MEM,3135045,0
401160841,POR,1975,24
401160841,POR,4262,29
401160841,POR,2581177,32
401160841,POR,2490149,35
401160841,POR,4351851,36
401160841,POR,2995706,13
401160841,POR,6637,28
401160841,POR,4395652,23
401160841,POR,3936296,19
401160841,POR,4277843,2
401160841,POR,3276,0
401160841,POR,6606,0
401160841,NO,3913176,35
401160841,NO,4397077,21
401160841,NO,3024,32
401160841,NO,3995,35
401160841,NO,3133626,34
401160841,NO,4341,27
401160841,NO,6460,21
401160841,NO,4065651,19
401160841,NO,4278039,16
401160841,NO,3137713,0
401160841,NO,3135048,0
401160841,NO,3001308,0
401160841,NO,3062679,0
401160842,PHX,2579294,23
401160842,PHX,3032978,21
401160842,PHX,4011,16
401160842,PHX,3133603,37
401160842,PHX,3136193,39
401160842,PHX,3138196,26
401160842,PHX,3919335,15
401160842,PHX,2530276,18
401160842,PHX,3147657,26
401160842,PHX,4230550,18
401160842,PHX,2968439,0
401160842,PHX,4278129,0
401160842,PHX,3133635,0
401160842,SAC,4269,31
401160842,SAC,6578,37
401160842,SAC,2993370,34
401160842,SAC,6446,39
401160842,SAC,2990984,29
401160842,SAC,2580913,13
401160842,SAC,2991018,18
401160842,SAC,3037789,36
401160842,SAC,3914058,3
401160842,SAC,4065649,0
401160842,SAC,3906671,0
401160842,SAC,4066264,0
401160842,SAC,3913220,0
401160843,OKC,3428,31
401160843,OKC,4230546,31
401160843,OKC,2991235,24
401160843,OKC,2779,30
401160843,OKC,4278073,36
401160843,OKC,2595435,10
401160843,OKC,3059358,11
401160843,OKC,4423545,13
401160843,OKC,2991280,24
401160843,OKC,3032979,30
401160843,OKC,3059285,0
401160843,OKC,2490089,0
401160843,LAL,1966,37
401160843,LAL,3988,21
401160843,LAL,6583,37
401160843,LAL,3452,23
401160843,LAL,2581018,33
401160843,LAL,3134907,9
401160843,LAL,2384,17
401160843,LAL,3026,27
401160843,LAL,2566745,15
401160843,LAL,2991350,20
401160843,LAL,3201,0
401160843,LAL,2489530,0
401160844,NY,3986,14
401160844,NY,6462,40
401160844,NY,3064514,36
401160844,NY,4395625,36
401160844,NY,4230547,33
401160844,NY,3064482,24
401160844,NY,4278075,10
401160844,NY,4351852,13
401160844,NY,4065697,15
401160844,NY,2991149,20
401160844,NY,3981,0
401160844,NY,3907525,0
401160844,PHI,6440,32
401160844,PHI,3213,25
401160844,PHI,3059318,34
401160844,PHI,3929325,16
401160844,PHI,3907387,42
401160844,PHI,6622,24
401160844,PHI,2579321,22
401160844,PHI,2579260,15
401160844,PHI,3915195,17
401160844,PHI,3907498,14
401160844,PHI,6615,0
401160844,PHI,2968361,0
401160845,SA,2983,32
401160845,SA,3134908,26
401160845,SA,4004,30
401160845,SA,2994526,33
401160845,SA,3978,40
401160845,SA,3970,10
401160845,SA,3136196,7
401160845,SA,3005,28
401160845,SA,3190,14
401160845,SA,3907497,19
401160845,SA,3914283,0
401160845,SA,4395723,0
401160845,SA,4277890,0
401160845,WSH,4066648,25
401160845,WSH,4278508,20
401160845,WSH,3934723,22
401160845,WSH,6472,24
401160845,WSH,6580,38
401160845,WSH,6426,29
401160845,WSH,3150844,26
401160845,WSH,4305,24
401160845,WSH,2778,18
401160845,WSH,2531797,13
401160845,WSH,3945566,0
401160845,WSH,3918423,0
401160845,WSH,4348697,0
401160846,MIL,3032977,30
401160846,MIL,3448,24
401160846,MIL,4032,28
401160846,MIL,4238,25
401160846,MIL,3934673,25
401160846,MIL,3136491,18
401160846,MIL,3057187,20
401160846,MIL,3447,20
401160846,MIL,3438,23
401160846,MIL,2011,12
401160846,MIL,2578239,16
401160846,MIL,2767,0
401160846,MIL,3102533,0
401160846,ATL,3056600,27
401160846,ATL,4065732,29
401160846,ATL,4395627,28
401160846,ATL,3064559,20
401160846,ATL,4277905,33
401160846,ATL,4277952,13
401160846,ATL,2596107,9
401160846,ATL,3062667,24
401160846,ATL,136,24
401160846,ATL,4239,15
401160846,ATL,2531210,20
401160846,ATL,6466,0
401160846,ATL,3002137,0
401160847,CHA,4066383,33
401160847,CHA,4278078,12
401160847,CHA,2579258,15
401160847,CHA,3133601,38
401160847,CHA,3074752,33
401160847,CHA,2797,24
401160847,CHA,3416,26
401160847,CHA,6427,17
401160847,CHA,3907821,14
401160847,CHA,4066262,28
401160847,CHA,6601,0
401160847,CHA,3138161,0
401160847,CHA,2999409,0
401160847,BKN,2990962,33
401160847,BKN,2528794,37
401160847,BKN,4066328,28
401160847,BKN,2580782,37
401160847,BKN,4023,31
401160847,BKN,4348696,20
401160847,BKN,3442,20
401160847,BKN,6468,19
401160847,BKN,3138154,16
401160847,BKN,3062744,0
401160847,BKN,4230548,0
401160847,BKN,4278067,0
401160847,BKN,3893019,0
401160848,CLE,3449,33
401160848,CLE,2580365,35
401160848,CLE,3893016,22
401160848,CLE,4277811,27
401160848,CLE,4396907,25
401160848,CLE,2530923,15
401160848,CLE,3912848,3
401160848,CLE,4066367,3
401160848,CLE,4017838,15
401160848,CLE,2489716,21
401160848,CLE,2528426,17
401160848,CLE,4397140,23
401160848,MIA,6430,32
401160848,MIA,3157465,34
401160848,MIA,6605,18
401160848,MIA,4066261,30
401160848,MIA,3056247,25
401160848,MIA,2184,6
401160848,MIA,2489663,24
401160848,MIA,3923253,12
401160848,MIA,3423,26
401160848,MIA,4395725,31
401160848,MIA,3999,0
401160848,MIA,3936099,0
401160849,ORL,3064290,12
401160849,ORL,4065654,34
401160849,ORL,6478,11
401160849,ORL,6588,28
401160849,ORL,4066636,26
401160849,ORL,3074797,12
401160849,ORL,4248,23
401160849,ORL,2578240,21
401160849,ORL,4277919,16
401160849,ORL,4064727,2
401160849,ORL,3415,27
401160849,ORL,6619,27
401160849,ORL,3913546,2
401160849,TOR,3149673,35
401160849,TOR,3934719,23
401160849,TOR,3206,29
401160849,TOR,2595516,38
401160849,TOR,2991230,35
401160849,TOR,2580980,1
401160849,TOR,3948153,20
401160849,TOR,4065672,1
401160849,TOR,3064291,27
401160849,TOR,4278031,1
401160849,TOR,3059311,2
401160849,TOR,3919454,27
401160850,GS,2991039,28
401160850,GS,3133817,40
401160850,GS,2991282,25
401160850,GS,6429,29
401160850,GS,4065635,32
401160850,GS,4065836,28
401160850,GS,3907487,27
401160850,GS,4277956,30
401160850,GS,6589,0
401160850,GS,3136776,0
401160850,GS,3934621,0
401160850,DAL,2531367,25
401160850,DAL,2578185,19
401160850,DAL,3102531,24
401160850,DAL,2528210,22
401160850,DAL,3945274,26
401160850,DAL,2960236,14
401160850,DAL,3138156,29
401160850,DAL,4376,20
401160850,DAL,3445,12
401160850,DAL,2489693,12
401160850,DAL,3064447,16
401160850,DAL,3934672,23
401160850,DAL,3055,0
401160851,DET,3989,30
401160851,DET,6585,34
401160851,DET,2530572,40
401160851,DET,3913174,38
401160851,DET,4065670,30
401160851,DET,6461,5
401160851,DET,3058254,18
401160851,DET,4017843,6
401160851,DET,3456,24
401160851,DET,3133602,15
401160851,DET,2528353,0
401160851,DET,2488945,0
401160851,CHI,4066336,29
401160851,CHI,4277847,33
401160851,CHI,6621,26
401160851,CHI,2991274,26
401160851,CHI,3064440,28
401160851,CHI,3244,17
401160851,CHI,4278049,15
401160851,CHI,2991047,21
401160851,CHI,2991139,22
401160851,CHI,4395651,23
401160851,CHI,2999549,0
401160851,CHI,4065778,0
401160852,UTAH,2583632,29
401160852,UTAH,3593,36
401160852,UTAH,3032976,35
401160852,UTAH,3195,31
401160852,UTAH,3908809,38
401160852,UTAH,3209,15
401160852,UTAH,2968436,27
401160852,UTAH,2990969,5
401160852,UTAH,3102528,8
401160852,UTAH,3892818,16
401160852,UTAH,2995105,0
401160852,UTAH,4065673,0
401160852,UTAH,3911566,0
401160852,MIN,2490620,31
401160852,MIN,2595231,19
401160852,MIN,3059319,34
401160852,MIN,3136195,33
401160852,MIN,4015,34
401160852,MIN,3136779,4
401160852,MIN,2534781,15
401160852,MIN,3133596,25
401160852,MIN,4065663,22
401160852,MIN,4277928,24
401160852,MIN,3078284,0
401160852,MIN,3064427,0
401160852,MIN,2530780,0
401160853,HOU,3033,31
401160853,HOU,2991155,21
401160853,HOU,3102529,35
401160853,HOU,3468,35
401160853,HOU,3992,37
401160853,HOU,3028,15
401160853,HOU,984,9
401160853,HOU,4222252,4
401160853,HOU,6617,28
401160853,HOU,2578213,16
401160853,HOU,3906603,9
401160853,DEN,3015,28
401160853,DEN,3112335,32
401160853,DEN,6579,26
401160853,DEN,2999547,35
401160853,DEN,3936299,33
401160853,DEN,4017839,16
401160853,DEN,2991070,20
401160853,DEN,2528693,19
401160853,DEN,2488653,16
401160853,DEN,3059310,15
401160853,DEN,4278104,0
401160853,DEN,3907822,0
401160854,BOS,4065648,41
401160854,BOS,2451037,31
401160854,BOS,6479,39
401160854,BOS,2990992,40
401160854,BOS,3917376,39
401160854,BOS,3056602,6
401160854,BOS,4066218,20
401160854,BOS,6447,12
401160854,BOS,4066211,9
401160854,BOS,6507,27
401160854,BOS,4237215,0
401160854,BOS,4066407,0
401160854,BOS,2596112,0
401160854,LAC,4251,37
401160854,LAC,6450,38
401160854,LAC,6591,25
401160854,LAC,4017837,22
401160854,LAC,3964,41
401160854,LAC,2327577,18
401160854,LAC,2991055,31
401160854,LAC,2799,37
401160854,LAC,3943606,1
401160854,LAC,2488826,15
401160854,LAC,3907823,1
401160854,LAC,4264,0
401160854,LAC,4065660,0
401160855,POR,1975,29
401160855,POR,3276,31
401160855,POR,2581177,30
401160855,POR,2490149,38
401160855,POR,4277843,21
401160855,POR,2995706,10
401160855,POR,6637,18
401160855,POR,4395652,17
401160855,POR,3936296,28
401160855,POR,4351851,17
401160855,POR,4395688,0
401160855,POR,4397126,0
401160855,MIL,3032977,36
401160855,MIL,3448,30
401160855,MIL,4032,30
401160855,MIL,4238,31
401160855,MIL,3934673,27
401160855,MIL,2767,15
401160855,MIL,3057187,18
401160855,MIL,3447,14
401160855,MIL,3438,17
401160855,MIL,2578239,22
401160855,MIL,3102533,0
401160855,MIL,3136491,0
401160855,MIL,2011,0
401160856,NO,3913176,33
401160856,NO,4397077,21
401160856,NO,3024,37
401160856,NO,3995,37
401160856,NO,3133626,30
401160856,NO,4341,21
401160856,NO,6460,26
401160856,NO,4065651,14
401160856,NO,4066421,19
401160856,NO,4278039,2
401160856,NO,4257,0
401160856,NO,3135048,0
401160856,NO,3062679,0
401160856,PHX,2579294,24
401160856,PHX,3032978,16
401160856,PHX,2530276,29
401160856,PHX,3133603,35
401160856,PHX,3136193,37
401160856,PHX,3138196,19
401160856,PHX,3919335,14
401160856,PHX,3133635,9
401160856,PHX,3147657,36
401160856,PHX,4230550,20
401160856,PHX,2968439,0
401160856,PHX,4278129,0
401160856,PHX,4011,0
401160857,ATL,3056600,21
401160857,ATL,4065732,35
401160857,ATL,3064559,25
401160857,ATL,3062667,35
401160857,ATL,4277905,32
401160857,ATL,4277952,10
401160857,ATL,6466,16
401160857,ATL,2596107,16
401160857,ATL,136,10
401160857,ATL,4239,9
401160857,ATL,2531210,23
401160857,ATL,3002137,10
401160857,DET,3989,33
401160857,DET,6585,28
401160857,DET,2530572,27
401160857,DET,3913174,31
401160857,DET,4065670,33
401160857,DET,6461,13
401160857,DET,3058254,12
401160857,DET,4017843,11
401160857,DET,3456,18
401160857,DET,2488945,3
401160857,DET,3133602,32
401160857,DET,2528353,0
401160858,CHA,4066383,35
401160858,CHA,4278078,29
401160858,CHA,2579258,22
401160858,CHA,3133601,36
401160858,CHA,3074752,34
401160858,CHA,2797,21
401160858,CHA,3416,28
401160858,CHA,6427,7
401160858,CHA,3907821,7
401160858,CHA,4066262,22
401160858,CHA,6601,0
401160858,CHA,3138161,0
401160858,CHA,2999409,0
401160858,WSH,4066648,21
401160858,WSH,4278508,20
401160858,WSH,3934723,34
401160858,WSH,6472,21
401160858,WSH,6580,42
401160858,WSH,6426,28
401160858,WSH,3150844,14
401160858,WSH,4305,27
401160858,WSH,2778,12
401160858,WSH,2531797,20
401160858,WSH,2774,0
401160858,WSH,4348697,0
401160859,SAC,4269,31
401160859,SAC,6578,33
401160859,SAC,2993370,26
401160859,SAC,6446,23
401160859,SAC,2990984,32
401160859,SAC,4065649,10
401160859,SAC,4066264,8
401160859,SAC,2580913,14
401160859,SAC,2991018,20
401160859,SAC,3913220,9
401160859,SAC,3914058,33
401160859,SAC,3906671,0
401160859,SAC,3037789,0
401160859,BKN,2990962,25
401160859,BKN,2528794,28
401160859,BKN,4066328,25
401160859,BKN,2580782,28
401160859,BKN,4023,35
401160859,BKN,3906522,3
401160859,BKN,4348696,20
401160859,BKN,3062744,3
401160859,BKN,3442,19
401160859,BKN,4278067,3
401160859,BKN,6468,25
401160859,BKN,3138154,25
401160860,SA,2983,36
401160860,SA,3134908,24
401160860,SA,2994526,26
401160860,SA,3978,33
401160860,SA,3907497,23
401160860,SA,3914283,2
401160860,SA,3970,17
401160860,SA,3136196,2
401160860,SA,4395723,2
401160860,SA,3005,27
401160860,SA,4004,26
401160860,SA,3190,18
401160860,SA,4277890,2
401160860,PHI,6440,34
401160860,PHI,3213,35
401160860,PHI,3059318,28
401160860,PHI,3929325,34
401160860,PHI,3907387,32
401160860,PHI,6622,20
401160860,PHI,2579321,15
401160860,PHI,6615,4
401160860,PHI,2579260,16
401160860,PHI,3915195,7
401160860,PHI,3907498,15
401160860,PHI,2968361,0
401160861,MIA,6430,34
401160861,MIA,3157465,31
401160861,MIA,6605,19
401160861,MIA,4066261,33
401160861,MIA,3056247,26
401160861,MIA,3999,2
401160861,MIA,2489663,23
401160861,MIA,3923253,15
401160861,MIA,3423,28
401160861,MIA,4395725,28
401160861,MIA,2184,0
401160861,MIA,3936099,0
401160861,CHI,4066336,24
401160861,CHI,4277847,26
401160861,CHI,6621,21
401160861,CHI,2991274,23
401160861,CHI,3064440,29
401160861,CHI,3244,25
401160861,CHI,4278049,15
401160861,CHI,2991047,25
401160861,CHI,2991139,22
401160861,CHI,2999549,5
401160861,CHI,4065778,5
401160861,CHI,4395651,21
401160862,LAL,1966,36
401160862,LAL,3988,29
401160862,LAL,6583,35
401160862,LAL,3452,18
401160862,LAL,2581018,32
401160862,LAL,3134907,27
401160862,LAL,2384,17
401160862,LAL,3026,18
401160862,LAL,2566745,12
401160862,LAL,2991350,17
401160862,LAL,3201,0
401160862,LAL,2489530,0
401160862,OKC,3428,32
401160862,OKC,4230546,32
401160862,OKC,2991235,27
401160862,OKC,2779,32
401160862,OKC,4278073,36
401160862,OKC,4423545,16
401160862,OKC,2490089,21
401160862,OKC,3032979,29
401160862,OKC,4080610,15
401160862,OKC,2595435,0
401160862,OKC,3059358,0
401160862,OKC,2991280,0
401160863,CLE,3449,25
401160863,CLE,3893016,26
401160863,CLE,6474,26
401160863,CLE,4277811,32
401160863,CLE,4396907,34
401160863,CLE,2530923,12
401160863,CLE,2580365,21
401160863,CLE,3912848,6
401160863,CLE,4017838,12
401160863,CLE,6448,6
401160863,CLE,2489716,4
401160863,CLE,2528426,15
401160863,CLE,4397140,22
401160863,DAL,2531367,24
401160863,DAL,2578185,23
401160863,DAL,3102531,28
401160863,DAL,2528210,18
401160863,DAL,3945274,28
401160863,DAL,2960236,19
401160863,DAL,3138156,23
401160863,DAL,4376,18
401160863,DAL,3055,12
401160863,DAL,3445,8
401160863,DAL,2489693,8
401160863,DAL,3064447,20
401160863,DAL,3934672,11
401160864,BOS,4065648,32
401160864,BOS,2451037,18
401160864,BOS,6479,12
401160864,BOS,2990992,32
401160864,BOS,3917376,36
401160864,BOS,3056602,21
401160864,BOS,4066218,17
401160864,BOS,6447,14
401160864,BOS,4066211,15
401160864,BOS,6507,27
401160864,BOS,4066407,7
401160864,BOS,2596112,9
401160864,BOS,4237215,0
401160864,DEN,3015,32
401160864,DEN,3112335,36
401160864,DEN,6579,34
401160864,DEN,2999547,34
401160864,DEN,3936299,38
401160864,DEN,4017839,18
401160864,DEN,2991070,16
401160864,DEN,4278104,10
401160864,DEN,2488653,12
401160864,DEN,3059310,10
401160864,DEN,2528693,0
401160864,DEN,3907822,0
401160865,GS,2991039,36
401160865,GS,3133817,30
401160865,GS,2991282,28
401160865,GS,6429,35
401160865,GS,4065635,36
401160865,GS,4065836,28
401160865,GS,3907487,22
401160865,GS,4277956,25
401160865,GS,6589,0
401160865,GS,3136776,0
401160865,GS,3934621,0
401160865,UTAH,2583632,32
401160865,UTAH,3593,35
401160865,UTAH,3032976,35
401160865,UTAH,3195,31
401160865,UTAH,3908809,35
401160865,UTAH,3209,17
401160865,UTAH,2968436,27
401160865,UTAH,4065673,7
401160865,UTAH,3102528,6
401160865,UTAH,3892818,15
401160865,UTAH,2990969,0
401160865,UTAH,3934721,0
401160865,UTAH,4066851,0
401160866,HOU,3033,37
401160866,HOU,3102529,41
401160866,HOU,2578213,32
401160866,HOU,3468,34
401160866,HOU,3992,42
401160866,HOU,3028,11
401160866,HOU,984,7
401160866,HOU,6617,31
401160866,HOU,3906603,5
401160866,HOU,3132042,0
401160866,HOU,4222252,0
401160866,LAC,4251,32
401160866,LAC,6450,28
401160866,LAC,6591,23
401160866,LAC,4017837,13
401160866,LAC,3964,19
401160866,LAC,2327577,26
401160866,LAC,2991055,35
401160866,LAC,2799,34
401160866,LAC,3943606,11
401160866,LAC,2488826,18
401160866,LAC,4264,0
401160866,LAC,3907823,0
401160867,PHX,2579294,29
401160867,PHX,3032978,24
401160867,PHX,2530276,31
401160867,PHX,3133603,38
401160867,PHX,3136193,38
401160867,PHX,3138196,21
401160867,PHX,3919335,13
401160867,PHX,3147657,23
401160867,PHX,4230550,22
401160867,PHX,2968439,0
401160867,PHX,4278129,0
401160867,PHX,4011,0
401160867,PHX,3133635,0
401160867,MIN,3078284,8
401160867,MIN,3059319,36
401160867,MIN,3136195,39
401160867,MIN,4015,33
401160867,MIN,4277928,27
401160867,MIN,3064427,17
401160867,MIN,3136779,37
401160867,MIN,2534781,12
401160867,MIN,3133596,18
401160867,MIN,4278541,14
401160867,MIN,2595231,0
401160867,MIN,2530780,0
401160867,MIN,4065663,0
401160868,CHI,4066336,24
401160868,CHI,4277847,34
401160868,CHI,6621,28
401160868,CHI,2991274,14
401160868,CHI,3064440,35
401160868,CHI,3244,14
401160868,CHI,4278049,14
401160868,CHI,2991047,24
401160868,CHI,2991139,20
401160868,CHI,4395651,34
401160868,CHI,3149010,0
401160868,CHI,2999549,0
401160868,CHI,4065778,0
401160868,CHA,4066383,35
401160868,CHA,4278078,22
401160868,CHA,2579258,25
401160868,CHA,3133601,39
401160868,CHA,3074752,34
401160868,CHA,2797,22
401160868,CHA,3416,16
401160868,CHA,3138161,5
401160868,CHA,6427,23
401160868,CHA,4066262,19
401160868,CHA,6601,0
401160868,CHA,2999409,0
401160868,CHA,3907821,0
401160869,ORL,3074797,27
401160869,ORL,4065654,29
401160869,ORL,2578240,27
401160869,ORL,6588,34
401160869,ORL,4066636,29
401160869,ORL,4248,20
401160869,ORL,4277919,21
401160869,ORL,3415,25
401160869,ORL,6619,28
401160869,ORL,2982249,0
401160869,ORL,4064727,0
401160869,ORL,3913546,0
401160869,IND,3155942,35
401160869,IND,2982334,28
401160869,IND,3133628,30
401160869,IND,6603,28
401160869,IND,3922230,26
401160869,IND,4066425,7
401160869,IND,2284101,25
401160869,IND,2528588,22
401160869,IND,4348700,15
401160869,IND,2530530,23
401160869,IND,4067045,0
401160869,IND,2990968,0
401160870,TOR,3149673,40
401160870,TOR,3934719,26
401160870,TOR,3206,31
401160870,TOR,2595516,34
401160870,TOR,2991230,43
401160870,TOR,3948153,15
401160870,TOR,3064291,24
401160870,TOR,3059311,10
401160870,TOR,3919454,17
401160870,TOR,2580980,0
401160870,TOR,4278031,0
401160870,ATL,3056600,29
401160870,ATL,4065732,35
401160870,ATL,3064559,23
401160870,ATL,3062667,32
401160870,ATL,4277905,41
401160870,ATL,4277952,16
401160870,ATL,2596107,8
401160870,ATL,136,19
401160870,ATL,4239,12
401160870,ATL,2531210,24
401160870,ATL,6466,0
401160870,ATL,3002137,0
401160871,SA,2983,34
401160871,SA,3134908,24
401160871,SA,2994526,20
401160871,SA,3978,31
401160871,SA,3078576,25
401160871,SA,3970,13
401160871,SA,3136196,15
401160871,SA,3005,24
401160871,SA,4004,29
401160871,SA,3190,17
401160871,SA,4277890,7
401160871,SA,3914283,0
401160871,SA,4395723,0
401160871,NY,3986,10
401160871,NY,6462,29
401160871,NY,3064514,31
401160871,NY,4395625,29
401160871,NY,4230547,35
401160871,NY,3064482,20
401160871,NY,4278075,9
401160871,NY,4351852,24
401160871,NY,4065697,15
401160871,NY,3981,21
401160871,NY,2991149,16
401160871,NY,4397205,0
401160871,NY,3907525,0
401160872,MIA,6430,30
401160872,MIA,3157465,33
401160872,MIA,6605,13
401160872,MIA,4066261,26
401160872,MIA,3056247,20
401160872,MIA,2489663,31
401160872,MIA,3923253,20
401160872,MIA,3423,31
401160872,MIA,4395725,36
401160872,MIA,2184,0
401160872,MIA,3999,0
401160872,MIA,3936099,0
401160872,PHI,6440,26
401160872,PHI,3213,24
401160872,PHI,3059318,26
401160872,PHI,2581190,26
401160872,PHI,3907387,27
401160872,PHI,6622,19
401160872,PHI,2579321,22
401160872,PHI,6615,9
401160872,PHI,2579260,21
401160872,PHI,2968361,8
401160872,PHI,3915195,8
401160872,PHI,3907498,24
401160873,POR,1975,35
401160873,POR,3276,30
401160873,POR,2581177,36
401160873,POR,6606,37
401160873,POR,2490149,38
401160873,POR,6637,12
401160873,POR,4395652,13
401160873,POR,3936296,18
401160873,POR,4277843,7
401160873,POR,4351851,14
401160873,POR,2995706,0
401160873,POR,4395688,0
401160873,POR,4397126,0
401160873,CLE,2580365,32
401160873,CLE,3893016,33
401160873,CLE,6474,36
401160873,CLE,4277811,32
401160873,CLE,4396907,27
401160873,CLE,2530923,15
401160873,CLE,2489716,12
401160873,CLE,2528426,31
401160873,CLE,4397140,23
401160873,CLE,3449,0
401160873,CLE,4017838,0
401160873,CLE,6448,0
401160874,LAL,1966,39
401160874,LAL,3988,27
401160874,LAL,6583,35
401160874,LAL,3452,14
401160874,LAL,2581018,29
401160874,LAL,3134907,26
401160874,LAL,3201,7
401160874,LAL,2384,20
401160874,LAL,3026,26
401160874,LAL,2489530,18
401160874,LAL,2566745,0
401160874,LAL,2991350,0
401160874,MEM,6581,34
401160874,MEM,3155526,27
401160874,MEM,4277961,34
401160874,MEM,6477,25
401160874,MEM,4279888,33
401160874,MEM,2993874,25
401160874,MEM,3906665,21
401160874,MEM,2488958,14
401160874,MEM,3135046,15
401160874,MEM,4230554,13
401160874,MEM,3113297,0
401160874,MEM,3135045,0
401160874,MEM,4066436,0
401160875,DET,6461,34
401160875,DET,6585,37
401160875,DET,2530572,40
401160875,DET,3913174,31
401160875,DET,4065670,23
401160875,DET,3058254,12
401160875,DET,4017843,11
401160875,DET,4423314,2
401160875,DET,3456,26
401160875,DET,2488945,5
401160875,DET,3133602,19
401160875,DET,4066212,2
401160875,MIL,3032977,27
401160875,MIL,3448,24
401160875,MIL,4032,23
401160875,MIL,4238,28
401160875,MIL,3934673,24
401160875,MIL,3102533,2
401160875,MIL,3136491,15
401160875,MIL,4011991,2
401160875,MIL,3057187,22
401160875,MIL,3447,13
401160875,MIL,3438,16
401160875,MIL,2011,22
401160875,MIL,2578239,21
401160876,NO,3913176,37
401160876,NO,4397077,30
401160876,NO,3024,31
401160876,NO,3995,36
401160876,NO,3133626,32
401160876,NO,4341,16
401160876,NO,6460,19
401160876,NO,4065651,15
401160876,NO,4066421,25
401160876,NO,3135048,0
401160876,NO,3062679,0
401160876,NO,4278039,0
401160876,UTAH,2583632,36
401160876,UTAH,3593,36
401160876,UTAH,4065673,22
401160876,UTAH,3195,30
401160876,UTAH,3908809,36
401160876,UTAH,3209,26
401160876,UTAH,2968436,25
401160876,UTAH,2990969,8
401160876,UTAH,3102528,5
401160876,UTAH,3892818,15
401160876,UTAH,3934721,0
401160876,UTAH,4066851,0
401160876,UTAH,3032976,0
401160877,DAL,2531367,26
401160877,DAL,2578185,32
401160877,DAL,3102531,34
401160877,DAL,2528210,38
401160877,DAL,3945274,34
401160877,DAL,2960236,25
401160877,DAL,3138156,10
401160877,DAL,2326307,15
401160877,DAL,3064447,22
401160877,DAL,3934672,3
401160877,DAL,4376,0
401160877,DAL,3055,0
401160877,DAL,3445,0
401160877,HOU,3033,36
401160877,HOU,2991155,35
401160877,HOU,3102529,35
401160877,HOU,3468,38
401160877,HOU,3992,41
401160877,HOU,3028,2
401160877,HOU,3132042,2
401160877,HOU,984,3
401160877,HOU,4222252,2
401160877,HOU,6617,23
401160877,HOU,2578213,21
401160877,HOU,3906603,2
401160878,BKN,2990962,34
401160878,BKN,2528794,29
401160878,BKN,4066328,32
401160878,BKN,2580782,35
401160878,BKN,4023,36
401160878,BKN,4348696,21
401160878,BKN,3442,16
401160878,BKN,6468,19
401160878,BKN,3138154,17
401160878,BKN,3906522,0
401160878,BKN,3062744,0
401160878,BKN,4278067,0
401160878,NY,3986,20
401160878,NY,6462,33
401160878,NY,3064514,32
401160878,NY,4278075,18
401160878,NY,4230547,32
401160878,NY,3064482,17
401160878,NY,4351852,19
401160878,NY,4065697,20
401160878,NY,3981,28
401160878,NY,2991149,21
401160878,NY,4395625,0
401160878,NY,4397205,0
401160878,NY,3907525,0
401160879,SAC,4269,29
401160879,SAC,6578,35
401160879,SAC,2993370,36
401160879,SAC,6446,36
401160879,SAC,2990984,36
401160879,SAC,2580913,12
401160879,SAC,2991018,12
401160879,SAC,3037789,28
401160879,SAC,3914058,16
401160879,SAC,4065649,0
401160879,SAC,3906671,0
401160879,SAC,4066264,0
401160879,SAC,4065730,0
401160879,WSH,4066648,23
401160879,WSH,4278508,15
401160879,WSH,3934723,28
401160879,WSH,6472,29
401160879,WSH,6580,41
401160879,WSH,3945566,1
401160879,WSH,6426,29
401160879,WSH,3918423,1
401160879,WSH,3150844,19
401160879,WSH,4305,24
401160879,WSH,2778,5
401160879,WSH,2531797,24
401160879,WSH,4348697,1
401160880,PHX,2579294,19
401160880,PHX,3032978,33
401160880,PHX,2530276,17
401160880,PHX,3133603,29
401160880,PHX,3136193,33
401160880,PHX,3138196,22
401160880,PHX,3919335,36
401160880,PHX,3133635,7
401160880,PHX,3147657,16
401160880,PHX,4230550,28
401160880,PHX,2968439,0
401160880,PHX,4278129,0
401160880,PHX,4011,0
401160880,DEN,3015,27
401160880,DEN,3112335,32
401160880,DEN,6579,32
401160880,DEN,2999547,35
401160880,DEN,3936299,34
401160880,DEN,4017839,9
401160880,DEN,2991070,21
401160880,DEN,4278104,8
401160880,DEN,2528693,1
401160880,DEN,2488653,16
401160880,DEN,3059310,14
401160880,DEN,3907822,11
401160881,NO,3913176,35
401160881,NO,4397077,29
401160881,NO,3024,25
401160881,NO,3995,36
401160881,NO,3133626,22
401160881,NO,4341,17
401160881,NO,3135048,19
401160881,NO,6460,21
401160881,NO,4065651,12
401160881,NO,4066421,21
401160881,NO,4278039,3
401160881,NO,3062679,0
401160881,LAC,4251,31
401160881,LAC,6450,28
401160881,LAC,6591,23
401160881,LAC,4017837,17
401160881,LAC,3964,30
401160881,LAC,4264,3
401160881,LAC,2327577,21
401160881,LAC,2991055,28
401160881,LAC,2799,25
401160881,LAC,3943606,15
401160881,LAC,2488826,17
401160881,LAC,3907823,3
401160882,BKN,2990962,33
401160882,BKN,2528794,33
401160882,BKN,4066328,34
401160882,BKN,2580782,33
401160882,BKN,4023,36
401160882,BKN,4348696,23
401160882,BKN,4278067,13
401160882,BKN,6468,18
401160882,BKN,3138154,16
401160882,BKN,3906522,0
401160882,BKN,3062744,0
401160882,BKN,4230548,0
401160882,BKN,3893019,0
401160882,CLE,2580365,33
401160882,CLE,3893016,31
401160882,CLE,6474,32
401160882,CLE,4277811,33
401160882,CLE,4396907,22
401160882,CLE,2530923,17
401160882,CLE,2489716,16
401160882,CLE,2528426,26
401160882,CLE,4397140,29
401160882,CLE,3449,0
401160882,CLE,4017838,0
401160882,CLE,6448,0
401160883,ORL,3074797,23
401160883,ORL,4065654,31
401160883,ORL,2578240,27
401160883,ORL,6588,37
401160883,ORL,4066636,30
401160883,ORL,2982249,0
401160883,ORL,4248,19
401160883,ORL,4277919,20
401160883,ORL,3415,22
401160883,ORL,6619,30
401160883,ORL,4064727,0
401160883,ORL,3913546,0
401160883,DET,3989,31
401160883,DET,6585,30
401160883,DET,2530572,37
401160883,DET,3913174,34
401160883,DET,4065670,31
401160883,DET,6461,17
401160883,DET,3058254,15
401160883,DET,4017843,3
401160883,DET,3456,20
401160883,DET,3133602,22
401160883,DET,2528353,0
401160883,DET,2488945,0
401160884,MEM,6581,32
401160884,MEM,3155526,32
401160884,MEM,4277961,23
401160884,MEM,6477,26
401160884,MEM,4279888,30
401160884,MEM,2993874,15
401160884,MEM,3113297,2
401160884,MEM,3906665,25
401160884,MEM,2488958,18
401160884,MEM,3135045,12
401160884,MEM,3135046,12
401160884,MEM,4066436,6
401160884,MEM,4230554,8
401160884,IND,3155942,33
401160884,IND,2982334,34
401160884,IND,3133628,30
401160884,IND,6603,31
401160884,IND,2566769,30
401160884,IND,4066425,3
401160884,IND,2284101,15
401160884,IND,2528588,17
401160884,IND,4067045,3
401160884,IND,4348700,7
401160884,IND,2530530,19
401160884,IND,3922230,18
401160885,MIN,2490620,24
401160885,MIN,2595231,23
401160885,MIN,3059319,36
401160885,MIN,3136195,32
401160885,MIN,4277928,24
401160885,MIN,3064427,4
401160885,MIN,3136779,24
401160885,MIN,2534781,16
401160885,MIN,4015,31
401160885,MIN,3133596,7
401160885,MIN,4065663,19
401160885,MIN,3078284,0
401160885,MIN,4278541,0
401160885,ATL,3056600,34
401160885,ATL,4065732,37
401160885,ATL,4395627,29
401160885,ATL,3064559,19
401160885,ATL,4277905,35
401160885,ATL,4277952,17
401160885,ATL,2596107,4
401160885,ATL,3062667,16
401160885,ATL,136,16
401160885,ATL,4239,11
401160885,ATL,2531210,23
401160885,ATL,6466,0
401160885,ATL,3002137,0
401160886,SAC,4269,26
401160886,SAC,6578,35
401160886,SAC,2993370,28
401160886,SAC,6446,35
401160886,SAC,2990984,42
401160886,SAC,4065649,9
401160886,SAC,2580913,12
401160886,SAC,2991018,12
401160886,SAC,3037789,29
401160886,SAC,3914058,14
401160886,SAC,3906671,0
401160886,SAC,4066264,0
401160886,SAC,4065730,0
401160886,BOS,3056602,27
401160886,BOS,4065648,34
401160886,BOS,6447,25
401160886,BOS,2990992,37
401160886,BOS,3917376,34
401160886,BOS,4066218,5
401160886,BOS,4066211,23
401160886,BOS,6507,21
401160886,BOS,4066407,13
401160886,BOS,4278080,20
401160886,BOS,4237215,0
401160886,BOS,2596112,0
401160887,CHA,4066383,31
401160887,CHA,4278078,23
401160887,CHA,2579258,17
401160887,CHA,3133601,34
401160887,CHA,3074752,32
401160887,CHA,2797,16
401160887,CHA,3416,19
401160887,CHA,3138161,6
401160887,CHA,6427,22
401160887,CHA,2999409,4
401160887,CHA,3907821,16
401160887,CHA,4066262,20
401160887,CHA,6601,0
401160887,MIA,6430,31
401160887,MIA,3157465,22
401160887,MIA,6605,17
401160887,MIA,4066261,34
401160887,MIA,3056247,31
401160887,MIA,2489663,32
401160887,MIA,3923253,14
401160887,MIA,3423,28
401160887,MIA,4395725,30
401160887,MIA,2184,0
401160887,MIA,3999,0
401160887,MIA,3936099,0
401160888,PHI,6440,38
401160888,PHI,3213,32
401160888,PHI,3059318,32
401160888,PHI,2581190,37
401160888,PHI,3907387,41
401160888,PHI,6622,21
401160888,PHI,2579321,13
401160888,PHI,2968361,7
401160888,PHI,3929325,16
401160888,PHI,3907498,3
401160888,PHI,3155533,0
401160888,PHI,2579260,0
401160888,PHI,3915195,0
401160888,TOR,3149673,40
401160888,TOR,3934719,35
401160888,TOR,3206,35
401160888,TOR,2595516,28
401160888,TOR,2991230,38
401160888,TOR,3948153,13
401160888,TOR,3064291,31
401160888,TOR,3919454,21
401160888,TOR,2580980,0
401160888,TOR,4278031,0
401160888,TOR,4065834,0
401160889,POR,1975,31
401160889,POR,4262,23
401160889,POR,2581177,30
401160889,POR,6606,27
401160889,POR,2490149,32
401160889,POR,2995706,7
401160889,POR,4395688,4
401160889,POR,6637,23
401160889,POR,4395652,17
401160889,POR,3936296,21
401160889,POR,4397126,4
401160889,POR,4351851,21
401160889,POR,3276,0
401160889,CHI,4066336,27
401160889,CHI,4277847,31
401160889,CHI,6621,27
401160889,CHI,2991274,23
401160889,CHI,3064440,30
401160889,CHI,3244,14
401160889,CHI,4278049,16
401160889,CHI,3149010,8
401160889,CHI,2991047,9
401160889,CHI,2991139,11
401160889,CHI,2999549,16
401160889,CHI,4395651,28
401160890,UTAH,2583632,30
401160890,UTAH,3593,34
401160890,UTAH,4065673,23
401160890,UTAH,3195,29
401160890,UTAH,3908809,34
401160890,UTAH,3209,25
401160890,UTAH,2968436,27
401160890,UTAH,2990969,17
401160890,UTAH,3892818,19
401160890,UTAH,3934721,0
401160890,UTAH,4066851,0
401160890,UTAH,3102528,0
401160890,MIL,3032977,39
401160890,MIL,3448,33
401160890,MIL,4032,32
401160890,MIL,4238,27
401160890,MIL,3934673,33
401160890,MIL,2767,16
401160890,MIL,3057187,26
401160890,MIL,3447,3
401160890,MIL,2011,5
401160890,MIL,2578239,27
401160890,MIL,3102533,0
401160890,MIL,3136491,0
401160890,MIL,4011991,0
401160891,LAL,1966,35
401160891,LAL,3988,28
401160891,LAL,6583,33
401160891,LAL,3452,22
401160891,LAL,2581018,28
401160891,LAL,3134907,23
401160891,LAL,2384,18
401160891,LAL,3026,25
401160891,LAL,2489530,15
401160891,LAL,2991350,13
401160891,LAL,3201,0
401160891,LAL,2566745,0
401160891,SA,2983,36
401160891,SA,3134908,24
401160891,SA,2994526,29
401160891,SA,3978,35
401160891,SA,3078576,25
401160891,SA,3914283,1
401160891,SA,3970,12
401160891,SA,3136196,17
401160891,SA,3005,18
401160891,SA,4004,20
401160891,SA,3907497,21
401160891,SA,4277890,1
401160891,SA,3190,0
401160892,OKC,3428,34
401160892,OKC,4230546,27
401160892,OKC,2991235,28
401160892,OKC,2779,35
401160892,OKC,4278073,32
401160892,OKC,2595435,11
401160892,OKC,3059358,8
401160892,OKC,4423545,12
401160892,OKC,2991280,20
401160892,OKC,3032979,34
401160892,OKC,3059285,0
401160892,OKC,2490089,0
401160892,OKC,3912332,0
401160892,GS,2991039,36
401160892,GS,3133817,31
401160892,GS,2991282,29
401160892,GS,6429,33
401160892,GS,4065635,39
401160892,GS,4065836,24
401160892,GS,3907487,23
401160892,GS,4277956,24
401160892,GS,6589,0
401160892,GS,3136776,0
401160892,GS,3934621,0
401160893,LAC,4251,29
401160893,LAC,6450,28
401160893,LAC,6591,20
401160893,LAC,4017837,18
401160893,LAC,3964,21
401160893,LAC,4264,3
401160893,LAC,2327577,23
401160893,LAC,2991055,28
401160893,LAC,2799,33
401160893,LAC,3943606,10
401160893,LAC,2488826,22
401160893,LAC,3907823,3
401160893,DAL,2531367,24
401160893,DAL,2578185,28
401160893,DAL,3102531,30
401160893,DAL,2528210,29
401160893,DAL,3945274,35
401160893,DAL,2960236,18
401160893,DAL,3138156,2
401160893,DAL,4376,8
401160893,DAL,3055,16
401160893,DAL,2326307,19
401160893,DAL,3064447,18
401160893,DAL,3934672,13
401160893,DAL,3445,0
401160894,WSH,4066648,22
401160894,WSH,4278508,23
401160894,WSH,3934723,23
401160894,WSH,6472,22
401160894,WSH,6580,30
401160894,WSH,6426,23
401160894,WSH,3150844,25
401160894,WSH,4305,20
401160894,WSH,2778,21
401160894,WSH,2531797,24
401160894,WSH,3137795,2
401160894,WSH,4348697,6
401160894,DEN,3015,20
401160894,DEN,3112335,25
401160894,DEN,6579,37
401160894,DEN,2999547,28
401160894,DEN,3936299,25
401160894,DEN,4017839,12
401160894,DEN,2991070,28
401160894,DEN,2488653,23
401160894,DEN,3059310,23
401160894,DEN,3907822,19
401160894,DEN,4278104,0
401160894,DEN,2528693,0
401160895,BKN,2990962,29
401160895,BKN,2528794,27
401160895,BKN,4066328,30
401160895,BKN,2580782,29
401160895,BKN,4023,31
401160895,BKN,4348696,16
401160895,BKN,3062744,19
401160895,BKN,4230548,1
401160895,BKN,4278067,18
401160895,BKN,3893019,1
401160895,BKN,6468,20
401160895,BKN,3138154,19
401160895,BKN,3906522,0
401160895,BOS,4065648,35
401160895,BOS,2451037,27
401160895,BOS,6479,31
401160895,BOS,2990992,36
401160895,BOS,3917376,33
401160895,BOS,3056602,22
401160895,BOS,4066218,7
401160895,BOS,6447,14
401160895,BOS,4066211,6
401160895,BOS,4237215,1
401160895,BOS,6507,19
401160895,BOS,4066407,7
401160895,BOS,2596112,1
401160896,DET,3989,31
401160896,DET,6585,38
401160896,DET,2530572,29
401160896,DET,3913174,35
401160896,DET,4065670,23
401160896,DET,6461,17
401160896,DET,3058254,10
401160896,DET,2528353,20
401160896,DET,3456,25
401160896,DET,3133602,13
401160896,DET,4017843,0
401160896,DET,2488945,0
401160896,CHA,4066383,30
401160896,CHA,4278078,21
401160896,CHA,6427,34
401160896,CHA,3133601,37
401160896,CHA,3074752,34
401160896,CHA,2797,24
401160896,CHA,3416,31
401160896,CHA,3138161,5
401160896,CHA,2999409,6
401160896,CHA,4066262,17
401160896,CHA,6601,0
401160896,CHA,3907821,0
401160897,ORL,3074797,24
401160897,ORL,4065654,28
401160897,ORL,2578240,25
401160897,ORL,6588,39
401160897,ORL,4066636,28
401160897,ORL,4248,21
401160897,ORL,4277919,23
401160897,ORL,3415,30
401160897,ORL,6619,23
401160897,ORL,2982249,0
401160897,ORL,3059280,0
401160897,ORL,4064727,0
401160897,ORL,3913546,0
401160897,CLE,3449,24
401160897,CLE,3893016,32
401160897,CLE,6474,31
401160897,CLE,4277811,32
401160897,CLE,4396907,31
401160897,CLE,2530923,13
401160897,CLE,2580365,25
401160897,CLE,2489716,17
401160897,CLE,2528426,16
401160897,CLE,4397140,19
401160897,CLE,4017838,0
401160897,CLE,6448,0
401160898,UTAH,2583632,27
401160898,UTAH,3593,38
401160898,UTAH,3032976,30
401160898,UTAH,3195,28
401160898,UTAH,3908809,31
401160898,UTAH,3209,15
401160898,UTAH,2968436,28
401160898,UTAH,2990969,16
401160898,UTAH,3934721,3
401160898,UTAH,4066851,3
401160898,UTAH,4065673,5
401160898,UTAH,3102528,3
401160898,UTAH,3892818,13
401160898,IND,3155942,33
401160898,IND,2982334,33
401160898,IND,3133628,25
401160898,IND,6603,32
401160898,IND,2566769,30
401160898,IND,4066425,2
401160898,IND,2284101,21
401160898,IND,2528588,16
401160898,IND,4067045,2
401160898,IND,4348700,12
401160898,IND,2530530,18
401160898,IND,3922230,17
401160899,SAC,4269,26
401160899,SAC,6578,39
401160899,SAC,2993370,20
401160899,SAC,6446,28
401160899,SAC,2990984,37
401160899,SAC,4065649,5
401160899,SAC,2580913,23
401160899,SAC,2991018,15
401160899,SAC,3037789,28
401160899,SAC,3914058,19
401160899,SAC,3906671,0
401160899,SAC,4066264,0
401160899,SAC,4065730,0
401160899,PHI,6440,33
401160899,PHI,3213,33
401160899,PHI,3059318,32
401160899,PHI,2581190,17
401160899,PHI,3907387,37
401160899,PHI,6622,23
401160899,PHI,2579321,11
401160899,PHI,2968361,11
401160899,PHI,3929325,21
401160899,PHI,3907498,21
401160899,PHI,2608892,0
401160899,PHI,3155533,0
401160899,PHI,2579260,0
401160900,NY,3986,15
401160900,NY,6462,21
401160900,NY,3064514,24
401160900,NY,4395625,31
401160900,NY,4230547,22
401160900,NY,3064482,19
401160900,NY,4278075,12
401160900,NY,4397205,10
401160900,NY,4351852,31
401160900,NY,4065697,22
401160900,NY,3981,17
401160900,NY,2991149,12
401160900,NY,3907525,7
401160900,TOR,3149673,30
401160900,TOR,3934719,33
401160900,TOR,3206,23
401160900,TOR,2595516,21
401160900,TOR,2991230,30
401160900,TOR,2580980,14
401160900,TOR,3948153,25
401160900,TOR,3064291,23
401160900,TOR,4278031,6
401160900,TOR,4065834,6
401160900,TOR,3919454,29
401160901,MIA,3157465,21
401160901,MIA,6605,15
401160901,MIA,4066261,40
401160901,MIA,3423,34
401160901,MIA,3056247,28
401160901,MIA,3135047,34
401160901,MIA,3999,8
401160901,MIA,2489663,24
401160901,MIA,4395725,36
401160901,MIA,2184,0
401160901,MIA,6430,0
401160901,MIA,3923253,0
401160901,HOU,3033,37
401160901,HOU,2991155,34
401160901,HOU,984,8
401160901,HOU,3468,36
401160901,HOU,3992,35
401160901,HOU,3028,11
401160901,HOU,3132042,29
401160901,HOU,4222252,10
401160901,HOU,6617,19
401160901,HOU,2578213,19
401160901,HOU,3906603,1
401160902,LAC,4251,29
401160902,LAC,6591,12
401160902,LAC,4017837,16
401160902,LAC,3964,34
401160902,LAC,2488826,23
401160902,LAC,4264,7
401160902,LAC,2327577,30
401160902,LAC,2991055,30
401160902,LAC,2799,32
401160902,LAC,3943606,14
401160902,LAC,3907823,14
401160902,LAC,6450,0
401160902,MEM,6581,37
401160902,MEM,3155526,26
401160902,MEM,4277961,30
401160902,MEM,6477,34
401160902,MEM,4279888,34
401160902,MEM,3906665,18
401160902,MEM,2488958,19
401160902,MEM,3135045,18
401160902,MEM,3135046,14
401160902,MEM,4230554,9
401160902,MEM,2993874,0
401160902,MEM,3113297,0
401160902,MEM,4066436,0
401160903,ATL,3056600,37
401160903,ATL,4065732,35
401160903,ATL,4395627,22
401160903,ATL,3064559,21
401160903,ATL,4277905,35
401160903,ATL,4277952,16
401160903,ATL,3062667,22
401160903,ATL,136,17
401160903,ATL,4239,14
401160903,ATL,2531210,20
401160903,ATL,6466,0
401160903,ATL,2596107,0
401160903,ATL,3002137,0
401160903,MIL,3032977,35
401160903,MIL,3448,24
401160903,MIL,4032,27
401160903,MIL,4238,37
401160903,MIL,3934673,28
401160903,MIL,2767,19
401160903,MIL,6609,20
401160903,MIL,3057187,13
401160903,MIL,3447,12
401160903,MIL,2011,6
401160903,MIL,2578239,19
401160903,MIL,3136491,0
401160903,MIL,3059315,0
401160904,MIN,2490620,27
401160904,MIN,2595231,13
401160904,MIN,3059319,36
401160904,MIN,3136195,31
401160904,MIN,4277928,26
401160904,MIN,3064427,3
401160904,MIN,3136779,26
401160904,MIN,2534781,16
401160904,MIN,4015,32
401160904,MIN,3133596,7
401160904,MIN,4065663,25
401160904,MIN,3078284,0
401160904,MIN,2530780,0
401160904,SA,2983,33
401160904,SA,3134908,22
401160904,SA,2994526,22
401160904,SA,3978,34
401160904,SA,3078576,24
401160904,SA,3136196,6
401160904,SA,3005,27
401160904,SA,4004,28
401160904,SA,3190,7
401160904,SA,3907497,23
401160904,SA,4277890,13
401160904,SA,3970,0
401160904,SA,3914285,0
401160905,WSH,4066648,31
401160905,WSH,4278508,14
401160905,WSH,3934723,30
401160905,WSH,6472,25
401160905,WSH,6580,40
401160905,WSH,6426,27
401160905,WSH,3150844,18
401160905,WSH,4305,26
401160905,WSH,2531797,24
401160905,WSH,4348697,4
401160905,WSH,2774,0
401160905,WSH,3137795,0
401160905,PHX,2579294,16
401160905,PHX,3032978,37
401160905,PHX,4011,25
401160905,PHX,3133603,18
401160905,PHX,3136193,38
401160905,PHX,3138196,32
401160905,PHX,3919335,23
401160905,PHX,2530276,19
401160905,PHX,3147657,12
401160905,PHX,4230550,21
401160905,PHX,2968439,0
401160905,PHX,3133635,0
401160905,PHX,4065733,0
401160906,LAL,1966,38
401160906,LAL,3988,21
401160906,LAL,6583,37
401160906,LAL,3452,13
401160906,LAL,2581018,29
401160906,LAL,3134907,24
401160906,LAL,2384,23
401160906,LAL,3026,19
401160906,LAL,2489530,11
401160906,LAL,2991350,25
401160906,LAL,3201,0
401160906,LAL,2566745,0
401160906,NO,3913176,40
401160906,NO,4397077,21
401160906,NO,3024,35
401160906,NO,3995,40
401160906,NO,3133626,33
401160906,NO,4341,9
401160906,NO,3135048,15
401160906,NO,6460,13
401160906,NO,3062679,25
401160906,NO,4065651,8
401160906,NO,4257,0
401160906,NO,4066421,0
401160906,NO,4278039,0
401160907,OKC,3428,27
401160907,OKC,4230546,25
401160907,OKC,2991235,25
401160907,OKC,2779,25
401160907,OKC,4278073,30
401160907,OKC,2595435,17
401160907,OKC,3059285,8
401160907,OKC,3059358,15
401160907,OKC,4423545,21
401160907,OKC,2490089,4
401160907,OKC,2991280,16
401160907,OKC,3912332,3
401160907,OKC,3032979,24
401160907,POR,1975,29
401160907,POR,4262,22
401160907,POR,2581177,25
401160907,POR,6606,30
401160907,POR,2490149,28
401160907,POR,3276,9
401160907,POR,2995706,8
401160907,POR,4395688,6
401160907,POR,6637,21
401160907,POR,4395652,10
401160907,POR,3936296,19
401160907,POR,4397126,6
401160907,POR,4351851,27
401160908,CHI,4066336,25
401160908,CHI,3149010,2
401160908,CHI,4277847,31
401160908,CHI,6621,35
401160908,CHI,3064440,36
401160908,CHI,3244,21
401160908,CHI,4278049,9
401160908,CHI,3064560,10
401160908,CHI,2991047,13
401160908,CHI,2991139,19
401160908,CHI,2991274,7
401160908,CHI,2999549,6
401160908,CHI,4395651,26
401160908,GS,6589,24
401160908,GS,2991039,34
401160908,GS,3133817,36
401160908,GS,2991282,17
401160908,GS,6429,35
401160908,GS,4065836,24
401160908,GS,3907487,20
401160908,GS,4065635,28
401160908,GS,4277956,22
401160908,GS,3155535,0
401160908,GS,3136776,0
401160908,GS,3934621,0
401160909,BOS,4065648,37
401160909,BOS,2451037,7
401160909,BOS,6479,32
401160909,BOS,2990992,33
401160909,BOS,3917376,34
401160909,BOS,3056602,16
401160909,BOS,4066218,9
401160909,BOS,6447,21
401160909,BOS,4066211,17
401160909,BOS,6507,18
401160909,BOS,4066407,14
401160909,BOS,2596112,4
401160909,BOS,4237215,0
401160909,BKN,2990962,33
401160909,BKN,2528794,34
401160909,BKN,4066328,25
401160909,BKN,2580782,35
401160909,BKN,4023,37
401160909,BKN,4348696,17
401160909,BKN,3442,23
401160909,BKN,6468,19
401160909,BKN,3138154,17
401160909,BKN,3906522,0
401160909,BKN,3062744,0
401160909,BKN,4278067,0
401160909,BKN,3893019,0
401160910,CHA,4066383,28
401160910,CHA,4278078,35
401160910,CHA,6427,34
401160910,CHA,3133601,37
401160910,CHA,3074752,35
401160910,CHA,2797,23
401160910,CHA,3416,27
401160910,CHA,4066262,22
401160910,CHA,6601,0
401160910,CHA,2999409,0
401160910,CHA,3907821,0
401160910,DET,3989,32
401160910,DET,6585,38
401160910,DET,2530572,27
401160910,DET,3913174,33
401160910,DET,4065670,26
401160910,DET,6461,16
401160910,DET,3058254,10
401160910,DET,2528353,21
401160910,DET,3456,22
401160910,DET,3133602,15
401160910,DET,4017843,0
401160910,DET,2488945,0
401160911,TOR,3149673,40
401160911,TOR,3934719,35
401160911,TOR,3206,32
401160911,TOR,2595516,39
401160911,TOR,2991230,41
401160911,TOR,2580980,5
401160911,TOR,3948153,12
401160911,TOR,3064291,22
401160911,TOR,3919454,15
401160911,TOR,4065672,0
401160911,TOR,4278031,0
401160911,ORL,3064290,32
401160911,ORL,4065654,29
401160911,ORL,2578240,27
401160911,ORL,6588,34
401160911,ORL,4066636,30
401160911,ORL,4248,18
401160911,ORL,4277919,17
401160911,ORL,3415,26
401160911,ORL,6619,26
401160911,ORL,2982249,0
401160911,ORL,3074797,0
401160911,ORL,4064727,0
401160911,ORL,3913546,0
401160912,MIL,3032977,32
401160912,MIL,3448,26
401160912,MIL,4032,27
401160912,MIL,4238,26
401160912,MIL,3934673,26
401160912,MIL,2767,19
401160912,MIL,6609,23
401160912,MIL,3447,14
401160912,MIL,3438,22
401160912,MIL,2578239,24
401160912,MIL,3059315,0
401160912,MIL,3136491,0
401160912,CLE,3449,31
401160912,CLE,3893016,38
401160912,CLE,6474,31
401160912,CLE,4277811,32
401160912,CLE,4396907,35
401160912,CLE,2530923,4
401160912,CLE,2580365,27
401160912,CLE,4017838,3
401160912,CLE,2489716,7
401160912,CLE,2528426,20
401160912,CLE,4397140,13
401160912,CLE,6448,0
401160913,PHI,6440,35
401160913,PHI,3059318,35
401160913,PHI,3929325,31
401160913,PHI,3907387,38
401160913,PHI,3907498,21
401160913,PHI,6622,22
401160913,PHI,2608892,13
401160913,PHI,2579321,22
401160913,PHI,2579260,18
401160913,PHI,2968361,6
401160913,PHI,3138201,0
401160913,PHI,4277923,0
401160913,NY,3986,17
401160913,NY,6462,34
401160913,NY,3064514,35
401160913,NY,4395625,29
401160913,NY,4230547,37
401160913,NY,3064482,13
401160913,NY,4351852,29
401160913,NY,4065697,14
401160913,NY,3981,12
401160913,NY,2991149,20
401160913,NY,4278075,0
401160913,NY,4397205,0
401160913,NY,3907525,0
401160914,ATL,3056600,31
401160914,ATL,4065732,41
401160914,ATL,4395627,11
401160914,ATL,3064559,21
401160914,ATL,4277905,43
401160914,ATL,4277952,15
401160914,ATL,2596107,29
401160914,ATL,3062667,41
401160914,ATL,136,11
401160914,ATL,4239,13
401160914,ATL,2531210,10
401160914,ATL,6466,0
401160914,ATL,3002137,0
401160914,IND,3155942,42
401160914,IND,2982334,35
401160914,IND,3133628,38
401160914,IND,6603,40
401160914,IND,2566769,39
401160914,IND,2284101,23
401160914,IND,2528588,15
401160914,IND,4348700,4
401160914,IND,2530530,14
401160914,IND,3922230,14
401160914,IND,4066425,0
401160914,IND,4067045,0
401160915,GS,6589,19
401160915,GS,2991039,29
401160915,GS,3133817,29
401160915,GS,2991282,24
401160915,GS,6429,31
401160915,GS,4065836,23
401160915,GS,3907487,24
401160915,GS,4065635,32
401160915,GS,4277956,28
401160915,GS,3155535,0
401160915,GS,3934621,0
401160915,MIA,6430,28
401160915,MIA,3157465,21
401160915,MIA,6605,16
401160915,MIA,4066261,24
401160915,MIA,3056247,29
401160915,MIA,3135047,26
401160915,MIA,2489663,25
401160915,MIA,3923253,18
401160915,MIA,3423,27
401160915,MIA,4395725,27
401160915,MIA,2184,0
401160915,MIA,3999,0
401160916,UTAH,2583632,33
401160916,UTAH,3593,34
401160916,UTAH,3032976,36
401160916,UTAH,3195,32
401160916,UTAH,3908809,37
401160916,UTAH,3209,16
401160916,UTAH,2968436,26
401160916,UTAH,4259,12
401160916,UTAH,3102528,4
401160916,UTAH,3892818,10
401160916,UTAH,2990969,0
401160916,UTAH,4066851,0
401160916,UTAH,4065673,0
401160916,MEM,6581,29
401160916,MEM,3155526,27
401160916,MEM,4277961,30
401160916,MEM,6477,32
401160916,MEM,4279888,31
401160916,MEM,2993874,14
401160916,MEM,3906665,18
401160916,MEM,2488958,15
401160916,MEM,3135045,13
401160916,MEM,3135046,17
401160916,MEM,4230554,12
401160916,MEM,3113297,0
401160916,MEM,4066436,0
401160917,NO,3913176,36
401160917,NO,4397077,21
401160917,NO,3024,34
401160917,NO,3995,41
401160917,NO,3133626,7
401160917,NO,4341,11
401160917,NO,3135048,27
401160917,NO,6460,24
401160917,NO,3062679,31
401160917,NO,4065651,7
401160917,NO,4257,0
401160917,NO,4066421,0
401160917,NO,4278039,0
401160917,OKC,3428,27
401160917,OKC,4230546,23
401160917,OKC,2991235,24
401160917,OKC,2779,29
401160917,OKC,4278073,33
401160917,OKC,2595435,22
401160917,OKC,3059358,10
401160917,OKC,4423545,15
401160917,OKC,2991280,24
401160917,OKC,3032979,32
401160917,OKC,3059285,0
401160917,OKC,2490089,0
401160918,LAC,4251,33
401160918,LAC,6450,31
401160918,LAC,6591,23
401160918,LAC,4017837,17
401160918,LAC,3964,36
401160918,LAC,4264,3
401160918,LAC,2327577,25
401160918,LAC,2991055,25
401160918,LAC,2799,28
401160918,LAC,3943606,14
401160918,LAC,3056273,3
401160918,LAC,3907823,4
401160918,LAC,2488826,0
401160918,SA,3005,31
401160918,SA,2983,31
401160918,SA,2994526,24
401160918,SA,3978,35
401160918,SA,3078576,28
401160918,SA,3136196,17
401160918,SA,3914285,1
401160918,SA,3134908,16
401160918,SA,4004,23
401160918,SA,3190,13
401160918,SA,3907497,20
401160918,SA,4277890,1
401160918,SA,3970,0
401160919,DAL,2531367,24
401160919,DAL,2578185,27
401160919,DAL,3102531,34
401160919,DAL,2528210,36
401160919,DAL,3945274,38
401160919,DAL,2960236,24
401160919,DAL,3138156,12
401160919,DAL,2326307,21
401160919,DAL,3064447,15
401160919,DAL,3934672,9
401160919,DAL,4376,0
401160919,DAL,3055,0
401160919,DAL,3445,0
401160919,PHX,3032978,33
401160919,PHX,2968439,25
401160919,PHX,4011,33
401160919,PHX,3133603,41
401160919,PHX,3136193,38
401160919,PHX,2579294,16
401160919,PHX,3138196,13
401160919,PHX,3919335,4
401160919,PHX,2530276,15
401160919,PHX,3147657,16
401160919,PHX,4230550,6
401160919,PHX,3133635,0
401160920,CHI,4066336,32
401160920,CHI,4277847,34
401160920,CHI,6621,30
401160920,CHI,2991139,29
401160920,CHI,3064440,38
401160920,CHI,3244,21
401160920,CHI,4278049,8
401160920,CHI,2991047,15
401160920,CHI,2999549,10
401160920,CHI,4065778,1
401160920,CHI,4395651,21
401160920,CHI,3064560,0
401160920,CHI,2991274,0
401160920,POR,1975,37
401160920,POR,4262,30
401160920,POR,2581177,36
401160920,POR,6606,37
401160920,POR,2490149,38
401160920,POR,6637,16
401160920,POR,4395652,11
401160920,POR,3936296,18
401160920,POR,4351851,18
401160920,POR,3276,0
401160920,POR,2995706,0
401160920,POR,4395688,0
401160920,POR,4397126,0
401160921,WSH,4066648,26
401160921,WSH,4278508,20
401160921,WSH,3934723,22
401160921,WSH,6472,22
401160921,WSH,6580,30
401160921,WSH,6426,27
401160921,WSH,3150844,22
401160921,WSH,4305,26
401160921,WSH,2531797,22
401160921,WSH,3137795,5
401160921,WSH,4348697,17
401160921,WSH,2774,0
401160921,LAL,1966,25
401160921,LAL,3988,21
401160921,LAL,6583,27
401160921,LAL,3452,22
401160921,LAL,2581018,29
401160921,LAL,3134907,17
401160921,LAL,3201,14
401160921,LAL,2384,19
401160921,LAL,3026,11
401160921,LAL,2566745,23
401160921,LAL,2489530,13
401160921,LAL,2991350,19
401160922,DEN,3015,21
401160922,DEN,3112335,36
401160922,DEN,6579,41
401160922,DEN,2999547,38
401160922,DEN,3936299,37
401160922,DEN,4017839,7
401160922,DEN,2991070,32
401160922,DEN,2488653,17
401160922,DEN,3059310,16
401160922,DEN,3907822,20
401160922,DEN,4278104,0
401160922,DEN,2528693,0
401160922,SAC,4269,25
401160922,SAC,6578,45
401160922,SAC,2993370,37
401160922,SAC,6446,41
401160922,SAC,2990984,40
401160922,SAC,2580913,12
401160922,SAC,2991018,10
401160922,SAC,3037789,29
401160922,SAC,3914058,26
401160922,SAC,4065649,0
401160922,SAC,3906671,0
401160922,SAC,4066264,0
401160922,SAC,4065730,0
401160923,IND,3155942,32
401160923,IND,2982334,32
401160923,IND,3133628,29
401160923,IND,6603,34
401160923,IND,2566769,38
401160923,IND,2284101,28
401160923,IND,2528588,19
401160923,IND,4348700,5
401160923,IND,2530530,11
401160923,IND,3922230,12
401160923,IND,4066425,0
401160923,IND,4067045,0
401160923,PHI,6440,36
401160923,PHI,3213,32
401160923,PHI,3059318,33
401160923,PHI,3929325,22
401160923,PHI,3907387,38
401160923,PHI,6622,22
401160923,PHI,2579321,27
401160923,PHI,2968361,10
401160923,PHI,3907498,20
401160923,PHI,2608892,0
401160923,PHI,6615,0
401160923,PHI,2579260,0
401160923,PHI,4277923,0
401160924,ATL,3056600,20
401160924,ATL,4065732,29
401160924,ATL,3064559,14
401160924,ATL,2531210,24
401160924,ATL,4277905,31
401160924,ATL,4277952,15
401160924,ATL,6466,16
401160924,ATL,2596107,15
401160924,ATL,3062667,23
401160924,ATL,136,19
401160924,ATL,4239,16
401160924,ATL,3002137,17
401160924,HOU,3033,30
401160924,HOU,984,10
401160924,HOU,2578213,34
401160924,HOU,3468,27
401160924,HOU,3992,31
401160924,HOU,3028,17
401160924,HOU,3132042,24
401160924,HOU,4222252,21
401160924,HOU,6617,32
401160924,HOU,3906603,15
401160924,HOU,3102529,0
401160925,CHA,4066383,34
401160925,CHA,4278078,33
401160925,CHA,6427,10
401160925,CHA,3133601,29
401160925,CHA,3074752,30
401160925,CHA,2797,19
401160925,CHA,3416,13
401160925,CHA,2579258,20
401160925,CHA,2999409,9
401160925,CHA,3907821,20
401160925,CHA,4066262,24
401160925,CHA,6601,0
401160925,MIL,3032977,20
401160925,MIL,3447,24
401160925,MIL,4032,21
401160925,MIL,4238,23
401160925,MIL,3934673,20
401160925,MIL,2767,16
401160925,MIL,6609,16
401160925,MIL,3136491,24
401160925,MIL,4011991,14
401160925,MIL,3438,15
401160925,MIL,2011,19
401160925,MIL,2578239,19
401160925,MIL,3059315,10
401160926,MIA,6430,35
401160926,MIA,3157465,33
401160926,MIA,6605,19
401160926,MIA,4066261,33
401160926,MIA,3056247,25
401160926,MIA,3135047,30
401160926,MIA,2489663,6
401160926,MIA,3923253,7
401160926,MIA,3936099,0
401160926,MIA,3423,31
401160926,MIA,4395725,21
401160926,MIA,2184,0
401160926,MIA,3999,0
401160926,BKN,2990962,32
401160926,BKN,2528794,31
401160926,BKN,4066328,24
401160926,BKN,2580782,34
401160926,BKN,4023,34
401160926,BKN,4348696,12
401160926,BKN,3062744,18
401160926,BKN,3442,24
401160926,BKN,6468,17
401160926,BKN,3138154,14
401160926,BKN,4278067,0
401160927,BOS,4065648,37
401160927,BOS,2451037,17
401160927,BOS,6479,33
401160927,BOS,2990992,20
401160927,BOS,3917376,35
401160927,BOS,3056602,19
401160927,BOS,4066218,22
401160927,BOS,6447,16
401160927,BOS,4066211,7
401160927,BOS,6507,18
401160927,BOS,4066407,7
401160927,BOS,2596112,8
401160927,BOS,4237215,0
401160927,NY,3986,20
401160927,NY,3064514,34
401160927,NY,4278075,22
401160927,NY,4395625,35
401160927,NY,4230547,7
401160927,NY,3064482,21
401160927,NY,4351852,20
401160927,NY,4065697,38
401160927,NY,3981,13
401160927,NY,2991149,32
401160927,NY,6462,0
401160927,NY,4397205,0
401160927,NY,3907525,0
401160928,MEM,6581,33
401160928,MEM,3155526,32
401160928,MEM,3906665,10
401160928,MEM,4277961,19
401160928,MEM,3135046,25
401160928,MEM,3113297,29
401160928,MEM,2488958,26
401160928,MEM,3135045,30
401160928,MEM,4066436,23
401160928,MEM,4230554,13
401160928,MEM,3133838,0
401160928,MIN,2490620,31
401160928,MIN,2595231,22
401160928,MIN,3059319,35
401160928,MIN,3136195,36
401160928,MIN,4277928,26
401160928,MIN,3136779,25
401160928,MIN,2534781,12
401160928,MIN,4015,26
401160928,MIN,2530780,9
401160928,MIN,4065663,19
401160928,MIN,3078284,0
401160928,MIN,3064427,0
401160928,MIN,4396971,0
401160929,DAL,2531367,32
401160929,DAL,2578185,21
401160929,DAL,3102531,28
401160929,DAL,2528210,31
401160929,DAL,3945274,33
401160929,DAL,2960236,22
401160929,DAL,3138156,15
401160929,DAL,4376,4
401160929,DAL,2326307,16
401160929,DAL,3064447,28
401160929,DAL,3934672,11
401160929,DAL,3055,0
401160929,DAL,3445,0
401160929,LAL,1966,36
401160929,LAL,3988,28
401160929,LAL,6583,36
401160929,LAL,3452,16
401160929,LAL,2581018,24
401160929,LAL,3134907,21
401160929,LAL,3201,3
401160929,LAL,2384,12
401160929,LAL,3026,18
401160929,LAL,2566745,3
401160929,LAL,2489530,17
401160929,LAL,2991350,25
401160930,SA,3005,23
401160930,SA,3134908,26
401160930,SA,2994526,23
401160930,SA,3978,25
401160930,SA,3078576,23
401160930,SA,3970,12
401160930,SA,3136196,17
401160930,SA,3914285,22
401160930,SA,4004,16
401160930,SA,3190,15
401160930,SA,3907497,22
401160930,SA,4277890,16
401160930,SA,3914283,0
401160930,DET,3989,22
401160930,DET,2528353,17
401160930,DET,6585,26
401160930,DET,3913174,31
401160930,DET,4065670,27
401160930,DET,6461,21
401160930,DET,3058254,22
401160930,DET,4017843,5
401160930,DET,4423314,3
401160930,DET,3456,19
401160930,DET,2488945,5
401160930,DET,2530572,21
401160930,DET,3133602,23
401160931,OKC,3428,32
401160931,OKC,4230546,30
401160931,OKC,2991235,28
401160931,OKC,2779,33
401160931,OKC,4278073,33
401160931,OKC,2595435,16
401160931,OKC,3059358,8
401160931,OKC,4423545,14
401160931,OKC,2991280,19
401160931,OKC,3032979,25
401160931,OKC,3059285,0
401160931,OKC,2490089,0
401160931,NO,3913176,40
401160931,NO,3135048,9
401160931,NO,3024,29
401160931,NO,3995,36
401160931,NO,4066421,33
401160931,NO,4341,15
401160931,NO,4397077,26
401160931,NO,6460,18
401160931,NO,3062679,33
401160931,NO,4257,0
401160931,NO,3133626,0
401160931,NO,4065651,0
401160931,NO,4278039,0
401160932,GS,6589,23
401160932,GS,2991039,37
401160932,GS,3133817,35
401160932,GS,2991282,24
401160932,GS,6429,36
401160932,GS,4065836,17
401160932,GS,3907487,23
401160932,GS,4065635,29
401160932,GS,4277956,16
401160932,GS,3155535,0
401160932,GS,3934621,0
401160932,ORL,3064290,30
401160932,ORL,4065654,33
401160932,ORL,2578240,30
401160932,ORL,6588,35
401160932,ORL,4066636,30
401160932,ORL,3074797,10
401160932,ORL,4277919,17
401160932,ORL,3415,24
401160932,ORL,6619,29
401160932,ORL,3913546,1
401160932,ORL,2982249,0
401160932,ORL,4064727,0
401160933,UTAH,2583632,19
401160933,UTAH,3593,30
401160933,UTAH,3032976,28
401160933,UTAH,3195,25
401160933,UTAH,3908809,31
401160933,UTAH,3209,15
401160933,UTAH,2968436,26
401160933,UTAH,2990969,12
401160933,UTAH,4259,13
401160933,UTAH,4065673,7
401160933,UTAH,3064457,7
401160933,UTAH,3102528,11
401160933,UTAH,3892818,17
401160933,TOR,3149673,35
401160933,TOR,3934719,30
401160933,TOR,3206,25
401160933,TOR,2595516,33
401160933,TOR,2991230,32
401160933,TOR,3439,21
401160933,TOR,2580980,5
401160933,TOR,3948153,5
401160933,TOR,4065672,2
401160933,TOR,3064291,24
401160933,TOR,4278031,5
401160933,TOR,4065834,2
401160933,TOR,3919454,23
401160934,WSH,4066648,38
401160934,WSH,4278508,22
401160934,WSH,3934723,31
401160934,WSH,6472,25
401160934,WSH,6580,35
401160934,WSH,6426,29
401160934,WSH,4305,17
401160934,WSH,2531797,18
401160934,WSH,3137795,6
401160934,WSH,4348697,19
401160934,WSH,2774,0
401160934,WSH,3150844,0
401160934,LAC,4251,30
401160934,LAC,6450,26
401160934,LAC,6591,24
401160934,LAC,4017837,16
401160934,LAC,3964,24
401160934,LAC,4264,14
401160934,LAC,2327577,10
401160934,LAC,2991055,27
401160934,LAC,4065660,5
401160934,LAC,2799,23
401160934,LAC,3943606,20
401160934,LAC,3056273,6
401160934,LAC,3907823,15
401160935,PHX,2579294,33
401160935,PHX,3032978,32
401160935,PHX,4011,36
401160935,PHX,3133603,38
401160935,PHX,3136193,38
401160935,PHX,3138196,11
401160935,PHX,3133635,10
401160935,PHX,3147657,30
401160935,PHX,4065733,12
401160935,PHX,2968439,0
401160935,PHX,2530276,0
401160935,PHX,4230550,0
401160935,CHA,4066383,25
401160935,CHA,4278078,18
401160935,CHA,6427,26
401160935,CHA,3133601,39
401160935,CHA,3074752,34
401160935,CHA,2797,31
401160935,CHA,3416,11
401160935,CHA,2579258,18
401160935,CHA,3907821,16
401160935,CHA,4066262,22
401160935,CHA,6601,0
401160935,CHA,2999409,0
401160936,UTAH,2583632,30
401160936,UTAH,3593,33
401160936,UTAH,3032976,36
401160936,UTAH,3195,23
401160936,UTAH,3908809,36
401160936,UTAH,3209,17
401160936,UTAH,2968436,31
401160936,UTAH,2990969,12
401160936,UTAH,4259,10
401160936,UTAH,4065673,1
401160936,UTAH,3102528,7
401160936,UTAH,3892818,5
401160936,UTAH,3064457,0
401160936,PHI,6440,35
401160936,PHI,3213,35
401160936,PHI,3059318,30
401160936,PHI,3929325,24
401160936,PHI,3907387,34
401160936,PHI,6622,16
401160936,PHI,2579321,27
401160936,PHI,2968361,14
401160936,PHI,3907498,26
401160936,PHI,2608892,0
401160936,PHI,6615,0
401160936,PHI,3915195,0
401160937,GS,2991039,34
401160937,GS,3133817,36
401160937,GS,3155535,15
401160937,GS,2991282,19
401160937,GS,6429,32
401160937,GS,4065836,28
401160937,GS,3907487,20
401160937,GS,4065635,37
401160937,GS,4277956,20
401160937,GS,6589,0
401160937,GS,3934621,0
401160937,ATL,3056600,28
401160937,ATL,4065732,32
401160937,ATL,3064559,26
401160937,ATL,3062667,28
401160937,ATL,4277905,34
401160937,ATL,4277952,7
401160937,ATL,4395627,24
401160937,ATL,2596107,17
401160937,ATL,136,12
401160937,ATL,4239,20
401160937,ATL,3002137,11
401160937,ATL,3057198,2
401160937,ATL,6466,0
401160938,IND,3155942,30
401160938,IND,2982334,25
401160938,IND,3133628,31
401160938,IND,6603,32
401160938,IND,2566769,32
401160938,IND,2284101,29
401160938,IND,2528588,20
401160938,IND,4067045,1
401160938,IND,4348700,3
401160938,IND,2530530,16
401160938,IND,3922230,21
401160938,IND,4066425,0
401160938,MEM,6581,30
401160938,MEM,3155526,30
401160938,MEM,4277961,34
401160938,MEM,2488958,33
401160938,MEM,3135046,31
401160938,MEM,3113297,14
401160938,MEM,3135045,27
401160938,MEM,4066436,25
401160938,MEM,4230554,16
401160938,MEM,2993874,0
401160938,MEM,3906665,0
401160938,MEM,3133838,0
401160938,MEM,6477,0
401160939,NY,3986,21
401160939,NY,3064514,25
401160939,NY,4278075,23
401160939,NY,4395625,20
401160939,NY,4065697,26
401160939,NY,3064482,19
401160939,NY,4397205,18
401160939,NY,4351852,23
401160939,NY,3981,8
401160939,NY,2991149,29
401160939,NY,3134880,16
401160939,NY,3907525,12
401160939,MIL,6609,18
401160939,MIL,3032977,22
401160939,MIL,3447,23
401160939,MIL,4032,20
401160939,MIL,4238,20
401160939,MIL,2767,14
401160939,MIL,3102533,12
401160939,MIL,3136491,24
401160939,MIL,4011991,13
401160939,MIL,3438,16
401160939,MIL,2011,21
401160939,MIL,2578239,18
401160939,MIL,3934673,19
401160940,CHI,4066336,30
401160940,CHI,4277847,37
401160940,CHI,6621,34
401160940,CHI,2991139,30
401160940,CHI,3064440,35
401160940,CHI,3244,18
401160940,CHI,4278049,11
401160940,CHI,2991047,12
401160940,CHI,2999549,12
401160940,CHI,4395651,21
401160940,CHI,3064560,0
401160940,CHI,2991274,0
401160940,CHI,4065778,0
401160940,SAC,4269,31
401160940,SAC,6578,36
401160940,SAC,2993370,33
401160940,SAC,6446,25
401160940,SAC,2990984,39
401160940,SAC,2426,12
401160940,SAC,2580913,11
401160940,SAC,2991018,20
401160940,SAC,3037789,22
401160940,SAC,3914058,10
401160940,SAC,4065649,0
401160940,SAC,3906671,0
401160940,SAC,4065730,0
401160941,DET,3989,24
401160941,DET,2528353,22
401160941,DET,6585,31
401160941,DET,3913174,22
401160941,DET,4065670,19
401160941,DET,6461,17
401160941,DET,3058254,20
401160941,DET,4017843,5
401160941,DET,4423314,4
401160941,DET,3456,22
401160941,DET,2488945,7
401160941,DET,2530572,22
401160941,DET,3133602,26
401160941,CLE,3449,22
401160941,CLE,3893016,26
401160941,CLE,6474,30
401160941,CLE,4277811,33
401160941,CLE,4396907,28
401160941,CLE,6592,14
401160941,CLE,2530923,9
401160941,CLE,2580365,27
401160941,CLE,4017838,4
401160941,CLE,6448,2
401160941,CLE,2489716,3
401160941,CLE,2528426,20
401160941,CLE,4397140,22
401160942,ORL,3064290,32
401160942,ORL,4065654,37
401160942,ORL,2578240,28
401160942,ORL,6588,35
401160942,ORL,4066636,31
401160942,ORL,4277919,16
401160942,ORL,3415,29
401160942,ORL,6619,18
401160942,ORL,2596108,13
401160942,ORL,2982249,0
401160942,ORL,3059280,0
401160942,ORL,3074797,0
401160942,ORL,3913546,0
401160942,WSH,4066648,39
401160942,WSH,6426,40
401160942,WSH,6472,34
401160942,WSH,6580,42
401160942,WSH,4348697,17
401160942,WSH,4278508,21
401160942,WSH,3918423,7
401160942,WSH,4305,14
401160942,WSH,2531797,26
401160942,WSH,3945566,0
401160942,WSH,2774,0
401160942,WSH,3150844,0
401160943,MIA,6430,41
401160943,MIA,3157465,27
401160943,MIA,6605,17
401160943,MIA,4066261,37
401160943,MIA,3056247,39
401160943,MIA,3135047,35
401160943,MIA,2489663,35
401160943,MIA,3936099,16
401160943,MIA,4395725,18
401160943,MIA,2184,0
401160943,MIA,3999,0
401160943,MIA,3923253,0
401160943,MIA,6628,0
401160943,TOR,3149673,39
401160943,TOR,3934719,21
401160943,TOR,3206,33
401160943,TOR,3012,41
401160943,TOR,2991230,43
401160943,TOR,3439,22
401160943,TOR,3064291,17
401160943,TOR,2595516,34
401160943,TOR,3919454,15
401160943,TOR,2580980,0
401160943,TOR,3948153,0
401160943,TOR,3059311,0
401160944,DAL,2531367,26
401160944,DAL,2578185,37
401160944,DAL,3102531,18
401160944,DAL,2528210,25
401160944,DAL,3945274,28
401160944,DAL,2960236,21
401160944,DAL,3138156,17
401160944,DAL,3055,11
401160944,DAL,2326307,27
401160944,DAL,3064447,24
401160944,DAL,3934672,5
401160944,DAL,4376,0
401160944,DAL,3445,0
401160944,NO,3913176,37
401160944,NO,4397077,26
401160944,NO,3024,30
401160944,NO,3995,37
401160944,NO,4066421,30
401160944,NO,4341,22
401160944,NO,6460,8
401160944,NO,3062679,27
401160944,NO,4065651,12
401160944,NO,4278039,12
401160944,NO,4257,0
401160944,NO,3135048,0
401160944,NO,3133626,0
401160945,HOU,3033,52
401160945,HOU,3102529,45
401160945,HOU,2578213,27
401160945,HOU,3468,48
401160945,HOU,3992,49
401160945,HOU,3028,3
401160945,HOU,3132042,8
401160945,HOU,984,7
401160945,HOU,6617,40
401160945,HOU,3906603,11
401160945,HOU,2991155,0
401160945,HOU,4222252,0
401160945,SA,3005,23
401160945,SA,3134908,41
401160945,SA,2994526,37
401160945,SA,3978,41
401160945,SA,3078576,26
401160945,SA,3970,8
401160945,SA,3136196,20
401160945,SA,3914285,6
401160945,SA,4004,36
401160945,SA,3907497,18
401160945,SA,4277890,35
401160945,SA,2983,0
401160945,SA,3190,0
401160946,LAL,1966,37
401160946,LAL,3988,31
401160946,LAL,6583,37
401160946,LAL,3452,14
401160946,LAL,2581018,32
401160946,LAL,3134907,19
401160946,LAL,2384,19
401160946,LAL,3026,25
401160946,LAL,2489530,10
401160946,LAL,2991350,16
401160946,LAL,3201,0
401160946,LAL,2566745,0
401160946,DEN,3015,30
401160946,DEN,3112335,34
401160946,DEN,6579,37
401160946,DEN,2999547,33
401160946,DEN,3936299,36
401160946,DEN,4017839,12
401160946,DEN,2991070,18
401160946,DEN,2488653,14
401160946,DEN,3059310,12
401160946,DEN,3907822,13
401160946,DEN,4278104,0
401160946,DEN,2528693,0
401160947,POR,1975,28
401160947,POR,4262,26
401160947,POR,2581177,28
401160947,POR,6606,30
401160947,POR,2490149,29
401160947,POR,3276,4
401160947,POR,2995706,8
401160947,POR,6637,19
401160947,POR,4395652,16
401160947,POR,3936296,22
401160947,POR,4351851,31
401160947,POR,4277843,0
401160947,LAC,4251,29
401160947,LAC,6450,28
401160947,LAC,6591,22
401160947,LAC,4017837,14
401160947,LAC,3964,28
401160947,LAC,4264,26
401160947,LAC,2991055,30
401160947,LAC,4065660,4
401160947,LAC,2799,25
401160947,LAC,3943606,19
401160947,LAC,3056273,4
401160947,LAC,3907823,10
401160947,LAC,2327577,0
401160948,GS,6589,25
401160948,GS,2991039,30
401160948,GS,3133817,36
401160948,GS,2991282,18
401160948,GS,3136776,25
401160948,GS,3155535,12
401160948,GS,4065836,13
401160948,GS,3907487,15
401160948,GS,6429,30
401160948,GS,4065635,25
401160948,GS,4277956,11
401160948,GS,3934621,0
401160948,CHA,4066383,19
401160948,CHA,4278078,33
401160948,CHA,6427,18
401160948,CHA,3133601,36
401160948,CHA,3074752,36
401160948,CHA,2797,27
401160948,CHA,3416,25
401160948,CHA,2579258,18
401160948,CHA,3907821,13
401160948,CHA,4066262,16
401160948,CHA,6601,0
401160948,CHA,3138161,0
401160948,CHA,2999409,0
401160949,MIL,6609,25
401160949,MIL,3032977,28
401160949,MIL,3448,18
401160949,MIL,4032,17
401160949,MIL,4238,27
401160949,MIL,2767,16
401160949,MIL,3136491,16
401160949,MIL,3447,18
401160949,MIL,3438,15
401160949,MIL,2011,20
401160949,MIL,2578239,18
401160949,MIL,3934673,22
401160949,MIL,3057187,0
401160949,DET,3989,31
401160949,DET,2528353,27
401160949,DET,6585,33
401160949,DET,3133602,28
401160949,DET,4065670,21
401160949,DET,6461,15
401160949,DET,3058254,14
401160949,DET,4017843,3
401160949,DET,4423314,3
401160949,DET,3456,25
401160949,DET,2488945,3
401160949,DET,2530572,38
401160949,DET,3913174,0
401160950,PHX,2579294,26
401160950,PHX,3032978,26
401160950,PHX,4011,25
401160950,PHX,3133603,23
401160950,PHX,3136193,30
401160950,PHX,3138196,25
401160950,PHX,3919335,19
401160950,PHX,3133635,18
401160950,PHX,3147657,25
401160950,PHX,4065733,18
401160950,PHX,4230550,5
401160950,PHX,2968439,0
401160950,PHX,2530276,0
401160950,ORL,3064290,34
401160950,ORL,4065654,28
401160950,ORL,2578240,29
401160950,ORL,6588,28
401160950,ORL,4066636,26
401160950,ORL,2982249,3
401160950,ORL,3059280,3
401160950,ORL,3074797,19
401160950,ORL,4277919,18
401160950,ORL,4064727,3
401160950,ORL,3415,26
401160950,ORL,6619,22
401160950,ORL,3913546,3
401160951,BKN,2990962,31
401160951,BKN,2528794,29
401160951,BKN,4066328,29
401160951,BKN,2580782,34
401160951,BKN,4023,34
401160951,BKN,4348696,14
401160951,BKN,3062744,17
401160951,BKN,3442,19
401160951,BKN,6468,19
401160951,BKN,3138154,14
401160951,BKN,4278067,0
401160951,ATL,3056600,29
401160951,ATL,4395627,37
401160951,ATL,3064559,28
401160951,ATL,3062667,34
401160951,ATL,4277905,37
401160951,ATL,4277952,3
401160951,ATL,2596107,17
401160951,ATL,136,11
401160951,ATL,4239,21
401160951,ATL,3002137,4
401160951,ATL,3057198,3
401160951,ATL,4066372,15
401160951,ATL,4066508,0
401160952,MIA,6430,37
401160952,MIA,3157465,29
401160952,MIA,6605,20
401160952,MIA,4066261,38
401160952,MIA,3056247,26
401160952,MIA,3135047,31
401160952,MIA,2489663,28
401160952,MIA,3923253,5
401160952,MIA,3936099,5
401160952,MIA,4395725,20
401160952,MIA,2184,0
401160952,MIA,3999,0
401160952,MIA,6628,0
401160952,BOS,4065648,34
401160952,BOS,4066218,18
401160952,BOS,2451037,27
401160952,BOS,6479,31
401160952,BOS,3917376,34
401160952,BOS,3056602,24
401160952,BOS,6447,6
401160952,BOS,4066211,19
401160952,BOS,4237215,1
401160952,BOS,6507,19
401160952,BOS,4066407,18
401160952,BOS,2596112,7
401160952,BOS,2990992,0
401160953,MEM,6581,34
401160953,MEM,3155526,24
401160953,MEM,4277961,26
401160953,MEM,6477,29
401160953,MEM,3135046,23
401160953,MEM,3113297,13
401160953,MEM,2488958,29
401160953,MEM,3133838,4
401160953,MEM,3135045,25
401160953,MEM,4066436,30
401160953,MEM,4230554,5
401160953,MEM,2993874,0
401160953,MEM,3906665,0
401160953,CHI,4066336,29
401160953,CHI,4277847,33
401160953,CHI,6621,33
401160953,CHI,2991139,25
401160953,CHI,3064440,34
401160953,CHI,3244,19
401160953,CHI,4278049,15
401160953,CHI,2991047,15
401160953,CHI,2999549,16
401160953,CHI,4395651,22
401160953,CHI,3064560,0
401160953,CHI,2991274,0
401160954,IND,3155942,35
401160954,IND,2982334,35
401160954,IND,3133628,26
401160954,IND,6603,31
401160954,IND,2566769,31
401160954,IND,2284101,29
401160954,IND,2528588,18
401160954,IND,2530530,17
401160954,IND,3922230,17
401160954,IND,4066425,0
401160954,IND,4067045,0
401160954,IND,4348700,0
401160954,OKC,3428,31
401160954,OKC,4230546,32
401160954,OKC,2991235,29
401160954,OKC,2779,33
401160954,OKC,4278073,36
401160954,OKC,2595435,16
401160954,OKC,3059358,8
401160954,OKC,4423545,12
401160954,OKC,2991280,19
401160954,OKC,3032979,23
401160954,OKC,2490089,0
401160954,OKC,3912332,0
401160954,OKC,4397020,0
401160955,MIN,2490620,28
401160955,MIN,3059319,32
401160955,MIN,3136195,37
401160955,MIN,4065663,27
401160955,MIN,4277928,28
401160955,MIN,2595231,12
401160955,MIN,3064427,6
401160955,MIN,3136779,21
401160955,MIN,2534781,11
401160955,MIN,4015,28
401160955,MIN,2530780,11
401160955,MIN,3078284,0
401160955,MIN,3134916,0
401160955,DAL,2531367,25
401160955,DAL,2578185,24
401160955,DAL,3102531,29
401160955,DAL,2528210,26
401160955,DAL,3945274,32
401160955,DAL,2960236,26
401160955,DAL,3138156,15
401160955,DAL,2326307,28
401160955,DAL,3064447,17
401160955,DAL,3934672,18
401160955,DAL,4376,0
401160955,DAL,3055,0
401160955,DAL,3445,0
401160956,LAL,1966,29
401160956,LAL,3988,21
401160956,LAL,6583,26
401160956,LAL,3452,14
401160956,LAL,2581018,25
401160956,LAL,3134907,31
401160956,LAL,3201,5
401160956,LAL,2384,19
401160956,LAL,3026,32
401160956,LAL,2566745,5
401160956,LAL,2489530,13
401160956,LAL,2991350,21
401160956,UTAH,3209,23
401160956,UTAH,2968436,28
401160956,UTAH,3593,35
401160956,UTAH,3032976,27
401160956,UTAH,3908809,33
401160956,UTAH,3912292,4
401160956,UTAH,2583632,23
401160956,UTAH,2990969,20
401160956,UTAH,4259,13
401160956,UTAH,4065673,7
401160956,UTAH,3064457,4
401160956,UTAH,3102528,13
401160956,UTAH,3892818,10
401160957,SAC,4269,27
401160957,SAC,6578,35
401160957,SAC,2993370,33
401160957,SAC,6446,33
401160957,SAC,2990984,40
401160957,SAC,2426,35
401160957,SAC,2580913,14
401160957,SAC,2991018,15
401160957,SAC,3914058,8
401160957,SAC,4065649,0
401160957,SAC,3906671,0
401160957,SAC,4066264,0
401160957,SAC,4065730,0
401160957,POR,1975,36
401160957,POR,4262,34
401160957,POR,2581177,34
401160957,POR,6606,37
401160957,POR,2490149,37
401160957,POR,6637,23
401160957,POR,4395652,12
401160957,POR,3936296,14
401160957,POR,4351851,13
401160957,POR,3276,0
401160957,POR,2995706,0
401160957,POR,4277843,0
401160958,PHI,6440,40
401160958,PHI,3213,29
401160958,PHI,3059318,35
401160958,PHI,3929325,20
401160958,PHI,3907387,36
401160958,PHI,6622,18
401160958,PHI,2579321,17
401160958,PHI,2579260,3
401160958,PHI,2968361,12
401160958,PHI,3907498,31
401160958,PHI,6615,0
401160958,PHI,3915195,0
401160958,WSH,4066648,43
401160958,WSH,3150844,26
401160958,WSH,4305,34
401160958,WSH,6580,38
401160958,WSH,4348697,20
401160958,WSH,4278508,18
401160958,WSH,6426,37
401160958,WSH,2774,13
401160958,WSH,3137795,11
401160958,WSH,3945566,0
401160958,WSH,3918423,0
401160958,WSH,3934723,0
401160958,WSH,6472,0
401160959,DEN,3015,22
401160959,DEN,3112335,25
401160959,DEN,6579,24
401160959,DEN,2999547,22
401160959,DEN,3936299,22
401160959,DEN,4017839,24
401160959,DEN,2991070,21
401160959,DEN,4278104,5
401160959,DEN,2528693,5
401160959,DEN,2488653,21
401160959,DEN,3059310,26
401160959,DEN,3907822,24
401160959,NY,3986,18
401160959,NY,6462,26
401160959,NY,3064514,21
401160959,NY,4395625,22
401160959,NY,4230547,24
401160959,NY,3064482,27
401160959,NY,4278075,22
401160959,NY,4351852,30
401160959,NY,4065697,18
401160959,NY,3981,11
401160959,NY,2991149,4
401160959,NY,2583639,11
401160959,NY,3907525,6
401160960,HOU,3033,39
401160960,HOU,3102529,32
401160960,HOU,2578213,29
401160960,HOU,3468,35
401160960,HOU,3992,40
401160960,HOU,3028,6
401160960,HOU,2991155,27
401160960,HOU,6617,28
401160960,HOU,3906603,4
401160960,HOU,3132042,0
401160960,HOU,984,0
401160960,HOU,4222252,0
401160960,TOR,3149673,36
401160960,TOR,3934719,24
401160960,TOR,3206,29
401160960,TOR,3012,42
401160960,TOR,2991230,38
401160960,TOR,3439,17
401160960,TOR,3948153,3
401160960,TOR,3064291,11
401160960,TOR,2595516,25
401160960,TOR,3919454,14
401160960,TOR,2580980,0
401160960,TOR,4065672,0
401160960,TOR,4278031,0
401160961,PHX,2579294,33
401160961,PHX,3032978,26
401160961,PHX,4011,42
401160961,PHX,3133603,47
401160961,PHX,3136193,42
401160961,PHX,3138196,31
401160961,PHX,3919335,11
401160961,PHX,3147657,22
401160961,PHX,4065733,9
401160961,PHX,4230550,2
401160961,PHX,2968439,0
401160961,PHX,2530276,0
401160961,PHX,3133635,0
401160961,NO,3913176,30
401160961,NO,4397077,33
401160961,NO,3024,34
401160961,NO,3995,41
401160961,NO,4066421,43
401160961,NO,4341,16
401160961,NO,3062679,21
401160961,NO,3133626,25
401160961,NO,4065651,10
401160961,NO,4278039,11
401160961,NO,4257,0
401160961,NO,3135048,0
401160961,NO,6460,0
401160962,BKN,2990962,32
401160962,BKN,2528794,30
401160962,BKN,4066328,22
401160962,BKN,2580782,33
401160962,BKN,4023,33
401160962,BKN,4348696,12
401160962,BKN,3062744,16
401160962,BKN,3442,26
401160962,BKN,6468,22
401160962,BKN,3138154,14
401160962,BKN,4278067,0
401160962,CHA,4066383,22
401160962,CHA,4278078,35
401160962,CHA,6427,14
401160962,CHA,3133601,34
401160962,CHA,3074752,36
401160962,CHA,2797,16
401160962,CHA,3416,33
401160962,CHA,2579258,23
401160962,CHA,3907821,12
401160962,CHA,4066262,17
401160962,CHA,6601,0
401160962,CHA,2999409,0
401160963,ORL,3064290,31
401160963,ORL,4065654,33
401160963,ORL,2578240,31
401160963,ORL,6588,29
401160963,ORL,4066636,27
401160963,ORL,4277919,17
401160963,ORL,3415,26
401160963,ORL,6619,27
401160963,ORL,2596108,19
401160963,ORL,2982249,0
401160963,ORL,3074797,0
401160963,ORL,3913546,0
401160963,CLE,2580365,41
401160963,CLE,3893016,32
401160963,CLE,6474,32
401160963,CLE,4277811,30
401160963,CLE,4396907,30
401160963,CLE,6592,14
401160963,CLE,2530923,6
401160963,CLE,2489716,14
401160963,CLE,2528426,21
401160963,CLE,4397140,20
401160963,CLE,4017838,0
401160963,CLE,6448,0
401160964,IND,3155942,34
401160964,IND,2982334,30
401160964,IND,3133628,35
401160964,IND,6603,34
401160964,IND,2566769,32
401160964,IND,2284101,25
401160964,IND,2528588,16
401160964,IND,4348700,6
401160964,IND,2530530,12
401160964,IND,3922230,16
401160964,IND,4066425,0
401160964,IND,4067045,0
401160964,IND,3136485,0
401160964,DET,3989,32
401160964,DET,2528353,26
401160964,DET,6585,41
401160964,DET,3913174,32
401160964,DET,4065670,24
401160964,DET,3058254,17
401160964,DET,4017843,6
401160964,DET,3456,26
401160964,DET,2530572,28
401160964,DET,3133602,9
401160964,DET,6461,0
401160964,DET,2488945,0
401160965,DEN,3015,21
401160965,DEN,3112335,31
401160965,DEN,6579,30
401160965,DEN,2999547,33
401160965,DEN,3936299,34
401160965,DEN,4017839,20
401160965,DEN,2991070,18
401160965,DEN,4278104,8
401160965,DEN,2488653,17
401160965,DEN,3059310,14
401160965,DEN,3907822,15
401160965,DEN,2528693,0
401160965,BOS,4065648,30
401160965,BOS,2451037,15
401160965,BOS,6479,29
401160965,BOS,2990992,28
401160965,BOS,3917376,33
401160965,BOS,3056602,29
401160965,BOS,4066218,3
401160965,BOS,6447,18
401160965,BOS,4066211,13
401160965,BOS,4237215,3
401160965,BOS,6507,19
401160965,BOS,4066407,10
401160965,BOS,2596112,12
401160966,WSH,4066648,39
401160966,WSH,3150844,31
401160966,WSH,4305,32
401160966,WSH,6580,39
401160966,WSH,4348697,15
401160966,WSH,4278508,24
401160966,WSH,6426,33
401160966,WSH,3918423,12
401160966,WSH,3137795,16
401160966,WSH,3945566,0
401160966,WSH,2774,0
401160966,MIA,6430,36
401160966,MIA,3157465,42
401160966,MIA,6605,14
401160966,MIA,4066261,37
401160966,MIA,3056247,30
401160966,MIA,2489663,17
401160966,MIA,3923253,6
401160966,MIA,3936099,27
401160966,MIA,4395725,32
401160966,MIA,2184,0
401160966,MIA,3135047,0
401160966,MIA,3999,0
401160967,GS,6589,30
401160967,GS,2991039,34
401160967,GS,3133817,31
401160967,GS,2991282,24
401160967,GS,3136776,29
401160967,GS,3155535,8
401160967,GS,4065836,12
401160967,GS,3907487,15
401160967,GS,6429,30
401160967,GS,4065635,21
401160967,GS,4277956,6
401160967,GS,3934621,0
401160967,CHI,4066336,36
401160967,CHI,4277847,35
401160967,CHI,6621,32
401160967,CHI,2991139,29
401160967,CHI,3064440,34
401160967,CHI,4278049,13
401160967,CHI,3064560,6
401160967,CHI,2991047,16
401160967,CHI,2991274,6
401160967,CHI,2999549,14
401160967,CHI,4395651,19
401160968,MIN,2490620,38
401160968,MIN,3136195,37
401160968,MIN,4015,40
401160968,MIN,4065663,33
401160968,MIN,4277928,26
401160968,MIN,2595231,14
401160968,MIN,3064427,21
401160968,MIN,3136779,19
401160968,MIN,2534781,15
401160968,MIN,3133596,7
401160968,MIN,2530780,14
401160968,MIN,3078284,0
401160968,MIN,4278541,0
401160968,OKC,3428,37
401160968,OKC,2595435,30
401160968,OKC,2991235,36
401160968,OKC,2779,37
401160968,OKC,4278073,42
401160968,OKC,3059285,4
401160968,OKC,4423545,16
401160968,OKC,2991280,17
401160968,OKC,3032979,39
401160968,OKC,4397020,7
401160968,OKC,2490089,0
401160968,OKC,3912332,0
401160969,LAC,4251,31
401160969,LAC,6450,30
401160969,LAC,6591,22
401160969,LAC,4017837,24
401160969,LAC,3964,30
401160969,LAC,4264,7
401160969,LAC,2991055,24
401160969,LAC,4065660,9
401160969,LAC,2799,23
401160969,LAC,3943606,20
401160969,LAC,3056273,10
401160969,LAC,3907823,10
401160969,LAC,2327577,0
401160969,MIL,6609,25
401160969,MIL,3032977,26
401160969,MIL,3448,25
401160969,MIL,4032,23
401160969,MIL,4238,23
401160969,MIL,2767,10
401160969,MIL,3136491,9
401160969,MIL,3057187,9
401160969,MIL,3447,12
401160969,MIL,3438,16
401160969,MIL,2011,19
401160969,MIL,2578239,21
401160969,MIL,3934673,22
401160970,SAC,4269,19
401160970,SAC,6578,43
401160970,SAC,2993370,45
401160970,SAC,6446,38
401160970,SAC,2990984,39
401160970,SAC,2426,29
401160970,SAC,2580913,8
401160970,SAC,2991018,23
401160970,SAC,3037789,21
401160970,SAC,4065649,0
401160970,SAC,4066264,0
401160970,SAC,4065730,0
401160970,SAC,3914058,0
401160970,SA,3005,21
401160970,SA,2983,35
401160970,SA,2994526,20
401160970,SA,3978,40
401160970,SA,3078576,21
401160970,SA,3136196,15
401160970,SA,3134908,18
401160970,SA,4004,33
401160970,SA,3190,19
401160970,SA,3907497,32
401160970,SA,4277890,12
401160970,SA,3970,0
401160970,SA,3914285,0
401160971,LAL,1966,34
401160971,LAL,3988,21
401160971,LAL,6583,32
401160971,LAL,3452,15
401160971,LAL,2581018,27
401160971,LAL,3134907,24
401160971,LAL,3201,4
401160971,LAL,2384,21
401160971,LAL,3026,15
401160971,LAL,2566745,10
401160971,LAL,2489530,13
401160971,LAL,2991350,24
401160971,POR,1975,35
401160971,POR,4262,32
401160971,POR,2581177,9
401160971,POR,6606,41
401160971,POR,2490149,35
401160971,POR,3276,10
401160971,POR,2995706,17
401160971,POR,6637,25
401160971,POR,4395652,11
401160971,POR,3936296,10
401160971,POR,4351851,17
401160971,POR,4277843,0
401160972,NO,3913176,25
401160972,NO,4397077,25
401160972,NO,3024,24
401160972,NO,3995,25
401160972,NO,4066421,27
401160972,NO,4341,9
401160972,NO,3135048,23
401160972,NO,3062679,19
401160972,NO,3133626,27
401160972,NO,4065651,14
401160972,NO,4278039,21
401160972,NO,4257,0
401160972,NO,6460,0
401160972,DAL,2531367,19
401160972,DAL,2578185,20
401160972,DAL,3102531,20
401160972,DAL,2528210,20
401160972,DAL,3945274,26
401160972,DAL,2960236,18
401160972,DAL,3138156,28
401160972,DAL,4376,23
401160972,DAL,3055,11
401160972,DAL,3445,12
401160972,DAL,2326307,22
401160972,DAL,3064447,4
401160972,DAL,3934672,18
401160973,IND,3155942,38
401160973,IND,2982334,38
401160973,IND,3133628,31
401160973,IND,6603,34
401160973,IND,3922230,28
401160973,IND,2284101,21
401160973,IND,2528588,20
401160973,IND,4348700,9
401160973,IND,2530530,20
401160973,IND,4066425,0
401160973,IND,4067045,0
401160973,NY,3986,15
401160973,NY,6462,33
401160973,NY,3064514,35
401160973,NY,4395625,36
401160973,NY,4230547,19
401160973,NY,3064482,18
401160973,NY,4278075,14
401160973,NY,4351852,25
401160973,NY,4065697,12
401160973,NY,2991149,14
401160973,NY,2583639,17
401160973,NY,4397205,0
401160973,NY,3907525,0
401160974,CLE,3449,20
401160974,CLE,3893016,19
401160974,CLE,6474,22
401160974,CLE,4277811,25
401160974,CLE,4396907,31
401160974,CLE,6592,14
401160974,CLE,2530923,12
401160974,CLE,2580365,18
401160974,CLE,4017838,12
401160974,CLE,6448,16
401160974,CLE,2489716,8
401160974,CLE,2528426,16
401160974,CLE,4397140,27
401160974,PHI,6622,24
401160974,PHI,6440,22
401160974,PHI,3213,21
401160974,PHI,3929325,19
401160974,PHI,3907387,26
401160974,PHI,2608892,12
401160974,PHI,2579321,19
401160974,PHI,6615,27
401160974,PHI,2579260,27
401160974,PHI,2968361,22
401160974,PHI,3915195,12
401160974,PHI,3907498,9
401160975,PHX,2579294,23
401160975,PHX,3032978,32
401160975,PHX,4011,36
401160975,PHX,3133603,41
401160975,PHX,3136193,37
401160975,PHX,3138196,21
401160975,PHX,3919335,15
401160975,PHX,2530276,4
401160975,PHX,3147657,20
401160975,PHX,4065733,12
401160975,PHX,2968439,0
401160975,PHX,3133635,0
401160975,PHX,4230550,0
401160975,HOU,3033,39
401160975,HOU,2991155,30
401160975,HOU,3102529,27
401160975,HOU,3468,37
401160975,HOU,3992,39
401160975,HOU,3028,10
401160975,HOU,4222252,2
401160975,HOU,6617,25
401160975,HOU,2578213,30
401160975,HOU,3132042,0
401160975,HOU,984,0
401160975,HOU,3906603,0
401160976,MEM,6581,31
401160976,MEM,3155526,23
401160976,MEM,4277961,33
401160976,MEM,6477,21
401160976,MEM,3135046,28
401160976,MEM,3113297,11
401160976,MEM,2488958,28
401160976,MEM,3133838,4
401160976,MEM,3135045,25
401160976,MEM,4066436,20
401160976,MEM,4230554,17
401160976,MEM,2993874,0
401160976,MEM,4279888,0
401160976,UTAH,2583632,28
401160976,UTAH,2968436,27
401160976,UTAH,3593,31
401160976,UTAH,3032976,31
401160976,UTAH,3908809,33
401160976,UTAH,3209,26
401160976,UTAH,2990969,16
401160976,UTAH,3934721,2
401160976,UTAH,4066851,4
401160976,UTAH,4259,13
401160976,UTAH,4065673,4
401160976,UTAH,3102528,4
401160976,UTAH,3892818,22
401160977,DEN,3015,21
401160977,DEN,3112335,34
401160977,DEN,6579,28
401160977,DEN,2999547,32
401160977,DEN,3936299,33
401160977,DEN,4017839,23
401160977,DEN,2991070,24
401160977,DEN,2488653,14
401160977,DEN,3059310,15
401160977,DEN,3907822,16
401160977,DEN,4278104,0
401160977,DEN,2528693,0
401160977,DEN,4230557,0
401160977,BKN,2990962,33
401160977,BKN,2528794,31
401160977,BKN,4066328,30
401160977,BKN,2580782,34
401160977,BKN,4023,34
401160977,BKN,4348696,13
401160977,BKN,3062744,15
401160977,BKN,3442,18
401160977,BKN,6468,19
401160977,BKN,3138154,14
401160977,BKN,4230548,0
401160977,BKN,4278067,0
401160977,BKN,3893019,0
401160978,ATL,3056600,27
401160978,ATL,4395627,30
401160978,ATL,3064559,21
401160978,ATL,4066372,24
401160978,ATL,4277905,35
401160978,ATL,4065732,28
401160978,ATL,4277952,6
401160978,ATL,2596107,19
401160978,ATL,3062667,8
401160978,ATL,136,20
401160978,ATL,2531210,23
401160978,ATL,6466,0
401160978,ATL,4239,0
401160978,CHA,4066383,38
401160978,CHA,4278078,33
401160978,CHA,6427,15
401160978,CHA,3133601,34
401160978,CHA,3074752,35
401160978,CHA,6601,23
401160978,CHA,3138160,3
401160978,CHA,3138161,3
401160978,CHA,2579258,21
401160978,CHA,2999409,3
401160978,CHA,3907821,17
401160978,CHA,4066262,17
401160978,CHA,3416,0
401160979,CHI,4066336,38
401160979,CHI,4277847,40
401160979,CHI,6621,23
401160979,CHI,2991139,34
401160979,CHI,3064440,41
401160979,CHI,3244,23
401160979,CHI,4278049,2
401160979,CHI,3064560,3
401160979,CHI,2991047,7
401160979,CHI,2991274,9
401160979,CHI,2999549,14
401160979,CHI,4395651,32
401160979,MIA,6430,44
401160979,MIA,3157465,22
401160979,MIA,6605,14
401160979,MIA,4066261,41
401160979,MIA,3056247,42
401160979,MIA,2489663,25
401160979,MIA,3923253,10
401160979,MIA,3936099,26
401160979,MIA,4395725,41
401160979,MIA,2184,0
401160979,MIA,3135047,0
401160979,MIA,3999,0
401160980,TOR,3149673,36
401160980,TOR,3934719,35
401160980,TOR,3206,30
401160980,TOR,3012,38
401160980,TOR,2991230,12
401160980,TOR,3439,28
401160980,TOR,3948153,4
401160980,TOR,3064291,16
401160980,TOR,2595516,23
401160980,TOR,3919454,17
401160980,TOR,2580980,0
401160980,TOR,3059311,0
401160980,PHI,6440,39
401160980,PHI,3213,31
401160980,PHI,3059318,30
401160980,PHI,3929325,26
401160980,PHI,3907387,39
401160980,PHI,6622,9
401160980,PHI,2579321,23
401160980,PHI,2968361,10
401160980,PHI,3907498,32
401160980,PHI,3138201,0
401160980,PHI,6615,0
401160980,PHI,2579260,0
401160980,PHI,3915195,0
401160981,LAC,4251,26
401160981,LAC,6450,32
401160981,LAC,6591,36
401160981,LAC,4017837,21
401160981,LAC,3964,24
401160981,LAC,2327577,4
401160981,LAC,2991055,25
401160981,LAC,4065660,2
401160981,LAC,2799,30
401160981,LAC,3943606,18
401160981,LAC,3056273,12
401160981,LAC,3907823,11
401160981,LAC,4264,0
401160981,WSH,4066648,37
401160981,WSH,3150844,18
401160981,WSH,4305,31
401160981,WSH,6580,36
401160981,WSH,4348697,13
401160981,WSH,3945566,2
401160981,WSH,4278508,35
401160981,WSH,6426,28
401160981,WSH,3918423,6
401160981,WSH,2774,18
401160981,WSH,3137795,16
401160981,WSH,6472,0
401160982,SAC,4269,34
401160982,SAC,6578,38
401160982,SAC,2993370,32
401160982,SAC,6446,29
401160982,SAC,2990984,34
401160982,SAC,2426,25
401160982,SAC,2991018,21
401160982,SAC,3037789,28
401160982,SAC,4065649,0
401160982,SAC,3906671,0
401160982,SAC,4066264,0
401160982,SAC,2580913,0
401160982,SAC,3914058,0
401160982,DAL,2531367,26
401160982,DAL,2578185,35
401160982,DAL,3102531,37
401160982,DAL,2528210,36
401160982,DAL,3945274,35
401160982,DAL,2960236,12
401160982,DAL,3138156,14
401160982,DAL,3055,19
401160982,DAL,3445,4
401160982,DAL,2326307,17
401160982,DAL,3934672,4
401160982,DAL,4376,0
401160982,DAL,2489693,0
401160983,OKC,3428,32
401160983,OKC,2595435,19
401160983,OKC,2991235,28
401160983,OKC,2779,31
401160983,OKC,4278073,38
401160983,OKC,3059285,1
401160983,OKC,4423545,15
401160983,OKC,2490089,1
401160983,OKC,2991280,20
401160983,OKC,3032979,34
401160983,OKC,4397020,20
401160983,POR,1975,35
401160983,POR,6637,36
401160983,POR,4262,32
401160983,POR,6606,39
401160983,POR,2490149,38
401160983,POR,2995706,8
401160983,POR,4395688,1
401160983,POR,4395652,12
401160983,POR,3936296,16
401160983,POR,4351851,23
401160983,POR,3276,0
401160983,POR,4277843,0
401160984,MIN,2490620,28
401160984,MIN,3059319,29
401160984,MIN,3136195,36
401160984,MIN,4065663,25
401160984,MIN,4277928,23
401160984,MIN,3078284,3
401160984,MIN,2595231,7
401160984,MIN,3064427,20
401160984,MIN,3136779,17
401160984,MIN,2534781,10
401160984,MIN,4396971,3
401160984,MIN,4015,24
401160984,MIN,2530780,15
401160984,LAL,1966,28
401160984,LAL,3988,26
401160984,LAL,6583,39
401160984,LAL,3452,16
401160984,LAL,2581018,28
401160984,LAL,3134907,26
401160984,LAL,3201,3
401160984,LAL,4396991,2
401160984,LAL,2384,22
401160984,LAL,2566745,10
401160984,LAL,2489530,8
401160984,LAL,2991350,30
401160985,LAC,4264,15
401160985,LAC,4251,36
401160985,LAC,6591,35
401160985,LAC,4017837,21
401160985,LAC,3964,39
401160985,LAC,2991055,30
401160985,LAC,2799,33
401160985,LAC,3943606,13
401160985,LAC,3056273,19
401160985,LAC,4065660,0
401160985,LAC,3907823,0
401160985,IND,3155942,36
401160985,IND,2982334,29
401160985,IND,3133628,25
401160985,IND,6603,24
401160985,IND,2566769,30
401160985,IND,2284101,23
401160985,IND,2528588,30
401160985,IND,4348700,2
401160985,IND,3136485,6
401160985,IND,2530530,24
401160985,IND,3922230,13
401160985,IND,4066425,0
401160985,IND,4067045,0
401160986,CLE,3449,27
401160986,CLE,3893016,24
401160986,CLE,6474,36
401160986,CLE,4277811,30
401160986,CLE,4396907,24
401160986,CLE,6592,9
401160986,CLE,2530923,3
401160986,CLE,2580365,20
401160986,CLE,4017838,3
401160986,CLE,2489716,17
401160986,CLE,2528426,26
401160986,CLE,4397140,24
401160986,CLE,6448,0
401160986,BOS,4065648,30
401160986,BOS,4249,26
401160986,BOS,2451037,21
401160986,BOS,6479,29
401160986,BOS,3917376,32
401160986,BOS,3056602,23
401160986,BOS,4066218,13
401160986,BOS,6447,18
401160986,BOS,4237215,9
401160986,BOS,6507,22
401160986,BOS,4066407,8
401160986,BOS,2596112,8
401160987,TOR,3149673,39
401160987,TOR,3934719,37
401160987,TOR,3206,29
401160987,TOR,3012,39
401160987,TOR,2595516,29
401160987,TOR,3439,19
401160987,TOR,2580980,6
401160987,TOR,3948153,14
401160987,TOR,3064291,17
401160987,TOR,3919454,12
401160987,TOR,3059311,0
401160987,TOR,2991230,0
401160987,CHI,4066336,33
401160987,CHI,4277847,25
401160987,CHI,6621,38
401160987,CHI,2991139,15
401160987,CHI,3064440,34
401160987,CHI,3244,19
401160987,CHI,4278049,20
401160987,CHI,2991047,4
401160987,CHI,2991274,0
401160987,CHI,2999549,23
401160987,CHI,4395651,30
401160987,CHI,3064560,0
401160987,CHI,4065778,0
401160988,SAC,4269,30
401160988,SAC,6578,33
401160988,SAC,2993370,36
401160988,SAC,6446,38
401160988,SAC,2990984,33
401160988,SAC,2426,26
401160988,SAC,2991018,11
401160988,SAC,3037789,32
401160988,SAC,4065649,0
401160988,SAC,4066264,0
401160988,SAC,2580913,0
401160988,SAC,4065730,0
401160988,SAC,3914058,0
401160988,HOU,3033,35
401160988,HOU,2991155,34
401160988,HOU,3102529,37
401160988,HOU,3468,36
401160988,HOU,3992,40
401160988,HOU,3132042,22
401160988,HOU,2578213,33
401160988,HOU,3906603,4
401160988,HOU,3028,0
401160988,HOU,4222252,0
401160988,HOU,6617,0
401160989,ORL,3064290,38
401160989,ORL,4065654,28
401160989,ORL,2578240,28
401160989,ORL,6588,32
401160989,ORL,4066636,30
401160989,ORL,2982249,1
401160989,ORL,4277919,12
401160989,ORL,3415,23
401160989,ORL,6619,31
401160989,ORL,2596108,16
401160989,ORL,3074797,0
401160989,ORL,3913546,0
401160989,MIL,6609,29
401160989,MIL,3032977,35
401160989,MIL,3448,24
401160989,MIL,4032,25
401160989,MIL,4238,32
401160989,MIL,2767,16
401160989,MIL,3447,14
401160989,MIL,3438,21
401160989,MIL,2011,11
401160989,MIL,2578239,13
401160989,MIL,3934673,20
401160989,MIL,3136491,0
401160989,MIL,3057187,0
401160990,DET,3989,34
401160990,DET,2528353,24
401160990,DET,6585,25
401160990,DET,3913174,25
401160990,DET,4065670,26
401160990,DET,6461,19
401160990,DET,3058254,15
401160990,DET,4017843,3
401160990,DET,3456,28
401160990,DET,2530572,21
401160990,DET,3133602,20
401160990,DET,2488945,0
401160990,NO,3913176,37
401160990,NO,3135048,22
401160990,NO,3024,21
401160990,NO,3995,35
401160990,NO,3133626,32
401160990,NO,4341,5
401160990,NO,4397077,21
401160990,NO,3062679,30
401160990,NO,4066421,30
401160990,NO,4278039,6
401160990,NO,4257,0
401160990,NO,6460,0
401160990,NO,4065651,0
401160991,MIN,2490620,26
401160991,MIN,3059319,37
401160991,MIN,3136195,35
401160991,MIN,4065663,29
401160991,MIN,4277928,15
401160991,MIN,3078284,1
401160991,MIN,2595231,12
401160991,MIN,3064427,5
401160991,MIN,3136779,23
401160991,MIN,2534781,12
401160991,MIN,4396971,1
401160991,MIN,4015,28
401160991,MIN,2530780,17
401160991,PHX,2579294,10
401160991,PHX,3032978,32
401160991,PHX,4011,33
401160991,PHX,3133603,33
401160991,PHX,3136193,36
401160991,PHX,3138196,26
401160991,PHX,3919335,4
401160991,PHX,2968439,15
401160991,PHX,3133635,1
401160991,PHX,3147657,32
401160991,PHX,4065733,15
401160991,PHX,4230550,1
401160991,PHX,2530276,0
401160992,OKC,2595435,28
401160992,OKC,4423545,26
401160992,OKC,2991235,28
401160992,OKC,2779,30
401160992,OKC,4278073,33
401160992,OKC,3059285,1
401160992,OKC,2490089,16
401160992,OKC,2991280,17
401160992,OKC,3032979,31
401160992,OKC,4397020,29
401160992,OKC,4230546,0
401160992,UTAH,2583632,26
401160992,UTAH,2968436,34
401160992,UTAH,3593,32
401160992,UTAH,3032976,33
401160992,UTAH,3908809,35
401160992,UTAH,3209,14
401160992,UTAH,2990969,19
401160992,UTAH,3934721,4
401160992,UTAH,4259,12
401160992,UTAH,4065673,3
401160992,UTAH,3064457,3
401160992,UTAH,3102528,8
401160992,UTAH,3892818,18
401160993,MEM,6581,30
401160993,MEM,3155526,31
401160993,MEM,4277961,29
401160993,MEM,6477,27
401160993,MEM,4279888,29
401160993,MEM,3113297,7
401160993,MEM,2488958,30
401160993,MEM,3135045,12
401160993,MEM,3135046,16
401160993,MEM,4066436,17
401160993,MEM,4230554,12
401160993,MEM,2993874,0
401160993,MEM,3133838,0
401160993,GS,6589,33
401160993,GS,2991039,32
401160993,GS,3133817,21
401160993,GS,2991282,24
401160993,GS,3136776,34
401160993,GS,3155535,10
401160993,GS,4065836,15
401160993,GS,3907487,13
401160993,GS,6429,30
401160993,GS,3934621,11
401160993,GS,4065635,16
401160993,GS,4277956,0
401160994,WSH,4066648,33
401160994,WSH,3150844,26
401160994,WSH,4305,38
401160994,WSH,6580,37
401160994,WSH,4348697,14
401160994,WSH,4278508,28
401160994,WSH,6426,30
401160994,WSH,3918423,0
401160994,WSH,2774,20
401160994,WSH,3137795,14
401160994,WSH,3945566,0
401160994,WSH,3934723,0
401160994,CHA,4066383,38
401160994,CHA,4278078,40
401160994,CHA,6427,24
401160994,CHA,3133601,36
401160994,CHA,3074752,38
401160994,CHA,3416,13
401160994,CHA,6601,15
401160994,CHA,2579258,22
401160994,CHA,4066262,15
401160994,CHA,3138161,0
401160994,CHA,2999409,0
401160994,CHA,3907821,0
401160995,DEN,3015,29
401160995,DEN,3112335,33
401160995,DEN,6579,40
401160995,DEN,2999547,33
401160995,DEN,3936299,5
401160995,DEN,4017839,1
401160995,DEN,2991070,19
401160995,DEN,4278104,14
401160995,DEN,2528693,8
401160995,DEN,2488653,15
401160995,DEN,3059310,31
401160995,DEN,3907822,12
401160995,DEN,4230557,0
401160995,PHI,6440,36
401160995,PHI,3213,31
401160995,PHI,3059318,31
401160995,PHI,2581190,19
401160995,PHI,3907387,37
401160995,PHI,6622,14
401160995,PHI,2579321,18
401160995,PHI,2968361,11
401160995,PHI,3929325,17
401160995,PHI,3907498,26
401160995,PHI,6615,0
401160995,PHI,2579260,0
401160995,PHI,3915195,0
401160996,ATL,3056600,30
401160996,ATL,4065732,40
401160996,ATL,3064559,13
401160996,ATL,4066372,26
401160996,ATL,4277905,41
401160996,ATL,4277952,7
401160996,ATL,4395627,23
401160996,ATL,2596107,22
401160996,ATL,3062667,14
401160996,ATL,136,26
401160996,ATL,2531210,22
401160996,ATL,6466,0
401160996,ATL,4239,0
401160996,MIA,6430,42
401160996,MIA,3157465,43
401160996,MIA,6605,12
401160996,MIA,4066261,44
401160996,MIA,3056247,42
401160996,MIA,2489663,17
401160996,MIA,3923253,7
401160996,MIA,3936099,35
401160996,MIA,4610145,1
401160996,MIA,4278521,1
401160996,MIA,4066243,1
401160996,MIA,4395725,23
401160996,MIA,2184,0
401160996,MIA,3999,0
401160997,NY,3986,16
401160997,NY,6462,25
401160997,NY,3064514,26
401160997,NY,4395625,19
401160997,NY,4230547,18
401160997,NY,3064482,20
401160997,NY,4278075,20
401160997,NY,4397205,5
401160997,NY,4351852,27
401160997,NY,4065697,14
401160997,NY,2991149,23
401160997,NY,2583639,13
401160997,NY,3907525,14
401160997,POR,1975,25
401160997,POR,6637,22
401160997,POR,4262,26
401160997,POR,6606,29
401160997,POR,2490149,31
401160997,POR,3276,6
401160997,POR,2995706,23
401160997,POR,4395688,6
401160997,POR,4395652,11
401160997,POR,3936296,21
401160997,POR,4277843,10
401160997,POR,4351851,29
401160998,HOU,3033,35
401160998,HOU,2991155,26
401160998,HOU,3102529,38
401160998,HOU,3468,37
401160998,HOU,3992,41
401160998,HOU,3028,11
401160998,HOU,3132042,11
401160998,HOU,2578213,33
401160998,HOU,3906603,9
401160998,HOU,4222252,0
401160998,CLE,3449,32
401160998,CLE,3893016,19
401160998,CLE,6474,34
401160998,CLE,4277811,29
401160998,CLE,4396907,22
401160998,CLE,6592,13
401160998,CLE,2580365,18
401160998,CLE,2489716,16
401160998,CLE,2528426,29
401160998,CLE,4397140,29
401160998,CLE,2530923,0
401160998,CLE,4017838,0
401160998,CLE,6448,0
401160999,BOS,4065648,37
401160999,BOS,4249,25
401160999,BOS,2451037,27
401160999,BOS,6479,35
401160999,BOS,3917376,34
401160999,BOS,3056602,24
401160999,BOS,4066218,8
401160999,BOS,6447,14
401160999,BOS,6507,24
401160999,BOS,4066407,8
401160999,BOS,2596112,5
401160999,BOS,4237215,0
401160999,BOS,4397008,0
401160999,IND,3155942,35
401160999,IND,2982334,30
401160999,IND,3133628,24
401160999,IND,6603,23
401160999,IND,2566769,29
401160999,IND,2284101,32
401160999,IND,2528588,18
401160999,IND,4348700,2
401160999,IND,2530530,20
401160999,IND,3922230,27
401160999,IND,4066425,0
401160999,IND,4067045,0
401160999,IND,3136485,0
401161000,LAL,1966,38
401161000,LAL,3988,29
401161000,LAL,6583,37
401161000,LAL,3452,14
401161000,LAL,2581018,31
401161000,LAL,3201,21
401161000,LAL,2384,18
401161000,LAL,4240,17
401161000,LAL,2489530,7
401161000,LAL,2991350,28
401161000,LAL,4396991,0
401161000,LAL,3026,0
401161000,LAL,2566745,0
401161000,ORL,3064290,34
401161000,ORL,4065654,36
401161000,ORL,2578240,24
401161000,ORL,6588,34
401161000,ORL,3415,27
401161000,ORL,3074797,17
401161000,ORL,4277919,19
401161000,ORL,6619,29
401161000,ORL,2596108,21
401161000,ORL,2982249,0
401161000,ORL,3059280,0
401161000,ORL,4064727,0
401161000,ORL,3913546,0
401161001,LAC,4251,33
401161001,LAC,6450,32
401161001,LAC,6591,30
401161001,LAC,4017837,16
401161001,LAC,3964,19
401161001,LAC,4264,24
401161001,LAC,3059306,3
401161001,LAC,2991055,29
401161001,LAC,4065660,3
401161001,LAC,2799,32
401161001,LAC,3943606,10
401161001,LAC,3056273,4
401161001,LAC,3907823,3
401161001,TOR,3149673,35
401161001,TOR,3934719,35
401161001,TOR,3206,31
401161001,TOR,3012,35
401161001,TOR,2595516,34
401161001,TOR,3439,20
401161001,TOR,2580980,3
401161001,TOR,3948153,9
401161001,TOR,3064291,13
401161001,TOR,3137730,10
401161001,TOR,3919454,15
401161001,TOR,3059311,0
401161002,CHA,4066383,36
401161002,CHA,4278078,37
401161002,CHA,6427,24
401161002,CHA,3133601,37
401161002,CHA,3074752,35
401161002,CHA,6601,20
401161002,CHA,3138161,24
401161002,CHA,2579258,20
401161002,CHA,3907821,7
401161002,CHA,2999409,0
401161002,CHA,4066262,0
401161002,BKN,2990962,34
401161002,BKN,2528794,29
401161002,BKN,4066328,26
401161002,BKN,2580782,33
401161002,BKN,4023,32
401161002,BKN,4348696,16
401161002,BKN,3062744,18
401161002,BKN,3442,22
401161002,BKN,6468,14
401161002,BKN,3138154,15
401161002,BKN,3906522,0
401161002,BKN,4230548,0
401161002,BKN,3893019,0
401161003,ATL,3056600,21
401161003,ATL,4065732,24
401161003,ATL,3064559,14
401161003,ATL,4066372,24
401161003,ATL,4277905,32
401161003,ATL,4277952,13
401161003,ATL,6466,8
401161003,ATL,4395627,29
401161003,ATL,2596107,20
401161003,ATL,3062667,8
401161003,ATL,136,13
401161003,ATL,4239,13
401161003,ATL,2531210,22
401161003,CHI,4066336,23
401161003,CHI,4277847,23
401161003,CHI,6621,24
401161003,CHI,2991139,23
401161003,CHI,3064440,25
401161003,CHI,3244,33
401161003,CHI,4278049,10
401161003,CHI,3064560,7
401161003,CHI,2991047,17
401161003,CHI,2991274,8
401161003,CHI,2999549,22
401161003,CHI,4395651,25
401161004,UTAH,2583632,31
401161004,UTAH,2968436,36
401161004,UTAH,3593,35
401161004,UTAH,3032976,36
401161004,UTAH,3908809,36
401161004,UTAH,3209,17
401161004,UTAH,2990969,15
401161004,UTAH,4259,12
401161004,UTAH,3892818,22
401161004,UTAH,4065673,0
401161004,UTAH,3064457,0
401161004,UTAH,3102528,0
401161004,MIN,2490620,30
401161004,MIN,3059319,38
401161004,MIN,3136195,36
401161004,MIN,4065663,31
401161004,MIN,4277928,21
401161004,MIN,2595231,10
401161004,MIN,3064427,14
401161004,MIN,2534781,11
401161004,MIN,4015,36
401161004,MIN,2530780,13
401161004,MIN,3078284,0
401161004,MIN,4396971,0
401161005,MEM,6581,32
401161005,MEM,3155526,27
401161005,MEM,4277961,32
401161005,MEM,6477,25
401161005,MEM,4279888,33
401161005,MEM,2993874,13
401161005,MEM,3906665,22
401161005,MEM,2488958,17
401161005,MEM,3135046,15
401161005,MEM,4066436,19
401161005,MEM,4230554,6
401161005,MEM,3113297,0
401161005,MEM,3133838,0
401161005,PHX,2579294,26
401161005,PHX,3032978,26
401161005,PHX,4011,38
401161005,PHX,3133603,38
401161005,PHX,3136193,39
401161005,PHX,3138196,24
401161005,PHX,2968439,18
401161005,PHX,3147657,21
401161005,PHX,4065733,10
401161005,PHX,3919335,0
401161005,PHX,2530276,0
401161005,PHX,3133635,0
401161005,PHX,4230550,0
401161006,NO,3913176,33
401161006,NO,3135048,20
401161006,NO,3024,32
401161006,NO,3995,38
401161006,NO,3133626,26
401161006,NO,4341,7
401161006,NO,4397077,24
401161006,NO,3062679,26
401161006,NO,4065651,1
401161006,NO,4066421,23
401161006,NO,4278039,10
401161006,NO,4257,0
401161006,NO,6460,0
401161006,MIL,2767,27
401161006,MIL,6609,31
401161006,MIL,3448,25
401161006,MIL,4032,20
401161006,MIL,4238,25
401161006,MIL,3136491,12
401161006,MIL,3057187,20
401161006,MIL,3447,17
401161006,MIL,3438,19
401161006,MIL,2011,16
401161006,MIL,2578239,5
401161006,MIL,3934673,24
401161006,MIL,3102533,0
401161007,OKC,3428,33
401161007,OKC,2595435,33
401161007,OKC,2991235,28
401161007,OKC,2779,35
401161007,OKC,4278073,36
401161007,OKC,4423545,11
401161007,OKC,2991280,20
401161007,OKC,3032979,31
401161007,OKC,4397020,13
401161007,OKC,3059285,0
401161007,OKC,2490089,0
401161007,SAC,4269,22
401161007,SAC,6578,34
401161007,SAC,2993370,25
401161007,SAC,6446,24
401161007,SAC,2990984,37
401161007,SAC,4277848,23
401161007,SAC,2426,29
401161007,SAC,2991018,15
401161007,SAC,3037789,29
401161007,SAC,4065649,0
401161007,SAC,3906671,0
401161007,SAC,2580913,0
401161007,SAC,3914058,0
401161008,NY,3986,14
401161008,NY,6462,36
401161008,NY,3064514,38
401161008,NY,4395625,46
401161008,NY,4230547,13
401161008,NY,3064482,24
401161008,NY,4278075,17
401161008,NY,4351852,30
401161008,NY,2991149,17
401161008,NY,2583639,30
401161008,NY,4397205,0
401161008,NY,4065697,0
401161008,NY,3907525,0
401161008,GS,6589,39
401161008,GS,2991039,36
401161008,GS,3133817,17
401161008,GS,2991282,22
401161008,GS,3136776,36
401161008,GS,3155535,5
401161008,GS,4065836,16
401161008,GS,3907487,24
401161008,GS,6429,33
401161008,GS,2595209,15
401161008,GS,3934621,6
401161008,GS,4065635,15
401161008,GS,4277956,0
401161009,PHI,6622,29
401161009,PHI,6440,33
401161009,PHI,3059318,36
401161009,PHI,2581190,26
401161009,PHI,3907387,36
401161009,PHI,2579321,18
401161009,PHI,6615,12
401161009,PHI,2968361,12
401161009,PHI,3929325,8
401161009,PHI,3907498,30
401161009,PHI,3213,0
401161009,PHI,2579260,0
401161009,PHI,3915195,0
401161009,BOS,4065648,34
401161009,BOS,4249,37
401161009,BOS,2451037,24
401161009,BOS,6479,36
401161009,BOS,3917376,41
401161009,BOS,3056602,24
401161009,BOS,6447,24
401161009,BOS,6507,15
401161009,BOS,2596112,5
401161009,BOS,4066218,0
401161009,BOS,3904625,0
401161009,BOS,4237215,0
401161009,BOS,4278080,0
401161010,CLE,3449,39
401161010,CLE,3893016,37
401161010,CLE,6474,26
401161010,CLE,4277811,35
401161010,CLE,4396907,25
401161010,CLE,6592,13
401161010,CLE,2580365,29
401161010,CLE,2489716,15
401161010,CLE,2528426,31
401161010,CLE,4397140,16
401161010,CLE,2530923,0
401161010,CLE,4017838,0
401161010,CLE,6448,0
401161010,SA,3005,21
401161010,SA,2983,39
401161010,SA,2994526,17
401161010,SA,3978,39
401161010,SA,3078576,32
401161010,SA,3136196,5
401161010,SA,3134908,23
401161010,SA,4004,28
401161010,SA,3190,20
401161010,SA,3907497,17
401161010,SA,4277890,24
401161010,SA,3914283,0
401161010,SA,3970,0
401161011,DAL,2531367,31
401161011,DAL,2578185,31
401161011,DAL,3102531,30
401161011,DAL,2528210,25
401161011,DAL,3945274,34
401161011,DAL,2960236,18
401161011,DAL,3138156,21
401161011,DAL,2326307,34
401161011,DAL,2489693,2
401161011,DAL,3934672,15
401161011,DAL,4376,0
401161011,DAL,3055,0
401161011,DAL,3445,0
401161011,DET,3989,30
401161011,DET,2528353,28
401161011,DET,6585,34
401161011,DET,3913174,34
401161011,DET,4065670,22
401161011,DET,6461,17
401161011,DET,3058254,14
401161011,DET,4017843,2
401161011,DET,3456,26
401161011,DET,2488945,2
401161011,DET,2530572,20
401161011,DET,3133602,12
401161012,POR,1975,37
401161012,POR,6637,30
401161012,POR,4262,35
401161012,POR,6606,38
401161012,POR,2490149,37
401161012,POR,2995706,14
401161012,POR,3936296,23
401161012,POR,4277843,5
401161012,POR,4351851,22
401161012,POR,3276,0
401161012,POR,4395652,0
401161012,POR,2581177,0
401161012,DEN,3015,16
401161012,DEN,3112335,31
401161012,DEN,6579,35
401161012,DEN,2999547,37
401161012,DEN,3936299,28
401161012,DEN,2991070,31
401161012,DEN,4278104,10
401161012,DEN,2528693,14
401161012,DEN,2488653,18
401161012,DEN,3059310,20
401161012,DEN,4017839,0
401161012,DEN,3907822,0
401161012,DEN,3923250,0
401161013,HOU,3033,35
401161013,HOU,2991155,34
401161013,HOU,3102529,30
401161013,HOU,3468,35
401161013,HOU,3992,36
401161013,HOU,3028,4
401161013,HOU,3132042,14
401161013,HOU,4222252,7
401161013,HOU,6617,16
401161013,HOU,2578213,27
401161013,HOU,3906603,3
401161013,ORL,3064290,33
401161013,ORL,4065654,27
401161013,ORL,2578240,32
401161013,ORL,6588,25
401161013,ORL,4066636,21
401161013,ORL,2982249,4
401161013,ORL,3074797,4
401161013,ORL,4277919,15
401161013,ORL,3415,26
401161013,ORL,6619,27
401161013,ORL,2596108,21
401161013,ORL,3913546,4
401161014,NO,4257,15
401161014,NO,3913176,34
401161014,NO,3024,34
401161014,NO,3995,35
401161014,NO,3133626,26
401161014,NO,3135048,15
401161014,NO,4397077,18
401161014,NO,3062679,31
401161014,NO,4066421,23
401161014,NO,4278039,10
401161014,NO,4341,0
401161014,NO,6460,0
401161014,NO,4065651,0
401161014,PHI,6622,23
401161014,PHI,6440,38
401161014,PHI,3059318,31
401161014,PHI,2581190,26
401161014,PHI,3907387,38
401161014,PHI,2608892,12
401161014,PHI,2579321,15
401161014,PHI,6615,5
401161014,PHI,2968361,11
401161014,PHI,3929325,16
401161014,PHI,3907498,27
401161014,PHI,2579260,0
401161014,PHI,3915195,0
401161016,LAL,1966,37
401161016,LAL,3988,27
401161016,LAL,6583,38
401161016,LAL,3452,17
401161016,LAL,2581018,30
401161016,LAL,3201,17
401161016,LAL,2384,19
401161016,LAL,3026,25
401161016,LAL,4240,19
401161016,LAL,2991350,11
401161016,LAL,4396991,0
401161016,LAL,2566745,0
401161016,LAL,2489530,0
401161016,MIA,6430,37
401161016,MIA,3157465,36
401161016,MIA,6605,14
401161016,MIA,4066261,35
401161016,MIA,3056247,36
401161016,MIA,2489663,21
401161016,MIA,3923253,8
401161016,MIA,3936099,28
401161016,MIA,4395725,24
401161016,MIA,2184,0
401161016,MIA,3999,0
401161016,MIA,4066243,0
401161015,IND,3155942,32
401161015,IND,2982334,31
401161015,IND,3133628,26
401161015,IND,6603,27
401161015,IND,2566769,32
401161015,IND,4066425,2
401161015,IND,2284101,22
401161015,IND,2528588,29
401161015,IND,4348700,1
401161015,IND,2530530,16
401161015,IND,3922230,22
401161015,IND,4067045,0
401161015,IND,3136485,0
401161015,ATL,3056600,27
401161015,ATL,4065732,37
401161015,ATL,3064559,18
401161015,ATL,4066372,30
401161015,ATL,4277905,37
401161015,ATL,4395627,30
401161015,ATL,2596107,22
401161015,ATL,3062667,0
401161015,ATL,136,13
401161015,ATL,2531210,25
401161015,ATL,4277952,0
401161015,ATL,6466,0
401161015,ATL,4239,0
401161017,CHA,4066383,36
401161017,CHA,4278078,38
401161017,CHA,6427,24
401161017,CHA,3133601,37
401161017,CHA,3074752,36
401161017,CHA,6601,20
401161017,CHA,3138161,16
401161017,CHA,2579258,24
401161017,CHA,4066262,9
401161017,CHA,2797,0
401161017,CHA,3416,0
401161017,CHA,2999409,0
401161017,CHA,3907821,0
401161017,CHI,4066336,26
401161017,CHI,4277847,24
401161017,CHI,6621,26
401161017,CHI,2991139,24
401161017,CHI,3064440,35
401161017,CHI,3244,27
401161017,CHI,4278049,20
401161017,CHI,2991047,21
401161017,CHI,2999549,18
401161017,CHI,4395651,20
401161017,CHI,3064560,0
401161017,CHI,2991274,0
401161018,MIL,6609,35
401161018,MIL,3032977,27
401161018,MIL,3448,24
401161018,MIL,4032,25
401161018,MIL,4238,17
401161018,MIL,3102533,1
401161018,MIL,3136491,21
401161018,MIL,3057187,19
401161018,MIL,3447,8
401161018,MIL,3438,29
401161018,MIL,2578239,16
401161018,MIL,3934673,19
401161018,MIL,2767,0
401161018,MEM,6581,33
401161018,MEM,3155526,35
401161018,MEM,4277961,29
401161018,MEM,6477,19
401161018,MEM,3135046,25
401161018,MEM,2993874,19
401161018,MEM,3113297,14
401161018,MEM,2488958,30
401161018,MEM,4066436,23
401161018,MEM,4230554,13
401161018,MEM,3906665,0
401161018,MEM,3133838,0
401161018,MEM,3134932,0
401161021,GS,2991039,32
401161021,GS,3155535,18
401161021,GS,2991282,23
401161021,GS,6429,30
401161021,GS,3136776,30
401161021,GS,4065836,21
401161021,GS,3907487,23
401161021,GS,2595209,26
401161021,GS,3934621,27
401161021,GS,4277956,10
401161021,GS,3133817,0
401161021,UTAH,2583632,33
401161021,UTAH,2968436,34
401161021,UTAH,3593,37
401161021,UTAH,3032976,36
401161021,UTAH,3908809,35
401161021,UTAH,3209,16
401161021,UTAH,2990969,18
401161021,UTAH,4259,12
401161021,UTAH,3892818,19
401161021,UTAH,3934721,0
401161021,UTAH,4066851,0
401161021,UTAH,3064457,0
401161021,UTAH,3102528,0
401161019,LAC,4251,39
401161019,LAC,6450,37
401161019,LAC,6591,30
401161019,LAC,4017837,16
401161019,LAC,3907823,18
401161019,LAC,4264,19
401161019,LAC,2991055,32
401161019,LAC,3943606,3
401161019,LAC,2488826,15
401161019,LAC,3056273,30
401161019,LAC,3059306,0
401161019,LAC,4065660,0
401161019,LAC,2799,0
401161019,MIN,2490620,33
401161019,MIN,3059319,39
401161019,MIN,3136195,35
401161019,MIN,4065663,31
401161019,MIN,4277928,18
401161019,MIN,2595231,3
401161019,MIN,3064427,11
401161019,MIN,3136779,11
401161019,MIN,2534781,12
401161019,MIN,4015,33
401161019,MIN,2530780,14
401161019,MIN,3078284,0
401161020,NY,3986,23
401161020,NY,6462,30
401161020,NY,3064514,31
401161020,NY,4395625,31
401161020,NY,4230547,21
401161020,NY,3064482,17
401161020,NY,4278075,18
401161020,NY,4351852,25
401161020,NY,2991149,17
401161020,NY,2583639,27
401161020,NY,4397205,0
401161020,NY,4065697,0
401161020,SAC,4269,27
401161020,SAC,6578,37
401161020,SAC,2993370,27
401161020,SAC,6446,29
401161020,SAC,2990984,36
401161020,SAC,4277848,21
401161020,SAC,2426,24
401161020,SAC,2991018,10
401161020,SAC,3037789,29
401161020,SAC,4065649,0
401161020,SAC,3906671,0
401161020,SAC,2580913,0
401161020,SAC,3914058,0
401161022,SA,3136196,17
401161022,SA,2983,37
401161022,SA,2994526,16
401161022,SA,3978,34
401161022,SA,3907497,31
401161022,SA,3005,32
401161022,SA,3134908,16
401161022,SA,4004,32
401161022,SA,3190,8
401161022,SA,3078576,22
401161022,SA,4277890,21
401161022,SA,3914283,0
401161022,SA,3970,0
401161022,PHX,2579294,32
401161022,PHX,3032978,38
401161022,PHX,4011,37
401161022,PHX,3133603,41
401161022,PHX,3147657,32
401161022,PHX,3138196,33
401161022,PHX,2968439,21
401161022,PHX,2530276,16
401161022,PHX,4230550,16
401161022,PHX,3919335,0
401161022,PHX,3133635,0
401161022,PHX,3136193,0
401161022,PHX,4065733,0
401161023,BKN,2990962,30
401161023,BKN,2528794,31
401161023,BKN,4066328,25
401161023,BKN,2580782,34
401161023,BKN,4023,32
401161023,BKN,3906522,3
401161023,BKN,4348696,3
401161023,BKN,3062744,17
401161023,BKN,4230548,18
401161023,BKN,3442,20
401161023,BKN,3893019,17
401161023,BKN,3138154,11
401161023,TOR,3149673,35
401161023,TOR,3934719,21
401161023,TOR,3206,34
401161023,TOR,3012,39
401161023,TOR,2595516,33
401161023,TOR,3439,21
401161023,TOR,2580980,1
401161023,TOR,3948153,6
401161023,TOR,3064291,7
401161023,TOR,3137730,29
401161023,TOR,4278031,1
401161023,TOR,4065834,1
401161023,TOR,3919454,13
401161024,LAC,4251,31
401161024,LAC,6591,25
401161024,LAC,4017837,15
401161024,LAC,3907823,16
401161024,LAC,3914044,21
401161024,LAC,4264,22
401161024,LAC,2991055,33
401161024,LAC,3943606,23
401161024,LAC,2488826,24
401161024,LAC,3056273,30
401161024,LAC,3059306,0
401161024,LAC,4065660,0
401161024,LAC,2799,0
401161024,CHI,4066336,40
401161024,CHI,4277847,36
401161024,CHI,6621,28
401161024,CHI,2991139,29
401161024,CHI,3064440,36
401161024,CHI,3244,20
401161024,CHI,2991047,12
401161024,CHI,2991274,1
401161024,CHI,2999549,26
401161024,CHI,4395651,13
401161024,CHI,3113587,0
401161024,CHI,4278049,0
401161024,CHI,3064560,0
401161025,WSH,4066648,29
401161025,WSH,2774,17
401161025,WSH,4305,28
401161025,WSH,6580,34
401161025,WSH,4348697,26
401161025,WSH,3945566,5
401161025,WSH,4278508,31
401161025,WSH,6426,25
401161025,WSH,3918423,21
401161025,WSH,3137795,18
401161025,WSH,3913180,5
401161025,WSH,3150844,0
401161025,WSH,6472,0
401161025,MEM,2993874,26
401161025,MEM,3155526,26
401161025,MEM,4277961,24
401161025,MEM,6477,29
401161025,MEM,4279888,28
401161025,MEM,3113297,5
401161025,MEM,3906665,24
401161025,MEM,2488958,11
401161025,MEM,3133838,7
401161025,MEM,3135046,21
401161025,MEM,4066436,22
401161025,MEM,4230554,17
401161025,MEM,6581,0
401161026,MIA,6430,43
401161026,MIA,3157465,36
401161026,MIA,6605,16
401161026,MIA,4066261,38
401161026,MIA,3056247,38
401161026,MIA,2489663,27
401161026,MIA,3936099,29
401161026,MIA,4395725,39
401161026,MIA,2184,0
401161026,MIA,3999,0
401161026,MIA,3923253,0
401161026,MIA,4066243,0
401161026,DAL,2531367,27
401161026,DAL,2578185,37
401161026,DAL,3102531,40
401161026,DAL,2528210,42
401161026,DAL,3945274,2
401161026,DAL,2960236,30
401161026,DAL,3138156,12
401161026,DAL,3055,13
401161026,DAL,2326307,19
401161026,DAL,3064447,9
401161026,DAL,3934672,34
401161026,DAL,4376,0
401161026,DAL,3445,0
401161027,CLE,3449,26
401161027,CLE,3893016,23
401161027,CLE,6474,27
401161027,CLE,4277811,28
401161027,CLE,4396907,30
401161027,CLE,6592,15
401161027,CLE,2530923,6
401161027,CLE,2580365,16
401161027,CLE,4017838,6
401161027,CLE,6448,7
401161027,CLE,2489716,12
401161027,CLE,2528426,18
401161027,CLE,4397140,25
401161027,MIL,6609,23
401161027,MIL,3032977,24
401161027,MIL,3448,27
401161027,MIL,4032,17
401161027,MIL,3934673,25
401161027,MIL,2767,17
401161027,MIL,3136491,5
401161027,MIL,3057187,20
401161027,MIL,3447,21
401161027,MIL,3438,22
401161027,MIL,2011,14
401161027,MIL,2578239,22
401161027,MIL,3059315,3
401161028,DET,3989,15
401161028,DET,4017843,25
401161028,DET,2528353,32
401161028,DET,3913174,34
401161028,DET,4065670,31
401161028,DET,6461,27
401161028,DET,3058254,22
401161028,DET,3456,27
401161028,DET,2530572,21
401161028,DET,3133602,5
401161028,DET,6585,0
401161028,DET,2488945,0
401161028,HOU,3033,41
401161028,HOU,2991155,34
401161028,HOU,3102529,35
401161028,HOU,2578213,33
401161028,HOU,3992,38
401161028,HOU,3132042,14
401161028,HOU,6617,28
401161028,HOU,3906603,16
401161028,HOU,3028,0
401161028,HOU,984,0
401161028,HOU,4222252,0
401161029,OKC,3428,30
401161029,OKC,2595435,26
401161029,OKC,2991235,31
401161029,OKC,2779,34
401161029,OKC,4278073,38
401161029,OKC,4423545,8
401161029,OKC,2490089,11
401161029,OKC,2991280,17
401161029,OKC,3032979,33
401161029,OKC,4397020,12
401161029,OKC,4230546,0
401161029,DEN,2991070,32
401161029,DEN,3112335,35
401161029,DEN,6579,29
401161029,DEN,2999547,36
401161029,DEN,3936299,33
401161029,DEN,4017839,12
401161029,DEN,4278104,4
401161029,DEN,2528693,23
401161029,DEN,2488653,13
401161029,DEN,3059310,23
401161029,DEN,4230557,0
401161029,DEN,3907822,0
401161029,DEN,3923250,0
401161030,ORL,3064290,33
401161030,ORL,4065654,33
401161030,ORL,6478,29
401161030,ORL,6588,28
401161030,ORL,4066636,30
401161030,ORL,4277919,19
401161030,ORL,3415,25
401161030,ORL,6619,24
401161030,ORL,2596108,20
401161030,ORL,2982249,0
401161030,ORL,3074797,0
401161030,ORL,2578240,0
401161030,ORL,3913546,0
401161030,NO,4257,20
401161030,NO,3913176,27
401161030,NO,3024,36
401161030,NO,3995,40
401161030,NO,3133626,23
401161030,NO,4397077,29
401161030,NO,3062679,31
401161030,NO,4065651,8
401161030,NO,4066421,27
401161030,NO,4341,0
401161030,NO,3135048,0
401161030,NO,6460,0
401161030,NO,4278039,0
401161031,CHA,4066383,35
401161031,CHA,6427,28
401161031,CHA,2579258,29
401161031,CHA,3133601,37
401161031,CHA,3074752,25
401161031,CHA,6601,18
401161031,CHA,3138160,4
401161031,CHA,4066731,4
401161031,CHA,3138161,28
401161031,CHA,2999409,4
401161031,CHA,3907821,4
401161031,CHA,4066262,25
401161031,CHA,4278078,0
401161031,IND,3155942,34
401161031,IND,2982334,26
401161031,IND,3133628,26
401161031,IND,6603,25
401161031,IND,2566769,25
401161031,IND,4066425,3
401161031,IND,2284101,22
401161031,IND,2528588,22
401161031,IND,4067045,2
401161031,IND,4348700,8
401161031,IND,3136485,3
401161031,IND,2530530,23
401161031,IND,3922230,21
401161032,LAL,1966,37
401161032,LAL,3988,21
401161032,LAL,6583,35
401161032,LAL,3452,15
401161032,LAL,2581018,27
401161032,LAL,3201,17
401161032,LAL,2384,23
401161032,LAL,3026,26
401161032,LAL,4240,24
401161032,LAL,2991350,15
401161032,LAL,4066490,0
401161032,LAL,2566745,0
401161032,LAL,2489530,0
401161032,ATL,3056600,27
401161032,ATL,4065732,37
401161032,ATL,3064559,21
401161032,ATL,4066372,23
401161032,ATL,4277905,36
401161032,ATL,4277952,3
401161032,ATL,4395627,29
401161032,ATL,2596107,23
401161032,ATL,136,21
401161032,ATL,2531210,18
401161032,ATL,6466,0
401161032,ATL,3062667,0
401161032,ATL,4239,0
401161033,PHI,6622,21
401161033,PHI,6440,33
401161033,PHI,3213,27
401161033,PHI,2581190,24
401161033,PHI,3907387,29
401161033,PHI,2608892,21
401161033,PHI,2579321,20
401161033,PHI,6615,5
401161033,PHI,2579260,6
401161033,PHI,2968361,21
401161033,PHI,3929325,15
401161033,PHI,3907498,19
401161033,BKN,2990962,25
401161033,BKN,2528794,25
401161033,BKN,4066328,22
401161033,BKN,2580782,30
401161033,BKN,4023,29
401161033,BKN,3906522,4
401161033,BKN,3194,19
401161033,BKN,4348696,5
401161033,BKN,3062744,14
401161033,BKN,4230548,4
401161033,BKN,3442,22
401161033,BKN,3893019,23
401161033,BKN,3138154,18
401161034,NY,3986,16
401161034,NY,6462,35
401161034,NY,3064514,36
401161034,NY,4395625,36
401161034,NY,4230547,24
401161034,NY,3064482,14
401161034,NY,4278075,22
401161034,NY,4351852,25
401161034,NY,2991149,7
401161034,NY,2583639,25
401161034,NY,4397205,0
401161034,NY,4065697,0
401161034,NY,3134880,0
401161034,DEN,2991070,27
401161034,DEN,3112335,36
401161034,DEN,6579,35
401161034,DEN,2999547,38
401161034,DEN,3936299,33
401161034,DEN,4278104,11
401161034,DEN,2528693,12
401161034,DEN,2488653,34
401161034,DEN,3059310,15
401161034,DEN,4017839,0
401161034,DEN,4278077,0
401161034,DEN,3907822,0
401161034,DEN,3923250,0
401161035,SAC,4269,23
401161035,SAC,6578,34
401161035,SAC,2993370,26
401161035,SAC,6446,31
401161035,SAC,2990984,33
401161035,SAC,3906671,2
401161035,SAC,4277848,22
401161035,SAC,2426,26
401161035,SAC,2991018,10
401161035,SAC,3037789,29
401161035,SAC,3914058,3
401161035,SAC,4065649,0
401161035,SAC,2580913,0
401161035,GS,6589,26
401161035,GS,2991039,24
401161035,GS,2991282,30
401161035,GS,2595209,35
401161035,GS,3136776,27
401161035,GS,3155535,11
401161035,GS,4065836,18
401161035,GS,3907487,11
401161035,GS,6429,22
401161035,GS,3934621,20
401161035,GS,4277956,16
401161036,WSH,4066648,17
401161036,WSH,2774,25
401161036,WSH,6472,26
401161036,WSH,6580,37
401161036,WSH,4348697,20
401161036,WSH,4278508,28
401161036,WSH,6426,36
401161036,WSH,3918423,20
401161036,WSH,4305,22
401161036,WSH,3913180,11
401161036,WSH,3945566,0
401161036,WSH,3137795,0
401161036,DET,6461,33
401161036,DET,4017843,20
401161036,DET,2528353,26
401161036,DET,3913174,37
401161036,DET,4065670,27
401161036,DET,3058254,28
401161036,DET,3456,29
401161036,DET,2530572,29
401161036,DET,3133602,13
401161036,DET,3989,0
401161036,DET,6585,0
401161036,DET,2488945,0
401161037,CLE,3449,25
401161037,CLE,3893016,25
401161037,CLE,6474,32
401161037,CLE,4277811,31
401161037,CLE,4396907,38
401161037,CLE,6592,16
401161037,CLE,2580365,23
401161037,CLE,2489716,4
401161037,CLE,2528426,23
401161037,CLE,4397140,23
401161037,CLE,2530923,0
401161037,CLE,4017838,0
401161037,CLE,6448,0
401161037,TOR,3149673,36
401161037,TOR,3934719,28
401161037,TOR,3206,27
401161037,TOR,3012,37
401161037,TOR,2595516,36
401161037,TOR,3439,20
401161037,TOR,2580980,2
401161037,TOR,3948153,13
401161037,TOR,4065672,2
401161037,TOR,3137730,22
401161037,TOR,3919454,19
401161037,TOR,3064291,0
401161038,SA,3136196,20
401161038,SA,2983,38
401161038,SA,2994526,29
401161038,SA,3978,31
401161038,SA,3907497,29
401161038,SA,3005,21
401161038,SA,3134908,10
401161038,SA,4004,19
401161038,SA,3190,10
401161038,SA,3078576,24
401161038,SA,4277890,10
401161038,SA,3914283,0
401161038,SA,3970,0
401161038,HOU,3033,38
401161038,HOU,2991155,27
401161038,HOU,3102529,40
401161038,HOU,3468,40
401161038,HOU,3992,36
401161038,HOU,3028,6
401161038,HOU,3132042,11
401161038,HOU,6617,11
401161038,HOU,2578213,29
401161038,HOU,984,0
401161038,HOU,4222252,0
401161038,HOU,3906603,0
401161039,MIA,6430,39
401161039,MIA,3157465,23
401161039,MIA,6605,17
401161039,MIA,4066261,43
401161039,MIA,3056247,28
401161039,MIA,2489663,18
401161039,MIA,3923253,3
401161039,MIA,3936099,31
401161039,MIA,4395725,38
401161039,MIA,2184,0
401161039,MIA,3999,0
401161039,MIA,4066243,0
401161039,MEM,6581,34
401161039,MEM,3155526,23
401161039,MEM,4277961,35
401161039,MEM,6477,25
401161039,MEM,4279888,32
401161039,MEM,2993874,14
401161039,MEM,3906665,26
401161039,MEM,2488958,11
401161039,MEM,3135046,16
401161039,MEM,4066436,25
401161039,MEM,3113297,0
401161039,MEM,4230554,0
401161040,DAL,2531367,19
401161040,DAL,2578185,35
401161040,DAL,3102531,33
401161040,DAL,2528210,24
401161040,DAL,3934672,32
401161040,DAL,2960236,29
401161040,DAL,3138156,17
401161040,DAL,4376,0
401161040,DAL,3445,7
401161040,DAL,2326307,26
401161040,DAL,3064447,19
401161040,DAL,3055,0
401161040,DAL,2489693,0
401161040,MIL,6609,28
401161040,MIL,3032977,34
401161040,MIL,3448,20
401161040,MIL,4032,25
401161040,MIL,3934673,30
401161040,MIL,2767,17
401161040,MIL,3057187,22
401161040,MIL,3447,3
401161040,MIL,3438,24
401161040,MIL,2011,25
401161040,MIL,2578239,12
401161040,MIL,3102533,0
401161040,MIL,3136491,0
401161041,CHI,4066336,36
401161041,CHI,4277847,38
401161041,CHI,6621,33
401161041,CHI,2991139,30
401161041,CHI,3064440,34
401161041,CHI,3244,21
401161041,CHI,4278049,1
401161041,CHI,2991047,11
401161041,CHI,2999549,15
401161041,CHI,4395651,20
401161041,CHI,3113587,0
401161041,CHI,3064560,0
401161041,CHI,2991274,0
401161041,OKC,3428,32
401161041,OKC,4230546,29
401161041,OKC,2991235,28
401161041,OKC,2779,36
401161041,OKC,4278073,34
401161041,OKC,2595435,15
401161041,OKC,4423545,16
401161041,OKC,2991280,20
401161041,OKC,3032979,30
401161041,OKC,2490089,0
401161041,OKC,4080610,0
401161041,OKC,4397020,0
401161042,POR,1975,35
401161042,POR,6637,31
401161042,POR,4262,31
401161042,POR,6606,37
401161042,POR,2490149,40
401161042,POR,3276,16
401161042,POR,2995706,5
401161042,POR,3936296,13
401161042,POR,4277843,13
401161042,POR,4351851,18
401161042,POR,4395652,0
401161042,POR,2581177,0
401161042,PHX,2579294,30
401161042,PHX,3032978,31
401161042,PHX,4011,34
401161042,PHX,3133603,37
401161042,PHX,3147657,31
401161042,PHX,3138196,29
401161042,PHX,2968439,19
401161042,PHX,3133635,15
401161042,PHX,4230550,14
401161042,PHX,3919335,0
401161042,PHX,2530276,0
401161042,PHX,3136193,0
401161042,PHX,4065733,0
401161043,SAC,4269,30
401161043,SAC,6578,37
401161043,SAC,2993370,22
401161043,SAC,6446,21
401161043,SAC,2990984,29
401161043,SAC,4277848,22
401161043,SAC,2426,19
401161043,SAC,3037789,29
401161043,SAC,4066259,30
401161043,SAC,4065649,0
401161043,SAC,2580913,0
401161043,SAC,2991018,0
401161043,SAC,3914058,0
401161043,CHA,4066383,21
401161043,CHA,6427,25
401161043,CHA,2579258,31
401161043,CHA,3133601,38
401161043,CHA,3074752,33
401161043,CHA,2797,25
401161043,CHA,6601,14
401161043,CHA,3138161,25
401161043,CHA,4066262,27
401161043,CHA,3416,0
401161043,CHA,3138160,0
401161043,CHA,2999409,0
401161043,CHA,3907821,0
401161044,LAL,1966,35
401161044,LAL,3988,28
401161044,LAL,3201,15
401161044,LAL,3452,22
401161044,LAL,2581018,28
401161044,LAL,2384,26
401161044,LAL,3026,26
401161044,LAL,4240,23
401161044,LAL,2489530,12
401161044,LAL,2991350,25
401161044,LAL,3946974,0
401161044,LAL,4066490,0
401161044,LAL,2566745,0
401161044,IND,3155942,35
401161044,IND,2982334,33
401161044,IND,3133628,32
401161044,IND,6603,15
401161044,IND,2566769,33
401161044,IND,2284101,26
401161044,IND,2528588,18
401161044,IND,2530530,19
401161044,IND,3922230,30
401161044,IND,4066425,0
401161044,IND,2608891,0
401161044,IND,4348700,0
401161044,IND,3136485,0
401161045,ATL,3056600,19
401161045,ATL,4065732,31
401161045,ATL,3064559,9
401161045,ATL,4066372,32
401161045,ATL,4277905,41
401161045,ATL,4277952,8
401161045,ATL,4395627,27
401161045,ATL,2596107,25
401161045,ATL,3062667,12
401161045,ATL,136,24
401161045,ATL,2531210,12
401161045,ATL,4239,0
401161045,NY,3986,19
401161045,NY,6462,22
401161045,NY,3064514,23
401161045,NY,4395625,29
401161045,NY,4230547,18
401161045,NY,3064482,21
401161045,NY,4278075,24
401161045,NY,4351852,29
401161045,NY,4065697,13
401161045,NY,2991149,24
401161045,NY,2583639,20
401161046,BKN,2990962,35
401161046,BKN,2528794,37
401161046,BKN,4066328,35
401161046,BKN,2580782,39
401161046,BKN,4023,39
401161046,BKN,3194,18
401161046,BKN,3062744,18
401161046,BKN,3442,18
401161046,BKN,3893019,16
401161046,BKN,3138154,10
401161046,BKN,3906522,0
401161046,BKN,4348696,0
401161046,BKN,4230548,0
401161046,NO,4257,20
401161046,NO,3913176,41
401161046,NO,3995,38
401161046,NO,3133626,26
401161046,NO,4066421,35
401161046,NO,4341,12
401161046,NO,4397077,29
401161046,NO,3062679,40
401161046,NO,4278039,23
401161046,NO,3135048,0
401161046,NO,3024,0
401161046,NO,6460,0
401161046,NO,4065651,0
401161047,ORL,3064290,30
401161047,ORL,4065654,32
401161047,ORL,6478,33
401161047,ORL,6588,33
401161047,ORL,4066636,28
401161047,ORL,4277919,15
401161047,ORL,3415,26
401161047,ORL,6619,25
401161047,ORL,2596108,18
401161047,ORL,2982249,0
401161047,ORL,3074797,0
401161047,ORL,2578240,0
401161047,ORL,3913546,0
401161047,UTAH,2968436,37
401161047,UTAH,3593,37
401161047,UTAH,3032976,37
401161047,UTAH,3195,19
401161047,UTAH,3908809,35
401161047,UTAH,3209,15
401161047,UTAH,2583632,35
401161047,UTAH,2990969,4
401161047,UTAH,4259,11
401161047,UTAH,3892818,11
401161047,UTAH,3934721,0
401161047,UTAH,4065673,0
401161047,UTAH,3102528,0
401161048,PHX,3032978,24
401161048,PHX,4278129,24
401161048,PHX,4011,24
401161048,PHX,3133603,29
401161048,PHX,3147657,26
401161048,PHX,2579294,23
401161048,PHX,3919335,6
401161048,PHX,2968439,18
401161048,PHX,3133635,24
401161048,PHX,4065733,19
401161048,PHX,4230550,24
401161048,PHX,3138196,0
401161048,PHX,3136193,0
401161048,LAC,4251,25
401161048,LAC,6450,27
401161048,LAC,6591,23
401161048,LAC,4017837,22
401161048,LAC,3964,26
401161048,LAC,4264,13
401161048,LAC,3059306,3
401161048,LAC,2991055,23
401161048,LAC,2799,23
401161048,LAC,3943606,6
401161048,LAC,2488826,21
401161048,LAC,3056273,3
401161048,LAC,3914044,26
401161049,CHA,4066383,21
401161049,CHA,6427,19
401161049,CHA,2579258,31
401161049,CHA,3133601,38
401161049,CHA,3074752,38
401161049,CHA,2797,29
401161049,CHA,6601,13
401161049,CHA,3138161,29
401161049,CHA,3907821,12
401161049,CHA,4066262,12
401161049,CHA,3416,0
401161049,CHA,2999409,0
401161049,CLE,3449,32
401161049,CLE,3893016,32
401161049,CLE,6474,37
401161049,CLE,4277811,31
401161049,CLE,4396907,27
401161049,CLE,6592,11
401161049,CLE,2580365,16
401161049,CLE,2489716,13
401161049,CLE,2528426,25
401161049,CLE,4397140,16
401161049,CLE,2530923,0
401161049,CLE,4017838,0
401161049,CLE,6448,0
401161050,TOR,3149673,35
401161050,TOR,3934719,35
401161050,TOR,3206,8
401161050,TOR,3012,39
401161050,TOR,2595516,33
401161050,TOR,3439,31
401161050,TOR,2580980,0
401161050,TOR,3948153,6
401161050,TOR,3064291,13
401161050,TOR,3137730,27
401161050,TOR,3919454,12
401161050,TOR,3059311,0
401161050,DET,3989,32
401161050,DET,2528353,26
401161050,DET,6585,37
401161050,DET,3913174,32
401161050,DET,4065670,20
401161050,DET,6461,16
401161050,DET,3058254,6
401161050,DET,4017843,4
401161050,DET,3456,28
401161050,DET,2530572,22
401161050,DET,3133602,16
401161050,DET,2488945,0
401161051,CHI,4066336,37
401161051,CHI,4277847,39
401161051,CHI,6621,34
401161051,CHI,2991139,35
401161051,CHI,3064440,44
401161051,CHI,3244,20
401161051,CHI,4278049,11
401161051,CHI,2991047,14
401161051,CHI,2991274,6
401161051,CHI,2999549,8
401161051,CHI,4395651,18
401161051,CHI,3064560,0
401161051,WSH,6426,37
401161051,WSH,2774,24
401161051,WSH,6472,31
401161051,WSH,6580,41
401161051,WSH,4348697,20
401161051,WSH,4278508,22
401161051,WSH,3918423,18
401161051,WSH,3893059,28
401161051,WSH,4305,33
401161051,WSH,3913180,12
401161051,WSH,3945566,0
401161051,WSH,2531797,0
401161052,MIA,6430,34
401161052,MIA,3157465,38
401161052,MIA,6605,29
401161052,MIA,4066261,34
401161052,MIA,3056247,41
401161052,MIA,2489663,8
401161052,MIA,3936099,32
401161052,MIA,4395725,25
401161052,MIA,2184,0
401161052,MIA,3999,0
401161052,MIA,3923253,0
401161052,MIA,4066243,0
401161052,PHI,6440,39
401161052,PHI,3213,32
401161052,PHI,3059318,35
401161052,PHI,2581190,37
401161052,PHI,3907387,42
401161052,PHI,6622,11
401161052,PHI,2579321,16
401161052,PHI,2968361,6
401161052,PHI,3929325,8
401161052,PHI,3907498,14
401161052,PHI,2608892,0
401161052,PHI,6615,0
401161052,PHI,2579260,0
401161053,NO,4257,21
401161053,NO,3913176,34
401161053,NO,3024,30
401161053,NO,3995,33
401161053,NO,3133626,20
401161053,NO,3135048,13
401161053,NO,4397077,14
401161053,NO,6460,18
401161053,NO,3062679,30
401161053,NO,4066421,21
401161053,NO,4278039,7
401161053,NO,4341,0
401161053,NO,4065651,0
401161053,MIN,2595231,22
401161053,MIN,3059319,42
401161053,MIN,2534781,24
401161053,MIN,4015,34
401161053,MIN,4065663,26
401161053,MIN,2490620,30
401161053,MIN,3078284,13
401161053,MIN,3064427,11
401161053,MIN,3136779,19
401161053,MIN,2530780,21
401161053,MIN,3136195,0
401161053,MIN,4277928,0
401161054,MEM,6581,33
401161054,MEM,3155526,33
401161054,MEM,4277961,16
401161054,MEM,6477,26
401161054,MEM,4279888,33
401161054,MEM,2993874,15
401161054,MEM,3906665,25
401161054,MEM,2488958,29
401161054,MEM,3135046,15
401161054,MEM,4066436,15
401161054,MEM,3113297,0
401161054,MEM,4230554,0
401161054,OKC,3428,30
401161054,OKC,4230546,26
401161054,OKC,2991235,30
401161054,OKC,2779,31
401161054,OKC,4278073,39
401161054,OKC,2595435,21
401161054,OKC,4423545,11
401161054,OKC,2490089,2
401161054,OKC,2991280,18
401161054,OKC,3032979,32
401161054,OKC,4080610,0
401161056,ORL,3064290,33
401161056,ORL,4065654,17
401161056,ORL,6478,33
401161056,ORL,6588,31
401161056,ORL,4066636,30
401161056,ORL,3074797,6
401161056,ORL,4277919,15
401161056,ORL,3415,28
401161056,ORL,6619,22
401161056,ORL,2596108,23
401161056,ORL,2982249,0
401161056,ORL,2578240,0
401161056,ORL,3913546,0
401161056,DEN,3015,26
401161056,DEN,3112335,31
401161056,DEN,6579,39
401161056,DEN,2999547,34
401161056,DEN,3936299,36
401161056,DEN,2991070,20
401161056,DEN,4278104,9
401161056,DEN,2528693,3
401161056,DEN,2488653,19
401161056,DEN,3059310,13
401161056,DEN,3907822,11
401161056,DEN,4017839,0
401161056,DEN,4230557,0
401161055,BOS,3056602,20
401161055,BOS,4065648,37
401161055,BOS,2451037,22
401161055,BOS,6479,36
401161055,BOS,3917376,35
401161055,BOS,4066218,24
401161055,BOS,6447,21
401161055,BOS,6507,26
401161055,BOS,4397008,5
401161055,BOS,2596112,14
401161055,BOS,3904625,0
401161055,DAL,2531367,31
401161055,DAL,2578185,33
401161055,DAL,3102531,38
401161055,DAL,2528210,30
401161055,DAL,3934672,31
401161055,DAL,2960236,21
401161055,DAL,3138156,12
401161055,DAL,2326307,25
401161055,DAL,2489693,1
401161055,DAL,3064447,17
401161055,DAL,4376,0
401161055,DAL,3055,0
401161055,DAL,3445,0
401161057,GS,6589,29
401161057,GS,2991039,30
401161057,GS,2991282,23
401161057,GS,2595209,25
401161057,GS,3136776,33
401161057,GS,3133817,18
401161057,GS,4065836,11
401161057,GS,3907487,17
401161057,GS,6429,33
401161057,GS,3934621,12
401161057,GS,4277956,9
401161057,GS,3155535,0
401161057,POR,1975,30
401161057,POR,6637,29
401161057,POR,4262,33
401161057,POR,6606,37
401161057,POR,2490149,38
401161057,POR,3276,18
401161057,POR,3936296,14
401161057,POR,4277843,21
401161057,POR,4351851,19
401161057,POR,2995706,0
401161057,POR,4395652,0
401161057,POR,2581177,0
401161058,UTAH,2583632,29
401161058,UTAH,2968436,36
401161058,UTAH,3593,37
401161058,UTAH,3032976,37
401161058,UTAH,3908809,36
401161058,UTAH,3209,16
401161058,UTAH,2990969,18
401161058,UTAH,4259,11
401161058,UTAH,3892818,19
401161058,UTAH,3912292,0
401161058,UTAH,4066851,0
401161058,UTAH,4065673,0
401161058,UTAH,3102528,0
401161058,ATL,4065732,23
401161058,ATL,4277952,17
401161058,ATL,4395627,35
401161058,ATL,4066372,32
401161058,ATL,4277905,41
401161058,ATL,3056600,24
401161058,ATL,2596107,17
401161058,ATL,3062667,20
401161058,ATL,4239,8
401161058,ATL,2531210,23
401161058,ATL,6466,0
401161058,ATL,3064559,0
401161058,ATL,136,0
401161059,LAL,1966,37
401161059,LAL,3988,35
401161059,LAL,6583,43
401161059,LAL,3452,17
401161059,LAL,2581018,34
401161059,LAL,3201,4
401161059,LAL,2384,15
401161059,LAL,3026,18
401161059,LAL,4240,18
401161059,LAL,2489530,3
401161059,LAL,2991350,17
401161059,LAL,4066490,0
401161059,LAL,2566745,0
401161059,MIL,6609,29
401161059,MIL,3032977,32
401161059,MIL,3448,33
401161059,MIL,4032,31
401161059,MIL,3934673,27
401161059,MIL,2767,17
401161059,MIL,3057187,14
401161059,MIL,3447,8
401161059,MIL,3438,27
401161059,MIL,2011,14
401161059,MIL,2578239,9
401161059,MIL,3102533,0
401161059,MIL,3136491,0
401161060,BKN,2990962,31
401161060,BKN,2528794,29
401161060,BKN,4066328,30
401161060,BKN,2580782,34
401161060,BKN,4023,34
401161060,BKN,3194,24
401161060,BKN,4348696,1
401161060,BKN,3062744,16
401161060,BKN,4230548,1
401161060,BKN,3442,17
401161060,BKN,3893019,22
401161060,BKN,3138154,1
401161060,SA,3136196,11
401161060,SA,2983,32
401161060,SA,2994526,22
401161060,SA,3978,32
401161060,SA,3907497,27
401161060,SA,3914283,1
401161060,SA,3005,14
401161060,SA,3134908,16
401161060,SA,4004,26
401161060,SA,3190,26
401161060,SA,3078576,21
401161060,SA,4277890,14
401161060,SA,3970,0
401161061,HOU,3033,37
401161061,HOU,2991155,35
401161061,HOU,3102529,39
401161061,HOU,3468,40
401161061,HOU,3992,36
401161061,HOU,3132042,3
401161061,HOU,984,7
401161061,HOU,6617,22
401161061,HOU,2578213,22
401161061,HOU,3028,0
401161061,HOU,3906603,0
401161061,LAC,4251,39
401161061,LAC,6450,37
401161061,LAC,6591,16
401161061,LAC,4017837,15
401161061,LAC,3964,30
401161061,LAC,4264,13
401161061,LAC,2991055,33
401161061,LAC,2799,17
401161061,LAC,2488826,10
401161061,LAC,3914044,31
401161061,LAC,4065660,0
401161061,LAC,3943606,0
401161061,LAC,3056273,0
401161062,MEM,6581,28
401161062,MEM,3155526,33
401161062,MEM,4277961,34
401161062,MEM,6477,30
401161062,MEM,4279888,29
401161062,MEM,2993874,7
401161062,MEM,3906665,17
401161062,MEM,2488958,14
401161062,MEM,3135045,11
401161062,MEM,3135046,19
401161062,MEM,4066436,18
401161062,MEM,3113297,0
401161062,MEM,4230554,0
401161062,CLE,3449,28
401161062,CLE,3893016,21
401161062,CLE,6474,32
401161062,CLE,4277811,25
401161062,CLE,4396907,29
401161062,CLE,6592,16
401161062,CLE,2580365,20
401161062,CLE,2489716,16
401161062,CLE,2528426,30
401161062,CLE,4397140,23
401161062,CLE,2530923,0
401161062,CLE,4017838,0
401161062,CLE,6448,0
401161063,SAC,4269,31
401161063,SAC,6578,26
401161063,SAC,2993370,24
401161063,SAC,6446,28
401161063,SAC,2990984,28
401161063,SAC,4277848,27
401161063,SAC,2580913,5
401161063,SAC,2991018,22
401161063,SAC,3914058,24
401161063,SAC,4066259,24
401161063,SAC,4065649,0
401161063,IND,3155942,33
401161063,IND,2982334,29
401161063,IND,3133628,24
401161063,IND,2566769,32
401161063,IND,3922230,30
401161063,IND,4066425,3
401161063,IND,2284101,23
401161063,IND,2528588,22
401161063,IND,4348700,6
401161063,IND,3136485,17
401161063,IND,2530530,22
401161063,IND,2608891,0
401161064,DET,6461,31
401161064,DET,2528353,32
401161064,DET,6585,31
401161064,DET,3133602,28
401161064,DET,4065670,28
401161064,DET,4017843,23
401161064,DET,4423314,10
401161064,DET,3456,24
401161064,DET,2488945,7
401161064,DET,2530572,27
401161064,DET,6443,0
401161064,BOS,3056602,18
401161064,BOS,4065648,27
401161064,BOS,2451037,22
401161064,BOS,6479,30
401161064,BOS,3917376,29
401161064,BOS,4066218,30
401161064,BOS,6447,22
401161064,BOS,3904625,5
401161064,BOS,6507,22
401161064,BOS,4397008,18
401161064,BOS,2596112,18
401161065,WSH,6426,38
401161065,WSH,2774,16
401161065,WSH,6472,27
401161065,WSH,6580,39
401161065,WSH,4348697,12
401161065,WSH,4278508,27
401161065,WSH,3918423,22
401161065,WSH,3893059,14
401161065,WSH,4305,30
401161065,WSH,3913180,16
401161065,WSH,3934723,0
401161065,WSH,2531797,0
401161065,TOR,3439,36
401161065,TOR,3934719,33
401161065,TOR,3137730,34
401161065,TOR,3012,41
401161065,TOR,2991230,34
401161065,TOR,2580980,14
401161065,TOR,3948153,13
401161065,TOR,3064291,19
401161065,TOR,3919454,18
401161065,TOR,4065672,0
401161065,TOR,4278031,0
401161065,TOR,3059311,0
401161066,NY,3986,14
401161066,NY,6462,27
401161066,NY,3064514,23
401161066,NY,4395625,20
401161066,NY,4230547,16
401161066,NY,3064482,25
401161066,NY,4278075,21
401161066,NY,4351852,28
401161066,NY,4065697,15
401161066,NY,2991149,23
401161066,NY,2583639,18
401161066,NY,3907525,10
401161066,MIA,6430,28
401161066,MIA,3157465,23
401161066,MIA,6605,22
401161066,MIA,4066261,30
401161066,MIA,3056247,24
401161066,MIA,2489663,26
401161066,MIA,3923253,12
401161066,MIA,3936099,26
401161066,MIA,3423,24
401161066,MIA,4395725,25
401161066,MIA,2184,0
401161066,MIA,3999,0
401161067,DAL,2531367,25
401161067,DAL,2578185,31
401161067,DAL,3102531,37
401161067,DAL,2528210,32
401161067,DAL,3934672,25
401161067,DAL,2960236,23
401161067,DAL,4376,5
401161067,DAL,2326307,21
401161067,DAL,2489693,18
401161067,DAL,3064447,23
401161067,DAL,3138156,0
401161067,DAL,3055,0
401161067,DAL,3445,0
401161067,PHI,6440,32
401161067,PHI,3213,25
401161067,PHI,3059318,33
401161067,PHI,2581190,33
401161067,PHI,3907387,36
401161067,PHI,6622,17
401161067,PHI,2608892,4
401161067,PHI,2579321,14
401161067,PHI,6615,1
401161067,PHI,2579260,12
401161067,PHI,2968361,7
401161067,PHI,3929325,13
401161067,PHI,3907498,14
401161068,PHX,3032978,33
401161068,PHX,2968439,26
401161068,PHX,4011,29
401161068,PHX,3133603,33
401161068,PHX,3136193,28
401161068,PHX,2579294,11
401161068,PHX,3138196,17
401161068,PHX,3919335,8
401161068,PHX,3133635,12
401161068,PHX,3147657,17
401161068,PHX,4065733,11
401161068,PHX,4230550,15
401161068,PHX,2530276,0
401161068,OKC,3428,30
401161068,OKC,4230546,19
401161068,OKC,2991235,26
401161068,OKC,2779,28
401161068,OKC,4278073,36
401161068,OKC,2595435,27
401161068,OKC,3059358,2
401161068,OKC,4423545,18
401161068,OKC,2490089,1
401161068,OKC,2991280,20
401161068,OKC,3032979,34
401161068,OKC,4080610,0
401161069,MIN,2490620,23
401161069,MIN,3059319,37
401161069,MIN,2534781,24
401161069,MIN,2530780,20
401161069,MIN,4065663,19
401161069,MIN,3078284,20
401161069,MIN,2595231,7
401161069,MIN,3064427,16
401161069,MIN,3136779,19
401161069,MIN,4015,27
401161069,MIN,4277928,13
401161069,MIN,4278541,15
401161069,DEN,3015,25
401161069,DEN,3112335,33
401161069,DEN,6579,34
401161069,DEN,2999547,31
401161069,DEN,3936299,37
401161069,DEN,2991070,23
401161069,DEN,4278104,10
401161069,DEN,2528693,4
401161069,DEN,2488653,15
401161069,DEN,3059310,14
401161069,DEN,3907822,14
401161069,DEN,4017839,0
401161069,DEN,4230557,0
401161070,ORL,3064290,30
401161070,ORL,4065654,30
401161070,ORL,6478,33
401161070,ORL,6588,29
401161070,ORL,4066636,26
401161070,ORL,2982249,2
401161070,ORL,3074797,13
401161070,ORL,2578240,2
401161070,ORL,4277919,13
401161070,ORL,3415,29
401161070,ORL,6619,22
401161070,ORL,2596108,9
401161070,ORL,3913546,2
401161070,POR,1975,9
401161070,POR,6637,32
401161070,POR,4262,33
401161070,POR,6606,36
401161070,POR,2490149,37
401161070,POR,3276,19
401161070,POR,2995706,11
401161070,POR,3936296,24
401161070,POR,4277843,18
401161070,POR,4351851,20
401161070,POR,4395652,0
401161070,POR,2581177,0
401161071,NO,4257,27
401161071,NO,3913176,37
401161071,NO,3024,33
401161071,NO,3995,37
401161071,NO,3133626,28
401161071,NO,4397077,20
401161071,NO,6460,5
401161071,NO,3062679,27
401161071,NO,4066421,22
401161071,NO,4278039,4
401161071,NO,4341,0
401161071,NO,3135048,0
401161071,NO,4065651,0
401161071,GS,6589,31
401161071,GS,2991039,28
401161071,GS,2991282,28
401161071,GS,2595209,35
401161071,GS,3136776,32
401161071,GS,3133817,7
401161071,GS,3155535,6
401161071,GS,4065836,7
401161071,GS,3907487,13
401161071,GS,6429,30
401161071,GS,3934621,12
401161071,GS,4277956,13
401161072,UTAH,2583632,35
401161072,UTAH,2968436,39
401161072,UTAH,3593,36
401161072,UTAH,3032976,37
401161072,UTAH,3908809,35
401161072,UTAH,3209,15
401161072,UTAH,2990969,12
401161072,UTAH,4259,7
401161072,UTAH,4065673,3
401161072,UTAH,3892818,22
401161072,UTAH,3912292,0
401161072,UTAH,4066851,0
401161072,UTAH,3102528,0
401161072,CHA,3416,30
401161072,CHA,4066383,27
401161072,CHA,6427,22
401161072,CHA,3133601,38
401161072,CHA,3074752,36
401161072,CHA,2797,25
401161072,CHA,3138161,22
401161072,CHA,2579258,23
401161072,CHA,4066262,18
401161072,CHA,6601,0
401161072,CHA,2999409,0
401161072,CHA,3907821,0
401161073,ATL,4065732,38
401161073,ATL,4277952,17
401161073,ATL,4395627,27
401161073,ATL,4066372,36
401161073,ATL,4277905,40
401161073,ATL,3056600,15
401161073,ATL,2596107,26
401161073,ATL,3062667,21
401161073,ATL,136,8
401161073,ATL,2531210,12
401161073,ATL,6466,0
401161073,ATL,3064559,0
401161073,BKN,2990962,30
401161073,BKN,2528794,37
401161073,BKN,4066328,22
401161073,BKN,2580782,34
401161073,BKN,4023,40
401161073,BKN,3194,21
401161073,BKN,4230548,11
401161073,BKN,3442,26
401161073,BKN,3893019,19
401161073,BKN,4348696,0
401161073,BKN,3138154,0
401161074,CHI,4066336,29
401161074,CHI,4277847,30
401161074,CHI,6621,38
401161074,CHI,2991139,34
401161074,CHI,3064440,37
401161074,CHI,3244,24
401161074,CHI,4278049,13
401161074,CHI,2991047,6
401161074,CHI,2999549,11
401161074,CHI,4395651,18
401161074,CHI,3064560,0
401161074,CHI,2991274,0
401161074,DET,6461,37
401161074,DET,2528353,32
401161074,DET,6585,37
401161074,DET,3913174,31
401161074,DET,4065670,33
401161074,DET,4017843,12
401161074,DET,2488945,28
401161074,DET,2530572,16
401161074,DET,3133602,14
401161074,DET,4423314,0
401161074,DET,3456,0
401161075,WSH,6426,37
401161075,WSH,2774,19
401161075,WSH,6472,25
401161075,WSH,6580,38
401161075,WSH,4348697,15
401161075,WSH,4278508,30
401161075,WSH,3918423,26
401161075,WSH,3893059,22
401161075,WSH,4305,20
401161075,WSH,3913180,7
401161075,WSH,3934723,0
401161075,WSH,2531797,0
401161075,PHI,6440,31
401161075,PHI,3213,29
401161075,PHI,3059318,30
401161075,PHI,2581190,32
401161075,PHI,3907387,33
401161075,PHI,6622,17
401161075,PHI,2608892,1
401161075,PHI,2579321,18
401161075,PHI,2579260,15
401161075,PHI,3929325,18
401161075,PHI,3907498,16
401161075,PHI,6615,0
401161075,PHI,2968361,0
401161076,MIL,2767,19
401161076,MIL,6609,24
401161076,MIL,3032977,26
401161076,MIL,3448,27
401161076,MIL,3934673,25
401161076,MIL,3102533,7
401161076,MIL,3136491,15
401161076,MIL,3057187,20
401161076,MIL,3447,17
401161076,MIL,3438,13
401161076,MIL,2011,24
401161076,MIL,2578239,24
401161076,NY,3986,10
401161076,NY,6462,24
401161076,NY,3064514,32
401161076,NY,4395625,33
401161076,NY,2583639,27
401161076,NY,3064482,25
401161076,NY,4278075,24
401161076,NY,4351852,22
401161076,NY,4065697,11
401161076,NY,4230547,10
401161076,NY,2991149,10
401161076,NY,3907525,12
401161077,SAC,4269,25
401161077,SAC,6578,37
401161077,SAC,2993370,29
401161077,SAC,2990984,39
401161077,SAC,4066259,30
401161077,SAC,4277848,26
401161077,SAC,2426,28
401161077,SAC,6446,27
401161077,SAC,4065649,0
401161077,SAC,2580913,0
401161077,SAC,2991018,0
401161077,SAC,3914058,0
401161077,MEM,6581,31
401161077,MEM,3155526,30
401161077,MEM,4277961,31
401161077,MEM,2488958,28
401161077,MEM,4279888,30
401161077,MEM,2993874,14
401161077,MEM,3113297,5
401161077,MEM,3906665,19
401161077,MEM,3135045,21
401161077,MEM,3135046,18
401161077,MEM,4066436,15
401161077,MEM,4230554,0
401161078,LAC,4251,26
401161078,LAC,6450,27
401161078,LAC,6591,25
401161078,LAC,4017837,21
401161078,LAC,3964,22
401161078,LAC,4264,19
401161078,LAC,2991055,20
401161078,LAC,4065660,7
401161078,LAC,2799,24
401161078,LAC,3943606,7
401161078,LAC,2488826,21
401161078,LAC,3056273,7
401161078,LAC,3914044,14
401161078,SA,3136196,14
401161078,SA,2983,24
401161078,SA,2994526,19
401161078,SA,3978,25
401161078,SA,3907497,24
401161078,SA,3914283,8
401161078,SA,3970,8
401161078,SA,3005,20
401161078,SA,3134908,16
401161078,SA,4004,20
401161078,SA,3190,25
401161078,SA,3078576,21
401161078,SA,4277890,17
401161079,HOU,3033,33
401161079,HOU,2991155,29
401161079,HOU,3102529,36
401161079,HOU,3468,33
401161079,HOU,3992,34
401161079,HOU,3028,3
401161079,HOU,3132042,19
401161079,HOU,984,4
401161079,HOU,6617,19
401161079,HOU,2578213,28
401161079,HOU,3906603,2
401161079,PHX,3032978,19
401161079,PHX,2968439,32
401161079,PHX,3133603,38
401161079,PHX,3136193,34
401161079,PHX,4230550,30
401161079,PHX,2579294,13
401161079,PHX,3138196,23
401161079,PHX,3919335,3
401161079,PHX,2530276,15
401161079,PHX,3147657,12
401161079,PHX,4065733,22
401161079,PHX,3133635,0
401161079,PHX,4423887,0
401161080,MIN,2490620,30
401161080,MIN,3059319,35
401161080,MIN,2534781,37
401161080,MIN,2530780,30
401161080,MIN,4065663,23
401161080,MIN,3078284,12
401161080,MIN,3136779,18
401161080,MIN,4015,27
401161080,MIN,4277928,15
401161080,MIN,4278541,14
401161080,MIN,2595231,0
401161080,MIN,3064427,0
401161080,POR,3276,22
401161080,POR,6637,33
401161080,POR,4262,38
401161080,POR,6606,38
401161080,POR,2490149,37
401161080,POR,4395652,10
401161080,POR,3936296,26
401161080,POR,4277843,15
401161080,POR,4351851,21
401161080,POR,1975,0
401161080,POR,2995706,0
401161080,POR,2581177,0
401161081,DAL,2531367,30
401161081,DAL,2578185,33
401161081,DAL,3102531,36
401161081,DAL,2528210,35
401161081,DAL,3934672,34
401161081,DAL,2960236,15
401161081,DAL,4376,2
401161081,DAL,2326307,18
401161081,DAL,2489693,18
401161081,DAL,3064447,19
401161081,DAL,3138156,0
401161081,DAL,3055,0
401161081,DAL,3445,0
401161081,TOR,3439,24
401161081,TOR,3934719,29
401161081,TOR,3137730,26
401161081,TOR,3012,42
401161081,TOR,2991230,28
401161081,TOR,2580980,17
401161081,TOR,3948153,24
401161081,TOR,3064291,29
401161081,TOR,3919454,23
401161081,TOR,3134881,0
401161081,TOR,4278031,0
401161081,TOR,3059311,0
401161082,CHA,3416,22
401161082,CHA,4066383,32
401161082,CHA,6427,27
401161082,CHA,3133601,32
401161082,CHA,3074752,38
401161082,CHA,2797,19
401161082,CHA,6601,5
401161082,CHA,3138161,21
401161082,CHA,2579258,17
401161082,CHA,2999409,3
401161082,CHA,3907821,4
401161082,CHA,4066262,20
401161082,BOS,3056602,11
401161082,BOS,4065648,36
401161082,BOS,2451037,15
401161082,BOS,6479,30
401161082,BOS,3917376,32
401161082,BOS,4066218,22
401161082,BOS,6447,24
401161082,BOS,3904625,3
401161082,BOS,6507,27
401161082,BOS,4397008,23
401161082,BOS,2596112,16
401161082,BOS,4066407,0
401161083,IND,3155942,31
401161083,IND,2982334,26
401161083,IND,3133628,22
401161083,IND,2566769,30
401161083,IND,3922230,32
401161083,IND,4066425,3
401161083,IND,2284101,24
401161083,IND,2528588,26
401161083,IND,2608891,5
401161083,IND,4348700,8
401161083,IND,3136485,19
401161083,IND,2530530,14
401161083,MIL,6609,30
401161083,MIL,3032977,31
401161083,MIL,3448,27
401161083,MIL,4032,28
401161083,MIL,3934673,25
401161083,MIL,2767,15
401161083,MIL,3136491,3
401161083,MIL,3447,18
401161083,MIL,3438,22
401161083,MIL,2011,18
401161083,MIL,2578239,20
401161083,MIL,3059315,5
401161083,MIL,3057187,0
401161084,LAC,4264,18
401161084,LAC,4251,34
401161084,LAC,6591,25
401161084,LAC,4017837,18
401161084,LAC,2799,36
401161084,LAC,2327577,18
401161084,LAC,2991055,31
401161084,LAC,2488826,16
401161084,LAC,3056273,12
401161084,LAC,3914044,31
401161084,LAC,6450,0
401161084,LAC,4065660,0
401161084,LAC,3943606,0
401161084,OKC,4423545,25
401161084,OKC,4230546,29
401161084,OKC,2991235,31
401161084,OKC,2779,36
401161084,OKC,4278073,34
401161084,OKC,2595435,16
401161084,OKC,3059358,12
401161084,OKC,2490089,8
401161084,OKC,2991280,17
401161084,OKC,3032979,33
401161084,OKC,3428,0
401161084,OKC,4080610,0
401161085,DEN,3015,21
401161085,DEN,3112335,27
401161085,DEN,6579,32
401161085,DEN,2999547,34
401161085,DEN,3936299,32
401161085,DEN,4017839,2
401161085,DEN,2991070,23
401161085,DEN,4278104,5
401161085,DEN,2528693,2
401161085,DEN,4230557,2
401161085,DEN,2488653,19
401161085,DEN,3059310,20
401161085,DEN,3907822,22
401161085,LAL,3988,18
401161085,LAL,6583,34
401161085,LAL,3452,18
401161085,LAL,3026,28
401161085,LAL,4240,21
401161085,LAL,3134907,22
401161085,LAL,3201,5
401161085,LAL,4396991,3
401161085,LAL,2384,17
401161085,LAL,2566745,17
401161085,LAL,2489530,10
401161085,LAL,2581018,25
401161085,LAL,2991350,22
401161086,ATL,3908845,35
401161086,ATL,4065732,39
401161086,ATL,4277952,10
401161086,ATL,4066372,32
401161086,ATL,4277905,36
401161086,ATL,3056600,15
401161086,ATL,4395627,23
401161086,ATL,2596107,6
401161086,ATL,3064559,9
401161086,ATL,3062667,19
401161086,ATL,136,15
401161086,ATL,6466,0
401161086,ATL,2531210,0
401161086,CLE,3449,34
401161086,CLE,3893016,34
401161086,CLE,6474,33
401161086,CLE,4277811,36
401161086,CLE,4396907,26
401161086,CLE,6592,19
401161086,CLE,2530923,5
401161086,CLE,6448,11
401161086,CLE,2489716,19
401161086,CLE,4397140,23
401161086,CLE,4017838,0
401161086,CLE,2528426,0
401161087,PHI,6440,34
401161087,PHI,3213,31
401161087,PHI,3059318,28
401161087,PHI,2581190,33
401161087,PHI,3907387,37
401161087,PHI,6622,17
401161087,PHI,2608892,1
401161087,PHI,2579321,24
401161087,PHI,2579260,11
401161087,PHI,2968361,1
401161087,PHI,3915195,1
401161087,PHI,3929325,22
401161087,PHI,6615,0
401161087,DET,3989,27
401161087,DET,4017843,10
401161087,DET,2528353,32
401161087,DET,2488945,23
401161087,DET,3133602,32
401161087,DET,6461,22
401161087,DET,3058254,4
401161087,DET,4423314,1
401161087,DET,6585,32
401161087,DET,3456,25
401161087,DET,2530572,31
401161087,DET,4397103,0
401161088,TOR,3439,42
401161088,TOR,3934719,43
401161088,TOR,3137730,20
401161088,TOR,3012,44
401161088,TOR,2991230,41
401161088,TOR,2580980,4
401161088,TOR,3948153,14
401161088,TOR,3064291,38
401161088,TOR,3919454,20
401161088,TOR,3134881,0
401161088,TOR,4278031,0
401161088,TOR,3059311,0
401161088,IND,3155942,41
401161088,IND,2982334,41
401161088,IND,3133628,36
401161088,IND,6603,35
401161088,IND,3922230,31
401161088,IND,2284101,20
401161088,IND,2528588,23
401161088,IND,3136485,14
401161088,IND,2530530,24
401161088,IND,4066425,0
401161088,IND,4067045,0
401161088,IND,2608891,0
401161088,IND,4348700,0
401161089,WSH,3918423,18
401161089,WSH,2774,28
401161089,WSH,4305,25
401161089,WSH,6580,37
401161089,WSH,4348697,11
401161089,WSH,3945566,16
401161089,WSH,4278508,32
401161089,WSH,3893059,20
401161089,WSH,3134903,34
401161089,WSH,3913180,19
401161089,WSH,3934723,0
401161089,WSH,2531797,0
401161089,NY,3064514,37
401161089,NY,4278075,27
401161089,NY,4395625,36
401161089,NY,4351852,23
401161089,NY,2583639,30
401161089,NY,3064482,23
401161089,NY,4065697,7
401161089,NY,4230547,11
401161089,NY,2991149,27
401161089,NY,3907525,20
401161089,NY,3986,0
401161089,NY,6462,0
401161089,NY,4397205,0
401161090,CHI,4066336,30
401161090,CHI,4277847,28
401161090,CHI,6621,33
401161090,CHI,2991139,32
401161090,CHI,3064440,38
401161090,CHI,3244,22
401161090,CHI,4278049,15
401161090,CHI,3064560,1
401161090,CHI,2991047,16
401161090,CHI,2999549,5
401161090,CHI,4395651,19
401161090,CHI,3113587,0
401161090,CHI,2991274,0
401161090,ORL,3064290,31
401161090,ORL,4065654,33
401161090,ORL,6478,31
401161090,ORL,6588,32
401161090,ORL,4066636,27
401161090,ORL,3074797,16
401161090,ORL,4277919,17
401161090,ORL,3415,21
401161090,ORL,6619,31
401161090,ORL,2982249,0
401161090,ORL,3059280,0
401161090,ORL,2578240,0
401161090,ORL,3913546,0
401161091,UTAH,2583632,36
401161091,UTAH,2968436,38
401161091,UTAH,3593,29
401161091,UTAH,3032976,36
401161091,UTAH,3908809,39
401161091,UTAH,3209,18
401161091,UTAH,2990969,9
401161091,UTAH,4259,12
401161091,UTAH,3892818,23
401161091,UTAH,3912292,0
401161091,UTAH,4066851,0
401161091,UTAH,4065673,0
401161091,MIA,6430,34
401161091,MIA,3157465,20
401161091,MIA,6605,22
401161091,MIA,4066261,38
401161091,MIA,3056247,29
401161091,MIA,2489663,8
401161091,MIA,3936099,32
401161091,MIA,3423,30
401161091,MIA,4395725,27
401161091,MIA,2184,0
401161091,MIA,3135047,0
401161091,MIA,3999,0
401161091,MIA,3923253,0
401161092,SA,3136196,25
401161092,SA,2983,32
401161092,SA,2994526,25
401161092,SA,3978,29
401161092,SA,3907497,28
401161092,SA,3914283,4
401161092,SA,3970,3
401161092,SA,3005,20
401161092,SA,3134908,13
401161092,SA,4004,18
401161092,SA,3190,21
401161092,SA,3078576,20
401161092,SA,4277890,4
401161092,MEM,6581,30
401161092,MEM,3155526,25
401161092,MEM,4277961,32
401161092,MEM,6477,25
401161092,MEM,4279888,30
401161092,MEM,2993874,9
401161092,MEM,3113297,3
401161092,MEM,3906665,21
401161092,MEM,2488958,12
401161092,MEM,3135045,18
401161092,MEM,3135046,18
401161092,MEM,4066436,18
401161092,MEM,4230554,0
401161093,DEN,3015,28
401161093,DEN,3112335,31
401161093,DEN,6579,34
401161093,DEN,2999547,35
401161093,DEN,3936299,35
401161093,DEN,2991070,20
401161093,DEN,4278104,6
401161093,DEN,2488653,17
401161093,DEN,3059310,13
401161093,DEN,3907822,20
401161093,DEN,4017839,0
401161093,DEN,2528693,0
401161093,DEN,4230557,0
401161093,PHX,3032978,17
401161093,PHX,2968439,30
401161093,PHX,4011,34
401161093,PHX,3133603,38
401161093,PHX,3136193,34
401161093,PHX,2579294,18
401161093,PHX,3138196,19
401161093,PHX,3133635,14
401161093,PHX,3147657,28
401161093,PHX,4065733,5
401161093,PHX,4230550,3
401161093,PHX,3919335,0
401161093,PHX,2530276,0
401161094,NO,4257,30
401161094,NO,3913176,37
401161094,NO,3024,25
401161094,NO,3995,38
401161094,NO,4066421,18
401161094,NO,4341,6
401161094,NO,4397077,17
401161094,NO,6460,24
401161094,NO,3062679,17
401161094,NO,3133626,19
401161094,NO,4065651,5
401161094,NO,4278039,3
401161094,NO,3135048,0
401161094,POR,1975,37
401161094,POR,6637,31
401161094,POR,4262,32
401161094,POR,6606,37
401161094,POR,2490149,38
401161094,POR,4395652,8
401161094,POR,3936296,19
401161094,POR,4277843,17
401161094,POR,4351851,21
401161094,POR,3276,0
401161094,POR,2995706,0
401161094,POR,2581177,0
401161095,HOU,3033,40
401161095,HOU,2991155,32
401161095,HOU,3102529,41
401161095,HOU,3468,40
401161095,HOU,3992,38
401161095,HOU,3132042,10
401161095,HOU,6617,16
401161095,HOU,2578213,24
401161095,HOU,984,0
401161095,HOU,4222252,0
401161095,HOU,2991255,0
401161095,HOU,3906603,0
401161095,SAC,6578,30
401161095,SAC,2993370,31
401161095,SAC,4277848,23
401161095,SAC,2990984,27
401161095,SAC,4066259,36
401161095,SAC,4269,30
401161095,SAC,2426,35
401161095,SAC,6446,28
401161095,SAC,4065649,0
401161095,SAC,2580913,0
401161095,SAC,2991018,0
401161095,SAC,3037789,0
401161095,SAC,3914058,0
401161096,MIN,2490620,12
401161096,MIN,3059319,39
401161096,MIN,2534781,30
401161096,MIN,4065663,15
401161096,MIN,4277928,14
401161096,MIN,3078284,17
401161096,MIN,2595231,21
401161096,MIN,3064427,4
401161096,MIN,3136779,15
401161096,MIN,4015,19
401161096,MIN,3133596,16
401161096,MIN,3134916,22
401161096,MIN,4278541,16
401161096,GS,6589,33
401161096,GS,2991282,30
401161096,GS,6429,34
401161096,GS,2595209,28
401161096,GS,3136776,33
401161096,GS,3133817,16
401161096,GS,3155535,9
401161096,GS,4065836,4
401161096,GS,3907487,12
401161096,GS,3934621,10
401161096,GS,4065635,23
401161096,GS,4277956,7
401161096,GS,4401415,0
401161097,BOS,4065648,35
401161097,BOS,4249,26
401161097,BOS,2451037,24
401161097,BOS,6479,33
401161097,BOS,3917376,35
401161097,BOS,3056602,7
401161097,BOS,4066218,12
401161097,BOS,6447,18
401161097,BOS,6507,20
401161097,BOS,4066407,3
401161097,BOS,4397008,20
401161097,BOS,2596112,3
401161097,BOS,4278080,3
401161097,TOR,3439,23
401161097,TOR,3934719,25
401161097,TOR,3137730,32
401161097,TOR,3012,37
401161097,TOR,2991230,37
401161097,TOR,2580980,11
401161097,TOR,3948153,28
401161097,TOR,3064291,18
401161097,TOR,3134881,4
401161097,TOR,4278031,3
401161097,TOR,3919454,22
401161097,TOR,3059311,0
401161098,MIL,6609,33
401161098,MIL,3032977,30
401161098,MIL,3448,33
401161098,MIL,4032,25
401161098,MIL,3934673,26
401161098,MIL,2767,15
401161098,MIL,3057187,12
401161098,MIL,3447,8
401161098,MIL,3438,26
401161098,MIL,2011,20
401161098,MIL,2578239,11
401161098,MIL,3102533,0
401161098,MIL,3136491,0
401161098,PHI,6440,35
401161098,PHI,3213,33
401161098,PHI,3059318,28
401161098,PHI,2581190,37
401161098,PHI,3907387,38
401161098,PHI,6622,17
401161098,PHI,2579321,16
401161098,PHI,2579260,10
401161098,PHI,3929325,25
401161098,PHI,2608892,0
401161098,PHI,6615,0
401161098,PHI,2968361,0
401161098,PHI,3915195,0
401161099,HOU,3033,38
401161099,HOU,2991155,35
401161099,HOU,3102529,29
401161099,HOU,3468,40
401161099,HOU,3992,38
401161099,HOU,3132042,9
401161099,HOU,984,4
401161099,HOU,6617,19
401161099,HOU,2578213,28
401161099,HOU,4222252,0
401161099,HOU,2991255,0
401161099,HOU,3906603,0
401161099,GS,6589,34
401161099,GS,2991039,37
401161099,GS,2991282,31
401161099,GS,2595209,31
401161099,GS,3136776,31
401161099,GS,3133817,7
401161099,GS,4065836,2
401161099,GS,3907487,12
401161099,GS,6429,24
401161099,GS,3934621,8
401161099,GS,4065635,22
401161099,GS,4401415,0
401161099,GS,4277956,0
401161100,LAC,4264,14
401161100,LAC,4251,37
401161100,LAC,6450,38
401161100,LAC,4017837,17
401161100,LAC,3964,32
401161100,LAC,2327577,7
401161100,LAC,6591,16
401161100,LAC,2991055,31
401161100,LAC,2799,29
401161100,LAC,3914044,19
401161100,LAC,3943606,0
401161100,LAC,2488826,0
401161100,LAC,3056273,0
401161100,LAL,1966,39
401161100,LAL,3988,29
401161100,LAL,6583,39
401161100,LAL,3452,15
401161100,LAL,4240,17
401161100,LAL,3134907,27
401161100,LAL,2384,12
401161100,LAL,3026,20
401161100,LAL,2581018,29
401161100,LAL,2991350,11
401161100,LAL,3201,0
401161100,LAL,2566745,0
401161100,LAL,2489530,0
401161101,NO,4257,30
401161101,NO,3913176,36
401161101,NO,3024,22
401161101,NO,3995,31
401161101,NO,4066421,36
401161101,NO,3135048,10
401161101,NO,4397077,7
401161101,NO,6460,22
401161101,NO,3062679,30
401161101,NO,3133626,10
401161101,NO,4065651,6
401161101,NO,4341,0
401161101,NO,4278039,0
401161101,DEN,3015,16
401161101,DEN,3112335,31
401161101,DEN,6579,33
401161101,DEN,2999547,35
401161101,DEN,3936299,28
401161101,DEN,4017839,1
401161101,DEN,2991070,29
401161101,DEN,4278104,6
401161101,DEN,4230557,1
401161101,DEN,2488653,16
401161101,DEN,3059310,22
401161101,DEN,3907822,22
401161101,DEN,2528693,0
401161102,WSH,3918423,19
401161102,WSH,2774,19
401161102,WSH,4305,23
401161102,WSH,6580,24
401161102,WSH,4348697,7
401161102,WSH,3064528,33
401161102,WSH,3945566,9
401161102,WSH,4278508,28
401161102,WSH,3893059,24
401161102,WSH,2531797,15
401161102,WSH,3134903,31
401161102,WSH,3913180,8
401161102,WSH,6472,0
401161102,DET,3989,26
401161102,DET,2528353,23
401161102,DET,6585,25
401161102,DET,2488945,27
401161102,DET,3133602,25
401161102,DET,6461,9
401161102,DET,3058254,24
401161102,DET,4017843,13
401161102,DET,4397103,4
401161102,DET,3456,21
401161102,DET,2530572,18
401161102,DET,4065670,27
401161103,NY,3986,12
401161103,NY,6462,34
401161103,NY,3064514,35
401161103,NY,4395625,24
401161103,NY,2583639,32
401161103,NY,3064482,18
401161103,NY,4278075,14
401161103,NY,4397205,1
401161103,NY,4351852,28
401161103,NY,4230547,14
401161103,NY,2991149,25
401161103,NY,3134880,2
401161103,NY,3907525,0
401161103,BKN,2990962,28
401161103,BKN,2528794,31
401161103,BKN,4066328,27
401161103,BKN,2580782,32
401161103,BKN,4023,30
401161103,BKN,3906522,4
401161103,BKN,3194,18
401161103,BKN,4348696,5
401161103,BKN,4230548,19
401161103,BKN,3442,18
401161103,BKN,3893019,20
401161103,BKN,3138154,9
401161104,MEM,6581,26
401161104,MEM,3155526,25
401161104,MEM,4277961,35
401161104,MEM,6477,28
401161104,MEM,4279888,26
401161104,MEM,2993874,12
401161104,MEM,3906665,19
401161104,MEM,2488958,14
401161104,MEM,3135045,13
401161104,MEM,3135046,22
401161104,MEM,4066436,20
401161104,MEM,3113297,0
401161104,MEM,4230554,0
401161104,OKC,4423545,19
401161104,OKC,4230546,35
401161104,OKC,2991235,28
401161104,OKC,2779,34
401161104,OKC,4278073,37
401161104,OKC,2595435,17
401161104,OKC,3059358,9
401161104,OKC,3143565,1
401161104,OKC,2490089,11
401161104,OKC,2991280,17
401161104,OKC,3032979,32
401161104,OKC,4080610,0
401161105,SA,3136196,22
401161105,SA,2983,31
401161105,SA,2994526,25
401161105,SA,3978,35
401161105,SA,3907497,27
401161105,SA,3005,26
401161105,SA,3134908,17
401161105,SA,4004,18
401161105,SA,3190,15
401161105,SA,3078576,25
401161105,SA,3914283,0
401161105,SA,3970,0
401161105,SA,4277890,0
401161105,DAL,2531367,30
401161105,DAL,2578185,33
401161105,DAL,3102531,35
401161105,DAL,2528210,28
401161105,DAL,3945274,33
401161105,DAL,2960236,31
401161105,DAL,2326307,16
401161105,DAL,3064447,21
401161105,DAL,3934672,14
401161105,DAL,3138156,0
401161105,DAL,4376,0
401161105,DAL,3055,0
401161105,DAL,2489693,0
401161106,MIN,2490620,40
401161106,MIN,2595231,40
401161106,MIN,3059319,44
401161106,MIN,2534781,41
401161106,MIN,2530780,22
401161106,MIN,3078284,17
401161106,MIN,3136779,13
401161106,MIN,4015,37
401161106,MIN,3133596,5
401161106,MIN,4065663,18
401161106,MIN,4277928,14
401161106,MIN,3064427,0
401161106,MIN,3134916,0
401161106,SAC,6578,42
401161106,SAC,2993370,45
401161106,SAC,4277848,20
401161106,SAC,2990984,37
401161106,SAC,4066259,2
401161106,SAC,4269,16
401161106,SAC,2426,34
401161106,SAC,2580913,2
401161106,SAC,6446,40
401161106,SAC,2991018,10
401161106,SAC,3037789,43
401161106,SAC,4065649,0
401161106,SAC,3914058,0
401161107,POR,1975,37
401161107,POR,6637,24
401161107,POR,4262,22
401161107,POR,6606,37
401161107,POR,2490149,38
401161107,POR,4395652,11
401161107,POR,3936296,26
401161107,POR,4277843,17
401161107,POR,4351851,28
401161107,POR,3276,0
401161107,POR,2995706,0
401161107,POR,2581177,0
401161107,UTAH,2583632,31
401161107,UTAH,2968436,36
401161107,UTAH,3593,37
401161107,UTAH,3032976,36
401161107,UTAH,3908809,38
401161107,UTAH,2990969,14
401161107,UTAH,4259,9
401161107,UTAH,4065673,3
401161107,UTAH,2528426,21
401161107,UTAH,3892818,16
401161107,UTAH,3934721,0
401161107,UTAH,3064457,0
401161107,UTAH,3908819,0
401161108,CLE,3449,35
401161108,CLE,3893016,29
401161108,CLE,6474,30
401161108,CLE,4277811,31
401161108,CLE,4396907,28
401161108,CLE,6592,4
401161108,CLE,2530923,4
401161108,CLE,2580365,18
401161108,CLE,4017838,5
401161108,CLE,2489716,16
401161108,CLE,3102528,15
401161108,CLE,4397140,25
401161108,CLE,6448,0
401161108,BOS,4065648,32
401161108,BOS,4249,28
401161108,BOS,2451037,21
401161108,BOS,6479,29
401161108,BOS,3917376,29
401161108,BOS,3056602,5
401161108,BOS,4066218,19
401161108,BOS,6447,23
401161108,BOS,6507,20
401161108,BOS,4066407,5
401161108,BOS,4397008,15
401161108,BOS,2596112,10
401161108,BOS,4278080,5
401161109,OKC,4423545,22
401161109,OKC,4230546,29
401161109,OKC,2991235,34
401161109,OKC,2779,35
401161109,OKC,4278073,36
401161109,OKC,2595435,17
401161109,OKC,3059358,21
401161109,OKC,2991280,19
401161109,OKC,3032979,35
401161109,OKC,4397020,17
401161109,OKC,3143565,0
401161109,OKC,2490089,0
401161109,CHA,4066383,29
401161109,CHA,4278078,37
401161109,CHA,6427,28
401161109,CHA,3133601,46
401161109,CHA,3074752,36
401161109,CHA,2797,14
401161109,CHA,3138161,22
401161109,CHA,2579258,24
401161109,CHA,3907821,6
401161109,CHA,4066262,23
401161109,CHA,3416,0
401161109,CHA,6601,0
401161109,CHA,2999409,0
401161110,PHI,6440,36
401161110,PHI,3213,33
401161110,PHI,3059318,32
401161110,PHI,2581190,36
401161110,PHI,3907387,39
401161110,PHI,6622,15
401161110,PHI,2579321,18
401161110,PHI,2579260,9
401161110,PHI,3929325,22
401161110,PHI,2608892,0
401161110,PHI,6615,0
401161110,PHI,2968361,0
401161110,PHI,3915195,0
401161110,ORL,3064290,34
401161110,ORL,4065654,30
401161110,ORL,6478,32
401161110,ORL,6588,32
401161110,ORL,4066636,28
401161110,ORL,3074797,16
401161110,ORL,2578240,16
401161110,ORL,3415,24
401161110,ORL,6619,28
401161110,ORL,2982249,0
401161110,ORL,3913546,0
401161111,MIL,2767,24
401161111,MIL,6609,25
401161111,MIL,3448,23
401161111,MIL,4032,19
401161111,MIL,3934673,23
401161111,MIL,3102533,7
401161111,MIL,3136491,12
401161111,MIL,3057187,25
401161111,MIL,3447,21
401161111,MIL,3438,20
401161111,MIL,2011,18
401161111,MIL,2578239,22
401161111,ATL,3908845,26
401161111,ATL,4065732,23
401161111,ATL,4277952,16
401161111,ATL,4066372,27
401161111,ATL,4277905,15
401161111,ATL,6466,11
401161111,ATL,4395627,30
401161111,ATL,3064559,19
401161111,ATL,3062667,15
401161111,ATL,136,12
401161111,ATL,4239,10
401161111,ATL,2531210,21
401161111,ATL,3057198,14
401161112,IND,3155942,31
401161112,IND,2982334,31
401161112,IND,3133628,26
401161112,IND,6603,30
401161112,IND,3922230,30
401161112,IND,2284101,30
401161112,IND,2528588,21
401161112,IND,4348700,4
401161112,IND,3136485,18
401161112,IND,2530530,18
401161112,IND,4066425,0
401161112,IND,4067045,0
401161112,IND,2608891,0
401161112,MIA,6430,33
401161112,MIA,3157465,28
401161112,MIA,6605,19
401161112,MIA,4066261,36
401161112,MIA,3056247,28
401161112,MIA,2489663,17
401161112,MIA,3936099,27
401161112,MIA,3423,29
401161112,MIA,4395725,22
401161112,MIA,2184,0
401161112,MIA,3999,0
401161112,MIA,3923253,0
401161112,MIA,6628,0
401161113,PHX,3032978,22
401161113,PHX,2968439,28
401161113,PHX,4011,30
401161113,PHX,3133603,23
401161113,PHX,3136193,38
401161113,PHX,2579294,18
401161113,PHX,3138196,33
401161113,PHX,2530276,9
401161113,PHX,3133635,19
401161113,PHX,3147657,20
401161113,PHX,3919335,0
401161113,PHX,4065733,0
401161113,PHX,4230550,0
401161113,GS,6589,32
401161113,GS,2991039,35
401161113,GS,2991282,25
401161113,GS,2595209,36
401161113,GS,3136776,35
401161113,GS,4401415,5
401161113,GS,3907487,13
401161113,GS,6429,25
401161113,GS,3934621,12
401161113,GS,4065635,21
401161113,GS,4065836,0
401161113,GS,4277956,0
401161114,MEM,6581,27
401161114,MEM,3155526,29
401161114,MEM,4277961,30
401161114,MEM,6477,24
401161114,MEM,4279888,30
401161114,MEM,2993874,13
401161114,MEM,3113297,2
401161114,MEM,3906665,23
401161114,MEM,2488958,18
401161114,MEM,3135045,14
401161114,MEM,3135046,18
401161114,MEM,4066436,13
401161114,MEM,4230554,0
401161114,DEN,2488653,20
401161114,DEN,3112335,33
401161114,DEN,6579,36
401161114,DEN,2999547,37
401161114,DEN,3936299,36
401161114,DEN,4017839,11
401161114,DEN,2991070,32
401161114,DEN,4278104,19
401161114,DEN,3059310,15
401161114,DEN,3907822,2
401161114,DEN,4278077,0
401161114,DEN,2528693,0
401161114,DEN,4230557,0
401161115,TOR,3439,30
401161115,TOR,3934719,15
401161115,TOR,3137730,43
401161115,TOR,3012,39
401161115,TOR,2991230,37
401161115,TOR,2580980,2
401161115,TOR,3948153,16
401161115,TOR,3064291,19
401161115,TOR,3134881,2
401161115,TOR,4278031,15
401161115,TOR,3919454,22
401161115,BOS,4065648,36
401161115,BOS,4249,35
401161115,BOS,2451037,18
401161115,BOS,6479,39
401161115,BOS,3917376,37
401161115,BOS,4066218,13
401161115,BOS,6447,17
401161115,BOS,6507,14
401161115,BOS,4066407,2
401161115,BOS,4397008,4
401161115,BOS,2596112,2
401161115,BOS,2990992,23
401161115,BOS,3056602,0
401161116,IND,3155942,31
401161116,IND,2982334,29
401161116,IND,3133628,23
401161116,IND,6603,27
401161116,IND,3922230,33
401161116,IND,4066425,4
401161116,IND,2284101,27
401161116,IND,2528588,21
401161116,IND,4067045,4
401161116,IND,4348700,8
401161116,IND,3136485,8
401161116,IND,2530530,25
401161116,IND,2608891,0
401161116,NO,4257,27
401161116,NO,3913176,34
401161116,NO,3024,25
401161116,NO,3995,29
401161116,NO,4066421,30
401161116,NO,4341,4
401161116,NO,4397077,21
401161116,NO,6460,20
401161116,NO,3062679,26
401161116,NO,3133626,11
401161116,NO,4065651,9
401161116,NO,4278039,4
401161116,NO,3135048,0
401161117,PHI,6440,36
401161117,PHI,3213,27
401161117,PHI,3059318,36
401161117,PHI,2581190,40
401161117,PHI,3907387,43
401161117,PHI,6622,20
401161117,PHI,2579321,20
401161117,PHI,2579260,22
401161117,PHI,3929325,19
401161117,PHI,2608892,0
401161117,PHI,6615,0
401161117,PHI,2968361,0
401161117,PHI,3915195,0
401161117,MIA,6430,42
401161117,MIA,3157465,19
401161117,MIA,6605,30
401161117,MIA,4066261,40
401161117,MIA,3056247,22
401161117,MIA,2489663,7
401161117,MIA,3936099,37
401161117,MIA,3423,35
401161117,MIA,4395725,34
401161117,MIA,2184,0
401161117,MIA,3999,0
401161117,MIA,3923253,0
401161117,MIA,6628,0
401161118,NY,3986,13
401161118,NY,6462,23
401161118,NY,3064514,39
401161118,NY,4395625,31
401161118,NY,2583639,31
401161118,NY,3064482,21
401161118,NY,4278075,19
401161118,NY,4351852,13
401161118,NY,4230547,17
401161118,NY,2991149,26
401161118,NY,3907525,7
401161118,NY,3981,0
401161118,NY,3134880,0
401161118,WSH,3064528,14
401161118,WSH,4278508,38
401161118,WSH,2774,28
401161118,WSH,6472,29
401161118,WSH,3134903,30
401161118,WSH,3918423,2
401161118,WSH,3893059,19
401161118,WSH,4305,21
401161118,WSH,2531797,29
401161118,WSH,3913180,9
401161118,WSH,4348697,20
401161118,WSH,3945566,0
401161119,ATL,3908845,33
401161119,ATL,4065732,30
401161119,ATL,4277952,14
401161119,ATL,4395627,28
401161119,ATL,4066372,30
401161119,ATL,2596107,20
401161119,ATL,3064559,11
401161119,ATL,3062667,22
401161119,ATL,136,12
401161119,ATL,4239,4
401161119,ATL,2531210,23
401161119,ATL,3057198,12
401161119,ATL,6466,0
401161119,CHI,4066336,22
401161119,CHI,4277847,26
401161119,CHI,6621,30
401161119,CHI,2991139,30
401161119,CHI,3064440,30
401161119,CHI,3244,23
401161119,CHI,4278049,17
401161119,CHI,3064560,5
401161119,CHI,4349241,3
401161119,CHI,2991047,6
401161119,CHI,2991274,5
401161119,CHI,2999549,17
401161119,CHI,4395651,26
401161120,BKN,2990962,28
401161120,BKN,2528794,32
401161120,BKN,4066328,27
401161120,BKN,2580782,33
401161120,BKN,4023,28
401161120,BKN,3194,20
401161120,BKN,4230548,16
401161120,BKN,3442,21
401161120,BKN,3893019,25
401161120,BKN,3138154,10
401161120,BKN,3906522,0
401161120,BKN,4348696,0
401161120,HOU,3033,37
401161120,HOU,2991155,41
401161120,HOU,984,14
401161120,HOU,3468,38
401161120,HOU,3992,39
401161120,HOU,4222252,24
401161120,HOU,6617,22
401161120,HOU,2578213,25
401161120,HOU,3028,0
401161120,HOU,3132042,0
401161120,HOU,3906603,0
401161121,CLE,2580365,31
401161121,CLE,3893016,27
401161121,CLE,6474,35
401161121,CLE,4277811,34
401161121,CLE,4396907,29
401161121,CLE,6592,13
401161121,CLE,2530923,12
401161121,CLE,2489716,13
401161121,CLE,3102528,16
401161121,CLE,4397140,30
401161121,CLE,4017838,0
401161121,CLE,6448,0
401161121,MIN,2490620,35
401161121,MIN,2595231,25
401161121,MIN,2534781,23
401161121,MIN,2530780,23
401161121,MIN,4277928,24
401161121,MIN,3078284,24
401161121,MIN,3136779,11
401161121,MIN,4015,27
401161121,MIN,3133596,30
401161121,MIN,4065663,20
401161121,MIN,3059319,0
401161121,MIN,3064427,0
401161122,ORL,3064290,21
401161122,ORL,4065654,30
401161122,ORL,6478,32
401161122,ORL,6588,32
401161122,ORL,4066636,30
401161122,ORL,2982249,2
401161122,ORL,3074797,18
401161122,ORL,2578240,16
401161122,ORL,4064727,2
401161122,ORL,3415,28
401161122,ORL,6619,27
401161122,ORL,3913546,2
401161122,MIL,2767,27
401161122,MIL,6609,33
401161122,MIL,3448,27
401161122,MIL,4032,21
401161122,MIL,3934673,26
401161122,MIL,3102533,1
401161122,MIL,3136491,8
401161122,MIL,3057187,7
401161122,MIL,3447,23
401161122,MIL,3438,21
401161122,MIL,2011,23
401161122,MIL,2578239,23
401161122,MIL,4011991,0
401161123,DET,3989,29
401161123,DET,2528353,19
401161123,DET,6585,37
401161123,DET,2488945,22
401161123,DET,3133602,14
401161123,DET,3058254,23
401161123,DET,4017843,5
401161123,DET,4397103,3
401161123,DET,3456,27
401161123,DET,2530572,27
401161123,DET,4065670,33
401161123,SA,3136196,20
401161123,SA,2983,30
401161123,SA,2994526,30
401161123,SA,3978,32
401161123,SA,3907497,28
401161123,SA,3914285,3
401161123,SA,3005,20
401161123,SA,3134908,23
401161123,SA,4004,15
401161123,SA,3190,3
401161123,SA,3078576,20
401161123,SA,4277890,16
401161123,SA,3970,0
401161124,DAL,2531367,24
401161124,DAL,2578185,29
401161124,DAL,3102531,26
401161124,DAL,2528210,23
401161124,DAL,3945274,30
401161124,DAL,2960236,21
401161124,DAL,3138156,21
401161124,DAL,4376,2
401161124,DAL,2326307,25
401161124,DAL,2489693,5
401161124,DAL,3064447,22
401161124,DAL,3934672,12
401161124,DAL,3055,0
401161124,GS,6589,27
401161124,GS,2991039,29
401161124,GS,2991282,19
401161124,GS,2595209,33
401161124,GS,3136776,30
401161124,GS,4401415,20
401161124,GS,3907487,17
401161124,GS,6429,26
401161124,GS,3934621,16
401161124,GS,4065635,23
401161124,GS,3133817,0
401161125,PHX,3032978,21
401161125,PHX,2968439,30
401161125,PHX,4011,33
401161125,PHX,3133603,41
401161125,PHX,3136193,41
401161125,PHX,2579294,7
401161125,PHX,3138196,14
401161125,PHX,3919335,12
401161125,PHX,3133635,5
401161125,PHX,3147657,25
401161125,PHX,4230550,12
401161125,PHX,2530276,0
401161125,PHX,4065733,0
401161125,SAC,4269,30
401161125,SAC,6578,39
401161125,SAC,2993370,36
401161125,SAC,6446,32
401161125,SAC,2990984,37
401161125,SAC,4066264,3
401161125,SAC,2991018,22
401161125,SAC,3037789,32
401161125,SAC,3914058,9
401161125,SAC,4065649,0
401161125,SAC,3906671,0
401161125,SAC,2426,0
401161125,SAC,2580913,0
401161126,LAL,1966,37
401161126,LAL,3988,19
401161126,LAL,6583,36
401161126,LAL,3452,11
401161126,LAL,4240,18
401161126,LAL,3134907,30
401161126,LAL,3201,1
401161126,LAL,2384,19
401161126,LAL,3026,18
401161126,LAL,2581018,32
401161126,LAL,2991350,20
401161126,LAL,2566745,0
401161126,LAL,2489530,0
401161126,POR,1975,33
401161126,POR,4262,34
401161126,POR,3936296,3
401161126,POR,6606,39
401161126,POR,2490149,38
401161126,POR,3276,18
401161126,POR,6637,28
401161126,POR,4395652,11
401161126,POR,4277843,9
401161126,POR,4351851,27
401161126,POR,2995706,0
401161126,POR,2581177,0
401161127,UTAH,2583632,34
401161127,UTAH,2968436,34
401161127,UTAH,3593,34
401161127,UTAH,3032976,36
401161127,UTAH,3908809,36
401161127,UTAH,2990969,14
401161127,UTAH,4065673,12
401161127,UTAH,2528426,25
401161127,UTAH,3892818,16
401161127,UTAH,3934721,0
401161127,UTAH,4259,0
401161127,UTAH,3908819,0
401161127,LAC,4251,37
401161127,LAC,6450,36
401161127,LAC,6591,17
401161127,LAC,4017837,28
401161127,LAC,3964,23
401161127,LAC,4264,8
401161127,LAC,2327577,20
401161127,LAC,2799,33
401161127,LAC,3943606,1
401161127,LAC,2488826,12
401161127,LAC,3056273,1
401161127,LAC,3914044,26
401161127,LAC,3059306,0
401161128,OKC,4423545,30
401161128,OKC,4230546,36
401161128,OKC,2991235,29
401161128,OKC,2779,34
401161128,OKC,4278073,39
401161128,OKC,2595435,22
401161128,OKC,3059358,8
401161128,OKC,3143565,7
401161128,OKC,2991280,19
401161128,OKC,4397020,17
401161128,OKC,2490089,0
401161128,TOR,3439,34
401161128,TOR,3934719,26
401161128,TOR,3137730,37
401161128,TOR,3012,39
401161128,TOR,2991230,38
401161128,TOR,3948153,19
401161128,TOR,3064291,3
401161128,TOR,4278031,18
401161128,TOR,3919454,27
401161128,TOR,2580980,0
401161128,TOR,3134881,0
401161128,TOR,4065834,0
401161129,CHA,4066383,26
401161129,CHA,4278078,28
401161129,CHA,6427,21
401161129,CHA,3133601,35
401161129,CHA,3074752,37
401161129,CHA,2797,23
401161129,CHA,6601,5
401161129,CHA,3138161,15
401161129,CHA,2579258,19
401161129,CHA,2999409,2
401161129,CHA,3907821,2
401161129,CHA,4066262,26
401161129,CHA,3416,0
401161129,MEM,2993874,22
401161129,MEM,3155526,23
401161129,MEM,4277961,25
401161129,MEM,6477,23
401161129,MEM,4279888,28
401161129,MEM,3113297,1
401161129,MEM,3906665,25
401161129,MEM,2488958,21
401161129,MEM,3134932,1
401161129,MEM,3135045,26
401161129,MEM,3135046,20
401161129,MEM,4066436,23
401161129,MEM,4230554,0
401161130,HOU,3033,33
401161130,HOU,2991155,32
401161130,HOU,4222252,34
401161130,HOU,6617,29
401161130,HOU,3431,22
401161130,HOU,3132042,25
401161130,HOU,2578213,30
401161130,HOU,3906603,34
401161130,HOU,3028,0
401161130,HOU,984,0
401161130,HOU,3992,0
401161130,NO,4257,35
401161130,NO,3913176,36
401161130,NO,3024,19
401161130,NO,3995,35
401161130,NO,4066421,40
401161130,NO,3135048,5
401161130,NO,4397077,3
401161130,NO,6460,25
401161130,NO,3062679,26
401161130,NO,3133626,10
401161130,NO,4065651,5
401161130,NO,4341,0
401161130,NO,4278039,0
401161131,SAC,4269,33
401161131,SAC,6578,29
401161131,SAC,2993370,31
401161131,SAC,2990984,36
401161131,SAC,4066259,33
401161131,SAC,4065649,17
401161131,SAC,2426,17
401161131,SAC,6446,18
401161131,SAC,3037789,27
401161131,SAC,4066264,0
401161131,SAC,2580913,0
401161131,SAC,2991018,0
401161131,SAC,3914058,0
401161131,DEN,2991070,33
401161131,DEN,4278104,26
401161131,DEN,3112335,27
401161131,DEN,6579,30
401161131,DEN,3936299,33
401161131,DEN,4017839,20
401161131,DEN,2528693,8
401161131,DEN,2488653,22
401161131,DEN,3059310,17
401161131,DEN,3907822,24
401161131,DEN,4278077,0
401161131,DEN,4230557,0
401161131,DEN,2999547,0
401161132,DAL,2531367,32
401161132,DAL,2578185,32
401161132,DAL,3102531,30
401161132,DAL,2528210,7
401161132,DAL,3945274,30
401161132,DAL,2960236,15
401161132,DAL,3138156,21
401161132,DAL,4376,3
401161132,DAL,3055,13
401161132,DAL,2326307,23
401161132,DAL,2489693,8
401161132,DAL,3064447,19
401161132,DAL,3934672,6
401161132,LAL,1966,34
401161132,LAL,3988,22
401161132,LAL,6583,36
401161132,LAL,3452,16
401161132,LAL,4240,23
401161132,LAL,3134907,26
401161132,LAL,3201,1
401161132,LAL,2384,19
401161132,LAL,3026,18
401161132,LAL,2566745,1
401161132,LAL,2489530,1
401161132,LAL,2581018,25
401161132,LAL,2991350,16
401161133,ATL,3908845,32
401161133,ATL,4065732,35
401161133,ATL,4277952,14
401161133,ATL,4395627,26
401161133,ATL,4066372,32
401161133,ATL,2596107,24
401161133,ATL,3064559,5
401161133,ATL,3062667,19
401161133,ATL,136,21
401161133,ATL,2531210,10
401161133,ATL,3057198,22
401161133,ATL,4239,0
401161133,ATL,4066508,0
401161133,ORL,3074797,25
401161133,ORL,4065654,33
401161133,ORL,6478,35
401161133,ORL,6588,37
401161133,ORL,4066636,31
401161133,ORL,2982249,6
401161133,ORL,4277919,13
401161133,ORL,3415,29
401161133,ORL,6619,28
401161133,ORL,3913546,4
401161133,ORL,2578240,0
401161133,ORL,4064727,0
401161134,MIA,6430,37
401161134,MIA,3157465,31
401161134,MIA,6605,24
401161134,MIA,4066261,36
401161134,MIA,3056247,34
401161134,MIA,2489663,3
401161134,MIA,3923253,2
401161134,MIA,3936099,31
401161134,MIA,3423,23
401161134,MIA,4395725,20
401161134,MIA,2184,0
401161134,MIA,3999,0
401161134,MIA,6628,0
401161134,WSH,3064528,18
401161134,WSH,4278508,28
401161134,WSH,2774,28
401161134,WSH,6472,22
401161134,WSH,3134903,14
401161134,WSH,3918423,1
401161134,WSH,3893059,18
401161134,WSH,4305,31
401161134,WSH,2531797,35
401161134,WSH,3913180,29
401161134,WSH,4348697,16
401161134,WSH,3945566,0
401161135,MIL,6609,32
401161135,MIL,3032977,27
401161135,MIL,3448,27
401161135,MIL,4238,16
401161135,MIL,3934673,25
401161135,MIL,2767,19
401161135,MIL,3102533,3
401161135,MIL,3136491,3
401161135,MIL,3447,20
401161135,MIL,3438,20
401161135,MIL,2011,22
401161135,MIL,2578239,26
401161135,MIL,3057187,0
401161135,CHI,4066336,27
401161135,CHI,4277847,28
401161135,CHI,6621,26
401161135,CHI,2991139,19
401161135,CHI,3064440,33
401161135,CHI,3244,18
401161135,CHI,4278049,17
401161135,CHI,3064560,3
401161135,CHI,4349241,3
401161135,CHI,2991047,14
401161135,CHI,2991274,3
401161135,CHI,2999549,16
401161135,CHI,4395651,33
401161136,BKN,2990962,35
401161136,BKN,2528794,41
401161136,BKN,4066328,26
401161136,BKN,2580782,40
401161136,BKN,4023,41
401161136,BKN,3194,25
401161136,BKN,4230548,12
401161136,BKN,3442,25
401161136,BKN,3893019,20
401161136,BKN,3906522,0
401161136,BKN,4348696,0
401161136,BKN,3138154,0
401161136,MIN,2490620,35
401161136,MIN,2534781,33
401161136,MIN,3133596,35
401161136,MIN,2530780,34
401161136,MIN,4277928,38
401161136,MIN,3064427,4
401161136,MIN,3136779,27
401161136,MIN,4396971,20
401161136,MIN,4015,20
401161136,MIN,4065663,18
401161136,MIN,3078284,0
401161136,MIN,2595231,0
401161137,DET,2528353,28
401161137,DET,6585,37
401161137,DET,2488945,17
401161137,DET,3133602,32
401161137,DET,4065670,37
401161137,DET,3058254,28
401161137,DET,4017843,12
401161137,DET,4397103,2
401161137,DET,4423314,2
401161137,DET,3456,26
401161137,DET,2530572,19
401161137,DET,3989,0
401161137,UTAH,2583632,25
401161137,UTAH,2968436,30
401161137,UTAH,3593,35
401161137,UTAH,3032976,35
401161137,UTAH,3908809,32
401161137,UTAH,2990969,14
401161137,UTAH,3934721,7
401161137,UTAH,4065673,13
401161137,UTAH,2528426,27
401161137,UTAH,3064457,2
401161137,UTAH,3892818,19
401161137,UTAH,3908819,2
401161137,UTAH,4259,0
401161138,PHX,3032978,17
401161138,PHX,2968439,27
401161138,PHX,4011,35
401161138,PHX,3133603,40
401161138,PHX,3136193,38
401161138,PHX,3138196,18
401161138,PHX,4278129,20
401161138,PHX,3133635,9
401161138,PHX,3147657,31
401161138,PHX,4230550,5
401161138,PHX,2579294,0
401161138,PHX,3919335,0
401161138,PHX,2530276,0
401161138,POR,1975,37
401161138,POR,6637,22
401161138,POR,4262,37
401161138,POR,6606,38
401161138,POR,2490149,38
401161138,POR,3276,9
401161138,POR,4395652,11
401161138,POR,4397126,1
401161138,POR,4277843,22
401161138,POR,4351851,25
401161138,POR,2995706,0
401161138,POR,3936296,0
401161139,BOS,4065648,36
401161139,BOS,4249,35
401161139,BOS,2451037,23
401161139,BOS,6479,31
401161139,BOS,2990992,30
401161139,BOS,3056602,21
401161139,BOS,4066218,9
401161139,BOS,6447,23
401161139,BOS,6507,21
401161139,BOS,4397008,2
401161139,BOS,2596112,9
401161139,CHA,4066383,32
401161139,CHA,4278078,36
401161139,CHA,6427,16
401161139,CHA,3133601,38
401161139,CHA,3074752,34
401161139,CHA,2797,13
401161139,CHA,3138161,18
401161139,CHA,2579258,18
401161139,CHA,2999409,2
401161139,CHA,3907821,18
401161139,CHA,4066262,15
401161139,CHA,3416,0
401161139,CHA,6601,0
401161140,PHI,6440,24
401161140,PHI,3213,29
401161140,PHI,6615,26
401161140,PHI,2581190,30
401161140,PHI,3907387,32
401161140,PHI,6622,15
401161140,PHI,2608892,12
401161140,PHI,2579321,21
401161140,PHI,2579260,15
401161140,PHI,2968361,6
401161140,PHI,3915195,16
401161140,PHI,3929325,14
401161140,IND,3155942,30
401161140,IND,2982334,30
401161140,IND,3133628,24
401161140,IND,6603,23
401161140,IND,2566769,8
401161140,IND,4066425,5
401161140,IND,2284101,29
401161140,IND,2528588,23
401161140,IND,4348700,8
401161140,IND,3136485,2
401161140,IND,2530530,27
401161140,IND,3922230,31
401161140,IND,2608891,0
401161141,LAC,4251,40
401161141,LAC,6450,38
401161141,LAC,6591,22
401161141,LAC,4017837,23
401161141,LAC,3914044,25
401161141,LAC,2327577,25
401161141,LAC,3059306,1
401161141,LAC,2991055,24
401161141,LAC,3943606,5
401161141,LAC,2488826,17
401161141,LAC,3056273,19
401161141,LAC,4066387,1
401161141,LAC,4264,0
401161141,SAC,4269,28
401161141,SAC,6578,32
401161141,SAC,2993370,31
401161141,SAC,2990984,37
401161141,SAC,4066259,32
401161141,SAC,4065649,17
401161141,SAC,4066264,1
401161141,SAC,2426,23
401161141,SAC,6446,14
401161141,SAC,2991018,1
401161141,SAC,3037789,24
401161141,SAC,3914058,1
401161141,SAC,2580913,0
401161142,CLE,3449,30
401161142,CLE,3893016,25
401161142,CLE,6474,32
401161142,CLE,4277811,32
401161142,CLE,4396907,34
401161142,CLE,6592,6
401161142,CLE,2580365,20
401161142,CLE,4017838,3
401161142,CLE,2489716,15
401161142,CLE,3102528,15
401161142,CLE,4397140,28
401161142,CLE,2530923,0
401161142,CLE,6448,0
401161142,TOR,3439,33
401161142,TOR,3064291,28
401161142,TOR,3137730,22
401161142,TOR,3012,36
401161142,TOR,2991230,30
401161142,TOR,2580980,2
401161142,TOR,3934719,30
401161142,TOR,3948153,16
401161142,TOR,3134881,2
401161142,TOR,4278031,15
401161142,TOR,4065834,2
401161142,TOR,3919454,25
401161143,DEN,3015,27
401161143,DEN,2528693,21
401161143,DEN,3112335,32
401161143,DEN,6579,37
401161143,DEN,3936299,30
401161143,DEN,4017839,4
401161143,DEN,2991070,18
401161143,DEN,4278077,4
401161143,DEN,4278104,11
401161143,DEN,4230557,2
401161143,DEN,2488653,12
401161143,DEN,3059310,23
401161143,DEN,3907822,20
401161143,HOU,3033,34
401161143,HOU,2991155,31
401161143,HOU,3102529,30
401161143,HOU,3468,34
401161143,HOU,3992,34
401161143,HOU,3132042,3
401161143,HOU,4222252,18
401161143,HOU,6617,10
401161143,HOU,2578213,18
401161143,HOU,3431,26
401161143,HOU,3906603,3
401161143,HOU,3028,0
401161143,HOU,984,0
401161144,GS,6589,36
401161144,GS,2991039,40
401161144,GS,3907487,34
401161144,GS,6429,38
401161144,GS,2595209,40
401161144,GS,4401415,10
401161144,GS,3133817,18
401161144,GS,4065836,12
401161144,GS,3934621,17
401161144,GS,4065635,21
401161144,GS,3136776,0
401161144,SA,3136196,15
401161144,SA,2983,38
401161144,SA,2994526,31
401161144,SA,3978,38
401161144,SA,3907497,27
401161144,SA,3005,19
401161144,SA,3134908,15
401161144,SA,4004,33
401161144,SA,3190,12
401161144,SA,3078576,26
401161144,SA,4277890,11
401161144,SA,3914283,0
401161144,SA,3970,0
401161145,DAL,2531367,29
401161145,DAL,2578185,31
401161145,DAL,2960236,35
401161145,DAL,3934672,23
401161145,DAL,3945274,40
401161145,DAL,3138156,17
401161145,DAL,4376,11
401161145,DAL,2326307,26
401161145,DAL,3064447,26
401161145,DAL,3055,0
401161145,DAL,3445,0
401161145,OKC,3428,31
401161145,OKC,4230546,18
401161145,OKC,2991235,25
401161145,OKC,2779,36
401161145,OKC,4278073,35
401161145,OKC,2595435,8
401161145,OKC,3059358,2
401161145,OKC,4423545,12
401161145,OKC,2991280,23
401161145,OKC,3032979,31
401161145,OKC,4080610,19
401161145,OKC,2490089,0
401161146,ORL,3074797,22
401161146,ORL,4065654,2
401161146,ORL,6478,31
401161146,ORL,6588,38
401161146,ORL,4066636,22
401161146,ORL,2982249,13
401161146,ORL,2578240,26
401161146,ORL,4277919,15
401161146,ORL,4064727,2
401161146,ORL,3415,31
401161146,ORL,6619,24
401161146,ORL,3913546,13
401161146,WSH,3064528,12
401161146,WSH,2774,20
401161146,WSH,6472,19
401161146,WSH,6580,30
401161146,WSH,3134903,10
401161146,WSH,3945566,4
401161146,WSH,4278508,28
401161146,WSH,3918423,4
401161146,WSH,3893059,24
401161146,WSH,4305,28
401161146,WSH,2531797,31
401161146,WSH,3913180,17
401161146,WSH,4348697,13
401161147,POR,1975,31
401161147,POR,6637,29
401161147,POR,4262,33
401161147,POR,6606,35
401161147,POR,2490149,32
401161147,POR,3276,23
401161147,POR,4395652,11
401161147,POR,4397126,5
401161147,POR,4277843,14
401161147,POR,4351851,26
401161147,POR,2995706,0
401161147,POR,3102530,0
401161147,NY,3986,10
401161147,NY,6462,33
401161147,NY,3064514,30
401161147,NY,4395625,25
401161147,NY,2583639,25
401161147,NY,3064482,21
401161147,NY,4278075,17
401161147,NY,2528779,15
401161147,NY,4351852,27
401161147,NY,4230547,23
401161147,NY,2991149,13
401161147,NY,3981,0
401161147,NY,3907525,0
401161148,MIN,2490620,33
401161148,MIN,2534781,24
401161148,MIN,3133596,24
401161148,MIN,2530780,31
401161148,MIN,4277928,33
401161148,MIN,3064427,14
401161148,MIN,3136779,21
401161148,MIN,4396971,18
401161148,MIN,4065663,26
401161148,MIN,4278541,16
401161148,MIN,3078284,0
401161148,MIN,2595231,0
401161148,MIN,4015,0
401161148,MIL,6609,33
401161148,MIL,3032977,31
401161148,MIL,3448,31
401161148,MIL,4238,20
401161148,MIL,3934673,24
401161148,MIL,2767,17
401161148,MIL,3447,17
401161148,MIL,3438,23
401161148,MIL,2011,18
401161148,MIL,2578239,26
401161148,MIL,3102533,0
401161148,MIL,3136491,0
401161148,MIL,3057187,0
401161149,PHX,3032978,14
401161149,PHX,2968439,21
401161149,PHX,4011,26
401161149,PHX,3133603,36
401161149,PHX,3136193,37
401161149,PHX,3138196,14
401161149,PHX,3919335,5
401161149,PHX,4278129,32
401161149,PHX,2530276,15
401161149,PHX,3133635,4
401161149,PHX,3147657,25
401161149,PHX,4230550,11
401161149,PHX,4065733,0
401161149,LAL,1966,38
401161149,LAL,3988,23
401161149,LAL,6583,38
401161149,LAL,3452,19
401161149,LAL,4240,30
401161149,LAL,3134907,27
401161149,LAL,2384,16
401161149,LAL,3026,15
401161149,LAL,2489530,4
401161149,LAL,2581018,25
401161149,LAL,2991350,4
401161149,LAL,3201,0
401161149,LAL,2566745,0
401161150,CHA,4066383,23
401161150,CHA,4278078,35
401161150,CHA,6427,24
401161150,CHA,3133601,41
401161150,CHA,3074752,39
401161150,CHA,2797,14
401161150,CHA,2579258,20
401161150,CHA,3907821,28
401161150,CHA,4066262,16
401161150,CHA,3416,0
401161150,CHA,6601,0
401161150,CHA,3138161,0
401161150,CHA,2999409,0
401161150,CLE,3449,31
401161150,CLE,3893016,26
401161150,CLE,6474,31
401161150,CLE,4277811,37
401161150,CLE,4396907,34
401161150,CLE,6592,15
401161150,CLE,2580365,19
401161150,CLE,2489716,11
401161150,CLE,3102528,12
401161150,CLE,4397140,24
401161150,CLE,2530923,0
401161150,CLE,4017838,0
401161150,CLE,6448,0
401161151,DEN,3015,27
401161151,DEN,3112335,24
401161151,DEN,6579,33
401161151,DEN,2999547,37
401161151,DEN,3936299,38
401161151,DEN,2991070,21
401161151,DEN,4278104,23
401161151,DEN,2488653,24
401161151,DEN,3059310,14
401161151,DEN,4017839,0
401161151,DEN,4278077,0
401161151,DEN,2528693,0
401161151,DEN,3907822,0
401161151,IND,3155942,38
401161151,IND,2982334,38
401161151,IND,3133628,35
401161151,IND,6603,37
401161151,IND,3922230,22
401161151,IND,2284101,22
401161151,IND,2528588,13
401161151,IND,4348700,9
401161151,IND,2530530,26
401161151,IND,4066425,0
401161151,IND,4067045,0
401161151,IND,2608891,0
401161152,TOR,3439,35
401161152,TOR,3934719,37
401161152,TOR,3137730,28
401161152,TOR,3012,40
401161152,TOR,2991230,39
401161152,TOR,3948153,13
401161152,TOR,3064291,29
401161152,TOR,3134881,6
401161152,TOR,3919454,13
401161152,TOR,2580980,0
401161152,TOR,4278031,0
401161152,TOR,3059311,0
401161152,MIA,6430,34
401161152,MIA,3157465,19
401161152,MIA,6605,21
401161152,MIA,4066261,35
401161152,MIA,3056247,38
401161152,MIA,2489663,3
401161152,MIA,3923253,5
401161152,MIA,3936099,28
401161152,MIA,3423,22
401161152,MIA,4395725,33
401161152,MIA,2184,0
401161152,MIA,3999,0
401161152,MIA,6628,0
401161153,UTAH,2583632,29
401161153,UTAH,2968436,34
401161153,UTAH,3593,34
401161153,UTAH,3032976,35
401161153,UTAH,3908809,38
401161153,UTAH,2990969,17
401161153,UTAH,4065673,13
401161153,UTAH,2528426,23
401161153,UTAH,3892818,17
401161153,UTAH,3934721,0
401161153,UTAH,4259,0
401161153,UTAH,3908819,0
401161153,CHI,4066336,32
401161153,CHI,4277847,36
401161153,CHI,6621,34
401161153,CHI,2991139,31
401161153,CHI,3064440,39
401161153,CHI,3244,16
401161153,CHI,4278049,12
401161153,CHI,2991274,11
401161153,CHI,2999549,6
401161153,CHI,4395651,24
401161153,CHI,3064560,0
401161153,CHI,4349241,0
401161153,CHI,2991047,0
401161154,GS,6589,22
401161154,GS,2991039,31
401161154,GS,3907487,22
401161154,GS,6429,22
401161154,GS,2595209,27
401161154,GS,4401415,16
401161154,GS,3133817,26
401161154,GS,4065836,22
401161154,GS,3934621,23
401161154,GS,4065635,27
401161154,GS,3136776,0
401161154,MIN,2490620,30
401161154,MIN,2534781,28
401161154,MIN,3133596,29
401161154,MIN,2530780,33
401161154,MIN,4277928,32
401161154,MIN,3064427,5
401161154,MIN,3136779,20
401161154,MIN,4396971,20
401161154,MIN,3134916,15
401161154,MIN,4065663,21
401161154,MIN,4278541,6
401161154,MIN,3078284,0
401161154,MIN,4015,0
401161155,BKN,2990962,28
401161155,BKN,2528794,31
401161155,BKN,4230548,18
401161155,BKN,3442,22
401161155,BKN,2580782,23
401161155,BKN,3906522,1
401161155,BKN,3194,24
401161155,BKN,4348696,17
401161155,BKN,4066328,25
401161155,BKN,3893019,26
401161155,BKN,3138154,25
401161155,DAL,2531367,23
401161155,DAL,2578185,28
401161155,DAL,3138156,26
401161155,DAL,3055,21
401161155,DAL,3945274,34
401161155,DAL,2960236,31
401161155,DAL,4376,13
401161155,DAL,3445,3
401161155,DAL,2326307,31
401161155,DAL,3064447,19
401161155,DAL,3912278,1
401161155,DAL,3934672,11
401161156,OKC,3428,30
401161156,OKC,4230546,29
401161156,OKC,2991235,30
401161156,OKC,2779,32
401161156,OKC,4278073,36
401161156,OKC,2595435,3
401161156,OKC,4423545,12
401161156,OKC,2991280,18
401161156,OKC,3032979,33
401161156,OKC,4080610,17
401161156,OKC,3059358,0
401161156,OKC,2490089,0
401161156,SA,3136196,10
401161156,SA,2983,33
401161156,SA,2994526,29
401161156,SA,3978,39
401161156,SA,3907497,24
401161156,SA,3005,21
401161156,SA,3134908,15
401161156,SA,4004,21
401161156,SA,3078576,26
401161156,SA,4277890,21
401161156,SA,3914283,0
401161156,SA,3970,0
401161156,SA,3190,0
401161157,MEM,6581,31
401161157,MEM,3155526,28
401161157,MEM,4277961,32
401161157,MEM,6477,29
401161157,MEM,4279888,33
401161157,MEM,2993874,9
401161157,MEM,3906665,20
401161157,MEM,2488958,15
401161157,MEM,3135045,7
401161157,MEM,3135046,15
401161157,MEM,4066436,22
401161157,MEM,3113297,0
401161157,MEM,4230554,0
401161157,SAC,4269,28
401161157,SAC,6578,36
401161157,SAC,2993370,34
401161157,SAC,2990984,34
401161157,SAC,4066259,30
401161157,SAC,4065649,12
401161157,SAC,2426,25
401161157,SAC,6446,18
401161157,SAC,3037789,23
401161157,SAC,3914058,0
401161157,SAC,3906671,0
401161157,SAC,4066264,0
401161157,SAC,2991018,0
401161158,DET,2528353,25
401161158,DET,4423314,27
401161158,DET,6585,27
401161158,DET,2488945,12
401161158,DET,3133602,29
401161158,DET,3058254,25
401161158,DET,4017843,15
401161158,DET,4397103,2
401161158,DET,3456,27
401161158,DET,2530572,22
401161158,DET,4065670,30
401161158,DET,3989,0
401161158,LAC,4251,16
401161158,LAC,6450,25
401161158,LAC,6591,25
401161158,LAC,4017837,18
401161158,LAC,3914044,28
401161158,LAC,2327577,26
401161158,LAC,3059306,1
401161158,LAC,2991055,28
401161158,LAC,2799,30
401161158,LAC,3943606,17
401161158,LAC,2488826,14
401161158,LAC,3056273,13
401161158,LAC,4264,0
401161159,ATL,3908845,22
401161159,ATL,4065732,27
401161159,ATL,4395627,24
401161159,ATL,4066372,39
401161159,ATL,4277905,37
401161159,ATL,3056600,15
401161159,ATL,4277952,3
401161159,ATL,2596107,22
401161159,ATL,3062667,13
401161159,ATL,2531210,24
401161159,ATL,3057198,13
401161159,ATL,3064559,0
401161159,ATL,136,0
401161159,BOS,4065648,37
401161159,BOS,4249,37
401161159,BOS,2451037,24
401161159,BOS,2990992,36
401161159,BOS,3917376,35
401161159,BOS,4066218,16
401161159,BOS,6447,24
401161159,BOS,6507,23
401161159,BOS,4397008,4
401161159,BOS,4278080,4
401161159,BOS,3056602,0
401161159,BOS,2596112,0
401161160,MIA,6430,35
401161160,MIA,3157465,31
401161160,MIA,6605,27
401161160,MIA,4066261,35
401161160,MIA,3056247,23
401161160,MIA,2489663,12
401161160,MIA,3923253,1
401161160,MIA,3936099,32
401161160,MIA,3423,21
401161160,MIA,4395725,25
401161160,MIA,2184,0
401161160,MIA,3999,0
401161160,MIA,6628,0
401161160,ORL,3064290,31
401161160,ORL,6478,33
401161160,ORL,2578240,25
401161160,ORL,6588,29
401161160,ORL,4066636,32
401161160,ORL,3074797,22
401161160,ORL,4277919,15
401161160,ORL,3415,29
401161160,ORL,6619,25
401161160,ORL,2982249,0
401161160,ORL,4064727,0
401161160,ORL,3913546,0
401161161,POR,1975,31
401161161,POR,6637,35
401161161,POR,4262,33
401161161,POR,6606,34
401161161,POR,2490149,36
401161161,POR,3276,15
401161161,POR,2995706,18
401161161,POR,4395688,2
401161161,POR,4395652,1
401161161,POR,4277843,20
401161161,POR,4351851,17
401161161,POR,3102530,0
401161161,WSH,3064528,16
401161161,WSH,4278508,31
401161161,WSH,2774,26
401161161,WSH,6472,1
401161161,WSH,3134903,35
401161161,WSH,3918423,12
401161161,WSH,3893059,18
401161161,WSH,4305,33
401161161,WSH,2531797,33
401161161,WSH,3913180,25
401161161,WSH,4348697,9
401161161,WSH,3945566,0
401161161,WSH,3934723,0
401161161,WSH,6580,0
401161162,PHI,6440,42
401161162,PHI,3213,34
401161162,PHI,3059318,33
401161162,PHI,2581190,39
401161162,PHI,3907387,42
401161162,PHI,6622,12
401161162,PHI,2579260,16
401161162,PHI,2968361,4
401161162,PHI,3929325,19
401161162,PHI,2608892,0
401161162,PHI,6615,0
401161162,PHI,3915195,0
401161162,PHI,4277923,0
401161162,HOU,3033,37
401161162,HOU,2991155,29
401161162,HOU,3102529,37
401161162,HOU,3468,35
401161162,HOU,3992,41
401161162,HOU,4222252,11
401161162,HOU,6617,7
401161162,HOU,2578213,13
401161162,HOU,3431,30
401161162,HOU,3028,0
401161162,HOU,3132042,0
401161162,HOU,984,0
401161162,HOU,3906603,0
401161163,NY,3986,14
401161163,NY,6462,35
401161163,NY,3064514,35
401161163,NY,4395625,31
401161163,NY,2583639,32
401161163,NY,3064482,20
401161163,NY,4278075,13
401161163,NY,2528779,19
401161163,NY,4351852,21
401161163,NY,4230547,16
401161163,NY,3981,5
401161163,NY,2991149,0
401161163,NY,3907525,0
401161163,PHX,2968439,29
401161163,PHX,4278129,37
401161163,PHX,4011,33
401161163,PHX,3133603,40
401161163,PHX,3136193,38
401161163,PHX,3032978,4
401161163,PHX,3138196,18
401161163,PHX,3919335,8
401161163,PHX,3147657,20
401161163,PHX,4230550,13
401161163,PHX,2530276,0
401161163,PHX,3133635,0
401161163,PHX,4065733,0
401161164,NO,4257,34
401161164,NO,3913176,35
401161164,NO,3024,28
401161164,NO,3995,36
401161164,NO,4066421,33
401161164,NO,4397077,14
401161164,NO,6460,29
401161164,NO,3062679,24
401161164,NO,3133626,6
401161164,NO,4341,0
401161164,NO,3135048,0
401161164,NO,4065651,0
401161164,NO,4278039,0
401161164,LAL,1966,37
401161164,LAL,3988,33
401161164,LAL,6583,38
401161164,LAL,3452,15
401161164,LAL,4240,31
401161164,LAL,3134907,19
401161164,LAL,2384,16
401161164,LAL,3026,15
401161164,LAL,2489530,9
401161164,LAL,2581018,26
401161164,LAL,3201,0
401161164,LAL,2566745,0
401161165,MEM,6581,31
401161165,MEM,3155526,28
401161165,MEM,4277961,34
401161165,MEM,6477,22
401161165,MEM,4279888,30
401161165,MEM,2993874,7
401161165,MEM,3906665,18
401161165,MEM,2488958,17
401161165,MEM,3135045,15
401161165,MEM,3135046,18
401161165,MEM,4066436,17
401161165,MEM,4230554,3
401161165,MEM,3113297,0
401161165,LAC,6450,35
401161165,LAC,6591,17
401161165,LAC,4017837,17
401161165,LAC,3056273,23
401161165,LAC,3914044,28
401161165,LAC,4264,7
401161165,LAC,2327577,18
401161165,LAC,3059306,4
401161165,LAC,2991055,26
401161165,LAC,2799,25
401161165,LAC,3943606,21
401161165,LAC,2488826,13
401161165,LAC,4066387,4
401161166,TOR,3439,28
401161166,TOR,3934719,29
401161166,TOR,3137730,25
401161166,TOR,3012,43
401161166,TOR,2991230,36
401161166,TOR,2580980,0
401161166,TOR,3948153,20
401161166,TOR,3064291,26
401161166,TOR,3134881,8
401161166,TOR,4278031,9
401161166,TOR,3919454,16
401161166,TOR,3059311,0
401161166,BKN,2990962,28
401161166,BKN,2528794,31
401161166,BKN,4066328,25
401161166,BKN,2580782,31
401161166,BKN,4023,30
401161166,BKN,3194,23
401161166,BKN,4348696,2
401161166,BKN,4230548,17
401161166,BKN,3442,18
401161166,BKN,3893019,17
401161166,BKN,2991043,16
401161166,BKN,3138154,2
401161167,UTAH,2583632,28
401161167,UTAH,2968436,33
401161167,UTAH,3593,30
401161167,UTAH,3032976,34
401161167,UTAH,3908809,35
401161167,UTAH,2990969,17
401161167,UTAH,3934721,1
401161167,UTAH,4065673,14
401161167,UTAH,2528426,26
401161167,UTAH,3892818,18
401161167,UTAH,3908819,5
401161167,UTAH,4259,0
401161167,ORL,3064290,34
401161167,ORL,3074797,31
401161167,ORL,6478,33
401161167,ORL,6588,32
401161167,ORL,4066636,29
401161167,ORL,2982249,1
401161167,ORL,2578240,11
401161167,ORL,4277919,15
401161167,ORL,4064727,1
401161167,ORL,3415,24
401161167,ORL,6619,30
401161167,ORL,3913546,1
401161168,IND,3155942,34
401161168,IND,2982334,35
401161168,IND,3133628,31
401161168,IND,6603,25
401161168,IND,3922230,32
401161168,IND,2284101,30
401161168,IND,2528588,19
401161168,IND,3136485,16
401161168,IND,2530530,17
401161168,IND,4066425,0
401161168,IND,4067045,0
401161168,IND,2608891,0
401161168,IND,4348700,0
401161168,ATL,4065732,30
401161168,ATL,4277952,21
401161168,ATL,3064559,10
401161168,ATL,4066372,41
401161168,ATL,4277905,37
401161168,ATL,2596107,27
401161168,ATL,3062667,25
401161168,ATL,136,18
401161168,ATL,2531210,18
401161168,ATL,3057198,13
401161168,ATL,6466,0
401161168,ATL,4239,0
401161168,ATL,4066508,0
401161169,OKC,3428,28
401161169,OKC,4230546,26
401161169,OKC,2991235,30
401161169,OKC,2779,30
401161169,OKC,4278073,34
401161169,OKC,2595435,2
401161169,OKC,3059358,2
401161169,OKC,4423545,20
401161169,OKC,2490089,8
401161169,OKC,2991280,9
401161169,OKC,3032979,31
401161169,OKC,4080610,19
401161169,CLE,3449,30
401161169,CLE,3893016,35
401161169,CLE,6474,31
401161169,CLE,4277811,36
401161169,CLE,4396907,35
401161169,CLE,6592,14
401161169,CLE,2530923,28
401161169,CLE,3912848,3
401161169,CLE,4017838,3
401161169,CLE,2489716,8
401161169,CLE,3102528,17
401161169,CLE,4066367,0
401161169,CLE,6448,0
401161170,DEN,3015,23
401161170,DEN,3112335,30
401161170,DEN,6579,31
401161170,DEN,2999547,32
401161170,DEN,3936299,35
401161170,DEN,4017839,5
401161170,DEN,2991070,16
401161170,DEN,4278104,12
401161170,DEN,2528693,7
401161170,DEN,4230557,3
401161170,DEN,2488653,15
401161170,DEN,3059310,15
401161170,DEN,3907822,16
401161170,WSH,3064528,31
401161170,WSH,2774,19
401161170,WSH,6472,17
401161170,WSH,2531797,29
401161170,WSH,3134903,11
401161170,WSH,4278508,36
401161170,WSH,3893059,22
401161170,WSH,4305,34
401161170,WSH,3913180,21
401161170,WSH,4348697,21
401161170,WSH,3945566,0
401161170,WSH,3918423,0
401161171,BOS,4065648,36
401161171,BOS,4249,34
401161171,BOS,2451037,25
401161171,BOS,2990992,33
401161171,BOS,3917376,35
401161171,BOS,3056602,7
401161171,BOS,4066218,17
401161171,BOS,6447,23
401161171,BOS,6507,19
401161171,BOS,2596112,11
401161171,BOS,4066407,0
401161171,BOS,4397008,0
401161171,BOS,4278080,0
401161171,CHI,4066336,29
401161171,CHI,4277847,36
401161171,CHI,6621,40
401161171,CHI,2991139,40
401161171,CHI,3064440,38
401161171,CHI,3244,27
401161171,CHI,4278049,12
401161171,CHI,4395651,18
401161171,CHI,3113587,0
401161171,CHI,3064560,0
401161171,CHI,2991047,0
401161171,CHI,2991274,0
401161171,CHI,2999549,0
401161172,CHA,4066383,35
401161172,CHA,4278078,39
401161172,CHA,6427,37
401161172,CHA,3133601,44
401161172,CHA,3074752,42
401161172,CHA,2797,15
401161172,CHA,3138161,0
401161172,CHA,2579258,15
401161172,CHA,3907821,25
401161172,CHA,4066262,14
401161172,CHA,3416,0
401161172,CHA,6601,0
401161172,CHA,2999409,0
401161172,DAL,2531367,38
401161172,DAL,2578185,38
401161172,DAL,3138156,29
401161172,DAL,3055,33
401161172,DAL,3945274,43
401161172,DAL,2960236,35
401161172,DAL,4376,3
401161172,DAL,2326307,26
401161172,DAL,3064447,7
401161172,DAL,3912278,0
401161172,DAL,3934672,14
401161172,DAL,3445,0
401161173,SA,3136196,24
401161173,SA,2983,33
401161173,SA,3978,32
401161173,SA,3078576,24
401161173,SA,4277890,26
401161173,SA,3914283,4
401161173,SA,4395723,4
401161173,SA,3005,22
401161173,SA,3134908,13
401161173,SA,4004,20
401161173,SA,2994526,20
401161173,SA,3190,19
401161173,SA,3970,0
401161173,MIL,6609,31
401161173,MIL,3032977,29
401161173,MIL,3448,25
401161173,MIL,4032,26
401161173,MIL,4238,24
401161173,MIL,2767,21
401161173,MIL,3102533,2
401161173,MIL,3136491,2
401161173,MIL,3057187,2
401161173,MIL,3447,19
401161173,MIL,3438,22
401161173,MIL,2011,18
401161173,MIL,2578239,18
401161174,DET,2528353,22
401161174,DET,4423314,38
401161174,DET,6585,29
401161174,DET,2488945,17
401161174,DET,3133602,30
401161174,DET,3058254,18
401161174,DET,4017843,7
401161174,DET,3456,28
401161174,DET,2530572,20
401161174,DET,4065670,30
401161174,DET,4397103,0
401161174,GS,6589,22
401161174,GS,2991039,31
401161174,GS,2991282,14
401161174,GS,2595209,32
401161174,GS,4065635,14
401161174,GS,3133817,19
401161174,GS,4065836,20
401161174,GS,3907487,18
401161174,GS,6429,32
401161174,GS,3934621,20
401161174,GS,4277956,18
401161174,GS,4401415,0
401161175,NO,4257,28
401161175,NO,3913176,31
401161175,NO,3024,27
401161175,NO,3995,34
401161175,NO,4066421,33
401161175,NO,3135048,7
401161175,NO,4397077,13
401161175,NO,6460,21
401161175,NO,3062679,27
401161175,NO,3133626,11
401161175,NO,4065651,7
401161175,NO,4341,0
401161175,NO,4278039,0
401161175,SAC,4269,22
401161175,SAC,6578,39
401161175,SAC,2993370,34
401161175,SAC,2990984,39
401161175,SAC,4066259,33
401161175,SAC,4065649,14
401161175,SAC,2426,32
401161175,SAC,6446,20
401161175,SAC,2991018,8
401161175,SAC,3914058,0
401161175,SAC,3906671,0
401161175,SAC,4066264,0
401161176,NY,3986,19
401161176,NY,6462,35
401161176,NY,3064514,35
401161176,NY,4395625,37
401161176,NY,4230547,28
401161176,NY,3064482,14
401161176,NY,4278075,6
401161176,NY,2528779,25
401161176,NY,4351852,22
401161176,NY,3134880,20
401161176,NY,3981,0
401161176,NY,2991149,0
401161176,NY,3907525,0
401161176,LAC,4264,14
401161176,LAC,4251,26
401161176,LAC,6591,21
401161176,LAC,4017837,12
401161176,LAC,3964,30
401161176,LAC,2327577,32
401161176,LAC,2991055,36
401161176,LAC,2799,35
401161176,LAC,3943606,8
401161176,LAC,2488826,13
401161176,LAC,3914044,13
401161176,LAC,3056273,0
401161176,LAC,3907823,0
401161177,POR,1975,37
401161177,POR,6637,35
401161177,POR,4262,32
401161177,POR,6606,42
401161177,POR,4277843,17
401161177,POR,3276,17
401161177,POR,2995706,20
401161177,POR,4395688,2
401161177,POR,4395652,4
401161177,POR,4351851,34
401161177,POR,3102530,0
401161177,POR,2490149,0
401161177,MIA,3157465,36
401161177,MIA,3936099,36
401161177,MIA,6605,23
401161177,MIA,4066261,36
401161177,MIA,3056247,28
401161177,MIA,3999,22
401161177,MIA,3923253,2
401161177,MIA,3423,30
401161177,MIA,4395725,28
401161177,MIA,2184,0
401161177,MIA,6430,0
401161177,MIA,2489663,0
401161177,MIA,6628,0
401161178,MIN,2490620,34
401161178,MIN,3059319,31
401161178,MIN,2534781,29
401161178,MIN,2530780,30
401161178,MIN,4277928,28
401161178,MIN,3078284,8
401161178,MIN,3064427,1
401161178,MIN,3136779,14
401161178,MIN,4396971,11
401161178,MIN,4015,17
401161178,MIN,3133596,20
401161178,MIN,4065663,17
401161178,MIN,2595231,0
401161178,CLE,6592,23
401161178,CLE,3893016,30
401161178,CLE,4277811,35
401161178,CLE,4396907,35
401161178,CLE,4397140,19
401161178,CLE,2530923,21
401161178,CLE,4017838,25
401161178,CLE,6448,23
401161178,CLE,2489716,4
401161178,CLE,3102528,24
401161178,CLE,3912848,0
401161178,CLE,4066367,0
401161179,MEM,6581,25
401161179,MEM,3155526,30
401161179,MEM,4277961,31
401161179,MEM,6477,27
401161179,MEM,4279888,28
401161179,MEM,2993874,14
401161179,MEM,3906665,22
401161179,MEM,2488958,16
401161179,MEM,3135045,12
401161179,MEM,3135046,20
401161179,MEM,4066436,16
401161179,MEM,3113297,0
401161179,MEM,4230554,0
401161179,PHX,2968439,26
401161179,PHX,4278129,32
401161179,PHX,4011,37
401161179,PHX,3133603,38
401161179,PHX,3136193,37
401161179,PHX,3032978,6
401161179,PHX,3138196,12
401161179,PHX,2530276,9
401161179,PHX,3147657,31
401161179,PHX,4230550,11
401161179,PHX,3919335,0
401161179,PHX,3133635,0
401161179,PHX,4065733,0
401161180,DET,3058254,30
401161180,DET,2528353,13
401161180,DET,4423314,34
401161180,DET,6585,41
401161180,DET,2488945,5
401161180,DET,4017843,7
401161180,DET,3456,29
401161180,DET,2530572,23
401161180,DET,3133602,32
401161180,DET,4065670,27
401161180,DET,4397103,0
401161180,LAL,1966,35
401161180,LAL,3988,22
401161180,LAL,6583,38
401161180,LAL,3452,21
401161180,LAL,4240,12
401161180,LAL,3134907,21
401161180,LAL,2384,21
401161180,LAL,3026,20
401161180,LAL,2581018,26
401161180,LAL,2991350,24
401161180,LAL,3201,0
401161180,LAL,2566745,0
401161180,LAL,2489530,0
401161181,IND,3155942,38
401161181,IND,2982334,34
401161181,IND,3133628,36
401161181,IND,6603,32
401161181,IND,3922230,27
401161181,IND,2284101,15
401161181,IND,2528588,18
401161181,IND,2608891,1
401161181,IND,4348700,3
401161181,IND,3136485,16
401161181,IND,2530530,21
401161181,IND,4066425,0
401161181,IND,4067045,0
401161181,CHA,4066383,35
401161181,CHA,4278078,32
401161181,CHA,6427,23
401161181,CHA,3133601,34
401161181,CHA,3074752,40
401161181,CHA,3138161,16
401161181,CHA,2579258,23
401161181,CHA,3907821,20
401161181,CHA,4066262,17
401161181,CHA,3416,0
401161181,CHA,3138160,0
401161181,CHA,4066731,0
401161181,CHA,2999409,0
401161182,BKN,2990962,29
401161182,BKN,2528794,31
401161182,BKN,4066328,25
401161182,BKN,2580782,29
401161182,BKN,4023,29
401161182,BKN,3194,18
401161182,BKN,2982340,2
401161182,BKN,4348696,14
401161182,BKN,4230548,12
401161182,BKN,3442,21
401161182,BKN,4278067,2
401161182,BKN,3893019,20
401161182,BKN,6468,2
401161182,BKN,3138154,9
401161182,ORL,3064290,33
401161182,ORL,3074797,28
401161182,ORL,6478,31
401161182,ORL,6588,35
401161182,ORL,4066636,30
401161182,ORL,2578240,15
401161182,ORL,4277919,17
401161182,ORL,3415,28
401161182,ORL,6619,22
401161182,ORL,2982249,0
401161182,ORL,4064727,0
401161182,ORL,3913546,0
401161183,OKC,3428,29
401161183,OKC,4230546,21
401161183,OKC,2991235,35
401161183,OKC,2779,32
401161183,OKC,4278073,37
401161183,OKC,4423545,18
401161183,OKC,2490089,13
401161183,OKC,3032979,37
401161183,OKC,4080610,17
401161183,OKC,2595435,0
401161183,OKC,3059358,0
401161183,OKC,3912332,0
401161183,PHI,6440,22
401161183,PHI,3213,34
401161183,PHI,3059318,33
401161183,PHI,2581190,37
401161183,PHI,3907387,38
401161183,PHI,6622,20
401161183,PHI,2579321,22
401161183,PHI,2579260,16
401161183,PHI,3929325,19
401161183,PHI,3155533,0
401161183,PHI,6615,0
401161183,PHI,2968361,0
401161183,PHI,3915195,0
401161184,BOS,4065648,31
401161184,BOS,4249,38
401161184,BOS,2451037,22
401161184,BOS,2990992,34
401161184,BOS,3917376,33
401161184,BOS,3056602,4
401161184,BOS,4066218,25
401161184,BOS,6447,19
401161184,BOS,6507,15
401161184,BOS,4066407,6
401161184,BOS,2596112,5
401161184,BOS,4278080,8
401161184,WSH,2774,24
401161184,WSH,6472,23
401161184,WSH,2531797,38
401161184,WSH,3134903,25
401161184,WSH,4348697,32
401161184,WSH,4278508,36
401161184,WSH,3918423,4
401161184,WSH,3893059,23
401161184,WSH,4305,31
401161184,WSH,3913180,4
401161184,WSH,3934723,0
401161184,WSH,6580,0
401161185,DEN,3015,24
401161185,DEN,3112335,37
401161185,DEN,6579,37
401161185,DEN,2999547,36
401161185,DEN,3936299,34
401161185,DEN,2991070,22
401161185,DEN,4278104,20
401161185,DEN,2488653,11
401161185,DEN,3059310,19
401161185,DEN,4017839,0
401161185,DEN,2528693,0
401161185,DEN,3907822,0
401161185,DEN,3923250,0
401161185,ATL,3908845,30
401161185,ATL,4065732,37
401161185,ATL,4277952,10
401161185,ATL,4066372,34
401161185,ATL,4277905,39
401161185,ATL,4395627,19
401161185,ATL,2596107,21
401161185,ATL,3064559,6
401161185,ATL,3062667,10
401161185,ATL,136,18
401161185,ATL,2531210,8
401161185,ATL,3057198,7
401161185,ATL,3058030,0
401161186,UTAH,2583632,34
401161186,UTAH,2968436,28
401161186,UTAH,3593,33
401161186,UTAH,3032976,34
401161186,UTAH,3908809,35
401161186,UTAH,2990969,16
401161186,UTAH,4065673,14
401161186,UTAH,2528426,25
401161186,UTAH,3892818,16
401161186,UTAH,3908819,5
401161186,UTAH,3934721,0
401161186,UTAH,4259,0
401161186,NO,4257,29
401161186,NO,3913176,39
401161186,NO,3024,31
401161186,NO,3062679,27
401161186,NO,4066421,37
401161186,NO,4397077,19
401161186,NO,6460,28
401161186,NO,3133626,9
401161186,NO,4065651,5
401161186,NO,4278039,15
401161186,NO,4341,0
401161186,NO,3135048,0
401161186,NO,3995,0
401161187,CHI,4066336,36
401161187,CHI,4277847,18
401161187,CHI,6621,35
401161187,CHI,2991139,23
401161187,CHI,3064440,39
401161187,CHI,3244,28
401161187,CHI,4278049,25
401161187,CHI,3149010,6
401161187,CHI,2991274,10
401161187,CHI,4395651,21
401161187,CHI,3064560,0
401161187,CHI,2991047,0
401161187,CHI,2999549,0
401161187,DAL,2531367,30
401161187,DAL,2578185,37
401161187,DAL,3055,15
401161187,DAL,2528210,22
401161187,DAL,3945274,34
401161187,DAL,2960236,27
401161187,DAL,3138156,15
401161187,DAL,2326307,21
401161187,DAL,3064447,25
401161187,DAL,3934672,14
401161187,DAL,4376,0
401161187,DAL,3445,0
401161187,DAL,3912278,0
401161188,MIL,6609,30
401161188,MIL,3032977,34
401161188,MIL,3448,22
401161188,MIL,4032,29
401161188,MIL,4238,26
401161188,MIL,2767,15
401161188,MIL,3102533,3
401161188,MIL,3136491,3
401161188,MIL,3057187,3
401161188,MIL,3447,14
401161188,MIL,3438,21
401161188,MIL,2011,14
401161188,MIL,3934673,27
401161188,SA,3136196,20
401161188,SA,2983,33
401161188,SA,2994526,25
401161188,SA,3978,33
401161188,SA,3907497,26
401161188,SA,3914283,2
401161188,SA,3970,2
401161188,SA,3005,25
401161188,SA,3134908,13
401161188,SA,4004,23
401161188,SA,3078576,20
401161188,SA,4277890,20
401161188,SA,3190,0
401161189,GS,2991039,27
401161189,GS,3133817,31
401161189,GS,2991282,26
401161189,GS,2595209,29
401161189,GS,4065635,22
401161189,GS,4401415,7
401161189,GS,4065836,22
401161189,GS,3907487,15
401161189,GS,6429,26
401161189,GS,3934621,19
401161189,GS,4277956,16
401161189,SAC,4269,27
401161189,SAC,6578,33
401161189,SAC,2993370,20
401161189,SAC,2990984,36
401161189,SAC,4066259,30
401161189,SAC,4065649,16
401161189,SAC,3906671,7
401161189,SAC,4066264,8
401161189,SAC,2426,32
401161189,SAC,6446,22
401161189,SAC,2991018,5
401161189,SAC,3914058,3
401161190,DET,2528353,31
401161190,DET,4423314,33
401161190,DET,6585,38
401161190,DET,3133602,35
401161190,DET,4065670,28
401161190,DET,3058254,13
401161190,DET,4017843,12
401161190,DET,3456,31
401161190,DET,2530572,19
401161190,DET,4397103,0
401161190,DET,2488945,0
401161190,CLE,3449,36
401161190,CLE,3893016,36
401161190,CLE,6474,32
401161190,CLE,4277811,35
401161190,CLE,4396907,36
401161190,CLE,3912848,6
401161190,CLE,4017838,16
401161190,CLE,6448,24
401161190,CLE,2489716,19
401161190,CLE,6592,0
401161190,CLE,2595563,0
401161191,POR,1975,36
401161191,POR,6637,26
401161191,POR,4262,37
401161191,POR,6606,37
401161191,POR,2490149,35
401161191,POR,3276,11
401161191,POR,2995706,12
401161191,POR,4395652,4
401161191,POR,4277843,12
401161191,POR,4351851,30
401161191,POR,4395688,0
401161191,POR,3102530,0
401161191,TOR,3439,32
401161191,TOR,3934719,30
401161191,TOR,3064291,25
401161191,TOR,3137730,36
401161191,TOR,3012,38
401161191,TOR,3948153,16
401161191,TOR,3134881,17
401161191,TOR,4278031,23
401161191,TOR,3059311,15
401161191,TOR,3919454,8
401161191,TOR,2580980,0
401161191,TOR,4065834,0
401161192,OKC,4423545,15
401161192,OKC,4230546,40
401161192,OKC,2991235,36
401161192,OKC,2779,38
401161192,OKC,4278073,39
401161192,OKC,2595435,16
401161192,OKC,3059358,16
401161192,OKC,2490089,17
401161192,OKC,3032979,35
401161192,OKC,4080610,14
401161192,OKC,3912332,0
401161192,BKN,2990962,37
401161192,BKN,2528794,38
401161192,BKN,4230548,19
401161192,BKN,4066328,33
401161192,BKN,2580782,36
401161192,BKN,3194,16
401161192,BKN,3442,20
401161192,BKN,3893019,15
401161192,BKN,4023,28
401161192,BKN,2991043,22
401161192,BKN,2982340,0
401161192,BKN,4348696,0
401161192,BKN,3138154,0
401161193,MIN,2490620,32
401161193,MIN,3059319,33
401161193,MIN,2534781,24
401161193,MIN,2530780,25
401161193,MIN,4277928,28
401161193,MIN,3078284,14
401161193,MIN,3136779,17
401161193,MIN,4396971,11
401161193,MIN,4015,29
401161193,MIN,3133596,14
401161193,MIN,4065663,14
401161193,MIN,2595231,0
401161193,MIN,3064427,0
401161193,MEM,6581,31
401161193,MEM,3155526,31
401161193,MEM,4277961,31
401161193,MEM,6477,22
401161193,MEM,4279888,31
401161193,MEM,2993874,14
401161193,MEM,3906665,18
401161193,MEM,2488958,19
401161193,MEM,3135045,6
401161193,MEM,3135046,16
401161193,MEM,4066436,21
401161193,MEM,3113297,0
401161193,MEM,4230554,0
401161194,SAC,4269,38
401161194,SAC,4065649,16
401161194,SAC,6578,27
401161194,SAC,2990984,24
401161194,SAC,4066259,36
401161194,SAC,2426,31
401161194,SAC,2580913,32
401161194,SAC,6446,29
401161194,SAC,3914058,6
401161194,SAC,3906671,0
401161194,SAC,4066264,0
401161194,SAC,2991018,0
401161194,PHX,2968439,23
401161194,PHX,4278129,37
401161194,PHX,4011,35
401161194,PHX,3133603,37
401161194,PHX,3136193,39
401161194,PHX,3032978,18
401161194,PHX,3138196,11
401161194,PHX,2530276,9
401161194,PHX,3147657,17
401161194,PHX,4230550,13
401161194,PHX,3919335,0
401161194,PHX,3133635,0
401161194,PHX,4065733,0
401161195,NY,3986,20
401161195,NY,3064514,31
401161195,NY,4395625,31
401161195,NY,2528779,27
401161195,NY,2583639,30
401161195,NY,3064482,6
401161195,NY,4278075,19
401161195,NY,4351852,26
401161195,NY,4230547,14
401161195,NY,3981,15
401161195,NY,2991149,5
401161195,NY,3134880,5
401161195,NY,3907525,12
401161195,LAL,1966,31
401161195,LAL,3988,25
401161195,LAL,6583,28
401161195,LAL,3452,14
401161195,LAL,4240,24
401161195,LAL,3134907,21
401161195,LAL,3201,5
401161195,LAL,2384,25
401161195,LAL,3026,23
401161195,LAL,2566745,5
401161195,LAL,2489530,6
401161195,LAL,2581018,18
401161195,LAL,2991350,14
401161196,SA,3136196,17
401161196,SA,2983,32
401161196,SA,2994526,27
401161196,SA,3978,34
401161196,SA,3907497,28
401161196,SA,3970,2
401161196,SA,3914285,2
401161196,SA,3005,21
401161196,SA,3134908,14
401161196,SA,4004,21
401161196,SA,3190,2
401161196,SA,3078576,20
401161196,SA,4277890,19
401161196,BOS,4065648,31
401161196,BOS,4249,30
401161196,BOS,2451037,20
401161196,BOS,6479,18
401161196,BOS,3917376,29
401161196,BOS,3056602,5
401161196,BOS,4066218,18
401161196,BOS,6447,18
401161196,BOS,3904625,10
401161196,BOS,6507,21
401161196,BOS,4066407,5
401161196,BOS,2596112,10
401161196,BOS,2990992,25
401161197,TOR,3439,39
401161197,TOR,3934719,36
401161197,TOR,3137730,43
401161197,TOR,3012,43
401161197,TOR,3919454,37
401161197,TOR,3948153,14
401161197,TOR,3064291,22
401161197,TOR,3134881,8
401161197,TOR,4278031,10
401161197,TOR,3059311,14
401161197,TOR,2580980,0
401161197,CHA,4066383,35
401161197,CHA,4278078,40
401161197,CHA,6427,32
401161197,CHA,3133601,42
401161197,CHA,3074752,46
401161197,CHA,2579258,21
401161197,CHA,3907821,25
401161197,CHA,4066262,24
401161197,CHA,3416,0
401161197,CHA,6601,0
401161197,CHA,3138161,0
401161197,CHA,2999409,0
401161198,MIA,6430,28
401161198,MIA,3157465,29
401161198,MIA,6605,30
401161198,MIA,4066261,29
401161198,MIA,3056247,23
401161198,MIA,3135047,16
401161198,MIA,3923253,2
401161198,MIA,3936099,30
401161198,MIA,3423,27
401161198,MIA,4395725,26
401161198,MIA,2184,0
401161198,MIA,3999,0
401161198,MIA,2489663,0
401161198,IND,3155942,37
401161198,IND,2982334,23
401161198,IND,3133628,29
401161198,IND,6603,27
401161198,IND,3922230,27
401161198,IND,2284101,24
401161198,IND,2528588,21
401161198,IND,4067045,3
401161198,IND,2608891,5
401161198,IND,4348700,3
401161198,IND,3136485,19
401161198,IND,2530530,21
401161198,IND,4066425,0
401161199,WSH,2774,10
401161199,WSH,6472,24
401161199,WSH,2531797,21
401161199,WSH,3134903,22
401161199,WSH,4348697,32
401161199,WSH,4278508,35
401161199,WSH,3918423,36
401161199,WSH,3893059,35
401161199,WSH,4305,25
401161199,WSH,6426,0
401161199,WSH,3934723,0
401161199,WSH,6580,0
401161199,ORL,3064290,25
401161199,ORL,6478,28
401161199,ORL,2578240,29
401161199,ORL,6588,23
401161199,ORL,4066636,31
401161199,ORL,2982249,6
401161199,ORL,3059280,6
401161199,ORL,3074797,19
401161199,ORL,4277919,14
401161199,ORL,4064727,6
401161199,ORL,3415,23
401161199,ORL,6619,25
401161199,ORL,3913546,7
401161200,HOU,3033,34
401161200,HOU,2991155,37
401161200,HOU,3102529,36
401161200,HOU,3431,30
401161200,HOU,3992,40
401161200,HOU,4222252,4
401161200,HOU,6617,27
401161200,HOU,2578213,32
401161200,HOU,3028,0
401161200,HOU,984,0
401161200,HOU,3906603,0
401161200,ATL,3908845,33
401161200,ATL,4065732,26
401161200,ATL,4395627,18
401161200,ATL,4066372,37
401161200,ATL,4277905,39
401161200,ATL,2596107,23
401161200,ATL,3064559,4
401161200,ATL,3058030,4
401161200,ATL,3062667,9
401161200,ATL,136,10
401161200,ATL,2531210,25
401161200,ATL,3057198,13
401161200,ATL,4066508,0
401161201,DEN,2991070,34
401161201,DEN,2528693,18
401161201,DEN,3112335,31
401161201,DEN,2999547,36
401161201,DEN,3936299,31
401161201,DEN,4017839,12
401161201,DEN,4278104,14
401161201,DEN,2488653,17
401161201,DEN,3059310,21
401161201,DEN,3907822,26
401161201,DEN,4230557,0
401161201,DEN,3923250,0
401161201,DAL,2531367,27
401161201,DAL,2578185,32
401161201,DAL,2528210,30
401161201,DAL,3064447,31
401161201,DAL,3945274,37
401161201,DAL,2960236,23
401161201,DAL,3138156,20
401161201,DAL,2326307,24
401161201,DAL,3934672,14
401161201,DAL,4376,0
401161201,DAL,3055,0
401161201,DAL,3445,0
401161201,DAL,3064237,0
401161202,CHI,3244,35
401161202,CHI,4066336,29
401161202,CHI,6621,25
401161202,CHI,2991139,31
401161202,CHI,3064440,37
401161202,CHI,4278049,16
401161202,CHI,3149010,13
401161202,CHI,3064560,3
401161202,CHI,2991047,13
401161202,CHI,2991274,3
401161202,CHI,2999549,3
401161202,CHI,4395651,33
401161202,CHI,3113587,0
401161202,NO,4257,24
401161202,NO,3913176,38
401161202,NO,3024,35
401161202,NO,3062679,33
401161202,NO,4066421,37
401161202,NO,4341,10
401161202,NO,4397077,24
401161202,NO,6460,18
401161202,NO,4065651,1
401161202,NO,4278039,20
401161202,NO,3135048,0
401161202,NO,3995,0
401161202,NO,3133626,0
401161203,NY,3986,12
401161203,NY,3064482,29
401161203,NY,4395625,27
401161203,NY,2528779,24
401161203,NY,2583639,24
401161203,NY,4278075,29
401161203,NY,4397205,5
401161203,NY,4351852,22
401161203,NY,4230547,19
401161203,NY,3981,22
401161203,NY,2991149,22
401161203,NY,3134880,5
401161203,NY,3907525,0
401161203,UTAH,2583632,29
401161203,UTAH,2968436,26
401161203,UTAH,3593,26
401161203,UTAH,3032976,26
401161203,UTAH,3908809,25
401161203,UTAH,2990969,20
401161203,UTAH,3934721,4
401161203,UTAH,4259,7
401161203,UTAH,4065673,15
401161203,UTAH,2528426,24
401161203,UTAH,3064457,4
401161203,UTAH,3892818,25
401161203,UTAH,3908819,9
401161204,MIL,6609,33
401161204,MIL,3032977,32
401161204,MIL,3448,28
401161204,MIL,4032,27
401161204,MIL,4238,30
401161204,MIL,2767,13
401161204,MIL,3447,11
401161204,MIL,2011,14
401161204,MIL,2578239,28
401161204,MIL,3934673,25
401161204,MIL,3102533,0
401161204,MIL,3136491,0
401161204,MIL,3057187,0
401161204,GS,6589,34
401161204,GS,2991039,29
401161204,GS,2991282,21
401161204,GS,2595209,32
401161204,GS,4065635,23
401161204,GS,4401415,11
401161204,GS,3133817,12
401161204,GS,4065836,18
401161204,GS,6429,26
401161204,GS,3934621,19
401161204,GS,4277956,14
401161205,CLE,3449,38
401161205,CLE,3893016,40
401161205,CLE,6474,45
401161205,CLE,4277811,40
401161205,CLE,4396907,41
401161205,CLE,2530923,14
401161205,CLE,4017838,7
401161205,CLE,6448,24
401161205,CLE,2489716,15
401161205,CLE,6592,0
401161205,CLE,2580365,0
401161205,CLE,3912848,0
401161205,DET,2528353,36
401161205,DET,4423314,20
401161205,DET,6585,49
401161205,DET,3133602,29
401161205,DET,4065670,38
401161205,DET,3058254,14
401161205,DET,4017843,25
401161205,DET,3456,36
401161205,DET,2530572,18
401161205,DET,6461,0
401161205,DET,4397103,0
401161205,DET,2488945,0
401161206,BOS,4065648,36
401161206,BOS,4249,36
401161206,BOS,2451037,27
401161206,BOS,6479,33
401161206,BOS,3917376,34
401161206,BOS,3056602,21
401161206,BOS,4066218,7
401161206,BOS,6447,17
401161206,BOS,2990992,31
401161206,BOS,3904625,0
401161206,BOS,6507,0
401161206,BOS,4066407,0
401161206,BOS,2596112,0
401161206,PHI,6622,26
401161206,PHI,6440,35
401161206,PHI,3213,32
401161206,PHI,2581190,34
401161206,PHI,3907387,39
401161206,PHI,2608892,13
401161206,PHI,2579321,17
401161206,PHI,2579260,12
401161206,PHI,3929325,14
401161206,PHI,3907498,19
401161206,PHI,3155533,0
401161206,PHI,6615,0
401161206,PHI,2968361,0
401161207,POR,1975,24
401161207,POR,6637,30
401161207,POR,4262,28
401161207,POR,6606,30
401161207,POR,2490149,25
401161207,POR,3276,21
401161207,POR,2995706,10
401161207,POR,4395688,17
401161207,POR,4395652,12
401161207,POR,4277843,25
401161207,POR,4351851,20
401161207,POR,3102530,0
401161207,MIN,2490620,24
401161207,MIN,3059319,26
401161207,MIN,2534781,17
401161207,MIN,2530780,20
401161207,MIN,4277928,30
401161207,MIN,3078284,13
401161207,MIN,2595231,15
401161207,MIN,3064427,5
401161207,MIN,3136779,24
401161207,MIN,4396971,17
401161207,MIN,4015,25
401161207,MIN,4065663,25
401161208,HOU,3033,32
401161208,HOU,2991155,29
401161208,HOU,3102529,29
401161208,HOU,3468,34
401161208,HOU,3992,27
401161208,HOU,3028,7
401161208,HOU,4222252,12
401161208,HOU,6617,27
401161208,HOU,2578213,26
401161208,HOU,2991255,6
401161208,HOU,3906603,12
401161208,HOU,984,0
401161208,HOU,3431,0
401161208,OKC,3428,28
401161208,OKC,4230546,22
401161208,OKC,2991235,25
401161208,OKC,2779,28
401161208,OKC,4278073,31
401161208,OKC,2595435,13
401161208,OKC,3059358,4
401161208,OKC,4423545,16
401161208,OKC,2490089,20
401161208,OKC,3912332,3
401161208,OKC,3032979,27
401161208,OKC,4080610,24
401161208,OKC,3143565,0
401161209,ATL,3908845,28
401161209,ATL,4065732,30
401161209,ATL,4395627,35
401161209,ATL,4066372,26
401161209,ATL,4277905,31
401161209,ATL,2596107,25
401161209,ATL,3062667,17
401161209,ATL,136,9
401161209,ATL,2531210,15
401161209,ATL,3057198,23
401161209,ATL,3064559,0
401161209,ATL,3058030,0
401161209,ATL,4066508,0
401161209,WSH,2774,27
401161209,WSH,6472,23
401161209,WSH,2531797,36
401161209,WSH,3134903,23
401161209,WSH,4348697,18
401161209,WSH,4278508,35
401161209,WSH,6426,21
401161209,WSH,3918423,9
401161209,WSH,3893059,20
401161209,WSH,4305,28
401161209,WSH,3934723,0
401161209,WSH,6580,0
401161211,NO,4257,11
401161211,NO,3913176,39
401161211,NO,3024,23
401161211,NO,3062679,37
401161211,NO,4066421,38
401161211,NO,4341,14
401161211,NO,3135048,7
401161211,NO,4397077,29
401161211,NO,6460,18
401161211,NO,4278039,24
401161211,NO,3995,0
401161211,NO,3133626,0
401161211,NO,4065651,0
401161211,NY,3986,26
401161211,NY,3064482,29
401161211,NY,4395625,33
401161211,NY,2528779,27
401161211,NY,2583639,33
401161211,NY,4278075,16
401161211,NY,4351852,22
401161211,NY,4230547,15
401161211,NY,3981,13
401161211,NY,2991149,18
401161211,NY,3134880,3
401161211,NY,3907525,6
401161210,MIA,6430,36
401161210,MIA,3157465,27
401161210,MIA,6605,27
401161210,MIA,4066261,33
401161210,MIA,3056247,23
401161210,MIA,3999,12
401161210,MIA,3936099,23
401161210,MIA,3423,29
401161210,MIA,4395725,29
401161210,MIA,2184,0
401161210,MIA,2489663,0
401161210,MIA,3923253,0
401161210,MIA,6628,0
401161210,BKN,2990962,32
401161210,BKN,2528794,35
401161210,BKN,4230548,23
401161210,BKN,4066328,28
401161210,BKN,2580782,35
401161210,BKN,2982340,11
401161210,BKN,4348696,12
401161210,BKN,3442,20
401161210,BKN,3893019,21
401161210,BKN,2991043,24
401161210,BKN,3138154,0
401161212,IND,2608891,20
401161212,IND,2982334,30
401161212,IND,3133628,33
401161212,IND,6603,15
401161212,IND,2530530,26
401161212,IND,2284101,27
401161212,IND,2528588,22
401161212,IND,4348700,15
401161212,IND,3136485,22
401161212,IND,3922230,30
401161212,IND,4066425,0
401161212,IND,4067045,0
401161212,CHI,4066336,34
401161212,CHI,4278049,27
401161212,CHI,6621,37
401161212,CHI,2991139,29
401161212,CHI,3064440,38
401161212,CHI,3244,25
401161212,CHI,3149010,11
401161212,CHI,3064560,10
401161212,CHI,4395651,29
401161212,CHI,3113587,0
401161212,CHI,2991047,0
401161212,CHI,2991274,0
401161212,CHI,2999549,0
401161213,SA,3136196,16
401161213,SA,2983,34
401161213,SA,2994526,29
401161213,SA,3978,38
401161213,SA,3907497,24
401161213,SA,3914285,2
401161213,SA,3005,26
401161213,SA,3134908,12
401161213,SA,4004,23
401161213,SA,3190,2
401161213,SA,3078576,20
401161213,SA,4277890,15
401161213,SA,3970,0
401161213,MEM,6581,23
401161213,MEM,3155526,31
401161213,MEM,4277961,25
401161213,MEM,6477,30
401161213,MEM,4279888,34
401161213,MEM,2993874,12
401161213,MEM,3906665,23
401161213,MEM,2488958,12
401161213,MEM,3135045,20
401161213,MEM,3135046,14
401161213,MEM,4066436,17
401161213,MEM,3113297,0
401161213,MEM,4230554,0
401161215,ORL,3074797,28
401161215,ORL,6478,33
401161215,ORL,2578240,30
401161215,ORL,6588,38
401161215,ORL,4066636,31
401161215,ORL,2982249,16
401161215,ORL,4277919,15
401161215,ORL,4064727,17
401161215,ORL,6619,32
401161215,ORL,3059280,0
401161215,ORL,3415,0
401161215,PHX,3032978,21
401161215,PHX,2968439,18
401161215,PHX,4011,35
401161215,PHX,3133603,34
401161215,PHX,3136193,37
401161215,PHX,3138196,11
401161215,PHX,4278129,30
401161215,PHX,2530276,11
401161215,PHX,3147657,30
401161215,PHX,4230550,13
401161215,PHX,3919335,0
401161215,PHX,3133635,0
401161215,PHX,4065733,0
401161216,CHA,4066383,29
401161216,CHA,4278078,27
401161216,CHA,6427,17
401161216,CHA,3133601,25
401161216,CHA,3074752,31
401161216,CHA,2797,16
401161216,CHA,3416,14
401161216,CHA,6601,8
401161216,CHA,3138161,15
401161216,CHA,2579258,16
401161216,CHA,2999409,10
401161216,CHA,3907821,18
401161216,CHA,4066262,13
401161216,UTAH,2583632,24
401161216,UTAH,2968436,21
401161216,UTAH,3593,25
401161216,UTAH,3032976,29
401161216,UTAH,3908809,22
401161216,UTAH,2990969,20
401161216,UTAH,3934721,8
401161216,UTAH,4259,6
401161216,UTAH,4065673,13
401161216,UTAH,2528426,26
401161216,UTAH,3892818,28
401161216,UTAH,3908819,17
401161214,LAL,1966,32
401161214,LAL,3988,22
401161214,LAL,3134907,34
401161214,LAL,3452,18
401161214,LAL,4240,21
401161214,LAL,4066490,2
401161214,LAL,3201,20
401161214,LAL,2384,10
401161214,LAL,3026,24
401161214,LAL,2566745,3
401161214,LAL,2489530,3
401161214,LAL,2581018,24
401161214,LAL,2991350,25
401161214,DAL,2531367,26
401161214,DAL,2578185,28
401161214,DAL,2528210,32
401161214,DAL,3064447,26
401161214,DAL,3945274,32
401161214,DAL,2960236,23
401161214,DAL,3138156,13
401161214,DAL,4376,10
401161214,DAL,2326307,32
401161214,DAL,3064237,4
401161214,DAL,3934672,14
401161214,DAL,3055,0
401161214,DAL,3445,0
401161217,MIL,6609,29
401161217,MIL,3032977,28
401161217,MIL,3448,20
401161217,MIL,4032,21
401161217,MIL,4238,31
401161217,MIL,3102533,3
401161217,MIL,3136491,3
401161217,MIL,3057187,18
401161217,MIL,3447,9
401161217,MIL,3438,22
401161217,MIL,2011,9
401161217,MIL,2578239,24
401161217,MIL,3934673,24
401161217,SAC,4269,40
401161217,SAC,4065649,15
401161217,SAC,6578,36
401161217,SAC,2990984,34
401161217,SAC,4066259,38
401161217,SAC,3906671,3
401161217,SAC,4066264,3
401161217,SAC,2426,32
401161217,SAC,2580913,12
401161217,SAC,6446,19
401161217,SAC,2991018,3
401161217,SAC,4065730,3
401161217,SAC,3914058,3
401161218,GS,6589,31
401161218,GS,2991039,34
401161218,GS,4065836,28
401161218,GS,2595209,31
401161218,GS,4065635,18
401161218,GS,4401415,4
401161218,GS,3133817,19
401161218,GS,2991282,16
401161218,GS,6429,32
401161218,GS,3934621,12
401161218,GS,4277956,16
401161218,LAC,6450,38
401161218,LAC,6591,21
401161218,LAC,4017837,15
401161218,LAC,3964,35
401161218,LAC,3914044,26
401161218,LAC,4264,3
401161218,LAC,2327577,24
401161218,LAC,2991055,30
401161218,LAC,2799,31
401161218,LAC,3943606,4
401161218,LAC,2488826,14
401161218,LAC,3907823,0
401161218,LAC,3056273,0
401161219,MIN,2490620,27
401161219,MIN,3059319,25
401161219,MIN,2534781,19
401161219,MIN,2530780,20
401161219,MIN,4277928,33
401161219,MIN,3078284,6
401161219,MIN,2595231,14
401161219,MIN,3064427,8
401161219,MIN,3136779,19
401161219,MIN,4396971,18
401161219,MIN,4015,22
401161219,MIN,4065663,30
401161219,HOU,3033,2
401161219,HOU,4222252,27
401161219,HOU,2578213,23
401161219,HOU,3468,33
401161219,HOU,3992,28
401161219,HOU,3028,15
401161219,HOU,2991155,31
401161219,HOU,984,15
401161219,HOU,6617,25
401161219,HOU,3431,26
401161219,HOU,2991255,8
401161219,HOU,3906603,8
401161220,NO,3913176,31
401161220,NO,4397077,26
401161220,NO,6460,28
401161220,NO,3062679,33
401161220,NO,4066421,33
401161220,NO,4341,20
401161220,NO,3135048,14
401161220,NO,4065651,33
401161220,NO,4278039,23
401161220,NO,4257,0
401161220,NO,3137713,0
401161220,NO,3024,0
401161220,NO,3995,0
401161220,BOS,4065648,30
401161220,BOS,4249,28
401161220,BOS,2451037,15
401161220,BOS,6479,29
401161220,BOS,3917376,30
401161220,BOS,3056602,12
401161220,BOS,4066218,13
401161220,BOS,6447,23
401161220,BOS,6507,16
401161220,BOS,4066407,9
401161220,BOS,2596112,12
401161220,BOS,2990992,21
401161221,CHI,4066336,28
401161221,CHI,4278049,23
401161221,CHI,6621,26
401161221,CHI,2991139,33
401161221,CHI,3064440,36
401161221,CHI,3244,20
401161221,CHI,3149010,10
401161221,CHI,3064560,25
401161221,CHI,2991047,18
401161221,CHI,4395651,21
401161221,CHI,3113587,0
401161221,CHI,2991274,0
401161221,CHI,2999549,0
401161221,DET,2528353,31
401161221,DET,4423314,29
401161221,DET,6585,19
401161221,DET,3133602,28
401161221,DET,4065670,34
401161221,DET,6461,14
401161221,DET,3058254,26
401161221,DET,4017843,11
401161221,DET,3456,29
401161221,DET,2530572,20
401161221,DET,2488945,0
401161221,DET,4066212,0
401161222,LAL,3134907,40
401161222,LAL,3452,22
401161222,LAL,3026,33
401161222,LAL,4240,25
401161222,LAL,2581018,28
401161222,LAL,3201,10
401161222,LAL,2384,26
401161222,LAL,2566745,18
401161222,LAL,2489530,21
401161222,LAL,2991350,16
401161222,LAL,6583,0
401161222,LAL,4066490,0
401161222,OKC,3428,32
401161222,OKC,4230546,24
401161222,OKC,2991235,29
401161222,OKC,2779,32
401161222,OKC,4278073,35
401161222,OKC,2595435,14
401161222,OKC,3059358,2
401161222,OKC,4423545,11
401161222,OKC,2490089,12
401161222,OKC,3912332,2
401161222,OKC,3032979,34
401161222,OKC,4080610,14
401161223,PHI,6622,23
401161223,PHI,6440,34
401161223,PHI,3213,33
401161223,PHI,2581190,34
401161223,PHI,3907387,37
401161223,PHI,2608892,15
401161223,PHI,2579321,12
401161223,PHI,2579260,10
401161223,PHI,2968361,3
401161223,PHI,3915195,3
401161223,PHI,3929325,16
401161223,PHI,3907498,20
401161223,PHI,6615,0
401161223,DAL,2531367,35
401161223,DAL,2578185,32
401161223,DAL,2960236,31
401161223,DAL,2528210,30
401161223,DAL,3945274,33
401161223,DAL,3138156,16
401161223,DAL,4376,8
401161223,DAL,2326307,21
401161223,DAL,3064237,2
401161223,DAL,3064447,23
401161223,DAL,3934672,10
401161223,DAL,3055,0
401161223,DAL,3445,0
401161224,CLE,3449,37
401161224,CLE,3893016,35
401161224,CLE,6474,38
401161224,CLE,4277811,34
401161224,CLE,4396907,38
401161224,CLE,2530923,24
401161224,CLE,4017838,10
401161224,CLE,6448,18
401161224,CLE,2489716,6
401161224,CLE,6592,0
401161224,CLE,3912848,0
401161224,CLE,4066367,0
401161224,DEN,2991070,27
401161224,DEN,3112335,34
401161224,DEN,6579,38
401161224,DEN,2999547,33
401161224,DEN,3936299,35
401161224,DEN,4017839,8
401161224,DEN,4278104,3
401161224,DEN,2488653,26
401161224,DEN,3059310,24
401161224,DEN,3907822,13
401161224,DEN,2528693,0
401161224,DEN,4230557,0
401161225,MIL,6609,28
401161225,MIL,3032977,29
401161225,MIL,3448,26
401161225,MIL,4032,20
401161225,MIL,4238,27
401161225,MIL,2767,12
401161225,MIL,3102533,5
401161225,MIL,3136491,5
401161225,MIL,3057187,13
401161225,MIL,3447,15
401161225,MIL,3438,18
401161225,MIL,2578239,19
401161225,MIL,3934673,24
401161225,POR,1975,33
401161225,POR,3276,28
401161225,POR,6637,29
401161225,POR,6606,35
401161225,POR,2490149,34
401161225,POR,2995706,11
401161225,POR,4395688,17
401161225,POR,4395652,14
401161225,POR,4277843,17
401161225,POR,4351851,23
401161225,POR,4262,0
401161225,POR,3102530,0
401161226,MIA,6430,35
401161226,MIA,3157465,28
401161226,MIA,6605,24
401161226,MIA,4066261,37
401161226,MIA,3056247,31
401161226,MIA,3999,21
401161226,MIA,3936099,19
401161226,MIA,3423,24
401161226,MIA,4395725,22
401161226,MIA,2184,0
401161226,MIA,2489663,0
401161226,MIA,3923253,0
401161226,MIA,6628,0
401161226,NY,3986,31
401161226,NY,3064514,33
401161226,NY,4395625,40
401161226,NY,2528779,28
401161226,NY,2583639,31
401161226,NY,3064482,17
401161226,NY,4278075,20
401161226,NY,4351852,15
401161226,NY,2991149,8
401161226,NY,3134880,17
401161226,NY,3981,0
401161226,NY,3907525,0
401161227,UTAH,2583632,29
401161227,UTAH,2968436,33
401161227,UTAH,3593,36
401161227,UTAH,3032976,38
401161227,UTAH,3892818,30
401161227,UTAH,2990969,17
401161227,UTAH,4065673,10
401161227,UTAH,2528426,34
401161227,UTAH,3908819,12
401161227,UTAH,3934721,0
401161227,UTAH,4259,0
401161227,UTAH,3911566,0
401161227,WSH,2774,31
401161227,WSH,6472,20
401161227,WSH,6580,27
401161227,WSH,3134903,13
401161227,WSH,4348697,22
401161227,WSH,4278508,31
401161227,WSH,6426,26
401161227,WSH,3893059,2
401161227,WSH,3934723,15
401161227,WSH,4305,28
401161227,WSH,2531797,25
401161227,WSH,3064528,0
401161227,WSH,3918423,0
401161228,ATL,3908845,28
401161228,ATL,4065732,17
401161228,ATL,4395627,29
401161228,ATL,3057198,27
401161228,ATL,4066372,26
401161228,ATL,2596107,16
401161228,ATL,3064559,19
401161228,ATL,3058030,13
401161228,ATL,3062667,22
401161228,ATL,136,14
401161228,ATL,2531210,16
401161228,ATL,4066508,11
401161228,ATL,4277905,0
401161228,BKN,2990962,21
401161228,BKN,2528794,21
401161228,BKN,4066328,24
401161228,BKN,2580782,25
401161228,BKN,6442,20
401161228,BKN,3194,19
401161228,BKN,2982340,4
401161228,BKN,4348696,7
401161228,BKN,4230548,23
401161228,BKN,3442,24
401161228,BKN,3893019,8
401161228,BKN,4023,21
401161228,BKN,2991043,22
401161229,SA,3136196,14
401161229,SA,2983,34
401161229,SA,2994526,20
401161229,SA,3978,35
401161229,SA,3907497,21
401161229,SA,3005,20
401161229,SA,3134908,20
401161229,SA,4004,28
401161229,SA,3190,12
401161229,SA,3078576,27
401161229,SA,4277890,11
401161229,SA,3970,0
401161229,SA,3914285,0
401161229,TOR,3439,32
401161229,TOR,3149673,30
401161229,TOR,3934719,29
401161229,TOR,3012,39
401161229,TOR,2595516,31
401161229,TOR,3948153,9
401161229,TOR,3064291,18
401161229,TOR,3137730,20
401161229,TOR,4278031,3
401161229,TOR,3059311,16
401161229,TOR,3919454,12
401161229,TOR,2580980,0
401161229,TOR,3134881,0
401161230,GS,6589,23
401161230,GS,2991039,29
401161230,GS,4065836,27
401161230,GS,6429,28
401161230,GS,3136776,35
401161230,GS,4401415,7
401161230,GS,3133817,30
401161230,GS,2991282,17
401161230,GS,3934621,18
401161230,GS,4277956,27
401161230,GS,3155535,0
401161230,MEM,6581,20
401161230,MEM,3155526,26
401161230,MEM,4277961,28
401161230,MEM,6477,29
401161230,MEM,4279888,30
401161230,MEM,2993874,13
401161230,MEM,3113297,2
401161230,MEM,3906665,19
401161230,MEM,2488958,17
401161230,MEM,3135045,16
401161230,MEM,3135046,18
401161230,MEM,4066436,20
401161230,MEM,4230554,2
401161231,LAC,4264,13
401161231,LAC,6450,36
401161231,LAC,4017837,18
401161231,LAC,3964,28
401161231,LAC,2799,35
401161231,LAC,2327577,17
401161231,LAC,6591,21
401161231,LAC,2991055,30
401161231,LAC,3943606,2
401161231,LAC,2488826,15
401161231,LAC,3056273,0
401161231,LAC,3907823,0
401161231,LAC,3914044,25
401161231,DEN,2991070,33
401161231,DEN,3112335,31
401161231,DEN,6579,32
401161231,DEN,2999547,24
401161231,DEN,3936299,38
401161231,DEN,4278104,19
401161231,DEN,2528693,27
401161231,DEN,4230557,0
401161231,DEN,2488653,17
401161231,DEN,3059310,18
401161231,DEN,4017839,0
401161231,DEN,3907822,0
401161232,CHA,4066383,33
401161232,CHA,4278078,24
401161232,CHA,6427,18
401161232,CHA,3133601,36
401161232,CHA,3074752,28
401161232,CHA,3416,32
401161232,CHA,2579258,30
401161232,CHA,3907821,32
401161232,CHA,4066262,7
401161232,CHA,2797,0
401161232,CHA,6601,0
401161232,CHA,3138161,0
401161232,CHA,2999409,0
401161232,PHX,3032978,23
401161232,PHX,2968439,22
401161232,PHX,4011,34
401161232,PHX,3133603,40
401161232,PHX,3136193,38
401161232,PHX,3138196,7
401161232,PHX,4278129,26
401161232,PHX,2530276,10
401161232,PHX,3147657,26
401161232,PHX,4230550,14
401161232,PHX,3919335,0
401161232,PHX,3133635,0
401161232,PHX,4065733,0
401161233,NO,4341,37
401161233,NO,3135048,34
401161233,NO,6460,37
401161233,NO,3062679,36
401161233,NO,4066421,46
401161233,NO,3137713,11
401161233,NO,4397077,19
401161233,NO,4065651,32
401161233,NO,4278039,14
401161233,NO,4257,0
401161233,NO,3913176,0
401161233,NO,3024,0
401161233,NO,3001308,0
401161233,DET,2528353,28
401161233,DET,4423314,35
401161233,DET,6585,22
401161233,DET,3133602,34
401161233,DET,4065670,21
401161233,DET,6461,18
401161233,DET,3058254,26
401161233,DET,4017843,5
401161233,DET,3456,37
401161233,DET,2530572,31
401161233,DET,4066212,8
401161233,DET,2488945,0
401161234,PHI,6622,18
401161234,PHI,6440,39
401161234,PHI,3213,35
401161234,PHI,2581190,36
401161234,PHI,3907387,40
401161234,PHI,2608892,13
401161234,PHI,2579260,4
401161234,PHI,2968361,4
401161234,PHI,3929325,23
401161234,PHI,3907498,28
401161234,PHI,2579321,0
401161234,PHI,6615,0
401161234,PHI,3915195,0
401161234,IND,3155942,32
401161234,IND,2982334,37
401161234,IND,3133628,33
401161234,IND,6603,23
401161234,IND,2566769,34
401161234,IND,2284101,28
401161234,IND,2528588,14
401161234,IND,4348700,4
401161234,IND,2530530,14
401161234,IND,3922230,21
401161234,IND,4066425,0
401161234,IND,2608891,0
401161234,IND,3136485,0
401161235,CHI,4066336,25
401161235,CHI,4278049,20
401161235,CHI,6621,26
401161235,CHI,2991139,30
401161235,CHI,3064440,35
401161235,CHI,3113587,2
401161235,CHI,3244,24
401161235,CHI,3149010,14
401161235,CHI,3064560,22
401161235,CHI,2991047,13
401161235,CHI,2991274,2
401161235,CHI,2999549,2
401161235,CHI,4395651,23
401161235,BOS,4065648,30
401161235,BOS,4249,30
401161235,BOS,6447,26
401161235,BOS,6479,28
401161235,BOS,3917376,30
401161235,BOS,3056602,13
401161235,BOS,4066218,16
401161235,BOS,4237215,5
401161235,BOS,6507,24
401161235,BOS,4397008,2
401161235,BOS,2596112,2
401161235,BOS,2990992,33
401161236,OKC,3428,33
401161236,OKC,4230546,28
401161236,OKC,2991235,29
401161236,OKC,2779,30
401161236,OKC,4278073,36
401161236,OKC,2595435,7
401161236,OKC,4423545,16
401161236,OKC,2490089,19
401161236,OKC,3032979,29
401161236,OKC,4080610,12
401161236,OKC,3059358,0
401161236,OKC,3912332,0
401161236,MIN,2490620,30
401161236,MIN,3059319,31
401161236,MIN,2534781,16
401161236,MIN,2530780,27
401161236,MIN,4277928,32
401161236,MIN,3078284,12
401161236,MIN,2595231,13
401161236,MIN,3136779,15
401161236,MIN,4396971,18
401161236,MIN,4015,21
401161236,MIN,4065663,25
401161236,MIN,3064427,0
401161237,CHA,4066383,18
401161237,CHA,4278078,33
401161237,CHA,2579258,23
401161237,CHA,3133601,36
401161237,CHA,3074752,39
401161237,CHA,2797,15
401161237,CHA,3416,31
401161237,CHA,2999409,16
401161237,CHA,3907821,22
401161237,CHA,4066262,8
401161237,CHA,6601,0
401161237,CHA,3138161,0
401161237,CHA,6427,0
401161237,POR,1975,37
401161237,POR,6637,30
401161237,POR,4262,24
401161237,POR,6606,36
401161237,POR,2490149,37
401161237,POR,3276,21
401161237,POR,4395688,9
401161237,POR,4395652,5
401161237,POR,4277843,22
401161237,POR,4351851,20
401161237,POR,2995706,0
401161237,POR,3102530,0
401161238,ORL,3064290,30
401161238,ORL,6478,37
401161238,ORL,2578240,23
401161238,ORL,6588,37
401161238,ORL,4066636,31
401161238,ORL,3074797,19
401161238,ORL,4277919,11
401161238,ORL,3415,25
401161238,ORL,6619,28
401161238,ORL,2982249,0
401161238,ORL,3059280,0
401161238,ORL,4064727,0
401161238,SAC,4269,33
401161238,SAC,4065649,13
401161238,SAC,6578,37
401161238,SAC,2990984,38
401161238,SAC,4066259,37
401161238,SAC,4277848,23
401161238,SAC,2426,29
401161238,SAC,2580913,4
401161238,SAC,6446,22
401161238,SAC,3914058,3
401161238,SAC,3906671,0
401161238,SAC,4066264,0
401161238,SAC,2991018,0
401161239,CLE,3449,33
401161239,CLE,3893016,35
401161239,CLE,6474,34
401161239,CLE,4277811,35
401161239,CLE,4396907,29
401161239,CLE,6592,9
401161239,CLE,2530923,22
401161239,CLE,3912848,5
401161239,CLE,4066367,5
401161239,CLE,6448,12
401161239,CLE,3102528,20
401161239,CLE,2489716,0
401161239,LAL,1966,33
401161239,LAL,3988,23
401161239,LAL,3134907,26
401161239,LAL,3452,23
401161239,LAL,4240,21
401161239,LAL,3201,17
401161239,LAL,2384,25
401161239,LAL,2566745,20
401161239,LAL,2489530,3
401161239,LAL,2581018,26
401161239,LAL,2991350,23
401161239,LAL,6583,0
401161240,PHX,3032978,19
401161240,PHX,2968439,15
401161240,PHX,3133603,38
401161240,PHX,3136193,34
401161240,PHX,4230550,22
401161240,PHX,3138196,25
401161240,PHX,3919335,1
401161240,PHX,4278129,33
401161240,PHX,2530276,15
401161240,PHX,3133635,6
401161240,PHX,3147657,33
401161240,PHX,4065733,1
401161240,PHX,4423887,0
401161240,ATL,3908845,29
401161240,ATL,4065732,24
401161240,ATL,4395627,23
401161240,ATL,4066372,38
401161240,ATL,4277905,38
401161240,ATL,3064559,27
401161240,ATL,3062667,22
401161240,ATL,136,9
401161240,ATL,2531210,17
401161240,ATL,3057198,13
401161240,ATL,3058030,0
401161240,ATL,4066508,0
401161241,UTAH,2583632,32
401161241,UTAH,2968436,30
401161241,UTAH,3593,32
401161241,UTAH,3032976,37
401161241,UTAH,3908809,36
401161241,UTAH,2990969,16
401161241,UTAH,4065673,11
401161241,UTAH,2528426,26
401161241,UTAH,3892818,16
401161241,UTAH,3908819,4
401161241,UTAH,3934721,0
401161241,UTAH,4259,0
401161241,UTAH,3911566,0
401161241,BKN,2990962,30
401161241,BKN,2528794,34
401161241,BKN,4066328,25
401161241,BKN,2580782,36
401161241,BKN,6442,32
401161241,BKN,4230548,16
401161241,BKN,3442,23
401161241,BKN,3893019,18
401161241,BKN,2991043,26
401161241,BKN,2982340,0
401161241,BKN,4348696,0
401161241,BKN,3138154,0
401161242,HOU,3033,38
401161242,HOU,3102529,33
401161242,HOU,6617,27
401161242,HOU,2578213,38
401161242,HOU,3992,39
401161242,HOU,2991155,26
401161242,HOU,984,2
401161242,HOU,4222252,4
401161242,HOU,3431,32
401161242,HOU,3028,0
401161242,HOU,2991255,0
401161242,HOU,3906603,0
401161242,MEM,2993874,17
401161242,MEM,3155526,31
401161242,MEM,4277961,30
401161242,MEM,6477,28
401161242,MEM,4279888,37
401161242,MEM,3906665,24
401161242,MEM,2488958,14
401161242,MEM,3135045,21
401161242,MEM,3135046,11
401161242,MEM,4066436,26
401161242,MEM,6581,0
401161242,MEM,3133838,0
401161242,MEM,4230554,0
401161243,NY,3986,11
401161243,NY,3064514,27
401161243,NY,4395625,32
401161243,NY,2528779,23
401161243,NY,2583639,19
401161243,NY,3064482,27
401161243,NY,4278075,23
401161243,NY,4351852,18
401161243,NY,3981,18
401161243,NY,2991149,8
401161243,NY,3134880,24
401161243,NY,3907525,9
401161243,MIL,6609,21
401161243,MIL,3032977,21
401161243,MIL,3448,22
401161243,MIL,4032,26
401161243,MIL,4238,21
401161243,MIL,2767,16
401161243,MIL,3136491,10
401161243,MIL,4011991,21
401161243,MIL,3057187,12
401161243,MIL,3438,11
401161243,MIL,2011,21
401161243,MIL,2578239,19
401161243,MIL,3934673,17
401161244,DAL,2531367,24
401161244,DAL,2578185,27
401161244,DAL,2960236,24
401161244,DAL,2528210,24
401161244,DAL,3945274,27
401161244,DAL,3138156,19
401161244,DAL,4376,20
401161244,DAL,3055,8
401161244,DAL,3445,8
401161244,DAL,2326307,16
401161244,DAL,3064237,8
401161244,DAL,3064447,20
401161244,DAL,3934672,13
401161244,GS,6589,27
401161244,GS,2991039,32
401161244,GS,4065836,27
401161244,GS,6429,29
401161244,GS,3136776,34
401161244,GS,4401415,12
401161244,GS,3133817,25
401161244,GS,2991282,18
401161244,GS,3934621,7
401161244,GS,4277956,28
401161244,GS,3155535,0
401161245,CLE,2530923,21
401161245,CLE,3893016,24
401161245,CLE,6474,24
401161245,CLE,4277811,28
401161245,CLE,4396907,28
401161245,CLE,6592,19
401161245,CLE,2580365,19
401161245,CLE,3912848,14
401161245,CLE,4066367,6
401161245,CLE,6448,26
401161245,CLE,2489716,12
401161245,CLE,3102528,20
401161245,LAC,6450,29
401161245,LAC,6591,27
401161245,LAC,4017837,25
401161245,LAC,3964,23
401161245,LAC,3914044,26
401161245,LAC,4264,4
401161245,LAC,2327577,21
401161245,LAC,2991055,20
401161245,LAC,2799,20
401161245,LAC,3943606,16
401161245,LAC,2488826,14
401161245,LAC,3056273,5
401161245,LAC,3907823,12
401161246,DET,2528353,30
401161246,DET,4423314,28
401161246,DET,6585,38
401161246,DET,3456,29
401161246,DET,4065670,24
401161246,DET,6461,22
401161246,DET,3058254,8
401161246,DET,4017843,3
401161246,DET,2488945,19
401161246,DET,2530572,12
401161246,DET,3133602,29
401161246,DET,4066212,0
401161246,BOS,4249,32
401161246,BOS,2451037,28
401161246,BOS,6479,33
401161246,BOS,2990992,34
401161246,BOS,3917376,37
401161246,BOS,3056602,7
401161246,BOS,4066218,16
401161246,BOS,6447,16
401161246,BOS,4237215,2
401161246,BOS,6507,21
401161246,BOS,4397008,12
401161246,BOS,2596112,2
401161247,BKN,2990962,33
401161247,BKN,2528794,26
401161247,BKN,4066328,31
401161247,BKN,2580782,37
401161247,BKN,6442,37
401161247,BKN,3194,16
401161247,BKN,4230548,12
401161247,BKN,3442,10
401161247,BKN,3893019,15
401161247,BKN,2991043,23
401161247,BKN,2982340,0
401161247,BKN,4348696,0
401161247,BKN,3138154,0
401161247,PHI,6440,35
401161247,PHI,3213,33
401161247,PHI,2581190,37
401161247,PHI,3907387,41
401161247,PHI,3907498,27
401161247,PHI,6622,11
401161247,PHI,2608892,13
401161247,PHI,2579321,15
401161247,PHI,2968361,7
401161247,PHI,3929325,21
401161247,PHI,6615,0
401161247,PHI,2579260,0
401161247,PHI,3915195,0
401161248,SA,3136196,28
401161248,SA,2983,34
401161248,SA,2994526,26
401161248,SA,3978,35
401161248,SA,3907497,26
401161248,SA,3005,20
401161248,SA,3134908,14
401161248,SA,4004,23
401161248,SA,3190,5
401161248,SA,3078576,22
401161248,SA,4277890,8
401161248,SA,3970,0
401161248,SA,3914285,0
401161248,MIA,6430,34
401161248,MIA,3157465,39
401161248,MIA,6605,28
401161248,MIA,4066261,36
401161248,MIA,3056247,31
401161248,MIA,3999,14
401161248,MIA,2489663,9
401161248,MIA,3936099,25
401161248,MIA,3423,25
401161248,MIA,2184,0
401161248,MIA,3923253,0
401161248,MIA,6628,0
401161248,MIA,4395725,0
401161249,WSH,2774,30
401161249,WSH,3934723,12
401161249,WSH,6472,25
401161249,WSH,6580,27
401161249,WSH,3134903,18
401161249,WSH,4278508,17
401161249,WSH,6426,26
401161249,WSH,3893059,18
401161249,WSH,4305,23
401161249,WSH,2531797,25
401161249,WSH,4348697,18
401161249,WSH,3064528,0
401161249,CHI,4066336,31
401161249,CHI,4278049,1
401161249,CHI,6621,28
401161249,CHI,2991139,30
401161249,CHI,3064440,33
401161249,CHI,3113587,7
401161249,CHI,3244,21
401161249,CHI,3149010,12
401161249,CHI,3064560,35
401161249,CHI,2991047,17
401161249,CHI,2991274,2
401161249,CHI,4395651,23
401161249,CHI,2999549,0
401161250,IND,3155942,36
401161250,IND,2982334,31
401161250,IND,3133628,23
401161250,IND,6603,28
401161250,IND,2566769,31
401161250,IND,2284101,32
401161250,IND,2528588,18
401161250,IND,4348700,4
401161250,IND,2530530,19
401161250,IND,3922230,18
401161250,IND,4066425,0
401161250,IND,2608891,0
401161250,IND,3136485,0
401161250,MIN,2490620,31
401161250,MIN,3059319,32
401161250,MIN,2534781,29
401161250,MIN,2530780,29
401161250,MIN,4277928,31
401161250,MIN,3078284,11
401161250,MIN,2595231,10
401161250,MIN,3136779,17
401161250,MIN,4396971,8
401161250,MIN,4015,19
401161250,MIN,4065663,22
401161250,MIN,3064427,0
401161251,TOR,3439,29
401161251,TOR,3149673,30
401161251,TOR,3934719,39
401161251,TOR,3206,32
401161251,TOR,3012,33
401161251,TOR,3064291,8
401161251,TOR,3137730,25
401161251,TOR,2595516,27
401161251,TOR,3919454,17
401161251,TOR,2580980,0
401161251,TOR,3948153,0
401161251,TOR,3134881,0
401161251,TOR,3059311,0
401161251,OKC,3428,31
401161251,OKC,4230546,21
401161251,OKC,2991235,7
401161251,OKC,2779,34
401161251,OKC,4278073,38
401161251,OKC,3059358,7
401161251,OKC,3143565,1
401161251,OKC,4423545,18
401161251,OKC,2490089,31
401161251,OKC,3912332,11
401161251,OKC,3032979,37
401161251,OKC,4080610,6
401161252,CHA,4066383,31
401161252,CHA,4278078,31
401161252,CHA,2579258,22
401161252,CHA,3133601,37
401161252,CHA,3074752,36
401161252,CHA,2797,10
401161252,CHA,3416,21
401161252,CHA,3138161,2
401161252,CHA,6427,15
401161252,CHA,2999409,11
401161252,CHA,3907821,24
401161252,CHA,6601,0
401161252,CHA,4066262,0
401161252,DEN,2991070,31
401161252,DEN,2528693,26
401161252,DEN,3112335,29
401161252,DEN,6579,31
401161252,DEN,3936299,15
401161252,DEN,4017839,18
401161252,DEN,4278104,28
401161252,DEN,4230557,2
401161252,DEN,2488653,17
401161252,DEN,3059310,24
401161252,DEN,3907822,7
401161252,DEN,3923250,13
401161253,POR,1975,34
401161253,POR,6637,32
401161253,POR,4262,37
401161253,POR,6606,38
401161253,POR,2490149,38
401161253,POR,3276,12
401161253,POR,4395652,13
401161253,POR,4277843,15
401161253,POR,4351851,21
401161253,POR,2995706,0
401161253,POR,4395688,0
401161253,POR,3102530,0
401161253,HOU,3033,30
401161253,HOU,3102529,36
401161253,HOU,2578213,24
401161253,HOU,3468,42
401161253,HOU,3992,36
401161253,HOU,2991155,22
401161253,HOU,4222252,1
401161253,HOU,6617,18
401161253,HOU,3431,31
401161253,HOU,3028,0
401161253,HOU,984,0
401161253,HOU,3906603,0
401161254,DAL,2531367,35
401161254,DAL,2578185,39
401161254,DAL,2960236,30
401161254,DAL,2528210,31
401161254,DAL,3945274,34
401161254,DAL,3138156,21
401161254,DAL,2326307,26
401161254,DAL,3064447,14
401161254,DAL,3934672,10
401161254,DAL,4376,0
401161254,DAL,3102531,0
401161254,DAL,3055,0
401161254,DAL,3445,0
401161254,SAC,4269,36
401161254,SAC,6578,39
401161254,SAC,4277848,30
401161254,SAC,2990984,37
401161254,SAC,4066259,38
401161254,SAC,4065649,9
401161254,SAC,2426,19
401161254,SAC,6446,18
401161254,SAC,2991018,15
401161254,SAC,3906671,0
401161254,SAC,4066264,0
401161254,SAC,2580913,0
401161254,SAC,3914058,0
401161255,ORL,3064290,38
401161255,ORL,3074797,32
401161255,ORL,6478,32
401161255,ORL,2578240,16
401161255,ORL,4066636,33
401161255,ORL,3059280,23
401161255,ORL,3132042,20
401161255,ORL,4277919,16
401161255,ORL,6619,31
401161255,ORL,2982249,0
401161255,ORL,6588,0
401161255,LAL,1966,36
401161255,LAL,3988,17
401161255,LAL,3134907,27
401161255,LAL,3452,22
401161255,LAL,4240,17
401161255,LAL,3201,16
401161255,LAL,2384,26
401161255,LAL,2566745,25
401161255,LAL,2489530,21
401161255,LAL,2581018,29
401161255,LAL,2991350,4
401161255,LAL,6583,0
401161256,PHX,3032978,28
401161256,PHX,4278129,35
401161256,PHX,4011,35
401161256,PHX,3136193,28
401161256,PHX,3147657,35
401161256,PHX,3138196,23
401161256,PHX,3919335,15
401161256,PHX,2968439,15
401161256,PHX,3133635,7
401161256,PHX,4065733,2
401161256,PHX,4230550,14
401161256,PHX,4423887,2
401161256,PHX,2530276,0
401161256,NY,3986,13
401161256,NY,6462,33
401161256,NY,3064514,36
401161256,NY,4395625,14
401161256,NY,2583639,24
401161256,NY,3064482,17
401161256,NY,4278075,17
401161256,NY,4351852,30
401161256,NY,4230547,24
401161256,NY,2991149,26
401161256,NY,3134880,6
401161256,NY,3981,0
401161256,NY,3907525,0
401161257,BOS,4065648,40
401161257,BOS,4249,32
401161257,BOS,2451037,23
401161257,BOS,6479,38
401161257,BOS,2990992,36
401161257,BOS,3056602,20
401161257,BOS,4066218,7
401161257,BOS,6447,16
401161257,BOS,6507,15
401161257,BOS,2596112,13
401161257,BOS,4237215,0
401161257,BOS,4397008,0
401161257,MIL,6609,31
401161257,MIL,3032977,35
401161257,MIL,3448,30
401161257,MIL,4032,29
401161257,MIL,4238,20
401161257,MIL,2767,16
401161257,MIL,3447,8
401161257,MIL,3438,25
401161257,MIL,2011,18
401161257,MIL,2578239,0
401161257,MIL,3934673,28
401161257,MIL,3136491,0
401161257,MIL,3057187,0
401161258,UTAH,2583632,36
401161258,UTAH,2968436,39
401161258,UTAH,3593,40
401161258,UTAH,3032976,39
401161258,UTAH,3908809,42
401161258,UTAH,2990969,15
401161258,UTAH,4065673,14
401161258,UTAH,2528426,21
401161258,UTAH,3892818,15
401161258,UTAH,3908819,3
401161258,UTAH,3934721,0
401161258,UTAH,4259,0
401161258,UTAH,3911566,0
401161258,NO,4341,26
401161258,NO,4257,36
401161258,NO,3913176,41
401161258,NO,3062679,37
401161258,NO,4066421,42
401161258,NO,4397077,13
401161258,NO,6460,28
401161258,NO,4065651,26
401161258,NO,4278039,16
401161258,NO,3137713,0
401161258,NO,3135048,0
401161258,NO,3024,0
401161258,NO,3001308,0
401161259,DEN,2991070,27
401161259,DEN,2528693,17
401161259,DEN,3112335,44
401161259,DEN,3059310,26
401161259,DEN,6579,43
401161259,DEN,4017839,5
401161259,DEN,4278104,29
401161259,DEN,2488653,27
401161259,DEN,3907822,39
401161259,DEN,3923250,7
401161259,DEN,4230557,0
401161259,GS,6589,36
401161259,GS,2991039,31
401161259,GS,2991282,33
401161259,GS,2595209,37
401161259,GS,3136776,36
401161259,GS,3133817,20
401161259,GS,4065836,17
401161259,GS,3907487,11
401161259,GS,6429,32
401161259,GS,4277956,12
401161259,GS,4401415,0
401161260,ORL,3064290,29
401161260,ORL,6478,30
401161260,ORL,2578240,19
401161260,ORL,6588,30
401161260,ORL,4066636,30
401161260,ORL,2982249,5
401161260,ORL,3059280,7
401161260,ORL,3074797,28
401161260,ORL,3132042,17
401161260,ORL,4277919,19
401161260,ORL,6619,29
401161260,LAC,6450,30
401161260,LAC,6591,14
401161260,LAC,4017837,22
401161260,LAC,3964,21
401161260,LAC,3914044,32
401161260,LAC,4264,13
401161260,LAC,2327577,23
401161260,LAC,2991055,23
401161260,LAC,2799,24
401161260,LAC,3943606,14
401161260,LAC,2488826,17
401161260,LAC,3056273,5
401161260,LAC,3907823,4
401161261,MIN,2490620,34
401161261,MIN,3059319,34
401161261,MIN,3136195,28
401161261,MIN,2530780,30
401161261,MIN,4277928,36
401161261,MIN,3136779,15
401161261,MIN,2534781,20
401161261,MIN,3134916,18
401161261,MIN,4065663,25
401161261,MIN,3078284,0
401161261,MIN,3064427,0
401161261,MIN,4396971,0
401161261,IND,3155942,26
401161261,IND,2982334,34
401161261,IND,3133628,25
401161261,IND,6603,31
401161261,IND,2566769,32
401161261,IND,2284101,26
401161261,IND,2528588,23
401161261,IND,4348700,10
401161261,IND,2530530,16
401161261,IND,3922230,17
401161261,IND,4066425,0
401161261,IND,2608891,0
401161262,CHI,4066336,29
401161262,CHI,3064560,28
401161262,CHI,6621,27
401161262,CHI,2991139,15
401161262,CHI,3064440,36
401161262,CHI,3113587,14
401161262,CHI,3244,32
401161262,CHI,3149010,20
401161262,CHI,2991047,14
401161262,CHI,4395651,25
401161262,CHI,2991274,0
401161262,CHI,2999549,0
401161262,PHI,6440,36
401161262,PHI,3213,32
401161262,PHI,2581190,27
401161262,PHI,3907387,37
401161262,PHI,3907498,36
401161262,PHI,6622,3
401161262,PHI,2579321,11
401161262,PHI,6615,16
401161262,PHI,2968361,14
401161262,PHI,3929325,27
401161262,PHI,3155533,0
401161262,PHI,2579260,0
401161262,PHI,3915195,0
401161263,WSH,2774,19
401161263,WSH,3934723,16
401161263,WSH,6472,16
401161263,WSH,6580,23
401161263,WSH,4348697,29
401161263,WSH,4278508,26
401161263,WSH,6426,28
401161263,WSH,3893059,23
401161263,WSH,4305,32
401161263,WSH,2531797,6
401161263,WSH,3134903,21
401161263,WSH,3064528,0
401161263,TOR,3439,26
401161263,TOR,3149673,25
401161263,TOR,3934719,26
401161263,TOR,3206,29
401161263,TOR,3012,22
401161263,TOR,2580980,5
401161263,TOR,3948153,5
401161263,TOR,3064291,19
401161263,TOR,3134881,5
401161263,TOR,3137730,22
401161263,TOR,3059311,5
401161263,TOR,2595516,30
401161263,TOR,3919454,24
401161264,CLE,3449,34
401161264,CLE,3893016,21
401161264,CLE,6474,25
401161264,CLE,4277811,37
401161264,CLE,4396907,31
401161264,CLE,6592,13
401161264,CLE,2530923,27
401161264,CLE,2580365,24
401161264,CLE,2489716,12
401161264,CLE,3102528,16
401161264,CLE,3912848,0
401161264,CLE,4066367,0
401161264,MEM,6581,30
401161264,MEM,3155526,28
401161264,MEM,4277961,20
401161264,MEM,6477,32
401161264,MEM,4279888,33
401161264,MEM,2993874,5
401161264,MEM,3906665,25
401161264,MEM,2488958,15
401161264,MEM,3135045,16
401161264,MEM,3135046,14
401161264,MEM,4066436,20
401161264,MEM,4230554,0
401161265,MIA,6430,34
401161265,MIA,3157465,36
401161265,MIA,6605,15
401161265,MIA,4066261,32
401161265,MIA,3056247,31
401161265,MIA,3999,21
401161265,MIA,2489663,18
401161265,MIA,3936099,25
401161265,MIA,3423,29
401161265,MIA,2184,0
401161265,MIA,3923253,0
401161265,MIA,6628,0
401161265,MIA,4395725,0
401161265,OKC,3428,33
401161265,OKC,4230546,7
401161265,OKC,2991280,21
401161265,OKC,2779,34
401161265,OKC,4278073,37
401161265,OKC,3059358,4
401161265,OKC,4423545,15
401161265,OKC,2490089,27
401161265,OKC,3032979,38
401161265,OKC,4080610,23
401161265,OKC,3912332,0
401161266,ATL,3908845,26
401161266,ATL,4065732,29
401161266,ATL,4395627,36
401161266,ATL,4066372,35
401161266,ATL,4277905,35
401161266,ATL,4277952,8
401161266,ATL,3064559,13
401161266,ATL,3062667,19
401161266,ATL,136,22
401161266,ATL,3057198,16
401161266,ATL,4066508,0
401161266,SA,3136196,20
401161266,SA,2983,28
401161266,SA,2994526,26
401161266,SA,3978,38
401161266,SA,3907497,33
401161266,SA,3134908,20
401161266,SA,4004,24
401161266,SA,3190,17
401161266,SA,3078576,18
401161266,SA,4277890,17
401161266,SA,3914283,0
401161266,SA,3914285,0
401161266,SA,4395723,0
401161267,POR,1975,32
401161267,POR,6637,31
401161267,POR,4262,36
401161267,POR,6606,40
401161267,POR,2490149,12
401161267,POR,3276,17
401161267,POR,2995706,19
401161267,POR,4395652,3
401161267,POR,4277843,22
401161267,POR,4351851,28
401161267,POR,4395688,0
401161267,POR,3102530,0
401161267,DAL,2531367,28
401161267,DAL,2578185,30
401161267,DAL,2960236,33
401161267,DAL,2528210,32
401161267,DAL,3945274,34
401161267,DAL,3138156,21
401161267,DAL,2326307,29
401161267,DAL,3064447,15
401161267,DAL,3934672,19
401161267,DAL,4376,0
401161267,DAL,3055,0
401161267,DAL,3445,0
401161267,DAL,3064237,0
401161268,LAC,6450,34
401161268,LAC,4017837,16
401161268,LAC,3964,31
401161268,LAC,2488826,32
401161268,LAC,3914044,30
401161268,LAC,4264,6
401161268,LAC,2327577,15
401161268,LAC,2991055,25
401161268,LAC,2799,31
401161268,LAC,3943606,21
401161268,LAC,3907823,0
401161268,LAC,3059306,0
401161268,NO,4257,28
401161268,NO,3913176,41
401161268,NO,3024,30
401161268,NO,3062679,35
401161268,NO,4066421,39
401161268,NO,4341,6
401161268,NO,4397077,16
401161268,NO,6460,18
401161268,NO,4065651,14
401161268,NO,4278039,14
401161268,NO,3135048,0
401161268,NO,3995,0
401161268,NO,3133626,0
401161269,MIL,6609,29
401161269,MIL,3032977,25
401161269,MIL,3448,26
401161269,MIL,4032,27
401161269,MIL,4238,28
401161269,MIL,2767,11
401161269,MIL,3136491,5
401161269,MIL,4011991,21
401161269,MIL,3057187,5
401161269,MIL,3438,15
401161269,MIL,2011,17
401161269,MIL,2578239,5
401161269,MIL,3934673,26
401161269,BKN,2990962,24
401161269,BKN,4230548,19
401161269,BKN,4066328,29
401161269,BKN,2580782,27
401161269,BKN,6442,31
401161269,BKN,3194,20
401161269,BKN,4348696,13
401161269,BKN,4278067,19
401161269,BKN,3893019,20
401161269,BKN,2991043,25
401161269,BKN,3137795,7
401161269,BKN,3138154,7
401161269,BKN,3907788,0
401161270,PHX,3032978,37
401161270,PHX,4278129,36
401161270,PHX,4011,36
401161270,PHX,3136193,41
401161270,PHX,3147657,40
401161270,PHX,3919335,3
401161270,PHX,2968439,12
401161270,PHX,3133635,17
401161270,PHX,4065733,5
401161270,PHX,4230550,12
401161270,PHX,3138196,0
401161270,PHX,2530276,0
401161270,PHX,4423887,0
401161270,BOS,4065648,39
401161270,BOS,4066218,13
401161270,BOS,4249,41
401161270,BOS,2451037,29
401161270,BOS,2990992,33
401161270,BOS,3056602,9
401161270,BOS,6447,19
401161270,BOS,6507,23
401161270,BOS,2596112,17
401161270,BOS,4278080,17
401161270,BOS,4237215,0
401161270,BOS,4397008,0
401161271,DET,2528353,19
401161271,DET,4423314,28
401161271,DET,6585,27
401161271,DET,3456,26
401161271,DET,4065670,21
401161271,DET,6461,20
401161271,DET,3058254,16
401161271,DET,4017843,5
401161271,DET,2488945,22
401161271,DET,2530572,27
401161271,DET,3133602,29
401161271,DET,6443,0
401161271,ATL,3908845,27
401161271,ATL,4065732,31
401161271,ATL,4395627,30
401161271,ATL,4066372,24
401161271,ATL,4277905,27
401161271,ATL,2595231,13
401161271,ATL,4277952,18
401161271,ATL,3064559,12
401161271,ATL,4015,25
401161271,ATL,3062667,20
401161271,ATL,136,10
401161271,ATL,3057198,4
401161271,ATL,4066508,0
401161272,PHI,6440,34
401161272,PHI,3213,33
401161272,PHI,2581190,34
401161272,PHI,3907387,40
401161272,PHI,3907498,29
401161272,PHI,6622,14
401161272,PHI,2608892,15
401161272,PHI,2579321,11
401161272,PHI,2968361,8
401161272,PHI,3929325,22
401161272,PHI,6615,0
401161272,PHI,2579260,0
401161272,PHI,3915195,0
401161272,NY,3986,24
401161272,NY,6462,36
401161272,NY,3064514,34
401161272,NY,2528779,35
401161272,NY,2583639,32
401161272,NY,3064482,14
401161272,NY,4278075,12
401161272,NY,4351852,24
401161272,NY,4230547,17
401161272,NY,3907525,13
401161272,NY,4397205,0
401161272,NY,3981,0
401161272,NY,2991149,0
401161273,CLE,3449,34
401161273,CLE,3893016,28
401161273,CLE,6474,37
401161273,CLE,4277811,34
401161273,CLE,4396907,38
401161273,CLE,2530923,20
401161273,CLE,2580365,25
401161273,CLE,2489716,9
401161273,CLE,3102528,15
401161273,CLE,3912848,0
401161273,CLE,4066367,0
401161273,CHI,4066336,33
401161273,CHI,3064560,22
401161273,CHI,6621,29
401161273,CHI,2991139,33
401161273,CHI,3064440,39
401161273,CHI,3113587,14
401161273,CHI,3244,15
401161273,CHI,3149010,22
401161273,CHI,2991047,5
401161273,CHI,2991274,8
401161273,CHI,4395651,20
401161273,CHI,2999549,0
401161274,TOR,3149673,24
401161274,TOR,3934719,24
401161274,TOR,3206,20
401161274,TOR,3012,28
401161274,TOR,2991230,29
401161274,TOR,3439,24
401161274,TOR,3948153,3
401161274,TOR,3064291,24
401161274,TOR,3134881,3
401161274,TOR,3137730,22
401161274,TOR,3059311,3
401161274,TOR,2595516,25
401161274,TOR,3919454,11
401161274,MIN,2490620,33
401161274,MIN,3059319,36
401161274,MIN,3136195,27
401161274,MIN,2530780,26
401161274,MIN,4277928,31
401161274,MIN,3064427,3
401161274,MIN,3136779,15
401161274,MIN,2534781,18
401161274,MIN,4396971,3
401161274,MIN,3134916,21
401161274,MIN,4065663,27
401161274,MIN,3078284,0
401161275,LAL,1966,35
401161275,LAL,3988,33
401161275,LAL,3134907,37
401161275,LAL,3452,18
401161275,LAL,4240,18
401161275,LAL,3201,4
401161275,LAL,2384,25
401161275,LAL,2566745,5
401161275,LAL,2489530,13
401161275,LAL,2581018,34
401161275,LAL,2991350,18
401161275,LAL,6583,0
401161275,HOU,3033,35
401161275,HOU,3102529,33
401161275,HOU,2578213,24
401161275,HOU,3468,40
401161275,HOU,3992,39
401161275,HOU,3028,7
401161275,HOU,2991155,23
401161275,HOU,984,10
401161275,HOU,3431,30
401161275,HOU,2991255,0
401161275,HOU,4222252,0
401161275,HOU,3906603,0
401161276,ORL,3064290,35
401161276,ORL,6478,33
401161276,ORL,2578240,16
401161276,ORL,6588,32
401161276,ORL,4066636,34
401161276,ORL,3074797,21
401161276,ORL,3132042,12
401161276,ORL,4277919,15
401161276,ORL,6619,27
401161276,ORL,2596108,14
401161276,ORL,2982249,0
401161276,ORL,3059280,0
401161276,GS,3133817,35
401161276,GS,2991282,25
401161276,GS,6429,32
401161276,GS,2595209,33
401161276,GS,3136776,35
401161276,GS,4065836,21
401161276,GS,3907487,15
401161276,GS,4065635,17
401161276,GS,4277956,28
401161276,GS,6589,0
401161276,GS,2991039,0
401161277,POR,1975,32
401161277,POR,4395652,20
401161277,POR,4262,32
401161277,POR,6606,36
401161277,POR,4351851,35
401161277,POR,2995706,29
401161277,POR,4395688,20
401161277,POR,4277843,36
401161277,POR,3276,0
401161277,POR,6637,0
401161277,POR,3102530,0
401161277,POR,2490149,0
401161277,OKC,4423545,31
401161277,OKC,2991235,24
401161277,OKC,2779,28
401161277,OKC,4080610,33
401161277,OKC,4278073,35
401161277,OKC,3059358,17
401161277,OKC,3143565,0
401161277,OKC,2490089,5
401161277,OKC,2991280,19
401161277,OKC,3032979,29
401161277,OKC,4397020,20
401161277,OKC,3912332,0
401161278,SAC,4269,33
401161278,SAC,6578,36
401161278,SAC,4277848,30
401161278,SAC,2990984,35
401161278,SAC,4066259,31
401161278,SAC,4065649,3
401161278,SAC,2580913,12
401161278,SAC,6446,23
401161278,SAC,2991018,3
401161278,SAC,3037789,23
401161278,SAC,3914058,11
401161278,UTAH,2583632,33
401161278,UTAH,2968436,31
401161278,UTAH,3593,31
401161278,UTAH,3032976,34
401161278,UTAH,3908809,32
401161278,UTAH,2990969,16
401161278,UTAH,3934721,3
401161278,UTAH,4065673,13
401161278,UTAH,3195,15
401161278,UTAH,2528426,27
401161278,UTAH,3892818,3
401161278,UTAH,3908819,3
401161278,UTAH,4259,0
401161279,MIA,6430,33
401161279,MIA,3157465,35
401161279,MIA,6605,29
401161279,MIA,4066261,36
401161279,MIA,3056247,36
401161279,MIA,3999,15
401161279,MIA,2489663,7
401161279,MIA,3936099,16
401161279,MIA,3423,24
401161279,MIA,4395725,9
401161279,MIA,2184,0
401161279,MIA,3923253,0
401161279,MIA,6628,0
401161279,SA,3136196,21
401161279,SA,2983,36
401161279,SA,2994526,16
401161279,SA,3978,38
401161279,SA,3907497,22
401161279,SA,3134908,12
401161279,SA,4004,29
401161279,SA,3190,21
401161279,SA,3078576,26
401161279,SA,4277890,20
401161279,SA,3914283,0
401161279,SA,3914285,0
401161279,SA,4395723,0
401161280,IND,3155942,41
401161280,IND,2982334,33
401161280,IND,3133628,20
401161280,IND,6603,23
401161280,IND,2566769,36
401161280,IND,2284101,25
401161280,IND,2528588,21
401161280,IND,4348700,6
401161280,IND,2530530,22
401161280,IND,3922230,13
401161280,IND,4066425,0
401161280,IND,2608891,0
401161280,IND,3136485,0
401161280,DEN,2991070,33
401161280,DEN,2528693,25
401161280,DEN,3112335,32
401161280,DEN,3059310,29
401161280,DEN,6579,36
401161280,DEN,4017839,14
401161280,DEN,4278104,23
401161280,DEN,2488653,18
401161280,DEN,3907822,14
401161280,DEN,3923250,17
401161280,DEN,4278077,0
401161280,DEN,4230557,0
401161281,DET,2528353,29
401161281,DET,4423314,23
401161281,DET,6585,35
401161281,DET,3456,34
401161281,DET,4065670,26
401161281,DET,6461,18
401161281,DET,3058254,13
401161281,DET,2488945,11
401161281,DET,2530572,26
401161281,DET,3133602,24
401161281,DET,4017843,0
401161281,DET,6443,0
401161281,WSH,2774,23
401161281,WSH,6472,18
401161281,WSH,6580,33
401161281,WSH,3134903,19
401161281,WSH,4348697,22
401161281,WSH,3064528,3
401161281,WSH,4278508,25
401161281,WSH,6426,23
401161281,WSH,3934723,22
401161281,WSH,4305,25
401161281,WSH,2531797,25
401161281,WSH,3918423,0
401161282,TOR,3149673,29
401161282,TOR,3934719,21
401161282,TOR,3206,23
401161282,TOR,3012,29
401161282,TOR,2991230,26
401161282,TOR,3439,24
401161282,TOR,3064291,20
401161282,TOR,3137730,23
401161282,TOR,2595516,25
401161282,TOR,3919454,19
401161282,TOR,3948153,0
401161282,TOR,3134881,0
401161282,TOR,3059311,0
401161282,ATL,3908845,37
401161282,ATL,4065732,27
401161282,ATL,4395627,35
401161282,ATL,4066372,30
401161282,ATL,4277905,39
401161282,ATL,4277952,16
401161282,ATL,3064559,17
401161282,ATL,4015,11
401161282,ATL,3062667,17
401161282,ATL,136,9
401161282,ATL,3057198,2
401161282,ATL,2595231,0
401161282,ATL,4066508,0
401161283,PHI,6440,34
401161283,PHI,3213,26
401161283,PHI,2581190,32
401161283,PHI,3907387,42
401161283,PHI,3907498,33
401161283,PHI,6622,14
401161283,PHI,3155533,9
401161283,PHI,2579321,5
401161283,PHI,6615,6
401161283,PHI,2968361,16
401161283,PHI,3929325,24
401161283,PHI,2579260,0
401161283,PHI,3915195,0
401161283,BKN,2990962,31
401161283,BKN,2528794,33
401161283,BKN,4066328,31
401161283,BKN,2580782,35
401161283,BKN,4023,20
401161283,BKN,4348696,12
401161283,BKN,4230548,17
401161283,BKN,4278067,17
401161283,BKN,3893019,15
401161283,BKN,2991043,29
401161283,BKN,3137795,0
401161283,BKN,3138154,0
401161284,ORL,3064290,33
401161284,ORL,6478,31
401161284,ORL,2578240,15
401161284,ORL,6588,32
401161284,ORL,4066636,31
401161284,ORL,2982249,2
401161284,ORL,3074797,18
401161284,ORL,3132042,15
401161284,ORL,4277919,15
401161284,ORL,6619,31
401161284,ORL,2596108,17
401161284,CHA,4066383,27
401161284,CHA,4278078,35
401161284,CHA,2579258,23
401161284,CHA,3133601,36
401161284,CHA,3074752,31
401161284,CHA,3416,17
401161284,CHA,3138161,13
401161284,CHA,6427,12
401161284,CHA,2999409,9
401161284,CHA,3907821,16
401161284,CHA,4066262,22
401161284,CHA,2797,0
401161284,CHA,6601,0
401161285,NY,3986,21
401161285,NY,6462,30
401161285,NY,3064514,27
401161285,NY,2528779,30
401161285,NY,2583639,28
401161285,NY,3064482,21
401161285,NY,4278075,15
401161285,NY,4351852,27
401161285,NY,4230547,20
401161285,NY,2991149,21
401161285,NY,4397205,0
401161285,NY,3981,0
401161285,NY,3907525,0
401161285,CLE,3449,30
401161285,CLE,3893016,33
401161285,CLE,6474,35
401161285,CLE,4277811,35
401161285,CLE,4396907,35
401161285,CLE,2580365,28
401161285,CLE,4066367,3
401161285,CLE,3149036,3
401161285,CLE,2489716,13
401161285,CLE,3102528,25
401161285,CLE,6592,0
401161286,SAC,4269,37
401161286,SAC,6578,33
401161286,SAC,4277848,38
401161286,SAC,2990984,43
401161286,SAC,4066259,38
401161286,SAC,2580913,14
401161286,SAC,6446,18
401161286,SAC,2991018,11
401161286,SAC,3037789,34
401161286,SAC,3914058,0
401161286,SAC,4065649,0
401161286,SAC,4065730,0
401161286,SAC,3913220,0
401161286,MIA,3157465,38
401161286,MIA,3936099,28
401161286,MIA,6605,20
401161286,MIA,4066261,40
401161286,MIA,3056247,43
401161286,MIA,3999,29
401161286,MIA,2489663,18
401161286,MIA,3423,32
401161286,MIA,4395725,17
401161286,MIA,2184,0
401161286,MIA,6430,0
401161286,MIA,3923253,0
401161286,MIA,6628,0
401161287,OKC,3428,35
401161287,OKC,2991235,2
401161287,OKC,2779,33
401161287,OKC,4278073,39
401161287,OKC,4397020,32
401161287,OKC,3059358,8
401161287,OKC,4423545,19
401161287,OKC,2490089,25
401161287,OKC,3032979,34
401161287,OKC,4080610,13
401161287,OKC,2991280,0
401161287,HOU,3033,41
401161287,HOU,3102529,25
401161287,HOU,2578213,20
401161287,HOU,3468,38
401161287,HOU,3992,39
401161287,HOU,3028,12
401161287,HOU,2991155,36
401161287,HOU,3431,29
401161287,HOU,984,0
401161287,HOU,4222252,0
401161287,HOU,2991255,0
401161287,HOU,3906603,0
401161288,NO,3913176,35
401161288,NO,4397077,19
401161288,NO,3024,22
401161288,NO,3995,32
401161288,NO,4066421,34
401161288,NO,4341,29
401161288,NO,6460,21
401161288,NO,3062679,17
401161288,NO,4065651,18
401161288,NO,4278039,13
401161288,NO,4257,0
401161288,NO,3135048,0
401161288,NO,3133626,0
401161288,MEM,6581,18
401161288,MEM,3155526,35
401161288,MEM,4277961,30
401161288,MEM,6477,21
401161288,MEM,4279888,35
401161288,MEM,2993874,14
401161288,MEM,3906665,23
401161288,MEM,2488958,15
401161288,MEM,3135045,13
401161288,MEM,3135046,13
401161288,MEM,4066436,23
401161288,MEM,4230554,0
401161289,CHI,4066336,31
401161289,CHI,3064560,15
401161289,CHI,6621,26
401161289,CHI,2991139,32
401161289,CHI,3064440,36
401161289,CHI,3113587,12
401161289,CHI,3244,28
401161289,CHI,3149010,19
401161289,CHI,2991047,12
401161289,CHI,2991274,2
401161289,CHI,2999549,2
401161289,CHI,4395651,25
401161289,CHI,4349241,0
401161289,MIL,6609,31
401161289,MIL,3032977,31
401161289,MIL,3448,27
401161289,MIL,4032,27
401161289,MIL,4238,29
401161289,MIL,2767,17
401161289,MIL,3136491,2
401161289,MIL,4011991,14
401161289,MIL,3057187,2
401161289,MIL,3438,18
401161289,MIL,2011,22
401161289,MIL,3934673,21
401161289,MIL,2578239,0
401161290,LAL,1966,29
401161290,LAL,3988,24
401161290,LAL,6583,23
401161290,LAL,3452,18
401161290,LAL,4240,23
401161290,LAL,3134907,23
401161290,LAL,3201,5
401161290,LAL,2384,19
401161290,LAL,3026,20
401161290,LAL,2566745,5
401161290,LAL,2489530,14
401161290,LAL,2581018,21
401161290,LAL,2991350,17
401161290,BOS,4065648,29
401161290,BOS,4249,32
401161290,BOS,2451037,17
401161290,BOS,6479,30
401161290,BOS,3917376,32
401161290,BOS,3056602,19
401161290,BOS,4066218,5
401161290,BOS,6447,24
401161290,BOS,4237215,6
401161290,BOS,6507,5
401161290,BOS,4397008,5
401161290,BOS,2596112,9
401161290,BOS,2990992,27
401161291,DEN,2991070,32
401161291,DEN,2528693,16
401161291,DEN,3112335,34
401161291,DEN,3059310,36
401161291,DEN,6579,33
401161291,DEN,4017839,7
401161291,DEN,4278104,30
401161291,DEN,2488653,10
401161291,DEN,3907822,24
401161291,DEN,3923250,19
401161291,DEN,4278077,0
401161291,DEN,4230557,0
401161291,MIN,2490620,33
401161291,MIN,3059319,33
401161291,MIN,3136195,35
401161291,MIN,2530780,29
401161291,MIN,4277928,27
401161291,MIN,3136779,15
401161291,MIN,2534781,13
401161291,MIN,2531210,17
401161291,MIN,3134916,11
401161291,MIN,4065663,27
401161291,MIN,3078284,0
401161291,MIN,3064427,0
401161291,MIN,4396971,0
401161292,SA,3136196,21
401161292,SA,2983,32
401161292,SA,2994526,33
401161292,SA,3978,35
401161292,SA,3907497,24
401161292,SA,3134908,16
401161292,SA,4004,12
401161292,SA,3190,23
401161292,SA,3078576,27
401161292,SA,4277890,18
401161292,SA,3914283,0
401161292,SA,3914285,0
401161292,SA,4395723,0
401161292,PHX,3032978,20
401161292,PHX,4278129,39
401161292,PHX,4011,36
401161292,PHX,3133603,37
401161292,PHX,3136193,39
401161292,PHX,3919335,9
401161292,PHX,3133635,16
401161292,PHX,3147657,32
401161292,PHX,4230550,12
401161292,PHX,3138196,0
401161292,PHX,2968439,0
401161292,PHX,2530276,0
401161292,PHX,4065733,0
401161293,IND,3155942,28
401161293,IND,2982334,24
401161293,IND,3133628,27
401161293,IND,6603,23
401161293,IND,2566769,22
401161293,IND,4066425,3
401161293,IND,2284101,25
401161293,IND,2528588,23
401161293,IND,2608891,4
401161293,IND,4348700,10
401161293,IND,3136485,7
401161293,IND,2530530,23
401161293,IND,3922230,21
401161293,UTAH,2583632,28
401161293,UTAH,2968436,27
401161293,UTAH,3593,32
401161293,UTAH,3032976,31
401161293,UTAH,3908809,31
401161293,UTAH,2990969,20
401161293,UTAH,3934721,4
401161293,UTAH,4065673,17
401161293,UTAH,3195,18
401161293,UTAH,2528426,24
401161293,UTAH,3892818,4
401161293,UTAH,3908819,4
401161293,UTAH,4259,0
401161294,GS,3133817,42
401161294,GS,2991282,32
401161294,GS,6429,39
401161294,GS,2595209,39
401161294,GS,3136776,40
401161294,GS,4065836,22
401161294,GS,3907487,21
401161294,GS,4277956,30
401161294,GS,6589,0
401161294,GS,2991039,0
401161294,GS,3934621,0
401161294,POR,1975,43
401161294,POR,4395652,15
401161294,POR,4262,44
401161294,POR,6606,45
401161294,POR,4351851,46
401161294,POR,2995706,19
401161294,POR,4395688,10
401161294,POR,4397126,2
401161294,POR,4277843,41
401161294,POR,3276,0
401161294,POR,6637,0
401161294,POR,2490149,0
401161295,LAC,6450,36
401161295,LAC,6591,9
401161295,LAC,4017837,19
401161295,LAC,3964,15
401161295,LAC,3914044,36
401161295,LAC,4264,4
401161295,LAC,2327577,26
401161295,LAC,2991055,28
401161295,LAC,2799,32
401161295,LAC,3943606,15
401161295,LAC,2488826,21
401161295,LAC,3056273,0
401161295,LAC,3907823,0
401161295,DAL,2531367,9
401161295,DAL,2578185,37
401161295,DAL,3102531,27
401161295,DAL,2528210,30
401161295,DAL,3945274,35
401161295,DAL,2960236,32
401161295,DAL,4376,16
401161295,DAL,3055,8
401161295,DAL,2326307,19
401161295,DAL,3064447,12
401161295,DAL,3934672,14
401161295,DAL,3138156,0
401161295,DAL,3445,0
401161296,SAC,4269,29
401161296,SAC,6578,35
401161296,SAC,2580913,31
401161296,SAC,2990984,29
401161296,SAC,4066259,30
401161296,SAC,3276,6
401161296,SAC,4065649,11
401161296,SAC,6637,16
401161296,SAC,6446,16
401161296,SAC,2991018,8
401161296,SAC,3037789,26
401161296,SAC,3913220,2
401161296,SAC,3914058,2
401161296,DET,6461,27
401161296,DET,4017843,23
401161296,DET,2528353,33
401161296,DET,3456,30
401161296,DET,3133602,29
401161296,DET,3058254,25
401161296,DET,4397103,2
401161296,DET,4423314,21
401161296,DET,6443,19
401161296,DET,2530572,29
401161296,DET,4066212,2
401161296,DET,3989,0
401161296,DET,6585,0
401161297,OKC,3428,32
401161297,OKC,2991280,30
401161297,OKC,2779,29
401161297,OKC,4278073,38
401161297,OKC,4397020,26
401161297,OKC,4423545,17
401161297,OKC,2490089,18
401161297,OKC,3032979,33
401161297,OKC,4080610,18
401161297,OKC,3059358,0
401161297,OKC,3912332,0
401161297,ORL,3064290,35
401161297,ORL,3074797,25
401161297,ORL,6478,35
401161297,ORL,6588,36
401161297,ORL,4066636,32
401161297,ORL,3132042,4
401161297,ORL,2578240,13
401161297,ORL,4277919,13
401161297,ORL,6619,29
401161297,ORL,2596108,19
401161297,ORL,2982249,0
401161297,ORL,3059280,0
401161302,PHI,6440,41
401161302,PHI,3213,36
401161302,PHI,2581190,4
401161302,PHI,3907387,38
401161302,PHI,3907498,27
401161302,PHI,6622,15
401161302,PHI,2608892,12
401161302,PHI,2579321,6
401161302,PHI,2968361,12
401161302,PHI,3915195,23
401161302,PHI,3929325,27
401161302,PHI,6615,0
401161302,PHI,2579260,0
401161302,TOR,3149673,34
401161302,TOR,3934719,21
401161302,TOR,3206,25
401161302,TOR,3012,35
401161302,TOR,2991230,42
401161302,TOR,3439,27
401161302,TOR,3064291,14
401161302,TOR,3137730,0
401161302,TOR,2595516,28
401161302,TOR,3919454,13
401161302,TOR,3948153,0
401161302,TOR,3134881,0
401161302,TOR,3059311,0
401161298,LAC,6591,27
401161298,LAC,4017837,15
401161298,LAC,2799,35
401161298,LAC,3907823,15
401161298,LAC,3914044,36
401161298,LAC,4264,7
401161298,LAC,2327577,22
401161298,LAC,2991055,33
401161298,LAC,3943606,19
401161298,LAC,2488826,24
401161298,LAC,3056273,7
401161298,LAC,3059306,0
401161298,LAC,4066387,0
401161298,ATL,3908845,36
401161298,ATL,4065732,36
401161298,ATL,4277952,19
401161298,ATL,4015,25
401161298,ATL,4066372,36
401161298,ATL,2595231,8
401161298,ATL,4395627,27
401161298,ATL,2596107,20
401161298,ATL,3064559,1
401161298,ATL,136,13
401161298,ATL,3057198,20
401161298,ATL,4066508,0
401161299,MEM,6581,18
401161299,MEM,3155526,19
401161299,MEM,4277961,26
401161299,MEM,6477,26
401161299,MEM,4279888,24
401161299,MEM,2993874,14
401161299,MEM,3906665,23
401161299,MEM,2488958,21
401161299,MEM,3135045,18
401161299,MEM,3135046,17
401161299,MEM,4066436,22
401161299,MEM,4230554,11
401161299,BOS,4065648,26
401161299,BOS,4249,28
401161299,BOS,2451037,19
401161299,BOS,6479,26
401161299,BOS,2990992,29
401161299,BOS,3056602,15
401161299,BOS,4066218,12
401161299,BOS,6447,19
401161299,BOS,4237215,10
401161299,BOS,6507,25
401161299,BOS,4066407,12
401161299,BOS,2596112,19
401161300,WSH,2774,35
401161300,WSH,6472,24
401161300,WSH,6580,38
401161300,WSH,3134903,15
401161300,WSH,4348697,20
401161300,WSH,3064528,1
401161300,WSH,4278508,20
401161300,WSH,6426,32
401161300,WSH,3934723,17
401161300,WSH,4305,28
401161300,WSH,2531797,34
401161300,WSH,3893059,0
401161300,MIA,6430,34
401161300,MIA,3157465,16
401161300,MIA,6605,14
401161300,MIA,4066261,34
401161300,MIA,3056247,26
401161300,MIA,3999,29
401161300,MIA,2489663,21
401161300,MIA,3936099,29
401161300,MIA,3423,30
401161300,MIA,4395725,33
401161300,MIA,2184,0
401161300,MIA,3923253,0
401161300,MIA,6628,0
401161301,LAL,1966,36
401161301,LAL,3988,19
401161301,LAL,6583,30
401161301,LAL,3452,17
401161301,LAL,4240,19
401161301,LAL,3134907,28
401161301,LAL,2384,27
401161301,LAL,3026,18
401161301,LAL,2581018,26
401161301,LAL,2991350,19
401161301,LAL,3201,0
401161301,LAL,2566745,0
401161301,LAL,2489530,0
401161301,NY,3986,18
401161301,NY,6462,37
401161301,NY,3064514,35
401161301,NY,2528779,21
401161301,NY,2583639,32
401161301,NY,3064482,19
401161301,NY,4278075,11
401161301,NY,4351852,24
401161301,NY,4065697,4
401161301,NY,4230547,12
401161301,NY,2991149,27
401161301,NY,3981,0
401161301,NY,3907525,0
401161303,MIN,2490620,31
401161303,MIN,3059319,35
401161303,MIN,3136195,31
401161303,MIN,2530780,31
401161303,MIN,4277928,25
401161303,MIN,3136779,13
401161303,MIN,2534781,17
401161303,MIN,2531210,20
401161303,MIN,3134916,17
401161303,MIN,4065663,19
401161303,MIN,3078284,0
401161303,MIN,3064427,0
401161303,MIN,4396971,0
401161303,CHI,4066336,34
401161303,CHI,3064560,18
401161303,CHI,6621,22
401161303,CHI,2991139,32
401161303,CHI,3064440,33
401161303,CHI,3113587,22
401161303,CHI,3244,19
401161303,CHI,3149010,21
401161303,CHI,2991047,15
401161303,CHI,4395651,25
401161303,CHI,4349241,0
401161303,CHI,2991274,0
401161303,CHI,2999549,0
401161304,DEN,2991070,35
401161304,DEN,2528693,27
401161304,DEN,3112335,34
401161304,DEN,3059310,29
401161304,DEN,6579,38
401161304,DEN,4017839,14
401161304,DEN,4278077,8
401161304,DEN,4230557,3
401161304,DEN,3907822,31
401161304,DEN,3923250,21
401161304,DEN,4278104,0
401161304,HOU,3033,31
401161304,HOU,3102529,34
401161304,HOU,2578213,18
401161304,HOU,3468,34
401161304,HOU,3992,31
401161304,HOU,3028,3
401161304,HOU,2991155,25
401161304,HOU,4222252,4
401161304,HOU,6617,21
401161304,HOU,3431,29
401161304,HOU,2991255,6
401161304,HOU,3906603,4
401161304,HOU,984,0
401161306,IND,3155942,34
401161306,IND,2982334,30
401161306,IND,3133628,25
401161306,IND,6603,21
401161306,IND,2566769,16
401161306,IND,2284101,25
401161306,IND,2528588,26
401161306,IND,2608891,4
401161306,IND,4348700,4
401161306,IND,3136485,10
401161306,IND,2530530,27
401161306,IND,3922230,19
401161306,IND,4066425,0
401161306,PHX,3032978,20
401161306,PHX,4278129,31
401161306,PHX,4011,23
401161306,PHX,3133603,32
401161306,PHX,3136193,31
401161306,PHX,3919335,13
401161306,PHX,3133635,19
401161306,PHX,3147657,33
401161306,PHX,4065733,12
401161306,PHX,4230550,27
401161306,PHX,3138196,0
401161306,PHX,2968439,0
401161306,PHX,2530276,0
401161305,SA,3136196,16
401161305,SA,2983,35
401161305,SA,2994526,24
401161305,SA,3978,36
401161305,SA,3907497,24
401161305,SA,3005,9
401161305,SA,3134908,13
401161305,SA,4004,24
401161305,SA,3190,17
401161305,SA,3078576,27
401161305,SA,4277890,13
401161305,SA,3914283,0
401161305,SA,4395723,0
401161305,NO,4257,23
401161305,NO,3913176,34
401161305,NO,4395628,18
401161305,NO,3995,35
401161305,NO,4066421,39
401161305,NO,4341,1
401161305,NO,4397077,16
401161305,NO,3024,22
401161305,NO,6460,14
401161305,NO,3062679,25
401161305,NO,4065651,8
401161305,NO,4278039,5
401161305,NO,3135048,0
401161307,UTAH,2583632,26
401161307,UTAH,2968436,25
401161307,UTAH,3593,29
401161307,UTAH,3032976,30
401161307,UTAH,3908809,22
401161307,UTAH,2990969,22
401161307,UTAH,3934721,6
401161307,UTAH,4259,7
401161307,UTAH,4065673,10
401161307,UTAH,3195,19
401161307,UTAH,2528426,26
401161307,UTAH,3892818,9
401161307,UTAH,3908819,8
401161307,GS,6589,25
401161307,GS,2991039,25
401161307,GS,2991282,14
401161307,GS,2595209,25
401161307,GS,3136776,28
401161307,GS,3133817,26
401161307,GS,4065836,15
401161307,GS,3907487,18
401161307,GS,6429,24
401161307,GS,3934621,19
401161307,GS,4277956,22
401161308,WSH,2774,28
401161308,WSH,3934723,17
401161308,WSH,6472,22
401161308,WSH,6580,29
401161308,WSH,3134903,6
401161308,WSH,3064528,4
401161308,WSH,4278508,26
401161308,WSH,6426,27
401161308,WSH,3893059,15
401161308,WSH,4305,26
401161308,WSH,2531797,18
401161308,WSH,4348697,22
401161308,CLE,3449,34
401161308,CLE,3893016,30
401161308,CLE,6474,21
401161308,CLE,4277811,37
401161308,CLE,4396907,38
401161308,CLE,6592,13
401161308,CLE,2530923,18
401161308,CLE,2580365,28
401161308,CLE,2489716,6
401161308,CLE,3102528,15
401161308,CLE,3912848,0
401161308,CLE,4066367,0
401161308,CLE,3149036,0
401161309,LAL,1966,34
401161309,LAL,3988,19
401161309,LAL,6583,27
401161309,LAL,2384,23
401161309,LAL,4240,20
401161309,LAL,3134907,28
401161309,LAL,3201,17
401161309,LAL,3026,23
401161309,LAL,2566745,3
401161309,LAL,2489530,8
401161309,LAL,2581018,28
401161309,LAL,2991350,10
401161309,BKN,2990962,29
401161309,BKN,2528794,26
401161309,BKN,4066328,30
401161309,BKN,2580782,30
401161309,BKN,6442,33
401161309,BKN,3194,22
401161309,BKN,4348696,4
401161309,BKN,4230548,11
401161309,BKN,3893019,4
401161309,BKN,4023,18
401161309,BKN,2991043,23
401161309,BKN,3137795,4
401161309,BKN,3138154,4
401161310,DAL,2578185,32
401161310,DAL,3102531,25
401161310,DAL,2326307,26
401161310,DAL,2528210,29
401161310,DAL,3945274,35
401161310,DAL,2960236,23
401161310,DAL,3138156,26
401161310,DAL,3064447,28
401161310,DAL,3934672,17
401161310,DAL,4376,0
401161310,DAL,3055,0
401161310,DAL,3445,0
401161310,DAL,3064237,0
401161310,POR,1975,37
401161310,POR,2426,36
401161310,POR,4262,33
401161310,POR,6606,42
401161310,POR,4351851,23
401161310,POR,2995706,14
401161310,POR,3906671,23
401161310,POR,4277843,31
401161310,POR,4066264,0
401161310,POR,4395652,0
401161310,POR,3102530,0
401161310,POR,4397126,0
401161310,POR,2490149,0
401161311,MIL,6609,35
401161311,MIL,3032977,32
401161311,MIL,3448,25
401161311,MIL,4032,17
401161311,MIL,4238,31
401161311,MIL,2767,16
401161311,MIL,3102533,1
401161311,MIL,4011991,6
401161311,MIL,3438,24
401161311,MIL,2011,18
401161311,MIL,2578239,9
401161311,MIL,3934673,26
401161311,MIL,3136491,0
401161311,CHA,3416,34
401161311,CHA,4278078,20
401161311,CHA,2579258,20
401161311,CHA,3133601,32
401161311,CHA,3074752,37
401161311,CHA,2797,28
401161311,CHA,4066383,19
401161311,CHA,6427,8
401161311,CHA,2999409,8
401161311,CHA,4066262,34
401161311,CHA,6601,0
401161311,CHA,3138161,0
401161311,CHA,3907821,0
401161312,MEM,6581,25
401161312,MEM,3155526,29
401161312,MEM,4277961,31
401161312,MEM,6477,27
401161312,MEM,4279888,32
401161312,MEM,2993874,14
401161312,MEM,3906665,25
401161312,MEM,2488958,13
401161312,MEM,3135045,6
401161312,MEM,3135046,14
401161312,MEM,4066436,24
401161312,MEM,4230554,0
401161312,DET,4017843,20
401161312,DET,4423314,23
401161312,DET,3456,33
401161312,DET,6443,23
401161312,DET,3133602,32
401161312,DET,6461,28
401161312,DET,3058254,28
401161312,DET,4397103,14
401161312,DET,2488945,4
401161312,DET,2530572,35
401161312,DET,6585,0
401161312,DET,4066212,0
401161313,BOS,4066218,23
401161313,BOS,4249,37
401161313,BOS,2451037,32
401161313,BOS,6479,36
401161313,BOS,2990992,32
401161313,BOS,3056602,24
401161313,BOS,4237215,10
401161313,BOS,6507,16
401161313,BOS,2596112,28
401161313,BOS,4065648,0
401161313,BOS,3904625,0
401161313,BOS,4066407,0
401161313,BOS,3917376,0
401161313,ORL,3064290,38
401161313,ORL,6478,35
401161313,ORL,2578240,23
401161313,ORL,6588,36
401161313,ORL,4066636,34
401161313,ORL,3074797,15
401161313,ORL,4277919,13
401161313,ORL,6619,32
401161313,ORL,2596108,14
401161313,ORL,2982249,0
401161313,ORL,3059280,0
401161314,TOR,3149673,33
401161314,TOR,3934719,26
401161314,TOR,3206,30
401161314,TOR,3012,35
401161314,TOR,2991230,39
401161314,TOR,3439,20
401161314,TOR,3064291,19
401161314,TOR,2595516,25
401161314,TOR,3919454,13
401161314,TOR,2580980,0
401161314,TOR,3948153,0
401161314,TOR,3134881,0
401161314,TOR,3059311,0
401161314,NY,3986,12
401161314,NY,6462,37
401161314,NY,3064514,34
401161314,NY,2528779,22
401161314,NY,2583639,35
401161314,NY,3064482,27
401161314,NY,4278075,11
401161314,NY,4351852,22
401161314,NY,4230547,13
401161314,NY,2991149,27
401161314,NY,4065697,0
401161314,NY,3981,0
401161314,NY,3907525,0
401161315,LAC,6450,39
401161315,LAC,6591,32
401161315,LAC,4017837,19
401161315,LAC,3943606,5
401161315,LAC,3914044,43
401161315,LAC,4264,13
401161315,LAC,2327577,21
401161315,LAC,2991055,29
401161315,LAC,2799,27
401161315,LAC,2488826,12
401161315,LAC,3056273,0
401161315,LAC,3907823,0
401161315,LAC,4066387,0
401161315,MIA,6430,30
401161315,MIA,3157465,34
401161315,MIA,6605,26
401161315,MIA,4066261,38
401161315,MIA,4395725,40
401161315,MIA,3999,12
401161315,MIA,2489663,22
401161315,MIA,3936099,20
401161315,MIA,6628,18
401161315,MIA,2184,0
401161315,MIA,3135047,0
401161315,MIA,3423,0
401161315,MIA,3056247,0
401161316,SAC,4269,32
401161316,SAC,6578,35
401161316,SAC,2580913,19
401161316,SAC,3037789,26
401161316,SAC,4066259,25
401161316,SAC,3276,9
401161316,SAC,4065649,22
401161316,SAC,6637,19
401161316,SAC,6446,27
401161316,SAC,2991018,1
401161316,SAC,4065730,1
401161316,SAC,2990984,23
401161316,SAC,3914058,1
401161316,CHI,3244,29
401161316,CHI,3064560,17
401161316,CHI,6621,25
401161316,CHI,2991139,27
401161316,CHI,3064440,33
401161316,CHI,3113587,25
401161316,CHI,3149010,20
401161316,CHI,4349241,3
401161316,CHI,2991047,13
401161316,CHI,2991274,9
401161316,CHI,2999549,11
401161316,CHI,4395651,28
401161317,HOU,3033,36
401161317,HOU,3102529,34
401161317,HOU,2578213,16
401161317,HOU,3468,38
401161317,HOU,3992,35
401161317,HOU,2991155,27
401161317,HOU,6617,19
401161317,HOU,3431,36
401161317,HOU,3028,0
401161317,HOU,984,0
401161317,HOU,4222252,0
401161317,HOU,2991255,0
401161317,MIN,2490620,29
401161317,MIN,3059319,33
401161317,MIN,3136195,28
401161317,MIN,2530780,24
401161317,MIN,4065663,32
401161317,MIN,3136779,18
401161317,MIN,2534781,12
401161317,MIN,2531210,22
401161317,MIN,3134916,24
401161317,MIN,4277928,18
401161317,MIN,3078284,0
401161317,MIN,3064427,0
401161317,MIN,4396971,0
401161318,DEN,2991070,37
401161318,DEN,2528693,35
401161318,DEN,3112335,35
401161318,DEN,6579,35
401161318,DEN,2999547,24
401161318,DEN,4017839,4
401161318,DEN,4278077,4
401161318,DEN,4278104,24
401161318,DEN,4230557,1
401161318,DEN,3059310,14
401161318,DEN,3907822,18
401161318,DEN,3923250,8
401161318,NO,4257,27
401161318,NO,3913176,34
401161318,NO,4395628,21
401161318,NO,3995,38
401161318,NO,4066421,36
401161318,NO,3135048,3
401161318,NO,4397077,7
401161318,NO,3024,26
401161318,NO,6460,14
401161318,NO,3062679,28
401161318,NO,4065651,4
401161318,NO,4278039,2
401161318,NO,4341,0
401161319,ATL,3908845,27
401161319,ATL,4065732,30
401161319,ATL,4277952,14
401161319,ATL,4066372,30
401161319,ATL,4277905,34
401161319,ATL,2595231,4
401161319,ATL,4395627,28
401161319,ATL,2596107,14
401161319,ATL,3064559,10
401161319,ATL,4015,21
401161319,ATL,136,10
401161319,ATL,3057198,14
401161319,ATL,4066508,3
401161319,OKC,3428,28
401161319,OKC,2991280,25
401161319,OKC,2779,28
401161319,OKC,4278073,37
401161319,OKC,4397020,16
401161319,OKC,3059358,3
401161319,OKC,3143565,3
401161319,OKC,4423545,20
401161319,OKC,2490089,20
401161319,OKC,3032979,31
401161319,OKC,4080610,28
401161320,PHX,3032978,34
401161320,PHX,4278129,36
401161320,PHX,4011,35
401161320,PHX,3133603,34
401161320,PHX,3136193,41
401161320,PHX,3133635,2
401161320,PHX,3147657,32
401161320,PHX,4065733,7
401161320,PHX,4230550,20
401161320,PHX,3138196,0
401161320,PHX,3919335,0
401161320,PHX,2968439,0
401161320,PHX,2530276,0
401161320,SA,3136196,19
401161320,SA,2983,38
401161320,SA,2994526,25
401161320,SA,3978,36
401161320,SA,3907497,20
401161320,SA,3005,14
401161320,SA,3134908,10
401161320,SA,4004,30
401161320,SA,3190,3
401161320,SA,3078576,28
401161320,SA,4277890,17
401161320,SA,3914283,0
401161320,SA,3914285,0
401161321,IND,3155942,37
401161321,IND,2982334,35
401161321,IND,3133628,28
401161321,IND,6603,28
401161321,IND,2530530,30
401161321,IND,2284101,22
401161321,IND,2528588,24
401161321,IND,3136485,8
401161321,IND,3922230,30
401161321,IND,4067045,0
401161321,IND,4277882,0
401161321,GS,6589,32
401161321,GS,2991039,37
401161321,GS,3907487,21
401161321,GS,2595209,27
401161321,GS,3136776,36
401161321,GS,3133817,27
401161321,GS,4065836,16
401161321,GS,6429,26
401161321,GS,4277956,19
401161321,GS,3155535,0
401161321,GS,2991282,0
401161322,DAL,2578185,28
401161322,DAL,3102531,25
401161322,DAL,2326307,34
401161322,DAL,2528210,30
401161322,DAL,3945274,36
401161322,DAL,2960236,17
401161322,DAL,3138156,20
401161322,DAL,4376,6
401161322,DAL,3064447,31
401161322,DAL,3934672,14
401161322,DAL,3055,0
401161322,DAL,3445,0
401161322,DAL,3064237,0
401161322,UTAH,2583632,36
401161322,UTAH,2968436,29
401161322,UTAH,3593,35
401161322,UTAH,3032976,37
401161322,UTAH,3908809,37
401161322,UTAH,2990969,11
401161322,UTAH,4065673,11
401161322,UTAH,3195,19
401161322,UTAH,2528426,24
401161322,UTAH,3934721,0
401161322,UTAH,4259,0
401161322,UTAH,3064457,0
401161322,UTAH,3908819,0
401161323,BKN,2990962,22
401161323,BKN,2528794,36
401161323,BKN,4066328,40
401161323,BKN,4023,22
401161323,BKN,6442,40
401161323,BKN,3194,31
401161323,BKN,4278067,13
401161323,BKN,2580782,37
401161323,BKN,2991043,23
401161323,BKN,4348696,0
401161323,BKN,4230548,0
401161323,BKN,3893019,0
401161323,BKN,3138154,0
401161323,DET,4423314,17
401161323,DET,6585,41
401161323,DET,3456,37
401161323,DET,3133602,38
401161323,DET,4065670,36
401161323,DET,6461,27
401161323,DET,3058254,21
401161323,DET,4397103,12
401161323,DET,2530572,33
401161323,DET,4066212,3
401161323,DET,4017843,0
401161323,DET,2488945,0
401161324,CHI,3244,35
401161324,CHI,3064560,26
401161324,CHI,6621,30
401161324,CHI,2991139,33
401161324,CHI,3064440,39
401161324,CHI,3113587,20
401161324,CHI,3149010,15
401161324,CHI,2991047,12
401161324,CHI,2999549,11
401161324,CHI,4395651,19
401161324,CHI,2991274,0
401161324,CLE,3449,33
401161324,CLE,3893016,30
401161324,CLE,6474,28
401161324,CLE,4277811,34
401161324,CLE,4396907,35
401161324,CLE,6592,12
401161324,CLE,2530923,18
401161324,CLE,2580365,24
401161324,CLE,2489716,5
401161324,CLE,3102528,22
401161324,CLE,4066367,0
401161325,OKC,4423545,30
401161325,OKC,2991235,23
401161325,OKC,2779,32
401161325,OKC,4278073,34
401161325,OKC,4397020,30
401161325,OKC,3059358,12
401161325,OKC,2490089,25
401161325,OKC,3032979,31
401161325,OKC,4080610,22
401161325,OKC,2595435,0
401161325,OKC,3143565,0
401161325,MIN,2490620,36
401161325,MIN,3059319,34
401161325,MIN,3136195,35
401161325,MIN,2530780,32
401161325,MIN,4277928,28
401161325,MIN,3136779,19
401161325,MIN,2534781,6
401161325,MIN,4396971,7
401161325,MIN,2531210,4
401161325,MIN,3134916,20
401161325,MIN,4065663,18
401161325,MIN,3078284,0
401161325,MIN,3064427,0
401161326,LAL,1966,35
401161326,LAL,3988,31
401161326,LAL,6583,39
401161326,LAL,2384,16
401161326,LAL,4240,18
401161326,LAL,3134907,27
401161326,LAL,3201,7
401161326,LAL,3026,15
401161326,LAL,2581018,33
401161326,LAL,2991350,20
401161326,LAL,2566745,0
401161326,LAL,2489530,0
401161326,PHI,6440,38
401161326,PHI,3213,35
401161326,PHI,3915195,25
401161326,PHI,3907387,41
401161326,PHI,3907498,36
401161326,PHI,6622,10
401161326,PHI,3155533,1
401161326,PHI,2579321,9
401161326,PHI,2579260,1
401161326,PHI,2968361,19
401161326,PHI,3929325,23
401161326,PHI,4277923,3
401161326,PHI,6615,0
401161327,HOU,3033,38
401161327,HOU,3102529,29
401161327,HOU,2578213,22
401161327,HOU,3431,35
401161327,HOU,3468,39
401161327,HOU,3028,15
401161327,HOU,2991155,27
401161327,HOU,6617,34
401161327,HOU,4237239,0
401161327,HOU,984,0
401161327,HOU,4222252,0
401161327,HOU,2991255,0
401161327,HOU,3906603,0
401161327,DEN,2991070,29
401161327,DEN,2528693,31
401161327,DEN,3112335,38
401161327,DEN,6579,25
401161327,DEN,2999547,23
401161327,DEN,4278104,24
401161327,DEN,3059310,35
401161327,DEN,3907822,26
401161327,DEN,3923250,9
401161327,DEN,4017839,0
401161327,DEN,4278077,0
401161327,DEN,4230557,0
401161328,TOR,3149673,37
401161328,TOR,3934719,24
401161328,TOR,3206,36
401161328,TOR,3012,37
401161328,TOR,2991230,40
401161328,TOR,3439,22
401161328,TOR,3064291,6
401161328,TOR,3059311,3
401161328,TOR,2595516,23
401161328,TOR,3919454,12
401161328,TOR,2580980,0
401161328,TOR,3948153,0
401161328,TOR,3134881,0
401161328,SA,3136196,6
401161328,SA,2983,35
401161328,SA,2994526,26
401161328,SA,3978,35
401161328,SA,3907497,25
401161328,SA,3005,18
401161328,SA,3134908,13
401161328,SA,4004,20
401161328,SA,3190,18
401161328,SA,3078576,28
401161328,SA,4277890,16
401161328,SA,3914283,0
401161328,SA,3914285,0
401161329,WSH,2774,15
401161329,WSH,3934723,18
401161329,WSH,6472,19
401161329,WSH,6580,38
401161329,WSH,3134903,18
401161329,WSH,4278508,32
401161329,WSH,6426,33
401161329,WSH,3893059,15
401161329,WSH,4305,29
401161329,WSH,2531797,18
401161329,WSH,4348697,5
401161329,WSH,3913180,0
401161329,ATL,3908845,22
401161329,ATL,4065732,28
401161329,ATL,4277952,19
401161329,ATL,4066372,39
401161329,ATL,4277905,39
401161329,ATL,2595231,4
401161329,ATL,4395627,23
401161329,ATL,3064559,12
401161329,ATL,4015,25
401161329,ATL,136,16
401161329,ATL,3057198,12
401161329,ATL,4066508,2
401161330,BKN,2990962,29
401161330,BKN,2528794,32
401161330,BKN,4066328,32
401161330,BKN,2580782,32
401161330,BKN,4023,34
401161330,BKN,3194,16
401161330,BKN,4348696,3
401161330,BKN,4230548,21
401161330,BKN,4278067,14
401161330,BKN,3893019,3
401161330,BKN,2991043,23
401161330,BKN,3138154,3
401161330,BKN,6442,0
401161330,NY,3986,24
401161330,NY,6462,34
401161330,NY,3064514,33
401161330,NY,2528779,31
401161330,NY,2583639,30
401161330,NY,3064482,18
401161330,NY,4278075,15
401161330,NY,4351852,17
401161330,NY,4230547,18
401161330,NY,2991149,19
401161330,NY,4065697,0
401161330,NY,3981,0
401161330,NY,3907525,0
401161331,LAC,4264,22
401161331,LAC,6450,34
401161331,LAC,6591,31
401161331,LAC,4017837,21
401161331,LAC,3914044,36
401161331,LAC,2327577,15
401161331,LAC,3059306,2
401161331,LAC,2991055,26
401161331,LAC,2799,27
401161331,LAC,3943606,9
401161331,LAC,2488826,12
401161331,LAC,3907823,5
401161331,LAC,3056273,0
401161331,ORL,3064290,34
401161331,ORL,6478,26
401161331,ORL,2578240,27
401161331,ORL,6588,30
401161331,ORL,4066636,26
401161331,ORL,2982249,1
401161331,ORL,3059280,1
401161331,ORL,3074797,21
401161331,ORL,3136746,1
401161331,ORL,4277919,20
401161331,ORL,6619,28
401161331,ORL,2596108,23
401161331,ORL,3913546,1
401161332,PHX,3032978,23
401161332,PHX,4278129,40
401161332,PHX,4011,31
401161332,PHX,3133603,38
401161332,PHX,3136193,39
401161332,PHX,3919335,8
401161332,PHX,3133635,19
401161332,PHX,3147657,26
401161332,PHX,4065733,10
401161332,PHX,4230550,7
401161332,PHX,3138196,0
401161332,PHX,2530276,0
401161332,MEM,2993874,29
401161332,MEM,3155526,36
401161332,MEM,4277961,34
401161332,MEM,6477,25
401161332,MEM,4279888,34
401161332,MEM,3906665,23
401161332,MEM,2488958,20
401161332,MEM,3135046,16
401161332,MEM,4066436,18
401161332,MEM,4230554,5
401161332,MEM,3133838,0
401161332,MEM,3134932,0
401161332,MEM,3135045,0
401161333,BOS,4249,38
401161333,BOS,2451037,31
401161333,BOS,6479,38
401161333,BOS,2990992,36
401161333,BOS,3917376,36
401161333,BOS,3056602,15
401161333,BOS,4066218,9
401161333,BOS,4237215,9
401161333,BOS,6507,6
401161333,BOS,4066407,6
401161333,BOS,2596112,16
401161333,BOS,4065648,0
401161333,BOS,3904625,0
401161333,NO,4257,28
401161333,NO,3913176,30
401161333,NO,4395628,27
401161333,NO,3995,34
401161333,NO,4066421,36
401161333,NO,4341,7
401161333,NO,4397077,11
401161333,NO,3024,24
401161333,NO,6460,5
401161333,NO,3062679,28
401161333,NO,4065651,10
401161333,NO,3135048,0
401161333,NO,4278039,0
401161334,IND,3155942,41
401161334,IND,2608891,17
401161334,IND,2982334,29
401161334,IND,6603,34
401161334,IND,2530530,28
401161334,IND,2284101,22
401161334,IND,2528588,30
401161334,IND,4348700,5
401161334,IND,3136485,8
401161334,IND,3922230,27
401161334,IND,4066425,0
401161334,IND,4067045,0
401161334,IND,4277882,0
401161334,POR,1975,33
401161334,POR,2426,32
401161334,POR,4262,36
401161334,POR,6606,38
401161334,POR,2490149,36
401161334,POR,3906671,12
401161334,POR,4395652,12
401161334,POR,4277843,26
401161334,POR,4351851,15
401161334,POR,2995706,0
401161334,POR,4066264,0
401161334,POR,3102530,0
401161335,CLE,3449,24
401161335,CLE,3893016,23
401161335,CLE,6474,26
401161335,CLE,4277811,38
401161335,CLE,4396907,25
401161335,CLE,6592,18
401161335,CLE,2530923,25
401161335,CLE,2580365,24
401161335,CLE,3912848,2
401161335,CLE,4066367,2
401161335,CLE,3102528,16
401161335,CLE,4397140,16
401161335,CLE,2489716,0
401161335,DET,4017843,17
401161335,DET,4423314,35
401161335,DET,6585,32
401161335,DET,6443,25
401161335,DET,3133602,26
401161335,DET,6461,24
401161335,DET,3058254,20
401161335,DET,4397103,11
401161335,DET,2530572,23
401161335,DET,4065670,26
401161335,DET,3456,0
401161335,DET,2488945,0
401161336,ORL,3064290,34
401161336,ORL,6478,33
401161336,ORL,2578240,26
401161336,ORL,6588,31
401161336,ORL,4066636,29
401161336,ORL,2982249,3
401161336,ORL,3059280,3
401161336,ORL,3074797,15
401161336,ORL,3136746,3
401161336,ORL,4277919,13
401161336,ORL,6619,28
401161336,ORL,2596108,21
401161336,ORL,3913546,3
401161336,MIA,6430,30
401161336,MIA,3157465,33
401161336,MIA,6605,20
401161336,MIA,4066261,32
401161336,MIA,4395725,30
401161336,MIA,3999,13
401161336,MIA,2489663,25
401161336,MIA,3923253,1
401161336,MIA,3936099,22
401161336,MIA,3423,26
401161336,MIA,6628,6
401161336,MIA,3137259,1
401161336,MIA,2184,0
401161337,SA,3136196,26
401161337,SA,3134908,36
401161337,SA,2994526,22
401161337,SA,3978,36
401161337,SA,3907497,22
401161337,SA,3914283,11
401161337,SA,3005,22
401161337,SA,4004,29
401161337,SA,3078576,22
401161337,SA,4277890,14
401161337,SA,3970,0
401161337,SA,3914285,0
401161337,SA,3190,0
401161337,CHI,3244,29
401161337,CHI,3064560,31
401161337,CHI,6621,28
401161337,CHI,2991139,35
401161337,CHI,3064440,35
401161337,CHI,3113587,15
401161337,CHI,3149010,21
401161337,CHI,2991047,5
401161337,CHI,2999549,19
401161337,CHI,4395651,22
401161337,CHI,4349241,0
401161337,CHI,2991274,0
401161338,SAC,4269,41
401161338,SAC,6578,39
401161338,SAC,2580913,16
401161338,SAC,3037789,34
401161338,SAC,4066259,37
401161338,SAC,3276,5
401161338,SAC,4065649,7
401161338,SAC,6637,21
401161338,SAC,6446,17
401161338,SAC,2991018,10
401161338,SAC,2990984,38
401161338,SAC,4065730,0
401161338,SAC,3914058,0
401161338,MIN,2490620,28
401161338,MIN,3059319,43
401161338,MIN,3136195,40
401161338,MIN,2530780,31
401161338,MIN,4277928,26
401161338,MIN,3078284,0
401161338,MIN,3136779,24
401161338,MIN,2534781,7
401161338,MIN,4396971,1
401161338,MIN,3133596,16
401161338,MIN,3134916,22
401161338,MIN,4065663,26
401161338,MIN,3064427,0
401161339,DAL,2578185,28
401161339,DAL,3102531,26
401161339,DAL,2326307,30
401161339,DAL,2528210,35
401161339,DAL,3945274,33
401161339,DAL,2960236,22
401161339,DAL,3138156,22
401161339,DAL,3064447,27
401161339,DAL,3934672,16
401161339,DAL,4376,0
401161339,DAL,2991282,0
401161339,DAL,3055,0
401161339,DAL,3445,0
401161339,OKC,3428,32
401161339,OKC,2991235,24
401161339,OKC,3032979,41
401161339,OKC,4278073,32
401161339,OKC,4397020,26
401161339,OKC,3059358,23
401161339,OKC,3143565,1
401161339,OKC,4423545,21
401161339,OKC,2490089,5
401161339,OKC,2991280,19
401161339,OKC,4080610,18
401161339,OKC,4066392,0
401161340,HOU,3033,32
401161340,HOU,2991155,46
401161340,HOU,6617,41
401161340,HOU,2578213,24
401161340,HOU,3431,38
401161340,HOU,3028,26
401161340,HOU,4222252,6
401161340,HOU,2991255,20
401161340,HOU,3906603,7
401161340,HOU,4237239,0
401161340,HOU,984,0
401161340,UTAH,2583632,26
401161340,UTAH,2968436,33
401161340,UTAH,3593,35
401161340,UTAH,3032976,37
401161340,UTAH,3908809,36
401161340,UTAH,2990969,15
401161340,UTAH,4065673,11
401161340,UTAH,3195,25
401161340,UTAH,2528426,21
401161340,UTAH,3912292,0
401161340,UTAH,4259,0
401161340,UTAH,3892818,0
401161340,UTAH,3908819,0
401161341,NY,3986,16
401161341,NY,6462,35
401161341,NY,3064514,37
401161341,NY,2528779,28
401161341,NY,2583639,33
401161341,NY,3064482,18
401161341,NY,4278075,11
401161341,NY,4351852,26
401161341,NY,4065697,15
401161341,NY,4230547,3
401161341,NY,2991149,19
401161341,NY,3981,0
401161341,NY,3907525,0
401161341,CHA,4066383,26
401161341,CHA,4278078,31
401161341,CHA,2579258,29
401161341,CHA,3133601,35
401161341,CHA,3074752,34
401161341,CHA,2797,18
401161341,CHA,3138161,18
401161341,CHA,2999409,19
401161341,CHA,3907821,7
401161341,CHA,4066262,23
401161341,CHA,3416,0
401161341,CHA,6601,0
401161341,CHA,6427,0
401161344,GS,6589,33
401161344,GS,2991039,33
401161344,GS,3907487,31
401161344,GS,2595209,27
401161344,GS,3136776,37
401161344,GS,3133817,11
401161344,GS,4065836,19
401161344,GS,6429,26
401161344,GS,3934621,7
401161344,GS,4277956,15
401161344,GS,3155535,0
401161344,PHI,6440,37
401161344,PHI,3213,31
401161344,PHI,3059318,26
401161344,PHI,3915195,26
401161344,PHI,3907387,27
401161344,PHI,6622,11
401161344,PHI,2579321,5
401161344,PHI,2968361,21
401161344,PHI,3929325,22
401161344,PHI,3907498,24
401161344,PHI,4277923,10
401161344,PHI,6615,0
401161344,PHI,2579260,0
401161342,NO,4257,23
401161342,NO,3913176,32
401161342,NO,4395628,30
401161342,NO,3995,33
401161342,NO,4066421,32
401161342,NO,4341,16
401161342,NO,4397077,15
401161342,NO,3024,28
401161342,NO,3062679,22
401161342,NO,4065651,9
401161342,NO,4278039,1
401161342,NO,3135048,0
401161342,NO,6460,0
401161342,CLE,3449,26
401161342,CLE,3893016,24
401161342,CLE,6474,23
401161342,CLE,3102528,18
401161342,CLE,4277811,32
401161342,CLE,6592,18
401161342,CLE,2530923,24
401161342,CLE,2580365,26
401161342,CLE,3912848,2
401161342,CLE,4066367,2
401161342,CLE,3149036,2
401161342,CLE,2489716,19
401161342,CLE,4397140,26
401161345,ATL,3908845,33
401161345,ATL,4065732,33
401161345,ATL,4395627,30
401161345,ATL,4066372,38
401161345,ATL,4277905,28
401161345,ATL,2595231,3
401161345,ATL,3064559,22
401161345,ATL,4015,21
401161345,ATL,136,18
401161345,ATL,3057198,10
401161345,ATL,4066508,4
401161345,TOR,3149673,27
401161345,TOR,3934719,27
401161345,TOR,3206,16
401161345,TOR,3012,33
401161345,TOR,2991230,29
401161345,TOR,3439,27
401161345,TOR,2580980,2
401161345,TOR,3948153,13
401161345,TOR,3134881,5
401161345,TOR,4278031,2
401161345,TOR,3059311,12
401161345,TOR,2595516,24
401161345,TOR,3919454,23
401161343,BOS,4249,38
401161343,BOS,2451037,30
401161343,BOS,6479,38
401161343,BOS,2990992,36
401161343,BOS,3917376,41
401161343,BOS,3056602,20
401161343,BOS,4066218,23
401161343,BOS,6507,14
401161343,BOS,4065648,0
401161343,BOS,3904625,0
401161343,BOS,4237215,0
401161343,BOS,4066407,0
401161343,BOS,4397008,0
401161343,MIA,6430,36
401161343,MIA,3157465,39
401161343,MIA,6605,11
401161343,MIA,4066261,33
401161343,MIA,4395725,28
401161343,MIA,3999,11
401161343,MIA,3923253,10
401161343,MIA,3936099,22
401161343,MIA,3423,30
401161343,MIA,6628,18
401161343,MIA,2184,0
401161343,MIA,2489663,0
401161343,MIA,3137259,0
401161346,DEN,2991070,38
401161346,DEN,2528693,18
401161346,DEN,3112335,39
401161346,DEN,6579,31
401161346,DEN,2999547,25
401161346,DEN,4017839,17
401161346,DEN,4278104,22
401161346,DEN,3059310,34
401161346,DEN,3907822,17
401161346,DEN,4278077,0
401161346,DEN,4230557,0
401161346,DEN,2488653,0
401161346,DEN,3923250,0
401161346,MEM,2993874,27
401161346,MEM,3155526,33
401161346,MEM,4277961,31
401161346,MEM,6477,34
401161346,MEM,4279888,30
401161346,MEM,3906665,21
401161346,MEM,2488958,19
401161346,MEM,3134932,12
401161346,MEM,3135046,20
401161346,MEM,4230554,14
401161346,MEM,3133838,0
401161346,MEM,4066297,0
401161346,MEM,4066436,0
401161347,WSH,2774,21
401161347,WSH,3934723,32
401161347,WSH,6472,19
401161347,WSH,6580,38
401161347,WSH,4348697,17
401161347,WSH,4278508,35
401161347,WSH,6426,30
401161347,WSH,3918423,2
401161347,WSH,3893059,9
401161347,WSH,4305,27
401161347,WSH,3134903,11
401161347,WSH,2531797,0
401161347,MIL,2767,21
401161347,MIL,6609,36
401161347,MIL,3448,32
401161347,MIL,4032,25
401161347,MIL,4238,31
401161347,MIL,3447,16
401161347,MIL,3438,21
401161347,MIL,2011,15
401161347,MIL,2578239,22
401161347,MIL,3934673,22
401161347,MIL,3136491,0
401161347,MIL,4011991,0
401161347,MIL,3057187,0
401161348,PHX,4278129,29
401161348,PHX,4011,26
401161348,PHX,3133603,31
401161348,PHX,3136193,31
401161348,PHX,3147657,34
401161348,PHX,3032978,22
401161348,PHX,3919335,5
401161348,PHX,2530276,18
401161348,PHX,3133635,17
401161348,PHX,4065733,23
401161348,PHX,4230550,5
401161348,PHX,3138196,0
401161348,DAL,2578185,23
401161348,DAL,3102531,20
401161348,DAL,2326307,19
401161348,DAL,2528210,26
401161348,DAL,3945274,25
401161348,DAL,2960236,20
401161348,DAL,3138156,18
401161348,DAL,4376,5
401161348,DAL,2991282,12
401161348,DAL,3055,23
401161348,DAL,2489693,8
401161348,DAL,3064447,16
401161348,DAL,3934672,25
401161350,CHI,3244,36
401161350,CHI,3064560,20
401161350,CHI,6621,36
401161350,CHI,2991139,16
401161350,CHI,3064440,44
401161350,CHI,3113587,30
401161350,CHI,3149010,28
401161350,CHI,2991047,14
401161350,CHI,2999549,22
401161350,CHI,4395651,20
401161350,CHI,4349241,0
401161350,CHI,2991274,0
401161350,IND,3155942,38
401161350,IND,2608891,19
401161350,IND,2982334,41
401161350,IND,6603,32
401161350,IND,2566769,36
401161350,IND,2284101,29
401161350,IND,2528588,17
401161350,IND,4348700,15
401161350,IND,2527963,21
401161350,IND,2530530,17
401161350,IND,4066425,0
401161350,IND,3136485,0
401161350,IND,3922230,0
401161351,DET,2528353,25
401161351,DET,4423314,8
401161351,DET,6585,35
401161351,DET,3456,31
401161351,DET,4065670,18
401161351,DET,6461,32
401161351,DET,3058254,21
401161351,DET,6443,26
401161351,DET,2530572,25
401161351,DET,3133602,19
401161351,DET,4017843,0
401161351,DET,2488945,0
401161351,BKN,2990962,28
401161351,BKN,2528794,28
401161351,BKN,4066328,28
401161351,BKN,4023,24
401161351,BKN,6442,33
401161351,BKN,3194,20
401161351,BKN,4348696,1
401161351,BKN,3442,21
401161351,BKN,2580782,29
401161351,BKN,3893019,7
401161351,BKN,2991043,22
401161351,BKN,4230548,0
401161351,BKN,4278067,0
401161352,MEM,6581,30
401161352,MEM,3155526,31
401161352,MEM,4277961,19
401161352,MEM,6477,31
401161352,MEM,4279888,28
401161352,MEM,2993874,17
401161352,MEM,3906665,27
401161352,MEM,2488958,18
401161352,MEM,3133838,1
401161352,MEM,4066297,5
401161352,MEM,3134932,1
401161352,MEM,3135046,20
401161352,MEM,4230554,13
401161352,NY,3986,11
401161352,NY,6462,26
401161352,NY,3064514,36
401161352,NY,2528779,20
401161352,NY,2583639,35
401161352,NY,3064482,14
401161352,NY,4278075,22
401161352,NY,4351852,31
401161352,NY,4065697,13
401161352,NY,3981,8
401161352,NY,2991149,24
401161352,NY,4230547,0
401161352,NY,3907525,0
401161353,UTAH,2583632,30
401161353,UTAH,2968436,30
401161353,UTAH,3593,34
401161353,UTAH,3032976,32
401161353,UTAH,3908809,34
401161353,UTAH,2990969,16
401161353,UTAH,4259,5
401161353,UTAH,4065673,10
401161353,UTAH,3195,21
401161353,UTAH,2528426,29
401161353,UTAH,3912292,0
401161353,UTAH,3892818,0
401161353,UTAH,3908819,0
401161353,SA,3136196,12
401161353,SA,3134908,22
401161353,SA,2994526,23
401161353,SA,3978,37
401161353,SA,3907497,30
401161353,SA,3914283,6
401161353,SA,3005,22
401161353,SA,4004,25
401161353,SA,3190,24
401161353,SA,3078576,23
401161353,SA,4277890,15
401161353,SA,3914285,0
401161353,SA,4395723,0
401161354,HOU,3033,35
401161354,HOU,3102529,17
401161354,HOU,3431,30
401161354,HOU,3468,42
401161354,HOU,3992,38
401161354,HOU,3028,4
401161354,HOU,2991155,24
401161354,HOU,6617,28
401161354,HOU,2578213,22
401161354,HOU,984,0
401161354,HOU,4222252,0
401161354,HOU,2991255,0
401161354,HOU,3906603,0
401161354,POR,1975,34
401161354,POR,2426,38
401161354,POR,4262,28
401161354,POR,6606,39
401161354,POR,2490149,38
401161354,POR,3906671,7
401161354,POR,4395652,18
401161354,POR,4277843,26
401161354,POR,4351851,10
401161354,POR,2995706,0
401161354,POR,4066264,0
401161354,POR,3102530,0
401161355,OKC,3428,29
401161355,OKC,2991235,26
401161355,OKC,2779,26
401161355,OKC,4278073,39
401161355,OKC,4397020,27
401161355,OKC,4066392,2
401161355,OKC,2595435,2
401161355,OKC,3059358,2
401161355,OKC,4423545,17
401161355,OKC,2490089,2
401161355,OKC,2991280,21
401161355,OKC,3032979,30
401161355,OKC,4080610,18
401161355,SAC,4269,24
401161355,SAC,6578,26
401161355,SAC,2580913,23
401161355,SAC,3037789,27
401161355,SAC,4066259,28
401161355,SAC,3276,23
401161355,SAC,4065649,17
401161355,SAC,6637,18
401161355,SAC,6446,20
401161355,SAC,2991018,6
401161355,SAC,2990984,23
401161355,SAC,3914058,4
401161356,TOR,3439,33
401161356,TOR,3149673,34
401161356,TOR,3934719,31
401161356,TOR,3012,37
401161356,TOR,2991230,37
401161356,TOR,3948153,15
401161356,TOR,3137730,20
401161356,TOR,2595516,26
401161356,TOR,3919454,7
401161356,TOR,3134881,0
401161356,TOR,4278031,0
401161356,TOR,3058030,0
401161356,TOR,3059311,0
401161356,CLE,3449,33
401161356,CLE,3893016,22
401161356,CLE,6474,27
401161356,CLE,4277811,33
401161356,CLE,4396907,35
401161356,CLE,6592,11
401161356,CLE,2530923,18
401161356,CLE,2580365,26
401161356,CLE,3102528,7
401161356,CLE,4397140,29
401161356,CLE,3912848,0
401161356,CLE,4065652,0
401161356,CLE,2489716,0
401161357,CHA,4066383,34
401161357,CHA,4278078,23
401161357,CHA,2579258,24
401161357,CHA,3133601,35
401161357,CHA,3074752,37
401161357,CHA,2797,16
401161357,CHA,3138161,23
401161357,CHA,2999409,20
401161357,CHA,4066262,27
401161357,CHA,3416,0
401161357,CHA,6601,0
401161357,CHA,6427,0
401161357,CHA,3907821,0
401161357,WSH,2774,22
401161357,WSH,6472,22
401161357,WSH,6580,35
401161357,WSH,3134903,15
401161357,WSH,4348697,29
401161357,WSH,3064528,3
401161357,WSH,4278508,35
401161357,WSH,6426,28
401161357,WSH,3918423,3
401161357,WSH,3934723,23
401161357,WSH,4305,26
401161357,WSH,3893059,0
401161358,PHI,6440,35
401161358,PHI,3059318,35
401161358,PHI,3915195,35
401161358,PHI,3907387,42
401161358,PHI,3907498,17
401161358,PHI,6622,19
401161358,PHI,2579321,6
401161358,PHI,2968361,20
401161358,PHI,3929325,21
401161358,PHI,4277923,9
401161358,PHI,3155533,0
401161358,PHI,6615,0
401161358,PHI,2579260,0
401161358,ATL,3908845,34
401161358,ATL,4065732,36
401161358,ATL,3064559,26
401161358,ATL,4066372,33
401161358,ATL,4277905,38
401161358,ATL,2595231,6
401161358,ATL,4395627,30
401161358,ATL,4015,13
401161358,ATL,136,24
401161358,ATL,4277952,0
401161358,ATL,3057198,0
401161358,ATL,4066508,0
401161359,GS,6589,27
401161359,GS,2991039,28
401161359,GS,3907487,23
401161359,GS,2595209,32
401161359,GS,3136776,28
401161359,GS,3133817,23
401161359,GS,4065836,22
401161359,GS,6429,24
401161359,GS,3934621,13
401161359,GS,4277956,19
401161359,GS,3155535,0
401161359,BOS,4065648,24
401161359,BOS,4249,33
401161359,BOS,2451037,26
401161359,BOS,6479,31
401161359,BOS,3917376,27
401161359,BOS,3056602,29
401161359,BOS,4066218,17
401161359,BOS,4237215,6
401161359,BOS,6507,15
401161359,BOS,4066407,3
401161359,BOS,4397008,3
401161359,BOS,2990992,27
401161359,BOS,2596112,0
401161360,UTAH,2583632,26
401161360,UTAH,2968436,34
401161360,UTAH,3593,35
401161360,UTAH,3032976,37
401161360,UTAH,3908809,35
401161360,UTAH,2990969,15
401161360,UTAH,4259,11
401161360,UTAH,2528426,31
401161360,UTAH,3892818,16
401161360,UTAH,3912292,0
401161360,UTAH,3064457,0
401161360,UTAH,3908819,0
401161360,DEN,2991070,34
401161360,DEN,2528693,36
401161360,DEN,3112335,35
401161360,DEN,3059310,32
401161360,DEN,6579,36
401161360,DEN,4278077,4
401161360,DEN,4278104,25
401161360,DEN,3907822,24
401161360,DEN,3923250,14
401161360,DEN,4017839,0
401161360,DEN,4230557,0
401161360,DEN,2488653,0
401161361,SAC,4269,29
401161361,SAC,6578,32
401161361,SAC,2580913,31
401161361,SAC,3037789,25
401161361,SAC,4066259,35
401161361,SAC,3276,2
401161361,SAC,4065649,3
401161361,SAC,6637,20
401161361,SAC,6446,33
401161361,SAC,2991018,2
401161361,SAC,2990984,26
401161361,SAC,3914058,2
401161361,LAC,4251,19
401161361,LAC,6591,24
401161361,LAC,4017837,22
401161361,LAC,3964,24
401161361,LAC,3914044,31
401161361,LAC,4264,8
401161361,LAC,2327577,21
401161361,LAC,2991055,29
401161361,LAC,2799,30
401161361,LAC,3943606,10
401161361,LAC,2488826,21
401161361,LAC,6450,0
401161361,LAC,3056273,0
401161362,TOR,3439,29
401161362,TOR,3149673,36
401161362,TOR,3934719,24
401161362,TOR,3012,31
401161362,TOR,2991230,35
401161362,TOR,3948153,18
401161362,TOR,3134881,2
401161362,TOR,3137730,22
401161362,TOR,4278031,2
401161362,TOR,3058030,2
401161362,TOR,3059311,2
401161362,TOR,2595516,29
401161362,TOR,3919454,11
401161362,DET,4017843,14
401161362,DET,2528353,31
401161362,DET,6585,35
401161362,DET,3456,30
401161362,DET,3133602,26
401161362,DET,6461,19
401161362,DET,3058254,13
401161362,DET,6443,30
401161362,DET,2530572,24
401161362,DET,4065670,18
401161362,DET,4423314,0
401161362,DET,2488945,0
401161363,CHI,3244,31
401161363,CHI,3064560,28
401161363,CHI,6621,31
401161363,CHI,2991139,0
401161363,CHI,3064440,36
401161363,CHI,3113587,20
401161363,CHI,3149010,22
401161363,CHI,4349241,4
401161363,CHI,2991047,17
401161363,CHI,2991274,11
401161363,CHI,2999549,16
401161363,CHI,4395651,25
401161363,BKN,2990962,30
401161363,BKN,2528794,28
401161363,BKN,4066328,29
401161363,BKN,4023,26
401161363,BKN,6442,32
401161363,BKN,3194,20
401161363,BKN,4230548,2
401161363,BKN,3442,16
401161363,BKN,2580782,30
401161363,BKN,3907788,2
401161363,BKN,3893019,3
401161363,BKN,2991043,21
401161363,BKN,4278067,0
401161364,DAL,2578185,35
401161364,DAL,3102531,36
401161364,DAL,3055,21
401161364,DAL,2489693,20
401161364,DAL,2528210,32
401161364,DAL,2960236,14
401161364,DAL,3138156,2
401161364,DAL,2991282,11
401161364,DAL,2326307,25
401161364,DAL,3064447,25
401161364,DAL,3934672,20
401161364,DAL,4376,0
401161364,DAL,3445,0
401161364,HOU,3033,36
401161364,HOU,2991155,38
401161364,HOU,3431,31
401161364,HOU,3468,40
401161364,HOU,3992,37
401161364,HOU,3028,14
401161364,HOU,6617,28
401161364,HOU,2578213,15
401161364,HOU,984,0
401161364,HOU,4222252,0
401161364,HOU,2991255,0
401161364,HOU,3906603,0
401161365,MEM,6581,28
401161365,MEM,3155526,27
401161365,MEM,2488958,26
401161365,MEM,6477,27
401161365,MEM,4279888,27
401161365,MEM,2993874,24
401161365,MEM,3133838,7
401161365,MEM,4066297,29
401161365,MEM,3134932,8
401161365,MEM,3135046,21
401161365,MEM,4066436,17
401161365,MEM,4277961,0
401161365,MEM,4230554,0
401161365,NO,4257,20
401161365,NO,3913176,24
401161365,NO,4395628,29
401161365,NO,3995,26
401161365,NO,4066421,33
401161365,NO,4341,18
401161365,NO,4397077,15
401161365,NO,3024,17
401161365,NO,6460,19
401161365,NO,3062679,28
401161365,NO,4065651,6
401161365,NO,4278039,6
401161365,NO,3135048,0
401161366,DEN,2991070,32
401161366,DEN,2528693,22
401161366,DEN,3112335,33
401161366,DEN,3059310,29
401161366,DEN,6579,34
401161366,DEN,4017839,19
401161366,DEN,4278104,25
401161366,DEN,3907822,27
401161366,DEN,3923250,18
401161366,DEN,4278077,0
401161366,DEN,4230557,0
401161366,DEN,2488653,0
401161366,MIL,6609,37
401161366,MIL,3032977,32
401161366,MIL,3102533,5
401161366,MIL,4032,32
401161366,MIL,4238,32
401161366,MIL,2767,8
401161366,MIL,3057187,19
401161366,MIL,3447,8
401161366,MIL,3448,24
401161366,MIL,2011,17
401161366,MIL,2578239,26
401161366,MIL,3136491,0
401161366,MIL,4011991,0
401161367,OKC,3428,32
401161367,OKC,2991235,23
401161367,OKC,2779,34
401161367,OKC,4278073,34
401161367,OKC,4397020,27
401161367,OKC,2595435,11
401161367,OKC,4423545,13
401161367,OKC,2991280,25
401161367,OKC,3032979,30
401161367,OKC,4080610,11
401161367,OKC,4066392,0
401161367,OKC,3059358,0
401161367,OKC,2490089,0
401161367,PHX,4278129,40
401161367,PHX,4011,30
401161367,PHX,3133603,39
401161367,PHX,3136193,39
401161367,PHX,3147657,34
401161367,PHX,3032978,4
401161367,PHX,3919335,7
401161367,PHX,2530276,15
401161367,PHX,3133635,12
401161367,PHX,4065733,19
401161367,PHX,3138196,0
401161367,PHX,2968439,0
401161367,PHX,4230550,0
401161368,POR,4066264,13
401161368,POR,2426,39
401161368,POR,4262,34
401161368,POR,6606,40
401161368,POR,2490149,40
401161368,POR,2995706,11
401161368,POR,3906671,14
401161368,POR,4395652,11
401161368,POR,4277843,22
401161368,POR,4351851,16
401161368,POR,1975,0
401161368,POR,3102530,0
401161368,LAL,1966,38
401161368,LAL,3988,22
401161368,LAL,6583,39
401161368,LAL,3452,14
401161368,LAL,4240,25
401161368,LAL,3134907,25
401161368,LAL,3201,6
401161368,LAL,2384,14
401161368,LAL,3026,14
401161368,LAL,2566745,5
401161368,LAL,2489530,8
401161368,LAL,2581018,21
401161368,LAL,2991350,8
401161369,MIN,2490620,35
401161369,MIN,3059319,27
401161369,MIN,3136195,36
401161369,MIN,2530780,35
401161369,MIN,4277928,22
401161369,MIN,3064427,4
401161369,MIN,3136779,11
401161369,MIN,2534781,10
401161369,MIN,4396971,2
401161369,MIN,3133596,16
401161369,MIN,3134916,17
401161369,MIN,4065663,26
401161369,MIN,3078284,0
401161369,LAC,4251,25
401161369,LAC,6450,24
401161369,LAC,6591,16
401161369,LAC,4017837,19
401161369,LAC,3964,27
401161369,LAC,4264,2
401161369,LAC,2327577,21
401161369,LAC,2991055,26
401161369,LAC,2799,29
401161369,LAC,3943606,2
401161369,LAC,2488826,12
401161369,LAC,3907823,2
401161369,LAC,3914044,33
401161370,NY,3986,16
401161370,NY,6462,35
401161370,NY,3064514,35
401161370,NY,2528779,25
401161370,NY,4065697,27
401161370,NY,3064482,22
401161370,NY,4278075,14
401161370,NY,4351852,19
401161370,NY,2991149,27
401161370,NY,3134880,21
401161370,NY,3981,0
401161370,NY,2583639,0
401161370,NY,3907525,0
401161370,IND,3155942,35
401161370,IND,2982334,23
401161370,IND,3133628,34
401161370,IND,6603,26
401161370,IND,2566769,33
401161370,IND,2284101,26
401161370,IND,2528588,17
401161370,IND,2608891,6
401161370,IND,4348700,4
401161370,IND,2527963,22
401161370,IND,2530530,15
401161370,IND,4066425,0
401161370,IND,3922230,0
401161371,MIA,6430,34
401161371,MIA,3157465,22
401161371,MIA,6605,29
401161371,MIA,4066261,38
401161371,MIA,3056247,17
401161371,MIA,3999,15
401161371,MIA,3936099,28
401161371,MIA,3423,31
401161371,MIA,4395725,26
401161371,MIA,2184,0
401161371,MIA,2489663,0
401161371,MIA,3923253,0
401161371,MIA,6628,0
401161371,ORL,3064290,34
401161371,ORL,6478,34
401161371,ORL,2578240,17
401161371,ORL,6588,34
401161371,ORL,4066636,31
401161371,ORL,3074797,13
401161371,ORL,3132042,11
401161371,ORL,4277919,14
401161371,ORL,6619,31
401161371,ORL,2596108,22
401161371,ORL,2982249,0
401161371,ORL,3059280,0
401161371,ORL,3913546,0
401161372,GS,6589,26
401161372,GS,2991039,26
401161372,GS,3907487,25
401161372,GS,2595209,27
401161372,GS,3136776,29
401161372,GS,3133817,22
401161372,GS,3155535,13
401161372,GS,4065836,23
401161372,GS,6429,24
401161372,GS,3934621,14
401161372,GS,4277956,13
401161372,CLE,3449,29
401161372,CLE,3893016,22
401161372,CLE,6474,26
401161372,CLE,4277811,33
401161372,CLE,4396907,32
401161372,CLE,6592,15
401161372,CLE,2530923,18
401161372,CLE,2580365,23
401161372,CLE,4065652,3
401161372,CLE,3102528,15
401161372,CLE,4397140,24
401161372,CLE,2489716,0
401161373,BKN,2990962,27
401161373,BKN,2528794,30
401161373,BKN,4066328,27
401161373,BKN,4023,37
401161373,BKN,6442,29
401161373,BKN,3194,19
401161373,BKN,3442,21
401161373,BKN,2580782,31
401161373,BKN,2991043,19
401161373,BKN,4230548,0
401161373,BKN,4278067,0
401161373,BKN,3907788,0
401161373,BKN,3893019,0
401161373,WSH,2774,22
401161373,WSH,6472,23
401161373,WSH,6580,36
401161373,WSH,3134903,22
401161373,WSH,4348697,30
401161373,WSH,4278508,27
401161373,WSH,6426,30
401161373,WSH,3934723,25
401161373,WSH,4305,25
401161373,WSH,4066648,0
401161373,WSH,3893059,0
401161373,WSH,2531797,0
401161374,PHI,6440,32
401161374,PHI,3213,29
401161374,PHI,3059318,23
401161374,PHI,3915195,29
401161374,PHI,3907387,37
401161374,PHI,6622,17
401161374,PHI,2579321,4
401161374,PHI,2579260,5
401161374,PHI,2968361,11
401161374,PHI,3929325,25
401161374,PHI,3907498,24
401161374,PHI,4277923,3
401161374,PHI,6615,0
401161374,BOS,4065648,29
401161374,BOS,4249,35
401161374,BOS,2451037,26
401161374,BOS,2990992,34
401161374,BOS,3917376,36
401161374,BOS,3056602,24
401161374,BOS,4066218,19
401161374,BOS,3904625,3
401161374,BOS,6507,26
401161374,BOS,4397008,4
401161374,BOS,2596112,3
401161374,BOS,4237215,0
401161375,ATL,3908845,33
401161375,ATL,4395627,7
401161375,ATL,3064559,31
401161375,ATL,4066372,40
401161375,ATL,4277905,26
401161375,ATL,2595231,20
401161375,ATL,4015,30
401161375,ATL,136,24
401161375,ATL,3057198,24
401161375,ATL,4066508,3
401161375,ATL,4065732,0
401161375,DAL,2578185,29
401161375,DAL,2960236,30
401161375,DAL,2991282,26
401161375,DAL,2528210,27
401161375,DAL,3934672,27
401161375,DAL,3138156,26
401161375,DAL,2326307,21
401161375,DAL,2489693,23
401161375,DAL,3064237,2
401161375,DAL,3064447,29
401161375,DAL,4376,0
401161375,DAL,3055,0
401161375,DAL,3445,0
401161376,CHA,2797,24
401161376,CHA,4066383,37
401161376,CHA,2579258,30
401161376,CHA,3133601,37
401161376,CHA,3074752,35
401161376,CHA,3138161,28
401161376,CHA,2999409,18
401161376,CHA,4066262,32
401161376,CHA,3416,0
401161376,CHA,6601,0
401161376,CHA,4278078,0
401161376,CHA,6427,0
401161376,CHA,3907821,0
401161376,SA,3136196,28
401161376,SA,2983,28
401161376,SA,2994526,16
401161376,SA,3978,33
401161376,SA,3907497,27
401161376,SA,3914283,2
401161376,SA,4395723,2
401161376,SA,3005,6
401161376,SA,3134908,18
401161376,SA,4004,19
401161376,SA,3190,15
401161376,SA,3078576,27
401161376,SA,4277890,19
401161378,LAL,1966,34
401161378,LAL,3988,22
401161378,LAL,6583,30
401161378,LAL,3452,15
401161378,LAL,4240,20
401161378,LAL,3134907,20
401161378,LAL,3201,3
401161378,LAL,2384,18
401161378,LAL,3026,27
401161378,LAL,2566745,3
401161378,LAL,2489530,6
401161378,LAL,2581018,26
401161378,LAL,2991350,16
401161378,SAC,4269,30
401161378,SAC,4065649,17
401161378,SAC,6578,29
401161378,SAC,3037789,28
401161378,SAC,4066259,33
401161378,SAC,3276,10
401161378,SAC,3065284,19
401161378,SAC,6637,13
401161378,SAC,6446,24
401161378,SAC,2991018,8
401161378,SAC,2990984,30
401161378,SAC,3914058,0
401161377,UTAH,2968436,28
401161377,UTAH,3593,29
401161377,UTAH,3032976,32
401161377,UTAH,3195,30
401161377,UTAH,3908809,32
401161377,UTAH,3912292,3
401161377,UTAH,2583632,23
401161377,UTAH,2990969,19
401161377,UTAH,3934721,3
401161377,UTAH,4259,13
401161377,UTAH,2528426,23
401161377,UTAH,3892818,3
401161377,UTAH,3908819,3
401161377,POR,1975,32
401161377,POR,2426,26
401161377,POR,4262,35
401161377,POR,6606,36
401161377,POR,2490149,34
401161377,POR,3906671,13
401161377,POR,4066264,3
401161377,POR,4395652,13
401161377,POR,4277843,24
401161377,POR,4351851,24
401161377,POR,2995706,0
401161377,POR,3102530,0
401161379,DEN,2991070,45
401161379,DEN,2528693,19
401161379,DEN,3112335,40
401161379,DEN,3059310,39
401161379,DEN,6579,37
401161379,DEN,4017839,12
401161379,DEN,4278077,5
401161379,DEN,3907822,24
401161379,DEN,2999547,31
401161379,DEN,3923250,14
401161379,DEN,4230557,0
401161379,DEN,2488653,0
401161379,DET,2528353,37
401161379,DET,4423314,35
401161379,DET,6585,30
401161379,DET,3456,13
401161379,DET,3133602,35
401161379,DET,3058254,16
401161379,DET,4017843,6
401161379,DET,6443,34
401161379,DET,2530572,20
401161379,DET,4065670,38
401161379,DET,6461,0
401161379,DET,2488945,0
401161380,NO,4257,24
401161380,NO,3913176,38
401161380,NO,4395628,33
401161380,NO,3995,34
401161380,NO,4066421,37
401161380,NO,4341,12
401161380,NO,4397077,4
401161380,NO,3024,14
401161380,NO,6460,14
401161380,NO,3062679,30
401161380,NO,3135048,0
401161380,NO,4065651,0
401161380,NO,4278039,0
401161380,HOU,3033,39
401161380,HOU,2991155,28
401161380,HOU,3431,33
401161380,HOU,3468,36
401161380,HOU,3992,39
401161380,HOU,3028,18
401161380,HOU,6617,24
401161380,HOU,2578213,24
401161380,HOU,4237239,0
401161380,HOU,984,0
401161380,HOU,4222252,0
401161380,HOU,2991255,0
401161380,HOU,3906603,0
401161381,PHX,4278129,30
401161381,PHX,3133603,36
401161381,PHX,3136193,34
401161381,PHX,3147657,31
401161381,PHX,4230550,26
401161381,PHX,3149059,7
401161381,PHX,3919335,26
401161381,PHX,2530276,10
401161381,PHX,3133635,27
401161381,PHX,4066248,2
401161381,PHX,4423887,11
401161381,PHX,2968439,0
401161381,PHX,4011,0
401161381,MIL,6609,33
401161381,MIL,3032977,31
401161381,MIL,3448,33
401161381,MIL,4032,14
401161381,MIL,4238,32
401161381,MIL,2767,14
401161381,MIL,3057187,10
401161381,MIL,3447,13
401161381,MIL,2011,19
401161381,MIL,2578239,20
401161381,MIL,3934673,22
401161381,MIL,3136491,0
401161381,MIL,4011991,0
401161382,CHI,3244,30
401161382,CHI,3149010,28
401161382,CHI,3064560,23
401161382,CHI,6621,30
401161382,CHI,3064440,33
401161382,CHI,3113587,16
401161382,CHI,4278049,9
401161382,CHI,4349241,4
401161382,CHI,2991047,24
401161382,CHI,2991274,4
401161382,CHI,2999549,14
401161382,CHI,4395651,25
401161382,TOR,3439,25
401161382,TOR,3149673,28
401161382,TOR,3934719,21
401161382,TOR,3012,30
401161382,TOR,2991230,32
401161382,TOR,3948153,25
401161382,TOR,3134881,4
401161382,TOR,3137730,23
401161382,TOR,4278031,3
401161382,TOR,3058030,3
401161382,TOR,3059311,18
401161382,TOR,3919454,28
401161382,TOR,2580980,0
401161383,ORL,3064290,38
401161383,ORL,3074797,22
401161383,ORL,6478,36
401161383,ORL,6588,31
401161383,ORL,4066636,35
401161383,ORL,3059280,4
401161383,ORL,3132042,10
401161383,ORL,4277919,12
401161383,ORL,6619,31
401161383,ORL,2596108,22
401161383,ORL,2982249,0
401161383,CHA,4066383,35
401161383,CHA,2579258,27
401161383,CHA,3133601,36
401161383,CHA,3074752,35
401161383,CHA,3907821,18
401161383,CHA,2797,18
401161383,CHA,3138161,28
401161383,CHA,2999409,21
401161383,CHA,4066262,22
401161383,CHA,3416,0
401161383,CHA,6601,0
401161383,CHA,6427,0
401161384,NY,3986,13
401161384,NY,6462,36
401161384,NY,3064514,38
401161384,NY,2528779,25
401161384,NY,2583639,33
401161384,NY,3064482,28
401161384,NY,4278075,17
401161384,NY,4351852,15
401161384,NY,4065697,20
401161384,NY,4230547,23
401161384,NY,2991149,16
401161384,NY,3981,0
401161384,NY,3907525,0
401161384,CLE,3449,41
401161384,CLE,2580365,42
401161384,CLE,3893016,38
401161384,CLE,4277811,40
401161384,CLE,4396907,39
401161384,CLE,6592,18
401161384,CLE,2489716,6
401161384,CLE,3102528,16
401161384,CLE,4397140,24
401161384,CLE,3912848,0
401161384,CLE,4065652,0
401161384,CLE,6448,0
401161384,CLE,3149036,0
401161385,DAL,2578185,32
401161385,DAL,2960236,35
401161385,DAL,3102531,36
401161385,DAL,2528210,33
401161385,DAL,3934672,31
401161385,DAL,3138156,13
401161385,DAL,2991282,6
401161385,DAL,3055,9
401161385,DAL,2489693,19
401161385,DAL,3064447,25
401161385,DAL,4376,0
401161385,DAL,3445,0
401161385,IND,3155942,37
401161385,IND,3133628,34
401161385,IND,6603,28
401161385,IND,2566769,31
401161385,IND,3922230,24
401161385,IND,2284101,26
401161385,IND,2528588,20
401161385,IND,2527963,23
401161385,IND,2530530,17
401161385,IND,4066425,0
401161385,IND,2608891,0
401161385,IND,4348700,0
401161385,IND,3136485,0
401161386,GS,6589,33
401161386,GS,2991039,32
401161386,GS,3907487,26
401161386,GS,2595209,34
401161386,GS,3934621,26
401161386,GS,3133817,24
401161386,GS,3155535,10
401161386,GS,4065836,13
401161386,GS,6429,29
401161386,GS,4277956,14
401161386,GS,3136776,0
401161386,WSH,4066648,26
401161386,WSH,2774,9
401161386,WSH,6472,25
401161386,WSH,6580,39
401161386,WSH,3134903,11
401161386,WSH,4278508,23
401161386,WSH,6426,32
401161386,WSH,3150844,12
401161386,WSH,3934723,29
401161386,WSH,4305,23
401161386,WSH,4348697,10
401161386,WSH,3893059,0
401161387,BOS,4065648,35
401161387,BOS,4249,34
401161387,BOS,2451037,19
401161387,BOS,2596112,18
401161387,BOS,3917376,33
401161387,BOS,3056602,12
401161387,BOS,4066218,25
401161387,BOS,6447,16
401161387,BOS,6507,27
401161387,BOS,4066407,7
401161387,BOS,4278080,14
401161387,BOS,4237215,0
401161387,BOS,4397008,0
401161387,ATL,3908845,38
401161387,ATL,3064559,17
401161387,ATL,4015,36
401161387,ATL,4066372,39
401161387,ATL,4277905,36
401161387,ATL,2595231,18
401161387,ATL,136,19
401161387,ATL,4239,21
401161387,ATL,3057198,17
401161387,ATL,4277952,0
401161387,ATL,4066508,0
401161388,PHX,4278129,34
401161388,PHX,4011,19
401161388,PHX,3133603,38
401161388,PHX,3136193,32
401161388,PHX,3147657,36
401161388,PHX,3149059,4
401161388,PHX,3919335,14
401161388,PHX,3133635,24
401161388,PHX,4066248,4
401161388,PHX,4230550,28
401161388,PHX,4423887,9
401161388,PHX,2968439,0
401161388,PHX,4065733,0
401161388,BKN,2990962,30
401161388,BKN,2528794,28
401161388,BKN,4066328,23
401161388,BKN,2580782,31
401161388,BKN,2991043,32
401161388,BKN,3194,18
401161388,BKN,4348696,3
401161388,BKN,4230548,3
401161388,BKN,3442,22
401161388,BKN,3893019,25
401161388,BKN,4023,22
401161388,BKN,3137795,3
401161388,BKN,4278067,0
401161389,PHI,6440,25
401161389,PHI,3213,22
401161389,PHI,3059318,33
401161389,PHI,3915195,30
401161389,PHI,3907387,34
401161389,PHI,6622,18
401161389,PHI,2579321,17
401161389,PHI,6615,4
401161389,PHI,2579260,12
401161389,PHI,2968361,8
401161389,PHI,3929325,16
401161389,PHI,3907498,15
401161389,PHI,4277923,4
401161389,MIA,6430,29
401161389,MIA,3157465,34
401161389,MIA,6605,16
401161389,MIA,4066261,35
401161389,MIA,3056247,24
401161389,MIA,2489663,24
401161389,MIA,3923253,4
401161389,MIA,3936099,37
401161389,MIA,3423,26
401161389,MIA,4395725,10
401161389,MIA,2184,0
401161389,MIA,3999,0
401161389,MIA,6628,0
401161390,DET,2528353,29
401161390,DET,4423314,26
401161390,DET,6585,36
401161390,DET,6443,24
401161390,DET,4065670,38
401161390,DET,3058254,34
401161390,DET,4017843,15
401161390,DET,2530572,37
401161390,DET,6461,0
401161390,DET,4397103,0
401161390,DET,2488945,0
401161390,DET,3133602,0
401161390,DET,4066212,0
401161390,MEM,6581,25
401161390,MEM,3155526,30
401161390,MEM,4277961,30
401161390,MEM,6477,30
401161390,MEM,4279888,27
401161390,MEM,2993874,15
401161390,MEM,3906665,23
401161390,MEM,2488958,14
401161390,MEM,4066297,12
401161390,MEM,3135046,21
401161390,MEM,4066436,14
401161390,MEM,4230554,0
401161391,MIN,2490620,30
401161391,MIN,3059319,35
401161391,MIN,3136195,37
401161391,MIN,2530780,29
401161391,MIN,4277928,18
401161391,MIN,3064427,9
401161391,MIN,3136779,5
401161391,MIN,2534781,11
401161391,MIN,3133596,20
401161391,MIN,3134916,19
401161391,MIN,4065663,26
401161391,MIN,3078284,0
401161391,MIN,4396971,0
401161391,SAC,4269,27
401161391,SAC,6578,34
401161391,SAC,2580913,35
401161391,SAC,3037789,31
401161391,SAC,4066259,34
401161391,SAC,3276,6
401161391,SAC,4065649,13
401161391,SAC,6637,24
401161391,SAC,6446,15
401161391,SAC,2990984,20
401161391,SAC,3065284,0
401161391,SAC,2991018,0
401161391,SAC,3914058,0
401161392,SA,3136196,26
401161392,SA,2983,34
401161392,SA,2994526,23
401161392,SA,3978,34
401161392,SA,3907497,25
401161392,SA,3005,15
401161392,SA,3134908,14
401161392,SA,4004,25
401161392,SA,3078576,23
401161392,SA,4277890,21
401161392,SA,3914283,0
401161392,SA,4395723,0
401161392,SA,3190,0
401161392,LAC,4251,31
401161392,LAC,6450,32
401161392,LAC,6591,21
401161392,LAC,4017837,23
401161392,LAC,3964,26
401161392,LAC,2327577,17
401161392,LAC,2991055,25
401161392,LAC,2799,23
401161392,LAC,2488826,13
401161392,LAC,3914044,28
401161392,LAC,4264,0
401161392,LAC,3059306,0
401161392,LAC,3943606,0
401161393,MIL,6609,33
401161393,MIL,3032977,33
401161393,MIL,3448,34
401161393,MIL,4032,28
401161393,MIL,4238,33
401161393,MIL,2767,6
401161393,MIL,3057187,3
401161393,MIL,3447,8
401161393,MIL,2011,17
401161393,MIL,2578239,27
401161393,MIL,3934673,18
401161393,MIL,3136491,0
401161393,NO,4257,25
401161393,NO,3913176,36
401161393,NO,4395628,32
401161393,NO,3995,29
401161393,NO,4066421,39
401161393,NO,4341,16
401161393,NO,4397077,5
401161393,NO,3024,22
401161393,NO,6460,9
401161393,NO,3062679,29
401161393,NO,3135048,0
401161393,NO,4065651,0
401161393,NO,4278039,0
401161394,CHA,4066383,39
401161394,CHA,3138161,36
401161394,CHA,2579258,13
401161394,CHA,3133601,35
401161394,CHA,3074752,34
401161394,CHA,4278078,24
401161394,CHA,2999409,17
401161394,CHA,3907821,11
401161394,CHA,4066262,31
401161394,CHA,2797,0
401161394,CHA,3416,0
401161394,CHA,6601,0
401161394,CHA,6427,0
401161394,HOU,3033,41
401161394,HOU,2991155,42
401161394,HOU,2578213,37
401161394,HOU,3431,31
401161394,HOU,3992,40
401161394,HOU,3028,17
401161394,HOU,4222252,3
401161394,HOU,6617,29
401161394,HOU,4237239,0
401161394,HOU,984,0
401161394,HOU,2991255,0
401161394,HOU,3906603,0
401161395,POR,1975,26
401161395,POR,2426,27
401161395,POR,4262,23
401161395,POR,6606,30
401161395,POR,2490149,31
401161395,POR,2995706,12
401161395,POR,3906671,21
401161395,POR,4066264,11
401161395,POR,4395652,19
401161395,POR,4277843,18
401161395,POR,4351851,21
401161395,POR,3102530,0
401161395,DEN,2991070,30
401161395,DEN,3112335,31
401161395,DEN,6579,24
401161395,DEN,2999547,22
401161395,DEN,3936299,20
401161395,DEN,4017839,28
401161395,DEN,4278077,7
401161395,DEN,2528693,19
401161395,DEN,4230557,5
401161395,DEN,3059310,23
401161395,DEN,3907822,24
401161395,DEN,3923250,8
401161395,DEN,2488653,0
401161396,SA,3136196,17
401161396,SA,2983,30
401161396,SA,2994526,25
401161396,SA,3978,33
401161396,SA,3907497,25
401161396,SA,3914283,4
401161396,SA,4395723,4
401161396,SA,3005,16
401161396,SA,3134908,13
401161396,SA,4004,19
401161396,SA,3190,15
401161396,SA,3078576,23
401161396,SA,4277890,15
401161396,LAL,1966,34
401161396,LAL,3988,19
401161396,LAL,6583,29
401161396,LAL,3452,15
401161396,LAL,4240,20
401161396,LAL,3134907,30
401161396,LAL,3201,4
401161396,LAL,2384,22
401161396,LAL,3026,21
401161396,LAL,2566745,4
401161396,LAL,2489530,4
401161396,LAL,2581018,27
401161396,LAL,2991350,10
401161397,PHX,4278129,41
401161397,PHX,4011,35
401161397,PHX,3133603,42
401161397,PHX,3136193,42
401161397,PHX,3147657,42
401161397,PHX,3919335,13
401161397,PHX,3133635,11
401161397,PHX,4230550,13
401161397,PHX,3149059,0
401161397,PHX,2968439,0
401161397,PHX,4065733,0
401161397,PHX,4066248,0
401161397,PHX,4423887,0
401161397,DET,2528353,35
401161397,DET,4423314,16
401161397,DET,6585,38
401161397,DET,6443,34
401161397,DET,4065670,33
401161397,DET,3058254,32
401161397,DET,4017843,10
401161397,DET,4397103,5
401161397,DET,2530572,30
401161397,DET,4066212,7
401161397,DET,3456,0
401161397,DET,2488945,0
401161397,DET,3133602,0
401161398,ORL,3064290,31
401161398,ORL,3074797,25
401161398,ORL,6478,33
401161398,ORL,6588,34
401161398,ORL,4066636,30
401161398,ORL,2982249,1
401161398,ORL,3059280,1
401161398,ORL,3132042,17
401161398,ORL,2578240,8
401161398,ORL,4277919,7
401161398,ORL,6619,29
401161398,ORL,2596108,24
401161398,BOS,4065648,39
401161398,BOS,4249,35
401161398,BOS,6447,26
401161398,BOS,4397008,28
401161398,BOS,3917376,38
401161398,BOS,3056602,7
401161398,BOS,4066218,22
401161398,BOS,3904625,1
401161398,BOS,4237215,7
401161398,BOS,6507,25
401161398,BOS,2596112,11
401161398,BOS,4278080,1
401161398,BOS,4066407,0
401161399,GS,6589,21
401161399,GS,3133817,33
401161399,GS,3907487,28
401161399,GS,2595209,29
401161399,GS,3136776,33
401161399,GS,3155535,18
401161399,GS,4065836,28
401161399,GS,3934621,24
401161399,GS,4277956,27
401161399,GS,2991039,0
401161399,GS,6429,0
401161399,BKN,2990962,20
401161399,BKN,2528794,22
401161399,BKN,4066328,18
401161399,BKN,2580782,24
401161399,BKN,2991043,27
401161399,BKN,3194,23
401161399,BKN,4348696,9
401161399,BKN,4230548,27
401161399,BKN,3442,21
401161399,BKN,3907788,9
401161399,BKN,4023,21
401161399,BKN,3137795,9
401161399,BKN,3138154,10
401161400,IND,3155942,38
401161400,IND,3133628,24
401161400,IND,6603,25
401161400,IND,2527963,25
401161400,IND,2566769,34
401161400,IND,2284101,31
401161400,IND,2528588,23
401161400,IND,4348700,3
401161400,IND,2530530,17
401161400,IND,3922230,21
401161400,IND,4066425,0
401161400,IND,2608891,0
401161400,IND,3136485,0
401161400,TOR,3439,34
401161400,TOR,3149673,40
401161400,TOR,3934719,28
401161400,TOR,3012,38
401161400,TOR,2991230,37
401161400,TOR,3948153,8
401161400,TOR,3064291,13
401161400,TOR,3137730,16
401161400,TOR,3919454,27
401161400,TOR,2580980,0
401161400,TOR,3134881,0
401161400,TOR,3058030,0
401161400,TOR,3059311,0
401161401,ATL,3908845,41
401161401,ATL,4065732,30
401161401,ATL,3064559,24
401161401,ATL,4066372,37
401161401,ATL,4277905,37
401161401,ATL,2595231,8
401161401,ATL,4277952,7
401161401,ATL,4015,19
401161401,ATL,136,16
401161401,ATL,3057198,20
401161401,ATL,4066508,0
401161401,MIN,3059319,36
401161401,MIN,3136195,38
401161401,MIN,3133596,22
401161401,MIN,4065663,37
401161401,MIN,4277928,30
401161401,MIN,2534781,10
401161401,MIN,4396971,13
401161401,MIN,2531210,13
401161401,MIN,3134916,31
401161401,MIN,4278541,10
401161401,MIN,2982268,0
401161402,CLE,3449,34
401161402,CLE,6592,31
401161402,CLE,3893016,24
401161402,CLE,4277811,35
401161402,CLE,4396907,35
401161402,CLE,2580365,32
401161402,CLE,2489716,5
401161402,CLE,3102528,15
401161402,CLE,4397140,31
401161402,CLE,3912848,0
401161402,CLE,4065652,0
401161402,CLE,6448,0
401161402,CLE,3149036,0
401161402,OKC,3428,31
401161402,OKC,2991235,30
401161402,OKC,2779,30
401161402,OKC,4278073,39
401161402,OKC,4397020,17
401161402,OKC,2595435,13
401161402,OKC,4423545,17
401161402,OKC,4230546,11
401161402,OKC,2991280,18
401161402,OKC,3032979,33
401161402,OKC,3059358,0
401161402,OKC,2490089,0
401161402,OKC,4080610,0
401161403,MEM,2993874,26
401161403,MEM,3155526,33
401161403,MEM,4277961,32
401161403,MEM,6477,28
401161403,MEM,4279888,31
401161403,MEM,3906665,24
401161403,MEM,3133838,1
401161403,MEM,4066297,20
401161403,MEM,3135046,17
401161403,MEM,4066436,28
401161403,MEM,6581,0
401161403,MEM,2488958,0
401161403,MEM,3134932,0
401161403,DAL,2578185,34
401161403,DAL,2960236,32
401161403,DAL,3102531,29
401161403,DAL,2528210,34
401161403,DAL,3934672,33
401161403,DAL,3138156,14
401161403,DAL,4376,3
401161403,DAL,2991282,12
401161403,DAL,3445,12
401161403,DAL,2489693,12
401161403,DAL,3064237,4
401161403,DAL,3064447,21
401161404,DEN,2528693,36
401161404,DEN,3112335,40
401161404,DEN,3059310,42
401161404,DEN,2999547,38
401161404,DEN,3936299,43
401161404,DEN,4230557,17
401161404,DEN,3923250,25
401161404,DEN,3015,0
401161404,DEN,2991070,0
401161404,DEN,4278104,0
401161404,DEN,2488653,0
401161404,DEN,6579,0
401161404,UTAH,2968436,30
401161404,UTAH,3593,34
401161404,UTAH,3032976,39
401161404,UTAH,3195,34
401161404,UTAH,3908809,36
401161404,UTAH,2583632,20
401161404,UTAH,2990969,14
401161404,UTAH,4065673,9
401161404,UTAH,2528426,23
401161404,UTAH,3934721,0
401161404,UTAH,4259,0
401161404,UTAH,3892818,0
401161404,UTAH,3908819,0
401161405,MIA,6430,26
401161405,MIA,2489663,22
401161405,MIA,3157465,35
401161405,MIA,4066261,40
401161405,MIA,3056247,35
401161405,MIA,3923253,1
401161405,MIA,3936099,31
401161405,MIA,4278521,1
401161405,MIA,3423,31
401161405,MIA,3137259,17
401161405,MIA,2184,0
401161405,MIA,3999,0
401161405,MIA,6628,0
401161405,LAC,4251,26
401161405,LAC,6450,31
401161405,LAC,6591,24
401161405,LAC,4017837,22
401161405,LAC,3964,22
401161405,LAC,2327577,19
401161405,LAC,3059306,1
401161405,LAC,2991055,26
401161405,LAC,2799,28
401161405,LAC,3943606,2
401161405,LAC,2488826,7
401161405,LAC,3914044,32
401161405,LAC,4264,0
401161406,ORL,3064290,34
401161406,ORL,6478,34
401161406,ORL,2578240,12
401161406,ORL,6588,33
401161406,ORL,4066636,30
401161406,ORL,3074797,12
401161406,ORL,3132042,14
401161406,ORL,4277919,14
401161406,ORL,6619,32
401161406,ORL,2596108,25
401161406,ORL,3059280,0
401161406,NY,3986,30
401161406,NY,3064514,30
401161406,NY,2528779,30
401161406,NY,4230547,14
401161406,NY,2583639,33
401161406,NY,3064482,18
401161406,NY,4278075,16
401161406,NY,4395625,18
401161406,NY,4351852,19
401161406,NY,4065697,15
401161406,NY,3981,18
401161406,NY,4397205,0
401161406,NY,3134880,0
401161407,NO,4257,19
401161407,NO,3913176,21
401161407,NO,4395628,25
401161407,NO,3995,23
401161407,NO,4066421,33
401161407,NO,4341,22
401161407,NO,3135048,7
401161407,NO,4397077,12
401161407,NO,3024,23
401161407,NO,6460,20
401161407,NO,3062679,26
401161407,NO,4065651,5
401161407,NO,4278039,4
401161407,CHI,3244,31
401161407,CHI,3149010,32
401161407,CHI,3064560,17
401161407,CHI,6621,23
401161407,CHI,3064440,30
401161407,CHI,3113587,28
401161407,CHI,4349241,5
401161407,CHI,2991047,25
401161407,CHI,2991274,18
401161407,CHI,4395651,31
401161407,CHI,2999549,0
401161408,PHI,6440,38
401161408,PHI,3213,33
401161408,PHI,3059318,33
401161408,PHI,3915195,24
401161408,PHI,3907387,42
401161408,PHI,6622,10
401161408,PHI,3138201,7
401161408,PHI,2968361,0
401161408,PHI,3929325,28
401161408,PHI,3907498,24
401161408,PHI,4277923,0
401161408,MIL,6609,35
401161408,MIL,3032977,35
401161408,MIL,3448,25
401161408,MIL,4032,31
401161408,MIL,4238,33
401161408,MIL,2767,7
401161408,MIL,3447,20
401161408,MIL,2011,14
401161408,MIL,2578239,16
401161408,MIL,3934673,24
401161408,MIL,3102533,0
401161408,MIL,3136491,0
401161408,MIL,3057187,0
401161409,SA,3136196,34
401161409,SA,2983,36
401161409,SA,2994526,22
401161409,SA,3978,37
401161409,SA,3907497,25
401161409,SA,3005,14
401161409,SA,3134908,12
401161409,SA,4004,21
401161409,SA,3190,3
401161409,SA,3078576,23
401161409,SA,4277890,13
401161409,SA,3914283,0
401161409,SA,3914285,0
401161409,POR,1975,35
401161409,POR,2426,37
401161409,POR,4262,36
401161409,POR,6606,37
401161409,POR,2490149,30
401161409,POR,2995706,13
401161409,POR,3906671,12
401161409,POR,4277843,24
401161409,POR,4351851,15
401161409,POR,4066264,0
401161409,POR,4395652,0
401161409,POR,3102530,0
401161410,HOU,3033,31
401161410,HOU,2991155,28
401161410,HOU,3431,30
401161410,HOU,3468,37
401161410,HOU,3992,35
401161410,HOU,2490620,30
401161410,HOU,3028,12
401161410,HOU,6617,20
401161410,HOU,2578213,16
401161410,HOU,984,0
401161410,HOU,4222252,0
401161410,HOU,2991255,0
401161410,HOU,3906603,0
401161410,LAL,1966,37
401161410,LAL,3988,31
401161410,LAL,6583,40
401161410,LAL,3452,16
401161410,LAL,4240,26
401161410,LAL,3134907,20
401161410,LAL,2384,4
401161410,LAL,3026,15
401161410,LAL,2581018,24
401161410,LAL,2991350,27
401161410,LAL,3201,0
401161410,LAL,2566745,0
401161410,LAL,2489530,0
401161411,MEM,2993874,28
401161411,MEM,3155526,27
401161411,MEM,4277961,20
401161411,MEM,6477,28
401161411,MEM,4279888,28
401161411,MEM,3906665,23
401161411,MEM,3133838,12
401161411,MEM,4066297,23
401161411,MEM,3134932,4
401161411,MEM,3135046,20
401161411,MEM,4066436,23
401161411,MEM,4230554,4
401161411,MEM,3064427,0
401161411,PHI,6440,33
401161411,PHI,3213,31
401161411,PHI,3059318,16
401161411,PHI,3915195,22
401161411,PHI,3907387,35
401161411,PHI,6622,13
401161411,PHI,2608892,7
401161411,PHI,3138201,3
401161411,PHI,2968361,3
401161411,PHI,2581190,15
401161411,PHI,3929325,29
401161411,PHI,3907498,32
401161411,PHI,4277923,3
401161412,DAL,2578185,35
401161412,DAL,3102531,21
401161412,DAL,3445,17
401161412,DAL,2528210,35
401161412,DAL,3934672,31
401161412,DAL,2960236,26
401161412,DAL,3138156,12
401161412,DAL,4376,0
401161412,DAL,2991282,9
401161412,DAL,2326307,29
401161412,DAL,2489693,5
401161412,DAL,3064447,19
401161412,DAL,3055,0
401161412,WSH,4066648,29
401161412,WSH,2774,18
401161412,WSH,4305,30
401161412,WSH,6580,39
401161412,WSH,4348697,24
401161412,WSH,4278508,28
401161412,WSH,6426,31
401161412,WSH,3150844,18
401161412,WSH,3893059,0
401161412,WSH,2530780,18
401161412,WSH,3913180,5
401161412,WSH,3918423,0
401161412,WSH,3134903,0
401161413,ATL,3908845,38
401161413,ATL,4065732,35
401161413,ATL,3064559,21
401161413,ATL,4015,26
401161413,ATL,4066372,43
401161413,ATL,2595231,25
401161413,ATL,136,24
401161413,ATL,3057198,28
401161413,ATL,4066508,0
401161413,ATL,4277952,0
401161413,ATL,4277905,0
401161413,BOS,4065648,38
401161413,BOS,4066218,29
401161413,BOS,6447,28
401161413,BOS,6479,30
401161413,BOS,2990992,32
401161413,BOS,3056602,19
401161413,BOS,4237215,8
401161413,BOS,6507,21
401161413,BOS,4397008,29
401161413,BOS,2596112,4
401161413,BOS,4278080,2
401161413,BOS,4066407,0
401161414,TOR,3439,40
401161414,TOR,3149673,35
401161414,TOR,3934719,28
401161414,TOR,3012,28
401161414,TOR,2991230,41
401161414,TOR,3948153,8
401161414,TOR,3064291,13
401161414,TOR,3137730,22
401161414,TOR,3919454,25
401161414,TOR,2580980,0
401161414,TOR,3134881,0
401161414,TOR,3058030,0
401161414,TOR,3059311,0
401161414,IND,3155942,39
401161414,IND,3133628,29
401161414,IND,6603,26
401161414,IND,2527963,28
401161414,IND,2566769,36
401161414,IND,2284101,26
401161414,IND,2528588,20
401161414,IND,4348700,2
401161414,IND,2530530,21
401161414,IND,3922230,12
401161414,IND,4066425,0
401161414,IND,2608891,0
401161414,IND,3136485,0
401161415,DET,3058254,35
401161415,DET,4017843,34
401161415,DET,2528353,33
401161415,DET,6443,33
401161415,DET,4065670,33
401161415,DET,4397103,7
401161415,DET,4423314,26
401161415,DET,2530572,30
401161415,DET,4066212,10
401161415,DET,6461,0
401161415,DET,3912334,0
401161415,DET,3133602,0
401161415,OKC,3428,33
401161415,OKC,2991235,29
401161415,OKC,2779,34
401161415,OKC,4278073,36
401161415,OKC,4397020,25
401161415,OKC,2595435,7
401161415,OKC,4423545,16
401161415,OKC,4230546,14
401161415,OKC,2991280,19
401161415,OKC,3032979,28
401161415,OKC,3059358,0
401161415,OKC,2490089,0
401161415,OKC,4080610,0
401161416,HOU,3033,23
401161416,HOU,2490620,25
401161416,HOU,2991155,30
401161416,HOU,3431,9
401161416,HOU,3992,30
401161416,HOU,3028,12
401161416,HOU,4237239,12
401161416,HOU,4222252,14
401161416,HOU,6617,29
401161416,HOU,2578213,25
401161416,HOU,2991255,18
401161416,HOU,3906603,14
401161416,HOU,984,0
401161416,PHX,4278129,24
401161416,PHX,4011,24
401161416,PHX,3133603,36
401161416,PHX,3136193,30
401161416,PHX,3147657,31
401161416,PHX,3138196,14
401161416,PHX,3919335,24
401161416,PHX,3133635,24
401161416,PHX,4065733,7
401161416,PHX,4230550,26
401161416,PHX,3032978,0
401161416,PHX,2968439,0
401161417,MIA,2489663,19
401161417,MIA,3157465,42
401161417,MIA,3936099,30
401161417,MIA,4066261,36
401161417,MIA,3056247,34
401161417,MIA,3923253,10
401161417,MIA,4278521,21
401161417,MIA,3423,28
401161417,MIA,3137259,21
401161417,MIA,2184,0
401161417,MIA,6430,0
401161417,MIA,3918424,0
401161417,MIA,4395725,0
401161417,SAC,4269,37
401161417,SAC,4065649,14
401161417,SAC,6578,28
401161417,SAC,3037789,36
401161417,SAC,4066259,36
401161417,SAC,3276,4
401161417,SAC,6637,24
401161417,SAC,6446,19
401161417,SAC,2991018,7
401161417,SAC,2990984,36
401161417,SAC,3913220,0
401161417,SAC,3914058,0
401161418,POR,1975,39
401161418,POR,3906671,28
401161418,POR,2426,9
401161418,POR,6606,43
401161418,POR,2490149,43
401161418,POR,2995706,27
401161418,POR,4066264,9
401161418,POR,4277843,38
401161418,POR,4351851,4
401161418,POR,4395652,0
401161418,POR,4262,0
401161418,POR,3102530,0
401161418,UTAH,2968436,33
401161418,UTAH,3593,34
401161418,UTAH,3032976,35
401161418,UTAH,3195,31
401161418,UTAH,3908809,35
401161418,UTAH,2583632,30
401161418,UTAH,2990969,8
401161418,UTAH,3934721,2
401161418,UTAH,4065673,11
401161418,UTAH,2528426,20
401161418,UTAH,3912292,0
401161418,UTAH,3892818,0
401161418,UTAH,3908819,0
401161419,MIL,6609,32
401161419,MIL,3032977,34
401161419,MIL,3448,32
401161419,MIL,4032,33
401161419,MIL,4238,32
401161419,MIL,2767,13
401161419,MIL,3447,10
401161419,MIL,2011,15
401161419,MIL,2578239,14
401161419,MIL,3934673,26
401161419,MIL,3102533,0
401161419,MIL,3136491,0
401161419,MIL,3057187,0
401161419,ORL,3064290,32
401161419,ORL,3074797,23
401161419,ORL,6478,35
401161419,ORL,6588,34
401161419,ORL,4066636,31
401161419,ORL,3132042,16
401161419,ORL,3136746,1
401161419,ORL,4277919,13
401161419,ORL,6619,31
401161419,ORL,2596108,23
401161419,ORL,3913546,1
401161419,ORL,2578240,0
401161420,DAL,2578185,32
401161420,DAL,2960236,28
401161420,DAL,2991282,25
401161420,DAL,2528210,26
401161420,DAL,3934672,27
401161420,DAL,3138156,3
401161420,DAL,4376,13
401161420,DAL,3445,16
401161420,DAL,2326307,28
401161420,DAL,2489693,16
401161420,DAL,3064237,2
401161420,DAL,3064447,24
401161420,DAL,3055,0
401161420,CHA,4066383,36
401161420,CHA,4278078,29
401161420,CHA,2579258,21
401161420,CHA,3133601,35
401161420,CHA,3074752,32
401161420,CHA,3138160,23
401161420,CHA,4066731,19
401161420,CHA,6427,18
401161420,CHA,4066262,28
401161420,CHA,2999409,0
401161420,CHA,3907821,0
401161421,NY,3986,13
401161421,NY,3064514,34
401161421,NY,4395625,21
401161421,NY,2528779,27
401161421,NY,2583639,30
401161421,NY,3064482,18
401161421,NY,4278075,18
401161421,NY,4351852,19
401161421,NY,4065697,18
401161421,NY,4230547,14
401161421,NY,3981,27
401161421,NY,6591,0
401161421,NY,2991149,0
401161421,DET,3058254,37
401161421,DET,4017843,29
401161421,DET,2528353,34
401161421,DET,6443,31
401161421,DET,4065670,35
401161421,DET,6592,18
401161421,DET,4423314,13
401161421,DET,2530572,31
401161421,DET,4066212,12
401161421,DET,4397103,0
401161421,DET,3456,0
401161421,DET,6448,0
401161421,DET,3133602,0
401161422,NO,4341,24
401161422,NO,4257,24
401161422,NO,3995,32
401161422,NO,3062679,30
401161422,NO,4066421,39
401161422,NO,3135048,10
401161422,NO,4397077,9
401161422,NO,3024,28
401161422,NO,6460,23
401161422,NO,4065651,22
401161422,NO,3913176,0
401161422,NO,4395628,0
401161422,NO,4278039,0
401161422,IND,3155942,34
401161422,IND,2982334,35
401161422,IND,3133628,32
401161422,IND,6603,35
401161422,IND,2566769,31
401161422,IND,2284101,22
401161422,IND,2528588,17
401161422,IND,4348700,2
401161422,IND,3136485,8
401161422,IND,2530530,17
401161422,IND,3922230,8
401161422,IND,4066425,0
401161422,IND,2608891,0
401161423,BKN,2990962,27
401161423,BKN,2528794,33
401161423,BKN,4066328,19
401161423,BKN,2580782,36
401161423,BKN,2991043,33
401161423,BKN,3194,24
401161423,BKN,3442,29
401161423,BKN,3893019,15
401161423,BKN,4023,23
401161423,BKN,4348696,0
401161423,BKN,4230548,0
401161423,BKN,4278067,0
401161423,BKN,3137795,0
401161423,TOR,3439,32
401161423,TOR,3149673,34
401161423,TOR,3934719,29
401161423,TOR,2991230,33
401161423,TOR,3919454,30
401161423,TOR,3948153,16
401161423,TOR,3064291,17
401161423,TOR,3137730,19
401161423,TOR,4278031,8
401161423,TOR,3059311,22
401161423,TOR,2580980,0
401161423,TOR,3134881,0
401161423,TOR,3058030,0
401161424,LAC,4264,7
401161424,LAC,4251,26
401161424,LAC,6450,28
401161424,LAC,4017837,16
401161424,LAC,3914044,29
401161424,LAC,2327577,19
401161424,LAC,3059306,10
401161424,LAC,2991055,17
401161424,LAC,4065660,10
401161424,LAC,2799,26
401161424,LAC,2488826,26
401161424,LAC,3907823,15
401161424,LAC,4066387,10
401161424,MIN,4017839,27
401161424,MIN,3136195,34
401161424,MIN,3907822,29
401161424,MIN,3134916,37
401161424,MIN,4065663,24
401161424,MIN,3999,20
401161424,MIN,4278077,1
401161424,MIN,4396971,14
401161424,MIN,3133596,2
401161424,MIN,2531210,17
401161424,MIN,3934621,1
401161424,MIN,4277928,23
401161424,MIN,4278541,11
401161425,LAL,1966,34
401161425,LAL,3988,29
401161425,LAL,6583,35
401161425,LAL,3452,21
401161425,LAL,4240,30
401161425,LAL,3134907,29
401161425,LAL,2384,13
401161425,LAL,3026,21
401161425,LAL,2489530,17
401161425,LAL,2581018,4
401161425,LAL,2991350,7
401161425,LAL,3201,0
401161425,LAL,2566745,0
401161425,GS,3059319,31
401161425,GS,3133817,28
401161425,GS,3907487,27
401161425,GS,2595209,22
401161425,GS,4065635,29
401161425,GS,4401415,14
401161425,GS,3155535,14
401161425,GS,4401416,19
401161425,GS,6497,14
401161425,GS,4066649,17
401161425,GS,4277956,23
401161425,GS,6589,0
401161426,DEN,2991070,30
401161426,DEN,2528693,32
401161426,DEN,3112335,34
401161426,DEN,2999547,36
401161426,DEN,3936299,35
401161426,DEN,3015,18
401161426,DEN,3136779,14
401161426,DEN,3059310,27
401161426,DEN,3923250,14
401161426,DEN,3078284,0
401161426,DEN,4230557,0
401161426,DEN,2488653,0
401161426,DEN,2531797,0
401161426,PHX,4278129,42
401161426,PHX,4011,32
401161426,PHX,3133603,42
401161426,PHX,3136193,37
401161426,PHX,3147657,34
401161426,PHX,3138196,24
401161426,PHX,3919335,5
401161426,PHX,3133635,11
401161426,PHX,4230550,14
401161426,PHX,3032978,0
401161426,PHX,2968439,0
401161426,PHX,4065733,0
401161427,SA,3136196,18
401161427,SA,2983,34
401161427,SA,2994526,28
401161427,SA,3978,30
401161427,SA,3907497,28
401161427,SA,3914285,4
401161427,SA,3005,22
401161427,SA,3134908,12
401161427,SA,4004,17
401161427,SA,3078576,25
401161427,SA,3907358,4
401161427,SA,4277890,20
401161427,SA,3190,0
401161427,SAC,4269,32
401161427,SAC,4065649,28
401161427,SAC,6578,38
401161427,SAC,3037789,24
401161427,SAC,4066259,26
401161427,SAC,6637,27
401161427,SAC,6446,24
401161427,SAC,2991018,7
401161427,SAC,2990984,32
401161427,SAC,3913220,1
401161427,SAC,3914058,1
401161427,SAC,3276,0
401161428,BOS,4065648,35
401161428,BOS,4249,35
401161428,BOS,2451037,30
401161428,BOS,6479,30
401161428,BOS,3917376,34
401161428,BOS,4066218,14
401161428,BOS,6447,17
401161428,BOS,6507,17
401161428,BOS,4397008,6
401161428,BOS,2990992,22
401161428,BOS,3056602,0
401161428,BOS,4237215,0
401161428,BOS,2596112,0
401161428,OKC,3428,31
401161428,OKC,2991235,30
401161428,OKC,2779,33
401161428,OKC,4278073,33
401161428,OKC,4397020,12
401161428,OKC,2595435,5
401161428,OKC,4423545,3
401161428,OKC,4230546,26
401161428,OKC,2991280,18
401161428,OKC,3032979,36
401161428,OKC,4080610,13
401161428,OKC,3059358,0
401161428,OKC,2490089,0
401161429,NY,3986,16
401161429,NY,3064514,46
401161429,NY,4395625,22
401161429,NY,2528779,37
401161429,NY,2583639,37
401161429,NY,3064482,19
401161429,NY,4278075,13
401161429,NY,4351852,35
401161429,NY,4065697,8
401161429,NY,4230547,26
401161429,NY,3981,32
401161429,NY,2991149,0
401161429,ATL,3908845,50
401161429,ATL,4065732,48
401161429,ATL,3064559,15
401161429,ATL,4066372,48
401161429,ATL,4277905,48
401161429,ATL,2595231,7
401161429,ATL,4277952,9
401161429,ATL,2580913,33
401161429,ATL,4015,27
401161429,ATL,136,3
401161429,ATL,3057198,4
401161429,ATL,4066508,0
401161430,CHI,3244,37
401161430,CHI,3149010,31
401161430,CHI,3064560,29
401161430,CHI,6621,32
401161430,CHI,3064440,40
401161430,CHI,3113587,19
401161430,CHI,2991047,19
401161430,CHI,2991274,7
401161430,CHI,4395651,26
401161430,CHI,4278049,0
401161430,CHI,4349241,0
401161430,PHI,6440,30
401161430,PHI,3213,30
401161430,PHI,3059318,31
401161430,PHI,3915195,13
401161430,PHI,3907387,37
401161430,PHI,6622,18
401161430,PHI,2991039,12
401161430,PHI,2581190,19
401161430,PHI,3929325,32
401161430,PHI,3907498,18
401161430,PHI,2608892,0
401161430,PHI,2968361,0
401161430,PHI,6429,0
401161431,MEM,2993874,30
401161431,MEM,3155526,30
401161431,MEM,4277961,30
401161431,MEM,6477,30
401161431,MEM,4279888,35
401161431,MEM,3906665,21
401161431,MEM,3133838,10
401161431,MEM,4066297,14
401161431,MEM,3135046,19
401161431,MEM,4066436,21
401161431,MEM,3064427,0
401161431,MEM,2534781,0
401161431,MEM,4230554,0
401161431,WSH,4066648,25
401161431,WSH,2774,18
401161431,WSH,4305,29
401161431,WSH,6580,34
401161431,WSH,4348697,17
401161431,WSH,4278508,24
401161431,WSH,6426,32
401161431,WSH,3150844,24
401161431,WSH,3943606,16
401161431,WSH,2530780,21
401161431,WSH,3918423,0
401161431,WSH,3893059,0
401161431,WSH,3134903,0
401161432,UTAH,2968436,33
401161432,UTAH,3593,32
401161432,UTAH,3032976,37
401161432,UTAH,3195,34
401161432,UTAH,3908809,37
401161432,UTAH,2583632,19
401161432,UTAH,2990969,9
401161432,UTAH,3934721,7
401161432,UTAH,4065673,4
401161432,UTAH,2528426,29
401161432,UTAH,4066851,0
401161432,UTAH,3892818,0
401161432,UTAH,3908819,0
401161432,HOU,3033,36
401161432,HOU,2490620,35
401161432,HOU,2991155,36
401161432,HOU,3468,38
401161432,HOU,3992,39
401161432,HOU,3028,10
401161432,HOU,984,0
401161432,HOU,6617,19
401161432,HOU,2578213,27
401161432,HOU,4237239,0
401161432,HOU,4222252,0
401161432,HOU,2991255,0
401161432,HOU,3906603,0
401161433,LAC,4251,24
401161433,LAC,6462,22
401161433,LAC,4017837,17
401161433,LAC,2799,26
401161433,LAC,3914044,27
401161433,LAC,2327577,24
401161433,LAC,3059306,11
401161433,LAC,2991055,21
401161433,LAC,4065660,10
401161433,LAC,2488826,22
401161433,LAC,3907823,12
401161433,LAC,4066387,25
401161433,LAC,4264,0
401161433,CLE,3449,26
401161433,CLE,3893016,25
401161433,CLE,6585,29
401161433,CLE,4277811,28
401161433,CLE,4396907,28
401161433,CLE,2530923,21
401161433,CLE,2580365,20
401161433,CLE,3912848,4
401161433,CLE,6474,19
401161433,CLE,3102528,8
401161433,CLE,3907359,4
401161433,CLE,4397140,28
401161433,CLE,2489716,0
401161434,MIA,2489663,13
401161434,MIA,3157465,38
401161434,MIA,3936099,25
401161434,MIA,4066261,35
401161434,MIA,3056247,27
401161434,MIA,6581,35
401161434,MIA,2386,23
401161434,MIA,3923253,13
401161434,MIA,3423,31
401161434,MIA,2184,0
401161434,MIA,2488958,0
401161434,MIA,4278521,0
401161434,MIA,3137259,0
401161434,POR,1975,33
401161434,POR,2426,40
401161434,POR,4262,35
401161434,POR,6606,38
401161434,POR,2490149,39
401161434,POR,2995706,5
401161434,POR,3906671,10
401161434,POR,4066264,7
401161434,POR,4277843,33
401161434,POR,4395652,0
401161434,POR,3102530,0
401161434,POR,4351851,0
401161435,CHA,4066383,33
401161435,CHA,4278078,36
401161435,CHA,2579258,22
401161435,CHA,3133601,35
401161435,CHA,3074752,35
401161435,CHA,3138160,20
401161435,CHA,4066731,17
401161435,CHA,2999409,14
401161435,CHA,4066262,29
401161435,CHA,6427,0
401161435,CHA,3907821,0
401161435,DET,3058254,23
401161435,DET,4017843,24
401161435,DET,2528353,34
401161435,DET,6443,28
401161435,DET,4065670,39
401161435,DET,6461,21
401161435,DET,6592,17
401161435,DET,4423314,19
401161435,DET,6448,13
401161435,DET,2530572,23
401161435,DET,4397103,0
401161435,DET,3456,0
401161435,DET,4066212,0
401161436,BKN,2990962,32
401161436,BKN,2528794,34
401161436,BKN,4066328,20
401161436,BKN,2580782,35
401161436,BKN,2991043,33
401161436,BKN,3194,15
401161436,BKN,3442,28
401161436,BKN,3893019,14
401161436,BKN,4023,28
401161436,BKN,4230548,0
401161436,BKN,4278067,0
401161436,BKN,3137795,0
401161436,IND,3155942,38
401161436,IND,2982334,28
401161436,IND,3133628,23
401161436,IND,2527963,27
401161436,IND,2566769,32
401161436,IND,2284101,29
401161436,IND,2528588,18
401161436,IND,6603,26
401161436,IND,2530530,19
401161436,IND,4066425,0
401161436,IND,2608891,0
401161436,IND,4348700,0
401161436,IND,3922230,0
401161437,ATL,3908845,33
401161437,ATL,4065732,33
401161437,ATL,3064559,15
401161437,ATL,4066372,35
401161437,ATL,4277905,34
401161437,ATL,4395627,24
401161437,ATL,2580913,28
401161437,ATL,4015,16
401161437,ATL,136,15
401161437,ATL,3057198,6
401161437,ATL,2595231,0
401161437,ATL,4277952,0
401161437,ATL,4066508,0
401161437,ORL,3064290,37
401161437,ORL,3074797,17
401161437,ORL,6478,33
401161437,ORL,6588,32
401161437,ORL,4066636,29
401161437,ORL,2579321,16
401161437,ORL,3132042,11
401161437,ORL,4277919,14
401161437,ORL,6619,31
401161437,ORL,2596108,20
401161437,ORL,3059280,0
401161437,ORL,2578240,0
401161437,ORL,3913546,0
401161438,MIN,4017839,26
401161438,MIN,3136195,37
401161438,MIN,3907822,32
401161438,MIN,3136776,32
401161438,MIN,4065663,23
401161438,MIN,3999,28
401161438,MIN,4396971,10
401161438,MIN,2531210,16
401161438,MIN,3134916,16
401161438,MIN,4277928,21
401161438,MIN,2982268,0
401161438,MIN,4278077,0
401161438,MIN,4278541,0
401161438,TOR,3149673,37
401161438,TOR,3934719,36
401161438,TOR,3064291,34
401161438,TOR,3012,40
401161438,TOR,2991230,37
401161438,TOR,3948153,13
401161438,TOR,3137730,26
401161438,TOR,3059311,3
401161438,TOR,3919454,15
401161438,TOR,2580980,0
401161438,TOR,3134881,0
401161438,TOR,4278031,0
401161438,TOR,3058030,0
401161439,SAC,4269,34
401161439,SAC,4065649,15
401161439,SAC,6578,37
401161439,SAC,3037789,34
401161439,SAC,4066259,35
401161439,SAC,6637,13
401161439,SAC,6446,29
401161439,SAC,2991018,11
401161439,SAC,2990984,33
401161439,SAC,3913220,0
401161439,SAC,3276,0
401161439,SAC,3914058,0
401161439,MIL,2767,25
401161439,MIL,6609,34
401161439,MIL,3448,25
401161439,MIL,4032,32
401161439,MIL,4238,32
401161439,MIL,3057187,24
401161439,MIL,3447,2
401161439,MIL,2011,15
401161439,MIL,2578239,26
401161439,MIL,3934673,25
401161439,MIL,2797,0
401161439,MIL,3102533,0
401161439,MIL,3136491,0
401161440,UTAH,2583632,32
401161440,UTAH,2968436,32
401161440,UTAH,3593,33
401161440,UTAH,3032976,36
401161440,UTAH,3908809,35
401161440,UTAH,2990969,14
401161440,UTAH,4065673,12
401161440,UTAH,2528426,31
401161440,UTAH,3892818,15
401161440,UTAH,3934721,0
401161440,UTAH,4066851,0
401161440,UTAH,3908819,0
401161440,DAL,2578185,35
401161440,DAL,2960236,23
401161440,DAL,3102531,35
401161440,DAL,2528210,37
401161440,DAL,3934672,26
401161440,DAL,2991282,5
401161440,DAL,3055,16
401161440,DAL,3445,16
401161440,DAL,2326307,35
401161440,DAL,3064447,13
401161440,DAL,3138156,0
401161440,DAL,4376,0
401161440,DAL,2489693,0
401161441,SA,3136196,29
401161441,SA,2983,35
401161441,SA,2994526,29
401161441,SA,3907497,34
401161441,SA,4277890,27
401161441,SA,3005,17
401161441,SA,3134908,16
401161441,SA,4004,18
401161441,SA,3190,19
401161441,SA,3078576,19
401161441,SA,3914283,0
401161441,SA,4395723,0
401161441,SA,3978,0
401161441,DEN,2991070,30
401161441,DEN,2528693,31
401161441,DEN,3112335,38
401161441,DEN,2999547,26
401161441,DEN,3936299,34
401161441,DEN,3015,19
401161441,DEN,3136779,5
401161441,DEN,3059310,23
401161441,DEN,2531797,17
401161441,DEN,3923250,18
401161441,DEN,3078284,0
401161441,DEN,4230557,0
401161441,DEN,6579,0
401161442,MIA,6430,33
401161442,MIA,3157465,37
401161442,MIA,3936099,20
401161442,MIA,4066261,27
401161442,MIA,3056247,23
401161442,MIA,6581,31
401161442,MIA,2386,17
401161442,MIA,2489663,21
401161442,MIA,3923253,0
401161442,MIA,3423,30
401161442,MIA,3137259,2
401161442,MIA,2184,0
401161442,MIA,2488958,0
401161442,GS,6589,31
401161442,GS,3059319,34
401161442,GS,3907487,27
401161442,GS,2595209,30
401161442,GS,4065635,15
401161442,GS,4401415,5
401161442,GS,3133817,17
401161442,GS,3155535,16
401161442,GS,4401416,14
401161442,GS,6497,9
401161442,GS,4066649,11
401161442,GS,4277956,31
401161443,PHX,3138196,22
401161443,PHX,3919335,39
401161443,PHX,4011,25
401161443,PHX,3136193,32
401161443,PHX,3147657,31
401161443,PHX,3149059,5
401161443,PHX,3133603,27
401161443,PHX,3133635,20
401161443,PHX,4065733,20
401161443,PHX,4230550,16
401161443,PHX,4423887,5
401161443,PHX,4278129,0
401161443,LAL,1966,30
401161443,LAL,3988,25
401161443,LAL,6583,31
401161443,LAL,3452,15
401161443,LAL,4240,23
401161443,LAL,3134907,20
401161443,LAL,3201,5
401161443,LAL,2384,25
401161443,LAL,3026,27
401161443,LAL,2566745,5
401161443,LAL,2489530,5
401161443,LAL,2581018,25
401161443,LAL,2991350,5
401161444,LAC,4251,35
401161444,LAC,6450,37
401161444,LAC,6462,35
401161444,LAC,4017837,20
401161444,LAC,2799,36
401161444,LAC,2327577,12
401161444,LAC,3059306,1
401161444,LAC,2991055,24
401161444,LAC,2488826,3
401161444,LAC,3907823,1
401161444,LAC,3914044,36
401161444,LAC,4066387,1
401161444,LAC,4264,0
401161444,PHI,6440,37
401161444,PHI,3059318,28
401161444,PHI,2581190,32
401161444,PHI,3929325,23
401161444,PHI,3907387,43
401161444,PHI,6622,5
401161444,PHI,2608892,1
401161444,PHI,2991039,12
401161444,PHI,3213,28
401161444,PHI,6429,14
401161444,PHI,3915195,1
401161444,PHI,3907498,16
401161444,PHI,2968361,0
401161445,CHI,3244,33
401161445,CHI,3149010,29
401161445,CHI,3064560,24
401161445,CHI,6621,30
401161445,CHI,3064440,37
401161445,CHI,3113587,23
401161445,CHI,2991047,18
401161445,CHI,2991274,11
401161445,CHI,4395651,35
401161445,CHI,4278049,0
401161445,CHI,4349241,0
401161445,WSH,4066648,32
401161445,WSH,2774,21
401161445,WSH,4305,28
401161445,WSH,6580,34
401161445,WSH,4348697,20
401161445,WSH,4278508,16
401161445,WSH,6426,24
401161445,WSH,3150844,27
401161445,WSH,3943606,18
401161445,WSH,2530780,19
401161445,WSH,3134903,1
401161445,WSH,3893059,0
401161446,POR,1975,26
401161446,POR,2426,27
401161446,POR,4262,27
401161446,POR,6606,29
401161446,POR,2490149,30
401161446,POR,3906671,23
401161446,POR,4066264,14
401161446,POR,4395688,10
401161446,POR,4397126,10
401161446,POR,4277843,27
401161446,POR,4351851,19
401161446,POR,4395652,0
401161446,POR,2581177,0
401161446,NO,4257,21
401161446,NO,4395628,28
401161446,NO,3995,29
401161446,NO,3062679,26
401161446,NO,4066421,34
401161446,NO,4341,28
401161446,NO,4397077,11
401161446,NO,3024,21
401161446,NO,6460,17
401161446,NO,4065651,23
401161446,NO,4278039,2
401161446,NO,3913176,0
401161446,NO,3135048,0
401161447,SA,3136196,31
401161447,SA,2983,39
401161447,SA,2994526,21
401161447,SA,3907497,27
401161447,SA,4277890,25
401161447,SA,3005,17
401161447,SA,3134908,9
401161447,SA,4004,28
401161447,SA,3190,16
401161447,SA,3078576,28
401161447,SA,3914283,0
401161447,SA,4395723,0
401161447,SA,3907358,0
401161447,OKC,3428,30
401161447,OKC,2991235,32
401161447,OKC,2779,34
401161447,OKC,4278073,33
401161447,OKC,4397020,21
401161447,OKC,2595435,16
401161447,OKC,4230546,18
401161447,OKC,2490089,7
401161447,OKC,2991280,8
401161447,OKC,3032979,32
401161447,OKC,4080610,8
401161447,OKC,3059358,0
401161448,BOS,4065648,35
401161448,BOS,4249,34
401161448,BOS,2451037,29
401161448,BOS,6479,28
401161448,BOS,3917376,33
401161448,BOS,3056602,7
401161448,BOS,4066218,9
401161448,BOS,6447,8
401161448,BOS,6507,20
401161448,BOS,4066407,2
401161448,BOS,4397008,4
401161448,BOS,2990992,30
401161448,BOS,2596112,0
401161448,HOU,3033,36
401161448,HOU,2490620,38
401161448,HOU,2991155,40
401161448,HOU,3468,37
401161448,HOU,3992,39
401161448,HOU,3028,9
401161448,HOU,4237239,1
401161448,HOU,4222252,1
401161448,HOU,6617,20
401161448,HOU,2578213,18
401161448,HOU,2991255,1
401161448,HOU,3906603,1
401161448,HOU,984,0
401161449,ATL,3908845,34
401161449,ATL,4065732,36
401161449,ATL,2580913,18
401161449,ATL,4066372,30
401161449,ATL,4277905,37
401161449,ATL,2595231,5
401161449,ATL,4277952,10
401161449,ATL,4395627,26
401161449,ATL,3064559,10
401161449,ATL,4015,10
401161449,ATL,136,8
401161449,ATL,3057198,14
401161449,ATL,3062667,0
401161449,CLE,2580365,35
401161449,CLE,3893016,32
401161449,CLE,6585,22
401161449,CLE,4277811,32
401161449,CLE,4396907,32
401161449,CLE,2530923,9
401161449,CLE,6474,26
401161449,CLE,3102528,19
401161449,CLE,3136483,1
401161449,CLE,4397140,32
401161449,CLE,2489716,0
401161449,CLE,3907359,0
401161450,DET,3058254,38
401161450,DET,4017843,27
401161450,DET,2528353,33
401161450,DET,6443,36
401161450,DET,4065670,26
401161450,DET,6461,21
401161450,DET,6592,6
401161450,DET,4423314,14
401161450,DET,3456,17
401161450,DET,2530572,30
401161450,DET,3133602,18
401161450,DET,6448,0
401161450,ORL,3064290,43
401161450,ORL,3074797,16
401161450,ORL,6478,40
401161450,ORL,6588,39
401161450,ORL,4066636,40
401161450,ORL,2579321,14
401161450,ORL,3132042,10
401161450,ORL,2578240,13
401161450,ORL,6619,36
401161450,ORL,2596108,14
401161450,ORL,3059280,0
401161450,ORL,3913546,0
401161451,TOR,3439,35
401161451,TOR,3149673,37
401161451,TOR,3934719,32
401161451,TOR,3012,37
401161451,TOR,2991230,39
401161451,TOR,3948153,9
401161451,TOR,3064291,16
401161451,TOR,3137730,16
401161451,TOR,3059311,3
401161451,TOR,3919454,17
401161451,TOR,2580980,0
401161451,TOR,3134881,0
401161451,BKN,2990962,29
401161451,BKN,2528794,35
401161451,BKN,4066328,20
401161451,BKN,2580782,34
401161451,BKN,2991043,36
401161451,BKN,3194,27
401161451,BKN,3442,23
401161451,BKN,3893019,12
401161451,BKN,4023,25
401161451,BKN,4230548,0
401161451,BKN,4278067,0
401161451,BKN,3137795,0
401161451,BKN,3138154,0
401161452,MIL,2767,19
401161452,MIL,6609,34
401161452,MIL,3448,31
401161452,MIL,4032,19
401161452,MIL,4238,27
401161452,MIL,2797,20
401161452,MIL,3057187,22
401161452,MIL,3447,7
401161452,MIL,2578239,30
401161452,MIL,3934673,30
401161452,MIL,3102533,0
401161452,MIL,3136491,0
401161452,IND,3155942,30
401161452,IND,2982334,39
401161452,IND,3133628,33
401161452,IND,2527963,29
401161452,IND,2566769,35
401161452,IND,2284101,25
401161452,IND,2528588,10
401161452,IND,6603,26
401161452,IND,2530530,13
401161452,IND,4066425,0
401161452,IND,2608891,0
401161452,IND,4348700,0
401161452,IND,3922230,0
401161453,WSH,4066648,23
401161453,WSH,2774,30
401161453,WSH,4305,29
401161453,WSH,6580,34
401161453,WSH,4348697,14
401161453,WSH,3064528,0
401161453,WSH,4278508,20
401161453,WSH,6426,30
401161453,WSH,3150844,17
401161453,WSH,3943606,21
401161453,WSH,2530780,19
401161453,WSH,3134903,2
401161453,WSH,3893059,0
401161453,NY,3986,10
401161453,NY,3064514,38
401161453,NY,4395625,29
401161453,NY,2528779,24
401161453,NY,2583639,31
401161453,NY,3064482,15
401161453,NY,4278075,10
401161453,NY,6591,25
401161453,NY,4351852,18
401161453,NY,4065697,6
401161453,NY,4230547,11
401161453,NY,3981,15
401161453,NY,2991149,6
401161454,POR,1975,36
401161454,POR,2426,35
401161454,POR,4262,34
401161454,POR,6606,37
401161454,POR,2490149,40
401161454,POR,3906671,12
401161454,POR,4066264,1
401161454,POR,4397126,0
401161454,POR,4277843,16
401161454,POR,4351851,28
401161454,POR,4395688,0
401161454,POR,4395652,0
401161454,POR,2581177,0
401161454,MEM,2993874,26
401161454,MEM,3155526,23
401161454,MEM,4277961,33
401161454,MEM,6477,27
401161454,MEM,4279888,32
401161454,MEM,3906665,23
401161454,MEM,2534781,13
401161454,MEM,4066297,21
401161454,MEM,3135046,16
401161454,MEM,4066436,26
401161454,MEM,3064427,0
401161454,MEM,3133838,0
401161454,MEM,4230554,0
401161455,CHA,3138160,25
401161455,CHA,4066383,35
401161455,CHA,4278078,31
401161455,CHA,6427,26
401161455,CHA,3133601,35
401161455,CHA,4066731,23
401161455,CHA,2999409,19
401161455,CHA,3907821,15
401161455,CHA,4066262,32
401161455,CHA,3416,0
401161455,CHA,2579258,0
401161455,MIN,4017839,38
401161455,MIN,3999,32
401161455,MIN,3907822,38
401161455,MIN,3136776,35
401161455,MIN,4065663,30
401161455,MIN,4278077,4
401161455,MIN,4396971,22
401161455,MIN,2531210,11
401161455,MIN,3134916,14
401161455,MIN,4277928,16
401161455,MIN,2982268,0
401161455,MIN,4278541,0
401161456,SAC,4269,22
401161456,SAC,6578,29
401161456,SAC,6446,24
401161456,SAC,3037789,23
401161456,SAC,4066259,31
401161456,SAC,3276,17
401161456,SAC,4065649,21
401161456,SAC,6637,28
401161456,SAC,2991018,8
401161456,SAC,2990984,31
401161456,SAC,3913220,5
401161456,SAC,3914058,2
401161456,DAL,2578185,22
401161456,DAL,3102531,33
401161456,DAL,2528210,33
401161456,DAL,3934672,14
401161456,DAL,3945274,31
401161456,DAL,2960236,19
401161456,DAL,3138156,20
401161456,DAL,4376,4
401161456,DAL,2991282,4
401161456,DAL,2326307,34
401161456,DAL,3064447,26
401161456,DAL,3055,0
401161456,DAL,3445,0
401161457,GS,6589,30
401161457,GS,3059319,34
401161457,GS,3907487,31
401161457,GS,2595209,32
401161457,GS,4277956,32
401161457,GS,4401415,7
401161457,GS,3133817,27
401161457,GS,4401416,14
401161457,GS,6497,21
401161457,GS,4065635,4
401161457,GS,4066649,8
401161457,GS,3155535,0
401161457,PHX,3919335,22
401161457,PHX,4011,24
401161457,PHX,3133603,32
401161457,PHX,3136193,37
401161457,PHX,3147657,32
401161457,PHX,3155533,26
401161457,PHX,3138196,18
401161457,PHX,3133635,19
401161457,PHX,4065733,8
401161457,PHX,4230550,22
401161457,PHX,3149059,0
401161457,PHX,4278129,0
401161457,PHX,4423887,0
401161458,MIA,6430,33
401161458,MIA,3157465,31
401161458,MIA,3936099,24
401161458,MIA,4066261,33
401161458,MIA,3056247,26
401161458,MIA,6581,25
401161458,MIA,2386,24
401161458,MIA,2489663,11
401161458,MIA,3423,33
401161458,MIA,2184,0
401161458,MIA,3923253,0
401161458,MIA,2488958,0
401161458,MIA,3137259,0
401161458,UTAH,2583632,39
401161458,UTAH,2968436,32
401161458,UTAH,3593,35
401161458,UTAH,3032976,37
401161458,UTAH,3908809,35
401161458,UTAH,2990969,13
401161458,UTAH,4065673,11
401161458,UTAH,2528426,25
401161458,UTAH,3892818,13
401161458,UTAH,3934721,0
401161458,UTAH,4066851,0
401161458,UTAH,3908819,0
401161459,LAL,1966,42
401161459,LAL,3988,21
401161459,LAL,6583,42
401161459,LAL,3452,13
401161459,LAL,4240,31
401161459,LAL,3134907,16
401161459,LAL,2384,30
401161459,LAL,3026,14
401161459,LAL,2581018,34
401161459,LAL,2991350,22
401161459,LAL,3201,0
401161459,LAL,2566745,0
401161459,LAL,2489530,0
401161459,DEN,2991070,38
401161459,DEN,2528693,30
401161459,DEN,3112335,37
401161459,DEN,2999547,34
401161459,DEN,3936299,44
401161459,DEN,3015,20
401161459,DEN,3078284,12
401161459,DEN,3059310,25
401161459,DEN,2531797,8
401161459,DEN,3923250,16
401161459,DEN,3136779,0
401161459,DEN,4230557,0
401161460,LAC,4251,15
401161460,LAC,6450,46
401161460,LAC,6462,42
401161460,LAC,4017837,14
401161460,LAC,3914044,48
401161460,LAC,2327577,19
401161460,LAC,3059306,0
401161460,LAC,2991055,44
401161460,LAC,2799,44
401161460,LAC,2488826,6
401161460,LAC,3907823,0
401161460,LAC,4066387,13
401161460,LAC,4264,0
401161460,BOS,4065648,48
401161460,BOS,4249,48
401161460,BOS,2451037,24
401161460,BOS,6479,46
401161460,BOS,2990992,46
401161460,BOS,3056602,17
401161460,BOS,4066218,16
401161460,BOS,6447,20
401161460,BOS,6507,26
401161460,BOS,4066407,0
401161460,BOS,4237215,0
401161460,BOS,4397008,0
401161460,BOS,2596112,0
401161461,OKC,3428,33
401161461,OKC,2991235,28
401161461,OKC,2779,34
401161461,OKC,4278073,37
401161461,OKC,4397020,23
401161461,OKC,2595435,15
401161461,OKC,4230546,20
401161461,OKC,2490089,9
401161461,OKC,2991280,11
401161461,OKC,3032979,29
401161461,OKC,3059358,0
401161461,OKC,3143565,0
401161461,OKC,4080610,0
401161461,NO,4257,20
401161461,NO,4395628,31
401161461,NO,3995,37
401161461,NO,3062679,27
401161461,NO,4066421,35
401161461,NO,4341,24
401161461,NO,4397077,8
401161461,NO,3024,31
401161461,NO,6460,20
401161461,NO,4065651,5
401161461,NO,3913176,0
401161461,NO,3135048,0
401161461,NO,4278039,0
401197814,WORLD,3906665,24
401197814,WORLD,4066648,20
401197814,WORLD,4395625,24
401197814,WORLD,3945274,24
401197814,WORLD,4278073,24
401197814,WORLD,4341,16
401197814,WORLD,3150844,16
401197814,WORLD,3133602,16
401197814,WORLD,4065663,16
401197814,WORLD,4278039,20
401197814,WORLD,4278129,0
401197814,USA,4277961,20
401197814,USA,4395628,20
401197814,USA,3056247,20
401197814,USA,4277905,20
401197814,USA,4279888,20
401197814,USA,3133817,20
401197814,USA,4066383,20
401197814,USA,4278078,20
401197814,USA,3133601,20
401197814,USA,4277811,20
401197814,USA,4277847,0
401197814,USA,4395725,0
401161462,MIL,6609,32
401161462,MIL,3032977,32
401161462,MIL,3448,24
401161462,MIL,4032,28
401161462,MIL,4238,27
401161462,MIL,2767,14
401161462,MIL,2797,9
401161462,MIL,3136491,3
401161462,MIL,3057187,3
401161462,MIL,3447,15
401161462,MIL,3438,20
401161462,MIL,2578239,14
401161462,MIL,3934673,18
401161462,DET,4017843,18
401161462,DET,2528353,22
401161462,DET,4423314,34
401161462,DET,3456,23
401161462,DET,3133602,29
401161462,DET,6592,15
401161462,DET,3058254,27
401161462,DET,6448,12
401161462,DET,2530572,23
401161462,DET,4065670,32
401161462,DET,4066212,5
401161462,DET,6461,0
401161462,DET,3912334,0
401161463,MIA,6581,23
401161463,MIA,6430,34
401161463,MIA,3157465,33
401161463,MIA,4066261,36
401161463,MIA,3056247,23
401161463,MIA,2386,23
401161463,MIA,2489663,12
401161463,MIA,3936099,13
401161463,MIA,2488958,14
401161463,MIA,3423,27
401161463,MIA,2184,0
401161463,MIA,3923253,0
401161463,MIA,4395725,0
401161463,ATL,3908845,30
401161463,ATL,4065732,30
401161463,ATL,2580913,20
401161463,ATL,4066372,40
401161463,ATL,4277905,40
401161463,ATL,4277952,9
401161463,ATL,4395627,37
401161463,ATL,4015,25
401161463,ATL,136,4
401161463,ATL,3057198,5
401161463,ATL,2595231,0
401161463,ATL,3064559,0
401161463,ATL,3062667,0
401161464,BKN,2990962,23
401161464,BKN,2528794,34
401161464,BKN,4066328,13
401161464,BKN,2580782,37
401161464,BKN,2991043,39
401161464,BKN,3194,33
401161464,BKN,3442,37
401161464,BKN,3893019,16
401161464,BKN,4023,33
401161464,BKN,4230548,0
401161464,BKN,3137795,0
401161464,BKN,3138154,0
401161464,PHI,6440,46
401161464,PHI,2991039,14
401161464,PHI,3059318,41
401161464,PHI,2968361,28
401161464,PHI,2581190,39
401161464,PHI,3213,19
401161464,PHI,6429,30
401161464,PHI,3915195,14
401161464,PHI,3929325,18
401161464,PHI,3907498,16
401161464,PHI,6622,0
401161464,PHI,2608892,0
401161464,PHI,6615,0
401161465,CHA,4066383,34
401161465,CHA,4278078,30
401161465,CHA,2579258,25
401161465,CHA,3133601,33
401161465,CHA,3074752,32
401161465,CHA,4066731,16
401161465,CHA,3138161,25
401161465,CHA,6427,15
401161465,CHA,4066262,30
401161465,CHA,3416,0
401161465,CHA,3138160,0
401161465,CHA,2999409,0
401161465,CHI,3244,36
401161465,CHI,3064560,15
401161465,CHI,6621,33
401161465,CHI,2991047,28
401161465,CHI,3064440,39
401161465,CHI,3113587,24
401161465,CHI,4278049,16
401161465,CHI,2991274,18
401161465,CHI,4395651,30
401161465,CHI,3149010,0
401161465,CHI,2999549,0
401161466,MEM,2993874,23
401161466,MEM,3155526,30
401161466,MEM,4277961,33
401161466,MEM,6477,20
401161466,MEM,4279888,30
401161466,MEM,3906665,25
401161466,MEM,2534781,13
401161466,MEM,4066297,18
401161466,MEM,3135046,18
401161466,MEM,4066436,23
401161466,MEM,4230554,7
401161466,MEM,3064427,0
401161466,MEM,3134932,0
401161466,SAC,4269,32
401161466,SAC,4065649,25
401161466,SAC,6578,38
401161466,SAC,3037789,25
401161466,SAC,4066259,34
401161466,SAC,3056600,15
401161466,SAC,6637,23
401161466,SAC,6446,22
401161466,SAC,2990984,27
401161466,SAC,3914058,0
401161466,SAC,3276,0
401161466,SAC,2991018,0
401161467,HOU,3033,30
401161467,HOU,2490620,27
401161467,HOU,2991155,19
401161467,HOU,3468,30
401161467,HOU,3992,30
401161467,HOU,3028,9
401161467,HOU,3209,24
401161467,HOU,3970,13
401161467,HOU,3113297,5
401161467,HOU,6617,25
401161467,HOU,2578213,21
401161467,HOU,2991255,6
401161467,HOU,984,0
401161467,GS,6589,18
401161467,GS,3059319,29
401161467,GS,3907487,18
401161467,GS,2595209,29
401161467,GS,4277956,32
401161467,GS,4401415,12
401161467,GS,3133817,32
401161467,GS,3155535,18
401161467,GS,4401416,25
401161467,GS,4065635,28
401161467,GS,3975,0
401161468,DAL,2578185,36
401161468,DAL,3102531,34
401161468,DAL,2326307,28
401161468,DAL,2528210,33
401161468,DAL,3945274,34
401161468,DAL,6601,4
401161468,DAL,2960236,23
401161468,DAL,3138156,6
401161468,DAL,3064447,24
401161468,DAL,3934672,20
401161468,DAL,2991282,0
401161468,DAL,3055,0
401161468,DAL,3445,0
401161468,ORL,2579321,22
401161468,ORL,3064290,35
401161468,ORL,6478,37
401161468,ORL,6588,33
401161468,ORL,4066636,25
401161468,ORL,3132042,8
401161468,ORL,4277919,11
401161468,ORL,3415,16
401161468,ORL,6619,28
401161468,ORL,2596108,25
401161468,ORL,3074797,0
401161468,ORL,3136746,0
401161468,ORL,2578240,0
401161469,CLE,3449,23
401161469,CLE,3893016,30
401161469,CLE,6585,22
401161469,CLE,4277811,34
401161469,CLE,4396907,36
401161469,CLE,2580365,26
401161469,CLE,6474,26
401161469,CLE,2489716,7
401161469,CLE,3102528,24
401161469,CLE,4397140,13
401161469,CLE,4017838,0
401161469,WSH,4066648,30
401161469,WSH,2774,16
401161469,WSH,4305,30
401161469,WSH,6580,34
401161469,WSH,4348697,20
401161469,WSH,4278508,20
401161469,WSH,6426,26
401161469,WSH,3150844,16
401161469,WSH,3934723,16
401161469,WSH,3943606,14
401161469,WSH,2530780,18
401161469,WSH,3893059,0
401161469,WSH,3134903,0
401161470,IND,3155942,37
401161470,IND,2982334,37
401161470,IND,3133628,31
401161470,IND,2527963,25
401161470,IND,2566769,34
401161470,IND,2284101,25
401161470,IND,2528588,14
401161470,IND,6603,22
401161470,IND,2530530,15
401161470,IND,4066425,0
401161470,IND,2608891,0
401161470,IND,4348700,0
401161470,IND,3922230,0
401161470,NY,3986,16
401161470,NY,3064514,30
401161470,NY,4395625,27
401161470,NY,2528779,19
401161470,NY,4230547,32
401161470,NY,3064482,28
401161470,NY,4278075,17
401161470,NY,6591,17
401161470,NY,4351852,17
401161470,NY,4065697,16
401161470,NY,2991149,23
401161470,NY,3981,0
401161470,NY,3907525,0
401161471,PHX,4278129,36
401161471,PHX,4011,28
401161471,PHX,3133603,32
401161471,PHX,3136193,34
401161471,PHX,3147657,24
401161471,PHX,3155533,1
401161471,PHX,3032978,20
401161471,PHX,3138196,19
401161471,PHX,3919335,1
401161471,PHX,2968439,11
401161471,PHX,3133635,12
401161471,PHX,4065733,15
401161471,PHX,4230550,7
401161471,TOR,3439,26
401161471,TOR,3149673,38
401161471,TOR,3934719,39
401161471,TOR,3012,34
401161471,TOR,2991230,36
401161471,TOR,2580980,1
401161471,TOR,3948153,14
401161471,TOR,3064291,24
401161471,TOR,3134881,1
401161471,TOR,4278031,1
401161471,TOR,3059311,2
401161471,TOR,3919454,25
401161472,BOS,4065648,36
401161472,BOS,4249,38
401161472,BOS,2451037,28
401161472,BOS,2990992,35
401161472,BOS,3917376,33
401161472,BOS,3056602,5
401161472,BOS,4066218,13
401161472,BOS,6447,9
401161472,BOS,4237215,3
401161472,BOS,6507,22
401161472,BOS,4397008,19
401161472,BOS,4066407,0
401161472,BOS,2596112,0
401161472,MIN,4017839,26
401161472,MIN,4396971,33
401161472,MIN,3907822,36
401161472,MIN,3136776,34
401161472,MIN,4065663,28
401161472,MIN,3999,21
401161472,MIN,3133596,16
401161472,MIN,2531210,11
401161472,MIN,3134916,14
401161472,MIN,4277928,22
401161472,MIN,3136195,0
401161472,MIN,3934621,0
401161473,DEN,3015,27
401161473,DEN,3112335,34
401161473,DEN,6579,32
401161473,DEN,2999547,31
401161473,DEN,3936299,38
401161473,DEN,2991070,21
401161473,DEN,4278104,8
401161473,DEN,2528693,16
401161473,DEN,2488653,14
401161473,DEN,3059310,20
401161473,DEN,3078284,0
401161473,DEN,2531797,0
401161473,DEN,3923250,0
401161473,OKC,3428,32
401161473,OKC,2991235,32
401161473,OKC,2779,33
401161473,OKC,4278073,39
401161473,OKC,4397020,22
401161473,OKC,2595435,16
401161473,OKC,4230546,21
401161473,OKC,2991280,16
401161473,OKC,3032979,29
401161473,OKC,4066392,0
401161473,OKC,2490089,0
401161473,OKC,4080610,0
401161474,SA,3136196,29
401161474,SA,2983,35
401161474,SA,2994526,25
401161474,SA,3978,36
401161474,SA,3907497,34
401161474,SA,3005,15
401161474,SA,3134908,13
401161474,SA,4004,20
401161474,SA,3078576,20
401161474,SA,4277890,12
401161474,SA,3914283,0
401161474,SA,4395723,0
401161474,SA,3190,0
401161474,UTAH,2583632,25
401161474,UTAH,2968436,30
401161474,UTAH,3593,33
401161474,UTAH,3032976,38
401161474,UTAH,3908809,32
401161474,UTAH,2990969,15
401161474,UTAH,3934721,2
401161474,UTAH,4065673,10
401161474,UTAH,2528426,35
401161474,UTAH,3892818,18
401161474,UTAH,3908819,2
401161474,UTAH,3911566,2
401161474,UTAH,4259,0
401161475,MEM,2993874,22
401161475,MEM,3155526,26
401161475,MEM,4277961,16
401161475,MEM,6477,24
401161475,MEM,4279888,31
401161475,MEM,3906665,33
401161475,MEM,2534781,21
401161475,MEM,4066297,23
401161475,MEM,3135046,17
401161475,MEM,4066436,24
401161475,MEM,4230554,3
401161475,MEM,3064427,0
401161475,MEM,3134932,0
401161475,LAL,1966,36
401161475,LAL,3988,26
401161475,LAL,6583,31
401161475,LAL,3452,14
401161475,LAL,4240,29
401161475,LAL,3134907,23
401161475,LAL,3201,2
401161475,LAL,2384,16
401161475,LAL,3026,16
401161475,LAL,2581018,24
401161475,LAL,2991350,23
401161475,LAL,2566745,0
401161475,LAL,2489530,0
401161476,NO,4257,26
401161476,NO,3913176,28
401161476,NO,4395628,29
401161476,NO,3995,31
401161476,NO,4066421,40
401161476,NO,4341,19
401161476,NO,4397077,6
401161476,NO,3024,21
401161476,NO,6460,10
401161476,NO,3062679,28
401161476,NO,4065651,2
401161476,NO,3135048,0
401161476,NO,4278039,0
401161476,POR,1975,32
401161476,POR,2426,35
401161476,POR,4262,32
401161476,POR,2490149,37
401161476,POR,4277843,37
401161476,POR,3906671,9
401161476,POR,4066264,14
401161476,POR,4395652,18
401161476,POR,4351851,27
401161476,POR,2995706,0
401161476,POR,3102530,0
401161476,POR,6606,0
401161477,SAC,4269,26
401161477,SAC,4065649,32
401161477,SAC,6578,39
401161477,SAC,3037789,34
401161477,SAC,4066259,33
401161477,SAC,6637,30
401161477,SAC,2596107,16
401161477,SAC,6446,15
401161477,SAC,2990984,15
401161477,SAC,3276,0
401161477,SAC,3056600,0
401161477,SAC,2991018,0
401161477,SAC,3914058,0
401161477,LAC,6450,37
401161477,LAC,6462,32
401161477,LAC,4017837,20
401161477,LAC,6443,23
401161477,LAC,3914044,34
401161477,LAC,4264,0
401161477,LAC,2327577,19
401161477,LAC,2991055,28
401161477,LAC,2799,31
401161477,LAC,2488826,3
401161477,LAC,3907823,0
401161477,LAC,4066387,14
401161477,LAC,3059306,0
401161478,BKN,2990962,30
401161478,BKN,2528794,25
401161478,BKN,4066328,25
401161478,BKN,2580782,28
401161478,BKN,2991043,30
401161478,BKN,3194,22
401161478,BKN,4230548,3
401161478,BKN,3442,20
401161478,BKN,3893019,23
401161478,BKN,4023,26
401161478,BKN,3137795,3
401161478,BKN,3138154,4
401161478,CHA,4066383,34
401161478,CHA,4278078,37
401161478,CHA,2579258,21
401161478,CHA,3133601,27
401161478,CHA,3074752,33
401161478,CHA,3138160,8
401161478,CHA,4066731,23
401161478,CHA,3138161,17
401161478,CHA,6427,10
401161478,CHA,3058269,3
401161478,CHA,4066262,27
401161478,CHA,3416,0
401161478,CHA,2999409,0
401161479,DAL,2578185,31
401161479,DAL,2960236,30
401161479,DAL,2326307,38
401161479,DAL,2528210,35
401161479,DAL,3934672,0
401161479,DAL,6601,5
401161479,DAL,3138156,27
401161479,DAL,4376,4
401161479,DAL,3055,19
401161479,DAL,3445,21
401161479,DAL,3064447,30
401161479,ATL,3908845,37
401161479,ATL,4395627,39
401161479,ATL,2580913,25
401161479,ATL,4066372,39
401161479,ATL,4277905,40
401161479,ATL,2595231,19
401161479,ATL,4277952,10
401161479,ATL,4015,13
401161479,ATL,136,11
401161479,ATL,3057198,8
401161479,ATL,3064559,0
401161480,CLE,2580365,28
401161480,CLE,3893016,38
401161480,CLE,6585,25
401161480,CLE,4277811,33
401161480,CLE,4396907,33
401161480,CLE,6474,26
401161480,CLE,4017838,9
401161480,CLE,2489716,9
401161480,CLE,3102528,25
401161480,CLE,4397140,14
401161480,CLE,3449,0
401161480,MIA,2489663,26
401161480,MIA,3157465,32
401161480,MIA,3936099,27
401161480,MIA,4066261,26
401161480,MIA,3056247,35
401161480,MIA,2184,10
401161480,MIA,6581,27
401161480,MIA,2386,18
401161480,MIA,3923253,5
401161480,MIA,2488958,8
401161480,MIA,3423,26
401161480,MIA,6430,0
401161480,MIA,4395725,0
401161481,PHX,4278129,35
401161481,PHX,4011,35
401161481,PHX,3133603,39
401161481,PHX,3136193,38
401161481,PHX,3147657,28
401161481,PHX,3155533,5
401161481,PHX,3032978,5
401161481,PHX,3138196,19
401161481,PHX,2968439,13
401161481,PHX,3133635,10
401161481,PHX,4065733,6
401161481,PHX,4230550,6
401161481,PHX,3919335,0
401161481,CHI,3244,31
401161481,CHI,4278049,25
401161481,CHI,6621,23
401161481,CHI,2991047,34
401161481,CHI,3064440,36
401161481,CHI,3113587,23
401161481,CHI,4349241,17
401161481,CHI,2991274,18
401161481,CHI,4395651,34
401161481,CHI,3149010,0
401161481,CHI,3064560,0
401161481,CHI,2999549,0
401161482,PHI,6440,31
401161482,PHI,2991039,20
401161482,PHI,3059318,29
401161482,PHI,2581190,27
401161482,PHI,3907387,5
401161482,PHI,6622,12
401161482,PHI,2608892,6
401161482,PHI,3213,24
401161482,PHI,2968361,6
401161482,PHI,6429,21
401161482,PHI,3915195,22
401161482,PHI,3929325,26
401161482,PHI,3907498,11
401161482,MIL,6609,31
401161482,MIL,3032977,29
401161482,MIL,3448,25
401161482,MIL,4032,20
401161482,MIL,4238,27
401161482,MIL,2797,19
401161482,MIL,3136491,5
401161482,MIL,3057187,6
401161482,MIL,3447,18
401161482,MIL,3438,20
401161482,MIL,2578239,20
401161482,MIL,3934673,20
401161482,MIL,2767,0
401161483,HOU,3033,35
401161483,HOU,2490620,37
401161483,HOU,2991155,25
401161483,HOU,3468,39
401161483,HOU,3992,37
401161483,HOU,3209,13
401161483,HOU,6617,17
401161483,HOU,2578213,13
401161483,HOU,3431,24
401161483,HOU,3028,0
401161483,HOU,3970,0
401161483,HOU,3113297,0
401161483,HOU,984,0
401161483,UTAH,2968436,30
401161483,UTAH,3593,36
401161483,UTAH,3032976,34
401161483,UTAH,3195,34
401161483,UTAH,3908809,36
401161483,UTAH,2583632,20
401161483,UTAH,2990969,10
401161483,UTAH,3934721,13
401161483,UTAH,2528426,27
401161483,UTAH,4259,0
401161483,UTAH,4065673,0
401161483,UTAH,3892818,0
401161483,UTAH,3908819,0
401161484,BOS,4065648,37
401161484,BOS,4249,40
401161484,BOS,2451037,31
401161484,BOS,2990992,36
401161484,BOS,3917376,39
401161484,BOS,3056602,6
401161484,BOS,4066218,13
401161484,BOS,6447,5
401161484,BOS,4237215,0
401161484,BOS,6507,18
401161484,BOS,4397008,15
401161484,BOS,4066407,0
401161484,BOS,2596112,0
401161484,LAL,1966,35
401161484,LAL,3988,23
401161484,LAL,6583,39
401161484,LAL,3452,13
401161484,LAL,4240,29
401161484,LAL,3134907,27
401161484,LAL,2384,15
401161484,LAL,3026,22
401161484,LAL,2581018,28
401161484,LAL,2991350,8
401161484,LAL,3201,0
401161484,LAL,2566745,0
401161484,LAL,2489530,0
401161485,IND,3155942,31
401161485,IND,2982334,29
401161485,IND,3133628,28
401161485,IND,2566769,31
401161485,IND,3922230,32
401161485,IND,4066425,5
401161485,IND,2284101,27
401161485,IND,2528588,19
401161485,IND,4067045,4
401161485,IND,2608891,7
401161485,IND,4348700,9
401161485,IND,6603,8
401161485,IND,2530530,9
401161485,TOR,3439,24
401161485,TOR,3149673,30
401161485,TOR,3934719,28
401161485,TOR,3012,32
401161485,TOR,2991230,26
401161485,TOR,2580980,5
401161485,TOR,3948153,17
401161485,TOR,3064291,20
401161485,TOR,3134881,9
401161485,TOR,4278031,5
401161485,TOR,3058030,4
401161485,TOR,3059311,15
401161485,TOR,3919454,24
401161486,MIN,4017839,27
401161486,MIN,4396971,22
401161486,MIN,3907822,34
401161486,MIN,3134916,34
401161486,MIN,4065663,25
401161486,MIN,3999,27
401161486,MIN,3133596,30
401161486,MIN,4277928,26
401161486,MIN,4278541,16
401161486,MIN,2982268,0
401161486,MIN,3136195,0
401161486,MIN,3136776,0
401161486,DEN,3015,26
401161486,DEN,3112335,31
401161486,DEN,6579,27
401161486,DEN,2999547,30
401161486,DEN,3936299,35
401161486,DEN,3078284,2
401161486,DEN,2991070,20
401161486,DEN,4278104,10
401161486,DEN,2528693,9
401161486,DEN,2488653,15
401161486,DEN,3059310,31
401161486,DEN,2531797,2
401161486,DEN,3923250,2
401161487,WSH,4066648,29
401161487,WSH,2774,8
401161487,WSH,4305,27
401161487,WSH,6580,39
401161487,WSH,4348697,15
401161487,WSH,4278508,21
401161487,WSH,6426,37
401161487,WSH,3150844,15
401161487,WSH,3934723,14
401161487,WSH,3943606,16
401161487,WSH,2530780,17
401161487,WSH,3134903,1
401161487,WSH,3893059,0
401161487,CHI,3244,30
401161487,CHI,4278049,22
401161487,CHI,6621,39
401161487,CHI,2991047,21
401161487,CHI,3064440,36
401161487,CHI,3113587,23
401161487,CHI,4349241,18
401161487,CHI,2991274,16
401161487,CHI,4395651,34
401161487,CHI,3149010,0
401161487,CHI,4277847,0
401161487,CHI,2999549,0
401161488,SA,3136196,18
401161488,SA,2983,21
401161488,SA,2994526,21
401161488,SA,3978,23
401161488,SA,3907497,21
401161488,SA,3914283,8
401161488,SA,4395723,13
401161488,SA,3005,18
401161488,SA,3134908,16
401161488,SA,4004,15
401161488,SA,3190,15
401161488,SA,3078576,27
401161488,SA,4277890,23
401161488,OKC,3428,26
401161488,OKC,2991235,27
401161488,OKC,2779,28
401161488,OKC,4278073,32
401161488,OKC,4397020,24
401161488,OKC,4066392,3
401161488,OKC,2595435,22
401161488,OKC,3059358,4
401161488,OKC,4230546,10
401161488,OKC,2490089,4
401161488,OKC,2991280,16
401161488,OKC,3032979,29
401161488,OKC,4080610,15
401161489,NO,4257,24
401161489,NO,3913176,34
401161489,NO,4395628,33
401161489,NO,3995,38
401161489,NO,4066421,27
401161489,NO,4341,23
401161489,NO,4397077,3
401161489,NO,3024,21
401161489,NO,6460,9
401161489,NO,3062679,27
401161489,NO,3135048,0
401161489,NO,4065651,0
401161489,NO,4278039,0
401161489,GS,3059319,34
401161489,GS,3133817,31
401161489,GS,3155535,19
401161489,GS,2595209,35
401161489,GS,4277956,33
401161489,GS,4401415,9
401161489,GS,4011991,20
401161489,GS,4401416,28
401161489,GS,4065635,32
401161489,GS,6589,0
401161489,GS,3907487,0
401161490,DET,4017843,16
401161490,DET,2528353,25
401161490,DET,4423314,24
401161490,DET,3456,28
401161490,DET,3133602,15
401161490,DET,6592,23
401161490,DET,3058254,31
401161490,DET,6448,20
401161490,DET,2530572,24
401161490,DET,4065670,33
401161490,DET,3907408,0
401161490,DET,3056273,0
401161490,POR,1975,37
401161490,POR,2426,36
401161490,POR,4262,38
401161490,POR,2490149,43
401161490,POR,4277843,34
401161490,POR,2995706,12
401161490,POR,4066264,13
401161490,POR,4395652,7
401161490,POR,4351851,18
401161490,POR,3906671,0
401161490,POR,3102530,0
401161490,POR,6606,0
401161491,MIA,2489663,15
401161491,MIA,3157465,37
401161491,MIA,3936099,37
401161491,MIA,4066261,41
401161491,MIA,3056247,34
401161491,MIA,6581,38
401161491,MIA,2386,17
401161491,MIA,3923253,12
401161491,MIA,3423,34
401161491,MIA,2184,0
401161491,MIA,6430,0
401161491,MIA,2488958,0
401161491,MIA,3137259,0
401161491,CLE,3449,38
401161491,CLE,3893016,24
401161491,CLE,6585,24
401161491,CLE,4277811,28
401161491,CLE,4396907,40
401161491,CLE,2580365,32
401161491,CLE,6474,29
401161491,CLE,2489716,3
401161491,CLE,3102528,6
401161491,CLE,4397140,41
401161491,CLE,3912848,0
401161491,CLE,4017838,0
401161491,CLE,3149036,0
401161492,ATL,3908845,39
401161492,ATL,4065732,39
401161492,ATL,2580913,14
401161492,ATL,4066372,38
401161492,ATL,4277905,37
401161492,ATL,2595231,7
401161492,ATL,4277952,20
401161492,ATL,4395627,22
401161492,ATL,4015,18
401161492,ATL,136,6
401161492,ATL,3064559,0
401161492,ATL,3057198,0
401161492,PHI,6440,35
401161492,PHI,3213,31
401161492,PHI,3059318,36
401161492,PHI,2581190,39
401161492,PHI,3915195,26
401161492,PHI,2991039,14
401161492,PHI,6429,16
401161492,PHI,3929325,31
401161492,PHI,3907498,11
401161492,PHI,6622,0
401161492,PHI,6615,0
401161492,PHI,2968361,0
401161493,MIL,6609,41
401161493,MIL,3032977,25
401161493,MIL,3447,33
401161493,MIL,4032,24
401161493,MIL,4238,33
401161493,MIL,2767,16
401161493,MIL,2797,22
401161493,MIL,3057187,5
401161493,MIL,3438,24
401161493,MIL,2578239,14
401161493,MIL,3934673,29
401161493,MIL,3102533,0
401161493,MIL,3059315,0
401161493,WSH,4066648,46
401161493,WSH,2774,25
401161493,WSH,4305,26
401161493,WSH,6580,41
401161493,WSH,4348697,24
401161493,WSH,4278508,21
401161493,WSH,3150844,28
401161493,WSH,3943606,18
401161493,WSH,2530780,36
401161493,WSH,3918423,0
401161493,WSH,3893059,0
401161493,WSH,3134903,0
401161494,ORL,2579321,27
401161494,ORL,3064290,41
401161494,ORL,6478,34
401161494,ORL,6588,31
401161494,ORL,4066636,34
401161494,ORL,4277919,14
401161494,ORL,3415,14
401161494,ORL,6619,28
401161494,ORL,2596108,17
401161494,ORL,3074797,0
401161494,ORL,3132042,0
401161494,ORL,3136746,0
401161494,ORL,2578240,0
401161494,BKN,2990962,28
401161494,BKN,2528794,30
401161494,BKN,4066328,26
401161494,BKN,2580782,34
401161494,BKN,2991043,34
401161494,BKN,3194,23
401161494,BKN,3442,22
401161494,BKN,3893019,15
401161494,BKN,4023,28
401161494,BKN,3137795,0
401161494,BKN,3138154,0
401161495,NY,3986,12
401161495,NY,3064514,28
401161495,NY,4395625,34
401161495,NY,6591,28
401161495,NY,4065697,29
401161495,NY,3064482,25
401161495,NY,4278075,12
401161495,NY,2528779,22
401161495,NY,4351852,26
401161495,NY,2991149,18
401161495,NY,3907525,6
401161495,NY,3981,0
401161495,HOU,3033,25
401161495,HOU,2490620,30
401161495,HOU,2991155,26
401161495,HOU,3431,28
401161495,HOU,3992,34
401161495,HOU,3028,10
401161495,HOU,3209,16
401161495,HOU,3970,14
401161495,HOU,3113297,3
401161495,HOU,6617,24
401161495,HOU,2578213,29
401161495,HOU,984,0
401161495,HOU,3468,0
401161496,MIN,4017839,25
401161496,MIN,4396971,27
401161496,MIN,3907822,35
401161496,MIN,3136776,31
401161496,MIN,4065663,26
401161496,MIN,3999,24
401161496,MIN,2982268,13
401161496,MIN,3133596,15
401161496,MIN,3134916,13
401161496,MIN,3934621,3
401161496,MIN,4277928,22
401161496,MIN,4278541,5
401161496,MIN,4278077,0
401161496,DAL,2578185,25
401161496,DAL,3102531,25
401161496,DAL,2326307,25
401161496,DAL,2528210,28
401161496,DAL,3945274,25
401161496,DAL,6601,21
401161496,DAL,2960236,21
401161496,DAL,3138156,5
401161496,DAL,4376,4
401161496,DAL,3055,22
401161496,DAL,3445,19
401161496,DAL,3064447,22
401161497,PHX,4278129,21
401161497,PHX,4011,33
401161497,PHX,3133603,38
401161497,PHX,3136193,34
401161497,PHX,3147657,30
401161497,PHX,3032978,16
401161497,PHX,3138196,20
401161497,PHX,3919335,2
401161497,PHX,2968439,16
401161497,PHX,3133635,15
401161497,PHX,4065733,2
401161497,PHX,4230550,11
401161497,UTAH,2968436,29
401161497,UTAH,3593,34
401161497,UTAH,3032976,37
401161497,UTAH,3195,22
401161497,UTAH,3908809,35
401161497,UTAH,2583632,25
401161497,UTAH,2990969,10
401161497,UTAH,3934721,6
401161497,UTAH,4065673,8
401161497,UTAH,2528426,25
401161497,UTAH,3892818,6
401161497,UTAH,3908819,2
401161497,UTAH,4259,0
401161498,MEM,2993874,22
401161498,MEM,3155526,25
401161498,MEM,3906665,4
401161498,MEM,6477,25
401161498,MEM,4279888,27
401161498,MEM,3064427,15
401161498,MEM,2534781,28
401161498,MEM,4066297,26
401161498,MEM,3001309,7
401161498,MEM,3134932,18
401161498,MEM,3135046,18
401161498,MEM,4066436,19
401161498,MEM,4230554,7
401161498,LAC,4251,21
401161498,LAC,6450,25
401161498,LAC,6462,24
401161498,LAC,4017837,21
401161498,LAC,3964,19
401161498,LAC,4264,7
401161498,LAC,2327577,23
401161498,LAC,2991055,20
401161498,LAC,6443,22
401161498,LAC,2799,22
401161498,LAC,2488826,5
401161498,LAC,3914044,24
401161498,LAC,4066387,8
401161499,CHA,4066383,26
401161499,CHA,4278078,25
401161499,CHA,2579258,24
401161499,CHA,3074752,26
401161499,CHA,4066262,27
401161499,CHA,3138160,26
401161499,CHA,4066731,19
401161499,CHA,3138161,30
401161499,CHA,6427,12
401161499,CHA,2999409,9
401161499,CHA,3058269,16
401161499,CHA,3416,0
401161499,CHA,3133601,0
401161499,IND,3155942,31
401161499,IND,2982334,27
401161499,IND,3133628,27
401161499,IND,2566769,25
401161499,IND,3922230,30
401161499,IND,4066425,4
401161499,IND,2284101,23
401161499,IND,2528588,16
401161499,IND,4277882,4
401161499,IND,2608891,19
401161499,IND,4348700,12
401161499,IND,2530530,21
401161500,MIL,6609,32
401161500,MIL,3032977,38
401161500,MIL,3448,28
401161500,MIL,4032,20
401161500,MIL,4238,34
401161500,MIL,2797,16
401161500,MIL,3447,14
401161500,MIL,3438,25
401161500,MIL,2578239,12
401161500,MIL,3934673,21
401161500,MIL,2767,0
401161500,MIL,3102533,0
401161500,MIL,3057187,0
401161500,TOR,3439,29
401161500,TOR,3149673,38
401161500,TOR,3934719,30
401161500,TOR,3012,41
401161500,TOR,2991230,37
401161500,TOR,3948153,19
401161500,TOR,3064291,18
401161500,TOR,3059311,12
401161500,TOR,3919454,17
401161500,TOR,2580980,0
401161500,TOR,3134881,0
401161500,TOR,4278031,0
401161501,OKC,3428,32
401161501,OKC,2991235,28
401161501,OKC,2779,35
401161501,OKC,4278073,34
401161501,OKC,4397020,24
401161501,OKC,2595435,16
401161501,OKC,4230546,18
401161501,OKC,2991280,20
401161501,OKC,3032979,32
401161501,OKC,4066392,0
401161501,OKC,3059358,0
401161501,OKC,2490089,0
401161501,OKC,4080610,0
401161501,CHI,3244,30
401161501,CHI,4278049,14
401161501,CHI,6621,33
401161501,CHI,2991047,18
401161501,CHI,3064440,39
401161501,CHI,3113587,33
401161501,CHI,4349241,19
401161501,CHI,2991274,22
401161501,CHI,4395651,33
401161501,CHI,4277847,0
401161501,CHI,2999549,0
401161502,DET,6592,21
401161502,DET,3058254,34
401161502,DET,2528353,32
401161502,DET,3456,27
401161502,DET,3133602,17
401161502,DET,3907408,15
401161502,DET,4017843,6
401161502,DET,4423314,18
401161502,DET,6448,25
401161502,DET,2530572,25
401161502,DET,3912334,14
401161502,DET,3056273,6
401161502,DET,4065670,0
401161502,DEN,3015,19
401161502,DEN,3112335,28
401161502,DEN,6579,29
401161502,DEN,2999547,31
401161502,DEN,3936299,33
401161502,DEN,3078284,2
401161502,DEN,2991070,29
401161502,DEN,4278104,22
401161502,DEN,2488653,18
401161502,DEN,3059310,26
401161502,DEN,3923250,2
401161502,DEN,2528693,0
401161502,DEN,2531797,0
401161503,NO,4257,24
401161503,NO,3913176,37
401161503,NO,4395628,33
401161503,NO,3995,38
401161503,NO,4066421,31
401161503,NO,4341,27
401161503,NO,3135048,4
401161503,NO,3024,20
401161503,NO,6460,4
401161503,NO,3062679,22
401161503,NO,4397077,0
401161503,NO,4065651,0
401161503,LAL,1966,34
401161503,LAL,3988,31
401161503,LAL,6583,36
401161503,LAL,3452,13
401161503,LAL,4240,22
401161503,LAL,6461,15
401161503,LAL,3134907,12
401161503,LAL,2384,18
401161503,LAL,3026,12
401161503,LAL,2581018,29
401161503,LAL,2991350,17
401161503,LAL,3201,0
401161503,LAL,2489530,0
401161504,BOS,4065648,34
401161504,BOS,4249,31
401161504,BOS,2451037,23
401161504,BOS,2990992,31
401161504,BOS,3917376,34
401161504,BOS,3056602,10
401161504,BOS,4066218,15
401161504,BOS,6447,17
401161504,BOS,4237215,3
401161504,BOS,6507,26
401161504,BOS,4066407,3
401161504,BOS,4397008,13
401161504,BOS,2596112,0
401161504,POR,1975,34
401161504,POR,2426,38
401161504,POR,4262,36
401161504,POR,2490149,38
401161504,POR,4277843,29
401161504,POR,2995706,15
401161504,POR,3906671,10
401161504,POR,4066264,8
401161504,POR,4395652,11
401161504,POR,4351851,21
401161504,POR,3102530,0
401161504,POR,6606,0
401161505,SAC,4269,27
401161505,SAC,4065649,24
401161505,SAC,6578,38
401161505,SAC,3037789,32
401161505,SAC,4066259,32
401161505,SAC,6637,31
401161505,SAC,2596107,15
401161505,SAC,6446,16
401161505,SAC,2990984,25
401161505,SAC,3276,0
401161505,SAC,3056600,0
401161505,SAC,2991018,0
401161505,SAC,3914058,0
401161505,GS,3059319,31
401161505,GS,3133817,36
401161505,GS,3907487,25
401161505,GS,2595209,30
401161505,GS,4277956,32
401161505,GS,3155535,15
401161505,GS,4011991,25
401161505,GS,4401416,22
401161505,GS,4065635,25
401161505,GS,4401415,0
401161505,GS,6589,0
401161506,NY,3986,18
401161506,NY,3064514,25
401161506,NY,4395625,21
401161506,NY,6591,25
401161506,NY,2583639,27
401161506,NY,3064482,23
401161506,NY,4278075,23
401161506,NY,2528779,10
401161506,NY,4351852,30
401161506,NY,4065697,21
401161506,NY,3907525,16
401161506,NY,3981,0
401161506,NY,2991149,0
401161506,CHA,4066383,27
401161506,CHA,4278078,37
401161506,CHA,6427,27
401161506,CHA,3133601,34
401161506,CHA,3074752,35
401161506,CHA,3138160,14
401161506,CHA,4066731,22
401161506,CHA,3138161,25
401161506,CHA,2999409,19
401161506,CHA,3416,0
401161506,CHA,2579258,0
401161506,CHA,3058269,0
401161506,CHA,4066262,0
401161507,PHI,6440,36
401161507,PHI,3213,34
401161507,PHI,3059318,8
401161507,PHI,2581190,32
401161507,PHI,3915195,37
401161507,PHI,6622,9
401161507,PHI,2991039,15
401161507,PHI,6615,12
401161507,PHI,6429,17
401161507,PHI,3929325,25
401161507,PHI,3907498,15
401161507,PHI,2968361,0
401161507,CLE,3449,33
401161507,CLE,3893016,17
401161507,CLE,6474,32
401161507,CLE,4277811,36
401161507,CLE,4396907,34
401161507,CLE,2580365,31
401161507,CLE,4017838,7
401161507,CLE,2489716,25
401161507,CLE,4397140,27
401161507,CLE,3912848,0
401161507,CLE,3149036,0
401161508,BKN,2990962,25
401161508,BKN,2528794,29
401161508,BKN,4066328,18
401161508,BKN,2580782,33
401161508,BKN,2991043,34
401161508,BKN,4230548,17
401161508,BKN,3442,30
401161508,BKN,3893019,19
401161508,BKN,4023,34
401161508,BKN,3907788,0
401161508,BKN,3137795,0
401161508,BKN,3138154,0
401161508,WSH,4066648,27
401161508,WSH,2774,20
401161508,WSH,6580,39
401161508,WSH,2530780,24
401161508,WSH,4348697,17
401161508,WSH,4278508,13
401161508,WSH,6426,30
401161508,WSH,3150844,13
401161508,WSH,3934723,15
401161508,WSH,4305,23
401161508,WSH,3943606,20
401161508,WSH,3893059,0
401161508,WSH,3134903,0
401161509,ORL,2579321,28
401161509,ORL,3064290,41
401161509,ORL,6478,31
401161509,ORL,6588,35
401161509,ORL,4066636,32
401161509,ORL,4277919,17
401161509,ORL,3415,16
401161509,ORL,6619,27
401161509,ORL,2596108,13
401161509,ORL,3074797,0
401161509,ORL,3132042,0
401161509,ORL,3136746,0
401161509,ORL,2578240,0
401161509,ATL,3908845,35
401161509,ATL,4065732,36
401161509,ATL,4277952,22
401161509,ATL,4066372,28
401161509,ATL,4277905,38
401161509,ATL,2595231,9
401161509,ATL,4395627,31
401161509,ATL,3064559,8
401161509,ATL,4015,23
401161509,ATL,136,4
401161509,ATL,3057198,7
401161510,MIN,4017839,31
401161510,MIN,4396971,19
401161510,MIN,3907822,33
401161510,MIN,3136776,31
401161510,MIN,4065663,28
401161510,MIN,3999,23
401161510,MIN,2982268,13
401161510,MIN,3133596,19
401161510,MIN,3134916,22
401161510,MIN,4277928,21
401161510,MIN,4278077,0
401161510,MIN,3934621,0
401161510,MIN,4278541,0
401161510,MIA,6430,35
401161510,MIA,2489663,16
401161510,MIA,3157465,26
401161510,MIA,4066261,33
401161510,MIA,3056247,31
401161510,MIA,6581,32
401161510,MIA,2386,20
401161510,MIA,3936099,20
401161510,MIA,3423,26
401161510,MIA,2184,0
401161510,MIA,3923253,0
401161510,MIA,2488958,0
401161510,MIA,3137259,0
401161512,MEM,2993874,18
401161512,MEM,3155526,30
401161512,MEM,6477,23
401161512,MEM,4066436,24
401161512,MEM,4279888,28
401161512,MEM,3064427,6
401161512,MEM,3133838,16
401161512,MEM,2534781,19
401161512,MEM,4066297,23
401161512,MEM,3001309,6
401161512,MEM,3134932,17
401161512,MEM,3135046,21
401161512,MEM,4230554,7
401161512,HOU,3033,25
401161512,HOU,2490620,29
401161512,HOU,2991155,26
401161512,HOU,3468,34
401161512,HOU,3992,28
401161512,HOU,3209,23
401161512,HOU,3970,18
401161512,HOU,3113297,6
401161512,HOU,6617,25
401161512,HOU,2578213,26
401161512,HOU,3028,0
401161512,HOU,984,0
401161511,DAL,2578185,35
401161511,DAL,3102531,29
401161511,DAL,2326307,35
401161511,DAL,2528210,36
401161511,DAL,3945274,37
401161511,DAL,6601,11
401161511,DAL,2960236,23
401161511,DAL,3055,10
401161511,DAL,3445,5
401161511,DAL,3064447,20
401161511,DAL,3138156,0
401161511,DAL,4376,0
401161511,SA,3136196,24
401161511,SA,2994526,22
401161511,SA,3978,34
401161511,SA,3907497,23
401161511,SA,4277890,27
401161511,SA,3005,21
401161511,SA,3134908,10
401161511,SA,4004,28
401161511,SA,3190,21
401161511,SA,3078576,29
401161511,SA,3914285,0
401161511,SA,4395723,0
401161511,SA,4423309,0
401161513,LAC,4251,28
401161513,LAC,6450,36
401161513,LAC,6462,30
401161513,LAC,4017837,20
401161513,LAC,3964,24
401161513,LAC,2327577,18
401161513,LAC,2991055,26
401161513,LAC,6443,16
401161513,LAC,2799,22
401161513,LAC,3914044,20
401161513,LAC,4264,0
401161513,LAC,2488826,0
401161513,LAC,4066387,0
401161513,PHX,3032978,31
401161513,PHX,4278129,36
401161513,PHX,4011,31
401161513,PHX,3136193,39
401161513,PHX,3147657,38
401161513,PHX,3138196,27
401161513,PHX,2968439,12
401161513,PHX,3133635,14
401161513,PHX,4230550,12
401161513,PHX,3919335,0
401161513,PHX,4065733,0
401161514,BOS,4065648,38
401161514,BOS,4249,36
401161514,BOS,2451037,26
401161514,BOS,2990992,37
401161514,BOS,3917376,37
401161514,BOS,3056602,1
401161514,BOS,4066218,22
401161514,BOS,6447,21
401161514,BOS,6507,22
401161514,BOS,4237215,0
401161514,BOS,4066407,0
401161514,BOS,4397008,0
401161514,BOS,2596112,0
401161514,UTAH,2583632,29
401161514,UTAH,3593,34
401161514,UTAH,3032976,35
401161514,UTAH,3195,33
401161514,UTAH,3908809,36
401161514,UTAH,2968436,26
401161514,UTAH,2990969,14
401161514,UTAH,4065673,13
401161514,UTAH,2528426,20
401161514,UTAH,3934721,0
401161514,UTAH,4259,0
401161514,UTAH,3892818,0
401161514,UTAH,3908819,0
401161515,NY,3064482,22
401161515,NY,3064514,38
401161515,NY,4395625,35
401161515,NY,6591,26
401161515,NY,2583639,36
401161515,NY,4278075,8
401161515,NY,2528779,18
401161515,NY,4351852,32
401161515,NY,4065697,7
401161515,NY,3981,9
401161515,NY,3907525,10
401161515,NY,3986,0
401161515,NY,2991149,0
401161515,PHI,6440,35
401161515,PHI,2991039,21
401161515,PHI,3213,34
401161515,PHI,2581190,34
401161515,PHI,3915195,32
401161515,PHI,6622,12
401161515,PHI,6615,14
401161515,PHI,6429,18
401161515,PHI,3929325,26
401161515,PHI,3907498,15
401161515,PHI,2608892,0
401161515,PHI,2968361,0
401161516,POR,1975,36
401161516,POR,2426,37
401161516,POR,4262,35
401161516,POR,2490149,38
401161516,POR,4277843,41
401161516,POR,3906671,13
401161516,POR,4066264,6
401161516,POR,4395652,12
401161516,POR,4351851,22
401161516,POR,2995706,0
401161516,POR,3102530,0
401161516,POR,6606,0
401161516,IND,3155942,28
401161516,IND,2982334,38
401161516,IND,3133628,32
401161516,IND,2527963,26
401161516,IND,2566769,38
401161516,IND,2284101,24
401161516,IND,2528588,12
401161516,IND,2608891,4
401161516,IND,4348700,7
401161516,IND,2530530,18
401161516,IND,3922230,14
401161516,IND,4066425,0
401161516,IND,4067045,0
401161517,SAC,4269,34
401161517,SAC,4065649,24
401161517,SAC,6578,38
401161517,SAC,6446,35
401161517,SAC,3037789,28
401161517,SAC,6637,18
401161517,SAC,2596107,21
401161517,SAC,2991018,14
401161517,SAC,2990984,26
401161517,SAC,3914058,1
401161517,SAC,3276,0
401161517,SAC,3056600,0
401161517,OKC,3428,34
401161517,OKC,2991235,28
401161517,OKC,2779,32
401161517,OKC,4278073,38
401161517,OKC,4397020,24
401161517,OKC,2595435,15
401161517,OKC,4230546,7
401161517,OKC,2991280,20
401161517,OKC,3032979,32
401161517,OKC,4080610,11
401161517,OKC,4066392,0
401161517,OKC,3059358,0
401161517,OKC,2490089,0
401161518,LAL,3988,19
401161518,LAL,6583,25
401161518,LAL,3452,19
401161518,LAL,3026,26
401161518,LAL,4240,21
401161518,LAL,6461,19
401161518,LAL,3134907,29
401161518,LAL,3201,7
401161518,LAL,2384,24
401161518,LAL,2566745,7
401161518,LAL,2489530,7
401161518,LAL,2581018,23
401161518,LAL,2991350,15
401161518,GS,6589,10
401161518,GS,4011991,22
401161518,GS,3907487,23
401161518,GS,2595209,34
401161518,GS,4277956,32
401161518,GS,3133817,27
401161518,GS,3155535,19
401161518,GS,4401416,20
401161518,GS,3936298,22
401161518,GS,4065635,31
401161518,GS,3059319,0
401161519,MIN,4017839,31
401161519,MIN,4396971,23
401161519,MIN,3907822,34
401161519,MIN,3136776,36
401161519,MIN,4065663,28
401161519,MIN,3999,26
401161519,MIN,2982268,14
401161519,MIN,3133596,12
401161519,MIN,3134916,18
401161519,MIN,4277928,17
401161519,MIN,4278077,0
401161519,MIN,3934621,0
401161519,MIN,4278541,0
401161519,ORL,2579321,21
401161519,ORL,3064290,41
401161519,ORL,6478,34
401161519,ORL,6588,28
401161519,ORL,4066636,28
401161519,ORL,4277919,14
401161519,ORL,3415,20
401161519,ORL,6619,34
401161519,ORL,2596108,20
401161519,ORL,3074797,0
401161519,ORL,3132042,0
401161519,ORL,3136746,0
401161519,ORL,2578240,0
401161520,BKN,2990962,29
401161520,BKN,2528794,29
401161520,BKN,4066328,22
401161520,BKN,2580782,32
401161520,BKN,2991043,27
401161520,BKN,3194,18
401161520,BKN,4230548,4
401161520,BKN,3442,20
401161520,BKN,4278067,4
401161520,BKN,3893019,20
401161520,BKN,4023,30
401161520,BKN,3137795,4
401161520,BKN,3138154,4
401161520,ATL,3908845,32
401161520,ATL,4065732,32
401161520,ATL,4395627,34
401161520,ATL,4066372,33
401161520,ATL,4277905,31
401161520,ATL,2595231,13
401161520,ATL,4277952,20
401161520,ATL,4015,20
401161520,ATL,136,12
401161520,ATL,3057198,13
401161520,ATL,3064559,0
401161521,CHA,4066383,34
401161521,CHA,4278078,31
401161521,CHA,6427,32
401161521,CHA,3133601,35
401161521,CHA,3074752,36
401161521,CHA,3138160,12
401161521,CHA,4066731,24
401161521,CHA,3138161,23
401161521,CHA,2999409,14
401161521,CHA,3416,0
401161521,CHA,2579258,0
401161521,CHA,3058269,0
401161521,CHA,4066262,0
401161521,TOR,3149673,39
401161521,TOR,3934719,40
401161521,TOR,3064291,28
401161521,TOR,3012,38
401161521,TOR,2595516,36
401161521,TOR,3948153,16
401161521,TOR,3137730,20
401161521,TOR,3059311,7
401161521,TOR,3919454,15
401161521,TOR,2580980,0
401161521,TOR,3134881,0
401161521,TOR,4278031,0
401161521,TOR,3058030,0
401161522,DAL,2578185,27
401161522,DAL,3102531,39
401161522,DAL,2326307,36
401161522,DAL,2528210,37
401161522,DAL,3945274,38
401161522,DAL,6601,5
401161522,DAL,2960236,29
401161522,DAL,4376,0
401161522,DAL,3055,12
401161522,DAL,3064447,17
401161522,DAL,3138156,0
401161522,DAL,3445,0
401161522,MIA,6430,33
401161522,MIA,3157465,36
401161522,MIA,3936099,22
401161522,MIA,4066261,29
401161522,MIA,3056247,22
401161522,MIA,6581,30
401161522,MIA,2386,16
401161522,MIA,2489663,19
401161522,MIA,3423,33
401161522,MIA,2184,0
401161522,MIA,3923253,0
401161522,MIA,2488958,0
401161522,MIA,4395725,0
401161523,SAC,4269,33
401161523,SAC,4065649,31
401161523,SAC,6578,33
401161523,SAC,3037789,27
401161523,SAC,4066259,33
401161523,SAC,6637,29
401161523,SAC,2596107,16
401161523,SAC,6446,15
401161523,SAC,2990984,23
401161523,SAC,3276,0
401161523,SAC,3056600,0
401161523,SAC,2991018,0
401161523,SAC,3914058,0
401161523,MEM,2993874,33
401161523,MEM,3155526,40
401161523,MEM,6477,32
401161523,MEM,4066436,25
401161523,MEM,4279888,35
401161523,MEM,3133838,4
401161523,MEM,2534781,23
401161523,MEM,4066297,24
401161523,MEM,3134932,4
401161523,MEM,3135046,19
401161523,MEM,2579293,0
401161523,MEM,3064427,0
401161523,MEM,4230554,0
401161524,OKC,2991235,17
401161524,OKC,2779,27
401161524,OKC,4080610,21
401161524,OKC,4278073,27
401161524,OKC,4397020,25
401161524,OKC,4066392,6
401161524,OKC,2595435,25
401161524,OKC,3059358,18
401161524,OKC,3143565,6
401161524,OKC,4230546,22
401161524,OKC,2490089,13
401161524,OKC,2991280,12
401161524,OKC,3032979,21
401161524,MIL,3032977,27
401161524,MIL,3448,18
401161524,MIL,4032,28
401161524,MIL,4238,22
401161524,MIL,3934673,19
401161524,MIL,2767,10
401161524,MIL,2797,16
401161524,MIL,3102533,9
401161524,MIL,3136491,12
401161524,MIL,3057187,24
401161524,MIL,3447,16
401161524,MIL,3438,19
401161524,MIL,2578239,18
401161525,CLE,3449,27
401161525,CLE,3893016,32
401161525,CLE,6474,32
401161525,CLE,4277811,37
401161525,CLE,4396907,36
401161525,CLE,2580365,17
401161525,CLE,4017838,10
401161525,CLE,2489716,19
401161525,CLE,4397140,31
401161525,CLE,2530923,0
401161525,CLE,3906786,0
401161525,NO,4257,24
401161525,NO,3913176,33
401161525,NO,4395628,30
401161525,NO,3995,34
401161525,NO,4066421,35
401161525,NO,4341,24
401161525,NO,4397077,10
401161525,NO,3024,4
401161525,NO,6460,19
401161525,NO,3062679,19
401161525,NO,4065651,7
401161525,NO,3135048,0
401161526,DET,6592,19
401161526,DET,3058254,35
401161526,DET,2528353,30
401161526,DET,3456,30
401161526,DET,3133602,30
401161526,DET,3907408,13
401161526,DET,4017843,8
401161526,DET,4423314,20
401161526,DET,6448,25
401161526,DET,2530572,21
401161526,DET,3912334,2
401161526,DET,3056273,7
401161526,DET,4065670,0
401161526,PHX,3032978,27
401161526,PHX,4278129,35
401161526,PHX,4011,32
401161526,PHX,3136193,40
401161526,PHX,3147657,38
401161526,PHX,3138196,20
401161526,PHX,2968439,13
401161526,PHX,3133635,21
401161526,PHX,4230550,15
401161526,PHX,3919335,0
401161526,PHX,4065733,0
401161527,WSH,4066648,32
401161527,WSH,2774,14
401161527,WSH,6580,41
401161527,WSH,2530780,25
401161527,WSH,4348697,13
401161527,WSH,4278508,19
401161527,WSH,6426,28
401161527,WSH,3150844,7
401161527,WSH,3934723,18
401161527,WSH,4305,22
401161527,WSH,3943606,22
401161527,WSH,3134903,1
401161527,UTAH,2583632,32
401161527,UTAH,3593,33
401161527,UTAH,3032976,35
401161527,UTAH,3195,33
401161527,UTAH,3908809,33
401161527,UTAH,2968436,27
401161527,UTAH,2990969,12
401161527,UTAH,4065673,13
401161527,UTAH,2528426,23
401161527,UTAH,3934721,0
401161527,UTAH,4259,0
401161527,UTAH,3892818,0
401161527,UTAH,3908819,0
401161528,DEN,3015,21
401161528,DEN,3112335,25
401161528,DEN,6579,29
401161528,DEN,2999547,25
401161528,DEN,3936299,26
401161528,DEN,2991070,29
401161528,DEN,4278104,9
401161528,DEN,2528693,20
401161528,DEN,4230557,5
401161528,DEN,2488653,18
401161528,DEN,3059310,22
401161528,DEN,2531797,5
401161528,DEN,3923250,5
401161528,LAC,4251,25
401161528,LAC,6450,25
401161528,LAC,6462,25
401161528,LAC,4017837,23
401161528,LAC,3964,21
401161528,LAC,4264,5
401161528,LAC,2327577,23
401161528,LAC,2991055,20
401161528,LAC,6443,19
401161528,LAC,2799,22
401161528,LAC,2488826,5
401161528,LAC,3914044,23
401161528,LAC,4066387,5
401161529,CHI,3244,32
401161529,CHI,4277847,18
401161529,CHI,6621,34
401161529,CHI,2991274,13
401161529,CHI,3064440,38
401161529,CHI,3113587,10
401161529,CHI,4278049,19
401161529,CHI,4349241,16
401161529,CHI,2991047,20
401161529,CHI,2999549,10
401161529,CHI,4395651,29
401161529,NY,3986,19
401161529,NY,3064514,32
401161529,NY,4395625,31
401161529,NY,6591,27
401161529,NY,2583639,33
401161529,NY,3064482,16
401161529,NY,4278075,21
401161529,NY,4351852,29
401161529,NY,4230547,17
401161529,NY,3981,15
401161529,NY,2991149,0
401161529,NY,3907525,0
401161531,BKN,2990962,21
401161531,BKN,2528794,31
401161531,BKN,4066328,28
401161531,BKN,2580782,32
401161531,BKN,2991043,35
401161531,BKN,3194,20
401161531,BKN,4230548,13
401161531,BKN,3442,20
401161531,BKN,3893019,18
401161531,BKN,4023,22
401161531,BKN,4278067,0
401161531,BKN,3137795,0
401161531,BKN,3138154,0
401161531,MIA,6430,36
401161531,MIA,3157465,28
401161531,MIA,3936099,20
401161531,MIA,4066261,32
401161531,MIA,3056247,36
401161531,MIA,6581,28
401161531,MIA,2386,12
401161531,MIA,2489663,16
401161531,MIA,3423,32
401161531,MIA,2184,0
401161531,MIA,3923253,0
401161531,MIA,2488958,0
401161531,MIA,3137259,0
401161532,IND,3155942,42
401161532,IND,2982334,36
401161532,IND,3133628,36
401161532,IND,2527963,29
401161532,IND,2566769,35
401161532,IND,2284101,14
401161532,IND,2528588,10
401161532,IND,2608891,2
401161532,IND,4348700,4
401161532,IND,2530530,17
401161532,IND,3922230,15
401161532,IND,4066425,0
401161532,IND,3136485,0
401161532,CLE,3449,37
401161532,CLE,3893016,22
401161532,CLE,6585,36
401161532,CLE,4277811,37
401161532,CLE,4396907,30
401161532,CLE,2580365,25
401161532,CLE,2489716,18
401161532,CLE,4397140,34
401161532,CLE,3912848,0
401161532,CLE,4017838,0
401161532,CLE,3149036,0
401161533,LAL,1966,34
401161533,LAL,6583,25
401161533,LAL,3452,17
401161533,LAL,4240,21
401161533,LAL,2991350,21
401161533,LAL,6461,17
401161533,LAL,3134907,26
401161533,LAL,3201,3
401161533,LAL,2384,18
401161533,LAL,3026,25
401161533,LAL,2566745,2
401161533,LAL,2489530,3
401161533,LAL,2581018,29
401161533,MEM,2993874,31
401161533,MEM,3155526,35
401161533,MEM,6477,31
401161533,MEM,4066436,25
401161533,MEM,4279888,34
401161533,MEM,3133838,13
401161533,MEM,2534781,21
401161533,MEM,4066297,15
401161533,MEM,3134932,12
401161533,MEM,3135046,22
401161533,MEM,4230554,2
401161533,MEM,2579293,0
401161533,MEM,3064427,0
401161534,HOU,3033,39
401161534,HOU,2490620,39
401161534,HOU,2991155,34
401161534,HOU,3468,43
401161534,HOU,3992,41
401161534,HOU,3209,14
401161534,HOU,6617,22
401161534,HOU,2578213,12
401161534,HOU,3431,21
401161534,HOU,3028,0
401161534,HOU,3970,0
401161534,HOU,3113297,0
401161534,HOU,984,0
401161534,BOS,4065648,45
401161534,BOS,4249,41
401161534,BOS,2451037,39
401161534,BOS,2990992,45
401161534,BOS,3917376,44
401161534,BOS,3056602,14
401161534,BOS,4066218,14
401161534,BOS,6507,13
401161534,BOS,4397008,11
401161534,BOS,6447,0
401161534,BOS,4066211,0
401161534,BOS,4066407,0
401161534,BOS,2596112,0
401161535,ORL,2579321,27
401161535,ORL,3064290,36
401161535,ORL,6478,36
401161535,ORL,6588,30
401161535,ORL,4066636,30
401161535,ORL,4277919,12
401161535,ORL,3415,18
401161535,ORL,6619,33
401161535,ORL,2596108,19
401161535,ORL,3074797,0
401161535,ORL,3132042,0
401161535,ORL,3136746,0
401161535,ORL,2578240,0
401161535,SA,3136196,40
401161535,SA,3134908,4
401161535,SA,2994526,24
401161535,SA,3978,33
401161535,SA,3907497,30
401161535,SA,3914285,17
401161535,SA,3005,30
401161535,SA,4004,21
401161535,SA,3190,5
401161535,SA,3078576,25
401161535,SA,4277890,11
401161535,SA,4395723,0
401161535,SA,4423309,0
401161530,POR,1975,37
401161530,POR,2426,37
401161530,POR,4262,31
401161530,POR,2490149,39
401161530,POR,4277843,29
401161530,POR,2995706,13
401161530,POR,3906671,10
401161530,POR,4066264,18
401161530,POR,4395652,10
401161530,POR,4351851,16
401161530,POR,3102530,0
401161530,POR,6606,0
401161530,ATL,3908845,36
401161530,ATL,4065732,38
401161530,ATL,4395627,24
401161530,ATL,4066372,35
401161530,ATL,4277905,35
401161530,ATL,2595231,13
401161530,ATL,4277952,17
401161530,ATL,3064559,6
401161530,ATL,4015,17
401161530,ATL,136,12
401161530,ATL,3057198,6
401161536,GS,3059319,35
401161536,GS,4011991,31
401161536,GS,4401416,31
401161536,GS,3907487,26
401161536,GS,2595209,37
401161536,GS,3133817,33
401161536,GS,3155535,15
401161536,GS,3936298,34
401161536,GS,6589,0
401161536,GS,4065635,0
401161536,GS,4277956,0
401161536,PHX,3032978,28
401161536,PHX,4278129,33
401161536,PHX,4011,29
401161536,PHX,3136193,38
401161536,PHX,3147657,39
401161536,PHX,3138196,26
401161536,PHX,3919335,2
401161536,PHX,2968439,11
401161536,PHX,3133635,12
401161536,PHX,4065733,2
401161536,PHX,4230550,20
401161537,MIL,3032977,35
401161537,MIL,3448,26
401161537,MIL,4032,27
401161537,MIL,4238,22
401161537,MIL,3934673,28
401161537,MIL,2797,20
401161537,MIL,3057187,18
401161537,MIL,3447,13
401161537,MIL,3438,26
401161537,MIL,2578239,25
401161537,MIL,2767,0
401161537,MIL,3102533,0
401161537,MIL,3136491,0
401161537,CHA,4066383,35
401161537,CHA,4278078,32
401161537,CHA,6427,22
401161537,CHA,3133601,32
401161537,CHA,3074752,36
401161537,CHA,3138160,24
401161537,CHA,4066731,9
401161537,CHA,3138161,29
401161537,CHA,2999409,20
401161537,CHA,3416,0
401161537,CHA,2579258,0
401161537,CHA,3058269,0
401161537,CHA,4066262,0
401161538,DAL,2578185,31
401161538,DAL,3102531,37
401161538,DAL,2326307,30
401161538,DAL,2528210,32
401161538,DAL,3064447,32
401161538,DAL,6601,3
401161538,DAL,2960236,16
401161538,DAL,3138156,20
401161538,DAL,4376,2
401161538,DAL,3055,17
401161538,DAL,3445,21
401161538,MIN,4017839,28
401161538,MIN,4396971,27
401161538,MIN,3907822,30
401161538,MIN,3136776,37
401161538,MIN,4065663,23
401161538,MIN,3999,24
401161538,MIN,2982268,15
401161538,MIN,3133596,12
401161538,MIN,3134916,17
401161538,MIN,4277928,25
401161538,MIN,4278541,3
401161538,MIN,3136195,0
401161539,PHI,6440,41
401161539,PHI,2991039,14
401161539,PHI,3213,29
401161539,PHI,2581190,10
401161539,PHI,3915195,40
401161539,PHI,6622,26
401161539,PHI,2608892,3
401161539,PHI,6615,7
401161539,PHI,6429,25
401161539,PHI,3929325,29
401161539,PHI,3907498,16
401161539,PHI,2968361,0
401161539,LAC,4251,30
401161539,LAC,6450,34
401161539,LAC,6462,27
401161539,LAC,4017837,19
401161539,LAC,3964,24
401161539,LAC,2327577,15
401161539,LAC,2991055,28
401161539,LAC,6443,19
401161539,LAC,2799,28
401161539,LAC,3914044,15
401161539,LAC,4264,0
401161539,LAC,2488826,0
401161539,LAC,4066387,0
401161540,TOR,3149673,40
401161540,TOR,3934719,40
401161540,TOR,3064291,25
401161540,TOR,3012,38
401161540,TOR,2595516,40
401161540,TOR,2580980,1
401161540,TOR,3948153,9
401161540,TOR,3134881,1
401161540,TOR,3137730,24
401161540,TOR,3059311,6
401161540,TOR,3919454,17
401161540,TOR,4065672,0
401161540,TOR,2991230,0
401161540,DEN,2991070,35
401161540,DEN,3112335,35
401161540,DEN,6579,27
401161540,DEN,2999547,29
401161540,DEN,3936299,37
401161540,DEN,4278104,19
401161540,DEN,2528693,16
401161540,DEN,4230557,2
401161540,DEN,2488653,10
401161540,DEN,3059310,29
401161540,DEN,3923250,1
401161541,DET,6592,22
401161541,DET,3058254,35
401161541,DET,2528353,38
401161541,DET,3456,9
401161541,DET,3133602,39
401161541,DET,3907408,13
401161541,DET,4423314,16
401161541,DET,6448,25
401161541,DET,2530572,24
401161541,DET,3912334,4
401161541,DET,3056273,13
401161541,DET,4017843,0
401161541,DET,4065670,0
401161541,SAC,4269,24
401161541,SAC,4065649,20
401161541,SAC,6578,36
401161541,SAC,3037789,28
401161541,SAC,4066259,32
401161541,SAC,6637,31
401161541,SAC,2596107,28
401161541,SAC,6446,16
401161541,SAC,2990984,25
401161541,SAC,3056600,0
401161541,SAC,2991018,0
401161541,SAC,4065730,0
401161541,SAC,3914058,0
401161542,LAL,1966,36
401161542,LAL,3988,23
401161542,LAL,3134907,35
401161542,LAL,3452,24
401161542,LAL,4240,25
401161542,LAL,6461,15
401161542,LAL,2384,22
401161542,LAL,3026,17
401161542,LAL,2566745,12
401161542,LAL,2581018,31
401161542,LAL,6583,0
401161542,LAL,3201,0
401161542,LAL,2991350,0
401161542,NO,4257,27
401161542,NO,3913176,39
401161542,NO,4395628,33
401161542,NO,3995,38
401161542,NO,4066421,38
401161542,NO,4341,21
401161542,NO,6460,16
401161542,NO,3062679,22
401161542,NO,4065651,5
401161542,NO,3135048,0
401161542,NO,4397077,0
401161542,NO,3024,0
401161542,NO,4278039,0
401161543,WSH,4066648,30
401161543,WSH,3934723,15
401161543,WSH,6580,35
401161543,WSH,2530780,25
401161543,WSH,4348697,21
401161543,WSH,4278508,17
401161543,WSH,6426,30
401161543,WSH,3150844,11
401161543,WSH,3893059,11
401161543,WSH,4305,21
401161543,WSH,3943606,22
401161543,WSH,3134903,2
401161543,WSH,2774,0
401161543,GS,3059319,35
401161543,GS,4011991,19
401161543,GS,4401416,29
401161543,GS,3907487,30
401161543,GS,2595209,34
401161543,GS,3133817,33
401161543,GS,3936298,31
401161543,GS,4277956,28
401161543,GS,6589,0
401161543,GS,3155535,0
401161543,GS,4065635,0
401161544,UTAH,2583632,29
401161544,UTAH,3593,34
401161544,UTAH,3032976,34
401161544,UTAH,3195,30
401161544,UTAH,3908809,34
401161544,UTAH,3912292,1
401161544,UTAH,2968436,29
401161544,UTAH,2990969,11
401161544,UTAH,4066851,1
401161544,UTAH,4065673,14
401161544,UTAH,2528426,25
401161544,UTAH,4259,0
401161544,UTAH,3892818,0
401161544,CLE,3449,32
401161544,CLE,2580365,39
401161544,CLE,3893016,39
401161544,CLE,4277811,39
401161544,CLE,4397140,41
401161544,CLE,3912848,1
401161544,CLE,4017838,17
401161544,CLE,3149036,1
401161544,CLE,2489716,29
401161544,CLE,6585,0
401161544,CLE,4396907,0
401161545,HOU,3033,34
401161545,HOU,2490620,34
401161545,HOU,2991155,30
401161545,HOU,3468,37
401161545,HOU,3992,39
401161545,HOU,3209,14
401161545,HOU,6617,12
401161545,HOU,2578213,17
401161545,HOU,3431,23
401161545,HOU,3028,0
401161545,HOU,3970,0
401161545,HOU,3113297,0
401161545,HOU,984,0
401161545,NY,3986,24
401161545,NY,3064514,30
401161545,NY,4395625,30
401161545,NY,6591,30
401161545,NY,2583639,19
401161545,NY,3064482,18
401161545,NY,4278075,17
401161545,NY,4351852,24
401161545,NY,4230547,29
401161545,NY,3981,19
401161545,NY,2991149,0
401161545,NY,3907525,0
401161546,POR,1975,26
401161546,POR,2426,36
401161546,POR,4262,27
401161546,POR,2490149,36
401161546,POR,4277843,34
401161546,POR,2995706,28
401161546,POR,3906671,15
401161546,POR,4066264,8
401161546,POR,4395652,8
401161546,POR,4351851,22
401161546,ORL,2579321,29
401161546,ORL,3132042,29
401161546,ORL,6478,32
401161546,ORL,6588,30
401161546,ORL,4066636,24
401161546,ORL,3074797,3
401161546,ORL,3136746,3
401161546,ORL,2578240,3
401161546,ORL,4277919,13
401161546,ORL,3415,23
401161546,ORL,6619,26
401161546,ORL,2596108,22
401161546,ORL,3913546,3
401161547,MEM,2993874,21
401161547,MEM,3155526,24
401161547,MEM,6477,25
401161547,MEM,4066436,24
401161547,MEM,4279888,24
401161547,MEM,3276,19
401161547,MEM,2579293,3
401161547,MEM,3133838,5
401161547,MEM,2534781,26
401161547,MEM,4066297,24
401161547,MEM,3134932,20
401161547,MEM,3135046,19
401161547,MEM,4230554,5
401161547,ATL,3908845,31
401161547,ATL,4065732,30
401161547,ATL,4277952,23
401161547,ATL,4066372,33
401161547,ATL,4277905,29
401161547,ATL,2595231,23
401161547,ATL,3064559,19
401161547,ATL,4015,17
401161547,ATL,136,15
401161547,ATL,3057198,19
401161547,ATL,4395627,0
401161548,MIL,6609,28
401161548,MIL,3032977,31
401161548,MIL,3448,28
401161548,MIL,4032,26
401161548,MIL,4238,21
401161548,MIL,2767,14
401161548,MIL,2797,16
401161548,MIL,3136491,4
401161548,MIL,3057187,4
401161548,MIL,3438,24
401161548,MIL,2578239,18
401161548,MIL,3934673,27
401161548,MIL,3447,0
401161548,MIA,6430,35
401161548,MIA,3157465,34
401161548,MIA,3936099,18
401161548,MIA,4066261,37
401161548,MIA,3056247,33
401161548,MIA,6581,30
401161548,MIA,2386,13
401161548,MIA,2489663,11
401161548,MIA,3923253,0
401161548,MIA,2488958,0
401161548,MIA,3423,29
401161548,MIA,3137259,0
401161548,MIA,2184,0
401161549,DAL,2578185,32
401161549,DAL,2960236,34
401161549,DAL,3445,24
401161549,DAL,2528210,36
401161549,DAL,3945274,38
401161549,DAL,6601,6
401161549,DAL,3138156,9
401161549,DAL,4376,22
401161549,DAL,3055,13
401161549,DAL,3064447,27
401161549,DAL,2991282,0
401161549,CHI,3244,36
401161549,CHI,4277847,23
401161549,CHI,6621,31
401161549,CHI,2991274,16
401161549,CHI,2999549,21
401161549,CHI,4278049,25
401161549,CHI,2594922,17
401161549,CHI,4349241,19
401161549,CHI,2991047,20
401161549,CHI,4395651,32
401161549,CHI,3113587,0
401161550,IND,3155942,35
401161550,IND,2982334,40
401161550,IND,3133628,31
401161550,IND,2566769,36
401161550,IND,3922230,35
401161550,IND,2284101,21
401161550,IND,2528588,18
401161550,IND,3136485,12
401161550,IND,2530530,12
401161550,IND,4066425,0
401161550,IND,4067045,0
401161550,IND,2608891,0
401161550,IND,4348700,0
401161550,SA,3136196,37
401161550,SA,3914285,17
401161550,SA,2994526,25
401161550,SA,3978,38
401161550,SA,3907497,25
401161550,SA,3005,26
401161550,SA,4004,23
401161550,SA,3190,6
401161550,SA,3078576,23
401161550,SA,4277890,20
401161550,SA,4395723,0
401161550,SA,4423309,0
401161550,SA,3907358,0
401161551,SA,3136196,33
401161551,SA,3914285,11
401161551,SA,2994526,26
401161551,SA,3978,36
401161551,SA,3907497,28
401161551,SA,4395723,15
401161551,SA,3005,26
401161551,SA,4004,22
401161551,SA,3078576,20
401161551,SA,4277890,23
401161551,SA,4423309,0
401161551,SA,3907358,0
401161551,CHA,4066383,32
401161551,CHA,4278078,35
401161551,CHA,3138161,34
401161551,CHA,2579258,19
401161551,CHA,3074752,36
401161551,CHA,3138160,27
401161551,CHA,4066731,27
401161551,CHA,2999409,18
401161551,CHA,3058269,12
401161551,CHA,3416,0
401161551,CHA,6427,0
401161551,CHA,4066262,0
401161552,BKN,2990962,19
401161552,BKN,2528794,21
401161552,BKN,4066328,18
401161552,BKN,2580782,23
401161552,BKN,2991043,36
401161552,BKN,3194,17
401161552,BKN,4230548,22
401161552,BKN,3442,35
401161552,BKN,3893019,31
401161552,BKN,4023,22
401161552,BKN,3137795,21
401161552,BKN,4278067,0
401161552,BKN,3138154,0
401161552,BOS,4249,17
401161552,BOS,2451037,27
401161552,BOS,6479,23
401161552,BOS,2990992,36
401161552,BOS,3917376,35
401161552,BOS,3056602,5
401161552,BOS,4066218,23
401161552,BOS,6447,16
401161552,BOS,4066211,10
401161552,BOS,6507,29
401161552,BOS,4066407,17
401161552,BOS,4397008,7
401161552,BOS,2596112,21
401161553,MIN,4017839,34
401161553,MIN,4396971,27
401161553,MIN,3907822,36
401161553,MIN,3136776,31
401161553,MIN,4065663,31
401161553,MIN,3999,21
401161553,MIN,2982268,14
401161553,MIN,3133596,8
401161553,MIN,3134916,20
401161553,MIN,4277928,19
401161553,MIN,3136195,0
401161553,MIN,4278541,0
401161553,NO,4257,26
401161553,NO,3913176,36
401161553,NO,4395628,33
401161553,NO,3995,38
401161553,NO,4066421,33
401161553,NO,4341,19
401161553,NO,6460,17
401161553,NO,3062679,26
401161553,NO,4065651,13
401161553,NO,3135048,0
401161553,NO,4397077,0
401161553,NO,3024,0
401161553,NO,4278039,0
401161554,LAC,4251,27
401161554,LAC,6450,33
401161554,LAC,6462,30
401161554,LAC,4017837,19
401161554,LAC,3964,20
401161554,LAC,4264,3
401161554,LAC,2327577,19
401161554,LAC,2991055,20
401161554,LAC,6443,25
401161554,LAC,2799,23
401161554,LAC,2488826,3
401161554,LAC,3914044,14
401161554,LAC,4066387,3
401161554,OKC,3428,29
401161554,OKC,2991235,27
401161554,OKC,2779,31
401161554,OKC,4278073,34
401161554,OKC,4397020,25
401161554,OKC,2595435,19
401161554,OKC,3059358,4
401161554,OKC,4230546,17
401161554,OKC,2490089,5
401161554,OKC,2991280,15
401161554,OKC,3032979,30
401161554,OKC,4080610,4
401161554,OKC,3143565,0
401161555,GS,3059319,34
401161555,GS,4401416,20
401161555,GS,3907487,25
401161555,GS,2595209,33
401161555,GS,3936298,35
401161555,GS,3133817,35
401161555,GS,4011991,23
401161555,GS,2580898,12
401161555,GS,4277956,22
401161555,GS,6589,0
401161555,GS,3155535,0
401161555,DEN,3015,26
401161555,DEN,3112335,32
401161555,DEN,6579,35
401161555,DEN,2999547,35
401161555,DEN,3936299,38
401161555,DEN,2991070,23
401161555,DEN,4278104,13
401161555,DEN,4230557,1
401161555,DEN,2488653,14
401161555,DEN,3059310,23
401161555,DEN,3923250,1
401161555,DEN,2528693,0
401161556,TOR,3149673,43
401161556,TOR,3934719,37
401161556,TOR,3137730,34
401161556,TOR,3012,37
401161556,TOR,2595516,38
401161556,TOR,3948153,29
401161556,TOR,3064291,8
401161556,TOR,3059311,7
401161556,TOR,3919454,7
401161556,TOR,2580980,0
401161556,TOR,4065672,0
401161556,TOR,3134881,0
401161556,PHX,3032978,23
401161556,PHX,4278129,39
401161556,PHX,4011,35
401161556,PHX,3136193,37
401161556,PHX,3147657,37
401161556,PHX,3138196,33
401161556,PHX,3133635,22
401161556,PHX,4230550,14
401161556,PHX,3919335,0
401161556,PHX,2968439,0
401161556,PHX,4065733,0
401161557,PHI,6622,36
401161557,PHI,6440,33
401161557,PHI,3213,33
401161557,PHI,3915195,29
401161557,PHI,3907498,18
401161557,PHI,2608892,3
401161557,PHI,2991039,31
401161557,PHI,2968361,10
401161557,PHI,6429,22
401161557,PHI,3929325,24
401161557,PHI,6615,0
401161557,LAL,1966,34
401161557,LAL,3988,26
401161557,LAL,6583,39
401161557,LAL,3452,15
401161557,LAL,4240,34
401161557,LAL,6461,13
401161557,LAL,3134907,20
401161557,LAL,3201,1
401161557,LAL,2384,13
401161557,LAL,3026,20
401161557,LAL,2566745,1
401161557,LAL,2581018,24
401161558,WSH,4066648,30
401161558,WSH,3934723,19
401161558,WSH,6580,39
401161558,WSH,2530780,28
401161558,WSH,4348697,10
401161558,WSH,4278508,15
401161558,WSH,6426,29
401161558,WSH,3150844,14
401161558,WSH,3893059,6
401161558,WSH,4305,20
401161558,WSH,3943606,30
401161558,WSH,2774,0
401161558,WSH,3134903,0
401161558,SAC,4269,30
401161558,SAC,4065649,27
401161558,SAC,6578,32
401161558,SAC,3037789,30
401161558,SAC,4066259,32
401161558,SAC,6637,25
401161558,SAC,2596107,14
401161558,SAC,6446,27
401161558,SAC,2990984,23
401161558,SAC,3056600,0
401161558,SAC,2991018,0
401161558,SAC,3914058,0
401161559,BOS,4065648,40
401161559,BOS,4066218,26
401161559,BOS,2451037,19
401161559,BOS,6507,30
401161559,BOS,2990992,32
401161559,BOS,3056602,30
401161559,BOS,6447,14
401161559,BOS,4066211,14
401161559,BOS,4397008,13
401161559,BOS,2596112,5
401161559,BOS,4278080,16
401161559,BOS,4237215,0
401161559,BOS,4066407,0
401161559,CLE,3449,37
401161559,CLE,2580365,39
401161559,CLE,3893016,43
401161559,CLE,2489716,35
401161559,CLE,4277811,45
401161559,CLE,3912848,16
401161559,CLE,4017838,14
401161559,CLE,4397140,10
401161559,CLE,6585,0
401161559,CLE,3149036,0
401161559,CLE,2608899,0
401161560,OKC,3428,33
401161560,OKC,2991235,32
401161560,OKC,2779,34
401161560,OKC,4278073,35
401161560,OKC,4397020,25
401161560,OKC,2595435,15
401161560,OKC,4230546,20
401161560,OKC,2991280,16
401161560,OKC,3032979,30
401161560,OKC,3059358,0
401161560,OKC,3143565,0
401161560,OKC,2490089,0
401161560,OKC,4080610,0
401161560,DET,6592,20
401161560,DET,3058254,39
401161560,DET,2528353,32
401161560,DET,6448,38
401161560,DET,3133602,24
401161560,DET,4017843,12
401161560,DET,4423314,13
401161560,DET,2530572,28
401161560,DET,3912334,9
401161560,DET,2531797,26
401161560,DET,3907408,0
401161560,DET,4397103,0
401161560,DET,4066212,0
401161566,IND,3155942,37
401161566,IND,2982334,33
401161566,IND,3133628,30
401161566,IND,2566769,11
401161566,IND,3922230,25
401161566,IND,4066425,3
401161566,IND,2284101,19
401161566,IND,2528588,19
401161566,IND,4067045,3
401161566,IND,2608891,17
401161566,IND,4348700,8
401161566,IND,3136485,5
401161566,IND,2530530,30
401161566,MIL,6609,29
401161566,MIL,3032977,28
401161566,MIL,3448,25
401161566,MIL,4032,25
401161566,MIL,4238,27
401161566,MIL,2797,20
401161566,MIL,3102533,3
401161566,MIL,3057187,13
401161566,MIL,3447,22
401161566,MIL,2578239,19
401161566,MIL,3059315,5
401161566,MIL,3934673,23
401161566,MIL,2767,0
401161561,ORL,2579321,27
401161561,ORL,3064290,36
401161561,ORL,6478,40
401161561,ORL,6588,31
401161561,ORL,4066636,31
401161561,ORL,4277919,7
401161561,ORL,3415,17
401161561,ORL,6619,34
401161561,ORL,2596108,17
401161561,ORL,3074797,0
401161561,ORL,3132042,0
401161561,ORL,3136746,0
401161561,ORL,2578240,0
401161561,MIA,6430,34
401161561,MIA,3157465,36
401161561,MIA,3936099,21
401161561,MIA,4066261,31
401161561,MIA,3056247,23
401161561,MIA,6581,32
401161561,MIA,2386,16
401161561,MIA,2489663,16
401161561,MIA,3423,31
401161561,MIA,2184,0
401161561,MIA,3923253,0
401161561,MIA,2488958,0
401161561,MIA,3137259,0
401161562,MEM,2993874,22
401161562,MEM,3155526,22
401161562,MEM,6477,26
401161562,MEM,4066436,22
401161562,MEM,4279888,29
401161562,MEM,3276,24
401161562,MEM,2579293,5
401161562,MEM,3133838,6
401161562,MEM,2534781,19
401161562,MEM,4066297,17
401161562,MEM,3134932,22
401161562,MEM,3135046,21
401161562,MEM,4230554,5
401161562,BKN,2990962,25
401161562,BKN,2528794,29
401161562,BKN,4066328,29
401161562,BKN,2580782,27
401161562,BKN,2991043,27
401161562,BKN,3194,17
401161562,BKN,4230548,13
401161562,BKN,3442,14
401161562,BKN,3893019,27
401161562,BKN,3137795,24
401161562,BKN,3138154,8
401161563,UTAH,2583632,29
401161563,UTAH,3593,33
401161563,UTAH,3032976,34
401161563,UTAH,3195,27
401161563,UTAH,3908809,34
401161563,UTAH,3912292,2
401161563,UTAH,2968436,30
401161563,UTAH,2990969,12
401161563,UTAH,4066851,2
401161563,UTAH,4065673,14
401161563,UTAH,2528426,21
401161563,UTAH,3892818,4
401161563,UTAH,4259,0
401161563,NY,3986,14
401161563,NY,3064514,32
401161563,NY,4395625,30
401161563,NY,6591,21
401161563,NY,2583639,28
401161563,NY,3064482,30
401161563,NY,4278075,20
401161563,NY,2528779,20
401161563,NY,4230547,20
401161563,NY,3981,25
401161563,NY,2991149,0
401161563,NY,3907525,0
401161564,CHI,4066336,21
401161564,CHI,4277847,25
401161564,CHI,6621,30
401161564,CHI,2991274,29
401161564,CHI,2999549,18
401161564,CHI,3113587,3
401161564,CHI,3244,29
401161564,CHI,4278049,10
401161564,CHI,2594922,18
401161564,CHI,2991047,23
401161564,CHI,4395651,35
401161564,MIN,4017839,31
401161564,MIN,4396971,25
401161564,MIN,3907822,34
401161564,MIN,3136776,31
401161564,MIN,4065663,26
401161564,MIN,3999,22
401161564,MIN,2982268,14
401161564,MIN,3133596,9
401161564,MIN,3134916,27
401161564,MIN,4277928,21
401161564,MIN,3136195,0
401161564,MIN,4278541,0
401161565,NO,4257,32
401161565,NO,3913176,41
401161565,NO,4395628,35
401161565,NO,3995,37
401161565,NO,4066421,40
401161565,NO,4341,26
401161565,NO,4397077,4
401161565,NO,6460,16
401161565,NO,3062679,13
401161565,NO,4065651,21
401161565,NO,3135048,0
401161565,NO,3024,0
401161565,NO,4278039,0
401161565,DAL,2578185,9
401161565,DAL,2960236,39
401161565,DAL,3102531,45
401161565,DAL,2528210,39
401161565,DAL,3945274,41
401161565,DAL,6601,2
401161565,DAL,2991282,16
401161565,DAL,3445,11
401161565,DAL,2326307,37
401161565,DAL,3064447,25
401161565,DAL,3138156,0
401161565,DAL,4376,0
401161565,DAL,3064237,0
401161567,WSH,4066648,29
401161567,WSH,3150844,19
401161567,WSH,3943606,26
401161567,WSH,6580,38
401161567,WSH,2530780,26
401161567,WSH,4278508,20
401161567,WSH,6426,29
401161567,WSH,3893059,16
401161567,WSH,3134903,10
401161567,WSH,4348697,28
401161567,WSH,2774,0
401161567,WSH,3934723,0
401161567,WSH,4305,0
401161567,POR,1975,32
401161567,POR,2426,34
401161567,POR,4262,35
401161567,POR,6606,32
401161567,POR,2490149,33
401161567,POR,2995706,16
401161567,POR,3906671,11
401161567,POR,4066264,3
401161567,POR,4395652,3
401161567,POR,4277843,28
401161567,POR,4351851,14
401161568,DEN,3015,20
401161568,DEN,3112335,31
401161568,DEN,6579,34
401161568,DEN,2999547,35
401161568,DEN,3936299,35
401161568,DEN,2991070,28
401161568,DEN,2528693,16
401161568,DEN,2488653,18
401161568,DEN,3059310,25
401161568,DEN,3078284,0
401161568,DEN,4278104,0
401161568,DEN,4230557,0
401161568,DEN,3923250,0
401161568,CHA,4066383,28
401161568,CHA,4278078,32
401161568,CHA,2579258,25
401161568,CHA,3133601,34
401161568,CHA,3074752,35
401161568,CHA,3138160,14
401161568,CHA,4066731,18
401161568,CHA,3138161,32
401161568,CHA,2999409,23
401161568,CHA,3416,0
401161568,CHA,6427,0
401161568,CHA,3058269,0
401161568,CHA,4066262,0
401161569,LAC,4251,30
401161569,LAC,6450,29
401161569,LAC,6462,22
401161569,LAC,4017837,20
401161569,LAC,3964,23
401161569,LAC,4264,5
401161569,LAC,2327577,24
401161569,LAC,2991055,22
401161569,LAC,6443,18
401161569,LAC,2799,20
401161569,LAC,2488826,5
401161569,LAC,3914044,17
401161569,LAC,4066387,5
401161569,HOU,3033,28
401161569,HOU,2490620,27
401161569,HOU,2991155,24
401161569,HOU,3468,33
401161569,HOU,3992,28
401161569,HOU,3209,20
401161569,HOU,3970,15
401161569,HOU,3113297,4
401161569,HOU,6617,18
401161569,HOU,2578213,20
401161569,HOU,3431,23
401161569,HOU,3028,0
401161569,HOU,984,0
401161570,PHI,6622,25
401161570,PHI,6440,37
401161570,PHI,3213,36
401161570,PHI,3915195,27
401161570,PHI,3907498,19
401161570,PHI,2608892,3
401161570,PHI,2991039,29
401161570,PHI,2968361,21
401161570,PHI,6429,19
401161570,PHI,3929325,25
401161570,PHI,6615,0
401161570,SAC,4269,31
401161570,SAC,4065649,15
401161570,SAC,6578,38
401161570,SAC,3037789,35
401161570,SAC,4066259,36
401161570,SAC,6637,33
401161570,SAC,2596107,15
401161570,SAC,6446,12
401161570,SAC,2990984,25
401161570,SAC,3056600,0
401161570,SAC,2991018,0
401161570,SAC,3914058,0
401161571,TOR,3439,30
401161571,TOR,3149673,38
401161571,TOR,3934719,38
401161571,TOR,3012,33
401161571,TOR,2595516,38
401161571,TOR,3948153,8
401161571,TOR,3064291,8
401161571,TOR,3137730,24
401161571,TOR,3059311,6
401161571,TOR,3919454,17
401161571,TOR,2580980,0
401161571,TOR,3134881,0
401161571,GS,3059319,37
401161571,GS,4401416,22
401161571,GS,3907487,30
401161571,GS,2595209,36
401161571,GS,3975,27
401161571,GS,3133817,32
401161571,GS,4011991,16
401161571,GS,3936298,24
401161571,GS,4277956,16
401161571,GS,6589,0
401161571,GS,2580898,0
401161571,GS,4065635,0
401161572,ATL,3908845,29
401161572,ATL,4065732,37
401161572,ATL,2580913,20
401161572,ATL,4015,28
401161572,ATL,4066372,38
401161572,ATL,2595231,18
401161572,ATL,4277952,13
401161572,ATL,4395627,29
401161572,ATL,136,17
401161572,ATL,3057198,10
401161572,ATL,3064559,0
401161572,WSH,4066648,33
401161572,WSH,3934723,24
401161572,WSH,3943606,36
401161572,WSH,6580,38
401161572,WSH,2530780,24
401161572,WSH,4278508,28
401161572,WSH,6426,27
401161572,WSH,3150844,18
401161572,WSH,4348697,12
401161572,WSH,2774,0
401161572,WSH,3893059,0
401161572,WSH,4305,0
401161572,WSH,3134903,0
401161573,SA,3136196,23
401161573,SA,2994526,18
401161573,SA,3978,31
401161573,SA,3078576,27
401161573,SA,3907497,26
401161573,SA,3914285,15
401161573,SA,4395723,21
401161573,SA,4423309,12
401161573,SA,3005,23
401161573,SA,4004,16
401161573,SA,3907358,11
401161573,SA,4277890,16
401161573,BKN,3194,18
401161573,BKN,2528794,26
401161573,BKN,4066328,20
401161573,BKN,2580782,26
401161573,BKN,2991043,31
401161573,BKN,2990962,30
401161573,BKN,4230548,5
401161573,BKN,3442,23
401161573,BKN,3907788,5
401161573,BKN,3893019,29
401161573,BKN,3137795,22
401161573,BKN,3138154,5
401161574,OKC,3428,28
401161574,OKC,2991235,24
401161574,OKC,2779,30
401161574,OKC,4278073,22
401161574,OKC,4397020,21
401161574,OKC,2595435,20
401161574,OKC,3059358,4
401161574,OKC,4230546,11
401161574,OKC,2490089,6
401161574,OKC,2991280,19
401161574,OKC,3032979,30
401161574,OKC,4080610,26
401161574,NY,3986,12
401161574,NY,3064514,28
401161574,NY,4395625,29
401161574,NY,6591,18
401161574,NY,2583639,30
401161574,NY,3064482,27
401161574,NY,4278075,13
401161574,NY,2528779,11
401161574,NY,4351852,22
401161574,NY,4230547,10
401161574,NY,3981,13
401161574,NY,2991149,13
401161574,NY,3907525,12
401161575,UTAH,2583632,30
401161575,UTAH,3593,26
401161575,UTAH,3032976,33
401161575,UTAH,3195,35
401161575,UTAH,3908809,33
401161575,UTAH,2968436,30
401161575,UTAH,2990969,12
401161575,UTAH,4065673,15
401161575,UTAH,2528426,27
401161575,UTAH,3912292,0
401161575,UTAH,4259,0
401161575,UTAH,3892818,0
401161575,UTAH,3908819,0
401161575,BOS,3056602,34
401161575,BOS,4065648,33
401161575,BOS,2451037,27
401161575,BOS,6479,27
401161575,BOS,2990992,37
401161575,BOS,4066218,17
401161575,BOS,6447,5
401161575,BOS,4066211,16
401161575,BOS,6507,26
401161575,BOS,4397008,5
401161575,BOS,2596112,13
401161576,IND,3155942,36
401161576,IND,4277882,15
401161576,IND,3133628,35
401161576,IND,2527963,26
401161576,IND,3922230,34
401161576,IND,2284101,25
401161576,IND,2608891,17
401161576,IND,4348700,7
401161576,IND,3136485,24
401161576,IND,2530530,19
401161576,IND,4066425,0
401161576,CHI,4066336,22
401161576,CHI,4277847,26
401161576,CHI,6621,26
401161576,CHI,2991274,34
401161576,CHI,2999549,27
401161576,CHI,3113587,3
401161576,CHI,3244,26
401161576,CHI,4278049,19
401161576,CHI,2594922,19
401161576,CHI,4395651,38
401161576,CHI,2991047,0
401161577,ORL,2579321,25
401161577,ORL,3064290,37
401161577,ORL,3074797,23
401161577,ORL,6478,36
401161577,ORL,4066636,27
401161577,ORL,3132042,3
401161577,ORL,4277919,7
401161577,ORL,3415,27
401161577,ORL,6619,34
401161577,ORL,2596108,22
401161577,ORL,3136746,0
401161577,ORL,2578240,0
401161577,MIN,4017839,30
401161577,MIN,4396971,28
401161577,MIN,3907822,28
401161577,MIN,3136776,23
401161577,MIN,4065663,21
401161577,MIN,3999,20
401161577,MIN,2982268,18
401161577,MIN,3133596,5
401161577,MIN,3134916,28
401161577,MIN,4277928,27
401161577,MIN,4278541,12
401161577,MIN,3136195,0
401161578,MIA,6430,37
401161578,MIA,3157465,39
401161578,MIA,3936099,23
401161578,MIA,4066261,36
401161578,MIA,3056247,17
401161578,MIA,6581,11
401161578,MIA,2386,25
401161578,MIA,2489663,10
401161578,MIA,2488958,15
401161578,MIA,3423,27
401161578,MIA,2184,0
401161578,MIA,3923253,0
401161578,MIA,4395725,0
401161578,NO,4257,25
401161578,NO,3913176,30
401161578,NO,4395628,32
401161578,NO,3995,37
401161578,NO,4066421,36
401161578,NO,4341,24
401161578,NO,6460,12
401161578,NO,3062679,28
401161578,NO,4065651,16
401161578,NO,3135048,0
401161578,NO,4397077,0
401161578,NO,3133626,0
401161578,NO,4278039,0
401161579,MEM,2993874,25
401161579,MEM,3155526,30
401161579,MEM,6477,28
401161579,MEM,4066436,15
401161579,MEM,4279888,32
401161579,MEM,3276,21
401161579,MEM,2579293,4
401161579,MEM,3133838,4
401161579,MEM,2534781,18
401161579,MEM,4066297,22
401161579,MEM,3134932,16
401161579,MEM,3135046,20
401161579,MEM,4230554,4
401161579,DAL,2960236,30
401161579,DAL,3102531,29
401161579,DAL,3445,29
401161579,DAL,2326307,15
401161579,DAL,3945274,30
401161579,DAL,6601,15
401161579,DAL,3138156,32
401161579,DAL,4376,4
401161579,DAL,2991282,11
401161579,DAL,3055,15
401161579,DAL,3064447,29
401161580,POR,1975,34
401161580,POR,2426,36
401161580,POR,4262,40
401161580,POR,6606,38
401161580,POR,2490149,39
401161580,POR,2995706,13
401161580,POR,3906671,4
401161580,POR,4066264,5
401161580,POR,4277843,21
401161580,POR,4351851,10
401161580,POR,4395652,0
401161580,POR,3102530,0
401161580,PHX,3032978,38
401161580,PHX,2968439,36
401161580,PHX,4011,33
401161580,PHX,3136193,39
401161580,PHX,3147657,39
401161580,PHX,3919335,15
401161580,PHX,3133635,14
401161580,PHX,4065733,14
401161580,PHX,4230550,12
401161580,PHX,3138196,0
401161580,PHX,4278129,0
401161581,MIL,6609,36
401161581,MIL,3032977,36
401161581,MIL,3448,29
401161581,MIL,4032,27
401161581,MIL,4238,29
401161581,MIL,2797,20
401161581,MIL,3447,8
401161581,MIL,2011,12
401161581,MIL,2578239,18
401161581,MIL,3934673,25
401161581,MIL,2767,0
401161581,MIL,3102533,0
401161581,MIL,3057187,0
401161581,LAL,1966,37
401161581,LAL,3988,30
401161581,LAL,6583,29
401161581,LAL,3452,21
401161581,LAL,4240,31
401161581,LAL,6461,9
401161581,LAL,3134907,24
401161581,LAL,2384,10
401161581,LAL,3026,12
401161581,LAL,2581018,19
401161581,LAL,2991350,18
401161581,LAL,3201,0
401161581,LAL,2566745,0
401161582,HOU,3033,36
401161582,HOU,2490620,38
401161582,HOU,2991155,26
401161582,HOU,2578213,15
401161582,HOU,3992,45
401161582,HOU,3209,29
401161582,HOU,3970,18
401161582,HOU,6617,32
401161582,HOU,3028,0
401161582,HOU,3113297,0
401161582,HOU,984,0
401161582,HOU,3906603,0
401161582,CHA,4066383,27
401161582,CHA,4278078,33
401161582,CHA,2579258,28
401161582,CHA,3133601,32
401161582,CHA,3074752,38
401161582,CHA,3138160,22
401161582,CHA,4066731,13
401161582,CHA,3138161,30
401161582,CHA,2999409,18
401161582,CHA,3416,0
401161582,CHA,6427,0
401161582,CHA,3058269,0
401161582,CHA,4066262,0
401161583,UTAH,2583632,31
401161583,UTAH,3593,34
401161583,UTAH,3032976,35
401161583,UTAH,3195,30
401161583,UTAH,3908809,34
401161583,UTAH,2968436,26
401161583,UTAH,2990969,12
401161583,UTAH,4065673,13
401161583,UTAH,2528426,25
401161583,UTAH,3912292,0
401161583,UTAH,4066851,0
401161583,UTAH,4259,0
401161583,UTAH,3892818,0
401161583,DET,6592,13
401161583,DET,3058254,38
401161583,DET,2528353,31
401161583,DET,6448,29
401161583,DET,3133602,24
401161583,DET,4017843,10
401161583,DET,4423314,20
401161583,DET,2530572,25
401161583,DET,2531797,25
401161583,DET,4065670,25
401161583,DET,3907408,0
401161583,DET,3912334,0
401161583,DET,4066212,0
401161584,DEN,3015,27
401161584,DEN,3112335,32
401161584,DEN,6579,37
401161584,DEN,2999547,31
401161584,DEN,3936299,31
401161584,DEN,2991070,21
401161584,DEN,4278104,16
401161584,DEN,2528693,8
401161584,DEN,2488653,16
401161584,DEN,3059310,22
401161584,DEN,3078284,0
401161584,DEN,2489530,0
401161584,DEN,3923250,0
401161584,CLE,3449,37
401161584,CLE,3893016,38
401161584,CLE,6474,38
401161584,CLE,2489716,31
401161584,CLE,4277811,40
401161584,CLE,2530923,20
401161584,CLE,2580365,31
401161584,CLE,4017838,4
401161584,CLE,3912848,0
401161584,CLE,6585,0
401161584,CLE,4396907,0
401161585,ATL,3908845,39
401161585,ATL,4065732,28
401161585,ATL,2580913,21
401161585,ATL,4066372,37
401161585,ATL,4277905,29
401161585,ATL,2595231,15
401161585,ATL,4277952,8
401161585,ATL,4395627,12
401161585,ATL,3064559,4
401161585,ATL,4015,20
401161585,ATL,136,19
401161585,ATL,3057198,8
401161585,MEM,2993874,29
401161585,MEM,3155526,27
401161585,MEM,6477,32
401161585,MEM,4066436,30
401161585,MEM,4279888,31
401161585,MEM,3276,15
401161585,MEM,2579293,1
401161585,MEM,3133838,1
401161585,MEM,2534781,19
401161585,MEM,4066297,22
401161585,MEM,3134932,14
401161585,MEM,3135046,18
401161585,MEM,4230554,1
401161586,PHI,6622,34
401161586,PHI,6440,35
401161586,PHI,3213,36
401161586,PHI,3915195,29
401161586,PHI,3907498,17
401161586,PHI,2991039,28
401161586,PHI,2968361,19
401161586,PHI,6429,18
401161586,PHI,3929325,24
401161586,PHI,2608892,0
401161586,PHI,6615,0
401161586,GS,3059319,37
401161586,GS,4401416,28
401161586,GS,3907487,33
401161586,GS,2595209,34
401161586,GS,3936298,32
401161586,GS,3133817,29
401161586,GS,4011991,13
401161586,GS,2580898,14
401161586,GS,4277956,20
401161586,GS,3155535,0
401161586,GS,4065635,0
401161587,SAC,4269,20
401161587,SAC,4065649,18
401161587,SAC,6578,36
401161587,SAC,3037789,29
401161587,SAC,4066259,28
401161587,SAC,2993370,19
401161587,SAC,6637,25
401161587,SAC,2596107,10
401161587,SAC,6446,24
401161587,SAC,2991018,4
401161587,SAC,2990984,26
401161587,SAC,3914058,2
401161587,SAC,3056600,0
401161587,POR,1975,23
401161587,POR,2426,29
401161587,POR,4262,30
401161587,POR,6606,33
401161587,POR,2490149,34
401161587,POR,2995706,23
401161587,POR,3906671,6
401161587,POR,4066264,15
401161587,POR,4395652,6
401161587,POR,4277843,22
401161587,POR,4351851,19
401161587,POR,3102530,0
401161588,CHI,4066336,26
401161588,CHI,4277847,28
401161588,CHI,6621,25
401161588,CHI,2991274,36
401161588,CHI,2999549,23
401161588,CHI,3244,25
401161588,CHI,4278049,17
401161588,CHI,2594922,25
401161588,CHI,4395651,35
401161588,CHI,3113587,0
401161588,CHI,2991047,0
401161588,BKN,3194,22
401161588,BKN,2528794,31
401161588,BKN,3442,29
401161588,BKN,2580782,37
401161588,BKN,2991043,37
401161588,BKN,2990962,29
401161588,BKN,4066328,19
401161588,BKN,3893019,23
401161588,BKN,3137795,12
401161588,BKN,3138154,3
401161588,BKN,4230548,0
401161588,BKN,3907788,0
401161589,NO,4257,22
401161589,NO,3913176,40
401161589,NO,4395628,32
401161589,NO,3995,36
401161589,NO,4066421,35
401161589,NO,4341,26
401161589,NO,6460,13
401161589,NO,3062679,27
401161589,NO,4065651,10
401161589,NO,3135048,0
401161589,NO,4397077,0
401161589,NO,3133626,0
401161589,MIN,4017839,28
401161589,MIN,4396971,25
401161589,MIN,3907822,32
401161589,MIN,3136776,35
401161589,MIN,4065663,29
401161589,MIN,3999,25
401161589,MIN,2982268,19
401161589,MIN,3134916,17
401161589,MIN,4277928,21
401161589,MIN,4278541,9
401161589,MIN,3136195,0
401161589,MIN,4239,0
401161590,LAL,1966,35
401161590,LAL,3988,25
401161590,LAL,6583,34
401161590,LAL,3452,12
401161590,LAL,4240,33
401161590,LAL,6461,16
401161590,LAL,3134907,22
401161590,LAL,2384,7
401161590,LAL,3026,22
401161590,LAL,2581018,28
401161590,LAL,2991350,7
401161590,LAL,3201,0
401161590,LAL,2566745,0
401161590,LAC,4251,37
401161590,LAC,6450,37
401161590,LAC,6462,29
401161590,LAC,4017837,14
401161590,LAC,3964,26
401161590,LAC,2327577,11
401161590,LAC,2991055,34
401161590,LAC,6443,14
401161590,LAC,2799,28
401161590,LAC,2488826,1
401161590,LAC,3914044,8
401161590,LAC,4066387,1
401161590,LAC,4264,0
401161591,OKC,3428,34
401161591,OKC,4230546,20
401161591,OKC,2991235,26
401161591,OKC,2779,37
401161591,OKC,4397020,31
401161591,OKC,2595435,17
401161591,OKC,2991280,22
401161591,OKC,3032979,34
401161591,OKC,4080610,18
401161591,OKC,3059358,0
401161591,OKC,2490089,0
401161591,BOS,4065648,38
401161591,BOS,4249,38
401161591,BOS,2451037,28
401161591,BOS,6479,31
401161591,BOS,2990992,38
401161591,BOS,3056602,3
401161591,BOS,4066218,15
401161591,BOS,6447,6
401161591,BOS,4066211,14
401161591,BOS,6507,10
401161591,BOS,4397008,20
401161591,BOS,2596112,0
401161592,MIL,2767,15
401161592,MIL,6609,35
401161592,MIL,3448,27
401161592,MIL,4032,18
401161592,MIL,4238,35
401161592,MIL,2797,26
401161592,MIL,3447,7
401161592,MIL,3438,16
401161592,MIL,2011,14
401161592,MIL,2578239,18
401161592,MIL,3934673,29
401161592,MIL,3136491,0
401161592,MIL,3057187,0
401161592,PHX,3032978,26
401161592,PHX,2968439,33
401161592,PHX,4011,38
401161592,PHX,3136193,39
401161592,PHX,3147657,43
401161592,PHX,3919335,14
401161592,PHX,3133635,32
401161592,PHX,4065733,14
401161592,PHX,3138196,0
401161592,PHX,4278129,0
401161592,PHX,4230550,0
401161593,MIA,6430,24
401161593,MIA,3157465,39
401161593,MIA,3936099,31
401161593,MIA,4066261,33
401161593,MIA,3056247,29
401161593,MIA,2386,19
401161593,MIA,2489663,10
401161593,MIA,3923253,0
401161593,MIA,2488958,30
401161593,MIA,3423,23
401161593,MIA,3137259,0
401161593,MIA,2184,0
401161593,MIA,6581,0
401161593,WSH,4066648,40
401161593,WSH,3934723,16
401161593,WSH,6580,36
401161593,WSH,2530780,40
401161593,WSH,4348697,15
401161593,WSH,4278508,30
401161593,WSH,6426,27
401161593,WSH,3150844,18
401161593,WSH,3134903,1
401161593,WSH,3913180,17
401161593,WSH,2774,0
401161593,WSH,3943606,0
401161594,IND,3155942,41
401161594,IND,2982334,33
401161594,IND,3133628,33
401161594,IND,2527963,27
401161594,IND,3922230,32
401161594,IND,2284101,22
401161594,IND,2608891,14
401161594,IND,4348700,2
401161594,IND,3136485,19
401161594,IND,2530530,16
401161594,IND,4066425,0
401161594,DAL,2960236,34
401161594,DAL,3102531,38
401161594,DAL,3445,31
401161594,DAL,2528210,39
401161594,DAL,3945274,36
401161594,DAL,3138156,19
401161594,DAL,4376,6
401161594,DAL,2991282,10
401161594,DAL,3055,4
401161594,DAL,3064447,23
401161595,ORL,2579321,18
401161595,ORL,3064290,36
401161595,ORL,3074797,18
401161595,ORL,6478,33
401161595,ORL,4066636,27
401161595,ORL,3132042,7
401161595,ORL,3136746,2
401161595,ORL,2578240,2
401161595,ORL,4277919,14
401161595,ORL,3415,27
401161595,ORL,6619,30
401161595,ORL,2596108,27
401161595,HOU,3033,29
401161595,HOU,2490620,26
401161595,HOU,2991155,30
401161595,HOU,3468,30
401161595,HOU,3992,32
401161595,HOU,3028,8
401161595,HOU,3209,27
401161595,HOU,3970,16
401161595,HOU,3113297,10
401161595,HOU,6617,28
401161595,HOU,3906603,5
401161595,HOU,984,0
401161595,HOU,2578213,0
401161596,SA,3136196,41
401161596,SA,3914285,22
401161596,SA,2994526,32
401161596,SA,3978,42
401161596,SA,3907497,31
401161596,SA,4395723,17
401161596,SA,3005,36
401161596,SA,4004,19
401161596,SA,3078576,25
401161596,SA,3907358,0
401161596,SA,4423309,0
401161596,SA,4277890,0
401161596,CLE,3449,40
401161596,CLE,3893016,37
401161596,CLE,6585,33
401161596,CLE,2489716,45
401161596,CLE,4277811,39
401161596,CLE,2530923,19
401161596,CLE,2580365,43
401161596,CLE,6474,8
401161596,CLE,3912848,0
401161596,CLE,4017838,0
401161596,CLE,3149036,0
401161596,CLE,2594885,0
401161596,CLE,2608899,0
401161597,DET,6592,15
401161597,DET,3058254,33
401161597,DET,2528353,29
401161597,DET,3133602,26
401161597,DET,4065670,37
401161597,DET,4017843,28
401161597,DET,4423314,16
401161597,DET,2530572,24
401161597,DET,3912334,13
401161597,DET,2531797,20
401161597,DET,6448,0
401161597,DET,4066212,0
401161597,NY,3986,17
401161597,NY,3064514,33
401161597,NY,4395625,26
401161597,NY,6591,17
401161597,NY,2583639,31
401161597,NY,3064482,19
401161597,NY,4278075,19
401161597,NY,2528779,12
401161597,NY,4351852,27
401161597,NY,4230547,17
401161597,NY,3981,23
401161597,NY,2991149,0
401161597,NY,3907525,0
401161598,TOR,3439,36
401161598,TOR,3149673,38
401161598,TOR,3934719,39
401161598,TOR,3012,36
401161598,TOR,2595516,43
401161598,TOR,3064291,6
401161598,TOR,3137730,17
401161598,TOR,3206,16
401161598,TOR,3059311,4
401161598,TOR,3919454,6
401161598,TOR,2580980,0
401161598,TOR,3948153,0
401161598,TOR,3134881,0
401161598,SAC,4269,30
401161598,SAC,4065649,14
401161598,SAC,6578,34
401161598,SAC,3037789,30
401161598,SAC,4066259,31
401161598,SAC,2993370,19
401161598,SAC,6637,26
401161598,SAC,2596107,15
401161598,SAC,6446,17
401161598,SAC,2990984,24
401161598,SAC,3056600,0
401161598,SAC,2991018,0
401161598,SAC,3914058,0
401161599,CHA,4066383,26
401161599,CHA,4278078,16
401161599,CHA,2579258,23
401161599,CHA,3133601,46
401161599,CHA,3074752,44
401161599,CHA,3138160,37
401161599,CHA,4066731,28
401161599,CHA,3138161,35
401161599,CHA,6427,34
401161599,CHA,3416,0
401161599,CHA,2999409,0
401161599,CHA,3058269,0
401161599,CHA,3907821,0
401161599,ATL,3908845,46
401161599,ATL,4065732,37
401161599,ATL,2580913,28
401161599,ATL,4066372,46
401161599,ATL,4277905,44
401161599,ATL,2595231,15
401161599,ATL,4277952,5
401161599,ATL,4395627,40
401161599,ATL,4015,14
401161599,ATL,136,15
401161599,ATL,3064559,0
401161599,ATL,3057198,0
401161600,MIL,3102533,19
401161600,MIL,3057187,36
401161600,MIL,3447,32
401161600,MIL,4032,32
401161600,MIL,2578239,29
401161600,MIL,2767,16
401161600,MIL,3136491,21
401161600,MIL,2011,24
401161600,MIL,3059315,30
401161600,MIL,2797,0
401161600,MIL,6609,0
401161600,MIL,3448,0
401161600,MIL,3934673,0
401161600,DEN,3015,21
401161600,DEN,3112335,30
401161600,DEN,6579,32
401161600,DEN,2999547,32
401161600,DEN,3936299,39
401161600,DEN,3078284,1
401161600,DEN,2991070,29
401161600,DEN,4278104,12
401161600,DEN,2528693,5
401161600,DEN,2488653,15
401161600,DEN,3059310,24
401161600,DEN,2489530,1
401161600,DEN,3923250,1
401161601,TOR,3439,37
401161601,TOR,3149673,39
401161601,TOR,3934719,33
401161601,TOR,3012,43
401161601,TOR,2595516,2
401161601,TOR,3948153,6
401161601,TOR,3064291,22
401161601,TOR,3137730,43
401161601,TOR,3059311,12
401161601,TOR,3919454,6
401161601,TOR,2580980,0
401161601,TOR,3134881,0
401161601,UTAH,2583632,33
401161601,UTAH,3593,24
401161601,UTAH,3032976,32
401161601,UTAH,3195,34
401161601,UTAH,3908809,34
401161601,UTAH,2968436,32
401161601,UTAH,2990969,12
401161601,UTAH,4065673,16
401161601,UTAH,2528426,24
401161601,UTAH,3934721,0
401161601,UTAH,4259,0
401161601,UTAH,3892818,0
401161601,UTAH,3908819,0
401161602,BOS,4065648,36
401161602,BOS,4249,36
401161602,BOS,2451037,34
401161602,BOS,6479,30
401161602,BOS,2990992,36
401161602,BOS,3056602,21
401161602,BOS,4066218,3
401161602,BOS,6447,14
401161602,BOS,6507,20
401161602,BOS,4397008,10
401161602,BOS,4066211,0
401161602,BOS,4066407,0
401161602,BOS,2596112,0
401161602,IND,3155942,41
401161602,IND,2982334,34
401161602,IND,3133628,36
401161602,IND,2527963,29
401161602,IND,3922230,34
401161602,IND,2284101,21
401161602,IND,2608891,13
401161602,IND,3136485,17
401161602,IND,2530530,14
401161602,IND,4066425,0
401161602,IND,2528588,0
401161602,IND,4348700,0
401161603,NY,3986,17
401161603,NY,3064514,26
401161603,NY,4395625,30
401161603,NY,6591,12
401161603,NY,2583639,18
401161603,NY,3064482,27
401161603,NY,4278075,11
401161603,NY,2528779,28
401161603,NY,4351852,25
401161603,NY,4230547,30
401161603,NY,3981,16
401161603,NY,4065697,0
401161603,NY,2991149,0
401161603,WSH,4066648,29
401161603,WSH,3934723,24
401161603,WSH,3943606,14
401161603,WSH,6580,39
401161603,WSH,2530780,38
401161603,WSH,4278508,24
401161603,WSH,6426,29
401161603,WSH,3918423,1
401161603,WSH,3150844,21
401161603,WSH,3893059,3
401161603,WSH,3134903,10
401161603,WSH,3913180,9
401161603,WSH,2774,0
401161604,CLE,3449,37
401161604,CLE,3893016,30
401161604,CLE,6585,35
401161604,CLE,2489716,34
401161604,CLE,4277811,36
401161604,CLE,2530923,23
401161604,CLE,2580365,32
401161604,CLE,3149036,13
401161604,CLE,6474,0
401161604,CLE,4017838,0
401161604,CLE,2594885,0
401161604,CHI,4066336,27
401161604,CHI,4277847,27
401161604,CHI,2991274,30
401161604,CHI,2999549,23
401161604,CHI,4395651,38
401161604,CHI,3244,21
401161604,CHI,4278049,21
401161604,CHI,2594922,25
401161604,CHI,6621,29
401161604,CHI,3113587,0
401161604,CHI,2991047,0
401161605,MIN,4017839,30
401161605,MIN,4396971,23
401161605,MIN,3907822,33
401161605,MIN,3136776,34
401161605,MIN,4065663,36
401161605,MIN,3999,25
401161605,MIN,2982268,17
401161605,MIN,3134916,19
401161605,MIN,4277928,18
401161605,MIN,4278541,5
401161605,MIN,3136195,0
401161605,MIN,4239,0
401161605,HOU,3033,36
401161605,HOU,2490620,41
401161605,HOU,2991155,12
401161605,HOU,3468,37
401161605,HOU,3992,36
401161605,HOU,3209,21
401161605,HOU,6617,18
401161605,HOU,2578213,10
401161605,HOU,3431,30
401161605,HOU,3028,0
401161605,HOU,3970,0
401161605,HOU,3113297,0
401161605,HOU,984,0
401161606,ORL,2579321,23
401161606,ORL,3064290,32
401161606,ORL,3074797,17
401161606,ORL,6478,35
401161606,ORL,4066636,32
401161606,ORL,3132042,9
401161606,ORL,4277919,13
401161606,ORL,3415,24
401161606,ORL,6619,31
401161606,ORL,2596108,25
401161606,ORL,3136746,0
401161606,ORL,2578240,0
401161606,MEM,2993874,26
401161606,MEM,3155526,34
401161606,MEM,6477,36
401161606,MEM,4066436,26
401161606,MEM,4279888,35
401161606,MEM,3276,18
401161606,MEM,2534781,15
401161606,MEM,4066297,20
401161606,MEM,3134932,9
401161606,MEM,3135046,21
401161606,MEM,3133838,0
401161606,MEM,4230554,0
401161607,DAL,2578185,38
401161607,DAL,3102531,38
401161607,DAL,3445,22
401161607,DAL,2528210,37
401161607,DAL,3945274,36
401161607,DAL,2960236,31
401161607,DAL,3138156,10
401161607,DAL,4376,9
401161607,DAL,3064447,19
401161607,DAL,3055,0
401161607,DAL,3064237,0
401161607,SA,3136196,32
401161607,SA,2983,37
401161607,SA,2994526,20
401161607,SA,3978,35
401161607,SA,3078576,35
401161607,SA,3914285,7
401161607,SA,4395723,13
401161607,SA,3005,20
401161607,SA,4004,19
401161607,SA,3190,21
401161607,SA,4423309,0
401161607,SA,3907358,0
401161607,SA,4277890,0
401161608,PHX,3032978,39
401161608,PHX,2968439,34
401161608,PHX,4011,36
401161608,PHX,3136193,36
401161608,PHX,3147657,43
401161608,PHX,3919335,14
401161608,PHX,3133635,23
401161608,PHX,4065733,15
401161608,PHX,4230550,2
401161608,PHX,3138196,0
401161608,PHX,4278129,0
401161608,POR,1975,32
401161608,POR,2426,37
401161608,POR,4262,37
401161608,POR,6606,40
401161608,POR,2490149,36
401161608,POR,2995706,14
401161608,POR,3906671,11
401161608,POR,4066264,2
401161608,POR,4395652,2
401161608,POR,4277843,18
401161608,POR,4351851,11
401161608,POR,3102530,0
401161609,LAC,4251,23
401161609,LAC,6450,25
401161609,LAC,6462,22
401161609,LAC,4017837,20
401161609,LAC,3964,21
401161609,LAC,4264,9
401161609,LAC,2327577,26
401161609,LAC,2991055,20
401161609,LAC,6443,19
401161609,LAC,2488826,21
401161609,LAC,3914044,27
401161609,LAC,4066387,9
401161609,LAC,2799,0
401161609,GS,3059319,32
401161609,GS,4401416,1
401161609,GS,3907487,27
401161609,GS,2595209,31
401161609,GS,3936298,26
401161609,GS,3133817,32
401161609,GS,4011991,25
401161609,GS,2580898,15
401161609,GS,4065635,24
401161609,GS,4277956,26
401161609,GS,3975,0
401161610,BKN,3194,27
401161610,BKN,2528794,27
401161610,BKN,3442,27
401161610,BKN,2580782,31
401161610,BKN,2991043,38
401161610,BKN,2990962,28
401161610,BKN,4066328,21
401161610,BKN,3893019,25
401161610,BKN,3137795,17
401161610,BKN,4230548,0
401161610,BKN,4278067,0
401161610,BKN,3907788,0
401161610,BKN,3138154,0
401161610,LAL,1966,35
401161610,LAL,3988,29
401161610,LAL,6583,37
401161610,LAL,3452,17
401161610,LAL,4240,31
401161610,LAL,6461,15
401161610,LAL,3134907,22
401161610,LAL,3026,16
401161610,LAL,2581018,25
401161610,LAL,2991350,14
401161610,LAL,3201,0
401161610,LAL,2566745,0
401161613,DET,3058254,39
401161613,DET,4017843,17
401161613,DET,2528353,28
401161613,DET,6448,34
401161613,DET,3133602,24
401161613,DET,3907408,7
401161613,DET,4423314,23
401161613,DET,2530572,28
401161613,DET,3912334,14
401161613,DET,2531797,27
401161613,DET,4065670,0
401161613,DET,4066212,0
401161613,PHI,6440,29
401161613,PHI,3213,29
401161613,PHI,3059318,27
401161613,PHI,2581190,30
401161613,PHI,3915195,28
401161613,PHI,6622,19
401161613,PHI,2991039,17
401161613,PHI,6615,3
401161613,PHI,6429,20
401161613,PHI,3929325,21
401161613,PHI,3907498,18
401161613,PHI,2608892,0
401161613,PHI,2968361,0
401161611,NY,3986,20
401161611,NY,3064514,38
401161611,NY,4395625,39
401161611,NY,6591,41
401161611,NY,2583639,35
401161611,NY,3064482,17
401161611,NY,4278075,16
401161611,NY,4351852,26
401161611,NY,4230547,23
401161611,NY,3981,9
401161611,NY,2528779,0
401161611,NY,4065697,0
401161611,NY,2991149,0
401161611,ATL,3908845,41
401161611,ATL,4065732,36
401161611,ATL,2580913,28
401161611,ATL,4066372,30
401161611,ATL,4277905,38
401161611,ATL,2595231,12
401161611,ATL,4277952,15
401161611,ATL,4395627,34
401161611,ATL,4015,18
401161611,ATL,136,13
401161611,ATL,3064559,0
401161611,ATL,3057198,0
401161612,CHA,4066383,35
401161612,CHA,4278078,36
401161612,CHA,3138161,32
401161612,CHA,2579258,22
401161612,CHA,3133601,37
401161612,CHA,3138160,35
401161612,CHA,4066731,29
401161612,CHA,6427,11
401161612,CHA,3058269,2
401161612,CHA,3416,0
401161612,CHA,2999409,0
401161612,CHA,3907821,0
401161612,MIA,3157465,35
401161612,MIA,3936099,30
401161612,MIA,2488958,23
401161612,MIA,4066261,34
401161612,MIA,3056247,31
401161612,MIA,6581,31
401161612,MIA,2386,17
401161612,MIA,2489663,5
401161612,MIA,3423,26
401161612,MIA,4395725,7
401161612,MIA,2184,0
401161612,MIA,3923253,0
401161612,MIA,3137259,0
401161615,DEN,3015,34
401161615,DEN,3112335,34
401161615,DEN,6579,38
401161615,DEN,2999547,25
401161615,DEN,3936299,38
401161615,DEN,2991070,17
401161615,DEN,4278104,5
401161615,DEN,2528693,19
401161615,DEN,2488653,13
401161615,DEN,3059310,17
401161615,DEN,3078284,0
401161615,DEN,2489530,0
401161615,DEN,3923250,0
401161615,DAL,2960236,38
401161615,DAL,4376,31
401161615,DAL,3445,20
401161615,DAL,2528210,39
401161615,DAL,3945274,40
401161615,DAL,3138156,16
401161615,DAL,2991282,11
401161615,DAL,3055,17
401161615,DAL,3064447,28
401161615,DAL,6601,0
401161615,DAL,3064237,0
401224686,UTAH,2583632,35
401224686,UTAH,2968436,32
401224686,UTAH,3032976,34
401224686,UTAH,3195,34
401224686,UTAH,3908809,36
401224686,UTAH,2990969,13
401224686,UTAH,4065673,14
401224686,UTAH,2528426,32
401224686,UTAH,3892818,10
401224686,UTAH,3912292,0
401224686,UTAH,3934721,0
401224686,UTAH,4259,0
401224686,UTAH,3908819,0
401224686,NO,4257,28
401224686,NO,3913176,33
401224686,NO,4395628,15
401224686,NO,3995,37
401224686,NO,4066421,27
401224686,NO,4341,14
401224686,NO,4397077,20
401224686,NO,3024,26
401224686,NO,6460,14
401224686,NO,3062679,22
401224686,NO,4065651,4
401224686,NO,3133626,0
401224686,NO,4278039,0
401224687,LAC,4251,34
401224687,LAC,6450,33
401224687,LAC,6462,19
401224687,LAC,4017837,15
401224687,LAC,6443,34
401224687,LAC,4264,22
401224687,LAC,2327577,29
401224687,LAC,3224,10
401224687,LAC,3964,16
401224687,LAC,3914044,22
401224687,LAC,4066387,5
401224687,LAC,2488826,0
401224687,LAC,3907823,0
401224687,LAL,1966,34
401224687,LAL,3988,25
401224687,LAL,6583,35
401224687,LAL,3452,11
401224687,LAL,2581018,29
401224687,LAL,6461,3
401224687,LAL,3134907,32
401224687,LAL,2384,13
401224687,LAL,2444,8
401224687,LAL,6628,21
401224687,LAL,2991350,28
401224687,LAL,3201,0
401224687,LAL,2566745,0
401224688,ORL,2579321,25
401224688,ORL,3064290,26
401224688,ORL,6478,27
401224688,ORL,6588,25
401224688,ORL,3415,26
401224688,ORL,3132042,6
401224688,ORL,4065654,16
401224688,ORL,2578240,17
401224688,ORL,4277919,4
401224688,ORL,6619,23
401224688,ORL,2596108,22
401224688,ORL,3913546,4
401224688,ORL,4066636,19
401224688,BKN,6485,18
401224688,BKN,2528794,29
401224688,BKN,4066328,27
401224688,BKN,2991043,28
401224688,BKN,3137795,17
401224688,BKN,2982340,10
401224688,BKN,3907408,12
401224688,BKN,4348696,10
401224688,BKN,4230548,16
401224688,BKN,3907788,10
401224688,BKN,3893019,22
401224688,BKN,4023,23
401224688,BKN,2530276,19
401224689,MEM,2993874,18
401224689,MEM,3155526,35
401224689,MEM,4277961,43
401224689,MEM,6477,14
401224689,MEM,4279888,41
401224689,MEM,3276,14
401224689,MEM,3906665,34
401224689,MEM,4066297,13
401224689,MEM,3135045,22
401224689,MEM,4066436,30
401224689,MEM,2534781,0
401224689,MEM,3134932,0
401224689,MEM,4230554,0
401224689,POR,1975,37
401224689,POR,4066650,37
401224689,POR,3102530,33
401224689,POR,6606,45
401224689,POR,2490149,46
401224689,POR,2995706,23
401224689,POR,4262,18
401224689,POR,4277843,26
401224689,POR,4066264,0
401224689,POR,4395688,0
401224689,POR,4395652,0
401224689,POR,4351851,0
401224690,PHX,3138196,25
401224690,PHX,4278129,35
401224690,PHX,4011,29
401224690,PHX,3136193,36
401224690,PHX,3147657,34
401224690,PHX,2579294,11
401224690,PHX,3032978,27
401224690,PHX,3064230,19
401224690,PHX,3133635,25
401224690,PHX,3919335,0
401224690,PHX,2968439,0
401224690,PHX,4065733,0
401224690,PHX,4230550,0
401224690,WSH,4066648,30
401224690,WSH,4278508,27
401224690,WSH,3934723,34
401224690,WSH,2530780,27
401224690,WSH,4348697,22
401224690,WSH,3064528,13
401224690,WSH,3918423,6
401224690,WSH,3150844,14
401224690,WSH,4305,27
401224690,WSH,3943606,32
401224690,WSH,2531047,10
401224690,WSH,2774,0
401224690,WSH,3893059,0
401224691,BOS,4065648,32
401224691,BOS,4249,34
401224691,BOS,2451037,32
401224691,BOS,6479,19
401224691,BOS,3917376,34
401224691,BOS,3056602,15
401224691,BOS,4066218,4
401224691,BOS,6447,11
401224691,BOS,6507,26
401224691,BOS,2990992,32
401224691,BOS,4066211,0
401224691,BOS,4066407,0
401224691,BOS,4397008,0
401224691,MIL,6609,33
401224691,MIL,3032977,32
401224691,MIL,3448,29
401224691,MIL,4032,27
401224691,MIL,3934673,27
401224691,MIL,2767,14
401224691,MIL,3136491,0
401224691,MIL,3057187,23
401224691,MIL,3447,14
401224691,MIL,3438,28
401224691,MIL,2011,14
401224691,MIL,3102533,0
401224691,MIL,3059315,0
401224692,SAC,4269,30
401224692,SAC,6578,37
401224692,SAC,2993370,24
401224692,SAC,3037789,32
401224692,SAC,4066259,38
401224692,SAC,4065649,4
401224692,SAC,6637,23
401224692,SAC,6446,26
401224692,SAC,2990984,20
401224692,SAC,3913220,7
401224692,SAC,3056600,0
401224692,SAC,3191,0
401224692,SAC,2991018,0
401224692,SA,3134908,32
401224692,SA,3978,38
401224692,SA,3078576,34
401224692,SA,3907497,21
401224692,SA,4277890,32
401224692,SA,3914285,2
401224692,SA,4395723,30
401224692,SA,3005,26
401224692,SA,3190,15
401224692,SA,3907358,10
401224692,SA,3914283,0
401224692,SA,4423309,0
401224692,SA,6631,0
401224713,HOU,3033,40
401224713,HOU,2490620,43
401224713,HOU,2991155,43
401224713,HOU,3468,44
401224713,HOU,3992,43
401224713,HOU,3209,20
401224713,HOU,6617,20
401224713,HOU,2578213,14
401224713,HOU,3451,0
401224713,HOU,3970,0
401224713,HOU,984,0
401224713,HOU,2991255,0
401224713,HOU,3906603,0
401224713,DAL,2578185,28
401224713,DAL,3102531,39
401224713,DAL,2326307,23
401224713,DAL,2528210,41
401224713,DAL,3945274,42
401224713,DAL,2960236,34
401224713,DAL,3138156,8
401224713,DAL,4376,5
401224713,DAL,2579260,30
401224713,DAL,3064237,0
401224713,DAL,3064447,15
401224713,DAL,3055,0
401224713,DAL,3912278,0
401224714,MIA,6581,29
401224714,MIA,6430,30
401224714,MIA,3157465,34
401224714,MIA,4066261,28
401224714,MIA,3056247,22
401224714,MIA,2386,15
401224714,MIA,2489663,24
401224714,MIA,3936099,12
401224714,MIA,2488958,2
401224714,MIA,3423,24
401224714,MIA,4395725,20
401224714,MIA,2184,0
401224714,MIA,6605,0
401224714,DEN,3015,28
401224714,DEN,4278104,25
401224714,DEN,2528693,28
401224714,DEN,3112335,34
401224714,DEN,3059310,28
401224714,DEN,3078284,4
401224714,DEN,2991070,26
401224714,DEN,3136779,2
401224714,DEN,2488653,16
401224714,DEN,4397102,12
401224714,DEN,2489530,20
401224714,DEN,3923250,16
401224714,DEN,4066367,0
401224715,UTAH,2583632,19
401224715,UTAH,2968436,32
401224715,UTAH,3032976,29
401224715,UTAH,3195,30
401224715,UTAH,3908809,32
401224715,UTAH,2990969,25
401224715,UTAH,3934721,7
401224715,UTAH,4066851,6
401224715,UTAH,4065673,12
401224715,UTAH,2528426,24
401224715,UTAH,3892818,18
401224715,UTAH,3908819,6
401224715,UTAH,4259,0
401224715,OKC,3428,19
401224715,OKC,2991235,28
401224715,OKC,2779,27
401224715,OKC,4278073,32
401224715,OKC,4397020,30
401224715,OKC,2530596,5
401224715,OKC,2595435,3
401224715,OKC,4423545,29
401224715,OKC,4230546,4
401224715,OKC,2490089,3
401224715,OKC,2991280,18
401224715,OKC,3032979,22
401224715,OKC,4080610,20
401224716,NO,4257,21
401224716,NO,3913176,24
401224716,NO,4395628,14
401224716,NO,3995,24
401224716,NO,4066421,24
401224716,NO,4341,25
401224716,NO,4397077,21
401224716,NO,3024,17
401224716,NO,6460,5
401224716,NO,3062679,19
401224716,NO,3133626,12
401224716,NO,4065651,22
401224716,NO,4278039,12
401224716,LAC,4251,26
401224716,LAC,6450,27
401224716,LAC,6462,26
401224716,LAC,4017837,24
401224716,LAC,3964,18
401224716,LAC,4264,22
401224716,LAC,2327577,17
401224716,LAC,3224,7
401224716,LAC,6443,20
401224716,LAC,2488826,13
401224716,LAC,3907823,12
401224716,LAC,3914044,24
401224716,LAC,4066387,4
401224717,PHI,6440,37
401224717,PHI,3059318,34
401224717,PHI,2581190,30
401224717,PHI,3915195,19
401224717,PHI,3907387,38
401224717,PHI,3213,23
401224717,PHI,2968361,21
401224717,PHI,6429,12
401224717,PHI,3929325,14
401224717,PHI,3907498,12
401224717,PHI,2608892,0
401224717,PHI,3138201,0
401224717,PHI,6615,0
401224717,IND,2284101,38
401224717,IND,2982334,41
401224717,IND,3133628,20
401224717,IND,2527963,32
401224717,IND,3922230,34
401224717,IND,4066425,9
401224717,IND,2528588,18
401224717,IND,2608891,20
401224717,IND,3136485,13
401224717,IND,2530530,17
401224717,IND,4067045,0
401224717,IND,4348700,0
401224717,IND,2990968,0
401224718,LAL,1966,35
401224718,LAL,3988,20
401224718,LAL,6583,35
401224718,LAL,3452,10
401224718,LAL,2581018,30
401224718,LAL,6461,10
401224718,LAL,3134907,28
401224718,LAL,2384,17
401224718,LAL,2566745,1
401224718,LAL,2444,8
401224718,LAL,6628,22
401224718,LAL,2991350,24
401224718,LAL,3201,0
401224718,TOR,3149673,37
401224718,TOR,3934719,33
401224718,TOR,3206,25
401224718,TOR,3012,35
401224718,TOR,2991230,40
401224718,TOR,3439,19
401224718,TOR,3948153,1
401224718,TOR,3064291,5
401224718,TOR,3058030,1
401224718,TOR,3059311,5
401224718,TOR,2595516,24
401224718,TOR,3919454,13
401224718,TOR,3134881,0
401224719,WSH,4066648,32
401224719,WSH,4278508,38
401224719,WSH,3934723,37
401224719,WSH,2530780,25
401224719,WSH,4348697,26
401224719,WSH,3150844,7
401224719,WSH,3893059,4
401224719,WSH,4305,28
401224719,WSH,3943606,28
401224719,WSH,2531047,16
401224719,WSH,3064528,0
401224719,WSH,3918423,0
401224719,WSH,2774,0
401224719,BKN,6485,10
401224719,BKN,2528794,37
401224719,BKN,4066328,38
401224719,BKN,2530276,29
401224719,BKN,2991043,39
401224719,BKN,4230548,17
401224719,BKN,3893019,20
401224719,BKN,4023,29
401224719,BKN,3137795,21
401224719,BKN,2982340,0
401224719,BKN,3907408,0
401224719,BKN,4348696,0
401224719,BKN,3907788,0
401224720,POR,1975,34
401224720,POR,4066650,27
401224720,POR,3102530,32
401224720,POR,6606,44
401224720,POR,2490149,41
401224720,POR,2995706,12
401224720,POR,4262,16
401224720,POR,4277843,34
401224720,POR,4066264,0
401224720,POR,4395688,0
401224720,POR,4395652,0
401224720,POR,4351851,0
401224720,BOS,4065648,40
401224720,BOS,4249,35
401224720,BOS,2451037,28
401224720,BOS,6479,22
401224720,BOS,3917376,37
401224720,BOS,3056602,9
401224720,BOS,4066218,7
401224720,BOS,6447,20
401224720,BOS,6507,10
401224720,BOS,2990992,33
401224720,BOS,4066211,0
401224720,BOS,4066407,0
401224720,BOS,4397008,0
401224721,SA,3134908,21
401224721,SA,3978,34
401224721,SA,3078576,34
401224721,SA,3907497,34
401224721,SA,4277890,25
401224721,SA,3914285,23
401224721,SA,4395723,25
401224721,SA,3005,29
401224721,SA,6631,0
401224721,SA,4004,13
401224721,SA,3907358,3
401224721,SA,3914283,0
401224721,SA,4423309,0
401224721,MEM,2993874,25
401224721,MEM,3155526,36
401224721,MEM,4277961,35
401224721,MEM,6477,28
401224721,MEM,4279888,37
401224721,MEM,3276,8
401224721,MEM,3906665,25
401224721,MEM,4066297,5
401224721,MEM,3135045,28
401224721,MEM,4066436,14
401224721,MEM,2534781,0
401224721,MEM,3134932,0
401224721,MEM,4230554,0
401224722,SAC,4269,20
401224722,SAC,6578,24
401224722,SAC,2993370,24
401224722,SAC,3037789,31
401224722,SAC,4066259,25
401224722,SAC,3056600,6
401224722,SAC,4065649,20
401224722,SAC,3191,17
401224722,SAC,6637,18
401224722,SAC,6446,16
401224722,SAC,2991018,6
401224722,SAC,2990984,20
401224722,SAC,3913220,12
401224722,ORL,2579321,22
401224722,ORL,3064290,24
401224722,ORL,6478,24
401224722,ORL,6588,22
401224722,ORL,3415,20
401224722,ORL,3074797,8
401224722,ORL,3132042,9
401224722,ORL,4065654,15
401224722,ORL,2578240,18
401224722,ORL,4277919,6
401224722,ORL,6619,23
401224722,ORL,2596108,30
401224722,ORL,4066636,20
401224723,MIL,6609,34
401224723,MIL,3032977,33
401224723,MIL,3448,31
401224723,MIL,4032,27
401224723,MIL,3934673,23
401224723,MIL,2767,4
401224723,MIL,2797,23
401224723,MIL,3136491,7
401224723,MIL,3057187,9
401224723,MIL,3447,4
401224723,MIL,3438,27
401224723,MIL,2011,18
401224723,MIL,3102533,0
401224723,HOU,3033,38
401224723,HOU,2490620,37
401224723,HOU,2991155,31
401224723,HOU,3468,38
401224723,HOU,3992,34
401224723,HOU,3209,22
401224723,HOU,6617,19
401224723,HOU,2578213,20
401224723,HOU,3451,0
401224723,HOU,3970,0
401224723,HOU,984,0
401224723,HOU,2991255,0
401224723,HOU,3906603,0
401224724,DAL,2578185,32
401224724,DAL,3102531,37
401224724,DAL,2326307,35
401224724,DAL,2528210,30
401224724,DAL,3945274,38
401224724,DAL,2960236,22
401224724,DAL,4376,6
401224724,DAL,2579260,12
401224724,DAL,3064237,3
401224724,DAL,3064447,25
401224724,DAL,3138156,0
401224724,DAL,3055,0
401224724,DAL,3912278,0
401224724,PHX,3138196,40
401224724,PHX,4278129,21
401224724,PHX,4011,32
401224724,PHX,3136193,31
401224724,PHX,3147657,39
401224724,PHX,2579294,9
401224724,PHX,3032978,22
401224724,PHX,3064230,20
401224724,PHX,3133635,26
401224724,PHX,3919335,0
401224724,PHX,2968439,0
401224724,PHX,4065733,0
401224724,PHX,4230550,0
401224725,TOR,3149673,36
401224725,TOR,3934719,33
401224725,TOR,3206,22
401224725,TOR,3012,35
401224725,TOR,2991230,42
401224725,TOR,3439,26
401224725,TOR,3064291,11
401224725,TOR,3059311,1
401224725,TOR,2595516,29
401224725,TOR,3919454,4
401224725,TOR,2580980,0
401224725,TOR,3134881,0
401224725,TOR,3058030,0
401224725,MIA,6581,34
401224725,MIA,6430,33
401224725,MIA,3157465,22
401224725,MIA,4066261,32
401224725,MIA,3056247,16
401224725,MIA,2386,19
401224725,MIA,2489663,31
401224725,MIA,3936099,0
401224725,MIA,3423,28
401224725,MIA,4395725,25
401224725,MIA,2184,0
401224725,MIA,6605,0
401224725,MIA,3137259,0
401224726,DEN,3015,35
401224726,DEN,4278104,44
401224726,DEN,2528693,24
401224726,DEN,3112335,39
401224726,DEN,3059310,39
401224726,DEN,2991070,34
401224726,DEN,2488653,19
401224726,DEN,4397102,4
401224726,DEN,2489530,10
401224726,DEN,3923250,18
401224726,DEN,3078284,0
401224726,DEN,4066367,0
401224726,DEN,3136779,0
401224726,OKC,3428,29
401224726,OKC,2991235,34
401224726,OKC,2779,39
401224726,OKC,4278073,38
401224726,OKC,4397020,36
401224726,OKC,2530596,10
401224726,OKC,2595435,13
401224726,OKC,4423545,23
401224726,OKC,2490089,1
401224726,OKC,2991280,17
401224726,OKC,4080610,24
401224726,OKC,3059285,0
401224726,OKC,3059358,0
401224727,IND,2284101,35
401224727,IND,2982334,40
401224727,IND,3133628,33
401224727,IND,2566769,35
401224727,IND,3922230,36
401224727,IND,2528588,19
401224727,IND,2608891,17
401224727,IND,3136485,12
401224727,IND,2530530,13
401224727,IND,4066425,0
401224727,IND,4067045,0
401224727,IND,4348700,0
401224727,IND,2990968,0
401224727,WSH,4066648,34
401224727,WSH,4278508,31
401224727,WSH,3934723,29
401224727,WSH,4305,22
401224727,WSH,4348697,35
401224727,WSH,3918423,19
401224727,WSH,3150844,19
401224727,WSH,3943606,29
401224727,WSH,2530780,22
401224727,WSH,3064528,0
401224727,WSH,2774,0
401224727,WSH,3893059,0
401224727,WSH,2531047,0
401224728,MEM,2993874,29
401224728,MEM,3155526,31
401224728,MEM,4277961,32
401224728,MEM,6477,30
401224728,MEM,4279888,39
401224728,MEM,3276,9
401224728,MEM,3906665,23
401224728,MEM,3135045,31
401224728,MEM,4066436,16
401224728,MEM,2534781,0
401224728,MEM,4066297,0
401224728,MEM,3134932,0
401224728,MEM,4230554,0
401224728,NO,4257,28
401224728,NO,3913176,31
401224728,NO,4395628,25
401224728,NO,3995,33
401224728,NO,4066421,35
401224728,NO,4341,20
401224728,NO,4397077,6
401224728,NO,3024,29
401224728,NO,3062679,25
401224728,NO,4065651,2
401224728,NO,4278039,5
401224728,NO,6460,0
401224728,NO,3133626,0
401224729,SA,3134908,25
401224729,SA,3978,31
401224729,SA,3078576,29
401224729,SA,3907497,29
401224729,SA,4277890,19
401224729,SA,3914285,19
401224729,SA,4395723,22
401224729,SA,3005,24
401224729,SA,6631,4
401224729,SA,4004,19
401224729,SA,3907358,19
401224729,SA,3914283,0
401224729,SA,4423309,0
401224729,PHI,6440,31
401224729,PHI,3059318,31
401224729,PHI,2581190,34
401224729,PHI,3915195,26
401224729,PHI,3907387,25
401224729,PHI,3213,32
401224729,PHI,2968361,11
401224729,PHI,6429,10
401224729,PHI,3929325,21
401224729,PHI,3907498,19
401224729,PHI,2608892,0
401224729,PHI,3138201,0
401224730,LAL,1966,35
401224730,LAL,3988,21
401224730,LAL,6583,39
401224730,LAL,3452,14
401224730,LAL,2581018,29
401224730,LAL,3134907,25
401224730,LAL,3201,3
401224730,LAL,2384,17
401224730,LAL,2566745,2
401224730,LAL,2444,14
401224730,LAL,6628,19
401224730,LAL,2991350,23
401224730,LAL,6461,0
401224730,UTAH,2583632,34
401224730,UTAH,2968436,35
401224730,UTAH,3032976,34
401224730,UTAH,3195,34
401224730,UTAH,3908809,35
401224730,UTAH,2990969,18
401224730,UTAH,3934721,5
401224730,UTAH,4065673,14
401224730,UTAH,2528426,20
401224730,UTAH,3892818,9
401224730,UTAH,3912292,0
401224730,UTAH,4259,0
401224730,UTAH,3908819,0
401224731,BKN,6485,15
401224731,BKN,4230548,29
401224731,BKN,3893019,31
401224731,BKN,4023,26
401224731,BKN,2530276,27
401224731,BKN,2982340,16
401224731,BKN,3907408,21
401224731,BKN,4348696,19
401224731,BKN,3907788,20
401224731,BKN,165,6
401224731,BKN,3137795,31
401224731,BKN,2528794,0
401224731,BKN,2991043,0
401224731,MIL,6609,16
401224731,MIL,3032977,16
401224731,MIL,3447,20
401224731,MIL,3438,20
401224731,MIL,4238,18
401224731,MIL,2767,23
401224731,MIL,2797,23
401224731,MIL,3136491,14
401224731,MIL,3057187,14
401224731,MIL,2011,17
401224731,MIL,2578239,18
401224731,MIL,3059315,18
401224731,MIL,3934673,24
401224732,DAL,2578185,41
401224732,DAL,3102531,27
401224732,DAL,3055,14
401224732,DAL,2528210,42
401224732,DAL,3945274,44
401224732,DAL,2960236,30
401224732,DAL,3138156,17
401224732,DAL,4376,7
401224732,DAL,2579260,24
401224732,DAL,3064237,4
401224732,DAL,3064447,17
401224732,DAL,6601,0
401224732,DAL,3912278,0
401224732,SAC,6578,32
401224732,SAC,2993370,25
401224732,SAC,6446,42
401224732,SAC,3037789,21
401224732,SAC,4066259,39
401224732,SAC,4269,35
401224732,SAC,4065649,13
401224732,SAC,6637,24
401224732,SAC,2596107,3
401224732,SAC,2990984,31
401224732,SAC,3191,0
401224732,SAC,2991018,0
401224732,SAC,3913220,0
401224733,PHX,3138196,38
401224733,PHX,4278129,38
401224733,PHX,4011,28
401224733,PHX,3136193,37
401224733,PHX,3147657,34
401224733,PHX,2579294,9
401224733,PHX,3032978,26
401224733,PHX,3064230,20
401224733,PHX,3133635,11
401224733,PHX,3919335,0
401224733,PHX,2968439,0
401224733,PHX,4065733,0
401224733,PHX,4230550,0
401224733,LAC,4251,36
401224733,LAC,6450,37
401224733,LAC,6462,36
401224733,LAC,4017837,25
401224733,LAC,3964,8
401224733,LAC,4264,12
401224733,LAC,2327577,23
401224733,LAC,6443,24
401224733,LAC,2799,21
401224733,LAC,3914044,19
401224733,LAC,3224,0
401224733,LAC,2488826,0
401224733,LAC,3907823,0
401224734,ORL,2579321,27
401224734,ORL,3064290,33
401224734,ORL,6478,33
401224734,ORL,6588,32
401224734,ORL,3415,24
401224734,ORL,3074797,18
401224734,ORL,2578240,15
401224734,ORL,6619,25
401224734,ORL,2596108,8
401224734,ORL,4066636,23
401224734,ORL,3132042,0
401224734,ORL,4277919,0
401224734,ORL,3913546,0
401224734,IND,2982334,38
401224734,IND,3133628,35
401224734,IND,2527963,27
401224734,IND,2566769,33
401224734,IND,3922230,34
401224734,IND,2284101,23
401224734,IND,2528588,13
401224734,IND,2608891,13
401224734,IND,3136485,6
401224734,IND,2530530,19
401224734,IND,4066425,0
401224734,IND,4067045,0
401224734,IND,4348700,0
401224735,BOS,4065648,33
401224735,BOS,4249,36
401224735,BOS,2451037,26
401224735,BOS,6479,27
401224735,BOS,3917376,39
401224735,BOS,3056602,19
401224735,BOS,4066218,3
401224735,BOS,6447,15
401224735,BOS,4066211,0
401224735,BOS,6507,21
401224735,BOS,4397008,4
401224735,BOS,2990992,16
401224735,BOS,4066407,0
401224735,MIA,6581,28
401224735,MIA,2489663,32
401224735,MIA,3157465,29
401224735,MIA,4066261,32
401224735,MIA,3056247,17
401224735,MIA,2386,31
401224735,MIA,3936099,21
401224735,MIA,3423,28
401224735,MIA,4395725,22
401224735,MIA,2184,0
401224735,MIA,2488958,0
401224735,MIA,6605,0
401224735,MIA,3137259,0
401224736,HOU,3033,34
401224736,HOU,2490620,36
401224736,HOU,2991155,35
401224736,HOU,3468,35
401224736,HOU,3992,33
401224736,HOU,3209,28
401224736,HOU,6617,15
401224736,HOU,2578213,25
401224736,HOU,3451,0
401224736,HOU,3970,0
401224736,HOU,984,0
401224736,HOU,2991255,0
401224736,HOU,3906603,0
401224736,POR,1975,36
401224736,POR,4066650,27
401224736,POR,3102530,29
401224736,POR,6606,40
401224736,POR,2490149,40
401224736,POR,4262,17
401224736,POR,4277843,35
401224736,POR,4351851,16
401224736,POR,2995706,0
401224736,POR,4066264,0
401224736,POR,4395688,0
401224736,POR,4395652,0
401224736,POR,3133874,0
401224737,MEM,2993874,30
401224737,MEM,3155526,32
401224737,MEM,3906665,27
401224737,MEM,6477,34
401224737,MEM,4279888,37
401224737,MEM,3276,20
401224737,MEM,2534781,11
401224737,MEM,3134932,5
401224737,MEM,3135045,27
401224737,MEM,4066436,17
401224737,MEM,3133838,0
401224737,MEM,4066297,0
401224737,MEM,4230554,0
401224737,UTAH,2583632,35
401224737,UTAH,2968436,34
401224737,UTAH,3032976,37
401224737,UTAH,3195,34
401224737,UTAH,3908809,38
401224737,UTAH,2990969,17
401224737,UTAH,3934721,1
401224737,UTAH,4065673,11
401224737,UTAH,2528426,23
401224737,UTAH,3892818,4
401224737,UTAH,3908819,7
401224737,UTAH,4066851,0
401224737,UTAH,4259,0
401224738,PHI,6440,37
401224738,PHI,3059318,33
401224738,PHI,2581190,35
401224738,PHI,3915195,27
401224738,PHI,3907387,23
401224738,PHI,3213,30
401224738,PHI,6429,20
401224738,PHI,3929325,19
401224738,PHI,3907498,17
401224738,PHI,2608892,0
401224738,PHI,3138201,0
401224738,PHI,6615,0
401224738,PHI,2968361,0
401224738,WSH,4066648,39
401224738,WSH,4278508,36
401224738,WSH,3934723,31
401224738,WSH,4305,30
401224738,WSH,4348697,27
401224738,WSH,3918423,5
401224738,WSH,3150844,17
401224738,WSH,3893059,8
401224738,WSH,3943606,29
401224738,WSH,2530780,18
401224738,WSH,3064528,0
401224738,WSH,2774,0
401224738,WSH,2531047,0
401224739,DEN,3015,17
401224739,DEN,4278104,36
401224739,DEN,2528693,30
401224739,DEN,3112335,32
401224739,DEN,3059310,35
401224739,DEN,2991070,35
401224739,DEN,2488653,15
401224739,DEN,2489530,14
401224739,DEN,3923250,26
401224739,DEN,3078284,0
401224739,DEN,4066367,0
401224739,DEN,3136779,0
401224739,DEN,4397102,0
401224739,SA,3134908,26
401224739,SA,3978,32
401224739,SA,3078576,33
401224739,SA,3907497,26
401224739,SA,4277890,21
401224739,SA,3914285,18
401224739,SA,4395723,26
401224739,SA,3005,26
401224739,SA,4004,22
401224739,SA,3907358,9
401224739,SA,3914283,0
401224739,SA,6631,0
401224739,SA,3190,0
401224740,OKC,3428,25
401224740,OKC,2991235,28
401224740,OKC,2779,31
401224740,OKC,4278073,36
401224740,OKC,4397020,32
401224740,OKC,2530596,11
401224740,OKC,2595435,18
401224740,OKC,3059285,2
401224740,OKC,3059358,2
401224740,OKC,4423545,22
401224740,OKC,2991280,18
401224740,OKC,4080610,17
401224740,OKC,3143565,0
401224740,LAL,1966,30
401224740,LAL,3988,23
401224740,LAL,6583,29
401224740,LAL,3452,22
401224740,LAL,2581018,18
401224740,LAL,6461,13
401224740,LAL,3134907,27
401224740,LAL,4066490,4
401224740,LAL,3201,4
401224740,LAL,2566745,12
401224740,LAL,2444,11
401224740,LAL,6628,26
401224740,LAL,2991350,21
401224741,TOR,3149673,34
401224741,TOR,3934719,32
401224741,TOR,3206,25
401224741,TOR,3012,38
401224741,TOR,2991230,35
401224741,TOR,3439,23
401224741,TOR,2580980,1
401224741,TOR,3948153,1
401224741,TOR,3064291,15
401224741,TOR,3134881,1
401224741,TOR,3059311,1
401224741,TOR,2595516,22
401224741,TOR,3919454,16
401224741,ORL,2579321,28
401224741,ORL,3064290,20
401224741,ORL,6478,33
401224741,ORL,6588,32
401224741,ORL,3415,29
401224741,ORL,3074797,16
401224741,ORL,3132042,15
401224741,ORL,2578240,15
401224741,ORL,6619,32
401224741,ORL,4066636,19
401224741,ORL,3136746,0
401224741,ORL,4277919,0
401224741,ORL,3913546,0
401224742,BKN,6485,25
401224742,BKN,2528794,25
401224742,BKN,4066328,28
401224742,BKN,2530276,25
401224742,BKN,2991043,27
401224742,BKN,2982340,18
401224742,BKN,3907408,16
401224742,BKN,4348696,17
401224742,BKN,4230548,12
401224742,BKN,3907788,16
401224742,BKN,3893019,11
401224742,BKN,4023,5
401224742,BKN,3137795,14
401224742,BOS,4065648,18
401224742,BOS,4249,32
401224742,BOS,2451037,22
401224742,BOS,2990992,33
401224742,BOS,3917376,24
401224742,BOS,3056602,18
401224742,BOS,4066218,6
401224742,BOS,6447,5
401224742,BOS,4066211,19
401224742,BOS,6507,21
401224742,BOS,4066407,11
401224742,BOS,4397008,26
401224742,BOS,2596112,7
401224743,NO,4257,22
401224743,NO,3913176,34
401224743,NO,4395628,22
401224743,NO,3995,29
401224743,NO,4066421,31
401224743,NO,4341,15
401224743,NO,4397077,10
401224743,NO,3024,22
401224743,NO,3062679,23
401224743,NO,3133626,4
401224743,NO,4065651,22
401224743,NO,4278039,5
401224743,NO,6460,0
401224743,SAC,4269,16
401224743,SAC,6578,34
401224743,SAC,2993370,32
401224743,SAC,3037789,37
401224743,SAC,4066259,37
401224743,SAC,4065649,1
401224743,SAC,3191,1
401224743,SAC,6637,19
401224743,SAC,2596107,15
401224743,SAC,6446,27
401224743,SAC,2991018,1
401224743,SAC,2990984,11
401224743,SAC,3913220,8
401224744,MIA,6581,26
401224744,MIA,2489663,34
401224744,MIA,3157465,34
401224744,MIA,4066261,22
401224744,MIA,3056247,29
401224744,MIA,2386,28
401224744,MIA,3918424,1
401224744,MIA,3923253,1
401224744,MIA,3936099,15
401224744,MIA,2488958,16
401224744,MIA,4395725,33
401224744,MIA,2184,0
401224744,MIA,6605,0
401224744,MIL,6609,34
401224744,MIL,3032977,30
401224744,MIL,3448,32
401224744,MIL,4032,23
401224744,MIL,4238,23
401224744,MIL,2767,6
401224744,MIL,2797,21
401224744,MIL,3057187,1
401224744,MIL,3438,24
401224744,MIL,2011,8
401224744,MIL,2578239,21
401224744,MIL,3934673,16
401224744,MIL,3447,0
401224745,IND,2982334,35
401224745,IND,3133628,33
401224745,IND,2527963,31
401224745,IND,2566769,34
401224745,IND,3922230,37
401224745,IND,4066425,2
401224745,IND,2284101,27
401224745,IND,4067045,2
401224745,IND,2608891,12
401224745,IND,4348700,11
401224745,IND,2530530,14
401224745,IND,2990968,2
401224745,IND,3136485,0
401224745,PHX,3138196,36
401224745,PHX,4278129,35
401224745,PHX,4011,26
401224745,PHX,3136193,29
401224745,PHX,3147657,35
401224745,PHX,2579294,11
401224745,PHX,3032978,20
401224745,PHX,3919335,2
401224745,PHX,3064230,22
401224745,PHX,3133635,21
401224745,PHX,4065733,2
401224745,PHX,3133603,0
401224745,PHX,4423887,0
401224746,LAC,4251,37
401224746,LAC,6450,38
401224746,LAC,6462,36
401224746,LAC,4017837,24
401224746,LAC,3914044,27
401224746,LAC,4264,16
401224746,LAC,2327577,18
401224746,LAC,3224,2
401224746,LAC,6443,15
401224746,LAC,2799,20
401224746,LAC,2488826,7
401224746,LAC,3907823,1
401224746,LAC,4066387,0
401224746,DAL,2578185,37
401224746,DAL,4376,6
401224746,DAL,3102531,38
401224746,DAL,2528210,36
401224746,DAL,3945274,35
401224746,DAL,2960236,27
401224746,DAL,3138156,13
401224746,DAL,2579260,31
401224746,DAL,3064447,17
401224746,DAL,6601,0
401224746,DAL,3055,0
401224746,DAL,3064237,0
401224746,DAL,3912278,0
401224747,POR,1975,32
401224747,POR,4066650,28
401224747,POR,3102530,35
401224747,POR,6606,41
401224747,POR,2490149,40
401224747,POR,4262,13
401224747,POR,4277843,36
401224747,POR,4351851,16
401224747,POR,2995706,0
401224747,POR,4066264,0
401224747,POR,4395688,0
401224747,POR,4395652,0
401224747,POR,3133874,0
401224747,DEN,2991070,28
401224747,DEN,4278104,34
401224747,DEN,2528693,24
401224747,DEN,3112335,24
401224747,DEN,3059310,30
401224747,DEN,4066367,3
401224747,DEN,3136779,24
401224747,DEN,2488653,27
401224747,DEN,4397102,25
401224747,DEN,3923250,22
401224747,DEN,3078284,0
401224748,LAL,3988,25
401224748,LAL,6583,30
401224748,LAL,3134907,30
401224748,LAL,2566745,29
401224748,LAL,2581018,20
401224748,LAL,6461,18
401224748,LAL,3201,11
401224748,LAL,4396991,19
401224748,LAL,2384,20
401224748,LAL,2444,13
401224748,LAL,6628,25
401224748,LAL,3946974,0
401224748,LAL,4066490,0
401224748,HOU,3033,36
401224748,HOU,2490620,33
401224748,HOU,2991155,33
401224748,HOU,2578213,30
401224748,HOU,3992,36
401224748,HOU,3209,27
401224748,HOU,6617,32
401224748,HOU,2991255,11
401224748,HOU,3451,0
401224748,HOU,3970,0
401224748,HOU,984,0
401224748,HOU,3906603,0
401224749,UTAH,2968436,17
401224749,UTAH,2990969,28
401224749,UTAH,4066851,30
401224749,UTAH,4259,12
401224749,UTAH,3892818,28
401224749,UTAH,3912292,24
401224749,UTAH,3934721,25
401224749,UTAH,4065673,22
401224749,UTAH,2528426,24
401224749,UTAH,3908819,19
401224749,UTAH,3911566,11
401224749,SA,3134908,31
401224749,SA,3978,30
401224749,SA,3078576,33
401224749,SA,3907497,32
401224749,SA,4277890,30
401224749,SA,3914285,13
401224749,SA,4395723,24
401224749,SA,3005,21
401224749,SA,3190,18
401224749,SA,3907358,8
401224749,SA,3914283,0
401224749,SA,4423309,0
401224749,SA,4004,0
401224750,OKC,3428,19
401224750,OKC,2991280,27
401224750,OKC,2779,28
401224750,OKC,4278073,34
401224750,OKC,4397020,30
401224750,OKC,2530596,9
401224750,OKC,2595435,14
401224750,OKC,3059285,7
401224750,OKC,3059358,7
401224750,OKC,3143565,9
401224750,OKC,4423545,27
401224750,OKC,4230546,6
401224750,OKC,4080610,23
401224750,MEM,3276,26
401224750,MEM,2993874,25
401224750,MEM,3155526,26
401224750,MEM,6477,24
401224750,MEM,4279888,32
401224750,MEM,3906665,20
401224750,MEM,3133838,4
401224750,MEM,2534781,22
401224750,MEM,4066297,4
401224750,MEM,3134932,5
401224750,MEM,3135045,24
401224750,MEM,4066436,24
401224750,MEM,4230554,5
401224751,SAC,4269,18
401224751,SAC,6578,37
401224751,SAC,2993370,11
401224751,SAC,3037789,34
401224751,SAC,4066259,32
401224751,SAC,3056600,3
401224751,SAC,4065649,7
401224751,SAC,3191,9
401224751,SAC,2596107,16
401224751,SAC,6446,25
401224751,SAC,2991018,3
401224751,SAC,2990984,20
401224751,SAC,3913220,25
401224751,BKN,2528794,25
401224751,BKN,4230548,31
401224751,BKN,4066328,36
401224751,BKN,4023,25
401224751,BKN,2991043,36
401224751,BKN,6485,2
401224751,BKN,2982340,2
401224751,BKN,3907408,6
401224751,BKN,4348696,2
401224751,BKN,3907788,2
401224751,BKN,3893019,27
401224751,BKN,2530276,18
401224751,BKN,3137795,29
401224752,ORL,2579321,32
401224752,ORL,3132042,26
401224752,ORL,6478,35
401224752,ORL,6588,34
401224752,ORL,3415,29
401224752,ORL,3074797,19
401224752,ORL,2578240,19
401224752,ORL,6619,26
401224752,ORL,4066636,22
401224752,ORL,3059280,0
401224752,ORL,3136746,0
401224752,ORL,4277919,0
401224752,ORL,3913546,0
401224752,PHI,6440,40
401224752,PHI,3213,30
401224752,PHI,3059318,37
401224752,PHI,2581190,34
401224752,PHI,3915195,25
401224752,PHI,6622,9
401224752,PHI,6429,28
401224752,PHI,3929325,17
401224752,PHI,3907498,21
401224752,PHI,2608892,0
401224752,PHI,3138201,0
401224752,PHI,6615,0
401224752,PHI,2968361,0
401224753,WSH,4066648,38
401224753,WSH,4278508,39
401224753,WSH,3934723,35
401224753,WSH,4305,32
401224753,WSH,4348697,25
401224753,WSH,3918423,8
401224753,WSH,3150844,10
401224753,WSH,3943606,24
401224753,WSH,2530780,19
401224753,WSH,2531047,12
401224753,WSH,2579293,0
401224753,WSH,3064528,0
401224753,WSH,3893059,0
401224753,NO,4257,29
401224753,NO,3913176,30
401224753,NO,3024,30
401224753,NO,3995,37
401224753,NO,4066421,31
401224753,NO,4341,18
401224753,NO,4397077,9
401224753,NO,6460,15
401224753,NO,3062679,21
401224753,NO,4065651,20
401224753,NO,3135048,0
401224753,NO,3133626,0
401224753,NO,4278039,0
401224754,BOS,4065648,28
401224754,BOS,4249,31
401224754,BOS,2451037,28
401224754,BOS,6479,23
401224754,BOS,3917376,32
401224754,BOS,3056602,12
401224754,BOS,4066218,9
401224754,BOS,4066211,11
401224754,BOS,6507,24
401224754,BOS,4397008,9
401224754,BOS,2596112,9
401224754,BOS,2990992,24
401224754,BOS,6447,0
401224754,TOR,3149673,28
401224754,TOR,3934719,18
401224754,TOR,3206,22
401224754,TOR,3012,28
401224754,TOR,2991230,31
401224754,TOR,3439,14
401224754,TOR,3948153,14
401224754,TOR,3064291,14
401224754,TOR,3134881,5
401224754,TOR,3058030,6
401224754,TOR,3059311,13
401224754,TOR,2595516,29
401224754,TOR,3919454,16
401224755,LAC,4251,28
401224755,LAC,6462,32
401224755,LAC,4017837,25
401224755,LAC,6443,35
401224755,LAC,3914044,34
401224755,LAC,4264,20
401224755,LAC,2327577,20
401224755,LAC,2799,18
401224755,LAC,2488826,18
401224755,LAC,3907823,12
401224755,LAC,3224,0
401224755,LAC,4066387,0
401224755,POR,1975,34
401224755,POR,4066650,25
401224755,POR,3102530,33
401224755,POR,6606,39
401224755,POR,2490149,39
401224755,POR,2995706,11
401224755,POR,4066264,12
401224755,POR,4277843,35
401224755,POR,4351851,13
401224755,POR,4395688,0
401224755,POR,4395652,0
401224755,POR,3133874,0
401224756,UTAH,2583632,39
401224756,UTAH,2968436,46
401224756,UTAH,3032976,41
401224756,UTAH,3195,44
401224756,UTAH,3908809,47
401224756,UTAH,3912292,7
401224756,UTAH,2990969,13
401224756,UTAH,4066851,10
401224756,UTAH,4065673,16
401224756,UTAH,2528426,25
401224756,UTAH,3908819,0
401224756,UTAH,4259,0
401224756,UTAH,3911566,0
401224756,DEN,3015,22
401224756,DEN,4278104,45
401224756,DEN,2528693,34
401224756,DEN,3112335,42
401224756,DEN,3936299,39
401224756,DEN,2991070,47
401224756,DEN,2488653,16
401224756,DEN,4397102,0
401224756,DEN,3059310,28
401224756,DEN,3923250,16
401224756,DEN,4066367,0
401224756,DEN,3136779,0
401224756,DEN,2489530,0
401224757,LAL,1966,35
401224757,LAL,6583,35
401224757,LAL,3452,13
401224757,LAL,2581018,32
401224757,LAL,2991350,27
401224757,LAL,3134907,25
401224757,LAL,3201,13
401224757,LAL,4396991,16
401224757,LAL,2384,20
401224757,LAL,2566745,24
401224757,LAL,6461,0
401224757,LAL,2444,0
401224757,LAL,6628,0
401224757,IND,2982334,37
401224757,IND,3133628,25
401224757,IND,2527963,35
401224757,IND,2566769,39
401224757,IND,3922230,35
401224757,IND,2284101,15
401224757,IND,2528588,13
401224757,IND,2608891,10
401224757,IND,4348700,12
401224757,IND,2530530,18
401224757,IND,4066425,0
401224757,IND,4067045,0
401224757,IND,3136485,0
401224758,PHX,3138196,27
401224758,PHX,4278129,36
401224758,PHX,4011,29
401224758,PHX,3136193,35
401224758,PHX,3147657,39
401224758,PHX,2579294,4
401224758,PHX,3032978,22
401224758,PHX,3064230,21
401224758,PHX,3133635,26
401224758,PHX,3919335,0
401224758,PHX,3133603,0
401224758,PHX,4065733,0
401224758,PHX,4423887,0
401224758,MIA,6581,27
401224758,MIA,3157465,37
401224758,MIA,3936099,24
401224758,MIA,4066261,30
401224758,MIA,4395725,36
401224758,MIA,2386,31
401224758,MIA,2489663,22
401224758,MIA,2488958,13
401224758,MIA,3137259,20
401224758,MIA,2184,0
401224758,MIA,3918424,0
401224758,MIA,3923253,0
401224758,MIA,6605,0
401224759,MIL,6609,36
401224759,MIL,3032977,33
401224759,MIL,3448,35
401224759,MIL,4032,28
401224759,MIL,4238,31
401224759,MIL,2767,4
401224759,MIL,2797,21
401224759,MIL,3438,28
401224759,MIL,2011,2
401224759,MIL,2578239,24
401224759,MIL,3934673,22
401224759,MIL,3057187,0
401224759,MIL,3447,0
401224759,DAL,2578185,43
401224759,DAL,3102531,40
401224759,DAL,2326307,21
401224759,DAL,2528210,37
401224759,DAL,3945274,42
401224759,DAL,6601,4
401224759,DAL,2960236,21
401224759,DAL,3138156,17
401224759,DAL,2579260,20
401224759,DAL,3064447,19
401224759,DAL,4376,0
401224759,DAL,3055,0
401224759,DAL,3064237,0
401224760,WSH,4066648,26
401224760,WSH,4278508,29
401224760,WSH,3934723,23
401224760,WSH,4305,22
401224760,WSH,4348697,29
401224760,WSH,2579293,12
401224760,WSH,3064528,4
401224760,WSH,3918423,24
401224760,WSH,3150844,21
401224760,WSH,3943606,29
401224760,WSH,2531047,21
401224760,WSH,2774,0
401224760,WSH,3893059,0
401224760,OKC,3428,22
401224760,OKC,2490089,28
401224760,OKC,2779,33
401224760,OKC,4278073,36
401224760,OKC,4397020,26
401224760,OKC,2595435,20
401224760,OKC,3059285,2
401224760,OKC,3059358,2
401224760,OKC,4423545,26
401224760,OKC,4230546,19
401224760,OKC,4080610,26
401224760,OKC,2991235,0
401224760,OKC,2991280,0
401224761,MEM,3276,30
401224761,MEM,2993874,12
401224761,MEM,3155526,35
401224761,MEM,6477,27
401224761,MEM,4279888,41
401224761,MEM,3906665,26
401224761,MEM,2534781,13
401224761,MEM,3135045,34
401224761,MEM,4066436,23
401224761,MEM,3133838,0
401224761,MEM,4066297,0
401224761,MEM,3134932,0
401224761,MEM,4230554,0
401224761,TOR,3149673,36
401224761,TOR,3934719,28
401224761,TOR,3206,22
401224761,TOR,3012,37
401224761,TOR,2991230,35
401224761,TOR,3439,25
401224761,TOR,3948153,6
401224761,TOR,3064291,5
401224761,TOR,3059311,10
401224761,TOR,2595516,30
401224761,TOR,3919454,6
401224761,TOR,3134881,0
401224761,TOR,4278031,0
401224762,SA,3134908,22
401224762,SA,3978,33
401224762,SA,3078576,21
401224762,SA,3907497,33
401224762,SA,4277890,30
401224762,SA,3914285,24
401224762,SA,4395723,26
401224762,SA,3005,29
401224762,SA,3190,21
401224762,SA,3907358,2
401224762,SA,3914283,0
401224762,SA,4423309,0
401224762,SA,4004,0
401224762,NO,4257,24
401224762,NO,3913176,33
401224762,NO,4395628,27
401224762,NO,3995,35
401224762,NO,4066421,31
401224762,NO,4341,10
401224762,NO,4397077,10
401224762,NO,3024,32
401224762,NO,6460,4
401224762,NO,3062679,16
401224762,NO,4065651,9
401224762,NO,4278039,8
401224762,NO,3133626,0
401224763,ORL,2579321,24
401224763,ORL,3074797,26
401224763,ORL,3132042,33
401224763,ORL,6478,38
401224763,ORL,3415,33
401224763,ORL,3136746,7
401224763,ORL,2578240,15
401224763,ORL,6619,37
401224763,ORL,3913546,19
401224763,ORL,4066636,33
401224763,ORL,3059280,0
401224763,ORL,4277919,0
401224763,BOS,4065648,42
401224763,BOS,4249,40
401224763,BOS,2451037,30
401224763,BOS,6479,32
401224763,BOS,3917376,39
401224763,BOS,3056602,12
401224763,BOS,6447,8
401224763,BOS,4066211,15
401224763,BOS,6507,16
401224763,BOS,2990992,32
401224763,BOS,4066218,0
401224763,BOS,4397008,0
401224763,BOS,2596112,0
401224764,PHI,6440,33
401224764,PHI,3213,22
401224764,PHI,3059318,6
401224764,PHI,2581190,38
401224764,PHI,3915195,25
401224764,PHI,6622,16
401224764,PHI,2608892,8
401224764,PHI,2991039,17
401224764,PHI,6615,6
401224764,PHI,6429,23
401224764,PHI,3929325,13
401224764,PHI,3907498,33
401224764,PHI,2968361,0
401224764,POR,1975,36
401224764,POR,4066650,23
401224764,POR,3102530,29
401224764,POR,6606,40
401224764,POR,2490149,39
401224764,POR,2995706,25
401224764,POR,4066264,12
401224764,POR,4277843,34
401224764,POR,4351851,2
401224764,POR,4395688,0
401224764,POR,4395652,0
401224764,POR,3133874,0
401224765,HOU,3033,33
401224765,HOU,2490620,33
401224765,HOU,2991155,31
401224765,HOU,2578213,28
401224765,HOU,3992,33
401224765,HOU,3209,22
401224765,HOU,3451,5
401224765,HOU,3113297,2
401224765,HOU,6617,33
401224765,HOU,2991255,18
401224765,HOU,3906603,2
401224765,HOU,3970,0
401224765,HOU,984,0
401224765,SAC,6578,26
401224765,SAC,2596107,15
401224765,SAC,6446,28
401224765,SAC,3037789,36
401224765,SAC,4066259,36
401224765,SAC,4269,5
401224765,SAC,3056600,12
401224765,SAC,4065649,15
401224765,SAC,3191,5
401224765,SAC,2991018,4
401224765,SAC,2990984,25
401224765,SAC,3913220,30
401224765,SAC,3914058,5
401224766,BKN,2528794,27
401224766,BKN,4230548,31
401224766,BKN,4066328,38
401224766,BKN,4023,37
401224766,BKN,2991043,35
401224766,BKN,2982340,8
401224766,BKN,3893019,16
401224766,BKN,2530276,30
401224766,BKN,3137795,18
401224766,BKN,6485,0
401224766,BKN,3907408,0
401224766,BKN,4348696,0
401224766,BKN,3907788,0
401224766,LAC,6450,37
401224766,LAC,6462,31
401224766,LAC,4017837,25
401224766,LAC,6443,15
401224766,LAC,3914044,32
401224766,LAC,4264,18
401224766,LAC,2327577,22
401224766,LAC,2799,23
401224766,LAC,2488826,16
401224766,LAC,3907823,23
401224766,LAC,3224,0
401224766,LAC,4066387,0
401224767,OKC,2595435,26
401224767,OKC,4423545,35
401224767,OKC,2490089,24
401224767,OKC,2779,24
401224767,OKC,4397020,21
401224767,OKC,2530596,13
401224767,OKC,3059285,14
401224767,OKC,3059358,32
401224767,OKC,3143565,12
401224767,OKC,4230546,17
401224767,OKC,4080610,23
401224767,PHX,3032978,23
401224767,PHX,3138196,32
401224767,PHX,4011,21
401224767,PHX,3136193,29
401224767,PHX,3147657,29
401224767,PHX,2579294,3
401224767,PHX,3919335,5
401224767,PHX,4278129,17
401224767,PHX,3064230,33
401224767,PHX,3133635,37
401224767,PHX,4065733,5
401224767,PHX,4423887,5
401224767,PHX,3133603,0
401224768,DAL,3138156,24
401224768,DAL,4376,25
401224768,DAL,3055,26
401224768,DAL,2326307,29
401224768,DAL,2528210,34
401224768,DAL,6601,18
401224768,DAL,2960236,24
401224768,DAL,2579260,24
401224768,DAL,3064237,3
401224768,DAL,3064447,19
401224768,DAL,3912278,14
401224768,DAL,3102531,0
401224768,DAL,3945274,0
401224768,UTAH,2583632,14
401224768,UTAH,2968436,13
401224768,UTAH,3032976,16
401224768,UTAH,3195,16
401224768,UTAH,2528426,14
401224768,UTAH,3912292,23
401224768,UTAH,2990969,15
401224768,UTAH,4066851,27
401224768,UTAH,4259,16
401224768,UTAH,4065673,15
401224768,UTAH,3892818,27
401224768,UTAH,3908819,28
401224768,UTAH,3911566,15
401224769,TOR,3149673,28
401224769,TOR,3934719,25
401224769,TOR,3206,20
401224769,TOR,2595516,27
401224769,TOR,3919454,16
401224769,TOR,3948153,29
401224769,TOR,3064291,26
401224769,TOR,3134881,10
401224769,TOR,3058030,21
401224769,TOR,3059311,37
401224769,TOR,2580980,0
401224769,TOR,4065672,0
401224769,MIL,6609,25
401224769,MIL,3448,25
401224769,MIL,4032,2
401224769,MIL,4238,30
401224769,MIL,2578239,21
401224769,MIL,2767,18
401224769,MIL,2797,20
401224769,MIL,3136491,8
401224769,MIL,3057187,4
401224769,MIL,3447,16
401224769,MIL,3438,19
401224769,MIL,2011,23
401224769,MIL,3934673,28
401224770,IND,2982334,29
401224770,IND,3133628,24
401224770,IND,2527963,28
401224770,IND,2566769,29
401224770,IND,3922230,30
401224770,IND,2284101,18
401224770,IND,2528588,22
401224770,IND,4067045,6
401224770,IND,2608891,18
401224770,IND,4348700,5
401224770,IND,3136485,16
401224770,IND,2530530,13
401224770,IND,4066425,0
401224770,MIA,6581,29
401224770,MIA,6430,29
401224770,MIA,3157465,32
401224770,MIA,4066261,22
401224770,MIA,3423,30
401224770,MIA,2386,19
401224770,MIA,2489663,29
401224770,MIA,3936099,21
401224770,MIA,3137259,4
401224770,MIA,4395725,25
401224770,MIA,2184,0
401224770,MIA,2488958,0
401224770,MIA,6605,0
401224771,DEN,3015,24
401224771,DEN,4278104,24
401224771,DEN,2528693,23
401224771,DEN,3112335,26
401224771,DEN,3936299,25
401224771,DEN,3136779,22
401224771,DEN,2488653,25
401224771,DEN,4397102,21
401224771,DEN,3059310,23
401224771,DEN,3923250,27
401224771,DEN,3078284,0
401224771,DEN,4066367,0
401224771,DEN,2489530,0
401224771,LAL,1966,38
401224771,LAL,3988,30
401224771,LAL,6583,38
401224771,LAL,3134907,33
401224771,LAL,3452,16
401224771,LAL,6461,18
401224771,LAL,4396991,6
401224771,LAL,2384,14
401224771,LAL,6628,27
401224771,LAL,2991350,20
401224771,LAL,3201,0
401224771,LAL,2566745,0
401224771,LAL,2444,0
401224772,BKN,2982340,31
401224772,BKN,4230548,25
401224772,BKN,3893019,24
401224772,BKN,2530276,22
401224772,BKN,3137795,21
401224772,BKN,6485,24
401224772,BKN,3907408,31
401224772,BKN,4348696,35
401224772,BKN,3907788,27
401224772,BKN,2528794,0
401224772,BKN,4066328,0
401224772,BKN,4023,0
401224772,BKN,2991043,0
401224772,ORL,2579321,23
401224772,ORL,3074797,30
401224772,ORL,3132042,23
401224772,ORL,6478,21
401224772,ORL,3415,22
401224772,ORL,3059280,19
401224772,ORL,3136746,25
401224772,ORL,2578240,27
401224772,ORL,3913546,27
401224772,ORL,4066636,22
401224772,ORL,4277919,0
401224773,HOU,3033,27
401224773,HOU,2490620,29
401224773,HOU,3209,31
401224773,HOU,2578213,27
401224773,HOU,3468,28
401224773,HOU,3451,6
401224773,HOU,3970,21
401224773,HOU,3113297,6
401224773,HOU,6617,29
401224773,HOU,2991255,20
401224773,HOU,3906603,16
401224773,HOU,984,0
401224773,SA,3134908,28
401224773,SA,3978,28
401224773,SA,3078576,26
401224773,SA,3907497,29
401224773,SA,4277890,30
401224773,SA,3914283,6
401224773,SA,3914285,15
401224773,SA,4395723,26
401224773,SA,4423309,5
401224773,SA,3005,18
401224773,SA,3190,21
401224773,SA,3907358,8
401224773,SA,4004,0
401224774,PHX,3138196,31
401224774,PHX,4278129,32
401224774,PHX,4011,28
401224774,PHX,3136193,41
401224774,PHX,3147657,33
401224774,PHX,2579294,12
401224774,PHX,3032978,24
401224774,PHX,3064230,19
401224774,PHX,3133635,19
401224774,PHX,3919335,0
401224774,PHX,2968439,0
401224774,PHX,4065733,0
401224774,PHX,4230550,0
401224774,PHI,6622,22
401224774,PHI,6615,32
401224774,PHI,6429,28
401224774,PHI,3915195,31
401224774,PHI,3907498,29
401224774,PHI,2608892,16
401224774,PHI,2991039,25
401224774,PHI,2968361,25
401224774,PHI,3929325,32
401224774,PHI,6440,0
401224774,PHI,3138201,0
401224774,PHI,3213,0
401224776,BOS,4065648,29
401224776,BOS,4249,32
401224776,BOS,2451037,18
401224776,BOS,6479,28
401224776,BOS,3917376,28
401224776,BOS,3056602,3
401224776,BOS,4066218,20
401224776,BOS,6447,16
401224776,BOS,4066211,14
401224776,BOS,6507,19
401224776,BOS,4397008,3
401224776,BOS,2596112,3
401224776,BOS,2990992,29
401224776,MEM,3276,13
401224776,MEM,2993874,23
401224776,MEM,3155526,33
401224776,MEM,6477,25
401224776,MEM,4279888,42
401224776,MEM,3906665,29
401224776,MEM,3133838,3
401224776,MEM,2534781,23
401224776,MEM,4066297,3
401224776,MEM,3134932,3
401224776,MEM,3135045,29
401224776,MEM,4066436,13
401224776,MEM,4230554,3
401224775,POR,1975,35
401224775,POR,4066650,20
401224775,POR,3102530,29
401224775,POR,6606,41
401224775,POR,2490149,39
401224775,POR,2995706,22
401224775,POR,4262,19
401224775,POR,4277843,36
401224775,POR,4066264,0
401224775,POR,4395688,0
401224775,POR,4395652,0
401224775,POR,3133874,0
401224775,POR,4351851,0
401224775,DAL,2578185,30
401224775,DAL,3102531,36
401224775,DAL,2579260,31
401224775,DAL,2528210,37
401224775,DAL,3945274,35
401224775,DAL,6601,7
401224775,DAL,2960236,27
401224775,DAL,3138156,8
401224775,DAL,4376,7
401224775,DAL,3064447,23
401224775,DAL,3055,0
401224775,DAL,3064237,0
401224775,DAL,3912278,0
401224777,NO,4341,25
401224777,NO,4397077,22
401224777,NO,6460,24
401224777,NO,3062679,30
401224777,NO,4066421,29
401224777,NO,3135048,26
401224777,NO,3064539,16
401224777,NO,3133626,18
401224777,NO,4065651,25
401224777,NO,4278039,25
401224777,NO,4257,0
401224777,NO,3137713,0
401224777,NO,3024,0
401224777,SAC,4269,33
401224777,SAC,6578,37
401224777,SAC,2596107,13
401224777,SAC,6446,37
401224777,SAC,3037789,38
401224777,SAC,3056600,14
401224777,SAC,4065649,25
401224777,SAC,2991018,11
401224777,SAC,2990984,19
401224777,SAC,3913220,14
401224777,SAC,3191,0
401224777,SAC,4065730,0
401224777,SAC,3914058,0
401224778,MIL,3032977,10
401224778,MIL,3448,23
401224778,MIL,3438,23
401224778,MIL,2011,25
401224778,MIL,2578239,24
401224778,MIL,2767,22
401224778,MIL,3102533,18
401224778,MIL,3136491,23
401224778,MIL,3057187,30
401224778,MIL,3447,21
401224778,MIL,3059315,22
401224778,MIL,2797,0
401224778,WSH,4066648,29
401224778,WSH,4278508,30
401224778,WSH,3934723,26
401224778,WSH,3943606,33
401224778,WSH,4348697,30
401224778,WSH,2579293,3
401224778,WSH,3064528,3
401224778,WSH,3918423,14
401224778,WSH,3150844,20
401224778,WSH,3893059,21
401224778,WSH,4305,26
401224778,WSH,2531047,4
401224778,WSH,2774,0
401224779,IND,2284101,29
401224779,IND,2608891,16
401224779,IND,3133628,28
401224779,IND,2527963,37
401224779,IND,3922230,25
401224779,IND,2528588,24
401224779,IND,4067045,17
401224779,IND,4348700,17
401224779,IND,3136485,24
401224779,IND,2530530,23
401224779,IND,4066425,0
401224779,IND,4277882,0
401224779,IND,2990968,0
401224779,HOU,3033,28
401224779,HOU,2490620,36
401224779,HOU,2578213,28
401224779,HOU,3431,20
401224779,HOU,3992,35
401224779,HOU,3209,30
401224779,HOU,3970,13
401224779,HOU,6617,31
401224779,HOU,2991255,13
401224779,HOU,3906603,5
401224779,HOU,3451,0
401224779,HOU,3113297,0
401224779,HOU,984,0
401224780,TOR,3149673,29
401224780,TOR,3206,19
401224780,TOR,3012,25
401224780,TOR,2595516,26
401224780,TOR,2991230,26
401224780,TOR,2580980,11
401224780,TOR,3948153,22
401224780,TOR,4065672,4
401224780,TOR,3064291,25
401224780,TOR,3134881,9
401224780,TOR,3058030,5
401224780,TOR,3059311,23
401224780,TOR,3919454,16
401224780,PHI,6440,25
401224780,PHI,3213,18
401224780,PHI,3059318,14
401224780,PHI,2581190,24
401224780,PHI,3915195,22
401224780,PHI,6622,22
401224780,PHI,2608892,20
401224780,PHI,3138201,10
401224780,PHI,2968361,27
401224780,PHI,3929325,29
401224780,PHI,3907498,30
401224780,PHI,2991039,0
401224780,PHI,6615,0
401224781,MIA,6581,8
401224781,MIA,6430,16
401224781,MIA,3157465,16
401224781,MIA,4066261,16
401224781,MIA,3423,22
401224781,MIA,2386,15
401224781,MIA,2489663,19
401224781,MIA,3923253,14
401224781,MIA,3936099,17
401224781,MIA,2488958,24
401224781,MIA,6605,18
401224781,MIA,3137259,18
401224781,MIA,4395725,38
401224781,OKC,3428,21
401224781,OKC,2991235,20
401224781,OKC,2779,24
401224781,OKC,4278073,25
401224781,OKC,4397020,8
401224781,OKC,2530596,11
401224781,OKC,2595435,17
401224781,OKC,3059285,12
401224781,OKC,4423545,27
401224781,OKC,4230546,24
401224781,OKC,2490089,10
401224781,OKC,2991280,18
401224781,OKC,4080610,25
401224782,LAC,4251,36
401224782,LAC,6450,33
401224782,LAC,6462,30
401224782,LAC,4017837,21
401224782,LAC,6443,29
401224782,LAC,4264,22
401224782,LAC,2327577,21
401224782,LAC,3224,2
401224782,LAC,2799,25
401224782,LAC,2488826,17
401224782,LAC,3907823,2
401224782,LAC,4066387,2
401224782,DEN,3015,23
401224782,DEN,4278104,25
401224782,DEN,2528693,24
401224782,DEN,3112335,28
401224782,DEN,3936299,25
401224782,DEN,3078284,4
401224782,DEN,2991070,28
401224782,DEN,3136779,7
401224782,DEN,2488653,19
401224782,DEN,4397102,10
401224782,DEN,3059310,21
401224782,DEN,2489530,4
401224782,DEN,3923250,23
401224783,WSH,3064528,25
401224783,WSH,4278508,34
401224783,WSH,3934723,33
401224783,WSH,3943606,27
401224783,WSH,4348697,30
401224783,WSH,2579293,24
401224783,WSH,3150844,19
401224783,WSH,4305,31
401224783,WSH,2531047,17
401224783,WSH,4066648,0
401224783,WSH,3918423,0
401224783,WSH,2774,0
401224783,WSH,3893059,0
401224783,BOS,3056602,31
401224783,BOS,6447,18
401224783,BOS,4397008,30
401224783,BOS,2596112,34
401224783,BOS,4278080,30
401224783,BOS,4066218,25
401224783,BOS,3904625,8
401224783,BOS,4066211,6
401224783,BOS,4237215,16
401224783,BOS,6507,18
401224783,BOS,4066407,24
401224783,BOS,4249,0
401224785,SAC,4269,32
401224785,SAC,6578,25
401224785,SAC,2596107,14
401224785,SAC,6446,20
401224785,SAC,3037789,27
401224785,SAC,3056600,30
401224785,SAC,4065649,4
401224785,SAC,3191,1
401224785,SAC,2991018,20
401224785,SAC,4065730,6
401224785,SAC,2990984,26
401224785,SAC,3913220,26
401224785,SAC,3914058,10
401224785,LAL,6461,20
401224785,LAL,1966,15
401224785,LAL,3988,14
401224785,LAL,4396991,34
401224785,LAL,3452,21
401224785,LAL,3946974,9
401224785,LAL,4066490,11
401224785,LAL,3201,23
401224785,LAL,2384,12
401224785,LAL,2566745,31
401224785,LAL,2444,25
401224785,LAL,6628,26
401224786,MIL,6609,21
401224786,MIL,3136491,30
401224786,MIL,3448,20
401224786,MIL,4238,20
401224786,MIL,2578239,16
401224786,MIL,2797,10
401224786,MIL,3102533,18
401224786,MIL,3057187,19
401224786,MIL,3447,21
401224786,MIL,2011,21
401224786,MIL,3059315,26
401224786,MIL,3934673,19
401224786,MIL,3032977,0
401224786,MEM,3276,20
401224786,MEM,2993874,29
401224786,MEM,3155526,33
401224786,MEM,6477,33
401224786,MEM,4279888,34
401224786,MEM,3906665,28
401224786,MEM,2534781,15
401224786,MEM,3134932,1
401224786,MEM,3135045,27
401224786,MEM,4066436,20
401224786,MEM,3133838,0
401224786,MEM,4066297,0
401224786,MEM,4230554,0
401224788,DAL,2578185,11
401224788,DAL,4376,29
401224788,DAL,2326307,20
401224788,DAL,2528210,20
401224788,DAL,3945274,13
401224788,DAL,6601,21
401224788,DAL,2960236,11
401224788,DAL,3138156,29
401224788,DAL,2579260,19
401224788,DAL,3055,19
401224788,DAL,3064237,13
401224788,DAL,3064447,22
401224788,DAL,3912278,13
401224788,PHX,3138196,30
401224788,PHX,4278129,26
401224788,PHX,4011,21
401224788,PHX,3136193,32
401224788,PHX,3147657,28
401224788,PHX,3032978,26
401224788,PHX,3919335,5
401224788,PHX,3064230,29
401224788,PHX,3133635,26
401224788,PHX,4065733,5
401224788,PHX,4230550,12
401224788,PHX,2579294,0
401224788,PHX,2968439,0
401224789,SA,4395723,30
401224789,SA,4423309,31
401224789,SA,3134908,21
401224789,SA,3907497,36
401224789,SA,4277890,34
401224789,SA,3914283,27
401224789,SA,3914285,27
401224789,SA,3190,30
401224789,SA,3907358,3
401224789,SA,3005,0
401224789,SA,4004,0
401224789,SA,3978,0
401224789,SA,3078576,0
401224789,UTAH,2583632,11
401224789,UTAH,2968436,12
401224789,UTAH,4065673,22
401224789,UTAH,2528426,14
401224789,UTAH,3908809,11
401224789,UTAH,3912292,29
401224789,UTAH,2990969,22
401224789,UTAH,3934721,22
401224789,UTAH,4066851,26
401224789,UTAH,4259,7
401224789,UTAH,3064457,22
401224789,UTAH,3908819,24
401224789,UTAH,3911566,17
401224784,POR,1975,37
401224784,POR,4066650,17
401224784,POR,3102530,33
401224784,POR,6606,44
401224784,POR,2490149,44
401224784,POR,2995706,11
401224784,POR,4262,15
401224784,POR,4277843,37
401224784,POR,4351851,2
401224784,POR,4066264,0
401224784,POR,4395688,0
401224784,POR,3133874,0
401224784,BKN,2528794,34
401224784,BKN,4230548,23
401224784,BKN,4066328,37
401224784,BKN,4023,37
401224784,BKN,2991043,33
401224784,BKN,6485,4
401224784,BKN,2982340,6
401224784,BKN,3907788,9
401224784,BKN,3893019,32
401224784,BKN,2530276,24
401224784,BKN,3907408,0
401224784,BKN,4348696,0
401224784,BKN,3137795,0
401224787,NO,4341,25
401224787,NO,4397077,31
401224787,NO,3062679,36
401224787,NO,4065651,36
401224787,NO,4278039,36
401224787,NO,3137713,20
401224787,NO,3135048,17
401224787,NO,3064539,19
401224787,NO,3133626,19
401224787,NO,4257,0
401224787,NO,3024,0
401224787,NO,6460,0
401224787,NO,4066421,0
401224787,ORL,2579321,31
401224787,ORL,3074797,27
401224787,ORL,3132042,29
401224787,ORL,6478,26
401224787,ORL,4066636,25
401224787,ORL,3059280,17
401224787,ORL,3136746,21
401224787,ORL,2578240,18
401224787,ORL,3415,22
401224787,ORL,3913546,24
401224787,ORL,4277919,0
401224793,DEN,3015,16
401224793,DEN,2991070,18
401224793,DEN,2528693,15
401224793,DEN,3112335,10
401224793,DEN,3936299,10
401224793,DEN,3078284,7
401224793,DEN,4066367,16
401224793,DEN,3136779,24
401224793,DEN,2488653,20
401224793,DEN,4397102,15
401224793,DEN,3059310,30
401224793,DEN,2489530,28
401224793,DEN,3923250,31
401224793,TOR,3064291,22
401224793,TOR,3206,17
401224793,TOR,3059311,28
401224793,TOR,2595516,23
401224793,TOR,3919454,34
401224793,TOR,2580980,26
401224793,TOR,3948153,22
401224793,TOR,4065672,13
401224793,TOR,3134881,29
401224793,TOR,3058030,27
401224793,TOR,4278031,0
401224791,MIA,2184,24
401224791,MIA,2489663,20
401224791,MIA,3157465,13
401224791,MIA,3056247,33
401224791,MIA,4395725,28
401224791,MIA,3918424,12
401224791,MIA,3923253,24
401224791,MIA,3936099,16
401224791,MIA,2488958,41
401224791,MIA,6605,29
401224791,MIA,6581,0
401224791,MIA,2386,0
401224791,MIA,6430,0
401224791,IND,2284101,24
401224791,IND,4067045,38
401224791,IND,2608891,23
401224791,IND,3136485,31
401224791,IND,2566769,25
401224791,IND,4066425,18
401224791,IND,2528588,22
401224791,IND,4277882,2
401224791,IND,4348700,16
401224791,IND,2530530,21
401224791,IND,2990968,2
401224791,IND,3922230,17
401224792,OKC,3428,9
401224792,OKC,4230546,17
401224792,OKC,2991235,6
401224792,OKC,3032979,25
401224792,OKC,4278073,14
401224792,OKC,2530596,28
401224792,OKC,3059285,24
401224792,OKC,3059358,30
401224792,OKC,3143565,11
401224792,OKC,4423545,31
401224792,OKC,2490089,14
401224792,OKC,2991280,15
401224792,OKC,4080610,40
401224792,LAC,2327577,27
401224792,LAC,4017837,11
401224792,LAC,6443,16
401224792,LAC,2488826,51
401224792,LAC,4066387,50
401224792,LAC,4264,39
401224792,LAC,3224,29
401224792,LAC,3907823,42
401224792,LAC,4251,0
401224792,LAC,6450,0
401224792,LAC,6462,0
401224792,LAC,2799,0
401224790,PHI,6440,24
401224790,PHI,3213,22
401224790,PHI,3059318,23
401224790,PHI,2581190,23
401224790,PHI,3915195,19
401224790,PHI,6622,20
401224790,PHI,2608892,9
401224790,PHI,3138201,8
401224790,PHI,6615,17
401224790,PHI,2968361,19
401224790,PHI,6429,22
401224790,PHI,3929325,17
401224790,PHI,3907498,18
401224790,HOU,3033,29
401224790,HOU,2490620,24
401224790,HOU,3209,25
401224790,HOU,3431,23
401224790,HOU,3992,26
401224790,HOU,3451,14
401224790,HOU,3970,25
401224790,HOU,3113297,17
401224790,HOU,6617,12
401224790,HOU,2578213,11
401224790,HOU,2991255,17
401224790,HOU,3906603,17
401224790,HOU,2991155,0
401236333,MEM,3276,23
401236333,MEM,2993874,27
401236333,MEM,3155526,38
401236333,MEM,6477,34
401236333,MEM,4279888,42
401236333,MEM,3906665,25
401236333,MEM,2534781,14
401236333,MEM,3135045,23
401236333,MEM,4066436,14
401236333,MEM,3133838,0
401236333,MEM,4066297,0
401236333,MEM,3134932,0
401236333,MEM,4230554,0
401236333,POR,1975,38
401236333,POR,4066650,7
401236333,POR,3102530,41
401236333,POR,6606,45
401236333,POR,2490149,44
401236333,POR,2995706,7
401236333,POR,4066264,9
401236333,POR,4262,14
401236333,POR,4277843,35
401236333,POR,4395688,0
401236333,POR,3133874,0
401236333,POR,4351851,0
401236280,UTAH,2583632,32
401236280,UTAH,2968436,43
401236280,UTAH,3934721,25
401236280,UTAH,3032976,42
401236280,UTAH,3908809,43
401236280,UTAH,2990969,20
401236280,UTAH,4065673,11
401236280,UTAH,2528426,39
401236280,UTAH,3892818,10
401236280,UTAH,4066851,0
401236280,UTAH,3064457,0
401236280,UTAH,3908819,0
401236280,DEN,3015,29
401236280,DEN,4278104,31
401236280,DEN,2528693,21
401236280,DEN,3112335,42
401236280,DEN,3936299,40
401236280,DEN,2991070,40
401236280,DEN,2488653,11
401236280,DEN,3059310,29
401236280,DEN,3923250,20
401236280,DEN,3078284,0
401236280,DEN,3136779,0
401236280,DEN,4397102,0
401236280,DEN,2489530,0
401236261,BKN,2528794,33
401236261,BKN,4230548,16
401236261,BKN,4066328,34
401236261,BKN,4023,34
401236261,BKN,2991043,35
401236261,BKN,6485,4
401236261,BKN,2982340,4
401236261,BKN,3907408,8
401236261,BKN,4348696,4
401236261,BKN,3907788,9
401236261,BKN,3893019,33
401236261,BKN,2530276,17
401236261,BKN,3137795,7
401236261,TOR,3149673,31
401236261,TOR,3934719,34
401236261,TOR,3206,21
401236261,TOR,3012,38
401236261,TOR,2991230,39
401236261,TOR,3439,26
401236261,TOR,3948153,3
401236261,TOR,3064291,12
401236261,TOR,3059311,7
401236261,TOR,2595516,17
401236261,TOR,3919454,12
401236261,TOR,3134881,0
401236261,TOR,3058030,0
401236268,PHI,6440,39
401236268,PHI,3213,31
401236268,PHI,3059318,37
401236268,PHI,2581190,37
401236268,PHI,3915195,26
401236268,PHI,6622,2
401236268,PHI,6429,28
401236268,PHI,3929325,7
401236268,PHI,3907498,33
401236268,PHI,2608892,0
401236268,PHI,3138201,0
401236268,PHI,6615,0
401236268,PHI,2968361,0
401236268,BOS,4065648,41
401236268,BOS,4249,34
401236268,BOS,2451037,25
401236268,BOS,6479,35
401236268,BOS,3917376,39
401236268,BOS,4066218,2
401236268,BOS,6447,8
401236268,BOS,4066211,13
401236268,BOS,6507,10
401236268,BOS,4397008,0
401236268,BOS,2990992,32
401236268,BOS,3056602,0
401236268,BOS,2596112,0
401236273,DAL,2578185,32
401236273,DAL,2960236,34
401236273,DAL,3102531,20
401236273,DAL,2528210,36
401236273,DAL,3945274,38
401236273,DAL,6601,8
401236273,DAL,4376,13
401236273,DAL,2579260,20
401236273,DAL,2326307,33
401236273,DAL,3064447,6
401236273,DAL,3138156,0
401236273,DAL,3055,0
401236273,DAL,3064237,0
401236273,LAC,4251,37
401236273,LAC,6450,38
401236273,LAC,6462,32
401236273,LAC,4017837,22
401236273,LAC,3964,20
401236273,LAC,2327577,18
401236273,LAC,2991055,15
401236273,LAC,6443,16
401236273,LAC,2799,31
401236273,LAC,3907823,0
401236273,LAC,3914044,8
401236273,LAC,4264,0
401236273,LAC,2488826,0
401236254,ORL,2579321,31
401236254,ORL,3132042,28
401236254,ORL,6478,37
401236254,ORL,6588,36
401236254,ORL,4066636,29
401236254,ORL,3074797,12
401236254,ORL,2578240,14
401236254,ORL,3415,23
401236254,ORL,6619,28
401236254,ORL,3059280,0
401236254,ORL,3136746,0
401236254,ORL,3913546,0
401236254,MIL,6609,31
401236254,MIL,3032977,34
401236254,MIL,3448,30
401236254,MIL,4032,26
401236254,MIL,4238,28
401236254,MIL,2797,16
401236254,MIL,3447,2
401236254,MIL,3438,27
401236254,MIL,2011,10
401236254,MIL,2578239,22
401236254,MIL,3059315,0
401236254,MIL,3934673,13
401236254,MIL,3057187,0
401236315,MIA,6581,25
401236315,MIA,6430,37
401236315,MIA,3157465,24
401236315,MIA,4066261,35
401236315,MIA,3423,34
401236315,MIA,2386,25
401236315,MIA,2489663,14
401236315,MIA,3936099,13
401236315,MIA,4395725,34
401236315,MIA,2184,0
401236315,MIA,2488958,0
401236315,MIA,6605,0
401236315,MIA,3056247,0
401236315,IND,2982334,38
401236315,IND,3133628,33
401236315,IND,2527963,9
401236315,IND,2566769,39
401236315,IND,3922230,16
401236315,IND,2284101,32
401236315,IND,2528588,17
401236315,IND,2608891,17
401236315,IND,3136485,27
401236315,IND,2530530,13
401236315,IND,4066425,0
401236315,IND,4067045,0
401236315,IND,4348700,0
401236294,OKC,3428,33
401236294,OKC,4230546,15
401236294,OKC,2991235,28
401236294,OKC,2779,37
401236294,OKC,4278073,35
401236294,OKC,2530596,3
401236294,OKC,2595435,2
401236294,OKC,3059358,2
401236294,OKC,4423545,17
401236294,OKC,2490089,13
401236294,OKC,2991280,8
401236294,OKC,3032979,32
401236294,OKC,4080610,15
401236294,HOU,3033,34
401236294,HOU,2490620,31
401236294,HOU,2991155,29
401236294,HOU,3431,30
401236294,HOU,3992,34
401236294,HOU,3209,32
401236294,HOU,3970,2
401236294,HOU,3113297,2
401236294,HOU,6617,19
401236294,HOU,2578213,24
401236294,HOU,2991255,2
401236294,HOU,3451,0
401236294,HOU,984,0
401236287,POR,1975,38
401236287,POR,4066264,16
401236287,POR,3102530,33
401236287,POR,6606,43
401236287,POR,2490149,42
401236287,POR,2995706,12
401236287,POR,4262,26
401236287,POR,4277843,31
401236287,POR,4066650,0
401236287,POR,4395688,0
401236287,POR,3133874,0
401236287,POR,4351851,0
401236287,LAL,1966,41
401236287,LAL,3988,24
401236287,LAL,6583,39
401236287,LAL,3452,13
401236287,LAL,2581018,29
401236287,LAL,6461,19
401236287,LAL,3134907,30
401236287,LAL,2384,15
401236287,LAL,6628,1
401236287,LAL,2991350,29
401236287,LAL,3201,0
401236287,LAL,2566745,0
401236287,LAL,2444,0
401236262,BKN,2528794,39
401236262,BKN,4066328,41
401236262,BKN,3893019,36
401236262,BKN,4023,35
401236262,BKN,2991043,39
401236262,BKN,4230548,16
401236262,BKN,2530276,22
401236262,BKN,3137795,12
401236262,BKN,6485,0
401236262,BKN,2982340,0
401236262,BKN,3907408,0
401236262,BKN,4348696,0
401236262,BKN,3907788,0
401236262,TOR,3149673,36
401236262,TOR,3934719,36
401236262,TOR,3206,17
401236262,TOR,3012,37
401236262,TOR,2991230,43
401236262,TOR,3439,26
401236262,TOR,3064291,6
401236262,TOR,3059311,5
401236262,TOR,2595516,32
401236262,TOR,3948153,0
401236262,TOR,3134881,0
401236262,TOR,3058030,0
401236262,TOR,3919454,0
401236281,UTAH,2583632,35
401236281,UTAH,2968436,34
401236281,UTAH,3934721,14
401236281,UTAH,3032976,34
401236281,UTAH,3908809,34
401236281,UTAH,3912292,4
401236281,UTAH,2990969,21
401236281,UTAH,4066851,4
401236281,UTAH,4065673,11
401236281,UTAH,2528426,29
401236281,UTAH,3064457,2
401236281,UTAH,3892818,14
401236281,UTAH,3908819,2
401236281,DEN,3015,18
401236281,DEN,4278104,33
401236281,DEN,2528693,28
401236281,DEN,3112335,32
401236281,DEN,3936299,30
401236281,DEN,2991070,27
401236281,DEN,4066367,4
401236281,DEN,3136779,4
401236281,DEN,2488653,13
401236281,DEN,4397102,4
401236281,DEN,3059310,23
401236281,DEN,2489530,5
401236281,DEN,3923250,19
401236269,PHI,6440,35
401236269,PHI,3059318,34
401236269,PHI,2581190,29
401236269,PHI,3915195,29
401236269,PHI,3907498,25
401236269,PHI,6622,6
401236269,PHI,2608892,7
401236269,PHI,3213,23
401236269,PHI,6615,6
401236269,PHI,2968361,15
401236269,PHI,6429,16
401236269,PHI,3929325,16
401236269,PHI,3138201,0
401236269,BOS,4065648,31
401236269,BOS,2451037,12
401236269,BOS,6479,26
401236269,BOS,2990992,30
401236269,BOS,3917376,28
401236269,BOS,3056602,9
401236269,BOS,4066218,21
401236269,BOS,6447,22
401236269,BOS,3904625,3
401236269,BOS,4066211,7
401236269,BOS,6507,23
401236269,BOS,4397008,23
401236269,BOS,2596112,6
401236274,DAL,2578185,30
401236274,DAL,2960236,33
401236274,DAL,3102531,36
401236274,DAL,2528210,37
401236274,DAL,3945274,28
401236274,DAL,6601,5
401236274,DAL,4376,10
401236274,DAL,2579260,18
401236274,DAL,2326307,26
401236274,DAL,3064447,17
401236274,DAL,3138156,0
401236274,DAL,3055,0
401236274,DAL,3912278,0
401236274,LAC,4251,32
401236274,LAC,6450,41
401236274,LAC,6462,35
401236274,LAC,4017837,18
401236274,LAC,6443,26
401236274,LAC,2327577,13
401236274,LAC,3224,1
401236274,LAC,2991055,22
401236274,LAC,2799,32
401236274,LAC,2488826,1
401236274,LAC,3907823,1
401236274,LAC,3914044,18
401236274,LAC,4264,0
401236316,MIA,6581,24
401236316,MIA,6430,38
401236316,MIA,3157465,25
401236316,MIA,4066261,32
401236316,MIA,3423,32
401236316,MIA,2386,28
401236316,MIA,2489663,12
401236316,MIA,3936099,13
401236316,MIA,4395725,35
401236316,MIA,2184,0
401236316,MIA,2488958,0
401236316,MIA,6605,0
401236316,MIA,3056247,0
401236316,IND,2982334,38
401236316,IND,3133628,33
401236316,IND,2527963,37
401236316,IND,2566769,38
401236316,IND,3922230,21
401236316,IND,2284101,29
401236316,IND,2528588,13
401236316,IND,4067045,0
401236316,IND,2608891,17
401236316,IND,3136485,4
401236316,IND,2530530,10
401236316,IND,4066425,0
401236316,IND,4348700,0
401236295,OKC,3428,33
401236295,OKC,2991235,30
401236295,OKC,2779,37
401236295,OKC,4278073,37
401236295,OKC,4397020,25
401236295,OKC,2595435,10
401236295,OKC,4423545,14
401236295,OKC,2991280,18
401236295,OKC,3032979,32
401236295,OKC,4080610,3
401236295,OKC,2530596,0
401236295,OKC,4230546,0
401236295,OKC,2490089,0
401236295,HOU,3033,30
401236295,HOU,2490620,27
401236295,HOU,2991155,38
401236295,HOU,3431,33
401236295,HOU,3992,36
401236295,HOU,3209,37
401236295,HOU,6617,25
401236295,HOU,2578213,14
401236295,HOU,3970,0
401236295,HOU,3113297,0
401236295,HOU,984,0
401236295,HOU,2991255,0
401236295,HOU,3906603,0
401236255,ORL,2579321,25
401236255,ORL,3132042,30
401236255,ORL,6478,35
401236255,ORL,6588,35
401236255,ORL,4066636,26
401236255,ORL,3074797,14
401236255,ORL,2578240,18
401236255,ORL,3415,28
401236255,ORL,6619,29
401236255,ORL,3059280,0
401236255,ORL,3136746,0
401236255,ORL,3913546,0
401236255,MIL,6609,31
401236255,MIL,3032977,32
401236255,MIL,3448,33
401236255,MIL,4032,22
401236255,MIL,4238,26
401236255,MIL,2797,17
401236255,MIL,3447,10
401236255,MIL,3438,19
401236255,MIL,2011,16
401236255,MIL,2578239,24
401236255,MIL,3934673,11
401236255,MIL,2767,0
401236255,MIL,3057187,0
401236288,POR,1975,27
401236288,POR,4066264,21
401236288,POR,3102530,29
401236288,POR,6606,30
401236288,POR,2490149,33
401236288,POR,2995706,21
401236288,POR,4395688,12
401236288,POR,4262,22
401236288,POR,3133874,10
401236288,POR,4277843,21
401236288,POR,4351851,15
401236288,POR,4066650,0
401236288,LAL,1966,27
401236288,LAL,3988,22
401236288,LAL,6583,29
401236288,LAL,3452,13
401236288,LAL,2581018,22
401236288,LAL,6461,19
401236288,LAL,3134907,21
401236288,LAL,3201,8
401236288,LAL,2384,19
401236288,LAL,2566745,8
401236288,LAL,2444,22
401236288,LAL,6628,15
401236288,LAL,2991350,17
401236263,TOR,3149673,33
401236263,TOR,3934719,33
401236263,TOR,3206,21
401236263,TOR,3012,35
401236263,TOR,2991230,32
401236263,TOR,3439,23
401236263,TOR,2580980,5
401236263,TOR,3948153,5
401236263,TOR,3134881,4
401236263,TOR,3058030,3
401236263,TOR,3059311,5
401236263,TOR,2595516,23
401236263,TOR,3919454,17
401236263,BKN,4066328,33
401236263,BKN,3893019,35
401236263,BKN,4023,36
401236263,BKN,2530276,24
401236263,BKN,2991043,34
401236263,BKN,6485,6
401236263,BKN,2982340,14
401236263,BKN,3907408,6
401236263,BKN,4348696,13
401236263,BKN,4230548,9
401236263,BKN,3907788,6
401236263,BKN,3137795,23
401236282,DEN,3015,17
401236282,DEN,4278104,15
401236282,DEN,2528693,28
401236282,DEN,3112335,32
401236282,DEN,3936299,27
401236282,DEN,3078284,3
401236282,DEN,2991070,25
401236282,DEN,3136779,12
401236282,DEN,2488653,13
401236282,DEN,4397102,9
401236282,DEN,3059310,24
401236282,DEN,2489530,14
401236282,DEN,3923250,21
401236282,UTAH,2583632,28
401236282,UTAH,2968436,22
401236282,UTAH,3032976,32
401236282,UTAH,3195,25
401236282,UTAH,3908809,28
401236282,UTAH,3912292,9
401236282,UTAH,2990969,16
401236282,UTAH,3934721,22
401236282,UTAH,4066851,10
401236282,UTAH,4065673,8
401236282,UTAH,2528426,24
401236282,UTAH,3892818,10
401236282,UTAH,3908819,9
401236270,BOS,4065648,32
401236270,BOS,2451037,26
401236270,BOS,6479,35
401236270,BOS,2990992,39
401236270,BOS,3917376,42
401236270,BOS,3056602,12
401236270,BOS,4066218,11
401236270,BOS,6447,14
401236270,BOS,6507,18
401236270,BOS,4397008,11
401236270,BOS,3904625,0
401236270,BOS,4066211,0
401236270,BOS,4066407,0
401236270,PHI,6440,39
401236270,PHI,3213,38
401236270,PHI,3059318,35
401236270,PHI,2581190,42
401236270,PHI,3915195,38
401236270,PHI,6622,5
401236270,PHI,6429,22
401236270,PHI,3929325,13
401236270,PHI,3907498,9
401236270,PHI,2608892,0
401236270,PHI,3138201,0
401236270,PHI,6615,0
401236270,PHI,2968361,0
401236275,LAC,4251,38
401236275,LAC,6450,39
401236275,LAC,6462,32
401236275,LAC,4017837,30
401236275,LAC,3914044,27
401236275,LAC,2327577,12
401236275,LAC,2991055,18
401236275,LAC,6443,17
401236275,LAC,2799,26
401236275,LAC,3907823,1
401236275,LAC,4066387,0
401236275,LAC,4264,0
401236275,LAC,2488826,0
401236275,DAL,2578185,31
401236275,DAL,2960236,35
401236275,DAL,3102531,38
401236275,DAL,2528210,38
401236275,DAL,3945274,29
401236275,DAL,6601,2
401236275,DAL,4376,10
401236275,DAL,2579260,16
401236275,DAL,2326307,31
401236275,DAL,3064447,9
401236275,DAL,3138156,0
401236275,DAL,3055,0
401236275,DAL,3064237,0
401236256,MIL,6609,31
401236256,MIL,3032977,31
401236256,MIL,3448,30
401236256,MIL,4032,25
401236256,MIL,4238,26
401236256,MIL,2767,4
401236256,MIL,2797,6
401236256,MIL,3057187,4
401236256,MIL,3447,8
401236256,MIL,3438,19
401236256,MIL,2011,18
401236256,MIL,2578239,21
401236256,MIL,3934673,19
401236256,ORL,2579321,9
401236256,ORL,3132042,35
401236256,ORL,6478,36
401236256,ORL,6588,32
401236256,ORL,4066636,28
401236256,ORL,3059280,4
401236256,ORL,3074797,24
401236256,ORL,3136746,4
401236256,ORL,2578240,20
401236256,ORL,3415,27
401236256,ORL,6619,23
401236256,ORL,4277919,0
401236317,IND,2284101,32
401236317,IND,2982334,40
401236317,IND,3133628,38
401236317,IND,2527963,34
401236317,IND,2566769,43
401236317,IND,2528588,16
401236317,IND,2608891,10
401236317,IND,2530530,5
401236317,IND,3922230,22
401236317,IND,4066425,0
401236317,IND,4067045,0
401236317,IND,4348700,0
401236317,IND,3136485,0
401236317,MIA,6581,28
401236317,MIA,6430,37
401236317,MIA,3157465,27
401236317,MIA,4066261,33
401236317,MIA,3423,36
401236317,MIA,2386,28
401236317,MIA,2489663,14
401236317,MIA,3936099,9
401236317,MIA,4395725,29
401236317,MIA,2184,0
401236317,MIA,2488958,0
401236317,MIA,6605,0
401236317,MIA,3056247,0
401236296,HOU,3033,44
401236296,HOU,2490620,19
401236296,HOU,2991155,42
401236296,HOU,3431,41
401236296,HOU,3992,38
401236296,HOU,3209,38
401236296,HOU,6617,25
401236296,HOU,2578213,18
401236296,HOU,3970,0
401236296,HOU,3113297,0
401236296,HOU,984,0
401236296,HOU,2991255,0
401236296,HOU,3906603,0
401236296,OKC,3428,39
401236296,OKC,2991235,35
401236296,OKC,2779,41
401236296,OKC,4278073,48
401236296,OKC,4397020,36
401236296,OKC,4423545,13
401236296,OKC,2991280,13
401236296,OKC,3032979,39
401236296,OKC,2530596,0
401236296,OKC,2595435,0
401236296,OKC,4230546,0
401236296,OKC,2490089,0
401236296,OKC,4080610,0
401236289,LAL,1966,34
401236289,LAL,3988,32
401236289,LAL,6583,41
401236289,LAL,3452,14
401236289,LAL,2581018,28
401236289,LAL,6461,15
401236289,LAL,3134907,23
401236289,LAL,2384,17
401236289,LAL,2444,9
401236289,LAL,2991350,27
401236289,LAL,3201,0
401236289,LAL,3026,0
401236289,LAL,6628,0
401236289,POR,1975,42
401236289,POR,4262,26
401236289,POR,3102530,35
401236289,POR,6606,43
401236289,POR,2490149,43
401236289,POR,2995706,6
401236289,POR,4066264,4
401236289,POR,4277843,27
401236289,POR,4351851,14
401236289,POR,4066650,0
401236289,POR,4395688,0
401236289,POR,3133874,0
401236271,BOS,4065648,40
401236271,BOS,2451037,27
401236271,BOS,6479,36
401236271,BOS,2990992,43
401236271,BOS,3917376,41
401236271,BOS,3056602,7
401236271,BOS,4066218,6
401236271,BOS,6447,16
401236271,BOS,4066211,3
401236271,BOS,6507,18
401236271,BOS,4397008,4
401236271,BOS,3904625,0
401236271,BOS,4066407,0
401236271,PHI,6440,35
401236271,PHI,3213,36
401236271,PHI,3059318,37
401236271,PHI,2581190,36
401236271,PHI,3915195,33
401236271,PHI,6622,7
401236271,PHI,2968361,11
401236271,PHI,6429,30
401236271,PHI,3929325,4
401236271,PHI,3907498,9
401236271,PHI,2608892,0
401236271,PHI,3138201,0
401236271,PHI,6615,0
401236276,LAC,4251,45
401236276,LAC,6450,47
401236276,LAC,6462,35
401236276,LAC,4017837,22
401236276,LAC,3914044,23
401236276,LAC,2327577,13
401236276,LAC,2991055,17
401236276,LAC,6443,28
401236276,LAC,2799,34
401236276,LAC,3907823,1
401236276,LAC,4264,0
401236276,LAC,2488826,0
401236276,LAC,4066387,0
401236276,DAL,2578185,34
401236276,DAL,2960236,37
401236276,DAL,2579260,37
401236276,DAL,2528210,35
401236276,DAL,3945274,46
401236276,DAL,6601,19
401236276,DAL,3138156,5
401236276,DAL,4376,16
401236276,DAL,3055,5
401236276,DAL,2326307,31
401236276,DAL,3102531,0
401236276,DAL,3064447,0
401236276,DAL,3912278,0
401236264,TOR,3149673,33
401236264,TOR,3934719,26
401236264,TOR,3206,21
401236264,TOR,3012,9
401236264,TOR,2991230,19
401236264,TOR,3439,20
401236264,TOR,3948153,10
401236264,TOR,3064291,12
401236264,TOR,3134881,12
401236264,TOR,3058030,6
401236264,TOR,3059311,25
401236264,TOR,2595516,24
401236264,TOR,3919454,24
401236264,BKN,4066328,25
401236264,BKN,3893019,27
401236264,BKN,4023,32
401236264,BKN,2530276,29
401236264,BKN,2991043,31
401236264,BKN,6485,7
401236264,BKN,2982340,10
401236264,BKN,3907408,6
401236264,BKN,4348696,23
401236264,BKN,4230548,17
401236264,BKN,3907788,12
401236264,BKN,3137795,22
401236283,DEN,3015,35
401236283,DEN,2991070,36
401236283,DEN,3112335,39
401236283,DEN,3059310,36
401236283,DEN,3936299,43
401236283,DEN,4278104,23
401236283,DEN,2528693,19
401236283,DEN,2488653,9
401236283,DEN,2489530,0
401236283,DEN,4066367,0
401236283,DEN,3136779,0
401236283,DEN,4397102,0
401236283,DEN,3923250,0
401236283,UTAH,2583632,37
401236283,UTAH,2968436,35
401236283,UTAH,3032976,39
401236283,UTAH,3195,32
401236283,UTAH,3908809,38
401236283,UTAH,2990969,12
401236283,UTAH,3934721,11
401236283,UTAH,4065673,9
401236283,UTAH,2528426,27
401236283,UTAH,3912292,0
401236283,UTAH,4066851,0
401236283,UTAH,3892818,0
401236283,UTAH,3908819,0
401236257,MIL,6609,32
401236257,MIL,3032977,34
401236257,MIL,3448,31
401236257,MIL,4032,22
401236257,MIL,4238,24
401236257,MIL,2767,7
401236257,MIL,2797,14
401236257,MIL,3438,23
401236257,MIL,2011,19
401236257,MIL,2578239,22
401236257,MIL,3934673,12
401236257,MIL,3057187,0
401236257,MIL,3447,0
401236257,ORL,2579321,23
401236257,ORL,3132042,27
401236257,ORL,6478,38
401236257,ORL,6588,36
401236257,ORL,4066636,31
401236257,ORL,3074797,10
401236257,ORL,2578240,18
401236257,ORL,3415,26
401236257,ORL,6619,31
401236257,ORL,3059280,0
401236257,ORL,4065654,0
401236257,ORL,4277919,0
401236297,HOU,3033,38
401236297,HOU,2490620,34
401236297,HOU,2991155,39
401236297,HOU,3431,31
401236297,HOU,3992,43
401236297,HOU,3209,32
401236297,HOU,6617,15
401236297,HOU,2578213,9
401236297,HOU,3970,0
401236297,HOU,3113297,0
401236297,HOU,984,0
401236297,HOU,2991255,0
401236297,HOU,3906603,0
401236297,OKC,3428,29
401236297,OKC,2991235,26
401236297,OKC,2779,37
401236297,OKC,4278073,44
401236297,OKC,4397020,35
401236297,OKC,4423545,19
401236297,OKC,4230546,3
401236297,OKC,2991280,15
401236297,OKC,3032979,31
401236297,OKC,2530596,0
401236297,OKC,2595435,0
401236297,OKC,2490089,0
401236297,OKC,4080610,0
401236318,IND,2284101,38
401236318,IND,2982334,40
401236318,IND,3133628,42
401236318,IND,2527963,44
401236318,IND,2566769,40
401236318,IND,2528588,8
401236318,IND,2608891,6
401236318,IND,3136485,10
401236318,IND,3922230,13
401236318,IND,4066425,0
401236318,IND,4067045,0
401236318,IND,4348700,0
401236318,IND,2530530,0
401236318,MIA,6581,26
401236318,MIA,6430,23
401236318,MIA,3157465,24
401236318,MIA,4066261,37
401236318,MIA,3423,35
401236318,MIA,2386,26
401236318,MIA,2489663,16
401236318,MIA,3936099,7
401236318,MIA,3056247,14
401236318,MIA,4395725,32
401236318,MIA,2184,0
401236318,MIA,2488958,0
401236318,MIA,6605,0
401236290,LAL,1966,28
401236290,LAL,3988,25
401236290,LAL,6583,18
401236290,LAL,3452,14
401236290,LAL,2581018,23
401236290,LAL,6461,18
401236290,LAL,3134907,22
401236290,LAL,3201,7
401236290,LAL,2384,24
401236290,LAL,2566745,9
401236290,LAL,2444,17
401236290,LAL,6628,14
401236290,LAL,2991350,21
401236290,POR,1975,29
401236290,POR,4262,17
401236290,POR,3102530,27
401236290,POR,6606,27
401236290,POR,2490149,33
401236290,POR,2995706,19
401236290,POR,4066264,12
401236290,POR,4395688,9
401236290,POR,3133874,9
401236290,POR,4277843,34
401236290,POR,4351851,25
401236290,POR,4066650,0
401236284,UTAH,2583632,37
401236284,UTAH,2968436,33
401236284,UTAH,3032976,43
401236284,UTAH,3195,35
401236284,UTAH,3908809,38
401236284,UTAH,2990969,18
401236284,UTAH,3934721,5
401236284,UTAH,4065673,5
401236284,UTAH,2528426,26
401236284,UTAH,3912292,0
401236284,UTAH,4066851,0
401236284,UTAH,3892818,0
401236284,UTAH,3908819,0
401236284,DEN,3015,19
401236284,DEN,2991070,40
401236284,DEN,3112335,43
401236284,DEN,3059310,18
401236284,DEN,3936299,41
401236284,DEN,4278104,34
401236284,DEN,2528693,19
401236284,DEN,2488653,5
401236284,DEN,3923250,20
401236284,DEN,3078284,0
401236284,DEN,3136779,0
401236284,DEN,4397102,0
401236284,DEN,2489530,0
401236277,DAL,2578185,27
401236277,DAL,2960236,28
401236277,DAL,2579260,29
401236277,DAL,2528210,25
401236277,DAL,3945274,31
401236277,DAL,6601,14
401236277,DAL,3138156,9
401236277,DAL,4376,17
401236277,DAL,2326307,23
401236277,DAL,3064237,7
401236277,DAL,3064447,21
401236277,DAL,3912278,7
401236277,DAL,3055,0
401236277,LAC,4251,25
401236277,LAC,6450,30
401236277,LAC,6462,28
401236277,LAC,4017837,24
401236277,LAC,3914044,22
401236277,LAC,4264,5
401236277,LAC,2327577,13
401236277,LAC,2991055,23
401236277,LAC,6443,22
401236277,LAC,2799,22
401236277,LAC,2488826,7
401236277,LAC,3907823,14
401236277,LAC,4066387,5
401236260,ORL,2579321,30
401236260,ORL,3132042,24
401236260,ORL,6478,40
401236260,ORL,6588,33
401236260,ORL,4066636,32
401236260,ORL,3074797,15
401236260,ORL,4248,0
401236260,ORL,2578240,19
401236260,ORL,3415,24
401236260,ORL,6619,23
401236260,ORL,3059280,0
401236260,ORL,3136746,0
401236260,ORL,3913546,0
401236260,MIL,6609,34
401236260,MIL,3032977,28
401236260,MIL,3448,28
401236260,MIL,4032,24
401236260,MIL,4238,28
401236260,MIL,2767,13
401236260,MIL,2797,22
401236260,MIL,3057240,0
401236260,MIL,3438,23
401236260,MIL,2011,12
401236260,MIL,2578239,17
401236260,MIL,3934673,12
401236260,MIL,3057187,0
401236260,MIL,3447,0
401236300,OKC,3428,22
401236300,OKC,2991235,25
401236300,OKC,2779,30
401236300,OKC,4278073,34
401236300,OKC,4397020,23
401236300,OKC,2595435,13
401236300,OKC,4423545,26
401236300,OKC,4230546,18
401236300,OKC,2490089,7
401236300,OKC,2991280,13
401236300,OKC,3032979,21
401236300,OKC,4080610,7
401236300,OKC,2530596,0
401236300,HOU,3033,21
401236300,HOU,2490620,31
401236300,HOU,3431,32
401236300,HOU,3468,24
401236300,HOU,3992,28
401236300,HOU,3209,31
401236300,HOU,3970,4
401236300,HOU,2991155,28
401236300,HOU,984,0
401236300,HOU,6617,24
401236300,HOU,2578213,10
401236300,HOU,2991255,4
401236300,HOU,3906603,4
401236293,POR,1975,40
401236293,POR,4262,16
401236293,POR,3102530,37
401236293,POR,2490149,46
401236293,POR,4277843,40
401236293,POR,2995706,10
401236293,POR,4395688,21
401236293,POR,3133874,2
401236293,POR,4351851,28
401236293,POR,4066264,0
401236293,POR,4066650,0
401236293,POR,4395652,0
401236293,LAL,1966,34
401236293,LAL,3988,32
401236293,LAL,6583,36
401236293,LAL,3452,13
401236293,LAL,2581018,28
401236293,LAL,6461,16
401236293,LAL,3134907,25
401236293,LAL,3201,1
401236293,LAL,2384,20
401236293,LAL,2566745,2
401236293,LAL,2444,7
401236293,LAL,2991350,25
401236293,LAL,6628,0
401240076,BOS,4065648,37
401240076,BOS,2451037,25
401240076,BOS,6479,32
401240076,BOS,2990992,31
401240076,BOS,3917376,31
401240076,BOS,3056602,23
401240076,BOS,4066218,8
401240076,BOS,4066211,19
401240076,BOS,4237215,2
401240076,BOS,6507,28
401240076,BOS,4397008,4
401240076,BOS,6447,0
401240076,BOS,4066407,0
401240076,TOR,3149673,34
401240076,TOR,3934719,33
401240076,TOR,3206,26
401240076,TOR,3012,35
401240076,TOR,2991230,38
401240076,TOR,3439,26
401240076,TOR,3948153,4
401240076,TOR,3064291,2
401240076,TOR,3059311,3
401240076,TOR,2595516,27
401240076,TOR,3919454,13
401240076,TOR,3134881,0
401240076,TOR,3058030,0
401236279,LAC,4251,40
401236279,LAC,6450,40
401236279,LAC,6462,11
401236279,LAC,4017837,33
401236279,LAC,3914044,38
401236279,LAC,2327577,15
401236279,LAC,2991055,15
401236279,LAC,6443,27
401236279,LAC,2799,17
401236279,LAC,2488826,2
401236279,LAC,3907823,2
401236279,LAC,4066387,1
401236279,LAC,4264,0
401236279,DAL,2578185,37
401236279,DAL,2960236,36
401236279,DAL,2579260,35
401236279,DAL,2528210,33
401236279,DAL,3945274,42
401236279,DAL,6601,6
401236279,DAL,3138156,2
401236279,DAL,4376,17
401236279,DAL,2326307,29
401236279,DAL,3064237,2
401236279,DAL,3912278,2
401236279,DAL,3055,0
401236279,DAL,3064447,0
401236286,DEN,3015,19
401236286,DEN,2991070,35
401236286,DEN,3112335,36
401236286,DEN,3059310,25
401236286,DEN,3936299,43
401236286,DEN,4278104,28
401236286,DEN,2528693,22
401236286,DEN,2488653,12
401236286,DEN,2999547,21
401236286,DEN,3136779,0
401236286,DEN,4397102,0
401236286,DEN,2489530,0
401236286,DEN,3923250,0
401236286,UTAH,2583632,38
401236286,UTAH,2968436,30
401236286,UTAH,3032976,42
401236286,UTAH,3195,34
401236286,UTAH,3908809,40
401236286,UTAH,2990969,20
401236286,UTAH,3934721,2
401236286,UTAH,4065673,5
401236286,UTAH,2528426,30
401236286,UTAH,3912292,0
401236286,UTAH,4066851,0
401236286,UTAH,3892818,0
401236286,UTAH,3908819,0
401241760,MIA,6581,35
401241760,MIA,6430,36
401241760,MIA,3157465,26
401241760,MIA,4066261,38
401241760,MIA,3423,34
401241760,MIA,2386,19
401241760,MIA,2489663,8
401241760,MIA,3056247,16
401241760,MIA,4395725,29
401241760,MIA,2184,0
401241760,MIA,3936099,0
401241760,MIA,2488958,0
401241760,MIA,6605,0
401241760,MIL,6609,37
401241760,MIL,3032977,37
401241760,MIL,3448,27
401241760,MIL,3438,36
401241760,MIL,4032,24
401241760,MIL,2797,21
401241760,MIL,2011,16
401241760,MIL,2578239,25
401241760,MIL,3059315,2
401241760,MIL,3934673,14
401241760,MIL,2767,0
401241760,MIL,3057187,0
401241760,MIL,3447,0
401241638,HOU,3033,38
401241638,HOU,2490620,38
401241638,HOU,3431,35
401241638,HOU,3468,27
401241638,HOU,3992,39
401241638,HOU,3209,18
401241638,HOU,2991155,30
401241638,HOU,6617,12
401241638,HOU,2578213,4
401241638,HOU,3970,0
401241638,HOU,3113297,0
401241638,HOU,984,0
401241638,HOU,2991255,0
401241638,OKC,3428,28
401241638,OKC,2991235,31
401241638,OKC,2779,40
401241638,OKC,4278073,39
401241638,OKC,4397020,20
401241638,OKC,4423545,22
401241638,OKC,4230546,5
401241638,OKC,2991280,17
401241638,OKC,3032979,37
401241638,OKC,2530596,0
401241638,OKC,2595435,0
401241638,OKC,2490089,0
401241638,OKC,4080610,0
401240077,BOS,4065648,42
401240077,BOS,2451037,30
401240077,BOS,6479,38
401240077,BOS,2990992,39
401240077,BOS,3917376,36
401240077,BOS,3056602,10
401240077,BOS,4066218,19
401240077,BOS,4066211,18
401240077,BOS,6507,9
401240077,BOS,6447,0
401240077,BOS,4237215,0
401240077,BOS,4066407,0
401240077,BOS,4397008,0
401240077,TOR,3149673,43
401240077,TOR,3934719,38
401240077,TOR,3206,21
401240077,TOR,3012,40
401240077,TOR,2991230,43
401240077,TOR,3439,27
401240077,TOR,3948153,9
401240077,TOR,2595516,13
401240077,TOR,3919454,6
401240077,TOR,3064291,0
401240077,TOR,3134881,0
401240077,TOR,3058030,0
401240077,TOR,3059311,0
401241818,UTAH,2583632,42
401241818,UTAH,2968436,39
401241818,UTAH,3032976,39
401241818,UTAH,3195,40
401241818,UTAH,3908809,43
401241818,UTAH,2990969,7
401241818,UTAH,3934721,7
401241818,UTAH,2528426,25
401241818,UTAH,3912292,0
401241818,UTAH,4066851,0
401241818,UTAH,4065673,0
401241818,UTAH,3892818,0
401241818,UTAH,3908819,0
401241818,DEN,3015,14
401241818,DEN,2991070,35
401241818,DEN,3112335,39
401241818,DEN,3059310,25
401241818,DEN,3936299,41
401241818,DEN,4278104,17
401241818,DEN,2528693,34
401241818,DEN,2488653,8
401241818,DEN,2999547,26
401241818,DEN,3136779,0
401241818,DEN,4397102,0
401241818,DEN,2489530,0
401241818,DEN,3923250,0
401241766,MIA,6581,36
401241766,MIA,6430,36
401241766,MIA,3157465,27
401241766,MIA,4066261,33
401241766,MIA,3423,34
401241766,MIA,2386,11
401241766,MIA,2489663,16
401241766,MIA,3936099,7
401241766,MIA,3056247,9
401241766,MIA,4395725,32
401241766,MIA,2184,0
401241766,MIA,2488958,0
401241766,MIA,6605,0
401241766,MIL,6609,33
401241766,MIL,3032977,36
401241766,MIL,3448,32
401241766,MIL,4032,30
401241766,MIL,4238,31
401241766,MIL,2797,22
401241766,MIL,3438,26
401241766,MIL,2011,10
401241766,MIL,2578239,12
401241766,MIL,3934673,8
401241766,MIL,2767,0
401241766,MIL,3057187,0
401241766,MIL,3059315,0
401241819,OKC,3428,27
401241819,OKC,2991235,34
401241819,OKC,2779,40
401241819,OKC,4278073,41
401241819,OKC,4397020,35
401241819,OKC,4423545,15
401241819,OKC,2991280,14
401241819,OKC,3032979,35
401241819,OKC,2530596,0
401241819,OKC,2595435,0
401241819,OKC,4230546,0
401241819,OKC,2490089,0
401241819,OKC,4080610,0
401241819,HOU,3033,39
401241819,HOU,2490620,39
401241819,HOU,3431,37
401241819,HOU,3468,34
401241819,HOU,3992,37
401241819,HOU,3209,21
401241819,HOU,2991155,26
401241819,HOU,6617,7
401241819,HOU,3451,0
401241819,HOU,3970,0
401241819,HOU,984,0
401241819,HOU,2578213,0
401241819,HOU,2991255,0
401240078,TOR,3149673,38
401240078,TOR,3934719,45
401240078,TOR,3206,26
401240078,TOR,3012,46
401240078,TOR,2991230,41
401240078,TOR,3439,22
401240078,TOR,3059311,6
401240078,TOR,2595516,15
401240078,TOR,2580980,0
401240078,TOR,3948153,0
401240078,TOR,3064291,0
401240078,TOR,3134881,0
401240078,TOR,3919454,0
401240078,BOS,4065648,39
401240078,BOS,2451037,30
401240078,BOS,6479,39
401240078,BOS,2990992,37
401240078,BOS,3917376,40
401240078,BOS,3056602,6
401240078,BOS,4066218,18
401240078,BOS,6447,4
401240078,BOS,3904625,0
401240078,BOS,4066211,14
401240078,BOS,6507,12
401240078,BOS,4066407,0
401240078,BOS,4397008,0
401241853,DEN,3015,24
401241853,DEN,2991070,26
401241853,DEN,3112335,30
401241853,DEN,2999547,24
401241853,DEN,3936299,33
401241853,DEN,4278104,23
401241853,DEN,2528693,22
401241853,DEN,3136779,7
401241853,DEN,2488653,14
401241853,DEN,4397102,4
401241853,DEN,3059310,17
401241853,DEN,2489530,5
401241853,DEN,3923250,10
401241853,LAC,4251,33
401241853,LAC,6450,32
401241853,LAC,6462,27
401241853,LAC,4017837,24
401241853,LAC,3964,12
401241853,LAC,4264,4
401241853,LAC,2327577,21
401241853,LAC,2991055,19
401241853,LAC,6443,13
401241853,LAC,2799,24
401241853,LAC,2488826,4
401241853,LAC,3907823,4
401241853,LAC,3914044,21
401241767,MIL,6609,36
401241767,MIL,3032977,35
401241767,MIL,3448,38
401241767,MIL,4032,21
401241767,MIL,4238,30
401241767,MIL,2797,22
401241767,MIL,3438,31
401241767,MIL,2011,5
401241767,MIL,2578239,1
401241767,MIL,3934673,21
401241767,MIL,2767,0
401241767,MIL,3057187,0
401241767,MIL,3059315,0
401241767,MIA,6581,34
401241767,MIA,6430,35
401241767,MIA,3157465,30
401241767,MIA,4066261,36
401241767,MIA,3423,36
401241767,MIA,2386,11
401241767,MIA,3936099,6
401241767,MIA,6605,9
401241767,MIA,3056247,12
401241767,MIA,3137259,0
401241767,MIA,4395725,31
401241767,MIA,2184,0
401241767,MIA,2488958,0
401242801,HOU,3033,36
401242801,HOU,2490620,39
401242801,HOU,3431,34
401242801,HOU,3468,32
401242801,HOU,3992,34
401242801,HOU,3209,24
401242801,HOU,2991155,20
401242801,HOU,6617,16
401242801,HOU,2578213,4
401242801,HOU,2991255,1
401242801,HOU,3451,0
401242801,HOU,3970,0
401242801,HOU,984,0
401242801,LAL,1966,37
401242801,LAL,3988,28
401242801,LAL,6583,37
401242801,LAL,3452,13
401242801,LAL,2581018,28
401242801,LAL,6461,9
401242801,LAL,3134907,28
401242801,LAL,3201,3
401242801,LAL,2384,11
401242801,LAL,3026,25
401242801,LAL,6628,5
401242801,LAL,2991350,16
401242801,LAL,2444,0
401240079,TOR,3149673,46
401240079,TOR,3934719,35
401240079,TOR,3206,26
401240079,TOR,3012,44
401240079,TOR,2991230,45
401240079,TOR,3439,22
401240079,TOR,3059311,3
401240079,TOR,2595516,19
401240079,TOR,2580980,0
401240079,TOR,3948153,0
401240079,TOR,3064291,0
401240079,TOR,3134881,0
401240079,TOR,3919454,0
401240079,BOS,4065648,43
401240079,BOS,2451037,26
401240079,BOS,6479,41
401240079,BOS,2990992,41
401240079,BOS,3917376,37
401240079,BOS,3056602,11
401240079,BOS,4066218,13
401240079,BOS,4066211,15
401240079,BOS,6507,13
401240079,BOS,6447,0
401240079,BOS,4066407,0
401240079,BOS,4397008,0
401240079,BOS,4278080,0
401242795,DEN,3015,32
401242795,DEN,2991070,40
401242795,DEN,3112335,37
401242795,DEN,2999547,29
401242795,DEN,3936299,40
401242795,DEN,4278104,16
401242795,DEN,2528693,17
401242795,DEN,2488653,11
401242795,DEN,3059310,18
401242795,DEN,3136779,0
401242795,DEN,4397102,0
401242795,DEN,2489530,0
401242795,DEN,3923250,0
401242795,LAC,4251,42
401242795,LAC,6450,39
401242795,LAC,6462,31
401242795,LAC,4017837,20
401242795,LAC,3964,15
401242795,LAC,2327577,26
401242795,LAC,2991055,18
401242795,LAC,6443,9
401242795,LAC,2799,29
401242795,LAC,3907823,0
401242795,LAC,3914044,10
401242795,LAC,4264,0
401242795,LAC,2488826,0
401241769,MIL,6609,48
401241769,MIL,3032977,11
401241769,MIL,3448,42
401241769,MIL,4032,25
401241769,MIL,4238,40
401241769,MIL,2797,17
401241769,MIL,3438,37
401241769,MIL,2011,5
401241769,MIL,2578239,13
401241769,MIL,3934673,27
401241769,MIL,2767,0
401241769,MIL,3136491,0
401241769,MIL,3057187,0
401241769,MIA,6581,31
401241769,MIA,6430,39
401241769,MIA,3157465,39
401241769,MIA,4066261,44
401241769,MIA,3423,40
401241769,MIA,2386,22
401241769,MIA,2489663,10
401241769,MIA,3936099,0
401241769,MIA,3056247,8
401241769,MIA,4395725,33
401241769,MIA,2184,0
401241769,MIA,2488958,0
401241769,MIA,6605,0
401242802,HOU,3033,34
401242802,HOU,2490620,38
401242802,HOU,3431,36
401242802,HOU,3468,33
401242802,HOU,3992,39
401242802,HOU,3209,22
401242802,HOU,2991155,27
401242802,HOU,6617,7
401242802,HOU,2578213,3
401242802,HOU,3451,0
401242802,HOU,3970,0
401242802,HOU,984,0
401242802,HOU,2991255,0
401242802,LAL,1966,39
401242802,LAL,3988,31
401242802,LAL,6583,36
401242802,LAL,3452,8
401242802,LAL,2581018,25
401242802,LAL,6461,23
401242802,LAL,3134907,21
401242802,LAL,3026,29
401242802,LAL,6628,3
401242802,LAL,2991350,26
401242802,LAL,3201,0
401242802,LAL,2384,0
401242802,LAL,2444,0
401240080,BOS,4065648,36
401240080,BOS,2451037,30
401240080,BOS,6479,36
401240080,BOS,2990992,35
401240080,BOS,3917376,37
401240080,BOS,3056602,7
401240080,BOS,4066218,9
401240080,BOS,6447,3
401240080,BOS,4066211,9
401240080,BOS,6507,28
401240080,BOS,4066407,3
401240080,BOS,4397008,3
401240080,BOS,4278080,2
401240080,TOR,3149673,29
401240080,TOR,3934719,26
401240080,TOR,3206,14
401240080,TOR,3012,34
401240080,TOR,2991230,34
401240080,TOR,3439,19
401240080,TOR,3948153,12
401240080,TOR,3064291,7
401240080,TOR,3134881,4
401240080,TOR,3059311,19
401240080,TOR,2595516,31
401240080,TOR,3919454,12
401240080,TOR,2580980,0
401242796,LAC,4251,40
401242796,LAC,6450,42
401242796,LAC,6462,35
401242796,LAC,4017837,22
401242796,LAC,3964,21
401242796,LAC,2327577,15
401242796,LAC,2991055,22
401242796,LAC,6443,5
401242796,LAC,2799,28
401242796,LAC,3907823,0
401242796,LAC,3914044,11
401242796,LAC,4264,0
401242796,LAC,2488826,0
401242796,DEN,3015,28
401242796,DEN,2991070,42
401242796,DEN,3112335,39
401242796,DEN,2999547,35
401242796,DEN,3936299,38
401242796,DEN,4278104,23
401242796,DEN,2528693,6
401242796,DEN,2488653,9
401242796,DEN,3059310,18
401242796,DEN,3136779,0
401242796,DEN,4397102,0
401242796,DEN,2489530,0
401242796,DEN,3923250,0
401241770,MIA,6581,32
401241770,MIA,6430,37
401241770,MIA,3157465,14
401241770,MIA,4066261,31
401241770,MIA,3423,33
401241770,MIA,2386,18
401241770,MIA,2489663,17
401241770,MIA,3056247,22
401241770,MIA,4395725,37
401241770,MIA,2184,0
401241770,MIA,3936099,0
401241770,MIA,2488958,0
401241770,MIA,6605,0
401241770,MIL,6609,42
401241770,MIL,3448,37
401241770,MIL,4032,29
401241770,MIL,4238,36
401241770,MIL,3934673,28
401241770,MIL,2797,21
401241770,MIL,3438,28
401241770,MIL,2011,6
401241770,MIL,2578239,14
401241770,MIL,2767,0
401241770,MIL,3136491,0
401241770,MIL,3057187,0
401241770,MIL,3447,0
401242803,LAL,1966,38
401242803,LAL,3988,22
401242803,LAL,6583,39
401242803,LAL,3452,7
401242803,LAL,2581018,30
401242803,LAL,6461,23
401242803,LAL,3134907,24
401242803,LAL,3026,30
401242803,LAL,2444,3
401242803,LAL,2991350,25
401242803,LAL,3201,0
401242803,LAL,4396991,0
401242803,LAL,2384,0
401242803,HOU,3033,38
401242803,HOU,2490620,36
401242803,HOU,3431,36
401242803,HOU,3468,36
401242803,HOU,3992,38
401242803,HOU,3209,35
401242803,HOU,6617,11
401242803,HOU,2578213,10
401242803,HOU,3451,0
401242803,HOU,3970,0
401242803,HOU,3113297,0
401242803,HOU,2991255,0
401242803,HOU,3906603,0
401240081,TOR,3149673,54
401240081,TOR,3934719,50
401240081,TOR,3206,16
401240081,TOR,3012,53
401240081,TOR,2991230,51
401240081,TOR,3439,21
401240081,TOR,3948153,0
401240081,TOR,3059311,6
401240081,TOR,2595516,38
401240081,TOR,3064291,0
401240081,TOR,3134881,0
401240081,TOR,3058030,0
401240081,TOR,3919454,0
401240081,BOS,4065648,51
401240081,BOS,2451037,47
401240081,BOS,6479,52
401240081,BOS,2990992,50
401240081,BOS,3917376,51
401240081,BOS,3056602,5
401240081,BOS,4066218,7
401240081,BOS,4066211,8
401240081,BOS,6507,19
401240081,BOS,6447,0
401240081,BOS,4066407,0
401240081,BOS,4397008,0
401240081,BOS,4278080,0
401242797,LAC,4251,27
401242797,LAC,6450,39
401242797,LAC,6462,30
401242797,LAC,4017837,30
401242797,LAC,3964,23
401242797,LAC,2327577,18
401242797,LAC,2991055,18
401242797,LAC,6443,1
401242797,LAC,2799,30
401242797,LAC,3907823,1
401242797,LAC,3914044,25
401242797,LAC,4264,0
401242797,LAC,3224,0
401242797,DEN,3015,14
401242797,DEN,2991070,34
401242797,DEN,3112335,39
401242797,DEN,2999547,23
401242797,DEN,3936299,44
401242797,DEN,4278104,34
401242797,DEN,2528693,25
401242797,DEN,2488653,9
401242797,DEN,3059310,17
401242797,DEN,3923250,1
401242797,DEN,3136779,0
401242797,DEN,4397102,0
401242797,DEN,2489530,0
401242804,LAL,6461,23
401242804,LAL,1966,34
401242804,LAL,3988,26
401242804,LAL,6583,40
401242804,LAL,2581018,30
401242804,LAL,3134907,22
401242804,LAL,4396991,7
401242804,LAL,3026,29
401242804,LAL,2991350,30
401242804,LAL,3201,0
401242804,LAL,2384,0
401242804,LAL,3452,0
401242804,LAL,2444,0
401242804,HOU,3033,33
401242804,HOU,2490620,24
401242804,HOU,3431,35
401242804,HOU,3468,41
401242804,HOU,3992,39
401242804,HOU,3209,26
401242804,HOU,6617,28
401242804,HOU,2578213,15
401242804,HOU,3451,0
401242804,HOU,3970,0
401242804,HOU,3113297,0
401242804,HOU,984,0
401242804,HOU,2991255,0
401242798,DEN,3015,29
401242798,DEN,2991070,36
401242798,DEN,3112335,40
401242798,DEN,2999547,27
401242798,DEN,3936299,40
401242798,DEN,4278104,22
401242798,DEN,2528693,18
401242798,DEN,2488653,11
401242798,DEN,3059310,17
401242798,DEN,3136779,0
401242798,DEN,4397102,0
401242798,DEN,2489530,0
401242798,DEN,3923250,0
401242798,LAC,4251,42
401242798,LAC,6450,39
401242798,LAC,6462,37
401242798,LAC,4017837,32
401242798,LAC,3964,27
401242798,LAC,2327577,14
401242798,LAC,2991055,16
401242798,LAC,2799,19
401242798,LAC,3907823,0
401242798,LAC,3914044,14
401242798,LAC,4264,0
401242798,LAC,3224,0
401242798,LAC,6443,0
401241765,BOS,4065648,44
401241765,BOS,2451037,23
401241765,BOS,6479,44
401241765,BOS,2990992,43
401241765,BOS,3917376,43
401241765,BOS,3056602,9
401241765,BOS,4066218,7
401241765,BOS,4066211,18
401241765,BOS,6507,9
401241765,BOS,6447,0
401241765,BOS,4066407,0
401241765,BOS,4397008,0
401241765,BOS,4278080,0
401241765,TOR,3149673,42
401241765,TOR,3934719,35
401241765,TOR,3206,19
401241765,TOR,3012,41
401241765,TOR,2991230,45
401241765,TOR,3439,20
401241765,TOR,3059311,5
401241765,TOR,2595516,33
401241765,TOR,2580980,0
401241765,TOR,3948153,0
401241765,TOR,3064291,0
401241765,TOR,3134881,0
401241765,TOR,3919454,0
401242805,HOU,3033,29
401242805,HOU,2490620,22
401242805,HOU,3431,29
401242805,HOU,3468,36
401242805,HOU,3992,42
401242805,HOU,3209,25
401242805,HOU,3113297,5
401242805,HOU,6617,24
401242805,HOU,2578213,20
401242805,HOU,2991255,5
401242805,HOU,3906603,5
401242805,HOU,3451,0
401242805,HOU,3970,0
401242805,LAL,6461,24
401242805,LAL,1966,31
401242805,LAL,3988,25
401242805,LAL,6583,34
401242805,LAL,2581018,28
401242805,LAL,3134907,27
401242805,LAL,3201,6
401242805,LAL,4396991,10
401242805,LAL,2384,5
401242805,LAL,3452,3
401242805,LAL,3026,21
401242805,LAL,2444,4
401242805,LAL,2991350,24
401242799,LAC,4251,39
401242799,LAC,6450,41
401242799,LAC,6462,30
401242799,LAC,4017837,30
401242799,LAC,3964,18
401242799,LAC,2327577,20
401242799,LAC,3224,1
401242799,LAC,2991055,15
401242799,LAC,6443,1
401242799,LAC,2799,24
401242799,LAC,3907823,1
401242799,LAC,3914044,20
401242799,LAC,4264,0
401242799,DEN,3015,21
401242799,DEN,2991070,20
401242799,DEN,3112335,40
401242799,DEN,2999547,42
401242799,DEN,3936299,41
401242799,DEN,4278104,27
401242799,DEN,2528693,23
401242799,DEN,3136779,1
401242799,DEN,2488653,8
401242799,DEN,3059310,16
401242799,DEN,3923250,1
401242799,DEN,4397102,0
401242799,DEN,2489530,0
401245393,MIA,6581,39
401245393,MIA,6430,43
401245393,MIA,3157465,17
401245393,MIA,4066261,43
401245393,MIA,3423,39
401245393,MIA,2386,15
401245393,MIA,2489663,10
401245393,MIA,3936099,6
401245393,MIA,3056247,13
401245393,MIA,4395725,40
401245393,MIA,2184,0
401245393,MIA,2488958,0
401245393,MIA,6605,0
401245393,BOS,4065648,43
401245393,BOS,2451037,35
401245393,BOS,6479,43
401245393,BOS,2990992,43
401245393,BOS,3917376,44
401245393,BOS,3056602,10
401245393,BOS,4066218,10
401245393,BOS,6447,0
401245393,BOS,4066211,11
401245393,BOS,6507,25
401245393,BOS,4066407,0
401245393,BOS,4397008,0
401245393,BOS,4278080,0
401242800,DEN,3015,32
401242800,DEN,2991070,31
401242800,DEN,3112335,40
401242800,DEN,2999547,37
401242800,DEN,3936299,45
401242800,DEN,4278104,15
401242800,DEN,2528693,19
401242800,DEN,3136779,0
401242800,DEN,2488653,8
401242800,DEN,3059310,13
401242800,DEN,2489530,0
401242800,DEN,3923250,0
401242800,DEN,4397102,0
401242800,LAC,4251,38
401242800,LAC,6450,44
401242800,LAC,6462,26
401242800,LAC,4017837,14
401242800,LAC,3964,30
401242800,LAC,2327577,24
401242800,LAC,2991055,26
401242800,LAC,6443,4
401242800,LAC,2799,25
401242800,LAC,2488826,1
401242800,LAC,3907823,2
401242800,LAC,3914044,6
401242800,LAC,4264,0
401245394,MIA,6581,36
401245394,MIA,6430,36
401245394,MIA,3157465,32
401245394,MIA,4066261,35
401245394,MIA,3423,34
401245394,MIA,2386,7
401245394,MIA,2489663,13
401245394,MIA,3936099,8
401245394,MIA,3056247,5
401245394,MIA,4395725,32
401245394,MIA,2184,0
401245394,MIA,2488958,0
401245394,MIA,6605,0
401245394,BOS,4065648,42
401245394,BOS,2451037,32
401245394,BOS,6479,34
401245394,BOS,2990992,38
401245394,BOS,3917376,39
401245394,BOS,3056602,9
401245394,BOS,4066218,10
401245394,BOS,6447,11
401245394,BOS,6507,24
401245394,BOS,4397008,1
401245394,BOS,4066211,0
401245394,BOS,4066407,0
401245394,BOS,4278080,0
401246234,DEN,3015,21
401246234,DEN,2991070,37
401246234,DEN,3112335,25
401246234,DEN,2999547,25
401246234,DEN,3936299,29
401246234,DEN,4278104,29
401246234,DEN,2528693,10
401246234,DEN,2488653,21
401246234,DEN,4397102,4
401246234,DEN,3059310,21
401246234,DEN,2489530,5
401246234,DEN,3923250,12
401246234,DEN,3136779,0
401246234,LAL,1966,31
401246234,LAL,3988,23
401246234,LAL,6583,33
401246234,LAL,3452,11
401246234,LAL,2581018,30
401246234,LAL,6461,16
401246234,LAL,3134907,24
401246234,LAL,3201,4
401246234,LAL,2384,16
401246234,LAL,3026,22
401246234,LAL,2566745,3
401246234,LAL,2444,4
401246234,LAL,2991350,22
401245395,BOS,4065648,41
401245395,BOS,2451037,24
401245395,BOS,6479,41
401245395,BOS,2990992,36
401245395,BOS,3917376,43
401245395,BOS,4066218,9
401245395,BOS,4249,31
401245395,BOS,6447,6
401245395,BOS,6507,9
401245395,BOS,3056602,0
401245395,BOS,4066211,0
401245395,BOS,4066407,0
401245395,BOS,2596112,0
401245395,MIA,6581,32
401245395,MIA,6430,37
401245395,MIA,3157465,28
401245395,MIA,4066261,38
401245395,MIA,3423,28
401245395,MIA,2386,7
401245395,MIA,2489663,13
401245395,MIA,3936099,16
401245395,MIA,3056247,4
401245395,MIA,4395725,36
401245395,MIA,2184,0
401245395,MIA,2488958,0
401245395,MIA,6605,0
401246235,DEN,3015,28
401246235,DEN,2991070,25
401246235,DEN,3112335,39
401246235,DEN,2999547,25
401246235,DEN,3936299,44
401246235,DEN,4278104,20
401246235,DEN,2528693,23
401246235,DEN,2488653,9
401246235,DEN,3059310,13
401246235,DEN,3923250,14
401246235,DEN,3136779,0
401246235,DEN,4397102,0
401246235,DEN,2489530,0
401246235,LAL,1966,36
401246235,LAL,3988,28
401246235,LAL,6583,39
401246235,LAL,3452,12
401246235,LAL,2581018,31
401246235,LAL,6461,9
401246235,LAL,3134907,21
401246235,LAL,2384,13
401246235,LAL,3026,21
401246235,LAL,2991350,29
401246235,LAL,3201,0
401246235,LAL,2566745,0
401246235,LAL,2444,0
401246236,LAL,1966,37
401246236,LAL,3988,20
401246236,LAL,6583,43
401246236,LAL,3452,8
401246236,LAL,2581018,27
401246236,LAL,6461,11
401246236,LAL,3134907,26
401246236,LAL,2384,14
401246236,LAL,3026,30
401246236,LAL,2991350,25
401246236,LAL,3201,0
401246236,LAL,2566745,0
401246236,LAL,2444,0
401246236,DEN,3015,31
401246236,DEN,2991070,34
401246236,DEN,3112335,37
401246236,DEN,2999547,32
401246236,DEN,3936299,44
401246236,DEN,4278104,22
401246236,DEN,2528693,15
401246236,DEN,2488653,5
401246236,DEN,3059310,20
401246236,DEN,3136779,0
401246236,DEN,4397102,0
401246236,DEN,2489530,0
401246236,DEN,3923250,0
401247145,BOS,4065648,39
401247145,BOS,2451037,30
401247145,BOS,6479,34
401247145,BOS,2990992,36
401247145,BOS,3917376,40
401247145,BOS,3056602,4
401247145,BOS,4066218,1
401247145,BOS,4249,30
401247145,BOS,4066211,12
401247145,BOS,6507,13
401247145,BOS,6447,0
401247145,BOS,4066407,0
401247145,BOS,2596112,0
401247145,MIA,6581,31
401247145,MIA,6430,39
401247145,MIA,3157465,23
401247145,MIA,4066261,41
401247145,MIA,3423,39
401247145,MIA,2386,27
401247145,MIA,2488958,4
401247145,MIA,4395725,36
401247145,MIA,2184,0
401247145,MIA,2489663,0
401247145,MIA,3936099,0
401247145,MIA,6605,0
401247145,MIA,3056247,0
401246237,LAL,1966,38
401246237,LAL,3988,21
401246237,LAL,6583,41
401246237,LAL,2384,23
401246237,LAL,2581018,34
401246237,LAL,6461,17
401246237,LAL,3134907,19
401246237,LAL,3452,5
401246237,LAL,3026,22
401246237,LAL,2991350,20
401246237,LAL,3201,0
401246237,LAL,2566745,0
401246237,LAL,2444,0
401246237,DEN,3015,17
401246237,DEN,2991070,43
401246237,DEN,3112335,36
401246237,DEN,2999547,19
401246237,DEN,3936299,45
401246237,DEN,4278104,21
401246237,DEN,2528693,20
401246237,DEN,2488653,14
401246237,DEN,3059310,27
401246237,DEN,3923250,0
401246237,DEN,3136779,0
401246237,DEN,4397102,0
401246237,DEN,2489530,0
401247146,MIA,6581,33
401247146,MIA,6430,36
401247146,MIA,3157465,37
401247146,MIA,4066261,38
401247146,MIA,3423,36
401247146,MIA,2386,19
401247146,MIA,2489663,4
401247146,MIA,3936099,0
401247146,MIA,2488958,7
401247146,MIA,4395725,29
401247146,MIA,2184,0
401247146,MIA,6605,0
401247146,MIA,3056247,0
401247146,BOS,4065648,43
401247146,BOS,2451037,35
401247146,BOS,6479,28
401247146,BOS,2990992,40
401247146,BOS,3917376,39
401247146,BOS,4066218,8
401247146,BOS,4249,30
401247146,BOS,6447,10
401247146,BOS,6507,5
401247146,BOS,3056602,0
401247146,BOS,4066211,0
401247146,BOS,4066407,0
401247146,BOS,2596112,0
401246238,DEN,3015,31
401246238,DEN,2991070,46
401246238,DEN,3112335,30
401246238,DEN,2999547,13
401246238,DEN,3936299,43
401246238,DEN,4278104,17
401246238,DEN,2528693,7
401246238,DEN,2488653,18
401246238,DEN,3059310,28
401246238,DEN,3923250,7
401246238,DEN,3136779,0
401246238,DEN,4397102,0
401246238,DEN,2489530,0
401246238,LAL,1966,40
401246238,LAL,3988,28
401246238,LAL,6583,35
401246238,LAL,2384,35
401246238,LAL,2581018,26
401246238,LAL,6461,14
401246238,LAL,3134907,21
401246238,LAL,3452,2
401246238,LAL,3026,13
401246238,LAL,2991350,26
401246238,LAL,3201,0
401246238,LAL,2566745,0
401246238,LAL,2444,0
401247147,BOS,4065648,44
401247147,BOS,2451037,22
401247147,BOS,6479,35
401247147,BOS,2990992,36
401247147,BOS,3917376,40
401247147,BOS,4066218,10
401247147,BOS,4249,32
401247147,BOS,6447,8
401247147,BOS,4066211,4
401247147,BOS,6507,9
401247147,BOS,3056602,0
401247147,BOS,4066407,0
401247147,BOS,2596112,0
401247147,MIA,6581,30
401247147,MIA,6430,39
401247147,MIA,3157465,34
401247147,MIA,4066261,39
401247147,MIA,3423,30
401247147,MIA,2386,28
401247147,MIA,2488958,5
401247147,MIA,4395725,35
401247147,MIA,2184,0
401247147,MIA,2489663,0
401247147,MIA,3936099,0
401247147,MIA,6605,0
401247147,MIA,3056247,0
401248433,MIA,6581,25
401248433,MIA,6430,33
401248433,MIA,3157465,27
401248433,MIA,4066261,21
401248433,MIA,3423,15
401248433,MIA,2386,25
401248433,MIA,2489663,18
401248433,MIA,3936099,7
401248433,MIA,2488958,18
401248433,MIA,3056247,20
401248433,MIA,4395725,30
401248433,MIA,2184,0
401248433,MIA,6605,0
401248433,LAL,1966,36
401248433,LAL,3988,30
401248433,LAL,6583,38
401248433,LAL,2384,15
401248433,LAL,2581018,30
401248433,LAL,6461,18
401248433,LAL,3134907,22
401248433,LAL,3201,1
401248433,LAL,3026,25
401248433,LAL,2566745,1
401248433,LAL,2444,1
401248433,LAL,2991350,22
401248433,LAL,3452,0
401248434,MIA,6581,28
401248434,MIA,6430,45
401248434,MIA,3157465,22
401248434,MIA,6605,9
401248434,MIA,4395725,43
401248434,MIA,2386,26
401248434,MIA,2489663,37
401248434,MIA,3936099,0
401248434,MIA,2488958,1
401248434,MIA,3056247,29
401248434,MIA,2184,0
401248434,MIA,3923253,0
401248434,MIA,4066261,0
401248434,LAL,1966,39
401248434,LAL,3988,22
401248434,LAL,6583,40
401248434,LAL,2384,17
401248434,LAL,2581018,32
401248434,LAL,6461,16
401248434,LAL,3134907,22
401248434,LAL,3026,26
401248434,LAL,2444,3
401248434,LAL,2991350,23
401248434,LAL,3201,0
401248434,LAL,4396991,0
401248434,LAL,3452,0
401248435,LAL,1966,39
401248435,LAL,3988,17
401248435,LAL,6583,33
401248435,LAL,2384,15
401248435,LAL,2581018,29
401248435,LAL,6461,25
401248435,LAL,3134907,23
401248435,LAL,3201,0
401248435,LAL,3026,28
401248435,LAL,2444,5
401248435,LAL,2991350,26
401248435,LAL,4396991,0
401248435,LAL,3452,0
401248435,MIA,6581,34
401248435,MIA,6430,45
401248435,MIA,3157465,39
401248435,MIA,6605,13
401248435,MIA,4395725,36
401248435,MIA,2386,17
401248435,MIA,2489663,31
401248435,MIA,3936099,1
401248435,MIA,2488958,4
401248435,MIA,3056247,20
401248435,MIA,2184,0
401248435,MIA,3923253,0
401248435,MIA,4066261,0
401248436,LAL,1966,39
401248436,LAL,3988,21
401248436,LAL,6583,42
401248436,LAL,2384,8
401248436,LAL,2581018,32
401248436,LAL,6461,30
401248436,LAL,3134907,19
401248436,LAL,3026,28
401248436,LAL,2991350,22
401248436,LAL,3201,0
401248436,LAL,4396991,0
401248436,LAL,3452,0
401248436,LAL,2444,0
401248436,MIA,6581,35
401248436,MIA,6430,43
401248436,MIA,3157465,33
401248436,MIA,4066261,33
401248436,MIA,4395725,37
401248436,MIA,2386,20
401248436,MIA,2489663,12
401248436,MIA,3056247,26
401248436,MIA,2184,0
401248436,MIA,3923253,0
401248436,MIA,3936099,0
401248436,MIA,2488958,0
401248436,MIA,6605,0
401248437,MIA,6581,40
401248437,MIA,6430,47
401248437,MIA,3157465,37
401248437,MIA,4066261,38
401248437,MIA,4395725,31
401248437,MIA,2386,20
401248437,MIA,3056247,28
401248437,MIA,2184,0
401248437,MIA,2489663,0
401248437,MIA,3923253,0
401248437,MIA,3936099,0
401248437,MIA,2488958,0
401248437,MIA,6605,0
401248437,LAL,1966,42
401248437,LAL,3988,24
401248437,LAL,6583,42
401248437,LAL,2384,15
401248437,LAL,2581018,31
401248437,LAL,6461,23
401248437,LAL,3134907,22
401248437,LAL,3026,18
401248437,LAL,2991350,23
401248437,LAL,3201,0
401248437,LAL,3452,0
401248437,LAL,2566745,0
401248437,LAL,2444,0
401248438,LAL,1966,41
401248438,LAL,3988,25
401248438,LAL,6583,35
401248438,LAL,2581018,33
401248438,LAL,2991350,33
401248438,LAL,6461,17
401248438,LAL,3134907,22
401248438,LAL,3201,1
401248438,LAL,2384,1
401248438,LAL,3026,30
401248438,LAL,2566745,1
401248438,LAL,3452,0
401248438,LAL,2444,0
401248438,MIA,6581,28
401248438,MIA,6430,45
401248438,MIA,3157465,34
401248438,MIA,4066261,42
401248438,MIA,4395725,30
401248438,MIA,2386,11
401248438,MIA,2489663,15
401248438,MIA,3936099,1
401248438,MIA,2488958,2
401248438,MIA,3423,19
401248438,MIA,3056247,13
401248438,MIA,2184,0
401248438,MIA,6605,0
