game_id,team,player_id,minutes
401070213,PHI,2490620,34
401070213,PHI,3032978,23
401070213,PHI,3059318,37
401070213,PHI,3907387,43
401070213,PHI,4066636,24
401070213,PHI,3155533,1
401070213,PHI,2769,11
401070213,PHI,3024,30
401070213,PHI,3929325,1
401070213,PHI,2530530,22
401070213,PHI,3914044,13
401070213,PHI,3915195,0
401070213,PHI,3059273,0
401070213,BOS,4065648,29
401070213,BOS,4249,25
401070213,BOS,3213,30
401070213,BOS,6442,29
401070213,BOS,3917376,28
401070213,BOS,3056602,1
401070213,BOS,6462,21
401070213,BOS,4017844,1
401070213,BOS,2451037,4
401070213,BOS,2968439,19
401070213,BOS,6507,1
401070213,BOS,2990992,25
401070213,BOS,3074752,27
401070214,OKC,4264,19
401070214,OKC,4251,37
401070214,OKC,4230546,27
401070214,OKC,2991235,36
401070214,OKC,3032979,34
401070214,OKC,2991070,29
401070214,OKC,2991280,12
401070214,OKC,2753,14
401070214,OKC,2995702,23
401070214,OKC,4080610,9
401070214,OKC,2595435,0
401070214,OKC,3059358,0
401070214,OKC,3893019,0
401070214,GS,3202,38
401070214,GS,6589,33
401070214,GS,3064559,27
401070214,GS,3975,37
401070214,GS,6475,35
401070214,GS,2386,10
401070214,GS,3998,6
401070214,GS,2530923,2
401070214,GS,3064427,7
401070214,GS,3155535,18
401070214,GS,2566745,13
401070214,GS,2393,15
401070214,GS,3934621,0
401070693,MIL,6609,33
401070693,MIL,3032977,35
401070693,MIL,3448,21
401070693,MIL,4238,34
401070693,MIL,2566769,38
401070693,MIL,2767,29
401070693,MIL,6592,12
401070693,MIL,3058254,5
401070693,MIL,2528353,11
401070693,MIL,3057187,0
401070693,MIL,3934673,22
401070693,MIL,2489716,0
401070693,MIL,2578239,0
401070693,CHA,2797,26
401070693,CHA,3416,32
401070693,CHA,2579258,21
401070693,CHA,6479,39
401070693,CHA,6603,21
401070693,CHA,6601,22
401070693,CHA,4066383,15
401070693,CHA,2999409,12
401070693,CHA,1015,20
401070693,CHA,4066262,34
401070693,CHA,2579294,0
401070693,CHA,6427,0
401070693,CHA,3907821,0
401070694,BKN,3201,36
401070694,BKN,2528794,37
401070694,BKN,4066328,30
401070694,BKN,2991043,34
401070694,BKN,3136776,25
401070694,BKN,2595231,17
401070694,BKN,4230548,11
401070694,BKN,4259,18
401070694,BKN,2580782,32
401070694,BKN,6433,0
401070694,BKN,4348696,0
401070694,BKN,3138154,0
401070694,DET,3989,34
401070694,DET,6585,32
401070694,DET,6443,35
401070694,DET,3913174,19
401070694,DET,4065670,19
401070694,DET,2991039,20
401070694,DET,2016,15
401070694,DET,4305,29
401070694,DET,2530572,33
401070694,DET,3059430,4
401070694,DET,3906522,0
401070694,DET,6452,0
401070694,DET,2528779,0
401070694,DET,3134881,0
401070694,DET,2806,0
401070695,MEM,2327577,25
401070695,MEM,6466,23
401070695,MEM,3206,30
401070695,MEM,3195,29
401070695,MEM,4023,25
401070695,MEM,2993874,19
401070695,MEM,3155526,6
401070695,MEM,4277961,25
401070695,MEM,6428,22
401070695,MEM,6454,30
401070695,MEM,3059316,6
401070695,MEM,3917378,0
401070695,MEM,3554,0
401070695,IND,3244,28
401070695,IND,3593,27
401070695,IND,3133628,20
401070695,IND,3973,21
401070695,IND,2527963,26
401070695,IND,4066425,1
401070695,IND,2528588,24
401070695,IND,3155942,29
401070695,IND,6615,4
401070695,IND,6446,28
401070695,IND,3136485,4
401070695,IND,3983,24
401070695,IND,3922230,4
401070696,MIA,3936099,17
401070696,MIA,4262,34
401070696,MIA,3423,33
401070696,MIA,2581190,38
401070696,MIA,2488826,32
401070696,MIA,2489663,15
401070696,MIA,4066261,22
401070696,MIA,1987,26
401070696,MIA,2530276,24
401070696,MIA,2184,0
401070696,MIA,3136183,0
401070696,MIA,3157465,0
401070696,MIA,3981,0
401070696,ORL,3064290,38
401070696,ORL,4065654,18
401070696,ORL,6478,28
401070696,ORL,6588,24
401070696,ORL,3415,22
401070696,ORL,4277919,25
401070696,ORL,6619,26
401070696,ORL,2531047,26
401070696,ORL,2579466,33
401070696,ORL,3064517,0
401070696,ORL,3074797,0
401070696,ORL,2578240,0
401070696,ORL,3936294,0
401070697,ATL,2990962,32
401070697,ATL,6637,30
401070697,ATL,2596107,21
401070697,ATL,136,24
401070697,ATL,4277905,33
401070697,ATL,2991283,21
401070697,ATL,4065836,8
401070697,ATL,6616,9
401070697,ATL,3062667,23
401070697,ATL,4299,14
401070697,ATL,3133874,4
401070697,ATL,3915560,15
401070697,ATL,4066372,5
401070697,NY,6485,16
401070697,NY,6447,27
401070697,NY,2579260,21
401070697,NY,4230547,34
401070697,NY,2528210,29
401070697,NY,3078284,16
401070697,NY,2995706,19
401070697,NY,4278075,24
401070697,NY,4351852,1
401070697,NY,2580349,27
401070697,NY,3907525,26
401070697,NY,2991149,0
401070697,NY,3445,0
401070698,CLE,3449,34
401070698,CLE,3893016,33
401070698,CLE,6474,27
401070698,CLE,3438,31
401070698,CLE,2581177,26
401070698,CLE,2991184,16
401070698,CLE,3062744,2
401070698,CLE,4017838,14
401070698,CLE,2011,14
401070698,CLE,2282117,1
401070698,CLE,2528426,23
401070698,CLE,4277811,18
401070698,CLE,2754,0
401070698,TOR,3988,33
401070698,TOR,6450,37
401070698,TOR,3149673,20
401070698,TOR,6477,20
401070698,TOR,3012,36
401070698,TOR,3439,27
401070698,TOR,3934719,18
401070698,TOR,2778,10
401070698,TOR,2528787,1
401070698,TOR,2595516,12
401070698,TOR,2991230,25
401070698,TOR,3934663,0
401070698,TOR,4260,0
401070215,NO,6459,30
401070215,NO,6583,39
401070215,NO,3995,38
401070215,NO,6460,34
401070215,NO,2583639,37
401070215,NO,3064514,24
401070215,NO,3919335,2
401070215,NO,6610,20
401070215,NO,2488958,12
401070215,NO,3135048,2
401070215,NO,3133626,2
401070215,NO,4065651,2
401070215,NO,2489785,0
401070215,HOU,3033,34
401070215,HOU,2579321,25
401070215,HOU,3102529,26
401070215,HOU,2779,32
401070215,HOU,3992,35
401070215,HOU,1975,27
401070215,HOU,3132042,2
401070215,HOU,4222252,2
401070215,HOU,2761,10
401070215,HOU,3431,29
401070215,HOU,2596108,18
401070699,MIN,3986,27
401070699,MIN,6430,32
401070699,MIN,3059319,37
401070699,MIN,3136195,22
401070699,MIN,4015,32
401070699,MIN,3276,19
401070699,MIN,2534781,24
401070699,MIN,3456,31
401070699,MIN,3135046,16
401070699,MIN,2429,0
401070699,MIN,2326411,0
401070699,MIN,3136779,0
401070699,MIN,4065663,0
401070699,SA,3005,23
401070699,SA,2983,42
401070699,SA,3134908,8
401070699,SA,2994526,30
401070699,SA,3978,38
401070699,SA,996,23
401070699,SA,3974,7
401070699,SA,6426,18
401070699,SA,4004,30
401070699,SA,3190,22
401070699,SA,3914283,0
401070699,SA,4253,0
401070699,SA,3914285,0
401070700,UTAH,4257,24
401070700,UTAH,2968436,35
401070700,UTAH,3032976,37
401070700,UTAH,4011,22
401070700,UTAH,3908809,36
401070700,UTAH,6581,33
401070700,UTAH,2583632,7
401070700,UTAH,2990969,2
401070700,UTAH,6429,18
401070700,UTAH,3102528,26
401070700,UTAH,3028,0
401070700,UTAH,4261,0
401070700,UTAH,3135045,0
401070700,SAC,4269,27
401070700,SAC,2991282,38
401070700,SAC,2991018,30
401070700,SAC,2990984,32
401070700,SAC,4066259,38
401070700,SAC,4065649,10
401070700,SAC,3138156,31
401070700,SAC,4277848,12
401070700,SAC,6468,18
401070700,SAC,3059315,5
401070700,SAC,4066264,0
401070700,SAC,3936296,0
401070700,SAC,2578213,0
401070216,DAL,2578185,30
401070216,DAL,3442,31
401070216,DAL,4065697,28
401070216,DAL,4032,34
401070216,DAL,3945274,32
401070216,DAL,2531367,17
401070216,DAL,2960236,17
401070216,DAL,3908806,1
401070216,DAL,2382,6
401070216,DAL,3055,21
401070216,DAL,2489693,4
401070216,DAL,3934672,19
401070216,DAL,2968458,0
401070216,PHX,3412,24
401070216,PHX,4412182,34
401070216,PHX,2426,37
401070216,PHX,4278129,36
401070216,PHX,2490589,34
401070216,PHX,3136193,33
401070216,PHX,2982334,24
401070216,PHX,984,12
401070216,PHX,4066297,28
401070216,PHX,2489530,4
401070216,PHX,3147657,0
401070216,PHX,4230550,8
401070216,PHX,2993370,0
401070216,PHX,4011991,0
401070701,DEN,3015,30
401070701,DEN,3112335,34
401070701,DEN,6579,35
401070701,DEN,2999547,34
401070701,DEN,3936299,32
401070701,DEN,4017839,15
401070701,DEN,3136196,19
401070701,DEN,2488653,13
401070701,DEN,3155536,0
401070701,DEN,3059310,16
401070701,DEN,3907822,12
401070701,DEN,3934662,0
401070701,DEN,2528693,0
401070701,LAC,3428,34
401070701,LAC,6440,41
401070701,LAC,2758,18
401070701,LAC,3964,20
401070701,LAC,4240,28
401070701,LAC,6622,4
401070701,LAC,3451,9
401070701,LAC,4376,18
401070701,LAC,2991055,16
401070701,LAC,2799,24
401070701,LAC,4278073,28
401070701,LAC,3943606,0
401070701,LAC,3002137,0
401070217,CHI,2284101,27
401070217,CHI,3064482,33
401070217,CHI,4277847,20
401070217,CHI,3064230,22
401070217,CHI,3064440,33
401070217,CHI,3056600,25
401070217,CHI,3149010,3
401070217,CHI,3447,18
401070217,CHI,2991047,28
401070217,CHI,3136194,1
401070217,CHI,3907386,30
401070217,CHI,4066334,0
401070217,PHI,2490620,29
401070217,PHI,3032978,28
401070217,PHI,3059318,33
401070217,PHI,3907387,34
401070217,PHI,4066636,32
401070217,PHI,3155533,3
401070217,PHI,2769,15
401070217,PHI,3024,24
401070217,PHI,3929325,8
401070217,PHI,2530530,5
401070217,PHI,3914044,29
401070217,PHI,3915195,0
401070217,PHI,3059273,0
401070702,MIA,3936099,24
401070702,MIA,4262,29
401070702,MIA,3423,31
401070702,MIA,2581190,38
401070702,MIA,2488826,34
401070702,MIA,2489663,15
401070702,MIA,4066261,17
401070702,MIA,1987,26
401070702,MIA,2530276,24
401070702,MIA,2184,0
401070702,MIA,3136183,0
401070702,MIA,3157465,0
401070702,MIA,3981,0
401070702,WSH,6461,25
401070702,WSH,2594922,34
401070702,WSH,2774,12
401070702,WSH,4237,36
401070702,WSH,6580,27
401070702,WSH,3209,33
401070702,WSH,3232,15
401070702,WSH,6617,25
401070702,WSH,6621,14
401070702,WSH,2531797,0
401070702,WSH,3133603,20
401070702,WSH,4278508,0
401070702,WSH,3934723,0
401070218,LAL,1966,37
401070218,LAL,3913176,28
401070218,LAL,3452,22
401070218,LAL,3026,32
401070218,LAL,2581018,27
401070218,LAL,3418,2
401070218,LAL,3134907,29
401070218,LAL,4244,16
401070218,LAL,3062679,27
401070218,LAL,4066421,19
401070218,LAL,4017837,0
401070218,LAL,3133602,0
401070218,LAL,4348697,0
401070218,POR,2982268,13
401070218,POR,4248,27
401070218,POR,3102530,17
401070218,POR,6606,35
401070218,POR,2490149,31
401070218,POR,4066650,26
401070218,POR,6591,18
401070218,POR,6605,8
401070218,POR,4239,21
401070218,POR,2326307,16
401070218,POR,2991042,27
401070218,POR,3906671,0
401070218,POR,3136696,0
401070703,CHA,2797,20
401070703,CHA,3416,30
401070703,CHA,2579258,23
401070703,CHA,6479,27
401070703,CHA,6603,25
401070703,CHA,6601,22
401070703,CHA,2579294,8
401070703,CHA,4066383,14
401070703,CHA,6427,5
401070703,CHA,2999409,17
401070703,CHA,1015,16
401070703,CHA,3907821,8
401070703,CHA,4066262,24
401070703,ORL,3064290,25
401070703,ORL,4065654,14
401070703,ORL,6478,22
401070703,ORL,6588,25
401070703,ORL,3415,21
401070703,ORL,3064517,12
401070703,ORL,3074797,15
401070703,ORL,2578240,10
401070703,ORL,4277919,19
401070703,ORL,6619,19
401070703,ORL,2531047,25
401070703,ORL,2579466,23
401070703,ORL,3936294,10
401070704,NY,6485,21
401070704,NY,6447,35
401070704,NY,2579260,30
401070704,NY,4230547,31
401070704,NY,2528210,36
401070704,NY,3078284,11
401070704,NY,2995706,13
401070704,NY,4278075,28
401070704,NY,2580349,18
401070704,NY,3907525,16
401070704,NY,3064560,0
401070704,NY,4351852,0
401070704,NY,2991149,0
401070704,BKN,3201,27
401070704,BKN,2528794,23
401070704,BKN,4066328,34
401070704,BKN,2991043,32
401070704,BKN,3136776,34
401070704,BKN,2595231,10
401070704,BKN,4230548,17
401070704,BKN,4259,14
401070704,BKN,2580782,31
401070704,BKN,2531210,18
401070704,BKN,6433,0
401070704,BKN,4348696,0
401070704,BKN,3138154,0
401070219,BOS,4065648,37
401070219,BOS,4249,24
401070219,BOS,3213,33
401070219,BOS,6442,36
401070219,BOS,3917376,24
401070219,BOS,6462,26
401070219,BOS,2968439,15
401070219,BOS,2990992,22
401070219,BOS,3074752,23
401070219,BOS,3056602,0
401070219,BOS,4017844,0
401070219,BOS,2451037,0
401070219,BOS,6507,0
401070219,TOR,3439,34
401070219,TOR,3988,32
401070219,TOR,6450,36
401070219,TOR,3149673,18
401070219,TOR,3012,34
401070219,TOR,3934719,21
401070219,TOR,6477,14
401070219,TOR,2778,12
401070219,TOR,2595516,10
401070219,TOR,2991230,28
401070219,TOR,4260,0
401070219,TOR,2528787,0
401070219,TOR,3934663,0
401070705,ATL,2990962,23
401070705,ATL,6637,22
401070705,ATL,2596107,26
401070705,ATL,136,20
401070705,ATL,4277905,33
401070705,ATL,2991283,21
401070705,ATL,6616,19
401070705,ATL,3062667,32
401070705,ATL,4299,17
401070705,ATL,3915560,12
401070705,ATL,4066372,13
401070705,ATL,4065836,0
401070705,ATL,3133874,0
401070705,MEM,2327577,14
401070705,MEM,6466,17
401070705,MEM,3206,29
401070705,MEM,3195,25
401070705,MEM,4023,34
401070705,MEM,3554,24
401070705,MEM,2993874,20
401070705,MEM,3155526,17
401070705,MEM,4277961,28
401070705,MEM,6454,25
401070705,MEM,3059316,8
401070705,MEM,6428,0
401070705,MEM,3064511,0
401070706,CLE,3449,39
401070706,CLE,3893016,35
401070706,CLE,6474,36
401070706,CLE,3438,25
401070706,CLE,2581177,29
401070706,CLE,2991184,9
401070706,CLE,4017838,11
401070706,CLE,2011,5
401070706,CLE,2444,4
401070706,CLE,2528426,24
401070706,CLE,4277811,23
401070706,CLE,2754,0
401070706,CLE,3062744,0
401070706,MIN,3986,28
401070706,MIN,6430,36
401070706,MIN,3059319,37
401070706,MIN,3136195,35
401070706,MIN,4015,31
401070706,MIN,3276,20
401070706,MIN,2534781,13
401070706,MIN,3456,23
401070706,MIN,3135046,17
401070706,MIN,2429,0
401070706,MIN,2326411,0
401070706,MIN,3136779,0
401070706,MIN,4065663,0
401070707,SAC,4269,11
401070707,SAC,2991282,26
401070707,SAC,2991018,21
401070707,SAC,2990984,27
401070707,SAC,4066259,27
401070707,SAC,4065649,19
401070707,SAC,3138156,21
401070707,SAC,4277848,33
401070707,SAC,3936296,8
401070707,SAC,2578213,6
401070707,SAC,6468,21
401070707,SAC,3059315,21
401070707,NO,6459,31
401070707,NO,6583,27
401070707,NO,3995,27
401070707,NO,6460,24
401070707,NO,2583639,24
401070707,NO,3064514,24
401070707,NO,3919335,4
401070707,NO,6610,23
401070707,NO,2488958,20
401070707,NO,3135048,8
401070707,NO,2488945,4
401070707,NO,2489785,18
401070707,NO,4065651,6
401070708,IND,3244,27
401070708,IND,3593,27
401070708,IND,3133628,27
401070708,IND,3973,27
401070708,IND,2527963,32
401070708,IND,2528588,20
401070708,IND,3155942,22
401070708,IND,4067045,4
401070708,IND,6615,4
401070708,IND,6446,18
401070708,IND,3136485,4
401070708,IND,3983,23
401070708,IND,3922230,4
401070708,MIL,6609,31
401070708,MIL,3032977,32
401070708,MIL,3448,22
401070708,MIL,4238,26
401070708,MIL,2566769,27
401070708,MIL,2767,24
401070708,MIL,6592,22
401070708,MIL,3058254,6
401070708,MIL,2528353,18
401070708,MIL,3057187,4
401070708,MIL,2489716,4
401070708,MIL,2578239,4
401070708,MIL,3934673,20
401070220,GS,3202,40
401070220,GS,6589,33
401070220,GS,3064559,18
401070220,GS,3975,37
401070220,GS,6475,36
401070220,GS,3998,24
401070220,GS,2530923,12
401070220,GS,3155535,19
401070220,GS,2566745,3
401070220,GS,2393,18
401070220,GS,3064427,0
401070220,GS,2595209,0
401070220,GS,3934621,0
401070220,UTAH,4257,21
401070220,UTAH,2968436,36
401070220,UTAH,3032976,35
401070220,UTAH,4011,33
401070220,UTAH,3908809,35
401070220,UTAH,6581,29
401070220,UTAH,4261,3
401070220,UTAH,2583632,11
401070220,UTAH,2990969,9
401070220,UTAH,6429,12
401070220,UTAH,3102528,18
401070220,UTAH,3028,0
401070220,UTAH,3135045,0
401070709,OKC,4264,19
401070709,OKC,4251,38
401070709,OKC,4230546,17
401070709,OKC,2991235,33
401070709,OKC,3032979,30
401070709,OKC,2991070,28
401070709,OKC,3059358,1
401070709,OKC,2991280,15
401070709,OKC,2753,18
401070709,OKC,2995702,32
401070709,OKC,4080610,9
401070709,OKC,2595435,0
401070709,OKC,3893019,0
401070709,LAC,3428,27
401070709,LAC,6440,37
401070709,LAC,2758,20
401070709,LAC,3964,25
401070709,LAC,4240,29
401070709,LAC,6622,4
401070709,LAC,3451,19
401070709,LAC,4376,16
401070709,LAC,2991055,13
401070709,LAC,2799,26
401070709,LAC,4278073,23
401070709,LAC,4192,0
401070709,LAC,3002137,0
401070221,TOR,3988,31
401070221,TOR,3934719,29
401070221,TOR,6477,19
401070221,TOR,3012,35
401070221,TOR,2595516,24
401070221,TOR,3439,27
401070221,TOR,3149673,26
401070221,TOR,2778,13
401070221,TOR,2528787,9
401070221,TOR,2991230,27
401070221,TOR,4260,0
401070221,TOR,2595592,0
401070221,TOR,3934663,0
401070221,WSH,6461,31
401070221,WSH,2594922,25
401070221,WSH,2774,17
401070221,WSH,4237,34
401070221,WSH,6580,35
401070221,WSH,3209,21
401070221,WSH,3232,17
401070221,WSH,6617,27
401070221,WSH,6621,13
401070221,WSH,3133603,19
401070221,WSH,4278508,0
401070221,WSH,3934723,0
401070221,WSH,2531797,0
401070710,BKN,3201,23
401070710,BKN,2528794,32
401070710,BKN,4066328,22
401070710,BKN,2991043,28
401070710,BKN,3136776,31
401070710,BKN,6433,7
401070710,BKN,4348696,7
401070710,BKN,4230548,15
401070710,BKN,4259,19
401070710,BKN,2580782,26
401070710,BKN,2531210,25
401070710,BKN,3138154,7
401070710,IND,3244,26
401070710,IND,3593,27
401070710,IND,3133628,27
401070710,IND,3973,23
401070710,IND,2527963,33
401070710,IND,2528588,26
401070710,IND,4067045,3
401070710,IND,6615,19
401070710,IND,4066424,3
401070710,IND,6446,25
401070710,IND,3136485,4
401070710,IND,3983,22
401070710,IND,3922230,3
401070711,BOS,4065648,35
401070711,BOS,3213,24
401070711,BOS,2968439,12
401070711,BOS,6442,32
401070711,BOS,3917376,38
401070711,BOS,3056602,2
401070711,BOS,6462,26
401070711,BOS,4017844,6
401070711,BOS,2451037,14
401070711,BOS,2990992,28
401070711,BOS,3074752,23
401070711,BOS,4066211,0
401070711,BOS,6507,0
401070711,NY,6485,17
401070711,NY,6447,31
401070711,NY,2579260,30
401070711,NY,4230547,19
401070711,NY,2528210,37
401070711,NY,3078284,22
401070711,NY,2995706,10
401070711,NY,4278075,4
401070711,NY,4351852,9
401070711,NY,2991149,22
401070711,NY,2580349,12
401070711,NY,3907525,25
401070711,NY,3064560,0
401070712,ORL,3064290,32
401070712,ORL,4065654,28
401070712,ORL,6478,38
401070712,ORL,6588,34
401070712,ORL,3415,35
401070712,ORL,3074797,18
401070712,ORL,4277919,14
401070712,ORL,6619,29
401070712,ORL,2531047,7
401070712,ORL,3936294,6
401070712,ORL,3064517,0
401070712,ORL,2578240,0
401070712,ORL,3913546,0
401070712,PHI,2490620,39
401070712,PHI,3032978,38
401070712,PHI,3059318,34
401070712,PHI,3907387,8
401070712,PHI,4066636,23
401070712,PHI,2769,14
401070712,PHI,3024,32
401070712,PHI,3929325,7
401070712,PHI,2530530,25
401070712,PHI,3914044,21
401070712,PHI,3155533,0
401070712,PHI,3915195,0
401070712,PHI,3059273,0
401070713,CHA,2797,30
401070713,CHA,3416,42
401070713,CHA,2579258,25
401070713,CHA,6479,40
401070713,CHA,6603,28
401070713,CHA,6601,29
401070713,CHA,2999409,12
401070713,CHA,1015,9
401070713,CHA,4066262,25
401070713,CHA,2579294,0
401070713,CHA,4066383,0
401070713,CHA,6427,0
401070713,CHA,3133601,0
401070713,MIA,3936099,30
401070713,MIA,4262,25
401070713,MIA,3423,39
401070713,MIA,2581190,27
401070713,MIA,2488826,42
401070713,MIA,2489663,16
401070713,MIA,4066261,15
401070713,MIA,1987,25
401070713,MIA,2530276,22
401070713,MIA,2184,0
401070713,MIA,3136183,0
401070713,MIA,3157465,0
401070713,MIA,3981,0
401070714,DET,3989,35
401070714,DET,2528779,30
401070714,DET,3134881,30
401070714,DET,6585,24
401070714,DET,6443,28
401070714,DET,2991039,13
401070714,DET,2016,23
401070714,DET,4305,28
401070714,DET,2530572,26
401070714,DET,2806,4
401070714,DET,3906522,0
401070714,DET,3913174,0
401070714,DET,4065670,0
401070714,CHI,2284101,38
401070714,CHI,3064482,29
401070714,CHI,4277847,18
401070714,CHI,3064230,28
401070714,CHI,3064440,37
401070714,CHI,3056600,24
401070714,CHI,3447,25
401070714,CHI,2991047,20
401070714,CHI,3907386,22
401070714,CHI,3113587,0
401070714,CHI,3149010,0
401070715,MIN,3986,31
401070715,MIN,3059319,27
401070715,MIN,3136195,34
401070715,MIN,4015,34
401070715,MIN,4065663,29
401070715,MIN,3276,17
401070715,MIN,2534781,14
401070715,MIN,3456,32
401070715,MIN,2325499,8
401070715,MIN,3135046,14
401070715,MIN,2429,0
401070715,MIN,2326411,0
401070715,MIN,3136779,0
401070715,DAL,2578185,30
401070715,DAL,3442,32
401070715,DAL,4065697,26
401070715,DAL,4032,35
401070715,DAL,3945274,36
401070715,DAL,2531367,17
401070715,DAL,2960236,17
401070715,DAL,3055,22
401070715,DAL,2489693,4
401070715,DAL,3934672,20
401070715,DAL,3908806,0
401070715,DAL,2968458,0
401070715,DAL,4066243,0
401070716,PHX,3412,22
401070716,PHX,4412182,30
401070716,PHX,2426,29
401070716,PHX,4278129,23
401070716,PHX,2490589,30
401070716,PHX,3136193,36
401070716,PHX,2993370,8
401070716,PHX,4011991,4
401070716,PHX,2982334,22
401070716,PHX,984,18
401070716,PHX,4066297,23
401070716,PHX,165,7
401070716,PHX,3147657,15
401070716,PHX,4230550,4
401070716,DEN,3015,32
401070716,DEN,3112335,31
401070716,DEN,6579,19
401070716,DEN,2999547,35
401070716,DEN,3936299,37
401070716,DEN,4017839,15
401070716,DEN,3136196,17
401070716,DEN,3934662,2
401070716,DEN,2528693,15
401070716,DEN,2488653,14
401070716,DEN,3155536,3
401070716,DEN,3059310,13
401070716,DEN,3907822,8
401070717,SA,3005,27
401070717,SA,2983,37
401070717,SA,3134908,13
401070717,SA,2994526,27
401070717,SA,3978,34
401070717,SA,996,17
401070717,SA,3914283,3
401070717,SA,3974,16
401070717,SA,4253,3
401070717,SA,3914285,3
401070717,SA,6426,20
401070717,SA,4004,22
401070717,SA,3190,17
401070717,POR,2982268,16
401070717,POR,4248,29
401070717,POR,3102530,23
401070717,POR,6606,30
401070717,POR,2490149,30
401070717,POR,3906671,3
401070717,POR,4066650,15
401070717,POR,6591,20
401070717,POR,6605,10
401070717,POR,4239,25
401070717,POR,2326307,15
401070717,POR,2991042,21
401070717,POR,3136696,3
401070222,HOU,3033,36
401070222,HOU,2579321,22
401070222,HOU,3102529,34
401070222,HOU,2779,30
401070222,HOU,3992,38
401070222,HOU,1975,29
401070222,HOU,2761,18
401070222,HOU,3431,32
401070222,HOU,2596108,2
401070222,HOU,3132042,0
401070222,HOU,1713,0
401070222,HOU,4222252,0
401070222,LAL,1966,39
401070222,LAL,3913176,29
401070222,LAL,3452,20
401070222,LAL,3026,30
401070222,LAL,2581018,18
401070222,LAL,3134907,25
401070222,LAL,4244,23
401070222,LAL,3062679,30
401070222,LAL,4066421,26
401070222,LAL,3418,0
401070222,LAL,3064528,0
401070222,LAL,4017837,0
401070222,LAL,3133602,0
401070718,ATL,2990962,26
401070718,ATL,6637,32
401070718,ATL,2596107,32
401070718,ATL,136,12
401070718,ATL,4277905,38
401070718,ATL,2991283,24
401070718,ATL,4065836,24
401070718,ATL,3062667,16
401070718,ATL,4299,10
401070718,ATL,3133874,1
401070718,ATL,4066372,25
401070718,ATL,6616,0
401070718,ATL,3915560,0
401070718,CLE,3449,34
401070718,CLE,3893016,39
401070718,CLE,6474,27
401070718,CLE,3438,28
401070718,CLE,2581177,27
401070718,CLE,2580365,17
401070718,CLE,2991184,14
401070718,CLE,4017838,3
401070718,CLE,2528426,23
401070718,CLE,4277811,28
401070718,CLE,2754,0
401070718,CLE,2011,0
401070718,CLE,2444,0
401070719,SAC,4269,31
401070719,SAC,2991282,22
401070719,SAC,6468,30
401070719,SAC,2990984,23
401070719,SAC,4066259,42
401070719,SAC,4065649,17
401070719,SAC,3138156,26
401070719,SAC,4277848,24
401070719,SAC,3936296,2
401070719,SAC,2991018,20
401070719,SAC,2578213,3
401070719,SAC,3059315,0
401070719,OKC,4264,13
401070719,OKC,4251,33
401070719,OKC,4230546,19
401070719,OKC,2991235,34
401070719,OKC,3468,35
401070719,OKC,2991070,28
401070719,OKC,3059358,7
401070719,OKC,2991280,13
401070719,OKC,2995702,5
401070719,OKC,3032979,32
401070719,OKC,4080610,21
401070719,OKC,3893019,0
401070719,OKC,2753,0
401070720,GS,3202,39
401070720,GS,6589,33
401070720,GS,3064559,19
401070720,GS,3975,39
401070720,GS,6475,36
401070720,GS,2386,26
401070720,GS,3998,11
401070720,GS,2530923,3
401070720,GS,3064427,3
401070720,GS,3155535,19
401070720,GS,2566745,11
401070720,GS,2595209,0
401070720,GS,3934621,0
401070720,DEN,3015,26
401070720,DEN,2528693,27
401070720,DEN,3112335,32
401070720,DEN,2999547,35
401070720,DEN,3936299,26
401070720,DEN,4017839,23
401070720,DEN,3136196,22
401070720,DEN,2488653,16
401070720,DEN,3059310,22
401070720,DEN,3907822,11
401070720,DEN,3934662,0
401070720,DEN,3155536,0
401070720,DEN,3138256,0
401070223,HOU,3033,37
401070223,HOU,2579321,23
401070223,HOU,3102529,34
401070223,HOU,3431,33
401070223,HOU,3992,40
401070223,HOU,1975,27
401070223,HOU,3132042,3
401070223,HOU,4222252,9
401070223,HOU,2761,21
401070223,HOU,2596108,14
401070223,HOU,1713,0
401070223,HOU,2779,0
401070223,LAC,3428,32
401070223,LAC,6440,35
401070223,LAC,2758,18
401070223,LAC,3964,24
401070223,LAC,4240,24
401070223,LAC,6622,10
401070223,LAC,3451,17
401070223,LAC,4376,5
401070223,LAC,2991055,24
401070223,LAC,2799,25
401070223,LAC,4278073,26
401070223,LAC,4192,0
401070223,LAC,3002137,0
401070721,ORL,3064290,39
401070721,ORL,4065654,26
401070721,ORL,6478,33
401070721,ORL,6588,33
401070721,ORL,3415,30
401070721,ORL,4277919,19
401070721,ORL,6619,19
401070721,ORL,2531047,18
401070721,ORL,2579466,24
401070721,ORL,3064517,0
401070721,ORL,3074797,0
401070721,ORL,2578240,0
401070721,ORL,3936294,0
401070721,BOS,4065648,34
401070721,BOS,4249,25
401070721,BOS,3213,32
401070721,BOS,6442,34
401070721,BOS,3917376,31
401070721,BOS,3056602,7
401070721,BOS,6462,20
401070721,BOS,4017844,3
401070721,BOS,2451037,15
401070721,BOS,4066211,4
401070721,BOS,2990992,19
401070721,BOS,3074752,15
401070721,BOS,6507,0
401070722,CHA,2797,21
401070722,CHA,3416,36
401070722,CHA,2579258,15
401070722,CHA,6479,34
401070722,CHA,6603,23
401070722,CHA,6601,16
401070722,CHA,2579294,5
401070722,CHA,4066383,19
401070722,CHA,6427,9
401070722,CHA,2999409,18
401070722,CHA,3133601,6
401070722,CHA,1015,15
401070722,CHA,4066262,25
401070722,TOR,3439,24
401070722,TOR,3988,26
401070722,TOR,6450,31
401070722,TOR,3149673,20
401070722,TOR,3012,32
401070722,TOR,3934719,25
401070722,TOR,4260,4
401070722,TOR,6477,20
401070722,TOR,2778,16
401070722,TOR,2528787,4
401070722,TOR,2595516,16
401070722,TOR,2991230,19
401070722,TOR,3934663,4
401070723,NY,6485,18
401070723,NY,6447,32
401070723,NY,2579260,22
401070723,NY,4230547,35
401070723,NY,2528210,34
401070723,NY,3078284,19
401070723,NY,2995706,30
401070723,NY,2991149,32
401070723,NY,2580349,1
401070723,NY,3907525,17
401070723,NY,3064560,0
401070723,NY,4351852,0
401070723,MIL,6609,35
401070723,MIL,3032977,37
401070723,MIL,3448,31
401070723,MIL,4238,32
401070723,MIL,2566769,31
401070723,MIL,2767,22
401070723,MIL,6592,17
401070723,MIL,2528353,15
401070723,MIL,3934673,20
401070723,MIL,4017843,0
401070723,MIL,3057187,0
401070723,MIL,2489716,0
401070723,MIL,2578239,0
401070724,IND,3244,34
401070724,IND,3593,36
401070724,IND,3133628,26
401070724,IND,3973,25
401070724,IND,2527963,34
401070724,IND,2528588,16
401070724,IND,3155942,17
401070724,IND,6615,11
401070724,IND,6446,26
401070724,IND,3983,15
401070724,IND,4067045,0
401070724,IND,3136485,0
401070724,IND,3922230,0
401070724,MIN,3986,33
401070724,MIN,6430,37
401070724,MIN,3059319,8
401070724,MIN,3136195,33
401070724,MIN,4015,31
401070724,MIN,3276,15
401070724,MIN,2534781,15
401070724,MIN,3456,27
401070724,MIN,3135046,17
401070724,MIN,4065663,24
401070724,MIN,2429,0
401070724,MIN,2326411,0
401070724,MIN,3136779,0
401070725,CHI,2284101,37
401070725,CHI,3064482,31
401070725,CHI,4277847,32
401070725,CHI,2991139,30
401070725,CHI,3064440,37
401070725,CHI,3056600,24
401070725,CHI,3149010,18
401070725,CHI,3447,10
401070725,CHI,3064230,18
401070725,CHI,3907386,5
401070725,CHI,3113587,0
401070725,CHI,2991047,0
401070725,CHI,2991274,0
401070725,DAL,2578185,40
401070725,DAL,3442,32
401070725,DAL,4065697,31
401070725,DAL,4032,32
401070725,DAL,3945274,36
401070725,DAL,2531367,16
401070725,DAL,2960236,20
401070725,DAL,3055,17
401070725,DAL,2489693,3
401070725,DAL,3934672,15
401070725,DAL,3908806,0
401070725,DAL,2968458,0
401070725,DAL,4066243,0
401070726,MEM,4277961,27
401070726,MEM,6466,6
401070726,MEM,3206,34
401070726,MEM,3195,35
401070726,MEM,4023,36
401070726,MEM,3554,10
401070726,MEM,2993874,21
401070726,MEM,3155526,21
401070726,MEM,6428,4
401070726,MEM,6454,24
401070726,MEM,3059316,22
401070726,MEM,3917378,0
401070726,MEM,3064511,0
401070726,UTAH,4257,25
401070726,UTAH,2968436,37
401070726,UTAH,3032976,33
401070726,UTAH,4011,29
401070726,UTAH,3908809,37
401070726,UTAH,6581,29
401070726,UTAH,2583632,11
401070726,UTAH,2990969,8
401070726,UTAH,6429,6
401070726,UTAH,3102528,14
401070726,UTAH,3135045,11
401070726,UTAH,3028,0
401070726,UTAH,4261,0
401070727,WSH,6461,25
401070727,WSH,2594922,44
401070727,WSH,2774,4
401070727,WSH,4237,41
401070727,WSH,6580,43
401070727,WSH,3209,24
401070727,WSH,3232,12
401070727,WSH,6617,22
401070727,WSH,6621,11
401070727,WSH,3133603,39
401070727,WSH,4278508,0
401070727,WSH,3934723,0
401070727,WSH,2531797,0
401070727,POR,2982268,12
401070727,POR,4248,35
401070727,POR,3102530,32
401070727,POR,6606,41
401070727,POR,2490149,38
401070727,POR,4066650,19
401070727,POR,6591,19
401070727,POR,4239,20
401070727,POR,2326307,18
401070727,POR,2991042,30
401070727,POR,3906671,0
401070727,POR,6605,0
401070727,POR,3136696,0
401070728,PHX,3412,21
401070728,PHX,4412182,26
401070728,PHX,2426,35
401070728,PHX,4278129,31
401070728,PHX,2490589,26
401070728,PHX,3136193,38
401070728,PHX,2993370,3
401070728,PHX,4011991,3
401070728,PHX,2982334,24
401070728,PHX,984,14
401070728,PHX,4066297,19
401070728,PHX,165,7
401070728,PHX,3147657,16
401070728,PHX,4066436,3
401070728,GS,3202,26
401070728,GS,6589,28
401070728,GS,3064559,20
401070728,GS,3975,30
401070728,GS,6475,25
401070728,GS,2386,18
401070728,GS,3998,21
401070728,GS,2530923,18
401070728,GS,3064427,9
401070728,GS,3155535,16
401070728,GS,2566745,19
401070728,GS,2595209,2
401070728,GS,3934621,8
401070729,SA,3974,29
401070729,SA,3005,33
401070729,SA,2983,40
401070729,SA,2994526,37
401070729,SA,3978,45
401070729,SA,996,18
401070729,SA,6426,8
401070729,SA,4004,31
401070729,SA,3190,23
401070729,SA,3914283,0
401070729,SA,4253,0
401070729,SA,3914285,0
401070729,SA,3134908,0
401070729,LAL,1966,43
401070729,LAL,3134907,45
401070729,LAL,3452,28
401070729,LAL,2581018,19
401070729,LAL,4066421,33
401070729,LAL,3418,6
401070729,LAL,3064528,14
401070729,LAL,4017837,5
401070729,LAL,4244,17
401070729,LAL,3062679,39
401070729,LAL,3133602,17
401070729,LAL,3913176,0
401070729,LAL,3026,0
401070730,PHI,2490620,44
401070730,PHI,3032978,38
401070730,PHI,3059318,39
401070730,PHI,3914044,24
401070730,PHI,4066636,21
401070730,PHI,2769,13
401070730,PHI,2490089,17
401070730,PHI,3024,37
401070730,PHI,2530530,32
401070730,PHI,3155533,0
401070730,PHI,3929325,0
401070730,PHI,3059273,0
401070730,DET,3989,44
401070730,DET,2528779,41
401070730,DET,3134881,19
401070730,DET,6585,36
401070730,DET,6443,39
401070730,DET,2016,17
401070730,DET,4305,33
401070730,DET,2530572,25
401070730,DET,3913174,11
401070730,DET,6452,0
401070730,DET,2991039,0
401070730,DET,2806,0
401070730,DET,4065670,0
401070731,LAC,3428,35
401070731,LAC,6440,38
401070731,LAC,2758,12
401070731,LAC,3964,27
401070731,LAC,4240,29
401070731,LAC,6622,11
401070731,LAC,3451,16
401070731,LAC,4376,1
401070731,LAC,2991055,23
401070731,LAC,2799,26
401070731,LAC,3002137,0
401070731,LAC,4278073,22
401070731,LAC,4192,0
401070731,NO,6459,30
401070731,NO,6583,40
401070731,NO,3995,38
401070731,NO,6460,34
401070731,NO,2583639,36
401070731,NO,3064514,22
401070731,NO,6610,13
401070731,NO,2488958,23
401070731,NO,2489785,4
401070731,NO,4247,0
401070731,NO,3135048,0
401070731,NO,2488945,0
401070731,NO,4065651,0
401070732,SAC,4269,21
401070732,SAC,2991282,24
401070732,SAC,6468,20
401070732,SAC,2990984,23
401070732,SAC,4066259,21
401070732,SAC,4065649,14
401070732,SAC,3138156,28
401070732,SAC,4277848,32
401070732,SAC,3936296,5
401070732,SAC,2991018,21
401070732,SAC,2578213,5
401070732,SAC,3059315,27
401070732,DEN,3015,22
401070732,DEN,2528693,23
401070732,DEN,3112335,23
401070732,DEN,2999547,26
401070732,DEN,3936299,19
401070732,DEN,4017839,25
401070732,DEN,3136196,23
401070732,DEN,3934662,3
401070732,DEN,2488653,21
401070732,DEN,3155536,4
401070732,DEN,3059310,29
401070732,DEN,3907822,19
401070732,DEN,3138256,3
401070733,DAL,2578185,29
401070733,DAL,3442,36
401070733,DAL,4065697,30
401070733,DAL,4032,34
401070733,DAL,3945274,34
401070733,DAL,2531367,12
401070733,DAL,2960236,22
401070733,DAL,3055,20
401070733,DAL,2489693,4
401070733,DAL,3934672,19
401070733,DAL,3908806,0
401070733,DAL,2968458,0
401070733,DAL,4066243,0
401070733,ATL,2990962,34
401070733,ATL,6637,33
401070733,ATL,2596107,28
401070733,ATL,136,26
401070733,ATL,4277905,26
401070733,ATL,2991283,6
401070733,ATL,4065836,16
401070733,ATL,2580913,14
401070733,ATL,3062667,30
401070733,ATL,4299,10
401070733,ATL,4066372,18
401070733,ATL,6616,0
401070733,ATL,3915560,0
401070734,BKN,3201,24
401070734,BKN,2528794,27
401070734,BKN,4066328,27
401070734,BKN,2991043,32
401070734,BKN,3136776,27
401070734,BKN,6433,4
401070734,BKN,4348696,4
401070734,BKN,3064291,21
401070734,BKN,4259,17
401070734,BKN,2580782,21
401070734,BKN,2530780,15
401070734,BKN,2531210,18
401070734,BKN,3138154,4
401070734,CLE,3449,29
401070734,CLE,3893016,24
401070734,CLE,6474,24
401070734,CLE,3438,25
401070734,CLE,2581177,22
401070734,CLE,2580365,20
401070734,CLE,2991184,4
401070734,CLE,3062744,4
401070734,CLE,4017838,4
401070734,CLE,2011,19
401070734,CLE,2444,18
401070734,CLE,2528426,23
401070734,CLE,4277811,25
401070735,NY,6485,20
401070735,NY,6447,19
401070735,NY,2579260,17
401070735,NY,4230547,31
401070735,NY,2528210,23
401070735,NY,3078284,17
401070735,NY,2995706,22
401070735,NY,3064560,6
401070735,NY,4351852,12
401070735,NY,2991149,34
401070735,NY,2580349,18
401070735,NY,3907525,21
401070735,MIA,2489663,30
401070735,MIA,4262,27
401070735,MIA,3423,29
401070735,MIA,2581190,35
401070735,MIA,2488826,31
401070735,MIA,2184,4
401070735,MIA,3157465,10
401070735,MIA,4066261,21
401070735,MIA,1987,26
401070735,MIA,2530276,27
401070735,MIA,3135047,0
401070735,MIA,3936099,0
401070735,MIA,3981,0
401070736,MIN,3986,20
401070736,MIN,6430,37
401070736,MIN,3136195,35
401070736,MIN,4015,30
401070736,MIN,4065663,27
401070736,MIN,3276,28
401070736,MIN,2534781,13
401070736,MIN,3456,30
401070736,MIN,3135046,20
401070736,MIN,2429,0
401070736,MIN,2326411,0
401070736,MIN,3136779,0
401070736,MIN,2325499,0
401070736,TOR,3439,28
401070736,TOR,3988,31
401070736,TOR,6450,35
401070736,TOR,3149673,20
401070736,TOR,3012,35
401070736,TOR,3934719,28
401070736,TOR,6477,20
401070736,TOR,2778,12
401070736,TOR,2528787,12
401070736,TOR,2595516,13
401070736,TOR,3064447,5
401070736,TOR,4260,0
401070736,TOR,3934663,0
401070737,CHA,2797,33
401070737,CHA,3416,38
401070737,CHA,2579258,21
401070737,CHA,6479,36
401070737,CHA,6603,28
401070737,CHA,6601,16
401070737,CHA,4066383,13
401070737,CHA,2999409,14
401070737,CHA,1015,17
401070737,CHA,4066262,24
401070737,CHA,2579294,0
401070737,CHA,3133601,0
401070737,CHA,3907821,0
401070737,CHI,2284101,38
401070737,CHI,3064482,20
401070737,CHI,4277847,30
401070737,CHI,3064230,31
401070737,CHI,3064440,36
401070737,CHI,3056600,31
401070737,CHI,3113587,16
401070737,CHI,3149010,13
401070737,CHI,2991047,17
401070737,CHI,3907386,9
401070737,CHI,3447,0
401070737,CHI,2991274,0
401070738,UTAH,4257,23
401070738,UTAH,2968436,31
401070738,UTAH,3032976,34
401070738,UTAH,4011,33
401070738,UTAH,3908809,39
401070738,UTAH,6581,32
401070738,UTAH,4261,3
401070738,UTAH,2583632,17
401070738,UTAH,2990969,4
401070738,UTAH,6429,5
401070738,UTAH,3102528,15
401070738,UTAH,3135045,4
401070738,UTAH,3028,0
401070738,HOU,3033,39
401070738,HOU,3102529,38
401070738,HOU,3431,40
401070738,HOU,3992,32
401070738,HOU,2596108,20
401070738,HOU,1975,39
401070738,HOU,3132042,2
401070738,HOU,4222252,3
401070738,HOU,2761,28
401070738,HOU,2579321,0
401070738,HOU,1713,0
401070738,HOU,2779,0
401070739,IND,3244,31
401070739,IND,3593,24
401070739,IND,3133628,28
401070739,IND,3973,21
401070739,IND,2527963,33
401070739,IND,4066425,13
401070739,IND,2528588,13
401070739,IND,3155942,21
401070739,IND,6615,3
401070739,IND,6446,24
401070739,IND,3136485,3
401070739,IND,3983,23
401070739,IND,3922230,3
401070739,SA,3005,26
401070739,SA,2983,32
401070739,SA,3134908,13
401070739,SA,2994526,31
401070739,SA,3978,33
401070739,SA,996,15
401070739,SA,3914283,6
401070739,SA,3974,12
401070739,SA,4253,6
401070739,SA,3914285,3
401070739,SA,6426,19
401070739,SA,4004,25
401070739,SA,3190,20
401070740,PHI,2490620,29
401070740,PHI,3032978,34
401070740,PHI,3059318,36
401070740,PHI,3907387,38
401070740,PHI,4066636,27
401070740,PHI,2769,7
401070740,PHI,2490089,18
401070740,PHI,3024,32
401070740,PHI,3929325,6
401070740,PHI,2530530,5
401070740,PHI,3914044,8
401070740,PHI,3155533,0
401070740,PHI,3059273,0
401070740,MIL,6609,33
401070740,MIL,3032977,37
401070740,MIL,3448,32
401070740,MIL,4238,33
401070740,MIL,2566769,35
401070740,MIL,2767,16
401070740,MIL,6592,16
401070740,MIL,2528353,17
401070740,MIL,3934673,20
401070740,MIL,3058254,0
401070740,MIL,4017843,0
401070740,MIL,3057187,0
401070740,MIL,2578239,0
401070741,LAL,1966,28
401070741,LAL,3134907,29
401070741,LAL,3452,26
401070741,LAL,3062679,26
401070741,LAL,4066421,28
401070741,LAL,3064528,20
401070741,LAL,4017837,2
401070741,LAL,4244,25
401070741,LAL,2581018,33
401070741,LAL,3133602,22
401070741,LAL,3418,0
401070741,LAL,3913176,0
401070741,LAL,3026,0
401070741,PHX,3412,19
401070741,PHX,4412182,28
401070741,PHX,2426,34
401070741,PHX,4278129,31
401070741,PHX,2490589,28
401070741,PHX,3136193,29
401070741,PHX,2993370,2
401070741,PHX,2982334,29
401070741,PHX,984,14
401070741,PHX,4066297,25
401070741,PHX,165,14
401070741,PHX,3147657,14
401070741,PHX,4011991,0
401070741,PHX,2489530,0
401070742,MEM,2993874,29
401070742,MEM,4277961,30
401070742,MEM,3206,31
401070742,MEM,3195,36
401070742,MEM,4023,29
401070742,MEM,3554,10
401070742,MEM,3155526,14
401070742,MEM,6428,13
401070742,MEM,6454,23
401070742,MEM,3059316,25
401070742,MEM,3917378,0
401070742,MEM,6466,0
401070742,MEM,3064511,0
401070742,SAC,4269,32
401070742,SAC,3138156,37
401070742,SAC,2991282,35
401070742,SAC,2990984,41
401070742,SAC,4066259,37
401070742,SAC,4065649,7
401070742,SAC,4277848,22
401070742,SAC,2991018,11
401070742,SAC,2578213,4
401070742,SAC,3059315,13
401070742,SAC,3078286,0
401070742,SAC,3936296,0
401070743,WSH,6461,23
401070743,WSH,3232,11
401070743,WSH,2594922,24
401070743,WSH,4237,27
401070743,WSH,6580,19
401070743,WSH,3209,28
401070743,WSH,4278508,7
401070743,WSH,3934723,9
401070743,WSH,6617,29
401070743,WSH,6621,21
401070743,WSH,2531797,13
401070743,WSH,3133603,30
401070743,WSH,2774,0
401070743,GS,3202,32
401070743,GS,6589,28
401070743,GS,3064559,12
401070743,GS,3975,32
401070743,GS,6475,30
401070743,GS,2386,26
401070743,GS,3998,15
401070743,GS,2530923,7
401070743,GS,3064427,21
401070743,GS,3155535,14
401070743,GS,2566745,7
401070743,GS,2393,15
401070743,GS,3934621,4
401070744,CLE,2754,21
401070744,CLE,3893016,30
401070744,CLE,6474,21
401070744,CLE,3438,23
401070744,CLE,2581177,30
401070744,CLE,2580365,28
401070744,CLE,2011,22
401070744,CLE,2444,20
401070744,CLE,2528426,21
401070744,CLE,4277811,25
401070744,CLE,2991184,0
401070744,CLE,3062744,0
401070744,CLE,4017838,0
401070744,DET,3989,36
401070744,DET,2528779,32
401070744,DET,3134881,25
401070744,DET,6585,37
401070744,DET,6443,23
401070744,DET,2991039,10
401070744,DET,2016,10
401070744,DET,4305,26
401070744,DET,2530572,27
401070744,DET,3913174,13
401070744,DET,4065670,2
401070744,DET,6452,0
401070744,DET,2806,0
401070745,POR,2982268,6
401070745,POR,4248,30
401070745,POR,3102530,30
401070745,POR,6606,36
401070745,POR,2490149,29
401070745,POR,4066650,18
401070745,POR,6591,20
401070745,POR,6605,4
401070745,POR,4239,28
401070745,POR,2326307,22
401070745,POR,2991042,17
401070745,POR,3906671,0
401070745,POR,3136696,0
401070745,ORL,3064290,28
401070745,ORL,4065654,30
401070745,ORL,6478,31
401070745,ORL,6588,31
401070745,ORL,3415,27
401070745,ORL,4277919,20
401070745,ORL,6619,29
401070745,ORL,2531047,21
401070745,ORL,2579466,21
401070745,ORL,3064517,0
401070745,ORL,3074797,0
401070745,ORL,2578240,0
401070745,ORL,3936294,0
401070746,BOS,4065648,34
401070746,BOS,4249,24
401070746,BOS,3213,31
401070746,BOS,6442,34
401070746,BOS,3917376,24
401070746,BOS,3056602,8
401070746,BOS,6462,30
401070746,BOS,2451037,9
401070746,BOS,2990992,21
401070746,BOS,3074752,25
401070746,BOS,4017844,0
401070746,BOS,4066211,0
401070746,BOS,6507,0
401070746,OKC,4251,36
401070746,OKC,2991070,31
401070746,OKC,4230546,14
401070746,OKC,2991235,33
401070746,OKC,3468,32
401070746,OKC,4264,17
401070746,OKC,2991280,15
401070746,OKC,2995702,19
401070746,OKC,3032979,24
401070746,OKC,4080610,20
401070746,OKC,3059358,0
401070746,OKC,3893019,0
401070746,OKC,2753,0
401070747,DEN,3015,28
401070747,DEN,2528693,26
401070747,DEN,3112335,33
401070747,DEN,2999547,36
401070747,DEN,3936299,34
401070747,DEN,4017839,8
401070747,DEN,3136196,21
401070747,DEN,2488653,15
401070747,DEN,3059310,27
401070747,DEN,3907822,11
401070747,DEN,3934662,0
401070747,DEN,3155536,0
401070747,DEN,3138256,0
401070747,LAL,1966,35
401070747,LAL,3134907,34
401070747,LAL,3452,32
401070747,LAL,3062679,32
401070747,LAL,4066421,33
401070747,LAL,3418,3
401070747,LAL,3064528,12
401070747,LAL,4244,25
401070747,LAL,2581018,22
401070747,LAL,3133602,12
401070747,LAL,3913176,0
401070747,LAL,4017837,0
401070747,LAL,3026,0
401070748,CHI,2284101,29
401070748,CHI,3149010,28
401070748,CHI,4277847,18
401070748,CHI,3064230,23
401070748,CHI,3064440,26
401070748,CHI,3056600,26
401070748,CHI,3113587,30
401070748,CHI,2991047,25
401070748,CHI,2991274,14
401070748,CHI,3907386,22
401070748,CHI,3447,0
401070748,CHA,2797,17
401070748,CHA,3416,31
401070748,CHA,2579258,20
401070748,CHA,6479,26
401070748,CHA,6603,24
401070748,CHA,6601,19
401070748,CHA,2579294,4
401070748,CHA,4066383,26
401070748,CHA,6427,12
401070748,CHA,2999409,5
401070748,CHA,1015,19
401070748,CHA,3907821,12
401070748,CHA,4066262,24
401070749,GS,3202,36
401070749,GS,6589,32
401070749,GS,3064559,14
401070749,GS,3975,33
401070749,GS,6475,34
401070749,GS,2386,24
401070749,GS,3998,19
401070749,GS,2530923,9
401070749,GS,3064427,11
401070749,GS,3155535,15
401070749,GS,2566745,2
401070749,GS,2393,9
401070749,GS,3934621,2
401070749,GS,4258,0
401070749,NY,3078284,22
401070749,NY,4351852,29
401070749,NY,4230547,26
401070749,NY,2991149,30
401070749,NY,2528210,35
401070749,NY,6485,19
401070749,NY,2995706,18
401070749,NY,6447,20
401070749,NY,3064560,2
401070749,NY,2579260,22
401070749,NY,3907525,16
401070749,NY,2580349,0
401070750,DAL,6578,28
401070750,DAL,3442,34
401070750,DAL,4032,32
401070750,DAL,3934672,30
401070750,DAL,3945274,35
401070750,DAL,2531367,15
401070750,DAL,2578185,20
401070750,DAL,2960236,30
401070750,DAL,4066243,1
401070750,DAL,3055,16
401070750,DAL,2968458,0
401070750,DAL,4065697,0
401070750,DAL,2489693,0
401070750,TOR,3988,30
401070750,TOR,6450,35
401070750,TOR,3149673,37
401070750,TOR,6477,22
401070750,TOR,3012,36
401070750,TOR,3439,26
401070750,TOR,2778,11
401070750,TOR,2528787,15
401070750,TOR,2595516,19
401070750,TOR,3934663,8
401070750,TOR,4260,0
401070751,LAC,3428,21
401070751,LAC,6440,27
401070751,LAC,2758,16
401070751,LAC,3964,17
401070751,LAC,4240,25
401070751,LAC,6622,19
401070751,LAC,4376,4
401070751,LAC,2991055,28
401070751,LAC,2799,26
401070751,LAC,3943606,5
401070751,LAC,4192,17
401070751,LAC,3002137,4
401070751,LAC,4278073,31
401070751,HOU,1975,34
401070751,HOU,3033,34
401070751,HOU,3102529,34
401070751,HOU,2779,34
401070751,HOU,3431,33
401070751,HOU,3132042,12
401070751,HOU,4222252,13
401070751,HOU,2761,23
401070751,HOU,2596108,22
401070751,HOU,3907487,0
401070751,HOU,3892894,0
401070752,MIL,6609,25
401070752,MIL,3032977,23
401070752,MIL,3448,24
401070752,MIL,4238,21
401070752,MIL,2566769,25
401070752,MIL,2767,20
401070752,MIL,6592,18
401070752,MIL,4017843,12
401070752,MIL,2528353,15
401070752,MIL,3057187,10
401070752,MIL,2489716,10
401070752,MIL,2578239,17
401070752,MIL,3934673,19
401070752,MIN,3986,19
401070752,MIN,6430,24
401070752,MIN,3136195,27
401070752,MIN,4015,22
401070752,MIN,4065663,29
401070752,MIN,3276,25
401070752,MIN,2429,12
401070752,MIN,2326411,4
401070752,MIN,3136779,6
401070752,MIN,2534781,15
401070752,MIN,3456,27
401070752,MIN,2325499,4
401070752,MIN,3135046,26
401070753,BKN,3201,23
401070753,BKN,2528794,27
401070753,BKN,4066328,28
401070753,BKN,2991043,31
401070753,BKN,3136776,28
401070753,BKN,3064291,16
401070753,BKN,4259,20
401070753,BKN,2580782,29
401070753,BKN,2530780,15
401070753,BKN,2531210,22
401070753,BKN,6433,0
401070753,BKN,4348696,0
401070753,BKN,3138154,0
401070753,NO,6459,23
401070753,NO,6583,38
401070753,NO,3995,38
401070753,NO,6460,32
401070753,NO,2583639,31
401070753,NO,4247,9
401070753,NO,3064514,23
401070753,NO,6610,4
401070753,NO,2488958,25
401070753,NO,2489785,18
401070753,NO,3135048,0
401070753,NO,2488945,0
401070753,NO,4065651,0
401070754,WSH,6461,37
401070754,WSH,2594922,22
401070754,WSH,2774,19
401070754,WSH,4237,37
401070754,WSH,6580,39
401070754,WSH,3209,27
401070754,WSH,6617,20
401070754,WSH,6621,11
401070754,WSH,3133603,29
401070754,WSH,3232,0
401070754,WSH,4278508,0
401070754,WSH,3934723,0
401070754,WSH,2531797,0
401070754,SAC,4269,36
401070754,SAC,2991282,33
401070754,SAC,6468,17
401070754,SAC,2990984,36
401070754,SAC,4066259,30
401070754,SAC,4065649,4
401070754,SAC,3078286,12
401070754,SAC,3138156,29
401070754,SAC,4277848,23
401070754,SAC,2991018,12
401070754,SAC,3059315,8
401070754,SAC,3936296,0
401070754,SAC,2578213,0
401070755,BOS,4065648,28
401070755,BOS,4249,24
401070755,BOS,3213,21
401070755,BOS,6442,23
401070755,BOS,3917376,25
401070755,BOS,3056602,5
401070755,BOS,6462,25
401070755,BOS,4017844,5
401070755,BOS,2451037,19
401070755,BOS,4066211,8
401070755,BOS,6507,5
401070755,BOS,2990992,23
401070755,BOS,3074752,27
401070755,DET,3989,30
401070755,DET,2528779,26
401070755,DET,3134881,27
401070755,DET,6585,29
401070755,DET,6443,27
401070755,DET,3906522,8
401070755,DET,6452,6
401070755,DET,2991039,9
401070755,DET,2016,12
401070755,DET,4305,26
401070755,DET,2530572,17
401070755,DET,2806,10
401070755,DET,4065670,12
401070756,UTAH,4257,19
401070756,UTAH,2968436,28
401070756,UTAH,3032976,31
401070756,UTAH,4011,30
401070756,UTAH,3908809,33
401070756,UTAH,6581,28
401070756,UTAH,4261,6
401070756,UTAH,2583632,16
401070756,UTAH,2990969,11
401070756,UTAH,6429,15
401070756,UTAH,3102528,18
401070756,UTAH,3135045,5
401070756,UTAH,3028,0
401070756,NO,6459,28
401070756,NO,3064514,19
401070756,NO,3995,29
401070756,NO,6460,25
401070756,NO,2583639,16
401070756,NO,4247,16
401070756,NO,3919335,11
401070756,NO,2488958,20
401070756,NO,3135048,14
401070756,NO,2488945,13
401070756,NO,2489785,13
401070756,NO,3133626,13
401070756,NO,4065651,23
401070757,CHI,2284101,37
401070757,CHI,3149010,18
401070757,CHI,4277847,22
401070757,CHI,3064230,18
401070757,CHI,3064440,35
401070757,CHI,3056600,34
401070757,CHI,3113587,26
401070757,CHI,2991047,31
401070757,CHI,2991274,4
401070757,CHI,3907386,15
401070757,CHI,3447,0
401070757,ATL,2990962,35
401070757,ATL,6637,31
401070757,ATL,2596107,17
401070757,ATL,136,23
401070757,ATL,4277905,30
401070757,ATL,4065836,15
401070757,ATL,2580913,27
401070757,ATL,3062667,27
401070757,ATL,4299,19
401070757,ATL,4066372,17
401070757,ATL,6616,0
401070757,ATL,3133874,0
401070757,ATL,3915560,0
401070758,IND,3244,33
401070758,IND,3593,32
401070758,IND,3133628,28
401070758,IND,3973,30
401070758,IND,2527963,37
401070758,IND,4066425,5
401070758,IND,2528588,18
401070758,IND,3155942,21
401070758,IND,4067045,1
401070758,IND,6446,29
401070758,IND,3136485,5
401070758,IND,3922230,2
401070758,IND,6615,0
401070758,CLE,2991184,24
401070758,CLE,3893016,32
401070758,CLE,6474,22
401070758,CLE,3438,29
401070758,CLE,2581177,29
401070758,CLE,2580365,23
401070758,CLE,3062744,14
401070758,CLE,4017838,3
401070758,CLE,2011,15
401070758,CLE,2444,6
401070758,CLE,2528426,20
401070758,CLE,4277811,23
401070758,CLE,2754,0
401070759,CHA,2797,23
401070759,CHA,3416,31
401070759,CHA,2579258,26
401070759,CHA,6479,35
401070759,CHA,6603,29
401070759,CHA,6601,23
401070759,CHA,4066383,30
401070759,CHA,6427,19
401070759,CHA,3133601,13
401070759,CHA,4066262,12
401070759,CHA,2579294,0
401070759,CHA,2999409,0
401070759,CHA,3907821,0
401070759,PHI,2490620,36
401070759,PHI,3032978,31
401070759,PHI,3059318,37
401070759,PHI,3907387,32
401070759,PHI,4066636,25
401070759,PHI,2769,6
401070759,PHI,2490089,17
401070759,PHI,3024,32
401070759,PHI,2530530,14
401070759,PHI,3914044,9
401070759,PHI,3155533,0
401070759,PHI,3929325,0
401070760,POR,2982268,13
401070760,POR,4248,21
401070760,POR,3102530,24
401070760,POR,6606,37
401070760,POR,2490149,36
401070760,POR,4066650,24
401070760,POR,6591,10
401070760,POR,6605,17
401070760,POR,4239,25
401070760,POR,2326307,19
401070760,POR,2991042,13
401070760,POR,3906671,0
401070760,POR,3136696,0
401070760,MIA,2489663,29
401070760,MIA,4262,34
401070760,MIA,3423,35
401070760,MIA,2581190,36
401070760,MIA,2488826,33
401070760,MIA,3135047,19
401070760,MIA,4066261,14
401070760,MIA,1987,21
401070760,MIA,2530276,19
401070760,MIA,2184,0
401070760,MIA,3936099,0
401070760,MIA,3981,0
401070761,PHX,3412,22
401070761,PHX,4412182,30
401070761,PHX,2426,34
401070761,PHX,4278129,33
401070761,PHX,4066297,24
401070761,PHX,2490589,30
401070761,PHX,2993370,5
401070761,PHX,4011991,4
401070761,PHX,2982334,18
401070761,PHX,984,11
401070761,PHX,165,13
401070761,PHX,2489530,5
401070761,PHX,3147657,24
401070761,PHX,4230550,18
401070761,MEM,2993874,21
401070761,MEM,4277961,15
401070761,MEM,3206,31
401070761,MEM,3195,28
401070761,MEM,4023,24
401070761,MEM,3917378,11
401070761,MEM,3554,14
401070761,MEM,3155526,27
401070761,MEM,3133838,5
401070761,MEM,6428,19
401070761,MEM,6454,16
401070761,MEM,3059316,25
401070761,MEM,3064511,5
401070762,ORL,3064290,31
401070762,ORL,4065654,22
401070762,ORL,6478,21
401070762,ORL,6588,27
401070762,ORL,3415,22
401070762,ORL,3064517,7
401070762,ORL,3074797,12
401070762,ORL,2578240,7
401070762,ORL,4277919,23
401070762,ORL,6619,18
401070762,ORL,2531047,26
401070762,ORL,2579466,17
401070762,ORL,3936294,7
401070762,MIL,6609,27
401070762,MIL,3032977,19
401070762,MIL,3448,21
401070762,MIL,4238,23
401070762,MIL,2566769,30
401070762,MIL,2767,26
401070762,MIL,6592,15
401070762,MIL,4017843,6
401070762,MIL,2528353,23
401070762,MIL,3057187,8
401070762,MIL,2489716,6
401070762,MIL,2578239,19
401070762,MIL,3934673,18
401070763,LAL,1966,34
401070763,LAL,3134907,31
401070763,LAL,3452,24
401070763,LAL,3062679,36
401070763,LAL,4066421,27
401070763,LAL,3064528,17
401070763,LAL,3026,29
401070763,LAL,4244,23
401070763,LAL,2581018,16
401070763,LAL,3133602,2
401070763,LAL,3418,0
401070763,LAL,3913176,0
401070763,LAL,4017837,0
401070763,SA,3974,26
401070763,SA,6426,13
401070763,SA,2983,33
401070763,SA,2994526,31
401070763,SA,3978,39
401070763,SA,996,17
401070763,SA,3005,33
401070763,SA,4004,25
401070763,SA,3190,23
401070763,SA,3914283,0
401070763,SA,4253,0
401070763,SA,3134908,0
401070764,GS,3202,39
401070764,GS,6589,36
401070764,GS,3064559,12
401070764,GS,3975,36
401070764,GS,6475,36
401070764,GS,2386,20
401070764,GS,3998,15
401070764,GS,2530923,17
401070764,GS,3064427,10
401070764,GS,3155535,12
401070764,GS,3934621,6
401070764,GS,2566745,0
401070764,BKN,3201,22
401070764,BKN,2528794,30
401070764,BKN,4066328,29
401070764,BKN,2991043,30
401070764,BKN,3136776,30
401070764,BKN,3064291,17
401070764,BKN,4259,17
401070764,BKN,2580782,24
401070764,BKN,2530780,14
401070764,BKN,2531210,28
401070764,BKN,6433,0
401070764,BKN,4348696,0
401070765,UTAH,6581,35
401070765,UTAH,2968436,31
401070765,UTAH,3032976,33
401070765,UTAH,4011,32
401070765,UTAH,3908809,35
401070765,UTAH,4261,15
401070765,UTAH,2583632,17
401070765,UTAH,2990969,13
401070765,UTAH,3102528,16
401070765,UTAH,3135045,13
401070765,UTAH,3028,0
401070765,UTAH,6429,0
401070765,DAL,6578,34
401070765,DAL,3442,37
401070765,DAL,4065697,34
401070765,DAL,4032,36
401070765,DAL,3945274,37
401070765,DAL,2531367,11
401070765,DAL,2578185,11
401070765,DAL,2960236,13
401070765,DAL,3055,14
401070765,DAL,2489693,0
401070765,DAL,3934672,12
401070765,DAL,3908806,0
401070765,DAL,2968458,0
401070766,PHX,3412,31
401070766,PHX,4412182,6
401070766,PHX,2426,28
401070766,PHX,4278129,32
401070766,PHX,4066297,21
401070766,PHX,2490589,6
401070766,PHX,2993370,4
401070766,PHX,2982334,22
401070766,PHX,984,12
401070766,PHX,165,16
401070766,PHX,2489530,17
401070766,PHX,3147657,22
401070766,PHX,4230550,31
401070766,PHX,4011991,0
401070766,OKC,4251,30
401070766,OKC,2991070,37
401070766,OKC,4230546,27
401070766,OKC,2991280,26
401070766,OKC,3468,31
401070766,OKC,4264,30
401070766,OKC,2595435,2
401070766,OKC,3059358,5
401070766,OKC,3893019,1
401070766,OKC,2995702,24
401070766,OKC,3032979,27
401070766,OKC,2991235,0
401070766,OKC,2753,0
401070767,WSH,6461,14
401070767,WSH,2594922,30
401070767,WSH,2774,29
401070767,WSH,4237,28
401070767,WSH,6580,29
401070767,WSH,3209,21
401070767,WSH,4278508,7
401070767,WSH,3934723,11
401070767,WSH,6617,22
401070767,WSH,6621,16
401070767,WSH,2531797,8
401070767,WSH,3133603,26
401070767,WSH,3232,0
401070767,LAC,3428,26
401070767,LAC,6440,30
401070767,LAC,2758,20
401070767,LAC,3964,25
401070767,LAC,4240,23
401070767,LAC,6622,19
401070767,LAC,4376,12
401070767,LAC,2991055,16
401070767,LAC,2799,16
401070767,LAC,3943606,7
401070767,LAC,4192,11
401070767,LAC,3002137,7
401070767,LAC,4278073,28
401070768,POR,2982268,12
401070768,POR,4248,29
401070768,POR,3102530,18
401070768,POR,6606,33
401070768,POR,2490149,33
401070768,POR,3906671,19
401070768,POR,4066650,27
401070768,POR,6605,3
401070768,POR,4239,26
401070768,POR,2326307,17
401070768,POR,2991042,24
401070768,POR,3136696,0
401070768,POR,4351851,0
401070768,IND,3244,31
401070768,IND,3593,37
401070768,IND,3133628,32
401070768,IND,3973,36
401070768,IND,2527963,36
401070768,IND,4066425,4
401070768,IND,2528588,11
401070768,IND,3155942,24
401070768,IND,6446,15
401070768,IND,3983,15
401070768,IND,6615,0
401070768,IND,3136485,0
401070768,IND,3922230,0
401070769,ATL,2990962,26
401070769,ATL,6637,33
401070769,ATL,2596107,15
401070769,ATL,136,20
401070769,ATL,4277905,29
401070769,ATL,4065836,23
401070769,ATL,6616,10
401070769,ATL,2580913,23
401070769,ATL,3062667,24
401070769,ATL,4299,9
401070769,ATL,3133874,5
401070769,ATL,3915560,6
401070769,ATL,4066372,17
401070769,PHI,2490620,31
401070769,PHI,3032978,26
401070769,PHI,3059318,30
401070769,PHI,3907387,27
401070769,PHI,4066636,25
401070769,PHI,3155533,7
401070769,PHI,2769,15
401070769,PHI,2490089,19
401070769,PHI,3024,25
401070769,PHI,3929325,5
401070769,PHI,2530530,6
401070769,PHI,3914044,25
401070770,SAC,4269,33
401070770,SAC,2991282,34
401070770,SAC,6468,27
401070770,SAC,2990984,36
401070770,SAC,4066259,34
401070770,SAC,3138156,22
401070770,SAC,4277848,17
401070770,SAC,3444,12
401070770,SAC,2991018,9
401070770,SAC,3059315,18
401070770,SAC,4065649,0
401070770,SAC,3078286,0
401070770,SAC,2578213,0
401070770,MIA,2489663,16
401070770,MIA,4262,29
401070770,MIA,3423,31
401070770,MIA,2581190,37
401070770,MIA,2488826,32
401070770,MIA,3135047,24
401070770,MIA,4066261,19
401070770,MIA,1987,27
401070770,MIA,2530276,25
401070770,MIA,2184,0
401070770,MIA,3936099,0
401070770,MIA,3981,0
401070771,BKN,3201,18
401070771,BKN,2528794,28
401070771,BKN,4066328,20
401070771,BKN,2991043,29
401070771,BKN,3136776,27
401070771,BKN,6433,4
401070771,BKN,4348696,4
401070771,BKN,3064291,27
401070771,BKN,4259,12
401070771,BKN,2580782,25
401070771,BKN,2530780,19
401070771,BKN,2531210,25
401070771,NY,3078284,29
401070771,NY,4351852,15
401070771,NY,4230547,32
401070771,NY,2991149,28
401070771,NY,2528210,35
401070771,NY,6485,9
401070771,NY,2995706,20
401070771,NY,6447,26
401070771,NY,3064560,2
401070771,NY,2579260,14
401070771,NY,2580349,2
401070771,NY,3892818,2
401070771,NY,3907525,25
401070772,GS,3202,28
401070772,GS,6589,25
401070772,GS,3064559,14
401070772,GS,3975,25
401070772,GS,6475,27
401070772,GS,2386,7
401070772,GS,3998,20
401070772,GS,2530923,27
401070772,GS,3064427,18
401070772,GS,3155535,17
401070772,GS,2566745,17
401070772,GS,3934621,16
401070772,CHI,2284101,29
401070772,CHI,3149010,23
401070772,CHI,4277847,27
401070772,CHI,3064230,20
401070772,CHI,3064440,27
401070772,CHI,3056600,26
401070772,CHI,3113587,21
401070772,CHI,2991047,28
401070772,CHI,2991274,18
401070772,CHI,3907386,21
401070772,CHI,3447,0
401070773,TOR,3439,29
401070773,TOR,3988,30
401070773,TOR,3149673,33
401070773,TOR,3012,34
401070773,TOR,2595516,27
401070773,TOR,3948153,2
401070773,TOR,4260,5
401070773,TOR,6477,13
401070773,TOR,2778,19
401070773,TOR,2528787,19
401070773,TOR,2595592,2
401070773,TOR,3064447,13
401070773,TOR,3934663,13
401070773,MIL,2767,24
401070773,MIL,6609,31
401070773,MIL,3448,29
401070773,MIL,4238,26
401070773,MIL,2566769,28
401070773,MIL,6592,11
401070773,MIL,3058254,4
401070773,MIL,4017843,23
401070773,MIL,2528353,16
401070773,MIL,3057187,4
401070773,MIL,2489716,4
401070773,MIL,2578239,16
401070773,MIL,3934673,23
401070774,LAL,1966,36
401070774,LAL,3134907,32
401070774,LAL,3913176,25
401070774,LAL,3452,31
401070774,LAL,4066421,24
401070774,LAL,3064528,14
401070774,LAL,3026,32
401070774,LAL,4244,15
401070774,LAL,2581018,7
401070774,LAL,3062679,24
401070774,LAL,3418,0
401070774,LAL,4017837,0
401070774,LAL,3133602,0
401070774,MIN,3986,29
401070774,MIN,6430,37
401070774,MIN,3136195,32
401070774,MIN,4015,32
401070774,MIN,4065663,30
401070774,MIN,3276,19
401070774,MIN,2534781,16
401070774,MIN,3456,29
401070774,MIN,3135046,16
401070774,MIN,2429,0
401070774,MIN,2326411,0
401070774,MIN,3136779,0
401070774,MIN,2325499,0
401070775,DAL,6578,34
401070775,DAL,3442,41
401070775,DAL,4065697,38
401070775,DAL,4032,39
401070775,DAL,3945274,40
401070775,DAL,2531367,12
401070775,DAL,2578185,16
401070775,DAL,2960236,16
401070775,DAL,3055,15
401070775,DAL,3934672,14
401070775,DAL,2968458,0
401070775,DAL,2489693,0
401070775,SA,3974,26
401070775,SA,3005,40
401070775,SA,2983,40
401070775,SA,2994526,30
401070775,SA,3978,43
401070775,SA,996,15
401070775,SA,4253,5
401070775,SA,6426,9
401070775,SA,4004,34
401070775,SA,3190,23
401070775,SA,3914283,0
401070775,SA,3134908,0
401070776,NO,6459,38
401070776,NO,2488958,20
401070776,NO,3135048,18
401070776,NO,3995,35
401070776,NO,6460,38
401070776,NO,3064514,27
401070776,NO,3919335,14
401070776,NO,2488945,20
401070776,NO,2489785,6
401070776,NO,4065651,26
401070776,NO,4247,0
401070776,NO,6583,0
401070776,NO,3133626,0
401070776,DEN,3015,27
401070776,DEN,2528693,9
401070776,DEN,3112335,29
401070776,DEN,2999547,33
401070776,DEN,3936299,39
401070776,DEN,4017839,8
401070776,DEN,3136196,21
401070776,DEN,2488653,19
401070776,DEN,3059310,24
401070776,DEN,3907822,31
401070776,DEN,3934662,0
401070776,DEN,3138256,0
401070777,MIA,2489663,21
401070777,MIA,4262,29
401070777,MIA,3423,25
401070777,MIA,2581190,29
401070777,MIA,2488826,35
401070777,MIA,3135047,30
401070777,MIA,3936099,5
401070777,MIA,4066261,15
401070777,MIA,1987,25
401070777,MIA,2530276,26
401070777,MIA,2184,0
401070777,MIA,3981,0
401070777,CHA,2797,18
401070777,CHA,3416,32
401070777,CHA,2579258,25
401070777,CHA,6479,35
401070777,CHA,6603,19
401070777,CHA,6601,26
401070777,CHA,4066383,16
401070777,CHA,2999409,18
401070777,CHA,1015,25
401070777,CHA,3907821,1
401070777,CHA,4066262,24
401070777,CHA,2579294,0
401070777,CHA,6427,0
401070778,ATL,2990962,26
401070778,ATL,6637,28
401070778,ATL,2596107,27
401070778,ATL,136,24
401070778,ATL,4277905,31
401070778,ATL,4065836,20
401070778,ATL,6616,1
401070778,ATL,2580913,16
401070778,ATL,3062667,22
401070778,ATL,4299,24
401070778,ATL,3133874,3
401070778,ATL,3915560,3
401070778,ATL,4066372,15
401070778,CLE,2991184,29
401070778,CLE,3893016,34
401070778,CLE,6474,29
401070778,CLE,3438,20
401070778,CLE,2581177,31
401070778,CLE,2580365,16
401070778,CLE,3062744,9
401070778,CLE,4017838,2
401070778,CLE,2011,15
401070778,CLE,2528426,27
401070778,CLE,4277811,28
401070778,CLE,2754,0
401070778,CLE,2444,0
401070779,SAC,4269,30
401070779,SAC,3138156,20
401070779,SAC,2991282,30
401070779,SAC,2990984,39
401070779,SAC,4066259,31
401070779,SAC,3078286,34
401070779,SAC,4277848,23
401070779,SAC,3444,13
401070779,SAC,3059315,21
401070779,SAC,4065649,0
401070779,SAC,3936296,0
401070779,SAC,2991018,0
401070779,SAC,2578213,0
401070779,ORL,3064290,34
401070779,ORL,4065654,25
401070779,ORL,6478,27
401070779,ORL,6588,28
401070779,ORL,3415,27
401070779,ORL,4277919,24
401070779,ORL,6619,27
401070779,ORL,2531047,21
401070779,ORL,2579466,26
401070779,ORL,3064517,0
401070779,ORL,3074797,0
401070779,ORL,2578240,0
401070779,ORL,3936294,0
401070780,DET,3989,34
401070780,DET,2528779,33
401070780,DET,3134881,35
401070780,DET,6585,31
401070780,DET,6443,27
401070780,DET,2991039,11
401070780,DET,2016,17
401070780,DET,4305,28
401070780,DET,2806,12
401070780,DET,4065670,13
401070780,DET,3906522,0
401070780,DET,6452,0
401070780,DET,2530572,0
401070780,BOS,4065648,30
401070780,BOS,4249,26
401070780,BOS,3213,33
401070780,BOS,6442,33
401070780,BOS,3917376,32
401070780,BOS,6462,31
401070780,BOS,4017844,3
401070780,BOS,2968439,12
401070780,BOS,4066211,1
401070780,BOS,2990992,19
401070780,BOS,3074752,19
401070780,BOS,3056602,0
401070780,BOS,6507,0
401070781,PHI,2490620,37
401070781,PHI,3032978,32
401070781,PHI,3059318,33
401070781,PHI,3907387,34
401070781,PHI,4066636,19
401070781,PHI,3155533,4
401070781,PHI,2769,12
401070781,PHI,2490089,16
401070781,PHI,3024,30
401070781,PHI,2530530,8
401070781,PHI,3914044,16
401070781,PHI,3929325,0
401070781,TOR,3439,30
401070781,TOR,3988,35
401070781,TOR,6450,34
401070781,TOR,3149673,33
401070781,TOR,3012,37
401070781,TOR,6477,17
401070781,TOR,2778,18
401070781,TOR,2528787,4
401070781,TOR,2595516,14
401070781,TOR,3064447,14
401070781,TOR,3934663,4
401070781,TOR,4260,0
401070782,POR,2982268,15
401070782,POR,4248,28
401070782,POR,3102530,24
401070782,POR,6606,28
401070782,POR,2490149,28
401070782,POR,3906671,20
401070782,POR,4066650,24
401070782,POR,4239,26
401070782,POR,2326307,23
401070782,POR,2991042,24
401070782,POR,4351851,1
401070782,POR,6605,0
401070782,POR,3136696,0
401070782,HOU,1975,31
401070782,HOU,3033,34
401070782,HOU,3102529,30
401070782,HOU,2779,37
401070782,HOU,3431,31
401070782,HOU,3132042,19
401070782,HOU,3907487,8
401070782,HOU,3892894,1
401070782,HOU,4222252,7
401070782,HOU,2761,26
401070782,HOU,2596108,15
401070783,WSH,3209,29
401070783,WSH,2594922,38
401070783,WSH,2774,20
401070783,WSH,4237,34
401070783,WSH,6580,40
401070783,WSH,3232,24
401070783,WSH,6617,19
401070783,WSH,6621,6
401070783,WSH,3133603,29
401070783,WSH,4278508,0
401070783,WSH,3934723,0
401070783,WSH,2531797,0
401070783,MEM,2993874,28
401070783,MEM,4277961,10
401070783,MEM,3206,36
401070783,MEM,3195,35
401070783,MEM,4023,36
401070783,MEM,3917378,12
401070783,MEM,3554,15
401070783,MEM,3155526,25
401070783,MEM,6428,5
401070783,MEM,6454,30
401070783,MEM,3059316,8
401070783,MEM,3064511,0
401070783,MEM,3133635,0
401070784,LAC,3428,26
401070784,LAC,6440,32
401070784,LAC,2758,19
401070784,LAC,3964,26
401070784,LAC,4240,30
401070784,LAC,6622,12
401070784,LAC,4376,10
401070784,LAC,2991055,22
401070784,LAC,2799,25
401070784,LAC,3943606,4
401070784,LAC,4192,7
401070784,LAC,3002137,3
401070784,LAC,4278073,22
401070784,OKC,4251,34
401070784,OKC,2991070,26
401070784,OKC,4230546,26
401070784,OKC,2991235,38
401070784,OKC,3468,34
401070784,OKC,4264,20
401070784,OKC,2595435,2
401070784,OKC,2991280,9
401070784,OKC,3893019,2
401070784,OKC,2995702,15
401070784,OKC,3032979,25
401070784,OKC,4080610,11
401070784,OKC,2753,0
401070785,DET,3989,42
401070785,DET,2528779,9
401070785,DET,3134881,33
401070785,DET,6585,38
401070785,DET,6443,35
401070785,DET,2991039,14
401070785,DET,2016,13
401070785,DET,4305,31
401070785,DET,2530572,6
401070785,DET,2806,16
401070785,DET,4065670,29
401070785,DET,3906522,0
401070785,DET,6452,0
401070785,BKN,3201,38
401070785,BKN,2528794,41
401070785,BKN,4066328,22
401070785,BKN,2991043,40
401070785,BKN,3136776,25
401070785,BKN,3064291,25
401070785,BKN,4259,18
401070785,BKN,2580782,32
401070785,BKN,2530780,6
401070785,BKN,2531210,20
401070785,BKN,6433,0
401070785,BKN,4348696,0
401070786,IND,3244,34
401070786,IND,3593,32
401070786,IND,3133628,29
401070786,IND,3973,24
401070786,IND,2527963,32
401070786,IND,2528588,13
401070786,IND,3155942,21
401070786,IND,6615,3
401070786,IND,6446,32
401070786,IND,3983,21
401070786,IND,4066425,0
401070786,IND,3136485,0
401070786,IND,3922230,0
401070786,NY,3078284,33
401070786,NY,4351852,18
401070786,NY,4230547,33
401070786,NY,2991149,32
401070786,NY,2528210,38
401070786,NY,6485,16
401070786,NY,2995706,13
401070786,NY,6447,21
401070786,NY,2579260,14
401070786,NY,3907525,23
401070786,NY,3064560,0
401070786,NY,2580349,0
401070786,NY,3892818,0
401070787,DEN,3015,33
401070787,DEN,2528693,22
401070787,DEN,3112335,33
401070787,DEN,2999547,38
401070787,DEN,3936299,44
401070787,DEN,3136196,20
401070787,DEN,2488653,20
401070787,DEN,3059310,25
401070787,DEN,3907822,31
401070787,DEN,4017839,0
401070787,DEN,3934662,0
401070787,DEN,3138256,0
401070787,CHI,3056600,36
401070787,CHI,2284101,39
401070787,CHI,4277847,38
401070787,CHI,3064230,25
401070787,CHI,3064440,39
401070787,CHI,3113587,15
401070787,CHI,3149010,30
401070787,CHI,2991047,30
401070787,CHI,3907386,14
401070787,CHI,3447,0
401070787,CHI,2991274,0
401070788,UTAH,4257,23
401070788,UTAH,2968436,35
401070788,UTAH,3032976,34
401070788,UTAH,4011,27
401070788,UTAH,3908809,31
401070788,UTAH,6581,30
401070788,UTAH,4261,2
401070788,UTAH,2583632,18
401070788,UTAH,2990969,8
401070788,UTAH,3102528,25
401070788,UTAH,3135045,8
401070788,UTAH,3028,0
401070788,MIN,3986,24
401070788,MIN,3059319,38
401070788,MIN,3136195,40
401070788,MIN,3456,41
401070788,MIN,4065663,37
401070788,MIN,3276,24
401070788,MIN,2326411,21
401070788,MIN,2534781,8
401070788,MIN,2325499,7
401070788,MIN,2429,0
401070788,MIN,3136779,0
401070788,MIN,4015,0
401070788,MIN,3135046,0
401070789,NO,6459,32
401070789,NO,6583,41
401070789,NO,2488945,21
401070789,NO,3995,42
401070789,NO,6460,39
401070789,NO,3064514,23
401070789,NO,2488958,12
401070789,NO,2489785,12
401070789,NO,4065651,18
401070789,NO,4247,0
401070789,NO,3919335,0
401070789,NO,3135048,0
401070789,NO,3133626,0
401070789,GS,3202,40
401070789,GS,6589,34
401070789,GS,3064559,11
401070789,GS,3975,37
401070789,GS,6475,37
401070789,GS,2386,20
401070789,GS,3998,17
401070789,GS,2530923,11
401070789,GS,3064427,11
401070789,GS,3155535,21
401070789,GS,3934621,1
401070789,GS,2566745,0
401070790,DAL,6578,28
401070790,DAL,3442,31
401070790,DAL,4065697,23
401070790,DAL,4032,32
401070790,DAL,3945274,28
401070790,DAL,2531367,17
401070790,DAL,2578185,25
401070790,DAL,2960236,20
401070790,DAL,3055,25
401070790,DAL,3934672,11
401070790,DAL,2968458,0
401070790,DAL,2489693,0
401070790,LAL,1966,39
401070790,LAL,3134907,31
401070790,LAL,3913176,31
401070790,LAL,3452,35
401070790,LAL,4066421,33
401070790,LAL,3064528,7
401070790,LAL,3026,17
401070790,LAL,4244,10
401070790,LAL,2581018,21
401070790,LAL,3062679,16
401070790,LAL,3150844,0
401070790,LAL,4017837,0
401070790,LAL,3133602,0
401070791,SA,3974,26
401070791,SA,3005,23
401070791,SA,2983,24
401070791,SA,2994526,22
401070791,SA,3978,28
401070791,SA,996,16
401070791,SA,3914283,7
401070791,SA,4253,19
401070791,SA,6426,24
401070791,SA,3134908,8
401070791,SA,4004,20
401070791,SA,3190,23
401070791,PHX,2426,30
401070791,PHX,2982334,36
401070791,PHX,4278129,31
401070791,PHX,4066297,21
401070791,PHX,4230550,28
401070791,PHX,3412,8
401070791,PHX,2993370,4
401070791,PHX,4011991,4
401070791,PHX,984,9
401070791,PHX,165,10
401070791,PHX,2489530,12
401070791,PHX,3147657,27
401070791,PHX,4066436,20
401070792,OKC,4251,39
401070792,OKC,2991070,25
401070792,OKC,4230546,18
401070792,OKC,2991235,34
401070792,OKC,3468,37
401070792,OKC,4264,7
401070792,OKC,2991280,9
401070792,OKC,2995702,30
401070792,OKC,3032979,30
401070792,OKC,4080610,11
401070792,OKC,2595435,0
401070792,OKC,3893019,0
401070792,OKC,2753,0
401070792,CHA,2797,18
401070792,CHA,3416,36
401070792,CHA,2579258,27
401070792,CHA,6479,31
401070792,CHA,6603,25
401070792,CHA,6601,25
401070792,CHA,4066383,19
401070792,CHA,2999409,12
401070792,CHA,1015,23
401070792,CHA,4066262,23
401070792,CHA,2579294,0
401070792,CHA,6427,0
401070792,CHA,3907821,0
401070793,DEN,3015,21
401070793,DEN,2528693,18
401070793,DEN,3112335,22
401070793,DEN,2999547,28
401070793,DEN,3936299,23
401070793,DEN,4017839,29
401070793,DEN,3136196,25
401070793,DEN,3934662,4
401070793,DEN,2488653,22
401070793,DEN,3059310,22
401070793,DEN,3907822,24
401070793,DEN,3138256,3
401070793,CLE,2991184,35
401070793,CLE,3893016,30
401070793,CLE,6474,28
401070793,CLE,3438,24
401070793,CLE,2581177,28
401070793,CLE,2580365,19
401070793,CLE,3062744,10
401070793,CLE,4017838,5
401070793,CLE,2011,18
401070793,CLE,2528426,20
401070793,CLE,4277811,25
401070793,CLE,2754,0
401070793,CLE,2444,0
401070794,LAC,3428,35
401070794,LAC,6440,33
401070794,LAC,2758,9
401070794,LAC,3964,30
401070794,LAC,4240,36
401070794,LAC,6622,10
401070794,LAC,4376,23
401070794,LAC,2991055,15
401070794,LAC,2799,24
401070794,LAC,3943606,0
401070794,LAC,4192,5
401070794,LAC,3002137,0
401070794,LAC,4278073,18
401070794,PHI,2490620,33
401070794,PHI,3032978,24
401070794,PHI,3059318,33
401070794,PHI,3907387,35
401070794,PHI,4066636,21
401070794,PHI,2769,12
401070794,PHI,2490089,24
401070794,PHI,3024,35
401070794,PHI,3914044,23
401070794,PHI,3155533,0
401070794,PHI,3929325,0
401070794,PHI,2530530,0
401070795,SAC,4269,24
401070795,SAC,2991282,25
401070795,SAC,6468,24
401070795,SAC,2990984,33
401070795,SAC,4066259,34
401070795,SAC,4065649,5
401070795,SAC,3138156,23
401070795,SAC,4277848,24
401070795,SAC,3444,12
401070795,SAC,3936296,5
401070795,SAC,2991018,11
401070795,SAC,2578213,6
401070795,SAC,3059315,13
401070795,ATL,2990962,29
401070795,ATL,6637,25
401070795,ATL,2596107,22
401070795,ATL,136,16
401070795,ATL,4277905,27
401070795,ATL,2991283,17
401070795,ATL,4065836,20
401070795,ATL,6616,5
401070795,ATL,2580913,12
401070795,ATL,3062667,25
401070795,ATL,4299,23
401070795,ATL,3915560,17
401070795,ATL,4066372,1
401070796,MIL,6609,34
401070796,MIL,3032977,36
401070796,MIL,3448,23
401070796,MIL,4238,33
401070796,MIL,2566769,29
401070796,MIL,2767,26
401070796,MIL,6592,10
401070796,MIL,2528353,15
401070796,MIL,2578239,9
401070796,MIL,3934673,24
401070796,MIL,4017843,0
401070796,MIL,3057187,0
401070796,MIL,2489716,0
401070796,BOS,3056602,22
401070796,BOS,4065648,32
401070796,BOS,4249,27
401070796,BOS,3213,32
401070796,BOS,6442,33
401070796,BOS,6462,24
401070796,BOS,2968439,16
401070796,BOS,4066211,0
401070796,BOS,2990992,28
401070796,BOS,3074752,26
401070796,BOS,4017844,0
401070796,BOS,6507,0
401070797,NO,6459,36
401070797,NO,3135048,14
401070797,NO,2488945,30
401070797,NO,3995,35
401070797,NO,6460,31
401070797,NO,3064514,26
401070797,NO,3919335,20
401070797,NO,2488958,10
401070797,NO,2489785,23
401070797,NO,3133626,3
401070797,NO,4065651,12
401070797,NO,4247,0
401070797,NO,6583,0
401070797,POR,2982268,16
401070797,POR,4248,33
401070797,POR,3102530,28
401070797,POR,6606,31
401070797,POR,2490149,30
401070797,POR,3906671,15
401070797,POR,4066650,17
401070797,POR,4239,27
401070797,POR,2326307,19
401070797,POR,2991042,21
401070797,POR,3136696,2
401070797,POR,4351851,2
401070797,POR,6605,0
401070798,LAC,3428,24
401070798,LAC,6440,26
401070798,LAC,4376,23
401070798,LAC,3964,23
401070798,LAC,4240,23
401070798,LAC,6622,23
401070798,LAC,2991055,25
401070798,LAC,2799,21
401070798,LAC,3943606,6
401070798,LAC,4192,17
401070798,LAC,3002137,5
401070798,LAC,4278073,25
401070798,LAC,2758,0
401070798,ORL,3064290,24
401070798,ORL,4065654,12
401070798,ORL,6478,32
401070798,ORL,6588,28
401070798,ORL,3415,27
401070798,ORL,3064517,8
401070798,ORL,3074797,31
401070798,ORL,2578240,6
401070798,ORL,4277919,20
401070798,ORL,6619,20
401070798,ORL,2531047,21
401070798,ORL,3913546,6
401070798,ORL,3936294,6
401070799,HOU,3033,39
401070799,HOU,2579321,19
401070799,HOU,3102529,37
401070799,HOU,2779,37
401070799,HOU,3431,35
401070799,HOU,1975,31
401070799,HOU,3132042,9
401070799,HOU,3907487,3
401070799,HOU,4222252,8
401070799,HOU,2761,17
401070799,HOU,2596108,6
401070799,HOU,3136989,0
401070799,BKN,3201,23
401070799,BKN,2528794,32
401070799,BKN,4066328,27
401070799,BKN,2991043,30
401070799,BKN,3136776,22
401070799,BKN,3064291,19
401070799,BKN,4259,17
401070799,BKN,2580782,28
401070799,BKN,2530780,16
401070799,BKN,2531210,26
401070799,BKN,6433,0
401070799,BKN,4348696,0
401070799,BKN,4230548,0
401070800,OKC,4251,29
401070800,OKC,2991070,34
401070800,OKC,4230546,17
401070800,OKC,2991235,23
401070800,OKC,3468,26
401070800,OKC,4264,18
401070800,OKC,2595435,2
401070800,OKC,2991280,17
401070800,OKC,3893019,2
401070800,OKC,2995702,24
401070800,OKC,3032979,27
401070800,OKC,4080610,19
401070800,OKC,2753,0
401070800,WSH,6461,29
401070800,WSH,2594922,16
401070800,WSH,2384,23
401070800,WSH,4237,34
401070800,WSH,6580,31
401070800,WSH,3209,15
401070800,WSH,3232,10
401070800,WSH,4278508,10
401070800,WSH,2774,5
401070800,WSH,6617,21
401070800,WSH,6621,14
401070800,WSH,3133603,32
401070800,WSH,3934723,0
401070801,IND,3244,31
401070801,IND,3593,28
401070801,IND,3133628,27
401070801,IND,3973,36
401070801,IND,2527963,36
401070801,IND,4066425,6
401070801,IND,2528588,14
401070801,IND,3155942,21
401070801,IND,6446,23
401070801,IND,3983,18
401070801,IND,6615,0
401070801,IND,3136485,0
401070801,IND,3922230,0
401070801,CHI,3056600,30
401070801,CHI,2284101,36
401070801,CHI,4277847,24
401070801,CHI,3064230,25
401070801,CHI,3064440,35
401070801,CHI,3113587,21
401070801,CHI,3149010,17
401070801,CHI,3447,4
401070801,CHI,2991047,22
401070801,CHI,3907386,26
401070801,CHI,2991274,0
401070802,NY,3078284,10
401070802,NY,4351852,34
401070802,NY,4230547,32
401070802,NY,2991149,36
401070802,NY,2528210,34
401070802,NY,6485,17
401070802,NY,2995706,9
401070802,NY,6447,20
401070802,NY,2579260,7
401070802,NY,3892818,16
401070802,NY,3907525,24
401070802,NY,3064560,0
401070802,NY,2580349,0
401070802,DAL,6578,35
401070802,DAL,3442,32
401070802,DAL,4065697,32
401070802,DAL,4032,31
401070802,DAL,3945274,35
401070802,DAL,2531367,15
401070802,DAL,2578185,27
401070802,DAL,2960236,13
401070802,DAL,3055,15
401070802,DAL,3934672,3
401070802,DAL,2968458,0
401070802,DAL,2489693,0
401070803,MEM,2993874,31
401070803,MEM,4277961,20
401070803,MEM,3206,36
401070803,MEM,3195,33
401070803,MEM,4023,35
401070803,MEM,3917378,3
401070803,MEM,3554,7
401070803,MEM,3155526,15
401070803,MEM,6428,10
401070803,MEM,6454,33
401070803,MEM,3059316,15
401070803,MEM,2327577,0
401070803,MEM,6466,0
401070803,UTAH,4257,23
401070803,UTAH,2968436,37
401070803,UTAH,3032976,37
401070803,UTAH,4011,32
401070803,UTAH,3135045,27
401070803,UTAH,6581,32
401070803,UTAH,2583632,21
401070803,UTAH,2990969,12
401070803,UTAH,3102528,19
401070803,UTAH,3028,0
401070803,UTAH,4261,0
401070803,UTAH,2990968,0
401070804,TOR,3988,26
401070804,TOR,6450,30
401070804,TOR,3149673,27
401070804,TOR,6477,24
401070804,TOR,3012,32
401070804,TOR,3439,23
401070804,TOR,3934719,21
401070804,TOR,4260,1
401070804,TOR,2778,16
401070804,TOR,2595516,14
401070804,TOR,2991230,20
401070804,TOR,3064447,7
401070804,TOR,2528787,0
401070804,PHX,4412182,32
401070804,PHX,2426,34
401070804,PHX,2982334,23
401070804,PHX,4278129,35
401070804,PHX,2490589,32
401070804,PHX,3136193,36
401070804,PHX,3412,25
401070804,PHX,2993370,13
401070804,PHX,4066297,12
401070804,PHX,165,4
401070804,PHX,3147657,11
401070804,PHX,4230550,16
401070804,PHX,4011991,0
401070804,PHX,984,0
401070805,MIN,3986,24
401070805,MIN,6430,35
401070805,MIN,3059319,37
401070805,MIN,3136195,35
401070805,MIN,3135046,41
401070805,MIN,3276,22
401070805,MIN,2326411,3
401070805,MIN,2534781,13
401070805,MIN,3456,5
401070805,MIN,4065663,25
401070805,MIN,2429,0
401070805,MIN,3136779,0
401070805,MIN,2325499,0
401070805,GS,3202,36
401070805,GS,6589,33
401070805,GS,3064559,17
401070805,GS,3975,35
401070805,GS,6475,36
401070805,GS,2386,20
401070805,GS,3998,14
401070805,GS,2530923,27
401070805,GS,3064427,6
401070805,GS,3155535,15
401070805,GS,2566745,0
401070805,GS,3934621,0
401070806,DET,3989,37
401070806,DET,3134881,30
401070806,DET,6585,21
401070806,DET,6443,27
401070806,DET,4065670,12
401070806,DET,6452,22
401070806,DET,2991039,14
401070806,DET,2016,16
401070806,DET,4305,29
401070806,DET,2530572,20
401070806,DET,2806,13
401070806,DET,3906522,0
401070806,DET,2528779,0
401070806,PHI,2490620,32
401070806,PHI,3032978,22
401070806,PHI,3059318,34
401070806,PHI,3907387,29
401070806,PHI,4066636,23
401070806,PHI,2769,14
401070806,PHI,3194,10
401070806,PHI,2490089,26
401070806,PHI,3024,31
401070806,PHI,3914044,19
401070806,PHI,3155533,0
401070806,PHI,3929325,0
401070806,PHI,2530530,0
401070807,CLE,2991184,24
401070807,CLE,3893016,32
401070807,CLE,6474,27
401070807,CLE,3438,28
401070807,CLE,2581177,23
401070807,CLE,2580365,16
401070807,CLE,3062744,5
401070807,CLE,4017838,4
401070807,CLE,2011,14
401070807,CLE,2444,24
401070807,CLE,2528426,21
401070807,CLE,4277811,19
401070807,CLE,2754,0
401070807,CHA,2797,22
401070807,CHA,3416,26
401070807,CHA,2579258,18
401070807,CHA,6479,30
401070807,CHA,6603,24
401070807,CHA,6601,18
401070807,CHA,2579294,5
401070807,CHA,4066383,23
401070807,CHA,6427,7
401070807,CHA,2999409,20
401070807,CHA,1015,18
401070807,CHA,3907821,7
401070807,CHA,4066262,21
401070808,BOS,4065648,33
401070808,BOS,4249,26
401070808,BOS,3213,29
401070808,BOS,6442,27
401070808,BOS,3917376,31
401070808,BOS,6462,33
401070808,BOS,2968439,19
401070808,BOS,2990992,23
401070808,BOS,3074752,19
401070808,BOS,3056602,0
401070808,BOS,4017844,0
401070808,BOS,4066211,0
401070808,BOS,6507,0
401070808,IND,3244,29
401070808,IND,3593,23
401070808,IND,3133628,28
401070808,IND,3973,26
401070808,IND,2527963,37
401070808,IND,4066425,11
401070808,IND,2528588,11
401070808,IND,3155942,27
401070808,IND,6446,25
401070808,IND,3983,22
401070808,IND,6615,0
401070808,IND,3136485,0
401070808,IND,3922230,0
401070809,MIA,3135047,37
401070809,MIA,2489663,14
401070809,MIA,4262,16
401070809,MIA,2581190,38
401070809,MIA,2488826,34
401070809,MIA,3936099,12
401070809,MIA,4066261,31
401070809,MIA,3981,8
401070809,MIA,1987,26
401070809,MIA,2530276,24
401070809,MIA,2184,0
401070809,MIA,3423,0
401070809,ATL,2990962,22
401070809,ATL,4065836,20
401070809,ATL,6637,22
401070809,ATL,2596107,24
401070809,ATL,4277905,31
401070809,ATL,2991283,10
401070809,ATL,2580913,23
401070809,ATL,3062667,23
401070809,ATL,136,19
401070809,ATL,4299,16
401070809,ATL,4066372,29
401070809,ATL,6616,0
401070809,ATL,3915560,0
401070810,HOU,3033,34
401070810,HOU,2579321,17
401070810,HOU,3102529,35
401070810,HOU,2779,35
401070810,HOU,3992,33
401070810,HOU,1975,32
401070810,HOU,3132042,21
401070810,HOU,4222252,13
401070810,HOU,2761,19
401070810,HOU,3136989,0
401070810,HOU,3907487,0
401070810,HOU,3431,0
401070810,HOU,2596108,0
401070810,CHI,3056600,40
401070810,CHI,2284101,34
401070810,CHI,4277847,36
401070810,CHI,3064230,25
401070810,CHI,3064440,38
401070810,CHI,3113587,12
401070810,CHI,3149010,27
401070810,CHI,2991047,18
401070810,CHI,3907386,10
401070810,CHI,3447,0
401070810,CHI,2991274,0
401070811,NO,4247,21
401070811,NO,6459,36
401070811,NO,6583,40
401070811,NO,3995,39
401070811,NO,6460,34
401070811,NO,3064514,26
401070811,NO,3919335,2
401070811,NO,6610,14
401070811,NO,3135048,1
401070811,NO,2488945,7
401070811,NO,2489785,19
401070811,NO,4065651,1
401070811,NO,2488958,0
401070811,SA,3974,38
401070811,SA,3005,19
401070811,SA,2983,40
401070811,SA,2994526,23
401070811,SA,3978,38
401070811,SA,996,13
401070811,SA,3914283,1
401070811,SA,4253,1
401070811,SA,6426,10
401070811,SA,3134908,1
401070811,SA,4004,29
401070811,SA,3190,27
401070812,UTAH,4257,19
401070812,UTAH,2968436,33
401070812,UTAH,3032976,35
401070812,UTAH,4011,33
401070812,UTAH,3908809,32
401070812,UTAH,6581,32
401070812,UTAH,3028,3
401070812,UTAH,4261,3
401070812,UTAH,2583632,23
401070812,UTAH,2990969,5
401070812,UTAH,3102528,18
401070812,UTAH,3135045,5
401070812,UTAH,2990968,0
401070812,DEN,3015,23
401070812,DEN,2528693,21
401070812,DEN,3112335,29
401070812,DEN,2999547,32
401070812,DEN,3936299,35
401070812,DEN,4017839,28
401070812,DEN,3136196,20
401070812,DEN,3934662,2
401070812,DEN,2488653,17
401070812,DEN,3059310,12
401070812,DEN,3907822,19
401070812,DEN,3138256,2
401070813,LAL,1966,31
401070813,LAL,3134907,29
401070813,LAL,3913176,33
401070813,LAL,3452,27
401070813,LAL,4066421,19
401070813,LAL,4017837,20
401070813,LAL,3026,26
401070813,LAL,4244,15
401070813,LAL,2581018,15
401070813,LAL,3062679,25
401070813,LAL,3418,0
401070813,LAL,3064528,0
401070813,LAL,3133602,0
401070813,POR,2982268,19
401070813,POR,4248,32
401070813,POR,3102530,30
401070813,POR,6606,36
401070813,POR,2490149,36
401070813,POR,3906671,5
401070813,POR,4066650,18
401070813,POR,6605,3
401070813,POR,4239,24
401070813,POR,2326307,22
401070813,POR,2991042,16
401070813,POR,3136696,0
401070813,POR,4277843,0
401070814,SAC,4269,21
401070814,SAC,2991282,19
401070814,SAC,6468,24
401070814,SAC,2990984,24
401070814,SAC,4066259,26
401070814,SAC,4065649,10
401070814,SAC,3078286,16
401070814,SAC,3138156,25
401070814,SAC,4277848,20
401070814,SAC,3444,16
401070814,SAC,3936296,8
401070814,SAC,2991018,10
401070814,SAC,3059315,22
401070814,MIL,6609,22
401070814,MIL,3032977,30
401070814,MIL,3448,20
401070814,MIL,4238,22
401070814,MIL,2566769,28
401070814,MIL,2767,21
401070814,MIL,6592,20
401070814,MIL,4017843,10
401070814,MIL,2528353,18
401070814,MIL,3057187,8
401070814,MIL,2489716,8
401070814,MIL,2578239,18
401070814,MIL,3934673,17
401070815,PHI,2490620,29
401070815,PHI,3032978,25
401070815,PHI,3059318,32
401070815,PHI,3907387,27
401070815,PHI,4066636,26
401070815,PHI,2769,7
401070815,PHI,2490089,28
401070815,PHI,3024,27
401070815,PHI,3929325,3
401070815,PHI,2530530,6
401070815,PHI,3914044,28
401070815,PHI,3155533,0
401070815,BKN,3201,15
401070815,BKN,2528794,29
401070815,BKN,4066328,27
401070815,BKN,2991043,29
401070815,BKN,3136776,25
401070815,BKN,6433,3
401070815,BKN,4348696,3
401070815,BKN,3064291,30
401070815,BKN,4230548,3
401070815,BKN,4259,15
401070815,BKN,2580782,22
401070815,BKN,2530780,16
401070815,BKN,2531210,23
401070816,NY,3078284,10
401070816,NY,4351852,26
401070816,NY,4230547,23
401070816,NY,2991149,31
401070816,NY,2528210,24
401070816,NY,6485,8
401070816,NY,2995706,25
401070816,NY,6447,24
401070816,NY,3064560,2
401070816,NY,2579260,20
401070816,NY,2580349,2
401070816,NY,3892818,23
401070816,NY,3907525,22
401070816,WSH,6461,31
401070816,WSH,2384,31
401070816,WSH,4237,38
401070816,WSH,6580,40
401070816,WSH,3133603,24
401070816,WSH,3209,27
401070816,WSH,3232,5
401070816,WSH,4278508,1
401070816,WSH,3934723,1
401070816,WSH,6617,25
401070816,WSH,6621,14
401070816,WSH,2531797,1
401070816,WSH,2774,0
401070817,ORL,3064290,41
401070817,ORL,3074797,14
401070817,ORL,6478,32
401070817,ORL,6588,33
401070817,ORL,3415,33
401070817,ORL,3064517,7
401070817,ORL,4277919,16
401070817,ORL,6619,31
401070817,ORL,2531047,15
401070817,ORL,2579466,18
401070817,ORL,2578240,0
401070817,ORL,3913546,0
401070817,ORL,3936294,0
401070817,SA,3974,17
401070817,SA,6426,26
401070817,SA,2983,33
401070817,SA,2994526,26
401070817,SA,3978,33
401070817,SA,996,23
401070817,SA,3914283,4
401070817,SA,4253,11
401070817,SA,3134908,14
401070817,SA,4004,32
401070817,SA,3190,21
401070817,SA,3914285,0
401070817,SA,3005,0
401070818,MEM,2993874,27
401070818,MEM,4277961,23
401070818,MEM,3206,37
401070818,MEM,3195,27
401070818,MEM,4023,36
401070818,MEM,3917378,5
401070818,MEM,3554,4
401070818,MEM,3155526,29
401070818,MEM,6428,16
401070818,MEM,6454,28
401070818,MEM,3059316,9
401070818,MEM,2327577,0
401070818,MEM,6466,0
401070818,PHX,3412,28
401070818,PHX,4412182,31
401070818,PHX,2426,39
401070818,PHX,4278129,37
401070818,PHX,2490589,31
401070818,PHX,3136193,35
401070818,PHX,2993370,11
401070818,PHX,4066297,13
401070818,PHX,165,6
401070818,PHX,3147657,26
401070818,PHX,4230550,14
401070818,PHX,4011991,0
401070818,PHX,2489530,0
401070818,PHX,4066436,0
401070819,MIN,3986,23
401070819,MIN,3059319,31
401070819,MIN,3136195,25
401070819,MIN,3135046,27
401070819,MIN,4065663,30
401070819,MIN,3276,19
401070819,MIN,2429,7
401070819,MIN,2326411,6
401070819,MIN,3136779,12
401070819,MIN,2534781,16
401070819,MIN,2325499,24
401070819,MIN,3133843,21
401070819,MIN,3456,0
401070819,POR,2982268,24
401070819,POR,4248,23
401070819,POR,3102530,23
401070819,POR,6606,28
401070819,POR,2490149,28
401070819,POR,3906671,10
401070819,POR,4066650,18
401070819,POR,6605,22
401070819,POR,4239,22
401070819,POR,2326307,15
401070819,POR,2991042,9
401070819,POR,3136696,10
401070819,POR,4277843,7
401070820,TOR,3439,29
401070820,TOR,3988,26
401070820,TOR,3149673,35
401070820,TOR,3934719,24
401070820,TOR,3012,33
401070820,TOR,6477,17
401070820,TOR,2778,17
401070820,TOR,2595516,14
401070820,TOR,2991230,23
401070820,TOR,3064447,22
401070820,TOR,4260,0
401070820,TOR,2528787,0
401070820,TOR,3934663,0
401070820,LAL,1966,28
401070820,LAL,3134907,32
401070820,LAL,3913176,34
401070820,LAL,3452,17
401070820,LAL,4066421,23
401070820,LAL,4017837,11
401070820,LAL,3026,25
401070820,LAL,4244,13
401070820,LAL,2581018,17
401070820,LAL,3062679,30
401070820,LAL,3133602,10
401070820,LAL,3064528,0
401070820,LAL,3150844,0
401070821,MIA,3135047,35
401070821,MIA,4066261,29
401070821,MIA,3423,34
401070821,MIA,2581190,38
401070821,MIA,2488826,33
401070821,MIA,2489663,24
401070821,MIA,3936099,18
401070821,MIA,3981,4
401070821,MIA,1987,29
401070821,MIA,2530276,22
401070821,MIA,2184,0
401070821,MIA,4262,0
401070821,DET,3989,40
401070821,DET,2991039,30
401070821,DET,6585,44
401070821,DET,6443,38
401070821,DET,4065670,12
401070821,DET,6452,5
401070821,DET,3134881,14
401070821,DET,2016,9
401070821,DET,4305,26
401070821,DET,2530572,35
401070821,DET,2806,11
401070821,DET,3906522,0
401070821,DET,3912334,0
401070822,HOU,3033,33
401070822,HOU,2579321,27
401070822,HOU,3102529,35
401070822,HOU,2779,38
401070822,HOU,3992,35
401070822,HOU,1975,24
401070822,HOU,3132042,24
401070822,HOU,4222252,8
401070822,HOU,2761,17
401070822,HOU,3907487,0
401070822,HOU,2596108,0
401070822,IND,3244,30
401070822,IND,3593,30
401070822,IND,3133628,23
401070822,IND,3973,28
401070822,IND,2527963,36
401070822,IND,4066425,11
401070822,IND,2528588,12
401070822,IND,3155942,30
401070822,IND,6446,22
401070822,IND,3983,16
401070822,IND,6615,0
401070822,IND,3136485,0
401070822,IND,3922230,0
401070823,CLE,2991184,14
401070823,CLE,3893016,43
401070823,CLE,6474,34
401070823,CLE,3438,33
401070823,CLE,2581177,31
401070823,CLE,2580365,14
401070823,CLE,2011,4
401070823,CLE,2444,25
401070823,CLE,2528426,26
401070823,CLE,4277811,17
401070823,CLE,2754,0
401070823,CLE,3062744,0
401070823,CLE,4017838,0
401070823,ORL,3064290,33
401070823,ORL,3074797,13
401070823,ORL,6478,27
401070823,ORL,6588,32
401070823,ORL,3415,27
401070823,ORL,3064517,15
401070823,ORL,4277919,21
401070823,ORL,6619,30
401070823,ORL,2531047,21
401070823,ORL,2579466,21
401070823,ORL,2578240,0
401070823,ORL,3913546,0
401070823,ORL,3936294,0
401070824,CHI,3056600,42
401070824,CHI,2284101,47
401070824,CHI,4277847,22
401070824,CHI,3064230,41
401070824,CHI,3064440,49
401070824,CHI,3113587,18
401070824,CHI,3149010,16
401070824,CHI,3447,17
401070824,CHI,2991047,17
401070824,CHI,3907386,20
401070824,CHI,2991274,0
401070824,NY,3078284,35
401070824,NY,4351852,11
401070824,NY,4230547,16
401070824,NY,2991149,41
401070824,NY,3907525,42
401070824,NY,6485,5
401070824,NY,2995706,36
401070824,NY,4278075,5
401070824,NY,6447,41
401070824,NY,2579260,24
401070824,NY,3892818,34
401070824,NY,2528210,0
401070824,NY,2580349,0
401070825,NO,4247,19
401070825,NO,6459,32
401070825,NO,6583,38
401070825,NO,3995,40
401070825,NO,6460,16
401070825,NO,3064514,28
401070825,NO,3919335,10
401070825,NO,6610,17
401070825,NO,2488945,8
401070825,NO,2489785,32
401070825,NO,2488958,0
401070825,NO,3135048,0
401070825,NO,4065651,0
401070825,OKC,4251,37
401070825,OKC,2991070,31
401070825,OKC,4230546,14
401070825,OKC,2991235,37
401070825,OKC,3468,25
401070825,OKC,4264,17
401070825,OKC,2991280,11
401070825,OKC,2753,3
401070825,OKC,2995702,30
401070825,OKC,3032979,24
401070825,OKC,4080610,11
401070825,OKC,2595435,0
401070825,OKC,3893019,0
401070826,BOS,4065648,35
401070826,BOS,4249,26
401070826,BOS,3213,33
401070826,BOS,6442,34
401070826,BOS,3917376,29
401070826,BOS,3056602,3
401070826,BOS,6462,20
401070826,BOS,2968439,11
401070826,BOS,4066211,2
401070826,BOS,2990992,25
401070826,BOS,3074752,22
401070826,BOS,4017844,0
401070826,BOS,6507,0
401070826,DEN,3015,28
401070826,DEN,2528693,3
401070826,DEN,3112335,27
401070826,DEN,2999547,37
401070826,DEN,3936299,38
401070826,DEN,4017839,24
401070826,DEN,3136196,23
401070826,DEN,2488653,17
401070826,DEN,3059310,20
401070826,DEN,3907822,22
401070826,DEN,3934662,0
401070826,DEN,3138256,0
401070827,TOR,3988,22
401070827,TOR,3149673,31
401070827,TOR,3934719,25
401070827,TOR,6477,22
401070827,TOR,3012,29
401070827,TOR,3439,14
401070827,TOR,4260,13
401070827,TOR,2778,25
401070827,TOR,2528787,4
401070827,TOR,2595516,0
401070827,TOR,2991230,28
401070827,TOR,3064447,24
401070827,TOR,3934663,4
401070827,UTAH,4257,23
401070827,UTAH,2583632,19
401070827,UTAH,2968436,32
401070827,UTAH,3032976,30
401070827,UTAH,4011,28
401070827,UTAH,6581,23
401070827,UTAH,3028,6
401070827,UTAH,4261,6
401070827,UTAH,2990969,10
401070827,UTAH,6429,27
401070827,UTAH,2990968,4
401070827,UTAH,3102528,16
401070827,UTAH,3135045,16
401070828,MEM,2993874,29
401070828,MEM,4277961,32
401070828,MEM,3206,28
401070828,MEM,3195,31
401070828,MEM,4023,28
401070828,MEM,3917378,9
401070828,MEM,3155526,24
401070828,MEM,6428,16
401070828,MEM,6454,24
401070828,MEM,3059316,19
401070828,MEM,3554,0
401070828,MEM,2327577,0
401070828,MEM,6466,0
401070828,GS,3202,32
401070828,GS,6589,14
401070828,GS,3064559,11
401070828,GS,3975,32
401070828,GS,6475,32
401070828,GS,3998,20
401070828,GS,2530923,29
401070828,GS,3064427,21
401070828,GS,3155535,20
401070828,GS,2566745,19
401070828,GS,2595209,4
401070828,GS,3934621,6
401070829,MIN,3986,32
401070829,MIN,6430,39
401070829,MIN,3059319,34
401070829,MIN,3136195,36
401070829,MIN,3456,35
401070829,MIN,3276,16
401070829,MIN,2534781,12
401070829,MIN,3135046,15
401070829,MIN,4065663,20
401070829,MIN,2429,0
401070829,MIN,2326411,0
401070829,MIN,3136779,0
401070829,MIN,2325499,0
401070829,LAC,3428,31
401070829,LAC,6440,35
401070829,LAC,4376,18
401070829,LAC,3964,39
401070829,LAC,4278073,25
401070829,LAC,6622,17
401070829,LAC,2991055,30
401070829,LAC,2799,27
401070829,LAC,3943606,7
401070829,LAC,4192,12
401070829,LAC,2758,0
401070829,LAC,3064539,0
401070829,LAC,3002137,0
401070830,ATL,4065836,17
401070830,ATL,6637,28
401070830,ATL,2596107,19
401070830,ATL,4066372,32
401070830,ATL,4277905,30
401070830,ATL,2991283,17
401070830,ATL,2580913,19
401070830,ATL,3062667,29
401070830,ATL,136,23
401070830,ATL,4299,18
401070830,ATL,3915560,7
401070830,ATL,3147351,0
401070830,ATL,6616,0
401070830,CHA,2797,27
401070830,CHA,3416,33
401070830,CHA,2579258,27
401070830,CHA,6479,36
401070830,CHA,6603,23
401070830,CHA,6601,17
401070830,CHA,4066383,20
401070830,CHA,2999409,16
401070830,CHA,1015,21
401070830,CHA,4066262,21
401070830,CHA,2579294,0
401070830,CHA,6427,0
401070830,CHA,3907821,0
401070831,WSH,6461,22
401070831,WSH,2594922,38
401070831,WSH,2384,33
401070831,WSH,4237,41
401070831,WSH,6580,37
401070831,WSH,3209,15
401070831,WSH,3232,4
401070831,WSH,4278508,1
401070831,WSH,3934723,1
401070831,WSH,6617,19
401070831,WSH,6621,6
401070831,WSH,3133603,23
401070831,WSH,2774,0
401070831,DAL,6578,31
401070831,DAL,3442,32
401070831,DAL,4065697,31
401070831,DAL,4032,31
401070831,DAL,3945274,33
401070831,DAL,2531367,15
401070831,DAL,2578185,28
401070831,DAL,2960236,16
401070831,DAL,2968458,1
401070831,DAL,3055,17
401070831,DAL,2489693,1
401070831,DAL,3934672,1
401070832,BKN,3201,24
401070832,BKN,2528794,28
401070832,BKN,4066328,24
401070832,BKN,2991043,32
401070832,BKN,3136776,27
401070832,BKN,3064291,13
401070832,BKN,4259,24
401070832,BKN,2580782,30
401070832,BKN,2530780,15
401070832,BKN,2531210,22
401070832,BKN,6433,0
401070832,BKN,4230548,0
401070832,PHX,3412,22
401070832,PHX,4412182,36
401070832,PHX,2426,31
401070832,PHX,4278129,32
401070832,PHX,2490589,36
401070832,PHX,3136193,36
401070832,PHX,2993370,18
401070832,PHX,2982334,13
401070832,PHX,4066297,7
401070832,PHX,165,4
401070832,PHX,3147657,28
401070832,PHX,4230550,13
401070832,PHX,4011991,0
401070832,PHX,2489530,0
401070833,MIL,6609,36
401070833,MIL,3032977,37
401070833,MIL,3448,30
401070833,MIL,4238,30
401070833,MIL,2566769,27
401070833,MIL,2767,24
401070833,MIL,6592,10
401070833,MIL,2528353,17
401070833,MIL,2578239,6
401070833,MIL,3934673,23
401070833,MIL,4017843,0
401070833,MIL,3057187,0
401070833,MIL,2489716,0
401070833,POR,2982268,15
401070833,POR,4248,32
401070833,POR,3102530,25
401070833,POR,6606,36
401070833,POR,2490149,36
401070833,POR,4066650,24
401070833,POR,6605,16
401070833,POR,4239,32
401070833,POR,2326307,12
401070833,POR,2991042,13
401070833,POR,3906671,0
401070833,POR,3136696,0
401070833,POR,4351851,0
401070834,OKC,4251,39
401070834,OKC,2991070,27
401070834,OKC,4230546,22
401070834,OKC,2991235,34
401070834,OKC,3032979,34
401070834,OKC,4264,17
401070834,OKC,2991280,14
401070834,OKC,2753,14
401070834,OKC,2995702,26
401070834,OKC,4080610,13
401070834,OKC,2595435,0
401070834,OKC,3893019,0
401070834,CLE,3893016,6
401070834,CLE,6474,31
401070834,CLE,2581177,23
401070834,CLE,2444,32
401070834,CLE,4277811,42
401070834,CLE,2580365,22
401070834,CLE,3062744,13
401070834,CLE,4017838,17
401070834,CLE,2011,21
401070834,CLE,2528426,33
401070834,CLE,2754,0
401070834,CLE,3438,0
401070835,DET,3989,35
401070835,DET,2991039,27
401070835,DET,2528779,18
401070835,DET,6585,35
401070835,DET,6443,26
401070835,DET,3134881,22
401070835,DET,2016,13
401070835,DET,4305,24
401070835,DET,2530572,26
401070835,DET,2806,13
401070835,DET,6452,0
401070835,DET,4065670,0
401070835,ORL,3064290,28
401070835,ORL,3074797,18
401070835,ORL,6478,34
401070835,ORL,6588,31
401070835,ORL,3415,31
401070835,ORL,3064517,20
401070835,ORL,4277919,14
401070835,ORL,6619,28
401070835,ORL,2531047,17
401070835,ORL,2579466,20
401070835,ORL,2578240,0
401070835,ORL,3913546,0
401070835,ORL,3936294,0
401070836,NY,3078284,39
401070836,NY,4351852,15
401070836,NY,4230547,23
401070836,NY,2991149,18
401070836,NY,2528210,37
401070836,NY,2995706,12
401070836,NY,4278075,9
401070836,NY,6447,30
401070836,NY,3892818,22
401070836,NY,3907525,36
401070836,NY,6485,0
401070836,NY,2579260,0
401070836,NY,2580349,0
401070836,ATL,4065836,28
401070836,ATL,6637,31
401070836,ATL,2596107,16
401070836,ATL,3062667,33
401070836,ATL,4277905,31
401070836,ATL,2990962,31
401070836,ATL,2991283,9
401070836,ATL,6616,11
401070836,ATL,2580913,17
401070836,ATL,136,11
401070836,ATL,4299,22
401070836,ATL,3147351,0
401070836,ATL,3915560,0
401070837,SA,3974,22
401070837,SA,2983,36
401070837,SA,2994526,32
401070837,SA,3978,37
401070837,SA,3078576,16
401070837,SA,4253,4
401070837,SA,6426,26
401070837,SA,3134908,12
401070837,SA,4004,28
401070837,SA,3190,28
401070837,SA,3914283,0
401070837,SA,3005,0
401070837,MIA,3135047,31
401070837,MIA,4262,32
401070837,MIA,3981,37
401070837,MIA,2581190,38
401070837,MIA,2488826,37
401070837,MIA,2489663,13
401070837,MIA,3936099,8
401070837,MIA,4066261,12
401070837,MIA,2530276,32
401070837,MIA,2184,0
401070837,MIA,3157465,0
401070837,MIA,3423,0
401070838,PHI,2490620,36
401070838,PHI,3032978,36
401070838,PHI,3059318,36
401070838,PHI,3907387,34
401070838,PHI,4066636,26
401070838,PHI,2769,5
401070838,PHI,3194,15
401070838,PHI,3024,29
401070838,PHI,3914044,23
401070838,PHI,3155533,0
401070838,PHI,3929325,0
401070838,PHI,2530530,0
401070838,IND,3244,21
401070838,IND,3593,37
401070838,IND,3133628,30
401070838,IND,3973,18
401070838,IND,2527963,37
401070838,IND,2528588,11
401070838,IND,3155942,32
401070838,IND,6615,2
401070838,IND,6446,31
401070838,IND,3983,21
401070838,IND,4066425,0
401070838,IND,3922230,0
401070839,DEN,3015,20
401070839,DEN,2528693,20
401070839,DEN,3112335,26
401070839,DEN,2999547,33
401070839,DEN,3936299,37
401070839,DEN,4017839,22
401070839,DEN,3136196,28
401070839,DEN,2488653,22
401070839,DEN,3059310,26
401070839,DEN,3907822,6
401070839,DEN,3934662,0
401070839,DEN,3138256,0
401070839,MEM,2993874,33
401070839,MEM,4277961,33
401070839,MEM,3206,36
401070839,MEM,3195,36
401070839,MEM,4023,30
401070839,MEM,3917378,6
401070839,MEM,3155526,21
401070839,MEM,6428,12
401070839,MEM,6454,19
401070839,MEM,3059316,15
401070839,MEM,6466,0
401070839,MEM,2489563,0
401070839,MEM,3133635,0
401070840,CHI,3056600,36
401070840,CHI,2284101,38
401070840,CHI,4277847,29
401070840,CHI,3064230,15
401070840,CHI,3064440,38
401070840,CHI,3113587,8
401070840,CHI,3149010,16
401070840,CHI,3447,11
401070840,CHI,2991047,33
401070840,CHI,3907386,17
401070840,CHI,2991274,0
401070840,NO,4247,24
401070840,NO,6459,30
401070840,NO,6583,37
401070840,NO,3995,37
401070840,NO,6460,31
401070840,NO,3064514,24
401070840,NO,3919335,6
401070840,NO,6610,20
401070840,NO,2488945,8
401070840,NO,2489785,19
401070840,NO,3133626,4
401070840,NO,2488958,0
401070840,NO,4065651,0
401070841,DAL,6578,36
401070841,DAL,3442,31
401070841,DAL,4065697,24
401070841,DAL,4032,34
401070841,DAL,3945274,35
401070841,DAL,2531367,11
401070841,DAL,2578185,19
401070841,DAL,2960236,14
401070841,DAL,2968458,4
401070841,DAL,3055,16
401070841,DAL,3934672,16
401070841,DAL,2489693,0
401070841,UTAH,4257,25
401070841,UTAH,2968436,36
401070841,UTAH,3032976,32
401070841,UTAH,4011,37
401070841,UTAH,3908809,33
401070841,UTAH,6581,30
401070841,UTAH,4261,2
401070841,UTAH,2583632,12
401070841,UTAH,2990969,7
401070841,UTAH,6429,15
401070841,UTAH,3102528,11
401070841,UTAH,3028,0
401070841,UTAH,3135045,0
401070842,TOR,3439,28
401070842,TOR,3988,31
401070842,TOR,6450,31
401070842,TOR,3149673,35
401070842,TOR,3012,35
401070842,TOR,3934719,24
401070842,TOR,6477,20
401070842,TOR,2991230,21
401070842,TOR,3064447,13
401070842,TOR,3934663,1
401070842,TOR,4260,0
401070842,TOR,2528787,0
401070842,SAC,4269,19
401070842,SAC,2991282,33
401070842,SAC,6468,29
401070842,SAC,2990984,36
401070842,SAC,4066259,36
401070842,SAC,3078286,14
401070842,SAC,3138156,8
401070842,SAC,4277848,25
401070842,SAC,3444,14
401070842,SAC,3037789,18
401070842,SAC,3059315,7
401070842,SAC,4065649,0
401070842,SAC,2991018,0
401070843,MIN,3986,37
401070843,MIN,6430,43
401070843,MIN,3059319,41
401070843,MIN,3136195,39
401070843,MIN,3456,37
401070843,MIN,3276,10
401070843,MIN,2534781,9
401070843,MIN,3135046,12
401070843,MIN,4065663,12
401070843,MIN,2429,0
401070843,MIN,2326411,0
401070843,MIN,3136779,0
401070843,MIN,2325499,0
401070843,LAL,1966,39
401070843,LAL,3134907,33
401070843,LAL,3913176,35
401070843,LAL,3452,25
401070843,LAL,4066421,21
401070843,LAL,984,23
401070843,LAL,3026,27
401070843,LAL,4244,4
401070843,LAL,2581018,13
401070843,LAL,3062679,21
401070843,LAL,3418,0
401070843,LAL,4017837,0
401070843,LAL,3133602,0
401070844,HOU,3033,33
401070844,HOU,2579321,24
401070844,HOU,3102529,34
401070844,HOU,2779,36
401070844,HOU,3992,38
401070844,HOU,1975,20
401070844,HOU,3132042,27
401070844,HOU,3907487,6
401070844,HOU,4222252,6
401070844,HOU,2761,16
401070844,OKC,4251,35
401070844,OKC,2991070,34
401070844,OKC,4230546,30
401070844,OKC,2991235,32
401070844,OKC,3032979,34
401070844,OKC,4264,13
401070844,OKC,2595435,1
401070844,OKC,2991280,16
401070844,OKC,3893019,1
401070844,OKC,2753,13
401070844,OKC,2995702,19
401070844,OKC,4080610,12
401070845,BOS,4065648,30
401070845,BOS,4249,25
401070845,BOS,3213,33
401070845,BOS,6442,43
401070845,BOS,3917376,39
401070845,BOS,3056602,7
401070845,BOS,6462,28
401070845,BOS,4017844,5
401070845,BOS,2968439,8
401070845,BOS,2990992,27
401070845,BOS,3074752,21
401070845,BOS,4066211,0
401070845,BOS,6507,0
401070845,PHX,4412182,42
401070845,PHX,2426,42
401070845,PHX,2982334,42
401070845,PHX,4278129,38
401070845,PHX,2490589,42
401070845,PHX,3136193,43
401070845,PHX,3412,15
401070845,PHX,2993370,15
401070845,PHX,4066297,5
401070845,PHX,3147657,13
401070845,PHX,4230550,11
401070845,PHX,4011991,0
401070845,PHX,165,0
401070845,PHX,2489530,0
401070846,LAC,3428,30
401070846,LAC,6440,37
401070846,LAC,4376,12
401070846,LAC,3964,35
401070846,LAC,4278073,35
401070846,LAC,6622,19
401070846,LAC,2991055,25
401070846,LAC,2799,36
401070846,LAC,3943606,7
401070846,LAC,4192,4
401070846,LAC,2758,0
401070846,LAC,3064539,0
401070846,LAC,3002137,0
401070846,POR,2982268,14
401070846,POR,4248,26
401070846,POR,3102530,23
401070846,POR,6606,35
401070846,POR,2490149,35
401070846,POR,3906671,8
401070846,POR,4066650,27
401070846,POR,6605,12
401070846,POR,4239,29
401070846,POR,2326307,13
401070846,POR,2991042,18
401070846,POR,3136696,0
401070846,POR,4277843,0
401070847,MIL,6609,29
401070847,MIL,3032977,26
401070847,MIL,3448,22
401070847,MIL,4238,26
401070847,MIL,2566769,25
401070847,MIL,2767,23
401070847,MIL,6592,13
401070847,MIL,4017843,7
401070847,MIL,2528353,20
401070847,MIL,3057187,7
401070847,MIL,2489716,7
401070847,MIL,2578239,21
401070847,MIL,3934673,14
401070847,GS,3202,31
401070847,GS,3064427,22
401070847,GS,3064559,23
401070847,GS,3975,26
401070847,GS,6475,33
401070847,GS,2386,16
401070847,GS,3998,16
401070847,GS,2530923,20
401070847,GS,3155535,21
401070847,GS,2566745,19
401070847,GS,2595209,12
401070848,WSH,6461,26
401070848,WSH,2594922,23
401070848,WSH,2384,26
401070848,WSH,4237,42
401070848,WSH,6580,42
401070848,WSH,3209,24
401070848,WSH,6617,23
401070848,WSH,6621,8
401070848,WSH,3133603,25
401070848,WSH,3232,0
401070848,WSH,4278508,0
401070848,WSH,2774,0
401070848,WSH,3934723,0
401070848,ORL,3064290,42
401070848,ORL,3074797,15
401070848,ORL,6478,31
401070848,ORL,6588,37
401070848,ORL,3415,25
401070848,ORL,3064517,6
401070848,ORL,4277919,17
401070848,ORL,6619,30
401070848,ORL,2531047,23
401070848,ORL,2579466,15
401070848,ORL,2578240,0
401070848,ORL,3913546,0
401070848,ORL,3936294,0
401070849,CHA,2797,15
401070849,CHA,3416,17
401070849,CHA,2579258,25
401070849,CHA,6479,40
401070849,CHA,6603,24
401070849,CHA,6601,27
401070849,CHA,4066383,28
401070849,CHA,6427,5
401070849,CHA,2999409,20
401070849,CHA,1015,14
401070849,CHA,3907821,23
401070849,CHA,4066262,27
401070849,CHA,2579294,0
401070849,PHI,2490620,30
401070849,PHI,3032978,40
401070849,PHI,3059318,39
401070849,PHI,3907387,41
401070849,PHI,4066636,23
401070849,PHI,3155533,11
401070849,PHI,2769,6
401070849,PHI,3194,16
401070849,PHI,3024,37
401070849,PHI,2530530,4
401070849,PHI,3914044,19
401070849,PHI,3929325,0
401070850,DET,3989,26
401070850,DET,2991039,19
401070850,DET,2528779,24
401070850,DET,6585,33
401070850,DET,6443,21
401070850,DET,6452,4
401070850,DET,3134881,24
401070850,DET,2016,12
401070850,DET,4305,23
401070850,DET,2530572,24
401070850,DET,3912334,4
401070850,DET,2806,22
401070850,DET,4065670,5
401070850,ATL,2990962,22
401070850,ATL,4065836,27
401070850,ATL,6637,22
401070850,ATL,2596107,8
401070850,ATL,4277905,23
401070850,ATL,2991283,11
401070850,ATL,6616,17
401070850,ATL,2580913,26
401070850,ATL,3062667,17
401070850,ATL,136,6
401070850,ATL,4299,22
401070850,ATL,3915560,10
401070850,ATL,4066372,29
401070851,IND,3244,17
401070851,IND,3593,30
401070851,IND,3133628,24
401070851,IND,3973,36
401070851,IND,2527963,37
401070851,IND,4066425,7
401070851,IND,2528588,15
401070851,IND,3155942,24
401070851,IND,6446,32
401070851,IND,3983,18
401070851,IND,6615,0
401070851,IND,3922230,0
401070851,MIA,3135047,28
401070851,MIA,4262,33
401070851,MIA,3981,24
401070851,MIA,2581190,29
401070851,MIA,2488826,34
401070851,MIA,2489663,21
401070851,MIA,3157465,6
401070851,MIA,3936099,26
401070851,MIA,4066261,7
401070851,MIA,2530276,33
401070851,MIA,2184,0
401070851,MIA,3423,0
401070852,BKN,3201,24
401070852,BKN,2528794,27
401070852,BKN,4066328,31
401070852,BKN,2991043,31
401070852,BKN,3136776,26
401070852,BKN,3970,14
401070852,BKN,3064291,18
401070852,BKN,4259,16
401070852,BKN,2580782,30
401070852,BKN,2531210,23
401070852,BKN,6433,0
401070852,BKN,4230548,0
401070852,BKN,2530780,0
401070852,DEN,3015,27
401070852,DEN,2528693,9
401070852,DEN,3112335,33
401070852,DEN,2999547,36
401070852,DEN,3936299,40
401070852,DEN,4017839,14
401070852,DEN,3136196,21
401070852,DEN,2488653,15
401070852,DEN,3059310,22
401070852,DEN,3907822,22
401070852,DEN,3934662,0
401070852,DEN,3138256,0
401070853,BOS,4065648,36
401070853,BOS,4249,26
401070853,BOS,3213,29
401070853,BOS,3074752,36
401070853,BOS,3917376,30
401070853,BOS,3056602,8
401070853,BOS,6462,27
401070853,BOS,4017844,0
401070853,BOS,2968439,15
401070853,BOS,2990992,33
401070853,BOS,4066211,0
401070853,BOS,6507,0
401070853,BOS,6442,0
401070853,UTAH,4257,22
401070853,UTAH,2968436,35
401070853,UTAH,3032976,36
401070853,UTAH,4011,37
401070853,UTAH,3908809,34
401070853,UTAH,6581,30
401070853,UTAH,2583632,14
401070853,UTAH,2990969,8
401070853,UTAH,6429,21
401070853,UTAH,3102528,3
401070853,UTAH,3028,0
401070853,UTAH,4261,0
401070853,UTAH,3135045,0
401070854,MIN,3986,30
401070854,MIN,6430,41
401070854,MIN,3136195,40
401070854,MIN,3456,35
401070854,MIN,4065663,27
401070854,MIN,3276,18
401070854,MIN,2326411,4
401070854,MIN,2534781,8
401070854,MIN,2325499,11
401070854,MIN,3135046,26
401070854,MIN,2429,0
401070854,MIN,3136779,0
401070854,MIN,3133843,0
401070854,SAC,4269,27
401070854,SAC,2991282,29
401070854,SAC,6468,32
401070854,SAC,2990984,33
401070854,SAC,4066259,33
401070854,SAC,3078286,20
401070854,SAC,3138156,6
401070854,SAC,4277848,16
401070854,SAC,3444,19
401070854,SAC,2991018,9
401070854,SAC,3059315,15
401070854,SAC,4065649,0
401070854,SAC,3936296,0
401070855,NY,3078284,26
401070855,NY,4351852,28
401070855,NY,4230547,25
401070855,NY,2991149,23
401070855,NY,2528210,32
401070855,NY,2995706,22
401070855,NY,4278075,24
401070855,NY,6447,20
401070855,NY,3892818,23
401070855,NY,3907525,18
401070855,NY,2579260,0
401070855,NY,2580349,0
401070855,TOR,3439,26
401070855,TOR,3988,21
401070855,TOR,6450,23
401070855,TOR,3149673,28
401070855,TOR,3012,27
401070855,TOR,3934719,25
401070855,TOR,4260,2
401070855,TOR,6477,21
401070855,TOR,2778,18
401070855,TOR,2528787,2
401070855,TOR,2991230,22
401070855,TOR,3064447,24
401070855,TOR,3934663,0
401070856,MIL,6609,29
401070856,MIL,3032977,41
401070856,MIL,3448,37
401070856,MIL,4238,34
401070856,MIL,2566769,37
401070856,MIL,2767,23
401070856,MIL,6592,11
401070856,MIL,2528353,12
401070856,MIL,2578239,26
401070856,MIL,3934673,15
401070856,MIL,4017843,0
401070856,MIL,3057187,0
401070856,MIL,2489716,0
401070856,LAC,3428,41
401070856,LAC,6440,37
401070856,LAC,2758,19
401070856,LAC,3964,30
401070856,LAC,4278073,40
401070856,LAC,6622,16
401070856,LAC,4376,0
401070856,LAC,2991055,32
401070856,LAC,2799,33
401070856,LAC,3064539,4
401070856,LAC,3002137,13
401070856,LAC,3943606,0
401070856,LAC,4192,0
401070857,PHX,4412182,0
401070857,PHX,2426,33
401070857,PHX,2982334,37
401070857,PHX,4278129,30
401070857,PHX,2490589,26
401070857,PHX,3136193,35
401070857,PHX,2993370,18
401070857,PHX,4066297,19
401070857,PHX,165,13
401070857,PHX,3147657,19
401070857,PHX,4230550,11
401070857,PHX,3412,0
401070857,PHX,4011991,0
401070857,PHX,2489530,0
401070857,NO,4247,28
401070857,NO,6583,36
401070857,NO,3064514,38
401070857,NO,3995,36
401070857,NO,6460,27
401070857,NO,3919335,18
401070857,NO,6610,22
401070857,NO,3135048,2
401070857,NO,2488945,12
401070857,NO,2489785,15
401070857,NO,3133626,5
401070857,NO,4065651,2
401070857,NO,2488958,0
401070858,WSH,6461,15
401070858,WSH,2594922,23
401070858,WSH,2384,33
401070858,WSH,4237,41
401070858,WSH,6580,28
401070858,WSH,3209,34
401070858,WSH,2774,14
401070858,WSH,6617,28
401070858,WSH,6621,6
401070858,WSH,3133603,18
401070858,WSH,3232,0
401070858,WSH,4278508,0
401070858,WSH,3934723,0
401070858,MIA,3135047,32
401070858,MIA,4262,35
401070858,MIA,3423,21
401070858,MIA,2581190,36
401070858,MIA,2488826,27
401070858,MIA,2489663,12
401070858,MIA,3936099,1
401070858,MIA,4066261,13
401070858,MIA,3981,30
401070858,MIA,2530276,34
401070858,MIA,2184,0
401070858,MIA,3157465,0
401070859,CLE,2580365,31
401070859,CLE,6474,34
401070859,CLE,2581177,29
401070859,CLE,2444,23
401070859,CLE,4277811,34
401070859,CLE,3062744,17
401070859,CLE,4017838,14
401070859,CLE,2011,20
401070859,CLE,2528426,25
401070859,CLE,3064511,14
401070859,CLE,2754,0
401070859,CHI,3056600,30
401070859,CHI,2284101,37
401070859,CHI,4277847,25
401070859,CHI,2991047,30
401070859,CHI,3064440,39
401070859,CHI,3149010,18
401070859,CHI,3447,22
401070859,CHI,2991274,18
401070859,CHI,3907386,19
401070859,CHI,3113587,0
401070859,CHI,4066336,0
401070859,CHI,3064230,0
401070860,PHI,3059318,39
401070860,PHI,3024,34
401070860,PHI,3907387,38
401070860,PHI,3914044,43
401070860,PHI,4066636,25
401070860,PHI,3155533,15
401070860,PHI,2769,14
401070860,PHI,3929325,23
401070860,PHI,2530530,34
401070860,PHI,3194,0
401070860,PHI,2490089,0
401070860,MEM,2993874,33
401070860,MEM,4277961,31
401070860,MEM,3206,41
401070860,MEM,3195,42
401070860,MEM,4023,37
401070860,MEM,3917378,5
401070860,MEM,3155526,9
401070860,MEM,6428,19
401070860,MEM,6454,33
401070860,MEM,3059316,17
401070860,MEM,6466,0
401070860,MEM,2489563,0
401070860,MEM,3133635,0
401070861,HOU,3033,39
401070861,HOU,2579321,19
401070861,HOU,3102529,33
401070861,HOU,2779,40
401070861,HOU,3992,39
401070861,HOU,3132042,24
401070861,HOU,4222252,10
401070861,HOU,2761,7
401070861,HOU,3431,30
401070861,HOU,3907487,0
401070861,HOU,2596108,0
401070861,SA,3974,10
401070861,SA,2983,36
401070861,SA,2994526,30
401070861,SA,3978,39
401070861,SA,3078576,30
401070861,SA,3914283,12
401070861,SA,4253,15
401070861,SA,6426,20
401070861,SA,4004,29
401070861,SA,3190,18
401070861,SA,3914285,0
401070861,SA,3005,0
401070861,SA,3134908,0
401070862,BKN,3201,17
401070862,BKN,2528794,21
401070862,BKN,4066328,23
401070862,BKN,2991043,21
401070862,BKN,3136776,22
401070862,BKN,3970,16
401070862,BKN,6433,8
401070862,BKN,3064291,17
401070862,BKN,4230548,8
401070862,BKN,4259,17
401070862,BKN,2580782,22
401070862,BKN,2530780,20
401070862,BKN,2531210,28
401070862,GS,3202,30
401070862,GS,3998,26
401070862,GS,3064559,19
401070862,GS,2566745,30
401070862,GS,6475,29
401070862,GS,2386,22
401070862,GS,2530923,28
401070862,GS,3064427,27
401070862,GS,3155535,13
401070862,GS,3934670,6
401070862,GS,2595209,6
401070862,GS,3934621,4
401070863,OKC,4251,38
401070863,OKC,2991070,29
401070863,OKC,4230546,25
401070863,OKC,2991235,37
401070863,OKC,3032979,32
401070863,OKC,4264,15
401070863,OKC,2595435,2
401070863,OKC,2991280,11
401070863,OKC,3893019,2
401070863,OKC,2753,16
401070863,OKC,2995702,26
401070863,OKC,4080610,7
401070863,DAL,6578,17
401070863,DAL,3442,28
401070863,DAL,4065697,26
401070863,DAL,4032,31
401070863,DAL,3945274,31
401070863,DAL,2531367,20
401070863,DAL,2578185,25
401070863,DAL,2960236,26
401070863,DAL,2382,12
401070863,DAL,3055,22
401070863,DAL,3934672,2
401070863,DAL,2968458,0
401070863,DAL,2489693,0
401070864,LAL,1966,31
401070864,LAL,3134907,31
401070864,LAL,3913176,30
401070864,LAL,3452,23
401070864,LAL,4066421,20
401070864,LAL,984,23
401070864,LAL,4017837,2
401070864,LAL,3026,28
401070864,LAL,4244,14
401070864,LAL,2581018,18
401070864,LAL,3062679,18
401070864,LAL,3133602,2
401070864,LAL,3418,0
401070864,SAC,4269,26
401070864,SAC,2991282,26
401070864,SAC,6468,26
401070864,SAC,2990984,26
401070864,SAC,4066259,39
401070864,SAC,4065649,2
401070864,SAC,3078286,8
401070864,SAC,3138156,16
401070864,SAC,4277848,22
401070864,SAC,3444,12
401070864,SAC,3037789,20
401070864,SAC,3059315,16
401070864,SAC,2991018,0
401070865,CHA,2797,27
401070865,CHA,3416,34
401070865,CHA,2579258,32
401070865,CHA,6479,36
401070865,CHA,6603,23
401070865,CHA,6601,5
401070865,CHA,4066383,24
401070865,CHA,2999409,13
401070865,CHA,1015,28
401070865,CHA,3907821,0
401070865,CHA,4066262,18
401070865,CHA,6427,0
401070865,CHA,3133601,0
401070865,DET,3989,30
401070865,DET,2991039,22
401070865,DET,2528779,34
401070865,DET,6585,37
401070865,DET,6443,32
401070865,DET,3134881,17
401070865,DET,2016,9
401070865,DET,4305,25
401070865,DET,2530572,25
401070865,DET,2806,7
401070865,DET,6452,0
401070865,DET,3912334,0
401070865,DET,4065670,0
401070866,IND,3244,23
401070866,IND,3593,37
401070866,IND,3133628,24
401070866,IND,3973,35
401070866,IND,2527963,40
401070866,IND,2528588,8
401070866,IND,3155942,22
401070866,IND,6615,5
401070866,IND,6446,27
401070866,IND,3983,19
401070866,IND,4066425,0
401070866,IND,3922230,0
401070866,HOU,3033,40
401070866,HOU,2579321,22
401070866,HOU,3102529,29
401070866,HOU,2779,35
401070866,HOU,3992,38
401070866,HOU,3132042,33
401070866,HOU,4222252,13
401070866,HOU,3431,31
401070866,HOU,1975,0
401070866,HOU,3136989,0
401070866,HOU,3907487,0
401070866,HOU,2596108,0
401070867,ORL,3064517,28
401070867,ORL,3074797,32
401070867,ORL,6478,26
401070867,ORL,6588,19
401070867,ORL,3415,24
401070867,ORL,2578240,5
401070867,ORL,4277919,18
401070867,ORL,6619,22
401070867,ORL,2531047,28
401070867,ORL,2579466,28
401070867,ORL,3913546,5
401070867,ORL,3936294,5
401070867,NY,3078284,23
401070867,NY,4351852,22
401070867,NY,4230547,6
401070867,NY,2991149,21
401070867,NY,2528210,26
401070867,NY,2995706,27
401070867,NY,4278075,26
401070867,NY,6447,26
401070867,NY,2579260,20
401070867,NY,2580349,5
401070867,NY,3892818,17
401070867,NY,3907525,22
401070868,MIL,6609,34
401070868,MIL,3032977,36
401070868,MIL,3448,37
401070868,MIL,4238,30
401070868,MIL,2566769,33
401070868,MIL,2767,17
401070868,MIL,6592,8
401070868,MIL,2528353,13
401070868,MIL,2578239,18
401070868,MIL,3934673,13
401070868,MIL,4017843,0
401070868,MIL,3057187,0
401070868,MIL,2489716,0
401070868,DEN,3015,31
401070868,DEN,4017839,30
401070868,DEN,3112335,29
401070868,DEN,2999547,30
401070868,DEN,3936299,34
401070868,DEN,3136196,20
401070868,DEN,2488653,15
401070868,DEN,3059310,28
401070868,DEN,3907822,22
401070868,DEN,3934662,0
401070868,DEN,2528693,0
401070868,DEN,3138256,0
401070869,BOS,4065648,35
401070869,BOS,4249,31
401070869,BOS,3213,34
401070869,BOS,6442,32
401070869,BOS,3917376,29
401070869,BOS,6462,25
401070869,BOS,2451037,5
401070869,BOS,2968439,9
401070869,BOS,2990992,22
401070869,BOS,3074752,19
401070869,BOS,3056602,0
401070869,BOS,4017844,0
401070869,BOS,6507,0
401070869,POR,2982268,14
401070869,POR,4248,30
401070869,POR,3102530,28
401070869,POR,6606,35
401070869,POR,2490149,35
401070869,POR,4066650,20
401070869,POR,6605,18
401070869,POR,4239,27
401070869,POR,2326307,20
401070869,POR,2991042,13
401070869,POR,3906671,0
401070869,POR,3136696,0
401070869,POR,4351851,0
401070870,ATL,2990962,35
401070870,ATL,4065836,28
401070870,ATL,6637,33
401070870,ATL,2596107,27
401070870,ATL,4277905,35
401070870,ATL,2991283,3
401070870,ATL,6616,15
401070870,ATL,3062667,16
401070870,ATL,136,21
401070870,ATL,4299,15
401070870,ATL,4066372,12
401070870,ATL,3147351,0
401070870,ATL,3915560,0
401070870,LAL,1966,34
401070870,LAL,3134907,32
401070870,LAL,3913176,29
401070870,LAL,3452,27
401070870,LAL,4066421,27
401070870,LAL,984,21
401070870,LAL,3026,16
401070870,LAL,4244,15
401070870,LAL,2581018,16
401070870,LAL,3062679,23
401070870,LAL,3418,0
401070870,LAL,3150844,0
401070870,LAL,3133602,0
401070871,ORL,3064290,33
401070871,ORL,3074797,15
401070871,ORL,6478,32
401070871,ORL,6588,29
401070871,ORL,3415,31
401070871,ORL,3064517,15
401070871,ORL,2578240,5
401070871,ORL,4277919,11
401070871,ORL,6619,25
401070871,ORL,2531047,17
401070871,ORL,2579466,27
401070871,ORL,3913546,0
401070871,ORL,3936294,0
401070871,WSH,6461,39
401070871,WSH,2594922,22
401070871,WSH,2384,29
401070871,WSH,4237,33
401070871,WSH,6580,37
401070871,WSH,3209,21
401070871,WSH,2774,7
401070871,WSH,6617,18
401070871,WSH,6621,12
401070871,WSH,3133603,21
401070871,WSH,3232,0
401070871,WSH,4278508,0
401070871,WSH,3934723,0
401070872,PHI,3194,23
401070872,PHI,3059318,36
401070872,PHI,3024,31
401070872,PHI,3907387,35
401070872,PHI,4066636,25
401070872,PHI,2769,2
401070872,PHI,2490089,27
401070872,PHI,3929325,22
401070872,PHI,2530530,14
401070872,PHI,3914044,24
401070872,PHI,3155533,0
401070872,PHI,3915195,0
401070872,PHI,3059273,0
401070872,MIA,3135047,21
401070872,MIA,4262,22
401070872,MIA,3423,29
401070872,MIA,2581190,37
401070872,MIA,2488826,26
401070872,MIA,2489663,22
401070872,MIA,3936099,10
401070872,MIA,4066261,19
401070872,MIA,3981,26
401070872,MIA,2530276,27
401070872,MIA,2184,0
401070872,MIA,3157465,0
401070873,NO,4247,21
401070873,NO,6583,40
401070873,NO,3064514,35
401070873,NO,3995,39
401070873,NO,6460,36
401070873,NO,3919335,19
401070873,NO,6610,22
401070873,NO,2488945,7
401070873,NO,2489785,21
401070873,NO,2488958,0
401070873,NO,3135048,0
401070873,NO,3133626,0
401070873,NO,4065651,0
401070873,TOR,3439,27
401070873,TOR,3988,23
401070873,TOR,6450,34
401070873,TOR,3149673,28
401070873,TOR,3012,33
401070873,TOR,3934719,24
401070873,TOR,4260,2
401070873,TOR,6477,15
401070873,TOR,2778,8
401070873,TOR,2528787,7
401070873,TOR,2991230,22
401070873,TOR,3064447,16
401070873,TOR,3934663,2
401070874,DAL,6578,33
401070874,DAL,2578185,33
401070874,DAL,3442,31
401070874,DAL,4065697,24
401070874,DAL,3945274,32
401070874,DAL,2531367,17
401070874,DAL,2960236,16
401070874,DAL,2382,18
401070874,DAL,3055,24
401070874,DAL,3934672,13
401070874,DAL,2968458,0
401070874,DAL,2489693,0
401070874,CHI,3056600,30
401070874,CHI,2284101,36
401070874,CHI,4277847,27
401070874,CHI,2991047,35
401070874,CHI,3064440,41
401070874,CHI,3113587,3
401070874,CHI,3149010,18
401070874,CHI,3447,18
401070874,CHI,2991274,13
401070874,CHI,3907386,19
401070874,CHI,3064230,0
401070875,UTAH,4257,28
401070875,UTAH,2968436,36
401070875,UTAH,3032976,32
401070875,UTAH,4011,24
401070875,UTAH,3908809,36
401070875,UTAH,6581,27
401070875,UTAH,4261,1
401070875,UTAH,2583632,4
401070875,UTAH,2990969,8
401070875,UTAH,6429,23
401070875,UTAH,3102528,21
401070875,UTAH,3028,0
401070875,UTAH,3135045,0
401070875,MEM,2993874,38
401070875,MEM,4277961,27
401070875,MEM,3206,35
401070875,MEM,3195,36
401070875,MEM,4023,34
401070875,MEM,6428,23
401070875,MEM,6454,29
401070875,MEM,3059316,18
401070875,MEM,3917378,0
401070875,MEM,6466,0
401070875,MEM,3133838,0
401070875,MEM,2489563,0
401070875,MEM,3133635,0
401070876,BKN,3201,28
401070876,BKN,2528794,34
401070876,BKN,3064291,27
401070876,BKN,2991043,17
401070876,BKN,3136776,33
401070876,BKN,3970,24
401070876,BKN,4259,21
401070876,BKN,2580782,28
401070876,BKN,2530780,4
401070876,BKN,2531210,24
401070876,BKN,6433,0
401070876,BKN,4230548,0
401070876,BKN,4066328,0
401070876,MIN,3986,33
401070876,MIN,3059319,38
401070876,MIN,3136195,37
401070876,MIN,3456,39
401070876,MIN,4015,35
401070876,MIN,3276,15
401070876,MIN,2534781,11
401070876,MIN,2325499,0
401070876,MIN,3135046,13
401070876,MIN,4065663,20
401070876,MIN,2429,0
401070876,MIN,2326411,0
401070876,MIN,3136779,0
401070877,PHX,4412182,23
401070877,PHX,2426,29
401070877,PHX,2982334,40
401070877,PHX,4278129,35
401070877,PHX,2490589,23
401070877,PHX,3136193,37
401070877,PHX,2993370,13
401070877,PHX,4066297,7
401070877,PHX,165,17
401070877,PHX,3147657,26
401070877,PHX,4230550,13
401070877,PHX,3412,0
401070877,PHX,4011991,0
401070877,PHX,2489530,0
401070877,OKC,4251,36
401070877,OKC,2991070,31
401070877,OKC,4230546,26
401070877,OKC,2991235,33
401070877,OKC,3032979,36
401070877,OKC,4264,15
401070877,OKC,3059358,2
401070877,OKC,2991280,15
401070877,OKC,3893019,2
401070877,OKC,2753,11
401070877,OKC,2995702,20
401070877,OKC,4080610,14
401070877,OKC,2595435,0
401070878,SA,3974,29
401070878,SA,2983,34
401070878,SA,2994526,29
401070878,SA,3978,37
401070878,SA,3078576,26
401070878,SA,3914283,1
401070878,SA,4253,3
401070878,SA,3005,21
401070878,SA,6426,8
401070878,SA,3134908,13
401070878,SA,4004,22
401070878,SA,3190,18
401070878,SAC,4269,27
401070878,SAC,2991282,32
401070878,SAC,6468,26
401070878,SAC,2990984,26
401070878,SAC,4066259,31
401070878,SAC,4065649,16
401070878,SAC,3138156,19
401070878,SAC,4277848,21
401070878,SAC,3037789,25
401070878,SAC,3059315,17
401070878,SAC,3078286,0
401070878,SAC,3936296,0
401070878,SAC,2991018,0
401070879,GS,3202,39
401070879,GS,6589,43
401070879,GS,3064559,14
401070879,GS,2566745,22
401070879,GS,6475,45
401070879,GS,2386,33
401070879,GS,3998,12
401070879,GS,2530923,11
401070879,GS,3064427,2
401070879,GS,3155535,26
401070879,GS,2393,19
401070879,GS,2595209,0
401070879,GS,3934621,0
401070879,LAC,3428,37
401070879,LAC,6440,42
401070879,LAC,2758,21
401070879,LAC,3964,24
401070879,LAC,4278073,38
401070879,LAC,6622,17
401070879,LAC,2991055,32
401070879,LAC,2799,32
401070879,LAC,3064539,10
401070879,LAC,3002137,12
401070879,LAC,4376,0
401070879,LAC,3943606,0
401070879,LAC,4192,0
401070880,CHA,2797,30
401070880,CHA,3416,29
401070880,CHA,2579258,18
401070880,CHA,6479,36
401070880,CHA,6603,32
401070880,CHA,2579294,5
401070880,CHA,4066383,16
401070880,CHA,6427,7
401070880,CHA,2999409,7
401070880,CHA,3133601,7
401070880,CHA,1015,16
401070880,CHA,3907821,16
401070880,CHA,4066262,23
401070880,CLE,2580365,35
401070880,CLE,6474,28
401070880,CLE,2581177,29
401070880,CLE,2444,39
401070880,CLE,4277811,33
401070880,CLE,2754,3
401070880,CLE,3062744,27
401070880,CLE,4017838,6
401070880,CLE,2528426,28
401070880,CLE,3064511,13
401070880,CLE,3893016,0
401070881,HOU,3033,41
401070881,HOU,2579321,34
401070881,HOU,3102529,36
401070881,HOU,2779,32
401070881,HOU,3992,37
401070881,HOU,3132042,15
401070881,HOU,4222252,12
401070881,HOU,3431,33
401070881,HOU,3907487,0
401070881,HOU,2596108,0
401070881,DEN,3015,26
401070881,DEN,4017839,39
401070881,DEN,3112335,33
401070881,DEN,2999547,36
401070881,DEN,3936299,35
401070881,DEN,3136196,13
401070881,DEN,2528693,7
401070881,DEN,2488653,14
401070881,DEN,3059310,31
401070881,DEN,3907822,6
401070881,DEN,3934662,0
401070881,DEN,3138256,0
401070882,ATL,2990962,39
401070882,ATL,4065836,14
401070882,ATL,6637,27
401070882,ATL,2596107,32
401070882,ATL,4277905,28
401070882,ATL,2991283,21
401070882,ATL,6616,11
401070882,ATL,3062667,17
401070882,ATL,136,17
401070882,ATL,4299,21
401070882,ATL,4066372,14
401070882,ATL,3147351,0
401070882,ATL,3915560,0
401070882,GS,3202,37
401070882,GS,3998,25
401070882,GS,3064559,18
401070882,GS,2566745,34
401070882,GS,6475,38
401070882,GS,2386,26
401070882,GS,2530923,17
401070882,GS,3064427,11
401070882,GS,3155535,19
401070882,GS,2393,16
401070882,GS,2595209,0
401070882,GS,3934621,0
401070883,PHI,3194,23
401070883,PHI,6430,33
401070883,PHI,3059318,36
401070883,PHI,3024,33
401070883,PHI,3907387,31
401070883,PHI,2769,6
401070883,PHI,2490089,26
401070883,PHI,3929325,15
401070883,PHI,3914044,15
401070883,PHI,4066636,21
401070883,PHI,3155533,0
401070883,PHI,2530530,0
401070883,PHI,3059273,0
401070883,ORL,3064290,32
401070883,ORL,3074797,19
401070883,ORL,6478,39
401070883,ORL,6588,28
401070883,ORL,3415,31
401070883,ORL,4065654,16
401070883,ORL,4277919,9
401070883,ORL,6619,31
401070883,ORL,2531047,17
401070883,ORL,2579466,19
401070883,ORL,3064517,0
401070883,ORL,2578240,0
401070883,ORL,3936294,0
401070884,CLE,2580365,26
401070884,CLE,6474,19
401070884,CLE,2581177,16
401070884,CLE,2444,24
401070884,CLE,4277811,34
401070884,CLE,2754,7
401070884,CLE,3062744,29
401070884,CLE,3893016,24
401070884,CLE,4017838,15
401070884,CLE,2528426,27
401070884,CLE,3064511,19
401070884,WSH,6461,21
401070884,WSH,2594922,26
401070884,WSH,2384,20
401070884,WSH,4237,21
401070884,WSH,6580,28
401070884,WSH,3209,24
401070884,WSH,3232,3
401070884,WSH,4278508,4
401070884,WSH,2774,24
401070884,WSH,3934723,4
401070884,WSH,6617,29
401070884,WSH,6621,17
401070884,WSH,3133603,18
401070885,CHI,3056600,27
401070885,CHI,2284101,32
401070885,CHI,4277847,26
401070885,CHI,2991047,31
401070885,CHI,3064440,32
401070885,CHI,3113587,9
401070885,CHI,3149010,21
401070885,CHI,3447,13
401070885,CHI,3064230,8
401070885,CHI,2991274,23
401070885,CHI,3907386,18
401070885,BOS,4065648,27
401070885,BOS,4249,29
401070885,BOS,3213,20
401070885,BOS,6442,28
401070885,BOS,3917376,25
401070885,BOS,3056602,21
401070885,BOS,4017844,6
401070885,BOS,2451037,9
401070885,BOS,2968439,19
401070885,BOS,6507,9
401070885,BOS,2990992,18
401070885,BOS,3074752,30
401070885,BOS,6462,0
401070886,MIA,3135047,34
401070886,MIA,4262,22
401070886,MIA,3423,29
401070886,MIA,2581190,36
401070886,MIA,2488826,34
401070886,MIA,2184,2
401070886,MIA,2489663,16
401070886,MIA,3157465,1
401070886,MIA,4066261,10
401070886,MIA,3981,26
401070886,MIA,2530276,31
401070886,MIA,3936099,0
401070886,BKN,3201,25
401070886,BKN,2528794,25
401070886,BKN,4259,17
401070886,BKN,2531210,26
401070886,BKN,3136776,24
401070886,BKN,3970,28
401070886,BKN,6433,9
401070886,BKN,4348696,3
401070886,BKN,3064291,23
401070886,BKN,4230548,7
401070886,BKN,2580782,29
401070886,BKN,2530780,26
401070886,BKN,2579326,0
401070887,DET,3989,40
401070887,DET,2991039,17
401070887,DET,2528779,29
401070887,DET,6585,36
401070887,DET,6443,27
401070887,DET,6452,7
401070887,DET,3134881,22
401070887,DET,2016,5
401070887,DET,4305,21
401070887,DET,2530572,31
401070887,DET,2806,6
401070887,DET,3912334,0
401070887,DET,4065670,0
401070887,TOR,3988,20
401070887,TOR,6450,35
401070887,TOR,3149673,29
401070887,TOR,6477,27
401070887,TOR,3012,38
401070887,TOR,3934719,24
401070887,TOR,4260,21
401070887,TOR,2991230,23
401070887,TOR,3064447,14
401070887,TOR,3934663,9
401070887,TOR,2528787,0
401070888,MEM,2993874,39
401070888,MEM,4277961,16
401070888,MEM,3206,38
401070888,MEM,3195,36
401070888,MEM,4023,38
401070888,MEM,3133838,8
401070888,MEM,6428,16
401070888,MEM,6454,29
401070888,MEM,3059316,21
401070888,MEM,3917378,0
401070888,MEM,6466,0
401070888,MEM,2489563,0
401070888,MEM,3133635,0
401070888,MIL,6609,32
401070888,MIL,3032977,35
401070888,MIL,3448,25
401070888,MIL,4238,30
401070888,MIL,2566769,27
401070888,MIL,2767,25
401070888,MIL,6592,5
401070888,MIL,4017843,9
401070888,MIL,2528353,18
401070888,MIL,2578239,27
401070888,MIL,3934673,6
401070888,MIL,3952343,0
401070888,MIL,2489716,0
401070889,NO,4247,30
401070889,NO,6459,34
401070889,NO,6583,41
401070889,NO,3995,39
401070889,NO,6460,38
401070889,NO,3064514,14
401070889,NO,3919335,7
401070889,NO,6610,18
401070889,NO,2488945,6
401070889,NO,2489785,13
401070889,NO,2488958,0
401070889,NO,3135048,0
401070889,NO,4065651,0
401070889,MIN,2490620,41
401070889,MIN,3986,28
401070889,MIN,3059319,38
401070889,MIN,3136195,35
401070889,MIN,4015,37
401070889,MIN,3032978,20
401070889,MIN,2534781,13
401070889,MIN,3135046,11
401070889,MIN,4065663,17
401070889,MIN,3276,0
401070889,MIN,2429,0
401070889,MIN,2326411,0
401070889,MIN,3136779,0
401070890,NY,3078284,20
401070890,NY,4278075,29
401070890,NY,4351852,18
401070890,NY,2528210,25
401070890,NY,3892818,21
401070890,NY,2995706,22
401070890,NY,6447,22
401070890,NY,4230547,21
401070890,NY,2991149,23
401070890,NY,2580349,5
401070890,NY,3907525,32
401070890,NY,2579260,0
401070890,OKC,4251,29
401070890,OKC,2991070,28
401070890,OKC,4230546,32
401070890,OKC,2991235,30
401070890,OKC,3032979,30
401070890,OKC,4264,18
401070890,OKC,2595435,3
401070890,OKC,3059358,12
401070890,OKC,2991280,14
401070890,OKC,3893019,1
401070890,OKC,2753,17
401070890,OKC,2995702,7
401070890,OKC,4080610,19
401070891,UTAH,4257,22
401070891,UTAH,2968436,25
401070891,UTAH,3032976,26
401070891,UTAH,4011,25
401070891,UTAH,3908809,25
401070891,UTAH,6581,22
401070891,UTAH,3028,12
401070891,UTAH,4261,11
401070891,UTAH,2583632,10
401070891,UTAH,2990969,6
401070891,UTAH,6429,17
401070891,UTAH,3102528,21
401070891,UTAH,3135045,21
401070891,DAL,6578,26
401070891,DAL,3442,22
401070891,DAL,4065697,22
401070891,DAL,4032,21
401070891,DAL,3945274,25
401070891,DAL,2531367,26
401070891,DAL,2578185,22
401070891,DAL,2960236,21
401070891,DAL,2968458,7
401070891,DAL,2382,13
401070891,DAL,3055,19
401070891,DAL,2489693,8
401070891,DAL,3934672,9
401070892,SA,3974,25
401070892,SA,2983,29
401070892,SA,2994526,28
401070892,SA,3978,32
401070892,SA,3078576,29
401070892,SA,3914283,7
401070892,SA,4253,11
401070892,SA,6426,14
401070892,SA,3134908,19
401070892,SA,4004,21
401070892,SA,3190,25
401070892,SA,3005,0
401070892,PHX,4412182,32
401070892,PHX,2982334,38
401070892,PHX,4278129,30
401070892,PHX,2490589,32
401070892,PHX,3136193,37
401070892,PHX,3147657,25
401070892,PHX,3412,7
401070892,PHX,2993370,18
401070892,PHX,4011991,4
401070892,PHX,4066297,22
401070892,PHX,165,17
401070892,PHX,4066436,10
401070892,PHX,2489530,0
401070893,POR,2982268,24
401070893,POR,4248,34
401070893,POR,3102530,35
401070893,POR,6606,38
401070893,POR,2490149,35
401070893,POR,4066650,16
401070893,POR,6605,8
401070893,POR,4239,27
401070893,POR,2326307,8
401070893,POR,2991042,14
401070893,POR,3906671,0
401070893,POR,3136696,0
401070893,POR,4277843,0
401070893,LAL,1966,36
401070893,LAL,3134907,25
401070893,LAL,3913176,32
401070893,LAL,3452,24
401070893,LAL,4066421,32
401070893,LAL,984,21
401070893,LAL,3026,16
401070893,LAL,4244,13
401070893,LAL,2581018,17
401070893,LAL,3062679,24
401070893,LAL,3418,0
401070893,LAL,4017837,0
401070893,LAL,3133602,0
401070894,GS,2386,23
401070894,GS,3202,30
401070894,GS,6589,24
401070894,GS,3064559,18
401070894,GS,6475,29
401070894,GS,3998,20
401070894,GS,2530923,12
401070894,GS,3064427,13
401070894,GS,3155535,18
401070894,GS,2566745,24
401070894,GS,2393,16
401070894,GS,3934621,11
401070894,HOU,3033,31
401070894,HOU,2579321,33
401070894,HOU,3102529,30
401070894,HOU,2779,28
401070894,HOU,3992,32
401070894,HOU,3132042,28
401070894,HOU,3136989,4
401070894,HOU,3907487,4
401070894,HOU,4222252,15
401070894,HOU,2761,4
401070894,HOU,3431,29
401070894,HOU,2596108,4
401070895,ATL,4065836,27
401070895,ATL,6637,21
401070895,ATL,2596107,13
401070895,ATL,3062667,16
401070895,ATL,4277905,27
401070895,ATL,2991283,24
401070895,ATL,3147351,8
401070895,ATL,6616,16
401070895,ATL,136,16
401070895,ATL,4299,25
401070895,ATL,3915560,19
401070895,ATL,4066372,28
401070895,ATL,2990962,0
401070895,DEN,3015,25
401070895,DEN,4017839,31
401070895,DEN,3112335,25
401070895,DEN,3059310,29
401070895,DEN,2999547,27
401070895,DEN,3136196,27
401070895,DEN,3934662,7
401070895,DEN,2528693,4
401070895,DEN,2488653,12
401070895,DEN,3907822,24
401070895,DEN,3138256,6
401070895,DEN,3936299,23
401070896,SA,3974,17
401070896,SA,2983,38
401070896,SA,2994526,33
401070896,SA,3978,41
401070896,SA,3078576,17
401070896,SA,4253,0
401070896,SA,3005,25
401070896,SA,6426,2
401070896,SA,3134908,10
401070896,SA,4004,33
401070896,SA,3190,24
401070896,SA,3914283,0
401070896,LAC,3428,31
401070896,LAC,6440,39
401070896,LAC,2758,21
401070896,LAC,3964,25
401070896,LAC,4278073,27
401070896,LAC,6622,14
401070896,LAC,2991055,27
401070896,LAC,2799,28
401070896,LAC,3064539,12
401070896,LAC,3002137,16
401070896,LAC,4376,0
401070896,LAC,3943606,0
401070896,LAC,4192,0
401070897,TOR,3439,34
401070897,TOR,3988,30
401070897,TOR,6450,43
401070897,TOR,3149673,39
401070897,TOR,3012,43
401070897,TOR,3934719,9
401070897,TOR,6477,19
401070897,TOR,2991230,22
401070897,TOR,3064447,26
401070897,TOR,4260,0
401070897,TOR,2528787,0
401070897,TOR,2595592,0
401070897,TOR,3934663,0
401070897,BOS,4065648,38
401070897,BOS,4249,39
401070897,BOS,3213,35
401070897,BOS,6442,39
401070897,BOS,3917376,25
401070897,BOS,6462,33
401070897,BOS,2968439,18
401070897,BOS,2990992,19
401070897,BOS,3074752,20
401070897,BOS,3056602,0
401070897,BOS,4017844,0
401070897,BOS,2451037,0
401070897,BOS,6507,0
401070898,MIA,3135047,23
401070898,MIA,4262,29
401070898,MIA,3423,34
401070898,MIA,2581190,41
401070898,MIA,2488826,31
401070898,MIA,2489663,16
401070898,MIA,4066261,19
401070898,MIA,3981,18
401070898,MIA,2530276,30
401070898,MIA,2184,0
401070898,MIA,3157465,0
401070898,MIA,3936099,0
401070898,IND,3244,26
401070898,IND,3593,33
401070898,IND,3133628,28
401070898,IND,3973,24
401070898,IND,2527963,30
401070898,IND,2528588,18
401070898,IND,3155942,25
401070898,IND,6446,30
401070898,IND,3983,25
401070898,IND,4066425,0
401070898,IND,6615,0
401070898,IND,3922230,0
401070899,UTAH,4257,25
401070899,UTAH,2968436,33
401070899,UTAH,3032976,28
401070899,UTAH,4011,31
401070899,UTAH,3908809,34
401070899,UTAH,6581,30
401070899,UTAH,3028,11
401070899,UTAH,4261,2
401070899,UTAH,2583632,17
401070899,UTAH,6429,11
401070899,UTAH,3102528,18
401070899,UTAH,2990969,0
401070899,UTAH,3135045,0
401070899,PHI,3194,22
401070899,PHI,6430,38
401070899,PHI,3059318,26
401070899,PHI,3024,34
401070899,PHI,3907387,36
401070899,PHI,2769,14
401070899,PHI,2490089,32
401070899,PHI,3929325,11
401070899,PHI,3914044,14
401070899,PHI,4066636,14
401070899,PHI,2530530,0
401070900,BKN,3201,22
401070900,BKN,2528794,25
401070900,BKN,4066328,32
401070900,BKN,2531210,20
401070900,BKN,3136776,30
401070900,BKN,3970,24
401070900,BKN,4348696,1
401070900,BKN,4230548,21
401070900,BKN,4259,15
401070900,BKN,2580782,31
401070900,BKN,2530780,18
401070900,BKN,6433,0
401070900,WSH,6461,20
401070900,WSH,2594922,29
401070900,WSH,2384,27
401070900,WSH,4237,38
401070900,WSH,6580,38
401070900,WSH,3209,23
401070900,WSH,4278508,1
401070900,WSH,2774,10
401070900,WSH,6617,13
401070900,WSH,6621,12
401070900,WSH,3133603,28
401070900,WSH,3232,0
401070901,SAC,4269,28
401070901,SAC,2991282,35
401070901,SAC,6468,31
401070901,SAC,2990984,28
401070901,SAC,4066259,36
401070901,SAC,4065649,7
401070901,SAC,3078286,19
401070901,SAC,4277848,20
401070901,SAC,3037789,24
401070901,SAC,3059315,12
401070901,SAC,3138156,0
401070901,SAC,3936296,0
401070901,SAC,2991018,0
401070901,MEM,2993874,31
401070901,MEM,4277961,31
401070901,MEM,3206,35
401070901,MEM,3195,34
401070901,MEM,4023,29
401070901,MEM,3554,9
401070901,MEM,6428,14
401070901,MEM,6454,27
401070901,MEM,3059316,30
401070901,MEM,3917378,0
401070901,MEM,3133838,0
401070901,MEM,2489563,0
401070901,MEM,3133635,0
401070902,POR,2982268,15
401070902,POR,4248,30
401070902,POR,3102530,23
401070902,POR,6606,37
401070902,POR,2490149,31
401070902,POR,3906671,6
401070902,POR,4066650,24
401070902,POR,6605,14
401070902,POR,4239,21
401070902,POR,2991042,15
401070902,POR,3136696,6
401070902,POR,4277843,6
401070902,POR,4351851,13
401070902,MIN,2490620,23
401070902,MIN,3986,21
401070902,MIN,3059319,37
401070902,MIN,3136195,34
401070902,MIN,4015,37
401070902,MIN,3032978,27
401070902,MIN,2326411,1
401070902,MIN,2534781,14
401070902,MIN,3456,34
401070902,MIN,3135046,11
401070902,MIN,4065663,1
401070902,MIN,3276,0
401070902,MIN,2429,0
401070903,NY,4278075,21
401070903,NY,4351852,24
401070903,NY,2528210,38
401070903,NY,3892818,23
401070903,NY,3907525,32
401070903,NY,3078284,27
401070903,NY,6447,15
401070903,NY,2579260,26
401070903,NY,4230547,15
401070903,NY,2991149,19
401070903,NY,2995706,0
401070903,NY,2580349,0
401070903,NO,6459,27
401070903,NO,6583,40
401070903,NO,3995,36
401070903,NO,6460,30
401070903,NO,2583639,8
401070903,NO,4247,12
401070903,NO,3064514,30
401070903,NO,6610,30
401070903,NO,2489785,15
401070903,NO,4065651,12
401070903,NO,3919335,0
401070903,NO,2488958,0
401070903,NO,2488945,0
401070904,CHI,3056600,34
401070904,CHI,2284101,29
401070904,CHI,4277847,25
401070904,CHI,2991047,29
401070904,CHI,3064440,34
401070904,CHI,3113587,3
401070904,CHI,3149010,23
401070904,CHI,3447,20
401070904,CHI,3064230,3
401070904,CHI,2991274,19
401070904,CHI,3907386,21
401070904,MIL,6609,33
401070904,MIL,3032977,32
401070904,MIL,3448,30
401070904,MIL,4238,30
401070904,MIL,2566769,29
401070904,MIL,2767,9
401070904,MIL,3058254,3
401070904,MIL,3952343,3
401070904,MIL,4017843,18
401070904,MIL,2528353,17
401070904,MIL,3057187,10
401070904,MIL,2489716,3
401070904,MIL,2578239,23
401070905,LAC,3428,33
401070905,LAC,6440,37
401070905,LAC,2758,16
401070905,LAC,3964,33
401070905,LAC,4278073,20
401070905,LAC,6622,20
401070905,LAC,2991055,27
401070905,LAC,2799,28
401070905,LAC,3064539,11
401070905,LAC,3943606,5
401070905,LAC,3002137,10
401070905,LAC,4376,0
401070905,LAC,4192,0
401070905,BKN,3201,26
401070905,BKN,2528794,30
401070905,BKN,4066328,28
401070905,BKN,2531210,30
401070905,BKN,3136776,35
401070905,BKN,3970,20
401070905,BKN,3064291,12
401070905,BKN,4259,19
401070905,BKN,2580782,28
401070905,BKN,2530780,13
401070905,BKN,6433,0
401070905,BKN,4348696,0
401070905,BKN,4230548,0
401070906,PHI,6430,37
401070906,PHI,2490089,37
401070906,PHI,3059318,40
401070906,PHI,3024,30
401070906,PHI,3907387,39
401070906,PHI,2769,10
401070906,PHI,3194,14
401070906,PHI,3929325,16
401070906,PHI,3914044,23
401070906,PHI,4066636,19
401070906,PHI,2530530,0
401070906,CHA,2797,27
401070906,CHA,3416,19
401070906,CHA,2579258,35
401070906,CHA,6479,45
401070906,CHA,6603,40
401070906,CHA,4066383,26
401070906,CHA,6427,5
401070906,CHA,2999409,13
401070906,CHA,1015,15
401070906,CHA,3907821,29
401070906,CHA,4066262,11
401070906,CHA,2579294,0
401070906,CHA,3133601,0
401070907,ATL,2991283,11
401070907,ATL,6637,31
401070907,ATL,2596107,20
401070907,ATL,4066372,29
401070907,ATL,4277905,24
401070907,ATL,3908845,12
401070907,ATL,4065836,12
401070907,ATL,2580913,23
401070907,ATL,3062667,23
401070907,ATL,136,16
401070907,ATL,4299,24
401070907,ATL,3915560,14
401070907,ATL,6616,0
401070907,IND,3244,27
401070907,IND,3593,28
401070907,IND,3133628,25
401070907,IND,3973,26
401070907,IND,2527963,5
401070907,IND,4066425,4
401070907,IND,2528588,25
401070907,IND,3155942,28
401070907,IND,6615,3
401070907,IND,6446,30
401070907,IND,3983,24
401070907,IND,3922230,15
401070908,LAL,1966,26
401070908,LAL,3134907,27
401070908,LAL,3913176,34
401070908,LAL,3452,16
401070908,LAL,4066421,28
401070908,LAL,3418,9
401070908,LAL,984,17
401070908,LAL,3150844,2
401070908,LAL,4244,22
401070908,LAL,2581018,28
401070908,LAL,3062679,20
401070908,LAL,3133602,11
401070908,LAL,4017837,0
401070908,ORL,3064290,29
401070908,ORL,3074797,20
401070908,ORL,6478,31
401070908,ORL,6588,34
401070908,ORL,3415,27
401070908,ORL,3064517,2
401070908,ORL,4065654,17
401070908,ORL,2578240,2
401070908,ORL,4277919,15
401070908,ORL,6619,16
401070908,ORL,2531047,19
401070908,ORL,2579466,26
401070908,ORL,3936294,2
401070909,DEN,3015,22
401070909,DEN,4017839,35
401070909,DEN,3112335,34
401070909,DEN,2999547,39
401070909,DEN,3936299,29
401070909,DEN,3136196,20
401070909,DEN,2488653,13
401070909,DEN,3059310,34
401070909,DEN,3907822,14
401070909,DEN,3934662,0
401070909,DEN,2528693,0
401070909,DEN,3155536,0
401070909,DEN,3138256,0
401070909,NO,4247,24
401070909,NO,6459,34
401070909,NO,6583,38
401070909,NO,3995,32
401070909,NO,6460,36
401070909,NO,3064514,27
401070909,NO,6610,23
401070909,NO,2489785,22
401070909,NO,4065651,4
401070909,NO,3919335,0
401070909,NO,2488958,0
401070909,NO,3135048,0
401070909,NO,2488945,0
401070910,UTAH,4257,24
401070910,UTAH,2968436,30
401070910,UTAH,3032976,31
401070910,UTAH,4011,28
401070910,UTAH,3908809,36
401070910,UTAH,6581,27
401070910,UTAH,4261,2
401070910,UTAH,2583632,20
401070910,UTAH,2990969,8
401070910,UTAH,6429,13
401070910,UTAH,3102528,20
401070910,UTAH,3135045,2
401070910,UTAH,3028,0
401070910,BOS,4065648,24
401070910,BOS,4249,26
401070910,BOS,3213,21
401070910,BOS,6442,30
401070910,BOS,3917376,25
401070910,BOS,3056602,12
401070910,BOS,6462,20
401070910,BOS,4017844,9
401070910,BOS,2451037,12
401070910,BOS,2968439,14
401070910,BOS,6507,9
401070910,BOS,2990992,17
401070910,BOS,3074752,21
401070911,TOR,3439,23
401070911,TOR,3988,26
401070911,TOR,3149673,29
401070911,TOR,3012,29
401070911,TOR,2991230,29
401070911,TOR,3948153,7
401070911,TOR,4260,11
401070911,TOR,6477,14
401070911,TOR,2528787,22
401070911,TOR,2595592,12
401070911,TOR,3064447,19
401070911,TOR,3934663,19
401070911,CHI,3056600,27
401070911,CHI,2284101,31
401070911,CHI,4277847,22
401070911,CHI,3064230,22
401070911,CHI,2991047,31
401070911,CHI,3113587,11
401070911,CHI,3149010,21
401070911,CHI,3447,15
401070911,CHI,2991274,27
401070911,CHI,3907386,33
401070911,CHI,4066336,0
401070912,SAC,4269,14
401070912,SAC,2991282,18
401070912,SAC,6468,21
401070912,SAC,2990984,30
401070912,SAC,4066259,25
401070912,SAC,4065649,7
401070912,SAC,3078286,15
401070912,SAC,3138156,21
401070912,SAC,4277848,27
401070912,SAC,3936296,7
401070912,SAC,2991018,21
401070912,SAC,3037789,20
401070912,SAC,3059315,14
401070912,HOU,3033,30
401070912,HOU,2579321,27
401070912,HOU,3102529,35
401070912,HOU,2779,33
401070912,HOU,3992,34
401070912,HOU,3132042,23
401070912,HOU,3907487,3
401070912,HOU,4222252,10
401070912,HOU,2761,14
401070912,HOU,3431,29
401070912,HOU,2596108,2
401070913,GS,2386,28
401070913,GS,3202,37
401070913,GS,3998,25
401070913,GS,3155535,27
401070913,GS,6475,38
401070913,GS,3064427,0
401070913,GS,3934670,3
401070913,GS,3064559,22
401070913,GS,2566745,22
401070913,GS,2595209,19
401070913,GS,2393,20
401070913,GS,3934621,0
401070913,DAL,6578,37
401070913,DAL,2578185,40
401070913,DAL,3442,31
401070913,DAL,4065697,28
401070913,DAL,3945274,36
401070913,DAL,2531367,17
401070913,DAL,2960236,12
401070913,DAL,2382,19
401070913,DAL,3055,20
401070913,DAL,2968458,0
401070913,DAL,2489693,0
401070913,DAL,3934672,0
401070914,OKC,4251,40
401070914,OKC,2991070,32
401070914,OKC,2991235,37
401070914,OKC,3032979,36
401070914,OKC,4080610,19
401070914,OKC,4264,16
401070914,OKC,3059358,10
401070914,OKC,2991280,11
401070914,OKC,3893019,25
401070914,OKC,2753,14
401070914,OKC,2595435,0
401070914,OKC,2995702,0
401070914,PHX,4412182,24
401070914,PHX,2982334,40
401070914,PHX,4278129,36
401070914,PHX,2490589,24
401070914,PHX,3136193,39
401070914,PHX,3147657,31
401070914,PHX,2993370,12
401070914,PHX,4011991,7
401070914,PHX,4066297,17
401070914,PHX,165,24
401070914,PHX,4066436,10
401070914,PHX,3412,0
401070914,PHX,2489530,0
401070914,PHX,4230550,0
401070915,MEM,2993874,31
401070915,MEM,4277961,19
401070915,MEM,3206,36
401070915,MEM,3195,35
401070915,MEM,4023,33
401070915,MEM,3917378,3
401070915,MEM,3554,11
401070915,MEM,2327577,21
401070915,MEM,6428,12
401070915,MEM,6454,28
401070915,MEM,3059316,10
401070915,MEM,3155526,0
401070915,MEM,6466,0
401070915,MIN,2490620,37
401070915,MIN,3986,19
401070915,MIN,3059319,33
401070915,MIN,3136195,38
401070915,MIN,4015,29
401070915,MIN,3032978,29
401070915,MIN,2534781,10
401070915,MIN,3456,30
401070915,MIN,3135046,15
401070915,MIN,3276,0
401070915,MIN,2429,0
401070915,MIN,2326411,0
401070915,MIN,4065663,0
401070916,LAL,1966,38
401070916,LAL,3134907,21
401070916,LAL,3913176,36
401070916,LAL,3452,24
401070916,LAL,4066421,22
401070916,LAL,984,24
401070916,LAL,4244,15
401070916,LAL,2581018,28
401070916,LAL,3062679,29
401070916,LAL,3133602,3
401070916,LAL,3418,0
401070916,LAL,3150844,0
401070916,LAL,4017837,0
401070916,MIA,3135047,25
401070916,MIA,4262,27
401070916,MIA,3981,38
401070916,MIA,2581190,25
401070916,MIA,2488826,38
401070916,MIA,3999,15
401070916,MIA,2489663,8
401070916,MIA,3936099,13
401070916,MIA,4066261,17
401070916,MIA,2530276,35
401070916,MIA,2184,0
401070916,MIA,3136183,0
401070916,MIA,3157465,0
401070917,NY,2995706,0
401070917,NY,4278075,23
401070917,NY,4351852,9
401070917,NY,2528210,36
401070917,NY,3892818,23
401070917,NY,3907525,13
401070917,NY,3078284,35
401070917,NY,6447,38
401070917,NY,2579260,29
401070917,NY,4230547,22
401070917,NY,2991149,14
401070917,NY,2580349,0
401070917,ORL,3064290,29
401070917,ORL,3074797,15
401070917,ORL,6478,32
401070917,ORL,6588,30
401070917,ORL,3415,28
401070917,ORL,4065654,24
401070917,ORL,4277919,16
401070917,ORL,6619,23
401070917,ORL,2531047,4
401070917,ORL,2579466,23
401070917,ORL,3936294,16
401070917,ORL,3064517,0
401070917,ORL,2578240,0
401070918,POR,2982268,26
401070918,POR,4248,36
401070918,POR,3102530,31
401070918,POR,6606,38
401070918,POR,2490149,39
401070918,POR,4066650,13
401070918,POR,6605,4
401070918,POR,4239,31
401070918,POR,2991042,13
401070918,POR,3136696,2
401070918,POR,4351851,5
401070918,POR,3906671,0
401070918,POR,4277843,0
401070918,WSH,6461,19
401070918,WSH,2594922,28
401070918,WSH,2384,7
401070918,WSH,4237,31
401070918,WSH,6580,26
401070918,WSH,3209,25
401070918,WSH,3232,10
401070918,WSH,4278508,11
401070918,WSH,3934723,5
401070918,WSH,6617,29
401070918,WSH,6621,19
401070918,WSH,3133603,29
401070918,WSH,2774,0
401070919,GS,2386,26
401070919,GS,3202,37
401070919,GS,3998,26
401070919,GS,3155535,19
401070919,GS,6475,38
401070919,GS,3064427,6
401070919,GS,3064559,23
401070919,GS,2566745,29
401070919,GS,2595209,18
401070919,GS,2393,17
401070919,GS,3934621,0
401070919,GS,3934670,0
401070919,SA,3974,28
401070919,SA,3005,30
401070919,SA,2983,40
401070919,SA,2994526,25
401070919,SA,3978,40
401070919,SA,4253,3
401070919,SA,3134908,8
401070919,SA,4004,25
401070919,SA,3190,25
401070919,SA,3078576,18
401070919,SA,3914283,0
401070919,SA,6426,0
401070920,BOS,4065648,30
401070920,BOS,3213,31
401070920,BOS,2968439,7
401070920,BOS,6442,34
401070920,BOS,3917376,19
401070920,BOS,6462,26
401070920,BOS,4249,31
401070920,BOS,2451037,16
401070920,BOS,2990992,26
401070920,BOS,3074752,19
401070920,BOS,3056602,0
401070920,BOS,4017844,0
401070920,BOS,6507,0
401070920,CHA,2797,25
401070920,CHA,3416,36
401070920,CHA,2579258,32
401070920,CHA,6479,39
401070920,CHA,6603,28
401070920,CHA,4066383,23
401070920,CHA,2999409,16
401070920,CHA,1015,20
401070920,CHA,3907821,14
401070920,CHA,4066262,8
401070920,CHA,2579294,0
401070920,CHA,6427,0
401070920,CHA,3133601,0
401070921,CLE,2580365,20
401070921,CLE,3893016,30
401070921,CLE,6474,30
401070921,CLE,2581177,30
401070921,CLE,4277811,24
401070921,CLE,3062744,22
401070921,CLE,4017838,18
401070921,CLE,2011,18
401070921,CLE,2444,6
401070921,CLE,2528426,25
401070921,CLE,3064511,17
401070921,CLE,2754,0
401070921,DET,3989,37
401070921,DET,2991039,20
401070921,DET,2528779,31
401070921,DET,6585,39
401070921,DET,6443,22
401070921,DET,6452,3
401070921,DET,3134881,14
401070921,DET,2016,9
401070921,DET,4305,16
401070921,DET,2530572,29
401070921,DET,3912334,8
401070921,DET,2806,12
401070921,DET,4065670,0
401070922,UTAH,4257,27
401070922,UTAH,2968436,28
401070922,UTAH,3032976,25
401070922,UTAH,4011,28
401070922,UTAH,3908809,32
401070922,UTAH,6581,25
401070922,UTAH,3028,12
401070922,UTAH,4261,5
401070922,UTAH,2583632,15
401070922,UTAH,2968361,9
401070922,UTAH,6429,11
401070922,UTAH,3102528,18
401070922,UTAH,3135045,5
401070922,IND,3244,29
401070922,IND,3593,30
401070922,IND,3133628,26
401070922,IND,3973,27
401070922,IND,3983,27
401070922,IND,4066425,3
401070922,IND,2528588,21
401070922,IND,3155942,26
401070922,IND,6615,3
401070922,IND,6446,25
401070922,IND,3059262,2
401070922,IND,3922230,21
401070923,PHX,2426,41
401070923,PHX,2982334,39
401070923,PHX,4278129,27
401070923,PHX,3136193,36
401070923,PHX,3147657,23
401070923,PHX,2993370,21
401070923,PHX,4412182,21
401070923,PHX,4066297,12
401070923,PHX,165,16
401070923,PHX,2489530,3
401070923,PHX,2490589,21
401070923,PHX,3412,0
401070923,PHX,4011991,0
401070923,PHX,4230550,0
401070923,PHI,3194,31
401070923,PHI,6430,32
401070923,PHI,3059318,36
401070923,PHI,3024,27
401070923,PHI,3907387,32
401070923,PHI,2769,6
401070923,PHI,2490089,23
401070923,PHI,3929325,16
401070923,PHI,2530530,9
401070923,PHI,3914044,21
401070923,PHI,4066636,7
401070924,LAC,6440,33
401070924,LAC,2758,16
401070924,LAC,3964,19
401070924,LAC,4240,20
401070924,LAC,4278073,29
401070924,LAC,6622,28
401070924,LAC,4376,10
401070924,LAC,2991055,32
401070924,LAC,2799,30
401070924,LAC,3064539,6
401070924,LAC,4192,10
401070924,LAC,3002137,7
401070924,LAC,3943606,0
401070924,ATL,2990962,32
401070924,ATL,4065836,14
401070924,ATL,6637,26
401070924,ATL,2596107,24
401070924,ATL,4277905,37
401070924,ATL,2982340,3
401070924,ATL,3908845,21
401070924,ATL,2580913,24
401070924,ATL,3062667,20
401070924,ATL,136,14
401070924,ATL,4299,13
401070924,ATL,4066372,14
401070924,ATL,6616,0
401070925,DAL,6578,37
401070925,DAL,2578185,34
401070925,DAL,3442,38
401070925,DAL,4065697,31
401070925,DAL,3945274,37
401070925,DAL,2960236,21
401070925,DAL,2382,17
401070925,DAL,2489693,1
401070925,DAL,3934672,25
401070925,DAL,2531367,0
401070925,DAL,2968458,0
401070925,DAL,3055,0
401070925,MEM,2993874,33
401070925,MEM,4277961,36
401070925,MEM,3206,37
401070925,MEM,3195,35
401070925,MEM,4023,33
401070925,MEM,3554,5
401070925,MEM,2327577,15
401070925,MEM,6428,11
401070925,MEM,6454,18
401070925,MEM,3059316,16
401070925,MEM,3917378,0
401070925,MEM,2489563,0
401070926,DEN,3015,29
401070926,DEN,4017839,29
401070926,DEN,3112335,33
401070926,DEN,2999547,35
401070926,DEN,3936299,36
401070926,DEN,3136196,16
401070926,DEN,2488653,15
401070926,DEN,3059310,25
401070926,DEN,3907822,22
401070926,DEN,3934662,0
401070926,DEN,2528693,0
401070926,DEN,3155536,0
401070926,DEN,3138256,0
401070926,MIL,6609,37
401070926,MIL,3032977,39
401070926,MIL,3448,33
401070926,MIL,4238,35
401070926,MIL,2566769,31
401070926,MIL,2767,19
401070926,MIL,4017843,4
401070926,MIL,2528353,18
401070926,MIL,3057187,6
401070926,MIL,2578239,18
401070926,MIL,3058254,0
401070926,MIL,3952343,0
401070926,MIL,2489716,0
401070927,SA,3974,32
401070927,SA,3005,26
401070927,SA,2983,30
401070927,SA,2994526,28
401070927,SA,3978,31
401070927,SA,3914283,13
401070927,SA,4253,6
401070927,SA,3914285,6
401070927,SA,3134908,15
401070927,SA,4004,13
401070927,SA,3190,26
401070927,SA,3078576,13
401070927,NO,4247,17
401070927,NO,6459,29
401070927,NO,6583,32
401070927,NO,3995,32
401070927,NO,6460,30
401070927,NO,3064514,25
401070927,NO,3919335,9
401070927,NO,6610,22
401070927,NO,3135048,1
401070927,NO,2489785,19
401070927,NO,4065651,24
401070927,NO,2488958,0
401070927,NO,2488945,0
401070928,OKC,4251,37
401070928,OKC,2991070,26
401070928,OKC,2991235,37
401070928,OKC,3468,37
401070928,OKC,4080610,22
401070928,OKC,4264,15
401070928,OKC,3059358,7
401070928,OKC,3893019,24
401070928,OKC,2753,6
401070928,OKC,3032979,29
401070928,OKC,2595435,0
401070928,OKC,2991280,0
401070928,OKC,2995702,0
401070928,SAC,4269,23
401070928,SAC,2991282,31
401070928,SAC,6468,30
401070928,SAC,2990984,35
401070928,SAC,4066259,35
401070928,SAC,4065649,14
401070928,SAC,3138156,9
401070928,SAC,4277848,26
401070928,SAC,3037789,25
401070928,SAC,3059315,13
401070928,SAC,3078286,0
401070928,SAC,3936296,0
401070928,SAC,2991018,0
401070929,TOR,3439,30
401070929,TOR,3988,34
401070929,TOR,6450,30
401070929,TOR,3149673,34
401070929,TOR,3012,32
401070929,TOR,6477,21
401070929,TOR,2528787,20
401070929,TOR,2991230,26
401070929,TOR,3064447,13
401070929,TOR,3948153,0
401070929,TOR,4260,0
401070929,TOR,2595592,0
401070929,TOR,3934663,0
401070929,ORL,3064290,37
401070929,ORL,3074797,23
401070929,ORL,6478,34
401070929,ORL,6588,35
401070929,ORL,3415,26
401070929,ORL,4065654,20
401070929,ORL,4277919,14
401070929,ORL,6619,20
401070929,ORL,2531047,22
401070929,ORL,2579466,10
401070929,ORL,3064517,0
401070929,ORL,2578240,0
401070929,ORL,3936294,0
401070930,LAC,3428,28
401070930,LAC,6440,37
401070930,LAC,2758,15
401070930,LAC,4240,32
401070930,LAC,4278073,29
401070930,LAC,6622,14
401070930,LAC,4376,4
401070930,LAC,2991055,31
401070930,LAC,3964,21
401070930,LAC,2799,23
401070930,LAC,3064539,1
401070930,LAC,3002137,6
401070930,LAC,4192,0
401070930,WSH,2594922,38
401070930,WSH,3934723,19
401070930,WSH,4237,41
401070930,WSH,6580,41
401070930,WSH,3133603,12
401070930,WSH,6461,25
401070930,WSH,3209,26
401070930,WSH,6617,14
401070930,WSH,6621,24
401070930,WSH,3232,0
401070930,WSH,4278508,0
401070930,WSH,2774,0
401070930,WSH,2531797,0
401070931,BKN,3201,22
401070931,BKN,2528794,28
401070931,BKN,4066328,30
401070931,BKN,2531210,29
401070931,BKN,3136776,32
401070931,BKN,3970,16
401070931,BKN,3064291,26
401070931,BKN,4259,18
401070931,BKN,2580782,30
401070931,BKN,2530780,9
401070931,BKN,6433,0
401070931,BKN,4230548,0
401070931,MIA,3936099,17
401070931,MIA,4262,32
401070931,MIA,3981,33
401070931,MIA,2581190,39
401070931,MIA,2488826,36
401070931,MIA,3135047,17
401070931,MIA,3999,23
401070931,MIA,3157465,12
401070931,MIA,4066261,16
401070931,MIA,1987,14
401070931,MIA,2184,0
401070931,MIA,2489663,0
401070931,MIA,3136183,0
401070932,POR,2982268,17
401070932,POR,4248,29
401070932,POR,3102530,31
401070932,POR,6606,36
401070932,POR,2490149,38
401070932,POR,4066650,13
401070932,POR,6605,17
401070932,POR,4239,34
401070932,POR,2991042,18
401070932,POR,3136696,7
401070932,POR,3906671,0
401070932,POR,4277843,0
401070932,POR,4351851,0
401070932,NY,3078284,37
401070932,NY,2995706,17
401070932,NY,6447,27
401070932,NY,2528210,37
401070932,NY,3892818,24
401070932,NY,4278075,13
401070932,NY,4351852,18
401070932,NY,2579260,26
401070932,NY,4230547,28
401070932,NY,3907525,15
401070932,NY,2991149,0
401070932,NY,2580349,0
401070933,IND,3244,26
401070933,IND,3593,34
401070933,IND,3133628,30
401070933,IND,3973,24
401070933,IND,3983,22
401070933,IND,4066425,3
401070933,IND,2528588,26
401070933,IND,3155942,19
401070933,IND,6615,3
401070933,IND,6446,25
401070933,IND,3059262,3
401070933,IND,3922230,24
401070933,CHA,2797,23
401070933,CHA,3416,23
401070933,CHA,2579258,23
401070933,CHA,6479,27
401070933,CHA,6603,28
401070933,CHA,2579294,22
401070933,CHA,4066383,25
401070933,CHA,3133601,3
401070933,CHA,1015,21
401070933,CHA,3907821,25
401070933,CHA,4066262,19
401070933,CHA,6427,0
401070934,NO,4247,22
401070934,NO,6459,29
401070934,NO,6583,41
401070934,NO,3995,41
401070934,NO,6460,38
401070934,NO,3064514,28
401070934,NO,6610,17
401070934,NO,3135048,0
401070934,NO,2489785,11
401070934,NO,4065651,13
401070934,NO,3919335,0
401070934,NO,2488958,0
401070934,NO,2488945,0
401070934,PHI,3194,31
401070934,PHI,6430,35
401070934,PHI,3059318,32
401070934,PHI,3024,36
401070934,PHI,3907387,35
401070934,PHI,2769,12
401070934,PHI,2490089,17
401070934,PHI,3929325,5
401070934,PHI,2530530,17
401070934,PHI,3914044,20
401070934,PHI,3915195,0
401070934,PHI,3059273,0
401070935,TOR,3988,32
401070935,TOR,3149673,32
401070935,TOR,6477,27
401070935,TOR,3012,32
401070935,TOR,2991230,36
401070935,TOR,3439,21
401070935,TOR,3948153,3
401070935,TOR,4260,13
401070935,TOR,2528787,15
401070935,TOR,2595592,3
401070935,TOR,3064447,23
401070935,TOR,3934663,3
401070935,ATL,2990962,25
401070935,ATL,3908845,27
401070935,ATL,6637,14
401070935,ATL,2580913,31
401070935,ATL,4277905,22
401070935,ATL,2982340,14
401070935,ATL,6616,14
401070935,ATL,3062667,17
401070935,ATL,136,21
401070935,ATL,4299,26
401070935,ATL,3915560,2
401070935,ATL,4066372,25
401070935,ATL,3147351,0
401070936,NY,3078284,30
401070936,NY,2995706,13
401070936,NY,6447,23
401070936,NY,2528210,38
401070936,NY,3892818,20
401070936,NY,4278075,26
401070936,NY,4351852,16
401070936,NY,2579260,32
401070936,NY,4230547,27
401070936,NY,3907525,15
401070936,NY,2991149,0
401070936,NY,2580349,0
401070936,BOS,4065648,29
401070936,BOS,3213,35
401070936,BOS,2968439,12
401070936,BOS,6442,37
401070936,BOS,3917376,26
401070936,BOS,6462,30
401070936,BOS,4249,32
401070936,BOS,2451037,4
401070936,BOS,2990992,20
401070936,BOS,3074752,16
401070936,BOS,3056602,0
401070936,BOS,4017844,0
401070936,BOS,6507,0
401070937,LAL,1966,36
401070937,LAL,3134907,29
401070937,LAL,3913176,36
401070937,LAL,3452,25
401070937,LAL,4066421,36
401070937,LAL,984,19
401070937,LAL,4244,14
401070937,LAL,2581018,25
401070937,LAL,3062679,21
401070937,LAL,3418,0
401070937,LAL,3150844,0
401070937,LAL,4017837,0
401070937,LAL,3133602,0
401070937,CLE,3062744,24
401070937,CLE,3893016,42
401070937,CLE,6474,30
401070937,CLE,2581177,34
401070937,CLE,4277811,36
401070937,CLE,2580365,18
401070937,CLE,2011,18
401070937,CLE,2528426,27
401070937,CLE,3064511,12
401070937,CLE,2754,0
401070937,CLE,4017838,0
401070938,PHX,4412182,0
401070938,PHX,2426,37
401070938,PHX,2982334,33
401070938,PHX,4278129,33
401070938,PHX,2490589,26
401070938,PHX,3136193,34
401070938,PHX,2993370,15
401070938,PHX,4066297,13
401070938,PHX,165,21
401070938,PHX,3147657,29
401070938,PHX,3412,0
401070938,PHX,4011991,0
401070938,PHX,2489530,0
401070938,PHX,4230550,0
401070938,CHI,3056600,40
401070938,CHI,2284101,33
401070938,CHI,4277847,22
401070938,CHI,2991047,31
401070938,CHI,3064440,37
401070938,CHI,3113587,15
401070938,CHI,3447,12
401070938,CHI,3064230,8
401070938,CHI,2991274,18
401070938,CHI,3907386,25
401070938,CHI,4066336,0
401070939,DET,3989,38
401070939,DET,2991039,13
401070939,DET,2528779,36
401070939,DET,6585,28
401070939,DET,6443,23
401070939,DET,6452,13
401070939,DET,3134881,26
401070939,DET,2016,7
401070939,DET,4305,30
401070939,DET,2530572,26
401070939,DET,2806,0
401070939,DET,3912334,0
401070939,DET,4065670,0
401070939,HOU,3033,25
401070939,HOU,2579321,33
401070939,HOU,3102529,37
401070939,HOU,2779,35
401070939,HOU,3992,36
401070939,HOU,3132042,18
401070939,HOU,4222252,11
401070939,HOU,2761,14
401070939,HOU,3431,31
401070939,HOU,3907487,0
401070939,HOU,2596108,0
401070940,POR,2982268,9
401070940,POR,4248,26
401070940,POR,3102530,22
401070940,POR,6606,31
401070940,POR,2490149,33
401070940,POR,3906671,11
401070940,POR,4066650,18
401070940,POR,6591,13
401070940,POR,6605,16
401070940,POR,4239,22
401070940,POR,2991042,16
401070940,POR,3136696,12
401070940,POR,4351851,12
401070940,MIL,6609,24
401070940,MIL,3032977,30
401070940,MIL,3448,20
401070940,MIL,4238,24
401070940,MIL,2566769,24
401070940,MIL,2767,12
401070940,MIL,3058254,11
401070940,MIL,3952343,10
401070940,MIL,4017843,21
401070940,MIL,2528353,15
401070940,MIL,3057187,19
401070940,MIL,2489716,11
401070940,MIL,2578239,19
401070941,DEN,3015,28
401070941,DEN,4017839,32
401070941,DEN,3112335,37
401070941,DEN,2999547,36
401070941,DEN,3936299,39
401070941,DEN,3136196,14
401070941,DEN,2488653,18
401070941,DEN,3059310,23
401070941,DEN,3907822,14
401070941,DEN,3934662,0
401070941,DEN,2528693,0
401070941,DEN,3155536,0
401070941,DEN,3138256,0
401070941,MIN,2490620,37
401070941,MIN,3986,19
401070941,MIN,3059319,30
401070941,MIN,3136195,28
401070941,MIN,4015,29
401070941,MIN,3276,0
401070941,MIN,3032978,28
401070941,MIN,2534781,20
401070941,MIN,3456,29
401070941,MIN,3135046,19
401070941,MIN,2429,0
401070941,MIN,2326411,0
401070941,MIN,4065663,0
401070942,BKN,3201,18
401070942,BKN,2528794,28
401070942,BKN,4066328,26
401070942,BKN,2531210,30
401070942,BKN,3136776,26
401070942,BKN,3970,20
401070942,BKN,3064291,27
401070942,BKN,4259,20
401070942,BKN,2580782,28
401070942,BKN,2530780,17
401070942,BKN,6433,0
401070942,BKN,4230548,0
401070942,DAL,6578,35
401070942,DAL,2578185,32
401070942,DAL,3442,29
401070942,DAL,4065697,19
401070942,DAL,3945274,34
401070942,DAL,2960236,18
401070942,DAL,2968458,17
401070942,DAL,2382,18
401070942,DAL,3055,29
401070942,DAL,2489693,9
401070942,DAL,3934672,0
401070943,MEM,2993874,38
401070943,MEM,4277961,12
401070943,MEM,3206,35
401070943,MEM,3195,35
401070943,MEM,4023,32
401070943,MEM,3554,19
401070943,MEM,2327577,19
401070943,MEM,6428,12
401070943,MEM,6454,19
401070943,MEM,3059316,18
401070943,MEM,3917378,0
401070943,MEM,6466,0
401070943,MEM,2489563,0
401070943,SA,3974,24
401070943,SA,3005,34
401070943,SA,2983,41
401070943,SA,2994526,26
401070943,SA,3978,37
401070943,SA,4253,2
401070943,SA,6426,19
401070943,SA,3134908,6
401070943,SA,4004,25
401070943,SA,3190,15
401070943,SA,3078576,10
401070943,SA,3914283,0
401070944,SAC,4269,25
401070944,SAC,2991282,34
401070944,SAC,6468,29
401070944,SAC,2990984,30
401070944,SAC,4066259,37
401070944,SAC,4065649,8
401070944,SAC,3138156,15
401070944,SAC,4277848,27
401070944,SAC,3037789,30
401070944,SAC,3059315,5
401070944,SAC,3078286,0
401070944,SAC,3936296,0
401070944,SAC,2991018,0
401070944,UTAH,4257,22
401070944,UTAH,2968436,37
401070944,UTAH,3032976,35
401070944,UTAH,4011,30
401070944,UTAH,3908809,32
401070944,UTAH,6581,37
401070944,UTAH,2583632,15
401070944,UTAH,2968361,2
401070944,UTAH,6429,17
401070944,UTAH,3102528,14
401070944,UTAH,3028,0
401070944,UTAH,4261,0
401070944,UTAH,2990969,0
401070945,OKC,4251,35
401070945,OKC,2991070,34
401070945,OKC,4230546,6
401070945,OKC,2991235,33
401070945,OKC,3468,33
401070945,OKC,4264,14
401070945,OKC,2595435,3
401070945,OKC,3059358,3
401070945,OKC,2991280,15
401070945,OKC,3893019,18
401070945,OKC,3032979,28
401070945,OKC,4080610,17
401070945,OKC,2753,0
401070945,GS,2386,26
401070945,GS,3202,35
401070945,GS,3064559,21
401070945,GS,2566745,33
401070945,GS,6475,31
401070945,GS,3998,21
401070945,GS,3064427,4
401070945,GS,3155535,22
401070945,GS,2595209,27
401070945,GS,2393,17
401070945,GS,3934621,4
401070946,MIN,2490620,38
401070946,MIN,3986,26
401070946,MIN,3059319,35
401070946,MIN,3136195,28
401070946,MIN,4015,30
401070946,MIN,3032978,16
401070946,MIN,2534781,20
401070946,MIN,3456,29
401070946,MIN,3135046,18
401070946,MIN,3276,0
401070946,MIN,2429,0
401070946,MIN,2326411,0
401070946,MIN,4065663,0
401070946,BKN,3201,15
401070946,BKN,2528794,34
401070946,BKN,4066328,26
401070946,BKN,2531210,30
401070946,BKN,3136776,26
401070946,BKN,3970,24
401070946,BKN,6433,6
401070946,BKN,3064291,20
401070946,BKN,4259,13
401070946,BKN,2580782,30
401070946,BKN,2530780,17
401070946,BKN,2595231,0
401070947,MEM,2993874,39
401070947,MEM,4277961,35
401070947,MEM,3206,37
401070947,MEM,3195,30
401070947,MEM,4023,38
401070947,MEM,3554,14
401070947,MEM,2327577,33
401070947,MEM,6454,25
401070947,MEM,3059316,14
401070947,MEM,3917378,0
401070947,MEM,6466,0
401070947,MEM,6428,0
401070947,MEM,2489563,0
401070947,LAC,3428,39
401070947,LAC,6440,36
401070947,LAC,2758,17
401070947,LAC,4240,33
401070947,LAC,4278073,29
401070947,LAC,6622,16
401070947,LAC,4376,5
401070947,LAC,2991055,35
401070947,LAC,3964,25
401070947,LAC,2799,30
401070947,LAC,3064539,0
401070947,LAC,4192,0
401070947,LAC,3002137,0
401070948,HOU,3033,44
401070948,HOU,2579321,29
401070948,HOU,3102529,43
401070948,HOU,2779,37
401070948,HOU,3992,41
401070948,HOU,3132042,14
401070948,HOU,4222252,7
401070948,HOU,2761,15
401070948,HOU,3431,34
401070948,HOU,3907487,0
401070948,HOU,2596108,0
401070948,DET,3989,43
401070948,DET,2991039,13
401070948,DET,2528779,39
401070948,DET,6585,44
401070948,DET,6443,33
401070948,DET,6452,4
401070948,DET,3134881,15
401070948,DET,2016,4
401070948,DET,4305,21
401070948,DET,2530572,21
401070948,DET,2806,0
401070948,DET,4065670,25
401070948,DET,3912334,0
401070949,BOS,6462,24
401070949,BOS,4065648,23
401070949,BOS,2968439,23
401070949,BOS,6442,20
401070949,BOS,3917376,21
401070949,BOS,3056602,24
401070949,BOS,4017844,3
401070949,BOS,4249,22
401070949,BOS,2451037,16
401070949,BOS,4066211,9
401070949,BOS,6507,7
401070949,BOS,2990992,23
401070949,BOS,3074752,25
401070949,ATL,2990962,18
401070949,ATL,3908845,30
401070949,ATL,6637,10
401070949,ATL,2580913,24
401070949,ATL,4277905,19
401070949,ATL,2982340,17
401070949,ATL,4065836,8
401070949,ATL,6616,4
401070949,ATL,2596107,20
401070949,ATL,3062667,26
401070949,ATL,136,10
401070949,ATL,4299,30
401070949,ATL,4066372,23
401070950,NO,4247,24
401070950,NO,6459,30
401070950,NO,6583,32
401070950,NO,3995,37
401070950,NO,6460,31
401070950,NO,3064514,29
401070950,NO,3919335,5
401070950,NO,6610,25
401070950,NO,2489785,17
401070950,NO,4065651,11
401070950,NO,2488958,0
401070950,NO,3135048,0
401070950,NO,2488945,0
401070950,NY,3078284,37
401070950,NY,2995706,19
401070950,NY,6447,33
401070950,NY,2528210,36
401070950,NY,3892818,29
401070950,NY,4278075,9
401070950,NY,4351852,9
401070950,NY,2579260,20
401070950,NY,4230547,14
401070950,NY,3907525,34
401070950,NY,2991149,0
401070950,NY,2580349,0
401070951,CLE,3062744,30
401070951,CLE,3893016,42
401070951,CLE,6474,35
401070951,CLE,2581177,39
401070951,CLE,4277811,32
401070951,CLE,2580365,19
401070951,CLE,4017838,1
401070951,CLE,2011,6
401070951,CLE,2528426,20
401070951,CLE,3064511,17
401070951,CLE,2754,0
401070951,PHI,3194,31
401070951,PHI,6430,34
401070951,PHI,3059318,33
401070951,PHI,3024,27
401070951,PHI,3907387,37
401070951,PHI,2769,14
401070951,PHI,2490089,24
401070951,PHI,2530530,12
401070951,PHI,3914044,29
401070951,PHI,3915195,0
401070951,PHI,3929325,0
401070951,PHI,3059273,0
401070952,WSH,2594922,36
401070952,WSH,3934723,18
401070952,WSH,4237,32
401070952,WSH,6580,34
401070952,WSH,3133603,25
401070952,WSH,6461,29
401070952,WSH,2528473,3
401070952,WSH,3209,23
401070952,WSH,6617,16
401070952,WSH,6621,24
401070952,WSH,3232,0
401070952,WSH,2774,0
401070952,TOR,3988,25
401070952,TOR,6450,30
401070952,TOR,3149673,26
401070952,TOR,6477,18
401070952,TOR,3012,30
401070952,TOR,3439,27
401070952,TOR,3934719,19
401070952,TOR,4260,3
401070952,TOR,2778,18
401070952,TOR,2528787,1
401070952,TOR,2991230,23
401070952,TOR,3064447,19
401070952,TOR,3934663,1
401070953,SA,3974,18
401070953,SA,3005,27
401070953,SA,2983,37
401070953,SA,2994526,26
401070953,SA,3978,37
401070953,SA,3914283,1
401070953,SA,4253,1
401070953,SA,6426,13
401070953,SA,3134908,15
401070953,SA,4004,29
401070953,SA,3190,27
401070953,SA,3078576,7
401070953,IND,3244,31
401070953,IND,3155942,34
401070953,IND,3593,32
401070953,IND,3973,26
401070953,IND,3983,20
401070953,IND,4066425,16
401070953,IND,2528588,14
401070953,IND,6615,12
401070953,IND,4066424,1
401070953,IND,6446,31
401070953,IND,3059262,1
401070953,IND,3922230,21
401070954,MIA,3999,27
401070954,MIA,4262,22
401070954,MIA,3981,34
401070954,MIA,2581190,34
401070954,MIA,2488826,32
401070954,MIA,3135047,29
401070954,MIA,2489663,13
401070954,MIA,4066261,26
401070954,MIA,1987,24
401070954,MIA,2184,0
401070954,MIA,3157465,0
401070954,MIA,3936099,0
401070954,CHI,3056600,39
401070954,CHI,2284101,40
401070954,CHI,4277847,14
401070954,CHI,2991047,40
401070954,CHI,3064440,35
401070954,CHI,3113587,6
401070954,CHI,3447,25
401070954,CHI,3064230,6
401070954,CHI,2991274,17
401070954,CHI,3907386,18
401070954,CHI,4066336,0
401070955,CHA,2797,31
401070955,CHA,3416,31
401070955,CHA,2579258,26
401070955,CHA,6479,38
401070955,CHA,6603,36
401070955,CHA,2579294,19
401070955,CHA,4066383,20
401070955,CHA,3133601,19
401070955,CHA,3907821,21
401070955,CHA,6427,0
401070955,CHA,2999409,0
401070955,CHA,4066262,0
401070955,OKC,4251,37
401070955,OKC,2991070,35
401070955,OKC,2991235,37
401070955,OKC,3468,35
401070955,OKC,3032979,32
401070955,OKC,4264,13
401070955,OKC,3059358,21
401070955,OKC,2991280,11
401070955,OKC,3893019,7
401070955,OKC,2753,5
401070955,OKC,2995702,7
401070955,OKC,2595435,0
401070955,OKC,3947078,0
401070956,PHX,2426,41
401070956,PHX,2982334,31
401070956,PHX,4278129,31
401070956,PHX,3136193,39
401070956,PHX,3147657,24
401070956,PHX,2993370,17
401070956,PHX,4412182,17
401070956,PHX,4066297,16
401070956,PHX,165,24
401070956,PHX,2490589,17
401070956,PHX,3412,0
401070956,PHX,4011991,0
401070956,PHX,2489530,0
401070956,PHX,4230550,0
401070956,MIL,6609,30
401070956,MIL,3032977,36
401070956,MIL,3448,32
401070956,MIL,4238,30
401070956,MIL,2566769,30
401070956,MIL,2767,17
401070956,MIL,4017843,8
401070956,MIL,2528353,20
401070956,MIL,3057187,8
401070956,MIL,2489716,7
401070956,MIL,2578239,21
401070956,MIL,3058254,0
401070956,MIL,3952343,0
401070957,ORL,3064290,32
401070957,ORL,3074797,24
401070957,ORL,6478,28
401070957,ORL,6588,32
401070957,ORL,3415,24
401070957,ORL,3064517,6
401070957,ORL,4065654,21
401070957,ORL,2578240,6
401070957,ORL,4277919,15
401070957,ORL,6619,23
401070957,ORL,2531047,18
401070957,ORL,2579466,7
401070957,ORL,3936294,6
401070957,DEN,3015,24
401070957,DEN,4017839,32
401070957,DEN,3112335,23
401070957,DEN,2999547,25
401070957,DEN,3936299,36
401070957,DEN,3136196,18
401070957,DEN,3934662,5
401070957,DEN,2528693,5
401070957,DEN,2488653,21
401070957,DEN,3155536,5
401070957,DEN,3059310,26
401070957,DEN,3907822,15
401070957,DEN,3138256,5
401070958,POR,2982268,20
401070958,POR,4248,27
401070958,POR,3102530,28
401070958,POR,6606,35
401070958,POR,2490149,36
401070958,POR,3906671,3
401070958,POR,4066650,18
401070958,POR,6591,7
401070958,POR,6605,13
401070958,POR,4239,28
401070958,POR,2326307,12
401070958,POR,2991042,10
401070958,POR,3136696,3
401070958,GS,2386,25
401070958,GS,3202,38
401070958,GS,3064559,10
401070958,GS,2566745,30
401070958,GS,6475,33
401070958,GS,3998,21
401070958,GS,3064427,21
401070958,GS,3155535,21
401070958,GS,2595209,22
401070958,GS,2393,17
401070958,GS,3934621,3
401070959,UTAH,4257,24
401070959,UTAH,2968436,37
401070959,UTAH,3032976,34
401070959,UTAH,4011,25
401070959,UTAH,3908809,12
401070959,UTAH,6581,28
401070959,UTAH,3028,11
401070959,UTAH,2583632,26
401070959,UTAH,6429,22
401070959,UTAH,3102528,19
401070959,UTAH,3135045,3
401070959,UTAH,4261,0
401070959,UTAH,2968361,0
401070959,LAL,1966,35
401070959,LAL,3134907,29
401070959,LAL,3913176,37
401070959,LAL,3452,27
401070959,LAL,4066421,33
401070959,LAL,984,19
401070959,LAL,4244,18
401070959,LAL,2581018,27
401070959,LAL,3062679,14
401070959,LAL,3418,0
401070959,LAL,3150844,0
401070959,LAL,4017837,0
401070959,LAL,3133602,0
401070960,HOU,3033,42
401070960,HOU,2579321,30
401070960,HOU,3102529,40
401070960,HOU,3431,39
401070960,HOU,3992,44
401070960,HOU,3132042,22
401070960,HOU,4222252,3
401070960,HOU,2761,17
401070960,HOU,2596108,4
401070960,HOU,3907487,0
401070960,HOU,2779,0
401070960,CLE,3062744,38
401070960,CLE,3893016,23
401070960,CLE,6474,39
401070960,CLE,2581177,26
401070960,CLE,4277811,34
401070960,CLE,2580365,18
401070960,CLE,2011,19
401070960,CLE,2528426,28
401070960,CLE,3064511,14
401070960,CLE,2754,0
401070960,CLE,4017838,0
401070960,CLE,3438,0
401070961,NO,4247,13
401070961,NO,6459,40
401070961,NO,3064514,39
401070961,NO,3995,36
401070961,NO,6460,35
401070961,NO,3919335,17
401070961,NO,6610,31
401070961,NO,2489785,9
401070961,NO,4065651,21
401070961,NO,6583,0
401070961,NO,2488958,0
401070961,NO,3135048,0
401070961,NO,2488945,0
401070961,WSH,2594922,32
401070961,WSH,3934723,16
401070961,WSH,4237,34
401070961,WSH,6580,45
401070961,WSH,3133603,23
401070961,WSH,6461,28
401070961,WSH,3209,21
401070961,WSH,6617,27
401070961,WSH,6621,15
401070961,WSH,3232,0
401070961,WSH,4278508,0
401070961,WSH,2384,0
401070961,WSH,2774,0
401070962,CHI,3056600,39
401070962,CHI,2284101,40
401070962,CHI,4277847,32
401070962,CHI,2991047,34
401070962,CHI,3064440,38
401070962,CHI,3113587,1
401070962,CHI,3447,16
401070962,CHI,3064230,7
401070962,CHI,2991274,14
401070962,CHI,3907386,20
401070962,CHI,3149010,0
401070962,MIN,2490620,35
401070962,MIN,3986,23
401070962,MIN,3059319,29
401070962,MIN,3136195,37
401070962,MIN,4015,28
401070962,MIN,3032978,25
401070962,MIN,2534781,11
401070962,MIN,3456,31
401070962,MIN,3135046,20
401070962,MIN,4065663,1
401070962,MIN,3276,0
401070962,MIN,2429,0
401070962,MIN,2326411,0
401070963,DEN,3015,28
401070963,DEN,4017839,35
401070963,DEN,2528693,36
401070963,DEN,3112335,27
401070963,DEN,3936299,40
401070963,DEN,3136196,20
401070963,DEN,2488653,21
401070963,DEN,3059310,20
401070963,DEN,3907822,13
401070963,DEN,3934662,0
401070963,DEN,2999547,0
401070963,DEN,3138256,0
401070963,OKC,4251,40
401070963,OKC,2991070,31
401070963,OKC,2991235,37
401070963,OKC,3893019,21
401070963,OKC,3468,39
401070963,OKC,4264,9
401070963,OKC,3059358,14
401070963,OKC,2991280,11
401070963,OKC,2995702,8
401070963,OKC,3032979,30
401070963,OKC,2595435,0
401070963,OKC,2753,0
401070964,BOS,6462,30
401070964,BOS,4065648,36
401070964,BOS,3213,31
401070964,BOS,6442,35
401070964,BOS,3917376,30
401070964,BOS,3056602,19
401070964,BOS,2968439,17
401070964,BOS,2990992,25
401070964,BOS,3074752,17
401070964,BOS,4017844,0
401070964,BOS,2451037,0
401070964,BOS,4066211,0
401070964,BOS,6507,0
401070964,DAL,6578,30
401070964,DAL,2578185,30
401070964,DAL,3442,33
401070964,DAL,4032,33
401070964,DAL,3945274,31
401070964,DAL,2960236,23
401070964,DAL,2968458,8
401070964,DAL,2382,17
401070964,DAL,3055,26
401070964,DAL,3934672,9
401070964,DAL,2489693,0
401070965,SA,3974,31
401070965,SA,3005,31
401070965,SA,2983,31
401070965,SA,2994526,31
401070965,SA,3978,35
401070965,SA,4253,0
401070965,SA,6426,23
401070965,SA,3134908,14
401070965,SA,4004,23
401070965,SA,3190,17
401070965,SA,3078576,5
401070965,SA,3914283,0
401070965,MIL,6609,35
401070965,MIL,3032977,39
401070965,MIL,3448,29
401070965,MIL,4238,35
401070965,MIL,2566769,35
401070965,MIL,4017843,17
401070965,MIL,2528353,9
401070965,MIL,3057187,16
401070965,MIL,2489716,10
401070965,MIL,2578239,16
401070965,MIL,2767,0
401070965,MIL,3058254,0
401070965,MIL,3952343,0
401070966,SAC,4269,19
401070966,SAC,2991282,20
401070966,SAC,6468,27
401070966,SAC,2990984,33
401070966,SAC,4066259,34
401070966,SAC,4065649,11
401070966,SAC,3078286,8
401070966,SAC,3138156,20
401070966,SAC,4277848,34
401070966,SAC,3037789,28
401070966,SAC,3059315,7
401070966,SAC,2991018,0
401070966,SAC,2578213,0
401070966,GS,2386,32
401070966,GS,3202,40
401070966,GS,3064559,21
401070966,GS,2566745,29
401070966,GS,6475,36
401070966,GS,3998,21
401070966,GS,3064427,13
401070966,GS,3155535,13
401070966,GS,2595209,16
401070966,GS,2393,16
401070966,GS,3934621,1
401070967,ORL,3064290,31
401070967,ORL,3074797,5
401070967,ORL,6478,36
401070967,ORL,6588,28
401070967,ORL,3415,29
401070967,ORL,3064517,2
401070967,ORL,4065654,24
401070967,ORL,4277919,12
401070967,ORL,6619,29
401070967,ORL,2531047,19
401070967,ORL,2579466,25
401070967,ORL,2578240,0
401070967,ORL,3936294,0
401070967,LAL,1966,40
401070967,LAL,3134907,35
401070967,LAL,3913176,31
401070967,LAL,3452,24
401070967,LAL,4066421,29
401070967,LAL,984,15
401070967,LAL,4244,15
401070967,LAL,2581018,27
401070967,LAL,3062679,15
401070967,LAL,3133602,9
401070967,LAL,3418,0
401070967,LAL,3150844,0
401070967,LAL,4017837,0
401070968,PHX,2426,36
401070968,PHX,2982334,15
401070968,PHX,4278129,32
401070968,PHX,3136193,37
401070968,PHX,3147657,34
401070968,PHX,2993370,16
401070968,PHX,4412182,20
401070968,PHX,4066297,24
401070968,PHX,165,26
401070968,PHX,2490589,20
401070968,PHX,3412,0
401070968,PHX,4011991,0
401070968,PHX,2489530,0
401070968,PHX,4230550,0
401070968,DET,3989,35
401070968,DET,2991039,14
401070968,DET,2528779,31
401070968,DET,6585,31
401070968,DET,6443,31
401070968,DET,3134881,25
401070968,DET,2016,13
401070968,DET,4305,17
401070968,DET,2530572,27
401070968,DET,4065670,16
401070968,DET,6452,0
401070968,DET,3912334,0
401070968,DET,2806,0
401070969,CHA,2797,36
401070969,CHA,3416,28
401070969,CHA,2579258,28
401070969,CHA,6479,34
401070969,CHA,6603,30
401070969,CHA,2579294,12
401070969,CHA,4066383,19
401070969,CHA,3133601,15
401070969,CHA,3907821,15
401070969,CHA,4066262,24
401070969,CHA,6427,0
401070969,CHA,2999409,0
401070969,CHA,1015,0
401070969,ATL,2990962,33
401070969,ATL,3908845,30
401070969,ATL,2580913,22
401070969,ATL,4066372,22
401070969,ATL,4277905,30
401070969,ATL,4065836,13
401070969,ATL,6637,25
401070969,ATL,2596107,15
401070969,ATL,3062667,27
401070969,ATL,4299,21
401070969,ATL,2982340,0
401070969,ATL,6616,0
401070969,ATL,136,0
401070970,PHI,3194,35
401070970,PHI,6430,37
401070970,PHI,3059318,36
401070970,PHI,3024,33
401070970,PHI,3907387,38
401070970,PHI,2490089,16
401070970,PHI,3929325,7
401070970,PHI,2530530,18
401070970,PHI,3914044,19
401070970,PHI,2769,0
401070970,PHI,3915195,0
401070970,PHI,3059273,0
401070970,BKN,2528794,30
401070970,BKN,3064291,30
401070970,BKN,4066328,36
401070970,BKN,2531210,25
401070970,BKN,3136776,34
401070970,BKN,3970,18
401070970,BKN,3201,14
401070970,BKN,4259,10
401070970,BKN,2580782,29
401070970,BKN,2530780,14
401070970,BKN,6433,0
401070970,BKN,2595231,0
401070971,MIA,3999,19
401070971,MIA,4262,12
401070971,MIA,3981,23
401070971,MIA,2581190,34
401070971,MIA,2488826,35
401070971,MIA,3135047,30
401070971,MIA,2489663,16
401070971,MIA,4066261,36
401070971,MIA,1987,34
401070971,MIA,2184,0
401070971,MIA,3157465,0
401070971,MIA,3936099,0
401070971,TOR,3988,29
401070971,TOR,6450,36
401070971,TOR,3149673,31
401070971,TOR,6477,24
401070971,TOR,3012,35
401070971,TOR,3439,24
401070971,TOR,3934719,16
401070971,TOR,2778,13
401070971,TOR,2991230,19
401070971,TOR,3064447,13
401070971,TOR,4260,0
401070971,TOR,2528787,0
401070971,TOR,3934663,0
401070972,NY,3078284,31
401070972,NY,2995706,21
401070972,NY,6447,41
401070972,NY,2528210,38
401070972,NY,3892818,23
401070972,NY,4278075,7
401070972,NY,4351852,13
401070972,NY,2579260,29
401070972,NY,4230547,13
401070972,NY,3907525,23
401070972,NY,2991149,0
401070972,NY,2580349,0
401070972,MEM,2993874,34
401070972,MEM,4277961,30
401070972,MEM,3206,40
401070972,MEM,3195,39
401070972,MEM,4023,33
401070972,MEM,3554,4
401070972,MEM,2327577,19
401070972,MEM,6428,11
401070972,MEM,6454,19
401070972,MEM,3059316,11
401070972,MEM,3917378,0
401070972,MEM,3133838,0
401070972,MEM,3133635,0
401070973,UTAH,6581,26
401070973,UTAH,2583632,15
401070973,UTAH,2968436,28
401070973,UTAH,3032976,29
401070973,UTAH,4011,27
401070973,UTAH,3028,12
401070973,UTAH,4257,24
401070973,UTAH,4261,3
401070973,UTAH,2990969,3
401070973,UTAH,2968361,19
401070973,UTAH,6429,21
401070973,UTAH,3102528,20
401070973,UTAH,3135045,13
401070973,SAC,4269,18
401070973,SAC,2991282,23
401070973,SAC,2990984,32
401070973,SAC,3037789,34
401070973,SAC,4066259,26
401070973,SAC,4065649,20
401070973,SAC,3078286,5
401070973,SAC,3138156,21
401070973,SAC,4277848,30
401070973,SAC,3936296,5
401070973,SAC,2991018,5
401070973,SAC,2578213,5
401070973,SAC,3059315,18
401070974,LAC,3428,31
401070974,LAC,6440,36
401070974,LAC,2758,16
401070974,LAC,4240,34
401070974,LAC,4278073,30
401070974,LAC,6622,17
401070974,LAC,2991055,32
401070974,LAC,3964,21
401070974,LAC,2799,17
401070974,LAC,4192,7
401070974,LAC,4376,0
401070974,LAC,3064539,0
401070974,LAC,3002137,0
401070974,POR,4248,31
401070974,POR,6591,17
401070974,POR,3102530,15
401070974,POR,6606,41
401070974,POR,2490149,36
401070974,POR,4066650,19
401070974,POR,6605,24
401070974,POR,4239,27
401070974,POR,2326307,23
401070974,POR,2991042,7
401070974,POR,2982268,0
401070974,POR,3906671,0
401070974,POR,3136696,0
401070975,MIL,6609,39
401070975,MIL,3032977,40
401070975,MIL,3448,27
401070975,MIL,4238,36
401070975,MIL,2566769,37
401070975,MIL,4017843,6
401070975,MIL,2528353,8
401070975,MIL,3057187,7
401070975,MIL,2489716,6
401070975,MIL,2578239,26
401070975,MIL,3934673,11
401070975,MIL,3058254,0
401070975,MIL,3952343,0
401070975,CHA,2797,37
401070975,CHA,3416,34
401070975,CHA,2579258,19
401070975,CHA,6479,38
401070975,CHA,6603,37
401070975,CHA,6601,18
401070975,CHA,2579294,4
401070975,CHA,4066383,11
401070975,CHA,1015,21
401070975,CHA,4066262,21
401070975,CHA,2999409,0
401070975,CHA,3133601,0
401070975,CHA,3907821,0
401070976,MIN,2490620,39
401070976,MIN,3986,30
401070976,MIN,3059319,28
401070976,MIN,3136195,38
401070976,MIN,4015,36
401070976,MIN,3032978,18
401070976,MIN,2534781,10
401070976,MIN,3456,29
401070976,MIN,3135046,12
401070976,MIN,3276,0
401070976,MIN,2429,0
401070976,MIN,2326411,0
401070976,MIN,4065663,0
401070976,CLE,2580365,38
401070976,CLE,3893016,30
401070976,CLE,6474,40
401070976,CLE,2581177,35
401070976,CLE,4277811,39
401070976,CLE,4017838,5
401070976,CLE,2011,22
401070976,CLE,2528426,22
401070976,CLE,3064511,9
401070976,CLE,2754,0
401070976,CLE,3438,0
401070977,HOU,3033,43
401070977,HOU,2579321,31
401070977,HOU,3102529,38
401070977,HOU,3431,43
401070977,HOU,3992,47
401070977,HOU,3132042,19
401070977,HOU,2991155,28
401070977,HOU,3907487,5
401070977,HOU,4222252,7
401070977,HOU,2596108,3
401070977,HOU,2761,0
401070977,HOU,2779,0
401070977,WSH,2594922,37
401070977,WSH,3934723,12
401070977,WSH,4237,40
401070977,WSH,6580,50
401070977,WSH,3133603,20
401070977,WSH,6461,41
401070977,WSH,3209,29
401070977,WSH,6617,17
401070977,WSH,6621,19
401070977,WSH,2528473,0
401070977,WSH,3232,0
401070977,WSH,4278508,0
401070977,WSH,2774,0
401070978,SA,3974,23
401070978,SA,3005,17
401070978,SA,2983,30
401070978,SA,2994526,28
401070978,SA,3978,34
401070978,SA,6426,18
401070978,SA,3134908,18
401070978,SA,4004,23
401070978,SA,3190,24
401070978,SA,3078576,24
401070978,SA,3914283,0
401070978,SA,4253,0
401070978,CHI,3056600,36
401070978,CHI,2284101,37
401070978,CHI,4277847,24
401070978,CHI,2991047,36
401070978,CHI,3064440,35
401070978,CHI,3149010,19
401070978,CHI,3447,24
401070978,CHI,3064230,9
401070978,CHI,2991274,18
401070978,CHI,3907386,3
401070978,CHI,3113587,0
401070978,CHI,4066336,0
401070979,BOS,6462,30
401070979,BOS,4065648,35
401070979,BOS,3213,32
401070979,BOS,6442,32
401070979,BOS,2990992,40
401070979,BOS,3056602,6
401070979,BOS,4017844,2
401070979,BOS,4249,23
401070979,BOS,2968439,20
401070979,BOS,4066211,2
401070979,BOS,3074752,19
401070979,BOS,2451037,0
401070979,BOS,6507,0
401070979,NO,4247,17
401070979,NO,6459,37
401070979,NO,6583,37
401070979,NO,3995,37
401070979,NO,6460,26
401070979,NO,3064514,21
401070979,NO,3919335,2
401070979,NO,6610,30
401070979,NO,2488958,20
401070979,NO,2488945,5
401070979,NO,2489785,1
401070979,NO,4065651,6
401070979,NO,3135048,0
401070980,IND,3244,23
401070980,IND,3593,32
401070980,IND,3133628,25
401070980,IND,3973,26
401070980,IND,3983,23
401070980,IND,4066425,5
401070980,IND,2528588,23
401070980,IND,3155942,23
401070980,IND,6615,5
401070980,IND,4066424,2
401070980,IND,6446,27
401070980,IND,3136485,5
401070980,IND,3922230,22
401070980,UTAH,4257,24
401070980,UTAH,2583632,27
401070980,UTAH,2968436,29
401070980,UTAH,3032976,25
401070980,UTAH,4011,26
401070980,UTAH,6581,21
401070980,UTAH,3028,10
401070980,UTAH,4261,8
401070980,UTAH,2990969,8
401070980,UTAH,2968361,16
401070980,UTAH,6429,16
401070980,UTAH,3102528,16
401070980,UTAH,3135045,13
401070981,ORL,3064290,22
401070981,ORL,6478,33
401070981,ORL,6588,32
401070981,ORL,3415,29
401070981,ORL,2579466,28
401070981,ORL,3064517,1
401070981,ORL,3074797,3
401070981,ORL,4065654,30
401070981,ORL,4277919,15
401070981,ORL,6619,28
401070981,ORL,2531047,19
401070981,ORL,2578240,0
401070981,ORL,3936294,0
401070981,GS,2386,28
401070981,GS,3202,40
401070981,GS,3064559,16
401070981,GS,2566745,32
401070981,GS,6475,40
401070981,GS,3998,18
401070981,GS,3064427,12
401070981,GS,3155535,20
401070981,GS,2595209,14
401070981,GS,2393,20
401070981,GS,3934621,0
401070982,NY,3078284,19
401070982,NY,2995706,16
401070982,NY,6447,36
401070982,NY,2528210,31
401070982,NY,3892818,22
401070982,NY,4278075,16
401070982,NY,4351852,17
401070982,NY,2579260,15
401070982,NY,4230547,15
401070982,NY,2991149,23
401070982,NY,3907525,31
401070982,NY,2580349,0
401070982,DET,3989,36
401070982,DET,2991039,11
401070982,DET,2528779,30
401070982,DET,6585,30
401070982,DET,6443,27
401070982,DET,3134881,28
401070982,DET,2016,17
401070982,DET,4305,21
401070982,DET,2530572,22
401070982,DET,4065670,18
401070982,DET,6452,0
401070982,DET,3912334,0
401070982,DET,2806,0
401070983,ATL,2990962,32
401070983,ATL,3908845,29
401070983,ATL,2580913,22
401070983,ATL,4066372,19
401070983,ATL,4277905,31
401070983,ATL,2982340,2
401070983,ATL,4065836,20
401070983,ATL,6637,26
401070983,ATL,2596107,18
401070983,ATL,3062667,21
401070983,ATL,4299,19
401070983,ATL,6616,0
401070983,ATL,136,0
401070983,MIA,3999,19
401070983,MIA,4262,25
401070983,MIA,3981,32
401070983,MIA,2581190,36
401070983,MIA,2488826,36
401070983,MIA,3135047,26
401070983,MIA,2489663,21
401070983,MIA,3936099,6
401070983,MIA,4066261,14
401070983,MIA,1987,27
401070983,MIA,2184,0
401070983,MIA,3157465,0
401070984,TOR,3439,35
401070984,TOR,3988,28
401070984,TOR,6450,37
401070984,TOR,3149673,31
401070984,TOR,3012,37
401070984,TOR,3934719,17
401070984,TOR,6477,14
401070984,TOR,2778,5
401070984,TOR,2528787,0
401070984,TOR,2991230,22
401070984,TOR,3064447,14
401070984,TOR,3934663,0
401070984,MEM,2993874,34
401070984,MEM,4277961,19
401070984,MEM,3206,39
401070984,MEM,3195,35
401070984,MEM,4023,31
401070984,MEM,3554,17
401070984,MEM,2327577,27
401070984,MEM,6454,23
401070984,MEM,3059316,15
401070984,MEM,3917378,0
401070984,MEM,6466,0
401070984,MEM,6428,0
401070985,LAL,1966,30
401070985,LAL,3134907,31
401070985,LAL,3913176,30
401070985,LAL,3452,16
401070985,LAL,4066421,18
401070985,LAL,3418,13
401070985,LAL,984,20
401070985,LAL,3150844,4
401070985,LAL,4017837,7
401070985,LAL,4244,14
401070985,LAL,2581018,24
401070985,LAL,3062679,21
401070985,LAL,3133602,12
401070985,DEN,3015,23
401070985,DEN,4017839,24
401070985,DEN,2528693,20
401070985,DEN,3112335,23
401070985,DEN,3936299,34
401070985,DEN,3136196,25
401070985,DEN,3934662,5
401070985,DEN,2488653,21
401070985,DEN,3059310,27
401070985,DEN,3907822,36
401070985,DEN,3138256,3
401070985,DEN,2999547,0
401070986,IND,3244,28
401070986,IND,3593,24
401070986,IND,3133628,29
401070986,IND,3973,32
401070986,IND,3983,27
401070986,IND,4066425,9
401070986,IND,2528588,24
401070986,IND,3155942,23
401070986,IND,6446,27
401070986,IND,3922230,16
401070986,IND,6615,0
401070986,IND,4066424,0
401070986,IND,3136485,0
401070986,PHX,2426,29
401070986,PHX,2982334,39
401070986,PHX,4278129,31
401070986,PHX,3136193,36
401070986,PHX,3147657,23
401070986,PHX,2993370,17
401070986,PHX,4412182,21
401070986,PHX,4066297,22
401070986,PHX,165,22
401070986,PHX,2490589,21
401070986,PHX,3412,0
401070986,PHX,4011991,0
401070986,PHX,2489530,0
401070986,PHX,4230550,0
401070987,ATL,2990962,21
401070987,ATL,3908845,31
401070987,ATL,2580913,20
401070987,ATL,4066372,34
401070987,ATL,4277905,28
401070987,ATL,2982340,17
401070987,ATL,3147351,4
401070987,ATL,4065836,22
401070987,ATL,6637,25
401070987,ATL,6616,4
401070987,ATL,3062667,25
401070987,ATL,136,9
401070987,ATL,2596107,0
401070987,CHA,2797,22
401070987,CHA,3416,33
401070987,CHA,2579258,23
401070987,CHA,6479,34
401070987,CHA,6603,32
401070987,CHA,6601,16
401070987,CHA,2579294,20
401070987,CHA,4066383,21
401070987,CHA,2999409,2
401070987,CHA,3133601,2
401070987,CHA,1015,19
401070987,CHA,3907821,10
401070987,CHA,4066262,8
401070988,NY,3078284,18
401070988,NY,2995706,26
401070988,NY,6447,26
401070988,NY,2528210,27
401070988,NY,3892818,21
401070988,NY,4278075,23
401070988,NY,4351852,17
401070988,NY,2579260,16
401070988,NY,4230547,14
401070988,NY,2991149,24
401070988,NY,2580349,6
401070988,NY,3907525,22
401070988,PHI,3194,26
401070988,PHI,6430,25
401070988,PHI,3059318,30
401070988,PHI,3024,26
401070988,PHI,3907387,24
401070988,PHI,2769,9
401070988,PHI,2490089,25
401070988,PHI,3929325,23
401070988,PHI,2530530,25
401070988,PHI,3059273,6
401070988,PHI,3914044,22
401070989,UTAH,4257,25
401070989,UTAH,2968436,35
401070989,UTAH,3032976,33
401070989,UTAH,4011,32
401070989,UTAH,3908809,36
401070989,UTAH,6581,24
401070989,UTAH,2583632,29
401070989,UTAH,2990969,3
401070989,UTAH,2968361,15
401070989,UTAH,3102528,7
401070989,UTAH,3028,0
401070989,UTAH,4261,0
401070989,UTAH,3135045,0
401070989,BKN,2528794,29
401070989,BKN,3064291,28
401070989,BKN,4066328,29
401070989,BKN,2531210,26
401070989,BKN,3136776,35
401070989,BKN,3970,19
401070989,BKN,3201,18
401070989,BKN,4259,17
401070989,BKN,2580782,22
401070989,BKN,2530780,16
401070989,BKN,6433,0
401070989,BKN,4348696,0
401070989,BKN,4230548,0
401070990,DAL,6578,29
401070990,DAL,3442,24
401070990,DAL,4065697,31
401070990,DAL,4032,23
401070990,DAL,3945274,24
401070990,DAL,2531367,19
401070990,DAL,2578185,27
401070990,DAL,2960236,18
401070990,DAL,2968458,4
401070990,DAL,2382,15
401070990,DAL,3055,18
401070990,DAL,2489693,4
401070990,DAL,3934672,5
401070990,HOU,3033,35
401070990,HOU,2579321,32
401070990,HOU,3102529,33
401070990,HOU,3431,34
401070990,HOU,3992,37
401070990,HOU,3132042,20
401070990,HOU,2991155,23
401070990,HOU,3907487,7
401070990,HOU,4222252,11
401070990,HOU,2596108,7
401070990,HOU,2761,0
401070990,HOU,2779,0
401070991,CHI,3056600,33
401070991,CHI,2284101,41
401070991,CHI,4277847,24
401070991,CHI,2991047,38
401070991,CHI,3064440,36
401070991,CHI,3149010,16
401070991,CHI,3447,23
401070991,CHI,3064230,17
401070991,CHI,2991274,11
401070991,CHI,3113587,0
401070991,CHI,3907386,0
401070991,MIL,6609,31
401070991,MIL,3032977,34
401070991,MIL,3448,30
401070991,MIL,4238,29
401070991,MIL,2566769,29
401070991,MIL,2767,20
401070991,MIL,4017843,11
401070991,MIL,2528353,17
401070991,MIL,2578239,24
401070991,MIL,3934673,14
401070991,MIL,3952343,0
401070991,MIL,3057187,0
401070991,MIL,2489716,0
401070992,SA,3005,19
401070992,SA,2983,25
401070992,SA,2994526,21
401070992,SA,3978,28
401070992,SA,3078576,23
401070992,SA,3914283,12
401070992,SA,3974,22
401070992,SA,4253,12
401070992,SA,6426,17
401070992,SA,3134908,21
401070992,SA,4004,18
401070992,SA,3190,21
401070992,MIN,2490620,31
401070992,MIN,3986,24
401070992,MIN,3059319,30
401070992,MIN,3136195,28
401070992,MIN,4015,24
401070992,MIN,3276,7
401070992,MIN,2429,7
401070992,MIN,3032978,17
401070992,MIN,2326411,5
401070992,MIN,2534781,15
401070992,MIN,3456,18
401070992,MIN,3135046,24
401070992,MIN,4065663,10
401070993,WSH,2594922,25
401070993,WSH,3934723,14
401070993,WSH,4237,26
401070993,WSH,6580,35
401070993,WSH,3133603,35
401070993,WSH,6461,32
401070993,WSH,3209,19
401070993,WSH,3137798,4
401070993,WSH,4278508,4
401070993,WSH,6617,24
401070993,WSH,6621,22
401070993,WSH,3232,0
401070993,WSH,2774,0
401070993,NO,6459,28
401070993,NO,6583,34
401070993,NO,2488945,37
401070993,NO,3995,36
401070993,NO,6460,27
401070993,NO,4247,9
401070993,NO,3064514,26
401070993,NO,3919335,6
401070993,NO,6610,14
401070993,NO,2488958,17
401070993,NO,3135048,2
401070993,NO,2489785,3
401070993,NO,3133626,2
401070994,CLE,2580365,36
401070994,CLE,3893016,40
401070994,CLE,6474,35
401070994,CLE,2581177,35
401070994,CLE,4277811,38
401070994,CLE,4017838,13
401070994,CLE,2528426,32
401070994,CLE,3064511,12
401070994,CLE,2754,0
401070994,CLE,2991184,0
401070994,CLE,3062744,0
401070994,CLE,3438,0
401070994,OKC,4251,25
401070994,OKC,2991070,34
401070994,OKC,2991235,33
401070994,OKC,3468,37
401070994,OKC,2995702,27
401070994,OKC,4264,13
401070994,OKC,2595435,7
401070994,OKC,3059358,16
401070994,OKC,2991280,14
401070994,OKC,3947078,1
401070994,OKC,3893019,4
401070994,OKC,2753,6
401070994,OKC,3032979,23
401070995,ORL,4065654,30
401070995,ORL,6478,29
401070995,ORL,6588,36
401070995,ORL,3415,23
401070995,ORL,2579466,23
401070995,ORL,3064517,18
401070995,ORL,3074797,12
401070995,ORL,4277919,19
401070995,ORL,6619,26
401070995,ORL,2531047,25
401070995,ORL,2578240,0
401070995,ORL,3913546,0
401070995,ORL,3936294,0
401070995,POR,4248,27
401070995,POR,6591,13
401070995,POR,3102530,33
401070995,POR,6606,37
401070995,POR,2490149,35
401070995,POR,4066650,21
401070995,POR,6605,15
401070995,POR,4239,26
401070995,POR,2326307,14
401070995,POR,2991042,19
401070995,POR,2982268,0
401070995,POR,3906671,0
401070995,POR,3136696,0
401070996,PHX,2426,39
401070996,PHX,2982334,34
401070996,PHX,4278129,30
401070996,PHX,3136193,35
401070996,PHX,3147657,15
401070996,PHX,2993370,18
401070996,PHX,4066297,20
401070996,PHX,165,16
401070996,PHX,4230550,32
401070996,PHX,3412,0
401070996,PHX,4011991,0
401070996,PHX,2489530,0
401070996,LAC,3428,33
401070996,LAC,6440,35
401070996,LAC,4376,19
401070996,LAC,4240,29
401070996,LAC,4278073,29
401070996,LAC,6622,14
401070996,LAC,2991055,29
401070996,LAC,3964,18
401070996,LAC,2799,22
401070996,LAC,3064539,12
401070996,LAC,2758,0
401070996,LAC,4192,0
401070996,LAC,3002137,0
401070997,GS,2386,36
401070997,GS,3202,43
401070997,GS,3064559,11
401070997,GS,2566745,21
401070997,GS,6475,44
401070997,GS,3998,33
401070997,GS,3064427,16
401070997,GS,3155535,26
401070997,GS,2595209,18
401070997,GS,2393,17
401070997,GS,3934621,0
401070997,TOR,3439,37
401070997,TOR,3988,39
401070997,TOR,6450,44
401070997,TOR,3149673,42
401070997,TOR,3012,41
401070997,TOR,3934719,16
401070997,TOR,6477,16
401070997,TOR,2778,3
401070997,TOR,2991230,15
401070997,TOR,3064447,12
401070997,TOR,4260,0
401070997,TOR,2528787,0
401070997,TOR,3934663,0
401070998,IND,3244,33
401070998,IND,3593,38
401070998,IND,3133628,30
401070998,IND,3973,27
401070998,IND,3983,25
401070998,IND,2528588,18
401070998,IND,3155942,29
401070998,IND,6446,27
401070998,IND,3922230,13
401070998,IND,4066425,0
401070998,IND,6615,0
401070998,IND,4066424,0
401070998,IND,3136485,0
401070998,LAL,1966,38
401070998,LAL,3134907,33
401070998,LAL,3913176,31
401070998,LAL,3452,22
401070998,LAL,4066421,34
401070998,LAL,3418,9
401070998,LAL,984,26
401070998,LAL,4244,5
401070998,LAL,2581018,18
401070998,LAL,3062679,25
401070998,LAL,3150844,0
401070998,LAL,4017837,0
401070998,LAL,3133602,0
401070999,LAC,3428,33
401070999,LAC,6440,33
401070999,LAC,2758,18
401070999,LAC,4240,32
401070999,LAC,4278073,32
401070999,LAC,6622,15
401070999,LAC,2991055,27
401070999,LAC,3964,16
401070999,LAC,2799,19
401070999,LAC,3064539,9
401070999,LAC,4192,6
401070999,LAC,3002137,0
401070999,LAC,4376,0
401070999,SAC,4269,19
401070999,SAC,2991282,30
401070999,SAC,6468,22
401070999,SAC,2990984,30
401070999,SAC,4066259,32
401070999,SAC,4065649,7
401070999,SAC,3078286,23
401070999,SAC,3138156,12
401070999,SAC,4277848,27
401070999,SAC,2991018,1
401070999,SAC,3037789,35
401070999,SAC,3059315,2
401070999,SAC,2578213,0
401071000,CLE,2580365,31
401071000,CLE,3893016,34
401071000,CLE,6474,28
401071000,CLE,2581177,22
401071000,CLE,4277811,33
401071000,CLE,2754,7
401071000,CLE,4017838,20
401071000,CLE,6429,26
401071000,CLE,2528426,22
401071000,CLE,3064511,16
401071000,CLE,3438,0
401071000,BOS,6462,26
401071000,BOS,4065648,20
401071000,BOS,2968439,23
401071000,BOS,6442,27
401071000,BOS,2990992,29
401071000,BOS,3056602,15
401071000,BOS,4017844,15
401071000,BOS,4249,24
401071000,BOS,2451037,17
401071000,BOS,4066211,8
401071000,BOS,6507,9
401071000,BOS,3074752,21
401071000,BOS,3923250,6
401071001,UTAH,4257,19
401071001,UTAH,2968436,24
401071001,UTAH,3032976,38
401071001,UTAH,4011,33
401071001,UTAH,3908809,34
401071001,UTAH,6581,33
401071001,UTAH,3028,3
401071001,UTAH,2583632,25
401071001,UTAH,2968361,9
401071001,UTAH,2011,22
401071001,UTAH,4261,0
401071001,UTAH,3102528,0
401071001,UTAH,3135045,0
401071001,CHA,2797,33
401071001,CHA,3416,31
401071001,CHA,2579258,7
401071001,CHA,6479,37
401071001,CHA,6603,38
401071001,CHA,6601,24
401071001,CHA,2579294,16
401071001,CHA,4066383,16
401071001,CHA,3133601,1
401071001,CHA,1015,33
401071001,CHA,4066262,6
401071001,CHA,2999409,0
401071001,CHA,3907821,0
401071002,CHI,3056600,31
401071002,CHI,2284101,34
401071002,CHI,4277847,29
401071002,CHI,2991047,27
401071002,CHI,3064440,33
401071002,CHI,3113587,3
401071002,CHI,3149010,19
401071002,CHI,3447,18
401071002,CHI,3064230,25
401071002,CHI,2991274,18
401071002,CHI,3907386,3
401071002,DET,3989,31
401071002,DET,2991039,13
401071002,DET,2528779,32
401071002,DET,6585,30
401071002,DET,6443,27
401071002,DET,3134881,19
401071002,DET,2016,18
401071002,DET,4305,26
401071002,DET,2530572,20
401071002,DET,3912334,2
401071002,DET,4065670,23
401071002,DET,6452,0
401071002,DET,2806,0
401071003,WSH,3209,22
401071003,WSH,3934723,19
401071003,WSH,4237,25
401071003,WSH,6580,19
401071003,WSH,3133603,23
401071003,WSH,6461,22
401071003,WSH,3232,12
401071003,WSH,3137798,15
401071003,WSH,4278508,21
401071003,WSH,2774,10
401071003,WSH,6617,29
401071003,WSH,6621,23
401071003,PHI,3194,22
401071003,PHI,6430,25
401071003,PHI,3059318,22
401071003,PHI,3024,19
401071003,PHI,3907387,25
401071003,PHI,2769,15
401071003,PHI,2490089,32
401071003,PHI,3915195,11
401071003,PHI,3929325,20
401071003,PHI,2530530,22
401071003,PHI,3914044,27
401071004,MEM,2993874,25
401071004,MEM,4277961,43
401071004,MEM,3206,47
401071004,MEM,3195,46
401071004,MEM,4023,43
401071004,MEM,3554,15
401071004,MEM,2327577,26
401071004,MEM,6428,11
401071004,MEM,6454,34
401071004,MEM,3917378,0
401071004,MEM,6466,0
401071004,MEM,2489563,0
401071004,MEM,3059316,0
401071004,BKN,3064291,38
401071004,BKN,4066328,39
401071004,BKN,2580782,43
401071004,BKN,2531210,23
401071004,BKN,3136776,45
401071004,BKN,3970,39
401071004,BKN,3201,20
401071004,BKN,4259,19
401071004,BKN,2530780,24
401071004,BKN,6433,0
401071004,BKN,2595231,0
401071004,BKN,4230548,0
401071005,NO,6459,29
401071005,NO,6583,41
401071005,NO,2488945,24
401071005,NO,3995,40
401071005,NO,6460,26
401071005,NO,4247,8
401071005,NO,3064514,26
401071005,NO,3919335,6
401071005,NO,6610,8
401071005,NO,2488958,19
401071005,NO,2489785,14
401071005,NO,3135048,0
401071005,NO,3133626,0
401071005,MIA,3999,19
401071005,MIA,4262,20
401071005,MIA,3981,34
401071005,MIA,2581190,36
401071005,MIA,2488826,27
401071005,MIA,3135047,24
401071005,MIA,2489663,25
401071005,MIA,4066261,28
401071005,MIA,1987,27
401071005,MIA,2184,0
401071005,MIA,3936099,0
401071005,MIA,2530276,0
401071006,ATL,2990962,34
401071006,ATL,3908845,33
401071006,ATL,2580913,17
401071006,ATL,4066372,25
401071006,ATL,4277905,28
401071006,ATL,2982340,11
401071006,ATL,4065836,15
401071006,ATL,6637,23
401071006,ATL,6616,7
401071006,ATL,2596107,23
401071006,ATL,3062667,19
401071006,ATL,3915560,4
401071006,ATL,136,0
401071006,OKC,4251,29
401071006,OKC,2991070,27
401071006,OKC,2991235,32
401071006,OKC,3468,31
401071006,OKC,2995702,26
401071006,OKC,4264,21
401071006,OKC,2595435,9
401071006,OKC,3059358,20
401071006,OKC,2991280,16
401071006,OKC,3893019,2
401071006,OKC,3032979,28
401071006,OKC,2753,0
401071006,OKC,4080610,0
401071007,HOU,3033,24
401071007,HOU,2579321,12
401071007,HOU,3102529,30
401071007,HOU,2779,28
401071007,HOU,3992,28
401071007,HOU,3132042,18
401071007,HOU,2991155,24
401071007,HOU,3907487,14
401071007,HOU,4222252,3
401071007,HOU,2761,24
401071007,HOU,3431,26
401071007,HOU,2596108,9
401071007,HOU,1713,0
401071007,SA,3974,18
401071007,SA,3005,25
401071007,SA,2983,30
401071007,SA,2994526,21
401071007,SA,3978,27
401071007,SA,3914283,5
401071007,SA,4253,12
401071007,SA,6426,18
401071007,SA,3134908,13
401071007,SA,4004,21
401071007,SA,3190,16
401071007,SA,3078576,33
401071008,ORL,3064290,34
401071008,ORL,6478,32
401071008,ORL,6588,32
401071008,ORL,3415,29
401071008,ORL,2579466,20
401071008,ORL,4065654,26
401071008,ORL,4277919,16
401071008,ORL,6619,31
401071008,ORL,2531047,19
401071008,ORL,3064517,0
401071008,ORL,3074797,0
401071008,ORL,2578240,0
401071008,ORL,3936294,0
401071008,PHX,2426,34
401071008,PHX,4278129,32
401071008,PHX,4066297,38
401071008,PHX,3147657,20
401071008,PHX,4230550,29
401071008,PHX,3412,20
401071008,PHX,2993370,16
401071008,PHX,165,31
401071008,PHX,2489530,16
401071008,PHX,4066436,4
401071008,PHX,4011991,0
401071008,PHX,3136193,0
401071009,DAL,6578,34
401071009,DAL,3442,30
401071009,DAL,4065697,28
401071009,DAL,4032,29
401071009,DAL,3945274,32
401071009,DAL,2531367,17
401071009,DAL,2578185,23
401071009,DAL,2968458,3
401071009,DAL,2382,21
401071009,DAL,3055,17
401071009,DAL,2489693,3
401071009,DAL,3934672,3
401071009,DAL,2960236,0
401071009,LAL,1966,31
401071009,LAL,3134907,37
401071009,LAL,3913176,40
401071009,LAL,3452,20
401071009,LAL,4066421,28
401071009,LAL,3418,5
401071009,LAL,984,22
401071009,LAL,3150844,1
401071009,LAL,4244,6
401071009,LAL,2581018,24
401071009,LAL,3062679,23
401071009,LAL,3133602,2
401071009,LAL,4017837,0
401071010,DEN,3015,36
401071010,DEN,4017839,29
401071010,DEN,3112335,32
401071010,DEN,2999547,36
401071010,DEN,3936299,36
401071010,DEN,3136196,13
401071010,DEN,2528693,1
401071010,DEN,2488653,14
401071010,DEN,3059310,30
401071010,DEN,3907822,13
401071010,DEN,3934662,0
401071010,DEN,3057198,0
401071010,POR,4248,29
401071010,POR,6591,14
401071010,POR,3102530,29
401071010,POR,6606,40
401071010,POR,2490149,38
401071010,POR,4066650,11
401071010,POR,6605,26
401071010,POR,4239,27
401071010,POR,2326307,17
401071010,POR,2991042,10
401071010,POR,2982268,0
401071010,POR,3906671,0
401071010,POR,3136696,0
401071011,MIL,6609,19
401071011,MIL,3032977,42
401071011,MIL,3448,28
401071011,MIL,4238,37
401071011,MIL,2566769,37
401071011,MIL,4017843,13
401071011,MIL,2528353,19
401071011,MIL,3057187,22
401071011,MIL,2578239,36
401071011,MIL,3934673,13
401071011,MIL,3058254,0
401071011,MIL,3952343,0
401071011,MIL,2489716,0
401071011,NY,3078284,35
401071011,NY,2995706,12
401071011,NY,6447,27
401071011,NY,2528210,47
401071011,NY,3892818,36
401071011,NY,4278075,37
401071011,NY,3064560,0
401071011,NY,4351852,20
401071011,NY,2579260,1
401071011,NY,2991149,33
401071011,NY,3907525,17
401071011,NY,4230547,0
401071011,NY,3445,0
401071012,GS,3202,40
401071012,GS,3998,23
401071012,GS,3064559,20
401071012,GS,3975,37
401071012,GS,6475,36
401071012,GS,2386,21
401071012,GS,3064427,14
401071012,GS,3155535,21
401071012,GS,2566745,7
401071012,GS,2595209,6
401071012,GS,2393,14
401071012,GS,3934621,1
401071012,DET,3989,34
401071012,DET,2991039,15
401071012,DET,2528779,32
401071012,DET,6585,33
401071012,DET,6443,27
401071012,DET,3134881,23
401071012,DET,2016,12
401071012,DET,4305,22
401071012,DET,2530572,28
401071012,DET,2806,1
401071012,DET,4065670,15
401071012,DET,6452,0
401071012,DET,3912334,0
401071013,BKN,3064291,28
401071013,BKN,4066328,25
401071013,BKN,2580782,28
401071013,BKN,2531210,33
401071013,BKN,3136776,25
401071013,BKN,3970,21
401071013,BKN,6433,4
401071013,BKN,4348696,4
401071013,BKN,3201,16
401071013,BKN,4230548,14
401071013,BKN,4259,10
401071013,BKN,2530780,25
401071013,BKN,3138154,4
401071013,WSH,2594922,38
401071013,WSH,3934723,19
401071013,WSH,4237,37
401071013,WSH,6621,26
401071013,WSH,6580,43
401071013,WSH,6461,29
401071013,WSH,4278508,2
401071013,WSH,6617,25
401071013,WSH,3133603,22
401071013,WSH,3232,0
401071013,WSH,2774,0
401071014,TOR,3439,31
401071014,TOR,3988,32
401071014,TOR,6450,37
401071014,TOR,3149673,33
401071014,TOR,2991230,33
401071014,TOR,3934719,22
401071014,TOR,6477,18
401071014,TOR,2778,15
401071014,TOR,3064447,20
401071014,TOR,4260,0
401071014,TOR,3012,0
401071014,TOR,2528787,0
401071014,TOR,3934663,0
401071014,CLE,3893016,35
401071014,CLE,6474,40
401071014,CLE,3438,19
401071014,CLE,2581177,42
401071014,CLE,4277811,26
401071014,CLE,2754,3
401071014,CLE,2580365,22
401071014,CLE,6429,24
401071014,CLE,2528426,29
401071014,CLE,4017838,0
401071014,CLE,3064511,0
401071015,CHI,3056600,32
401071015,CHI,2284101,26
401071015,CHI,4277847,33
401071015,CHI,2991047,27
401071015,CHI,3064440,35
401071015,CHI,3113587,4
401071015,CHI,4066336,26
401071015,CHI,3149010,16
401071015,CHI,3447,8
401071015,CHI,3064230,18
401071015,CHI,2991274,12
401071015,CHI,3907386,4
401071015,HOU,3033,31
401071015,HOU,2579321,25
401071015,HOU,3102529,33
401071015,HOU,2779,31
401071015,HOU,3992,30
401071015,HOU,3132042,3
401071015,HOU,2991155,17
401071015,HOU,3907487,3
401071015,HOU,1713,12
401071015,HOU,4222252,3
401071015,HOU,2761,17
401071015,HOU,3431,31
401071015,HOU,2596108,3
401071016,BOS,6462,27
401071016,BOS,4065648,35
401071016,BOS,3213,32
401071016,BOS,6442,35
401071016,BOS,2990992,28
401071016,BOS,3056602,8
401071016,BOS,4249,30
401071016,BOS,2451037,8
401071016,BOS,2968439,17
401071016,BOS,4066211,0
401071016,BOS,3074752,21
401071016,BOS,4017844,0
401071016,BOS,6507,0
401071016,MIN,2490620,38
401071016,MIN,3986,23
401071016,MIN,3059319,33
401071016,MIN,3136195,38
401071016,MIN,4015,33
401071016,MIN,3032978,20
401071016,MIN,2534781,10
401071016,MIN,3456,29
401071016,MIN,3135046,15
401071016,MIN,3276,0
401071016,MIN,2429,0
401071016,MIN,2326411,0
401071016,MIN,4065663,0
401071017,IND,3244,25
401071017,IND,3593,37
401071017,IND,3133628,32
401071017,IND,3973,34
401071017,IND,3983,29
401071017,IND,2528588,22
401071017,IND,3155942,24
401071017,IND,6446,30
401071017,IND,3922230,7
401071017,IND,4066425,0
401071017,IND,6615,0
401071017,IND,4066424,0
401071017,IND,3136485,0
401071017,SAC,4269,20
401071017,SAC,2991282,34
401071017,SAC,6468,28
401071017,SAC,2990984,34
401071017,SAC,4066259,37
401071017,SAC,3078286,16
401071017,SAC,3138156,25
401071017,SAC,3444,15
401071017,SAC,3037789,31
401071017,SAC,4065649,0
401071017,SAC,2991018,0
401071017,SAC,2578213,0
401071017,SAC,3059315,0
401071018,PHX,2426,31
401071018,PHX,4278129,25
401071018,PHX,4066297,30
401071018,PHX,3136193,17
401071018,PHX,3147657,31
401071018,PHX,3412,8
401071018,PHX,2993370,23
401071018,PHX,4011991,5
401071018,PHX,165,17
401071018,PHX,2489530,15
401071018,PHX,4066436,8
401071018,PHX,4230550,30
401071018,LAL,1966,31
401071018,LAL,3134907,29
401071018,LAL,3913176,28
401071018,LAL,3452,21
401071018,LAL,4066421,31
401071018,LAL,3418,13
401071018,LAL,984,17
401071018,LAL,3150844,10
401071018,LAL,4017837,4
401071018,LAL,4244,10
401071018,LAL,2581018,22
401071018,LAL,3062679,18
401071018,LAL,3133602,7
401071019,NO,4247,15
401071019,NO,6459,30
401071019,NO,6583,37
401071019,NO,2488945,38
401071019,NO,3995,32
401071019,NO,3064514,21
401071019,NO,3919335,2
401071019,NO,6610,24
401071019,NO,2488958,28
401071019,NO,3135048,4
401071019,NO,2489785,10
401071019,NO,6460,0
401071019,NO,4065651,0
401071019,CHA,2797,11
401071019,CHA,3416,14
401071019,CHA,2999409,14
401071019,CHA,6479,33
401071019,CHA,6603,33
401071019,CHA,6601,20
401071019,CHA,2579294,25
401071019,CHA,4066383,29
401071019,CHA,6427,5
401071019,CHA,3133601,18
401071019,CHA,1015,24
401071019,CHA,3907821,6
401071019,CHA,4066262,10
401071020,UTAH,6581,34
401071020,UTAH,2968436,29
401071020,UTAH,3032976,37
401071020,UTAH,4011,36
401071020,UTAH,3908809,38
401071020,UTAH,3028,7
401071020,UTAH,4257,18
401071020,UTAH,2583632,19
401071020,UTAH,2968361,3
401071020,UTAH,2011,17
401071020,UTAH,3102528,2
401071020,UTAH,4261,0
401071020,UTAH,3135045,0
401071020,MIA,3999,19
401071020,MIA,4262,34
401071020,MIA,3981,37
401071020,MIA,2581190,39
401071020,MIA,2488826,5
401071020,MIA,3135047,32
401071020,MIA,2489663,29
401071020,MIA,4066261,14
401071020,MIA,1987,30
401071020,MIA,2184,0
401071020,MIA,3936099,0
401071020,MIA,2530276,0
401071021,MEM,2993874,28
401071021,MEM,4277961,23
401071021,MEM,3206,38
401071021,MEM,3195,33
401071021,MEM,4023,31
401071021,MEM,3917378,4
401071021,MEM,3554,15
401071021,MEM,2327577,25
401071021,MEM,6428,21
401071021,MEM,6454,21
401071021,MEM,2489563,0
401071021,MEM,3059316,0
401071021,MEM,3133635,0
401071021,PHI,6430,33
401071021,PHI,2490089,28
401071021,PHI,3059318,38
401071021,PHI,3024,30
401071021,PHI,3907387,37
401071021,PHI,2769,10
401071021,PHI,3929325,15
401071021,PHI,2530530,31
401071021,PHI,3914044,18
401071021,PHI,3915195,0
401071021,PHI,3059273,0
401071022,LAC,3428,34
401071022,LAC,6440,36
401071022,LAC,2758,20
401071022,LAC,4240,36
401071022,LAC,4278073,24
401071022,LAC,6622,15
401071022,LAC,4376,1
401071022,LAC,2991055,24
401071022,LAC,3964,17
401071022,LAC,2799,26
401071022,LAC,3064539,5
401071022,LAC,4192,1
401071022,LAC,3002137,0
401071022,DAL,6578,38
401071022,DAL,2578185,34
401071022,DAL,3442,34
401071022,DAL,4065697,32
401071022,DAL,4032,31
401071022,DAL,2531367,16
401071022,DAL,2968458,6
401071022,DAL,2382,17
401071022,DAL,3055,27
401071022,DAL,3934672,5
401071022,DAL,2489693,0
401071023,POR,4248,36
401071023,POR,6591,34
401071023,POR,3102530,31
401071023,POR,6606,41
401071023,POR,2490149,39
401071023,POR,4066650,11
401071023,POR,6605,13
401071023,POR,2326307,16
401071023,POR,2991042,18
401071023,POR,2982268,0
401071023,POR,3136696,0
401071023,POR,4277843,0
401071023,POR,4351851,0
401071023,SA,3005,35
401071023,SA,6426,27
401071023,SA,2983,34
401071023,SA,2994526,23
401071023,SA,3978,38
401071023,SA,3914283,0
401071023,SA,3974,11
401071023,SA,4253,0
401071023,SA,3134908,13
401071023,SA,4004,25
401071023,SA,3078576,33
401071023,SA,996,0
401071023,SA,3190,0
401071024,OKC,4251,31
401071024,OKC,2991070,24
401071024,OKC,4230546,27
401071024,OKC,2991235,28
401071024,OKC,3468,29
401071024,OKC,4264,19
401071024,OKC,2595435,5
401071024,OKC,3059358,8
401071024,OKC,2991280,20
401071024,OKC,2753,7
401071024,OKC,2995702,18
401071024,OKC,3032979,25
401071024,OKC,4080610,0
401071024,DET,3989,30
401071024,DET,2991039,32
401071024,DET,2528779,3
401071024,DET,6585,23
401071024,DET,6443,28
401071024,DET,6452,9
401071024,DET,3134881,14
401071024,DET,2016,14
401071024,DET,4305,21
401071024,DET,2530572,25
401071024,DET,2806,9
401071024,DET,3913174,12
401071024,DET,4065670,20
401071025,GS,2386,22
401071025,GS,3202,34
401071025,GS,3155535,29
401071025,GS,3975,29
401071025,GS,6475,32
401071025,GS,3998,24
401071025,GS,3064427,19
401071025,GS,3934670,4
401071025,GS,2566745,13
401071025,GS,2595209,12
401071025,GS,2393,18
401071025,GS,3934621,4
401071025,ATL,2990962,27
401071025,ATL,3908845,30
401071025,ATL,2580913,31
401071025,ATL,4066372,27
401071025,ATL,4277905,25
401071025,ATL,2982340,4
401071025,ATL,4065836,8
401071025,ATL,6637,19
401071025,ATL,6616,4
401071025,ATL,2596107,4
401071025,ATL,3062667,20
401071025,ATL,136,17
401071025,ATL,4299,24
401071026,CLE,3893016,28
401071026,CLE,6474,34
401071026,CLE,3438,35
401071026,CLE,2581177,34
401071026,CLE,4277811,32
401071026,CLE,2579476,4
401071026,CLE,2580365,16
401071026,CLE,6429,29
401071026,CLE,2528426,28
401071026,CLE,2754,0
401071026,CLE,4017838,0
401071026,BKN,3064291,22
401071026,BKN,4066328,32
401071026,BKN,2580782,32
401071026,BKN,2531210,33
401071026,BKN,3136776,33
401071026,BKN,3970,23
401071026,BKN,3201,18
401071026,BKN,4230548,14
401071026,BKN,4259,16
401071026,BKN,2530780,18
401071026,BKN,6433,0
401071026,BKN,4348696,0
401071026,BKN,2528794,0
401071027,WSH,2594922,32
401071027,WSH,3934723,19
401071027,WSH,4237,37
401071027,WSH,6621,24
401071027,WSH,6580,38
401071027,WSH,6461,24
401071027,WSH,3209,15
401071027,WSH,2774,5
401071027,WSH,6617,14
401071027,WSH,3133603,32
401071027,WSH,2528473,0
401071027,WSH,3232,0
401071027,WSH,4278508,0
401071027,NY,3078284,31
401071027,NY,2995706,20
401071027,NY,6447,25
401071027,NY,2528210,30
401071027,NY,3892818,36
401071027,NY,4278075,28
401071027,NY,4351852,14
401071027,NY,2991149,24
401071027,NY,3445,16
401071027,NY,3907525,15
401071027,NY,3064560,0
401071027,NY,4230547,0
401071027,NY,2580349,0
401071028,DEN,3015,30
401071028,DEN,4017839,29
401071028,DEN,3112335,36
401071028,DEN,2999547,9
401071028,DEN,3936299,41
401071028,DEN,3136196,12
401071028,DEN,2528693,17
401071028,DEN,2488653,19
401071028,DEN,3059310,22
401071028,DEN,3907822,27
401071028,DEN,3934662,0
401071028,DEN,3057198,0
401071028,TOR,3439,31
401071028,TOR,3988,31
401071028,TOR,6450,35
401071028,TOR,3149673,29
401071028,TOR,3012,34
401071028,TOR,3934719,12
401071028,TOR,6477,18
401071028,TOR,2778,16
401071028,TOR,2991230,18
401071028,TOR,3064447,15
401071028,TOR,4260,0
401071028,TOR,2528787,0
401071028,TOR,3934663,0
401071029,HOU,3033,37
401071029,HOU,2579321,25
401071029,HOU,3102529,38
401071029,HOU,2779,36
401071029,HOU,3992,37
401071029,HOU,2991155,12
401071029,HOU,1713,10
401071029,HOU,2761,11
401071029,HOU,3431,34
401071029,HOU,3132042,0
401071029,HOU,3907487,0
401071029,HOU,4222252,0
401071029,HOU,2596108,0
401071029,MIN,2490620,39
401071029,MIN,3986,27
401071029,MIN,3059319,34
401071029,MIN,3136195,33
401071029,MIN,4015,36
401071029,MIN,3032978,21
401071029,MIN,2534781,13
401071029,MIN,3456,25
401071029,MIN,3135046,12
401071029,MIN,3276,0
401071029,MIN,2429,0
401071029,MIN,2326411,0
401071029,MIN,4065663,0
401071030,LAC,3428,31
401071030,LAC,6440,35
401071030,LAC,2758,21
401071030,LAC,4240,29
401071030,LAC,4278073,23
401071030,LAC,6622,17
401071030,LAC,2991055,27
401071030,LAC,3964,21
401071030,LAC,2799,24
401071030,LAC,3064539,0
401071030,LAC,3002137,11
401071030,LAC,4376,0
401071030,LAC,4192,0
401071030,NO,6583,39
401071030,NO,3064514,39
401071030,NO,2488945,29
401071030,NO,3995,42
401071030,NO,6460,20
401071030,NO,4247,17
401071030,NO,6610,25
401071030,NO,2488958,29
401071030,NO,6459,0
401071030,NO,3919335,0
401071030,NO,3135048,0
401071030,NO,2489785,0
401071030,NO,4065651,0
401071031,CHI,2284101,41
401071031,CHI,4066336,32
401071031,CHI,4277847,31
401071031,CHI,2991047,29
401071031,CHI,3064440,34
401071031,CHI,3056600,29
401071031,CHI,3149010,9
401071031,CHI,3064230,20
401071031,CHI,2991274,14
401071031,CHI,3113587,0
401071031,CHI,3447,0
401071031,CHI,3907386,0
401071031,IND,3244,30
401071031,IND,3593,33
401071031,IND,3133628,34
401071031,IND,3973,35
401071031,IND,3983,24
401071031,IND,2528588,17
401071031,IND,3155942,28
401071031,IND,6446,26
401071031,IND,3922230,12
401071031,IND,4066425,0
401071031,IND,4067045,0
401071031,IND,6615,0
401071031,IND,3136485,0
401071032,ORL,3064290,35
401071032,ORL,6478,33
401071032,ORL,6588,27
401071032,ORL,3415,28
401071032,ORL,2579466,21
401071032,ORL,4065654,31
401071032,ORL,4277919,15
401071032,ORL,6619,30
401071032,ORL,2531047,20
401071032,ORL,3064517,0
401071032,ORL,3074797,0
401071032,ORL,2578240,0
401071032,ORL,3936294,0
401071032,MIA,3999,20
401071032,MIA,4262,25
401071032,MIA,3981,18
401071032,MIA,2581190,32
401071032,MIA,2488826,27
401071032,MIA,3135047,32
401071032,MIA,2489663,28
401071032,MIA,4066261,23
401071032,MIA,1987,22
401071032,MIA,2530276,13
401071032,MIA,2184,0
401071032,MIA,3936099,0
401071033,POR,4248,34
401071033,POR,6591,23
401071033,POR,3102530,30
401071033,POR,6606,38
401071033,POR,2490149,40
401071033,POR,4066650,17
401071033,POR,6605,6
401071033,POR,4239,30
401071033,POR,2326307,9
401071033,POR,2991042,15
401071033,POR,2982268,0
401071033,POR,3906671,0
401071033,POR,3136696,0
401071033,DAL,6578,32
401071033,DAL,3442,31
401071033,DAL,4065697,31
401071033,DAL,4032,31
401071033,DAL,3945274,32
401071033,DAL,2531367,16
401071033,DAL,2578185,17
401071033,DAL,2960236,16
401071033,DAL,2382,17
401071033,DAL,3055,17
401071033,DAL,2968458,0
401071033,DAL,2489693,0
401071033,DAL,3934672,0
401071034,SAC,4269,21
401071034,SAC,2991282,19
401071034,SAC,6468,23
401071034,SAC,2990984,18
401071034,SAC,4066259,27
401071034,SAC,4065649,10
401071034,SAC,3078286,22
401071034,SAC,3138156,20
401071034,SAC,3444,19
401071034,SAC,2991018,11
401071034,SAC,2578213,10
401071034,SAC,3037789,21
401071034,SAC,3059315,20
401071034,PHX,2426,27
401071034,PHX,4278129,21
401071034,PHX,4066297,27
401071034,PHX,3147657,34
401071034,PHX,4230550,26
401071034,PHX,3412,5
401071034,PHX,2993370,22
401071034,PHX,4011991,12
401071034,PHX,165,22
401071034,PHX,2489530,21
401071034,PHX,4066436,23
401071035,SA,3005,19
401071035,SA,6426,25
401071035,SA,2983,22
401071035,SA,2994526,20
401071035,SA,3978,24
401071035,SA,3914283,13
401071035,SA,3974,21
401071035,SA,4253,15
401071035,SA,3134908,19
401071035,SA,4004,17
401071035,SA,3190,23
401071035,SA,3078576,21
401071035,UTAH,4257,23
401071035,UTAH,2968436,27
401071035,UTAH,3032976,29
401071035,UTAH,4011,29
401071035,UTAH,3908809,25
401071035,UTAH,6581,21
401071035,UTAH,3028,17
401071035,UTAH,4261,6
401071035,UTAH,2583632,17
401071035,UTAH,2990969,5
401071035,UTAH,2968361,15
401071035,UTAH,2011,15
401071035,UTAH,3102528,11
401071036,GS,2386,22
401071036,GS,3202,34
401071036,GS,3155535,25
401071036,GS,3975,34
401071036,GS,6475,32
401071036,GS,3998,22
401071036,GS,2530923,13
401071036,GS,3064427,18
401071036,GS,3934670,6
401071036,GS,2566745,16
401071036,GS,2393,16
401071036,GS,3934621,3
401071036,CLE,3893016,33
401071036,CLE,6474,30
401071036,CLE,3438,25
401071036,CLE,2581177,31
401071036,CLE,4277811,35
401071036,CLE,2754,3
401071036,CLE,2579476,3
401071036,CLE,2580365,24
401071036,CLE,2982240,3
401071036,CLE,6429,23
401071036,CLE,2528426,30
401071037,DEN,3015,33
401071037,DEN,4017839,37
401071037,DEN,2528693,25
401071037,DEN,3112335,35
401071037,DEN,3936299,46
401071037,DEN,3136196,19
401071037,DEN,2488653,20
401071037,DEN,3059310,20
401071037,DEN,3907822,31
401071037,DEN,3934662,0
401071037,DEN,3057198,0
401071037,DEN,3138256,0
401071037,ORL,3064290,39
401071037,ORL,6478,37
401071037,ORL,6588,38
401071037,ORL,3415,31
401071037,ORL,2579466,25
401071037,ORL,4065654,25
401071037,ORL,4277919,16
401071037,ORL,6619,32
401071037,ORL,2531047,22
401071037,ORL,3064517,0
401071037,ORL,3074797,0
401071037,ORL,2578240,0
401071037,ORL,3936294,0
401071038,WSH,2594922,43
401071038,WSH,3934723,21
401071038,WSH,6617,34
401071038,WSH,6621,38
401071038,WSH,6580,42
401071038,WSH,6461,23
401071038,WSH,2528473,1
401071038,WSH,3232,6
401071038,WSH,4278508,7
401071038,WSH,3133603,25
401071038,WSH,2774,0
401071038,ATL,3908845,32
401071038,ATL,6637,35
401071038,ATL,2580913,22
401071038,ATL,4066372,27
401071038,ATL,4277905,33
401071038,ATL,2982340,2
401071038,ATL,6616,7
401071038,ATL,2596107,10
401071038,ATL,3062667,27
401071038,ATL,136,22
401071038,ATL,4299,4
401071038,ATL,3915560,20
401071038,ATL,4065836,0
401071039,OKC,4251,37
401071039,OKC,2991070,27
401071039,OKC,4230546,26
401071039,OKC,2991235,31
401071039,OKC,3468,40
401071039,OKC,4264,7
401071039,OKC,3059358,4
401071039,OKC,2991280,14
401071039,OKC,2995702,19
401071039,OKC,3032979,30
401071039,OKC,4080610,5
401071039,OKC,2595435,0
401071039,OKC,2753,0
401071039,BKN,2528794,34
401071039,BKN,3064291,22
401071039,BKN,4066328,28
401071039,BKN,2531210,37
401071039,BKN,3136776,30
401071039,BKN,3970,19
401071039,BKN,3201,20
401071039,BKN,4259,20
401071039,BKN,2580782,30
401071039,BKN,2530780,0
401071039,BKN,6433,0
401071039,BKN,4230548,0
401071040,PHI,3194,26
401071040,PHI,6430,38
401071040,PHI,3059318,36
401071040,PHI,3024,35
401071040,PHI,3907387,34
401071040,PHI,2490089,23
401071040,PHI,3929325,7
401071040,PHI,2530530,23
401071040,PHI,3914044,17
401071040,PHI,3155533,0
401071040,PHI,2769,0
401071040,TOR,3439,24
401071040,TOR,3988,32
401071040,TOR,6450,35
401071040,TOR,3149673,31
401071040,TOR,3012,33
401071040,TOR,3934719,18
401071040,TOR,4260,6
401071040,TOR,6477,18
401071040,TOR,2778,10
401071040,TOR,2528787,1
401071040,TOR,2991230,19
401071040,TOR,3064447,13
401071041,LAC,3428,34
401071041,LAC,6440,33
401071041,LAC,2758,15
401071041,LAC,4240,33
401071041,LAC,4278073,29
401071041,LAC,6622,13
401071041,LAC,4376,13
401071041,LAC,2991055,26
401071041,LAC,3964,17
401071041,LAC,2799,25
401071041,LAC,3002137,3
401071041,LAC,3064539,0
401071041,LAC,4192,0
401071041,MEM,2993874,28
401071041,MEM,4277961,21
401071041,MEM,3206,33
401071041,MEM,3195,34
401071041,MEM,4023,19
401071041,MEM,3554,20
401071041,MEM,2327577,29
401071041,MEM,3224,13
401071041,MEM,6428,16
401071041,MEM,6454,27
401071041,MEM,3917378,0
401071041,MEM,3133838,0
401071041,MEM,3059316,0
401071042,DET,3989,30
401071042,DET,2991039,9
401071042,DET,6585,30
401071042,DET,6443,24
401071042,DET,2530572,23
401071042,DET,6452,7
401071042,DET,3134881,27
401071042,DET,2016,18
401071042,DET,4305,15
401071042,DET,3912334,11
401071042,DET,2806,13
401071042,DET,3913174,7
401071042,DET,4065670,26
401071042,MIL,3032977,26
401071042,MIL,2528353,25
401071042,MIL,3448,26
401071042,MIL,4238,26
401071042,MIL,2566769,21
401071042,MIL,3058254,7
401071042,MIL,3136491,6
401071042,MIL,3952343,6
401071042,MIL,4017843,21
401071042,MIL,3057187,19
401071042,MIL,2489716,20
401071042,MIL,2578239,19
401071042,MIL,3934673,17
401071043,CHA,3416,37
401071043,CHA,6601,23
401071043,CHA,2579258,33
401071043,CHA,6479,30
401071043,CHA,6603,30
401071043,CHA,2579294,22
401071043,CHA,4066383,21
401071043,CHA,6427,4
401071043,CHA,2999409,2
401071043,CHA,3133601,2
401071043,CHA,1015,15
401071043,CHA,3907821,2
401071043,CHA,4066262,18
401071043,MIN,2490620,33
401071043,MIN,3986,25
401071043,MIN,3059319,34
401071043,MIN,3136195,36
401071043,MIN,4015,34
401071043,MIN,3276,2
401071043,MIN,3032978,21
401071043,MIN,2326411,2
401071043,MIN,2534781,12
401071043,MIN,3456,26
401071043,MIN,3135046,14
401071043,MIN,4065663,2
401071043,MIN,2429,0
401071044,DAL,6578,24
401071044,DAL,2578185,29
401071044,DAL,3442,24
401071044,DAL,4032,25
401071044,DAL,3945274,22
401071044,DAL,2531367,24
401071044,DAL,2960236,24
401071044,DAL,2382,9
401071044,DAL,3055,18
401071044,DAL,2489693,16
401071044,DAL,3934672,25
401071044,NO,6583,34
401071044,NO,3064514,35
401071044,NO,2488958,23
401071044,NO,2488945,23
401071044,NO,3995,34
401071044,NO,4247,4
401071044,NO,3919335,23
401071044,NO,6610,26
401071044,NO,3135048,4
401071044,NO,6460,26
401071044,NO,2489785,4
401071044,NO,3064511,4
401071044,NO,6459,0
401071045,SA,3974,34
401071045,SA,3005,35
401071045,SA,2983,32
401071045,SA,2994526,21
401071045,SA,3978,41
401071045,SA,6426,14
401071045,SA,3134908,15
401071045,SA,4004,21
401071045,SA,3190,8
401071045,SA,3078576,19
401071045,SA,3914283,0
401071045,SA,4253,0
401071045,LAL,1966,40
401071045,LAL,3134907,39
401071045,LAL,3913176,5
401071045,LAL,3452,19
401071045,LAL,4066421,40
401071045,LAL,3418,4
401071045,LAL,984,28
401071045,LAL,4244,12
401071045,LAL,2581018,28
401071045,LAL,3062679,13
401071045,LAL,3133602,12
401071045,LAL,3150844,0
401071045,LAL,4017837,0
401071046,NY,3078284,34
401071046,NY,2995706,18
401071046,NY,6447,24
401071046,NY,2528210,33
401071046,NY,3892818,34
401071046,NY,4278075,25
401071046,NY,3064560,3
401071046,NY,4351852,21
401071046,NY,2991149,20
401071046,NY,3445,10
401071046,NY,3907525,18
401071046,NY,4230547,0
401071046,NY,2580349,0
401071046,BOS,6462,30
401071046,BOS,4065648,26
401071046,BOS,3213,28
401071046,BOS,6442,30
401071046,BOS,2990992,24
401071046,BOS,3056602,3
401071046,BOS,4017844,3
401071046,BOS,4249,25
401071046,BOS,2451037,17
401071046,BOS,2968439,2
401071046,BOS,6507,3
401071046,BOS,3074752,24
401071046,BOS,3917376,25
401071047,PHX,2993370,21
401071047,PHX,2426,23
401071047,PHX,4066297,26
401071047,PHX,3147657,23
401071047,PHX,4230550,28
401071047,PHX,4011991,25
401071047,PHX,4278129,27
401071047,PHX,165,19
401071047,PHX,2489530,22
401071047,PHX,4066436,26
401071047,PHX,3412,0
401071047,POR,4248,25
401071047,POR,6591,15
401071047,POR,3102530,23
401071047,POR,6606,28
401071047,POR,2326307,17
401071047,POR,2982268,26
401071047,POR,3906671,7
401071047,POR,4066650,26
401071047,POR,6605,11
401071047,POR,4239,19
401071047,POR,2991042,28
401071047,POR,3136696,7
401071047,POR,4277843,7
401071048,HOU,3033,18
401071048,HOU,2579321,28
401071048,HOU,3102529,26
401071048,HOU,2779,25
401071048,HOU,3992,28
401071048,HOU,3132042,15
401071048,HOU,2991155,24
401071048,HOU,1713,13
401071048,HOU,2761,26
401071048,HOU,3431,24
401071048,HOU,2596108,12
401071048,HOU,3907487,0
401071048,UTAH,6581,26
401071048,UTAH,2968436,26
401071048,UTAH,3032976,3
401071048,UTAH,4011,24
401071048,UTAH,3908809,26
401071048,UTAH,3028,15
401071048,UTAH,4257,26
401071048,UTAH,4261,19
401071048,UTAH,2583632,23
401071048,UTAH,2968361,9
401071048,UTAH,2011,14
401071048,UTAH,3102528,22
401071048,UTAH,3135045,8
401071049,DEN,3015,19
401071049,DEN,4017839,37
401071049,DEN,2528693,19
401071049,DEN,3112335,33
401071049,DEN,3936299,37
401071049,DEN,3136196,19
401071049,DEN,2488653,20
401071049,DEN,3059310,25
401071049,DEN,3907822,33
401071049,DEN,3934662,0
401071049,DEN,3057198,0
401071049,DEN,3138256,0
401071049,CHA,2797,33
401071049,CHA,3416,26
401071049,CHA,2579258,32
401071049,CHA,6479,36
401071049,CHA,6603,21
401071049,CHA,6601,15
401071049,CHA,2579294,16
401071049,CHA,4066383,16
401071049,CHA,1015,22
401071049,CHA,4066262,22
401071049,CHA,2999409,0
401071049,CHA,3133601,0
401071049,CHA,3907821,0
401071050,PHI,2769,16
401071050,PHI,3194,37
401071050,PHI,6430,39
401071050,PHI,3024,34
401071050,PHI,3907387,40
401071050,PHI,3155533,2
401071050,PHI,2490089,30
401071050,PHI,3929325,4
401071050,PHI,2530530,21
401071050,PHI,3914044,16
401071050,PHI,3912332,0
401071050,DET,3989,38
401071050,DET,2991039,16
401071050,DET,6585,34
401071050,DET,6443,34
401071050,DET,4065670,32
401071050,DET,6452,10
401071050,DET,2016,14
401071050,DET,2530572,31
401071050,DET,2806,14
401071050,DET,3913174,18
401071050,DET,3906522,0
401071050,DET,3134881,0
401071050,DET,3912334,0
401071051,IND,3244,31
401071051,IND,3593,29
401071051,IND,3133628,21
401071051,IND,3973,26
401071051,IND,3983,23
401071051,IND,4066425,16
401071051,IND,2528588,14
401071051,IND,4067045,3
401071051,IND,6615,27
401071051,IND,6446,25
401071051,IND,3136485,3
401071051,IND,3922230,22
401071051,ORL,3064290,34
401071051,ORL,6478,26
401071051,ORL,6588,29
401071051,ORL,3415,22
401071051,ORL,2579466,22
401071051,ORL,3064517,4
401071051,ORL,3074797,4
401071051,ORL,4065654,21
401071051,ORL,2578240,4
401071051,ORL,4277919,18
401071051,ORL,6619,26
401071051,ORL,2531047,26
401071051,ORL,3936294,4
401071052,TOR,3988,34
401071052,TOR,6450,38
401071052,TOR,3149673,37
401071052,TOR,6477,26
401071052,TOR,3012,36
401071052,TOR,3439,20
401071052,TOR,3934719,17
401071052,TOR,2778,14
401071052,TOR,2991230,27
401071052,TOR,3064447,17
401071052,TOR,4260,0
401071052,TOR,2528787,0
401071052,TOR,3934663,0
401071052,BKN,2528794,36
401071052,BKN,3064291,36
401071052,BKN,4066328,32
401071052,BKN,2531210,25
401071052,BKN,3136776,32
401071052,BKN,3970,28
401071052,BKN,3201,11
401071052,BKN,4230548,14
401071052,BKN,4259,21
401071052,BKN,2580782,31
401071052,BKN,6433,0
401071052,BKN,2530780,0
401071053,SAC,4269,30
401071053,SAC,2991282,27
401071053,SAC,6468,23
401071053,SAC,2990984,33
401071053,SAC,4066259,29
401071053,SAC,3078286,4
401071053,SAC,3138156,23
401071053,SAC,4277848,25
401071053,SAC,3444,14
401071053,SAC,2991018,3
401071053,SAC,3037789,23
401071053,SAC,3059315,7
401071053,SAC,4065649,0
401071053,CLE,2580365,31
401071053,CLE,3893016,32
401071053,CLE,6474,30
401071053,CLE,2581177,15
401071053,CLE,4277811,35
401071053,CLE,2754,4
401071053,CLE,2579476,5
401071053,CLE,2982240,17
401071053,CLE,4017838,5
401071053,CLE,6429,38
401071053,CLE,2528426,30
401071054,OKC,4251,36
401071054,OKC,2991070,34
401071054,OKC,4230546,26
401071054,OKC,2991235,31
401071054,OKC,3468,35
401071054,OKC,4264,11
401071054,OKC,2991280,15
401071054,OKC,2995702,15
401071054,OKC,3032979,27
401071054,OKC,4080610,10
401071054,OKC,2595435,0
401071054,OKC,3059358,0
401071054,OKC,2753,0
401071054,CHI,2284101,36
401071054,CHI,4066336,28
401071054,CHI,4277847,21
401071054,CHI,2991047,33
401071054,CHI,3064440,36
401071054,CHI,3056600,23
401071054,CHI,3149010,12
401071054,CHI,3447,23
401071054,CHI,3064230,12
401071054,CHI,2991274,15
401071054,CHI,3113587,0
401071054,CHI,3907386,0
401071055,MEM,2993874,33
401071055,MEM,4277961,15
401071055,MEM,3206,33
401071055,MEM,3195,35
401071055,MEM,4023,33
401071055,MEM,3554,11
401071055,MEM,2327577,28
401071055,MEM,3224,17
401071055,MEM,6428,15
401071055,MEM,6454,23
401071055,MEM,2489563,0
401071055,MEM,3059316,0
401071055,NO,6583,36
401071055,NO,3064514,35
401071055,NO,2488958,30
401071055,NO,2488945,29
401071055,NO,3995,39
401071055,NO,6459,20
401071055,NO,3919335,5
401071055,NO,6610,20
401071055,NO,6460,25
401071055,NO,4247,0
401071055,NO,3135048,0
401071055,NO,2489785,0
401071055,NO,3064511,0
401071056,LAL,1966,37
401071056,LAL,3134907,39
401071056,LAL,3452,24
401071056,LAL,3062679,36
401071056,LAL,4066421,38
401071056,LAL,3418,8
401071056,LAL,984,19
401071056,LAL,4244,0
401071056,LAL,2581018,27
401071056,LAL,3133602,11
401071056,LAL,4348697,1
401071056,LAL,3150844,0
401071056,LAL,4017837,0
401071056,SA,3974,27
401071056,SA,3005,26
401071056,SA,2983,23
401071056,SA,2994526,18
401071056,SA,3978,36
401071056,SA,3914283,1
401071056,SA,4253,1
401071056,SA,6426,21
401071056,SA,3134908,24
401071056,SA,4004,29
401071056,SA,3190,27
401071056,SA,3078576,8
401071057,MIA,3999,17
401071057,MIA,4066261,32
401071057,MIA,3423,21
401071057,MIA,2581190,39
401071057,MIA,2488826,29
401071057,MIA,3135047,31
401071057,MIA,2489663,22
401071057,MIA,3936099,7
401071057,MIA,1987,21
401071057,MIA,2530276,22
401071057,MIA,2184,0
401071057,MIA,4262,0
401071057,PHX,2426,33
401071057,PHX,4278129,29
401071057,PHX,4066297,24
401071057,PHX,3147657,35
401071057,PHX,4066436,25
401071057,PHX,2993370,19
401071057,PHX,165,22
401071057,PHX,2489530,32
401071057,PHX,4230550,22
401071057,PHX,3412,0
401071057,PHX,3064320,0
401071057,PHX,4011991,0
401071057,PHX,3912854,0
401071058,GS,2386,28
401071058,GS,3202,37
401071058,GS,3155535,28
401071058,GS,3975,36
401071058,GS,6475,35
401071058,GS,3998,25
401071058,GS,2530923,17
401071058,GS,3064427,16
401071058,GS,2566745,0
401071058,GS,2393,19
401071058,GS,3934670,0
401071058,GS,3934621,0
401071058,MIL,6609,27
401071058,MIL,3032977,34
401071058,MIL,3448,34
401071058,MIL,4238,29
401071058,MIL,2566769,31
401071058,MIL,2767,13
401071058,MIL,4017843,12
401071058,MIL,2528353,21
401071058,MIL,3057187,16
401071058,MIL,2578239,22
401071058,MIL,3136491,0
401071058,MIL,3934673,0
401071058,MIL,4277842,0
401071059,HOU,3033,39
401071059,HOU,2579321,24
401071059,HOU,3102529,31
401071059,HOU,2779,38
401071059,HOU,3992,37
401071059,HOU,2991155,9
401071059,HOU,1713,17
401071059,HOU,2761,13
401071059,HOU,3431,32
401071059,HOU,3132042,0
401071059,HOU,3907487,0
401071059,HOU,2596108,0
401071059,DAL,6578,37
401071059,DAL,3442,32
401071059,DAL,4032,31
401071059,DAL,3934672,30
401071059,DAL,3945274,32
401071059,DAL,2531367,16
401071059,DAL,2578185,28
401071059,DAL,2382,16
401071059,DAL,3055,18
401071059,DAL,2968458,0
401071059,DAL,2489693,0
401071060,SAC,4269,27
401071060,SAC,2991282,31
401071060,SAC,2990984,32
401071060,SAC,3037789,33
401071060,SAC,4066259,32
401071060,SAC,4065649,1
401071060,SAC,3078286,13
401071060,SAC,3138156,25
401071060,SAC,4277848,10
401071060,SAC,3444,18
401071060,SAC,2991018,1
401071060,SAC,2578213,1
401071060,SAC,3059315,15
401071060,IND,3244,38
401071060,IND,3593,28
401071060,IND,3133628,31
401071060,IND,3973,32
401071060,IND,3983,21
401071060,IND,4066425,2
401071060,IND,2528588,19
401071060,IND,3155942,24
401071060,IND,6446,28
401071060,IND,3922230,16
401071060,IND,4067045,0
401071060,IND,6615,0
401071060,IND,3136485,0
401071061,DEN,4017839,40
401071061,DEN,3136196,38
401071061,DEN,2528693,32
401071061,DEN,3112335,33
401071061,DEN,3936299,24
401071061,DEN,2488653,19
401071061,DEN,3059310,30
401071061,DEN,3907822,23
401071061,DEN,3934662,0
401071061,DEN,3155536,0
401071061,DEN,3057198,0
401071061,DEN,3138256,0
401071061,ATL,3908845,33
401071061,ATL,6637,33
401071061,ATL,2580913,30
401071061,ATL,4066372,36
401071061,ATL,4277905,32
401071061,ATL,2982340,3
401071061,ATL,2596107,17
401071061,ATL,3062667,19
401071061,ATL,136,16
401071061,ATL,3133874,5
401071061,ATL,3915560,16
401071062,WSH,2594922,29
401071062,WSH,3934723,11
401071062,WSH,4237,26
401071062,WSH,6621,27
401071062,WSH,6580,33
401071062,WSH,6461,31
401071062,WSH,3209,20
401071062,WSH,2774,15
401071062,WSH,6617,24
401071062,WSH,3133603,23
401071062,WSH,2991184,0
401071062,CLE,2982240,20
401071062,CLE,3893016,39
401071062,CLE,6474,42
401071062,CLE,6429,34
401071062,CLE,4277811,40
401071062,CLE,2579476,14
401071062,CLE,2580365,27
401071062,CLE,2528426,23
401071062,CLE,2754,0
401071062,CLE,4017838,0
401071062,CLE,2581177,0
401071063,BKN,2528794,27
401071063,BKN,3064291,32
401071063,BKN,4066328,26
401071063,BKN,2531210,32
401071063,BKN,3136776,30
401071063,BKN,3970,24
401071063,BKN,3201,7
401071063,BKN,4230548,13
401071063,BKN,4259,20
401071063,BKN,2580782,30
401071063,BKN,6433,0
401071063,BKN,2530780,0
401071063,NY,3078284,21
401071063,NY,2995706,27
401071063,NY,6447,26
401071063,NY,2528210,23
401071063,NY,3892818,26
401071063,NY,4278075,20
401071063,NY,4351852,21
401071063,NY,4230547,16
401071063,NY,2991149,30
401071063,NY,3445,3
401071063,NY,3907525,27
401071063,NY,3064560,0
401071063,NY,2580349,0
401071064,BOS,6462,25
401071064,BOS,4065648,21
401071064,BOS,2451037,32
401071064,BOS,6442,23
401071064,BOS,2990992,21
401071064,BOS,3056602,14
401071064,BOS,4017844,16
401071064,BOS,4249,26
401071064,BOS,6507,7
401071064,BOS,3074752,25
401071064,BOS,3917376,28
401071064,BOS,3213,0
401071064,CHI,2284101,20
401071064,CHI,4066336,18
401071064,CHI,4277847,14
401071064,CHI,2991047,20
401071064,CHI,3064440,19
401071064,CHI,3056600,27
401071064,CHI,3113587,17
401071064,CHI,3149010,21
401071064,CHI,3447,13
401071064,CHI,3064230,25
401071064,CHI,2991274,29
401071064,CHI,3907386,18
401071065,LAL,1966,32
401071065,LAL,3134907,34
401071065,LAL,3452,22
401071065,LAL,3062679,36
401071065,LAL,4066421,23
401071065,LAL,984,22
401071065,LAL,3150844,4
401071065,LAL,4017837,3
401071065,LAL,4244,15
401071065,LAL,2581018,21
401071065,LAL,3133602,23
401071065,LAL,4348697,4
401071065,LAL,3418,0
401071065,MEM,2993874,26
401071065,MEM,4277961,27
401071065,MEM,3206,28
401071065,MEM,3195,30
401071065,MEM,4023,18
401071065,MEM,3554,13
401071065,MEM,2327577,19
401071065,MEM,3224,18
401071065,MEM,6428,12
401071065,MEM,6454,22
401071065,MEM,2489563,7
401071065,MEM,3059316,21
401071065,MEM,6466,0
401071066,MIN,3986,25
401071066,MIN,3059319,33
401071066,MIN,3136195,30
401071066,MIN,3456,37
401071066,MIN,4015,32
401071066,MIN,3032978,23
401071066,MIN,2534781,18
401071066,MIN,3135046,17
401071066,MIN,4065663,26
401071066,MIN,3276,0
401071066,MIN,2490620,0
401071066,MIN,2429,0
401071066,MIN,2326411,0
401071066,POR,4248,36
401071066,POR,6591,24
401071066,POR,3102530,29
401071066,POR,6606,36
401071066,POR,2490149,33
401071066,POR,2982268,15
401071066,POR,4066650,22
401071066,POR,6605,10
401071066,POR,4239,24
401071066,POR,2991042,12
401071066,POR,3906671,0
401071066,POR,2326307,0
401071066,POR,3136696,0
401071067,MIA,3135047,39
401071067,MIA,3999,29
401071067,MIA,4066261,29
401071067,MIA,2488826,40
401071067,MIA,2530276,7
401071067,MIA,2184,8
401071067,MIA,2489663,30
401071067,MIA,3936099,25
401071067,MIA,1987,32
401071067,MIA,4262,0
401071067,MIA,3423,0
401071067,MIA,2581190,0
401071067,LAC,3428,33
401071067,LAC,6440,36
401071067,LAC,4376,13
401071067,LAC,4240,37
401071067,LAC,4278073,19
401071067,LAC,6622,13
401071067,LAC,2991055,29
401071067,LAC,3964,24
401071067,LAC,2799,28
401071067,LAC,3064539,1
401071067,LAC,3002137,7
401071067,LAC,2758,0
401071067,LAC,4192,0
401071068,NO,6583,26
401071068,NO,3064514,34
401071068,NO,2488958,27
401071068,NO,2488945,34
401071068,NO,3995,40
401071068,NO,6459,30
401071068,NO,3919335,10
401071068,NO,6610,22
401071068,NO,6460,16
401071068,NO,4247,0
401071068,NO,3135048,0
401071068,NO,2489785,0
401071068,NO,3064511,0
401071068,DET,3989,38
401071068,DET,2991039,15
401071068,DET,6585,35
401071068,DET,6443,26
401071068,DET,4065670,19
401071068,DET,6452,13
401071068,DET,2016,11
401071068,DET,2530572,37
401071068,DET,2806,22
401071068,DET,3913174,26
401071068,DET,3906522,0
401071068,DET,3912334,0
401071069,MIL,6609,34
401071069,MIL,3032977,37
401071069,MIL,3448,33
401071069,MIL,4238,33
401071069,MIL,2566769,32
401071069,MIL,2767,17
401071069,MIL,4017843,8
401071069,MIL,2528353,20
401071069,MIL,3057187,22
401071069,MIL,2578239,5
401071069,MIL,3232,0
401071069,MIL,3438,0
401071069,MIL,3934673,0
401071069,TOR,3439,32
401071069,TOR,3988,34
401071069,TOR,6450,37
401071069,TOR,3149673,25
401071069,TOR,3012,34
401071069,TOR,3934719,12
401071069,TOR,6477,13
401071069,TOR,2778,14
401071069,TOR,2991230,27
401071069,TOR,3064447,10
401071069,TOR,4260,0
401071069,TOR,2528787,0
401071069,TOR,3934663,0
401071070,UTAH,4257,24
401071070,UTAH,2968436,28
401071070,UTAH,3032976,34
401071070,UTAH,4011,36
401071070,UTAH,3908809,35
401071070,UTAH,6581,19
401071070,UTAH,3028,14
401071070,UTAH,4261,0
401071070,UTAH,2583632,25
401071070,UTAH,2968361,6
401071070,UTAH,2011,15
401071070,UTAH,3102528,3
401071070,UTAH,3135045,0
401071070,SA,3005,34
401071070,SA,2983,29
401071070,SA,2994526,31
401071070,SA,3978,38
401071070,SA,3078576,30
401071070,SA,3914283,6
401071070,SA,4253,0
401071070,SA,3914285,0
401071070,SA,3134908,19
401071070,SA,4004,28
401071070,SA,3190,24
401071070,SA,3974,0
401071070,SA,6426,0
401071071,CHA,2797,27
401071071,CHA,3416,24
401071071,CHA,2579258,26
401071071,CHA,6479,31
401071071,CHA,6603,28
401071071,CHA,6601,23
401071071,CHA,2579294,12
401071071,CHA,4066383,23
401071071,CHA,2999409,4
401071071,CHA,3133601,6
401071071,CHA,1015,17
401071071,CHA,4066262,20
401071071,CHA,6427,0
401071071,NY,3078284,30
401071071,NY,2995706,5
401071071,NY,6447,18
401071071,NY,2528210,35
401071071,NY,3892818,19
401071071,NY,4278075,41
401071071,NY,4351852,19
401071071,NY,4230547,20
401071071,NY,2991149,31
401071071,NY,3445,13
401071071,NY,2580349,9
401071071,NY,3064560,0
401071071,NY,3907525,0
401071072,WSH,2594922,7
401071072,WSH,3934723,20
401071072,WSH,6617,35
401071072,WSH,6621,28
401071072,WSH,6580,44
401071072,WSH,6461,21
401071072,WSH,3209,31
401071072,WSH,2991184,10
401071072,WSH,2774,7
401071072,WSH,3133603,37
401071072,WSH,4237,0
401071072,IND,3244,37
401071072,IND,3593,37
401071072,IND,3133628,39
401071072,IND,3973,38
401071072,IND,3983,33
401071072,IND,2528588,12
401071072,IND,3155942,18
401071072,IND,6446,17
401071072,IND,3922230,10
401071072,IND,4066425,0
401071072,IND,4067045,0
401071072,IND,6615,0
401071072,IND,3136485,0
401071073,DET,6452,31
401071073,DET,6585,37
401071073,DET,6443,28
401071073,DET,3913174,37
401071073,DET,4065670,25
401071073,DET,3906522,17
401071073,DET,2991039,7
401071073,DET,2016,11
401071073,DET,2530572,23
401071073,DET,3912334,3
401071073,DET,2806,22
401071073,DET,3989,0
401071073,PHI,3194,28
401071073,PHI,6430,10
401071073,PHI,3059318,33
401071073,PHI,3024,32
401071073,PHI,3907387,30
401071073,PHI,2769,3
401071073,PHI,2490089,26
401071073,PHI,3915195,3
401071073,PHI,3929325,26
401071073,PHI,2530530,28
401071073,PHI,3914044,22
401071073,PHI,3912332,0
401071074,NO,6583,38
401071074,NO,3064514,28
401071074,NO,2488958,20
401071074,NO,2488945,32
401071074,NO,3995,39
401071074,NO,4247,3
401071074,NO,6459,7
401071074,NO,3919335,19
401071074,NO,6610,27
401071074,NO,3135048,3
401071074,NO,2489785,17
401071074,NO,3064511,3
401071074,NO,3133626,3
401071074,BOS,6462,32
401071074,BOS,4065648,33
401071074,BOS,2451037,22
401071074,BOS,2990992,29
401071074,BOS,3074752,32
401071074,BOS,3056602,22
401071074,BOS,4066211,26
401071074,BOS,6507,18
401071074,BOS,3917376,25
401071074,BOS,3923250,2
401071074,BOS,2968439,0
401071075,SAC,4269,21
401071075,SAC,2991282,27
401071075,SAC,6468,34
401071075,SAC,2990984,33
401071075,SAC,4066259,34
401071075,SAC,4065649,2
401071075,SAC,3138156,8
401071075,SAC,4277848,27
401071075,SAC,3444,15
401071075,SAC,3037789,30
401071075,SAC,3059315,8
401071075,SAC,3078286,0
401071075,SAC,2991018,0
401071075,CHI,2284101,35
401071075,CHI,4066336,29
401071075,CHI,4277847,29
401071075,CHI,2991047,26
401071075,CHI,3064440,32
401071075,CHI,3056600,19
401071075,CHI,3113587,2
401071075,CHI,3064482,19
401071075,CHI,3149010,6
401071075,CHI,3447,9
401071075,CHI,3064230,2
401071075,CHI,2991139,20
401071075,CHI,2991274,12
401071076,CLE,3893016,30
401071076,CLE,6474,18
401071076,CLE,6429,29
401071076,CLE,2581177,20
401071076,CLE,4277811,32
401071076,CLE,2754,5
401071076,CLE,2579476,19
401071076,CLE,2580365,25
401071076,CLE,2982240,26
401071076,CLE,2489716,16
401071076,CLE,2528426,20
401071076,CLE,4017838,0
401071076,MIL,2767,21
401071076,MIL,6609,28
401071076,MIL,3448,24
401071076,MIL,4238,28
401071076,MIL,2566769,29
401071076,MIL,3232,5
401071076,MIL,3136491,13
401071076,MIL,4017843,16
401071076,MIL,2528353,19
401071076,MIL,3057187,31
401071076,MIL,3438,13
401071076,MIL,3934673,13
401071076,MIL,3032977,0
401071077,UTAH,4257,28
401071077,UTAH,2968436,25
401071077,UTAH,3032976,21
401071077,UTAH,4011,23
401071077,UTAH,3908809,27
401071077,UTAH,6581,20
401071077,UTAH,3028,16
401071077,UTAH,4261,9
401071077,UTAH,2583632,18
401071077,UTAH,2990969,6
401071077,UTAH,2968361,20
401071077,UTAH,2011,18
401071077,UTAH,3102528,9
401071077,OKC,4251,30
401071077,OKC,2991070,30
401071077,OKC,4230546,16
401071077,OKC,2991235,29
401071077,OKC,3468,36
401071077,OKC,4264,18
401071077,OKC,2595435,1
401071077,OKC,3059358,1
401071077,OKC,2991280,19
401071077,OKC,2995702,19
401071077,OKC,3032979,30
401071077,OKC,4080610,10
401071077,OKC,2753,0
401071078,ORL,3064290,31
401071078,ORL,4065654,28
401071078,ORL,6478,26
401071078,ORL,3415,25
401071078,ORL,2579466,22
401071078,ORL,3064517,5
401071078,ORL,3074797,29
401071078,ORL,2578240,22
401071078,ORL,6619,24
401071078,ORL,2531047,15
401071078,ORL,3913546,5
401071078,ORL,3936294,8
401071078,ORL,4277919,0
401071078,DAL,6578,28
401071078,DAL,3442,27
401071078,DAL,4032,26
401071078,DAL,3934672,32
401071078,DAL,3945274,26
401071078,DAL,2531367,21
401071078,DAL,2578185,22
401071078,DAL,2960236,14
401071078,DAL,2968458,7
401071078,DAL,2382,13
401071078,DAL,3055,16
401071078,DAL,2489693,9
401071079,MEM,2993874,29
401071079,MEM,4277961,20
401071079,MEM,3206,31
401071079,MEM,3195,32
401071079,MEM,4023,34
401071079,MEM,3554,19
401071079,MEM,2327577,26
401071079,MEM,3224,19
401071079,MEM,6428,7
401071079,MEM,6454,24
401071079,MEM,2489563,0
401071079,MEM,3059316,0
401071079,DEN,4017839,37
401071079,DEN,2528693,25
401071079,DEN,2488653,35
401071079,DEN,3112335,38
401071079,DEN,3936299,36
401071079,DEN,3136196,22
401071079,DEN,3934662,2
401071079,DEN,3155536,0
401071079,DEN,3059310,28
401071079,DEN,3907822,15
401071079,DEN,3243,0
401071079,DEN,3138256,0
401071080,LAC,3428,37
401071080,LAC,6440,41
401071080,LAC,4376,17
401071080,LAC,4240,37
401071080,LAC,4278073,34
401071080,LAC,6622,14
401071080,LAC,2991055,23
401071080,LAC,3964,34
401071080,LAC,2799,12
401071080,LAC,3064539,0
401071080,LAC,4192,12
401071080,LAC,3002137,4
401071080,LAC,2758,0
401071080,PHX,2426,40
401071080,PHX,2982334,12
401071080,PHX,4278129,28
401071080,PHX,3147657,39
401071080,PHX,4066436,36
401071080,PHX,2993370,25
401071080,PHX,4066297,31
401071080,PHX,2489530,32
401071080,PHX,4230550,23
401071080,PHX,3412,0
401071080,PHX,3064320,0
401071080,PHX,4011991,0
401071080,PHX,3912854,0
401071081,MIN,2490620,26
401071081,MIN,3986,17
401071081,MIN,3059319,36
401071081,MIN,3136195,34
401071081,MIN,4015,28
401071081,MIN,3032978,31
401071081,MIN,2534781,14
401071081,MIN,3456,34
401071081,MIN,3135046,17
401071081,MIN,4065663,3
401071081,MIN,3276,0
401071081,MIN,2429,0
401071081,MIN,2326411,0
401071081,GS,3202,35
401071081,GS,6589,29
401071081,GS,3155535,23
401071081,GS,3975,36
401071081,GS,6475,37
401071081,GS,3998,29
401071081,GS,2530923,24
401071081,GS,3064427,10
401071081,GS,2566745,0
401071081,GS,2393,16
401071081,GS,2386,0
401071081,GS,3934621,0
401071082,MIA,3999,17
401071082,MIA,4066261,29
401071082,MIA,3423,18
401071082,MIA,2581190,30
401071082,MIA,2488826,24
401071082,MIA,3135047,38
401071082,MIA,2489663,24
401071082,MIA,3936099,29
401071082,MIA,1987,32
401071082,MIA,2184,0
401071082,MIA,3981,0
401071082,MIA,2530276,0
401071082,LAL,1966,38
401071082,LAL,3134907,40
401071082,LAL,3452,15
401071082,LAL,3062679,35
401071082,LAL,4066421,37
401071082,LAL,984,25
401071082,LAL,4244,16
401071082,LAL,2581018,24
401071082,LAL,3133602,12
401071082,LAL,3418,0
401071082,LAL,3150844,0
401071082,LAL,4017837,0
401071082,LAL,4348697,0
401071083,POR,4248,37
401071083,POR,6591,31
401071083,POR,3102530,32
401071083,POR,6606,39
401071083,POR,2490149,39
401071083,POR,2982268,4
401071083,POR,4066650,12
401071083,POR,6605,5
401071083,POR,4239,19
401071083,POR,2326307,18
401071083,POR,2991042,5
401071083,POR,3906671,0
401071083,POR,3136696,0
401071083,HOU,3033,29
401071083,HOU,3102529,27
401071083,HOU,2779,34
401071083,HOU,3431,39
401071083,HOU,3992,32
401071083,HOU,2579321,18
401071083,HOU,2991155,19
401071083,HOU,1713,21
401071083,HOU,2761,21
401071083,HOU,3132042,0
401071083,HOU,4222252,0
401071083,HOU,2596108,0
401071084,PHX,2982334,25
401071084,PHX,4278129,31
401071084,PHX,4066297,35
401071084,PHX,3147657,32
401071084,PHX,4066436,33
401071084,PHX,2993370,17
401071084,PHX,3064320,6
401071084,PHX,4011991,18
401071084,PHX,2489530,17
401071084,PHX,3912854,26
401071084,PHX,3412,0
401071084,PHX,2426,0
401071084,PHX,165,0
401071084,SA,3005,24
401071084,SA,2983,24
401071084,SA,2994526,32
401071084,SA,3978,26
401071084,SA,3078576,27
401071084,SA,3914283,5
401071084,SA,3974,23
401071084,SA,4253,9
401071084,SA,3134908,21
401071084,SA,4004,24
401071084,SA,3190,24
401071084,SA,6426,0
401071085,TOR,3439,24
401071085,TOR,3988,28
401071085,TOR,3149673,27
401071085,TOR,3012,32
401071085,TOR,2991230,29
401071085,TOR,3934719,21
401071085,TOR,4260,7
401071085,TOR,6477,18
401071085,TOR,2778,17
401071085,TOR,2528787,12
401071085,TOR,3064447,21
401071085,TOR,3934663,4
401071085,LAC,3428,21
401071085,LAC,6440,23
401071085,LAC,2758,19
401071085,LAC,4240,22
401071085,LAC,4278073,22
401071085,LAC,6622,20
401071085,LAC,4376,16
401071085,LAC,2991055,22
401071085,LAC,3964,20
401071085,LAC,3064539,13
401071085,LAC,4192,19
401071085,LAC,3002137,24
401071085,LAC,2799,0
401071086,DET,3989,36
401071086,DET,6585,32
401071086,DET,6443,27
401071086,DET,3913174,25
401071086,DET,4065670,31
401071086,DET,6452,6
401071086,DET,3134881,18
401071086,DET,2016,16
401071086,DET,2530572,28
401071086,DET,2806,21
401071086,DET,3912334,0
401071086,DET,3059430,0
401071086,DET,3133629,0
401071086,CHA,2797,38
401071086,CHA,3416,31
401071086,CHA,2579258,27
401071086,CHA,6479,38
401071086,CHA,6603,35
401071086,CHA,2579294,9
401071086,CHA,4066383,18
401071086,CHA,2999409,16
401071086,CHA,1015,19
401071086,CHA,4066262,11
401071086,CHA,6601,0
401071086,CHA,6427,0
401071086,CHA,3907821,0
401071087,NY,3078284,24
401071087,NY,4278075,33
401071087,NY,6447,33
401071087,NY,2528210,43
401071087,NY,3892818,31
401071087,NY,2995706,11
401071087,NY,3064560,8
401071087,NY,4351852,16
401071087,NY,4230547,24
401071087,NY,2991149,19
401071087,NY,2580349,0
401071087,CLE,2754,15
401071087,CLE,3893016,32
401071087,CLE,6429,26
401071087,CLE,2581177,23
401071087,CLE,4277811,29
401071087,CLE,2579476,6
401071087,CLE,2580365,33
401071087,CLE,2982240,11
401071087,CLE,3062744,10
401071087,CLE,2489716,22
401071087,CLE,2528426,34
401071087,CLE,4017838,0
401071088,MIL,6609,34
401071088,MIL,3032977,31
401071088,MIL,3448,31
401071088,MIL,4238,33
401071088,MIL,2566769,25
401071088,MIL,2767,13
401071088,MIL,4017843,11
401071088,MIL,2528353,11
401071088,MIL,3057187,27
401071088,MIL,3438,22
401071088,MIL,3232,0
401071088,MIL,2578239,0
401071088,MIL,3934673,0
401071088,IND,3244,34
401071088,IND,3593,33
401071088,IND,3133628,31
401071088,IND,3973,29
401071088,IND,2527963,29
401071088,IND,2528588,18
401071088,IND,3155942,24
401071088,IND,6446,25
401071088,IND,3983,15
401071088,IND,4066425,0
401071088,IND,4067045,0
401071088,IND,6615,0
401071088,IND,3922230,0
401071089,BKN,2528794,29
401071089,BKN,3064291,22
401071089,BKN,4066328,16
401071089,BKN,2531210,31
401071089,BKN,3136776,22
401071089,BKN,3970,22
401071089,BKN,3201,19
401071089,BKN,4230548,19
401071089,BKN,4259,30
401071089,BKN,2580782,30
401071089,BKN,6433,0
401071089,BKN,2530780,0
401071089,PHI,3194,33
401071089,PHI,3059318,38
401071089,PHI,3024,37
401071089,PHI,3929325,35
401071089,PHI,3907387,35
401071089,PHI,2769,8
401071089,PHI,3915195,5
401071089,PHI,2530530,29
401071089,PHI,3914044,20
401071089,PHI,2490089,0
401071089,PHI,3912332,0
401071089,PHI,3059273,0
401071090,BOS,6462,40
401071090,BOS,4065648,40
401071090,BOS,2968439,16
401071090,BOS,6442,40
401071090,BOS,2990992,39
401071090,BOS,3056602,17
401071090,BOS,2451037,14
401071090,BOS,4066211,14
401071090,BOS,6507,10
401071090,BOS,3074752,35
401071090,BOS,3917376,0
401071090,BOS,3923250,0
401071090,WSH,3209,45
401071090,WSH,3934723,18
401071090,WSH,4237,41
401071090,WSH,6621,27
401071090,WSH,6580,38
401071090,WSH,6461,35
401071090,WSH,2991184,4
401071090,WSH,6617,19
401071090,WSH,3133603,38
401071090,WSH,3137798,0
401071090,WSH,4278508,0
401071090,WSH,2774,0
401071091,POR,2982268,14
401071091,POR,4248,35
401071091,POR,3102530,30
401071091,POR,6606,38
401071091,POR,2490149,39
401071091,POR,3906671,7
401071091,POR,4066650,15
401071091,POR,6605,10
401071091,POR,4239,32
401071091,POR,2991042,21
401071091,POR,2326307,0
401071091,POR,3136696,0
401071091,POR,4277843,0
401071091,MEM,2993874,25
401071091,MEM,4277961,31
401071091,MEM,3206,28
401071091,MEM,3195,32
401071091,MEM,4023,30
401071091,MEM,3554,7
401071091,MEM,2327577,23
401071091,MEM,3224,13
401071091,MEM,6428,18
401071091,MEM,6454,16
401071091,MEM,3059316,17
401071091,MEM,3917378,0
401071091,MEM,6466,0
401071092,OKC,4251,37
401071092,OKC,2991070,26
401071092,OKC,4230546,21
401071092,OKC,2991235,37
401071092,OKC,3468,38
401071092,OKC,4264,18
401071092,OKC,2991280,11
401071092,OKC,2995702,14
401071092,OKC,3032979,32
401071092,OKC,4080610,5
401071092,OKC,2595435,0
401071092,OKC,3893019,0
401071092,OKC,2753,0
401071092,NO,6583,40
401071092,NO,3064514,32
401071092,NO,2488958,34
401071092,NO,2488945,36
401071092,NO,3995,34
401071092,NO,3919335,15
401071092,NO,6610,24
401071092,NO,3064511,7
401071092,NO,4065651,19
401071092,NO,4247,0
401071092,NO,3135048,0
401071092,NO,2489785,0
401071092,NO,3133626,0
401071093,ATL,3908845,36
401071093,ATL,6637,32
401071093,ATL,2580913,32
401071093,ATL,4066372,36
401071093,ATL,4277905,35
401071093,ATL,2982340,8
401071093,ATL,2596107,14
401071093,ATL,3062667,18
401071093,ATL,136,14
401071093,ATL,3133874,3
401071093,ATL,3915560,12
401071093,ATL,3147351,0
401071093,DAL,6578,31
401071093,DAL,3442,33
401071093,DAL,4032,28
401071093,DAL,3934672,23
401071093,DAL,3945274,35
401071093,DAL,2531367,15
401071093,DAL,2578185,27
401071093,DAL,2960236,17
401071093,DAL,2382,16
401071093,DAL,3055,16
401071093,DAL,2968458,0
401071093,DAL,2489693,0
401071094,MIA,3999,18
401071094,MIA,4066261,27
401071094,MIA,2581190,25
401071094,MIA,2488826,29
401071094,MIA,2530276,22
401071094,MIA,3135047,29
401071094,MIA,2489663,28
401071094,MIA,3936099,26
401071094,MIA,3981,17
401071094,MIA,1987,19
401071094,MIA,2184,0
401071094,MIA,3423,0
401071094,UTAH,6581,20
401071094,UTAH,2968436,24
401071094,UTAH,3032976,26
401071094,UTAH,4011,26
401071094,UTAH,3908809,26
401071094,UTAH,3028,17
401071094,UTAH,4257,19
401071094,UTAH,4261,8
401071094,UTAH,2583632,20
401071094,UTAH,2990969,6
401071094,UTAH,2011,16
401071094,UTAH,3102528,22
401071094,UTAH,3135045,9
401071095,MIN,2490620,31
401071095,MIN,3986,17
401071095,MIN,3059319,37
401071095,MIN,3136195,35
401071095,MIN,4015,32
401071095,MIN,3032978,31
401071095,MIN,2534781,13
401071095,MIN,3456,22
401071095,MIN,3135046,16
401071095,MIN,4065663,6
401071095,MIN,3276,0
401071095,MIN,2429,0
401071095,MIN,2326411,0
401071095,SAC,4269,29
401071095,SAC,2991282,30
401071095,SAC,6468,31
401071095,SAC,2990984,26
401071095,SAC,4066259,32
401071095,SAC,3138156,8
401071095,SAC,4277848,26
401071095,SAC,3444,11
401071095,SAC,2991018,16
401071095,SAC,3037789,31
401071095,SAC,4065649,0
401071095,SAC,3078286,0
401071095,SAC,3059315,0
401071096,TOR,3439,29
401071096,TOR,3988,31
401071096,TOR,3149673,35
401071096,TOR,3012,38
401071096,TOR,2991230,28
401071096,TOR,3934719,19
401071096,TOR,4260,7
401071096,TOR,6477,8
401071096,TOR,2778,16
401071096,TOR,2528787,5
401071096,TOR,3064447,21
401071096,TOR,3934663,4
401071096,GS,3202,33
401071096,GS,6589,25
401071096,GS,3155535,20
401071096,GS,3975,33
401071096,GS,6475,34
401071096,GS,3998,24
401071096,GS,2530923,17
401071096,GS,3064427,15
401071096,GS,2566745,13
401071096,GS,2595209,5
401071096,GS,2393,15
401071096,GS,3934621,5
401071097,LAL,1966,36
401071097,LAL,3134907,37
401071097,LAL,3452,30
401071097,LAL,3062679,29
401071097,LAL,4066421,35
401071097,LAL,984,18
401071097,LAL,4244,23
401071097,LAL,2581018,22
401071097,LAL,3133602,9
401071097,LAL,4348697,1
401071097,LAL,3418,0
401071097,LAL,3150844,0
401071097,LAL,4017837,0
401071097,HOU,3033,37
401071097,HOU,3102529,35
401071097,HOU,2779,37
401071097,HOU,3431,33
401071097,HOU,3992,35
401071097,HOU,2991155,29
401071097,HOU,1713,13
401071097,HOU,6448,4
401071097,HOU,2761,16
401071097,HOU,3132042,0
401071097,HOU,2596108,0
401071098,LAC,3428,27
401071098,LAC,6440,28
401071098,LAC,2758,23
401071098,LAC,4240,28
401071098,LAC,4278073,28
401071098,LAC,6622,18
401071098,LAC,4376,9
401071098,LAC,2991055,15
401071098,LAC,3964,26
401071098,LAC,3064539,13
401071098,LAC,4192,12
401071098,LAC,3002137,13
401071098,SA,3005,28
401071098,SA,2983,27
401071098,SA,2994526,22
401071098,SA,3978,30
401071098,SA,3078576,25
401071098,SA,3914283,7
401071098,SA,3974,14
401071098,SA,4253,8
401071098,SA,6426,17
401071098,SA,3134908,21
401071098,SA,4004,20
401071098,SA,3190,22
401071099,CHI,2284101,38
401071099,CHI,4066336,28
401071099,CHI,4277847,18
401071099,CHI,2991047,23
401071099,CHI,3064440,40
401071099,CHI,3056600,4
401071099,CHI,3064482,22
401071099,CHI,3447,28
401071099,CHI,2991139,26
401071099,CHI,2991274,13
401071099,CHI,3113587,0
401071099,CHI,3064230,0
401071099,CHI,3907386,0
401071099,ORL,3064290,37
401071099,ORL,4065654,26
401071099,ORL,6478,33
401071099,ORL,6588,30
401071099,ORL,3415,33
401071099,ORL,4277919,15
401071099,ORL,6619,29
401071099,ORL,2531047,15
401071099,ORL,2579466,21
401071099,ORL,3064517,0
401071099,ORL,3074797,0
401071099,ORL,2578240,0
401071099,ORL,3936294,0
401071100,DAL,6578,32
401071100,DAL,3442,32
401071100,DAL,4065697,27
401071100,DAL,4032,30
401071100,DAL,3945274,31
401071100,DAL,609,6
401071100,DAL,2531367,16
401071100,DAL,2578185,18
401071100,DAL,2960236,10
401071100,DAL,2382,17
401071100,DAL,3934672,21
401071100,DAL,2968458,0
401071100,DAL,2489693,0
401071100,PHX,2426,37
401071100,PHX,2982334,36
401071100,PHX,4278129,26
401071100,PHX,3147657,22
401071100,PHX,4066436,21
401071100,PHX,2993370,22
401071100,PHX,4066297,34
401071100,PHX,165,27
401071100,PHX,2489530,11
401071100,PHX,3912854,3
401071100,PHX,3412,0
401071100,PHX,4011991,0
401071100,PHX,2531352,0
401071101,ATL,3908845,29
401071101,ATL,6637,29
401071101,ATL,2580913,28
401071101,ATL,4066372,31
401071101,ATL,4277905,23
401071101,ATL,2982340,7
401071101,ATL,3147351,7
401071101,ATL,2596107,16
401071101,ATL,3062667,21
401071101,ATL,136,16
401071101,ATL,4299,17
401071101,ATL,3133874,4
401071101,ATL,3915560,12
401071101,BOS,6462,25
401071101,BOS,4065648,29
401071101,BOS,2968439,14
401071101,BOS,6442,24
401071101,BOS,2990992,27
401071101,BOS,3056602,12
401071101,BOS,4249,18
401071101,BOS,2451037,21
401071101,BOS,4066211,16
401071101,BOS,6507,8
401071101,BOS,3074752,25
401071101,BOS,3917376,22
401071102,NY,3078284,42
401071102,NY,4278075,42
401071102,NY,6447,24
401071102,NY,2528210,35
401071102,NY,3892818,41
401071102,NY,2995706,12
401071102,NY,3064560,24
401071102,NY,4351852,8
401071102,NY,4230547,15
401071102,NY,3445,23
401071102,NY,2991149,0
401071102,CHA,2797,37
401071102,CHA,3416,39
401071102,CHA,2579258,37
401071102,CHA,6479,41
401071102,CHA,6603,38
401071102,CHA,6601,16
401071102,CHA,2579294,16
401071102,CHA,4066383,11
401071102,CHA,1015,19
401071102,CHA,4066262,12
401071102,CHA,2999409,0
401071102,CHA,3133601,0
401071102,CHA,3907821,0
401071103,WSH,3209,25
401071103,WSH,3934723,17
401071103,WSH,4237,35
401071103,WSH,6621,16
401071103,WSH,6580,39
401071103,WSH,6461,27
401071103,WSH,2991184,18
401071103,WSH,6617,34
401071103,WSH,3133603,28
401071103,WSH,3137798,0
401071103,WSH,4278508,0
401071103,WSH,2774,0
401071103,BKN,2528794,31
401071103,BKN,3064291,32
401071103,BKN,4230548,30
401071103,BKN,4066328,28
401071103,BKN,3136776,29
401071103,BKN,3970,26
401071103,BKN,3201,17
401071103,BKN,4259,16
401071103,BKN,2580782,32
401071103,BKN,6433,0
401071103,BKN,4348696,0
401071103,BKN,2530780,0
401071103,BKN,3138154,0
401071104,MIL,3032977,38
401071104,MIL,2528353,27
401071104,MIL,3448,32
401071104,MIL,4238,31
401071104,MIL,2578239,30
401071104,MIL,2767,16
401071104,MIL,3952343,9
401071104,MIL,4017843,10
401071104,MIL,3438,24
401071104,MIL,3934673,23
401071104,MIL,3232,0
401071104,MIL,6609,0
401071104,MIL,3057187,0
401071104,CLE,2754,14
401071104,CLE,3893016,26
401071104,CLE,6429,27
401071104,CLE,2581177,29
401071104,CLE,4277811,24
401071104,CLE,2580365,37
401071104,CLE,2982240,11
401071104,CLE,3062744,13
401071104,CLE,2489716,27
401071104,CLE,2528426,33
401071104,CLE,2579476,0
401071104,CLE,4017838,0
401071105,IND,3244,39
401071105,IND,3593,34
401071105,IND,3133628,17
401071105,IND,3973,26
401071105,IND,2527963,31
401071105,IND,2528588,16
401071105,IND,3155942,31
401071105,IND,6615,2
401071105,IND,6446,25
401071105,IND,3983,19
401071105,IND,4066425,0
401071105,IND,4067045,0
401071105,IND,3922230,0
401071105,PHI,3194,30
401071105,PHI,3059318,34
401071105,PHI,3024,35
401071105,PHI,3929325,29
401071105,PHI,3907387,38
401071105,PHI,2490089,17
401071105,PHI,3915195,3
401071105,PHI,2530530,29
401071105,PHI,3914044,24
401071105,PHI,3155533,0
401071105,PHI,2769,0
401071105,PHI,3912332,0
401071106,MIA,3135047,24
401071106,MIA,3999,22
401071106,MIA,4262,22
401071106,MIA,2581190,37
401071106,MIA,2488826,23
401071106,MIA,2489663,26
401071106,MIA,3936099,23
401071106,MIA,4066261,26
401071106,MIA,3981,5
401071106,MIA,2530276,31
401071106,MIA,2184,0
401071106,MIA,1987,0
401071106,MEM,2993874,16
401071106,MEM,4277961,22
401071106,MEM,3206,36
401071106,MEM,3195,37
401071106,MEM,4023,36
401071106,MEM,3554,5
401071106,MEM,2327577,24
401071106,MEM,3224,13
401071106,MEM,6428,16
401071106,MEM,6454,26
401071106,MEM,3059316,11
401071106,MEM,3917378,0
401071106,MEM,3133838,0
401071107,OKC,4251,40
401071107,OKC,2991070,35
401071107,OKC,4230546,24
401071107,OKC,2991235,37
401071107,OKC,3468,36
401071107,OKC,4264,6
401071107,OKC,2595435,1
401071107,OKC,2991280,11
401071107,OKC,3893019,1
401071107,OKC,2995702,19
401071107,OKC,3032979,28
401071107,OKC,4080610,4
401071107,OKC,2753,0
401071107,DEN,4017839,33
401071107,DEN,2528693,35
401071107,DEN,2488653,20
401071107,DEN,3112335,36
401071107,DEN,3936299,33
401071107,DEN,3136196,30
401071107,DEN,3934662,1
401071107,DEN,3155536,1
401071107,DEN,3059310,26
401071107,DEN,3907822,16
401071107,DEN,3243,9
401071107,DEN,3138256,1
401071108,TOR,3439,35
401071108,TOR,3988,36
401071108,TOR,6450,38
401071108,TOR,3149673,25
401071108,TOR,2991230,38
401071108,TOR,3934719,19
401071108,TOR,4260,13
401071108,TOR,2778,20
401071108,TOR,3064447,17
401071108,TOR,3948153,0
401071108,TOR,3012,0
401071108,TOR,2528787,0
401071108,TOR,3934663,0
401071108,POR,4248,27
401071108,POR,6591,27
401071108,POR,3102530,27
401071108,POR,6606,29
401071108,POR,2490149,28
401071108,POR,4066650,21
401071108,POR,6605,21
401071108,POR,4239,21
401071108,POR,2326307,19
401071108,POR,2991042,20
401071108,POR,2982268,0
401071108,POR,3906671,0
401071108,POR,3136696,0
401071109,GS,3202,37
401071109,GS,6589,31
401071109,GS,3155535,28
401071109,GS,3975,36
401071109,GS,6475,38
401071109,GS,3998,24
401071109,GS,2530923,16
401071109,GS,3064427,10
401071109,GS,2566745,12
401071109,GS,2595209,9
401071109,GS,3934621,0
401071109,SAC,4269,22
401071109,SAC,2991282,33
401071109,SAC,6468,23
401071109,SAC,2990984,33
401071109,SAC,4066259,35
401071109,SAC,3138156,26
401071109,SAC,4277848,5
401071109,SAC,3444,15
401071109,SAC,2991018,15
401071109,SAC,3037789,34
401071109,SAC,4065649,0
401071109,SAC,2578213,0
401071109,SAC,3059315,0
401071110,UTAH,4257,25
401071110,UTAH,2968436,33
401071110,UTAH,3032976,33
401071110,UTAH,4011,32
401071110,UTAH,3908809,34
401071110,UTAH,6581,25
401071110,UTAH,3028,13
401071110,UTAH,2583632,12
401071110,UTAH,2011,17
401071110,UTAH,3102528,16
401071110,UTAH,4261,0
401071110,UTAH,2990969,0
401071110,UTAH,2968361,0
401071110,ORL,3064290,28
401071110,ORL,4065654,34
401071110,ORL,6478,30
401071110,ORL,6588,33
401071110,ORL,3415,34
401071110,ORL,3064517,5
401071110,ORL,4277919,18
401071110,ORL,6619,23
401071110,ORL,2531047,14
401071110,ORL,2579466,21
401071110,ORL,3074797,0
401071110,ORL,2578240,0
401071110,ORL,3936294,0
401071111,LAL,1966,30
401071111,LAL,3134907,28
401071111,LAL,3452,18
401071111,LAL,3062679,26
401071111,LAL,4066421,35
401071111,LAL,984,16
401071111,LAL,3150844,7
401071111,LAL,4017837,12
401071111,LAL,4244,23
401071111,LAL,2581018,21
401071111,LAL,3133602,18
401071111,LAL,4348697,6
401071111,LAL,3418,0
401071111,CHA,2797,12
401071111,CHA,3416,27
401071111,CHA,2579258,20
401071111,CHA,6479,25
401071111,CHA,6603,23
401071111,CHA,6601,10
401071111,CHA,2579294,8
401071111,CHA,4066383,28
401071111,CHA,2999409,16
401071111,CHA,3133601,16
401071111,CHA,1015,13
401071111,CHA,3907821,13
401071111,CHA,4066262,27
401071112,BOS,6462,27
401071112,BOS,4065648,30
401071112,BOS,2968439,18
401071112,BOS,6442,33
401071112,BOS,2990992,30
401071112,BOS,4249,28
401071112,BOS,2451037,18
401071112,BOS,4066211,10
401071112,BOS,3074752,23
401071112,BOS,3917376,23
401071112,BOS,3056602,0
401071112,BOS,6507,0
401071112,DET,3989,36
401071112,DET,2528779,30
401071112,DET,6585,33
401071112,DET,6443,24
401071112,DET,3913174,22
401071112,DET,6452,14
401071112,DET,3134881,12
401071112,DET,2530572,29
401071112,DET,2806,24
401071112,DET,4065670,16
401071112,DET,3912334,0
401071113,HOU,3033,39
401071113,HOU,3102529,35
401071113,HOU,2779,36
401071113,HOU,3431,31
401071113,HOU,3992,41
401071113,HOU,2991155,19
401071113,HOU,1713,13
401071113,HOU,6448,4
401071113,HOU,2761,22
401071113,HOU,3132042,0
401071113,HOU,3907487,0
401071113,HOU,4222252,0
401071113,HOU,2596108,0
401071113,MEM,4277961,31
401071113,MEM,3206,32
401071113,MEM,3195,37
401071113,MEM,4023,28
401071113,MEM,6454,28
401071113,MEM,3554,8
401071113,MEM,2327577,25
401071113,MEM,3224,8
401071113,MEM,6428,13
401071113,MEM,3059316,8
401071113,MEM,3133635,22
401071113,MEM,3917378,0
401071113,MEM,3133838,0
401071114,CHI,2284101,42
401071114,CHI,4066336,37
401071114,CHI,4277847,21
401071114,CHI,2991047,39
401071114,CHI,2991139,36
401071114,CHI,3064482,19
401071114,CHI,3149010,4
401071114,CHI,3447,19
401071114,CHI,3064230,13
401071114,CHI,2991274,10
401071114,CHI,3056600,0
401071114,CHI,3113587,0
401071114,CHI,3907386,0
401071114,SA,3005,26
401071114,SA,2983,37
401071114,SA,2994526,23
401071114,SA,3978,37
401071114,SA,3078576,18
401071114,SA,3974,8
401071114,SA,6426,20
401071114,SA,3134908,16
401071114,SA,4004,25
401071114,SA,3190,30
401071114,SA,4253,0
401071114,SA,3914285,0
401071115,LAC,3428,37
401071115,LAC,6440,38
401071115,LAC,2758,22
401071115,LAC,4240,34
401071115,LAC,4278073,21
401071115,LAC,6622,15
401071115,LAC,2991055,26
401071115,LAC,3964,30
401071115,LAC,3064539,5
401071115,LAC,4192,11
401071115,LAC,4376,0
401071115,LAC,3002137,0
401071115,OKC,4251,37
401071115,OKC,2991070,34
401071115,OKC,4230546,15
401071115,OKC,2991235,32
401071115,OKC,3468,36
401071115,OKC,4264,14
401071115,OKC,2991280,16
401071115,OKC,2995702,20
401071115,OKC,3032979,24
401071115,OKC,4080610,11
401071115,OKC,2595435,0
401071115,OKC,3893019,0
401071115,OKC,2753,0
401071116,MIN,2490620,25
401071116,MIN,3032978,35
401071116,MIN,3059319,33
401071116,MIN,3136195,38
401071116,MIN,4015,32
401071116,MIN,3276,13
401071116,MIN,2534781,10
401071116,MIN,3456,33
401071116,MIN,3135046,16
401071116,MIN,4065663,4
401071116,MIN,2429,0
401071116,MIN,2326411,0
401071116,PHX,2982334,33
401071116,PHX,4278129,26
401071116,PHX,3136193,36
401071116,PHX,3147657,40
401071116,PHX,4066436,21
401071116,PHX,2993370,23
401071116,PHX,4066297,23
401071116,PHX,165,26
401071116,PHX,3912854,14
401071116,PHX,3412,0
401071116,PHX,4011991,0
401071116,PHX,2531352,0
401071116,PHX,2489530,0
401071117,ATL,3908845,34
401071117,ATL,6637,32
401071117,ATL,2580913,32
401071117,ATL,4066372,28
401071117,ATL,4277905,29
401071117,ATL,2982340,3
401071117,ATL,3147351,14
401071117,ATL,2596107,8
401071117,ATL,3062667,23
401071117,ATL,136,19
401071117,ATL,4299,13
401071117,ATL,3133874,3
401071117,ATL,3915560,3
401071117,BKN,2528794,26
401071117,BKN,3064291,23
401071117,BKN,4230548,28
401071117,BKN,4066328,15
401071117,BKN,3136776,29
401071117,BKN,3970,31
401071117,BKN,6433,5
401071117,BKN,3201,25
401071117,BKN,4259,28
401071117,BKN,2580782,24
401071117,BKN,2530780,5
401071117,BKN,2595231,0
401071118,PHI,3194,29
401071118,PHI,6430,25
401071118,PHI,3059318,29
401071118,PHI,3024,28
401071118,PHI,3907387,32
401071118,PHI,3155533,3
401071118,PHI,2769,3
401071118,PHI,2490089,24
401071118,PHI,3915195,6
401071118,PHI,3929325,22
401071118,PHI,2530530,24
401071118,PHI,3914044,15
401071118,CLE,3893016,35
401071118,CLE,4017838,17
401071118,CLE,6429,26
401071118,CLE,2581177,27
401071118,CLE,4277811,31
401071118,CLE,2754,5
401071118,CLE,2580365,26
401071118,CLE,2982240,9
401071118,CLE,3062744,15
401071118,CLE,2489716,22
401071118,CLE,2528426,28
401071118,CLE,2579476,0
401071119,NY,3078284,31
401071119,NY,4278075,35
401071119,NY,6447,36
401071119,NY,2528210,35
401071119,NY,3892818,30
401071119,NY,2995706,13
401071119,NY,3064560,9
401071119,NY,2579260,13
401071119,NY,4230547,18
401071119,NY,3445,18
401071119,NY,6485,0
401071119,IND,3244,32
401071119,IND,3593,34
401071119,IND,3133628,34
401071119,IND,3973,17
401071119,IND,2527963,36
401071119,IND,2528588,22
401071119,IND,3155942,21
401071119,IND,6446,30
401071119,IND,3922230,14
401071119,IND,4066425,0
401071119,IND,4067045,0
401071119,IND,6615,0
401071120,LAL,1966,32
401071120,LAL,3134907,29
401071120,LAL,984,20
401071120,LAL,3062679,21
401071120,LAL,4066421,34
401071120,LAL,3150844,17
401071120,LAL,4017837,7
401071120,LAL,4244,23
401071120,LAL,2581018,27
401071120,LAL,3133602,28
401071120,LAL,4348697,4
401071120,LAL,3418,0
401071120,LAL,3452,0
401071120,WSH,3209,33
401071120,WSH,3934723,28
401071120,WSH,4237,42
401071120,WSH,6621,46
401071120,WSH,6580,39
401071120,WSH,6461,11
401071120,WSH,2528473,2
401071120,WSH,2991184,22
401071120,WSH,4278508,15
401071120,WSH,2531797,2
401071120,WSH,2774,0
401071121,SAC,4269,35
401071121,SAC,2991282,32
401071121,SAC,2990984,39
401071121,SAC,3037789,37
401071121,SAC,4066259,33
401071121,SAC,3078286,11
401071121,SAC,3138156,23
401071121,SAC,3444,16
401071121,SAC,2991018,15
401071121,SAC,4065649,0
401071121,SAC,2578213,0
401071121,SAC,6468,0
401071121,SAC,3059315,0
401071121,DAL,6578,29
401071121,DAL,3442,30
401071121,DAL,4032,32
401071121,DAL,3934672,30
401071121,DAL,3945274,35
401071121,DAL,609,8
401071121,DAL,2531367,18
401071121,DAL,2578185,22
401071121,DAL,2960236,11
401071121,DAL,2382,18
401071121,DAL,2489693,7
401071121,DAL,2968458,0
401071122,MIA,3135047,15
401071122,MIA,3999,16
401071122,MIA,4262,23
401071122,MIA,2581190,36
401071122,MIA,2488826,23
401071122,MIA,2489663,32
401071122,MIA,3936099,21
401071122,MIA,4066261,25
401071122,MIA,1987,23
401071122,MIA,2530276,26
401071122,MIA,2184,0
401071122,MIA,3981,0
401071122,NO,6583,39
401071122,NO,3064514,30
401071122,NO,2488958,26
401071122,NO,2488945,12
401071122,NO,3995,41
401071122,NO,3919335,7
401071122,NO,6610,31
401071122,NO,6460,35
401071122,NO,3064511,14
401071122,NO,4065651,5
401071122,NO,4247,0
401071122,NO,3135048,0
401071122,NO,2489785,0
401071123,TOR,3439,34
401071123,TOR,3988,38
401071123,TOR,6450,38
401071123,TOR,2778,33
401071123,TOR,3064447,38
401071123,TOR,3934719,26
401071123,TOR,3948153,2
401071123,TOR,4260,13
401071123,TOR,2528787,15
401071123,TOR,3934663,4
401071123,TOR,3149673,0
401071123,DEN,4017839,28
401071123,DEN,2528693,39
401071123,DEN,2488653,27
401071123,DEN,3112335,35
401071123,DEN,3936299,38
401071123,DEN,3136196,13
401071123,DEN,3059310,38
401071123,DEN,3907822,15
401071123,DEN,3243,7
401071123,DEN,3934662,0
401071123,DEN,3155536,0
401071123,DEN,3057198,0
401071124,MIL,6609,37
401071124,MIL,3032977,31
401071124,MIL,2528353,29
401071124,MIL,3448,29
401071124,MIL,4238,35
401071124,MIL,3136491,26
401071124,MIL,4017843,6
401071124,MIL,3057187,26
401071124,MIL,3438,14
401071124,MIL,3934673,8
401071124,MIL,3232,0
401071124,MIL,3952343,0
401071124,MIL,2578239,0
401071124,DET,3989,35
401071124,DET,2528779,34
401071124,DET,6585,34
401071124,DET,6443,24
401071124,DET,3913174,23
401071124,DET,6452,14
401071124,DET,3134881,25
401071124,DET,2530572,23
401071124,DET,2806,24
401071124,DET,4065670,4
401071124,DET,2016,0
401071124,DET,3912334,0
401071125,PHX,2982334,39
401071125,PHX,4278129,29
401071125,PHX,3136193,37
401071125,PHX,3147657,33
401071125,PHX,4066436,21
401071125,PHX,2993370,19
401071125,PHX,4011991,2
401071125,PHX,4066297,26
401071125,PHX,165,26
401071125,PHX,2489530,5
401071125,PHX,3912854,3
401071125,PHX,3412,0
401071125,PHX,2531352,0
401071125,NY,3078284,17
401071125,NY,4278075,37
401071125,NY,6447,28
401071125,NY,3445,22
401071125,NY,3892818,33
401071125,NY,6485,20
401071125,NY,2995706,17
401071125,NY,3064560,14
401071125,NY,2579260,24
401071125,NY,4230547,29
401071125,NY,2528210,0
401071126,UTAH,6581,33
401071126,UTAH,2968436,25
401071126,UTAH,3032976,32
401071126,UTAH,4011,35
401071126,UTAH,3908809,39
401071126,UTAH,3028,8
401071126,UTAH,4257,16
401071126,UTAH,2583632,18
401071126,UTAH,2011,13
401071126,UTAH,3102528,20
401071126,UTAH,4261,0
401071126,UTAH,2968361,0
401071126,UTAH,3135045,0
401071126,HOU,3033,35
401071126,HOU,3102529,35
401071126,HOU,2779,37
401071126,HOU,3431,37
401071126,HOU,3992,41
401071126,HOU,2991155,19
401071126,HOU,1713,13
401071126,HOU,6448,8
401071126,HOU,2761,16
401071126,HOU,3132042,0
401071126,HOU,3907487,0
401071126,HOU,2596108,0
401071127,SAC,4269,5
401071127,SAC,2991282,7
401071127,SAC,2990984,18
401071127,SAC,3037789,10
401071127,SAC,4066259,6
401071127,SAC,4065649,22
401071127,SAC,3078286,30
401071127,SAC,3138156,25
401071127,SAC,3444,23
401071127,SAC,3936296,29
401071127,SAC,2991018,24
401071127,SAC,2578213,18
401071127,SAC,3059315,24
401071127,MIN,2490620,36
401071127,MIN,3986,22
401071127,MIN,3059319,27
401071127,MIN,3136195,21
401071127,MIN,3456,24
401071127,MIN,3276,6
401071127,MIN,2429,6
401071127,MIN,3032978,20
401071127,MIN,2326411,6
401071127,MIN,2534781,21
401071127,MIN,3135046,24
401071127,MIN,4065663,28
401071127,MIN,4015,0
401071128,CHI,2284101,29
401071128,CHI,4066336,28
401071128,CHI,4277847,19
401071128,CHI,2991047,23
401071128,CHI,2991139,26
401071128,CHI,3113587,6
401071128,CHI,3064482,23
401071128,CHI,3149010,19
401071128,CHI,3447,17
401071128,CHI,3064230,22
401071128,CHI,2991274,18
401071128,CHI,3907386,6
401071128,CHI,4066334,3
401071128,OKC,4251,31
401071128,OKC,2991070,30
401071128,OKC,4230546,14
401071128,OKC,2991235,31
401071128,OKC,3468,32
401071128,OKC,4264,18
401071128,OKC,2595435,4
401071128,OKC,2991280,18
401071128,OKC,3893019,3
401071128,OKC,2995702,14
401071128,OKC,3032979,30
401071128,OKC,4080610,17
401071128,OKC,2753,0
401071129,PHI,3194,24
401071129,PHI,6430,30
401071129,PHI,3059318,29
401071129,PHI,3024,23
401071129,PHI,3907387,29
401071129,PHI,3155533,9
401071129,PHI,2769,8
401071129,PHI,2490089,18
401071129,PHI,3915195,8
401071129,PHI,3929325,18
401071129,PHI,2530530,26
401071129,PHI,3914044,17
401071129,SA,3974,13
401071129,SA,3005,30
401071129,SA,2983,27
401071129,SA,2994526,23
401071129,SA,3978,29
401071129,SA,4253,8
401071129,SA,3914285,7
401071129,SA,6426,25
401071129,SA,3134908,21
401071129,SA,4004,21
401071129,SA,3190,19
401071129,SA,3078576,17
401071130,MEM,2993874,24
401071130,MEM,4277961,22
401071130,MEM,3206,26
401071130,MEM,4023,25
401071130,MEM,6454,26
401071130,MEM,3917378,6
401071130,MEM,3554,21
401071130,MEM,2327577,23
401071130,MEM,3133838,4
401071130,MEM,3224,15
401071130,MEM,6428,19
401071130,MEM,3059316,3
401071130,MEM,3133635,25
401071130,GS,3202,33
401071130,GS,6589,34
401071130,GS,3155535,18
401071130,GS,3975,35
401071130,GS,6475,32
401071130,GS,2386,16
401071130,GS,3998,26
401071130,GS,2530923,9
401071130,GS,3064427,12
401071130,GS,2566745,7
401071130,GS,2393,15
401071130,GS,3934621,3
401071131,POR,4248,33
401071131,POR,6591,30
401071131,POR,3102530,29
401071131,POR,6606,36
401071131,POR,2490149,34
401071131,POR,4066650,17
401071131,POR,6605,11
401071131,POR,4239,23
401071131,POR,2326307,14
401071131,POR,2991042,15
401071131,POR,2982268,0
401071131,POR,3906671,0
401071131,POR,3136696,0
401071131,LAC,3428,34
401071131,LAC,6440,35
401071131,LAC,2758,10
401071131,LAC,4240,30
401071131,LAC,4278073,38
401071131,LAC,6622,12
401071131,LAC,4376,5
401071131,LAC,2991055,27
401071131,LAC,3964,31
401071131,LAC,3064539,0
401071131,LAC,3002137,18
401071131,LAC,4192,0
401071132,CLE,2580365,33
401071132,CLE,3062744,14
401071132,CLE,3893016,40
401071132,CLE,2581177,35
401071132,CLE,4277811,32
401071132,CLE,2754,6
401071132,CLE,2982240,23
401071132,CLE,4017838,14
401071132,CLE,6429,26
401071132,CLE,2489716,16
401071132,CLE,2528426,0
401071132,IND,3244,32
401071132,IND,3593,34
401071132,IND,3133628,31
401071132,IND,3973,29
401071132,IND,2527963,34
401071132,IND,2528588,21
401071132,IND,3155942,24
401071132,IND,6446,21
401071132,IND,3983,14
401071132,IND,4066425,0
401071132,IND,6615,0
401071132,IND,3922230,0
401071133,WSH,3209,38
401071133,WSH,2426,38
401071133,WSH,3934723,14
401071133,WSH,4237,26
401071133,WSH,6580,40
401071133,WSH,6461,17
401071133,WSH,2991184,13
401071133,WSH,2774,16
401071133,WSH,6621,21
401071133,WSH,2580898,16
401071133,WSH,4278508,0
401071133,WSH,2531797,0
401071133,ATL,3908845,25
401071133,ATL,6637,31
401071133,ATL,2580913,27
401071133,ATL,4066372,35
401071133,ATL,4277905,26
401071133,ATL,2982340,2
401071133,ATL,3147351,8
401071133,ATL,2596107,21
401071133,ATL,3062667,20
401071133,ATL,136,21
401071133,ATL,4299,24
401071133,ATL,3133874,0
401071134,LAL,1966,41
401071134,LAL,3134907,43
401071134,LAL,984,17
401071134,LAL,3062679,34
401071134,LAL,4066421,39
401071134,LAL,3150844,8
401071134,LAL,4017837,2
401071134,LAL,4244,12
401071134,LAL,2581018,38
401071134,LAL,3133602,6
401071134,LAL,3418,0
401071134,LAL,3452,0
401071134,LAL,4348697,0
401071134,BKN,2528794,38
401071134,BKN,3064291,38
401071134,BKN,4230548,17
401071134,BKN,4066328,20
401071134,BKN,3136776,34
401071134,BKN,3970,24
401071134,BKN,3201,24
401071134,BKN,4259,12
401071134,BKN,2580782,34
401071134,BKN,6433,0
401071134,BKN,2595231,0
401071134,BKN,2530780,0
401071135,DAL,6578,34
401071135,DAL,3442,27
401071135,DAL,4032,32
401071135,DAL,3934672,25
401071135,DAL,3945274,35
401071135,DAL,609,7
401071135,DAL,2531367,17
401071135,DAL,2578185,27
401071135,DAL,2382,15
401071135,DAL,3055,21
401071135,DAL,2489693,1
401071135,DAL,2968458,0
401071135,DEN,4017839,30
401071135,DEN,2528693,20
401071135,DEN,2488653,34
401071135,DEN,3112335,35
401071135,DEN,3936299,39
401071135,DEN,3136196,21
401071135,DEN,3059310,25
401071135,DEN,3907822,27
401071135,DEN,3243,9
401071135,DEN,3057198,0
401071135,DEN,3934662,0
401071135,DEN,3155536,0
401071136,CLE,2580365,34
401071136,CLE,3062744,16
401071136,CLE,3893016,28
401071136,CLE,2581177,36
401071136,CLE,4277811,27
401071136,CLE,2982240,23
401071136,CLE,4017838,16
401071136,CLE,6429,25
401071136,CLE,2528426,35
401071136,CLE,2754,0
401071136,CLE,2489716,0
401071136,CHA,2797,38
401071136,CHA,3416,30
401071136,CHA,2579258,28
401071136,CHA,6479,38
401071136,CHA,6603,42
401071136,CHA,6601,20
401071136,CHA,2579294,4
401071136,CHA,4066383,14
401071136,CHA,2999409,4
401071136,CHA,1015,23
401071136,CHA,3133601,0
401071136,CHA,3907821,0
401071136,CHA,4066262,0
401071137,SA,3005,23
401071137,SA,2983,26
401071137,SA,2994526,25
401071137,SA,3978,30
401071137,SA,3078576,34
401071137,SA,3974,12
401071137,SA,4253,8
401071137,SA,3914285,10
401071137,SA,6426,15
401071137,SA,3134908,22
401071137,SA,4004,17
401071137,SA,3190,17
401071137,ORL,3064290,31
401071137,ORL,4065654,25
401071137,ORL,4277919,26
401071137,ORL,6588,25
401071137,ORL,3415,24
401071137,ORL,3064517,6
401071137,ORL,3074797,16
401071137,ORL,2578240,19
401071137,ORL,6619,22
401071137,ORL,2531047,24
401071137,ORL,2579466,16
401071137,ORL,3936294,6
401071137,ORL,6478,0
401071138,NY,3078284,36
401071138,NY,4278075,36
401071138,NY,6447,29
401071138,NY,2528210,28
401071138,NY,3892818,32
401071138,NY,6485,17
401071138,NY,2995706,4
401071138,NY,3064560,10
401071138,NY,4230547,16
401071138,NY,2991149,22
401071138,NY,3445,10
401071138,NY,2579260,0
401071138,PHI,3194,30
401071138,PHI,6430,31
401071138,PHI,3059318,26
401071138,PHI,3024,26
401071138,PHI,3907387,31
401071138,PHI,2769,4
401071138,PHI,2490089,26
401071138,PHI,3915195,4
401071138,PHI,3929325,17
401071138,PHI,2530530,20
401071138,PHI,3059273,4
401071138,PHI,3914044,22
401071139,PHX,2982334,36
401071139,PHX,4278129,32
401071139,PHX,3136193,37
401071139,PHX,3147657,33
401071139,PHX,4066436,16
401071139,PHX,2993370,16
401071139,PHX,4066297,28
401071139,PHX,165,15
401071139,PHX,3133603,26
401071139,PHX,4011991,0
401071139,PHX,2531352,0
401071139,PHX,2489530,0
401071139,PHX,3912854,0
401071139,BOS,4065648,36
401071139,BOS,2968439,2
401071139,BOS,6442,36
401071139,BOS,2990992,32
401071139,BOS,3917376,24
401071139,BOS,3056602,13
401071139,BOS,4249,29
401071139,BOS,2451037,21
401071139,BOS,4066211,24
401071139,BOS,3074752,23
401071139,BOS,6507,0
401071140,IND,3244,35
401071140,IND,3593,33
401071140,IND,3133628,26
401071140,IND,3973,31
401071140,IND,2527963,36
401071140,IND,2528588,18
401071140,IND,3155942,25
401071140,IND,6446,23
401071140,IND,3983,13
401071140,IND,4066425,0
401071140,IND,6615,0
401071140,IND,3922230,0
401071140,TOR,3988,28
401071140,TOR,6450,39
401071140,TOR,3149673,35
401071140,TOR,4260,22
401071140,TOR,2991230,31
401071140,TOR,3934719,20
401071140,TOR,3948153,10
401071140,TOR,2778,8
401071140,TOR,2528787,7
401071140,TOR,2595516,15
401071140,TOR,3064447,22
401071140,TOR,3934663,5
401071141,BKN,2528794,29
401071141,BKN,3064291,28
401071141,BKN,4230548,23
401071141,BKN,4066328,31
401071141,BKN,3136776,31
401071141,BKN,3970,19
401071141,BKN,3201,20
401071141,BKN,4259,17
401071141,BKN,2580782,32
401071141,BKN,2530780,10
401071141,BKN,6433,0
401071141,BKN,2595231,0
401071141,CHI,2284101,35
401071141,CHI,4066336,33
401071141,CHI,4277847,24
401071141,CHI,2991047,23
401071141,CHI,2991139,34
401071141,CHI,3064482,24
401071141,CHI,3149010,6
401071141,CHI,3447,15
401071141,CHI,3064230,20
401071141,CHI,2991274,26
401071141,CHI,3113587,0
401071141,CHI,3907386,0
401071141,CHI,4066334,0
401071142,WSH,3209,26
401071142,WSH,2426,36
401071142,WSH,3934723,24
401071142,WSH,4237,39
401071142,WSH,6580,39
401071142,WSH,6461,24
401071142,WSH,2991184,15
401071142,WSH,4278508,4
401071142,WSH,6621,22
401071142,WSH,2531797,4
401071142,WSH,2580898,8
401071142,WSH,2774,0
401071142,HOU,3033,34
401071142,HOU,3102529,35
401071142,HOU,2779,28
401071142,HOU,3431,31
401071142,HOU,3992,34
401071142,HOU,3132042,4
401071142,HOU,2991155,25
401071142,HOU,3907487,4
401071142,HOU,4222252,6
401071142,HOU,6448,6
401071142,HOU,2761,28
401071142,HOU,2596108,4
401071142,HOU,1713,0
401071143,NO,6583,29
401071143,NO,6610,37
401071143,NO,2488958,32
401071143,NO,2488945,24
401071143,NO,3995,37
401071143,NO,4247,9
401071143,NO,3919335,6
401071143,NO,3135048,13
401071143,NO,6460,24
401071143,NO,3064511,4
401071143,NO,3133626,7
401071143,NO,4065651,18
401071143,NO,6459,0
401071143,MIL,6609,33
401071143,MIL,3032977,34
401071143,MIL,3448,20
401071143,MIL,4238,24
401071143,MIL,2566769,26
401071143,MIL,3136491,24
401071143,MIL,4017843,15
401071143,MIL,2528353,18
401071143,MIL,3057187,19
401071143,MIL,3438,29
401071143,MIL,3232,0
401071143,MIL,2578239,0
401071144,DET,3989,42
401071144,DET,2528779,43
401071144,DET,6585,42
401071144,DET,6443,34
401071144,DET,3913174,19
401071144,DET,6452,6
401071144,DET,3134881,15
401071144,DET,2016,5
401071144,DET,2530572,24
401071144,DET,2806,19
401071144,DET,4065670,17
401071144,DET,3912334,0
401071144,MIN,2490620,37
401071144,MIN,3986,22
401071144,MIN,3059319,38
401071144,MIN,3136195,41
401071144,MIN,3456,38
401071144,MIN,3276,0
401071144,MIN,3032978,32
401071144,MIN,2534781,11
401071144,MIN,3135046,15
401071144,MIN,4065663,31
401071144,MIN,2429,0
401071144,MIN,2326411,0
401071144,MIN,3417,0
401071145,GS,3202,36
401071145,GS,6589,37
401071145,GS,3155535,16
401071145,GS,3975,37
401071145,GS,6475,37
401071145,GS,2386,17
401071145,GS,3998,21
401071145,GS,2530923,12
401071145,GS,3064427,9
401071145,GS,2566745,2
401071145,GS,2393,16
401071145,GS,3934621,0
401071145,UTAH,4257,26
401071145,UTAH,2968436,35
401071145,UTAH,3032976,32
401071145,UTAH,4011,31
401071145,UTAH,3908809,36
401071145,UTAH,6581,31
401071145,UTAH,3028,4
401071145,UTAH,2583632,8
401071145,UTAH,2011,20
401071145,UTAH,3102528,17
401071145,UTAH,4261,0
401071145,UTAH,2990969,0
401071145,UTAH,2968361,0
401071146,MEM,2993874,35
401071146,MEM,4277961,29
401071146,MEM,3206,36
401071146,MEM,3195,37
401071146,MEM,4023,29
401071146,MEM,3917378,10
401071146,MEM,2327577,21
401071146,MEM,6454,22
401071146,MEM,3059316,9
401071146,MEM,3133635,12
401071146,MEM,3554,0
401071146,MEM,6466,0
401071146,MEM,6428,0
401071146,POR,4248,22
401071146,POR,6591,22
401071146,POR,3102530,21
401071146,POR,6606,33
401071146,POR,2490149,30
401071146,POR,4066650,26
401071146,POR,6605,27
401071146,POR,4239,26
401071146,POR,2326307,18
401071146,POR,2991042,15
401071146,POR,2982268,0
401071146,POR,3906671,0
401071146,POR,3136696,0
401071147,OKC,4251,38
401071147,OKC,2991070,37
401071147,OKC,4230546,29
401071147,OKC,2991235,34
401071147,OKC,3468,35
401071147,OKC,4264,10
401071147,OKC,2595435,2
401071147,OKC,2991280,14
401071147,OKC,3893019,2
401071147,OKC,2995702,23
401071147,OKC,4080610,17
401071147,OKC,2753,0
401071147,OKC,3032979,0
401071147,SAC,4269,23
401071147,SAC,3138156,37
401071147,SAC,2991282,32
401071147,SAC,2990984,35
401071147,SAC,4066259,37
401071147,SAC,3078286,19
401071147,SAC,3444,13
401071147,SAC,3936296,16
401071147,SAC,2991018,14
401071147,SAC,2578213,12
401071147,SAC,3059315,3
401071147,SAC,6468,0
401071147,SAC,3037789,0
401071148,HOU,3033,38
401071148,HOU,3102529,29
401071148,HOU,2779,12
401071148,HOU,3431,38
401071148,HOU,3992,43
401071148,HOU,2991155,18
401071148,HOU,1713,19
401071148,HOU,6448,18
401071148,HOU,2761,25
401071148,HOU,3132042,0
401071148,HOU,3907487,0
401071148,HOU,2596108,0
401071148,MIA,3999,18
401071148,MIA,4262,24
401071148,MIA,2581190,38
401071148,MIA,2488826,24
401071148,MIA,2530276,32
401071148,MIA,2489663,22
401071148,MIA,3936099,27
401071148,MIA,4066261,24
401071148,MIA,3981,5
401071148,MIA,1987,26
401071148,MIA,2184,0
401071148,MIA,3135047,0
401071148,MIA,3136183,0
401071149,DAL,6578,35
401071149,DAL,3442,33
401071149,DAL,4032,27
401071149,DAL,3934672,21
401071149,DAL,3945274,31
401071149,DAL,609,6
401071149,DAL,2531367,7
401071149,DAL,2578185,19
401071149,DAL,2960236,8
401071149,DAL,2968458,9
401071149,DAL,2382,19
401071149,DAL,3055,27
401071149,LAC,3428,34
401071149,LAC,6440,37
401071149,LAC,2758,12
401071149,LAC,4240,28
401071149,LAC,4278073,19
401071149,LAC,6622,14
401071149,LAC,4376,7
401071149,LAC,2991055,28
401071149,LAC,3964,25
401071149,LAC,2799,24
401071149,LAC,3002137,11
401071149,LAC,3064539,0
401071149,LAC,4192,0
401071150,DET,3989,37
401071150,DET,2528779,37
401071150,DET,6585,38
401071150,DET,6443,28
401071150,DET,3913174,19
401071150,DET,6452,6
401071150,DET,3134881,22
401071150,DET,2016,5
401071150,DET,2530572,15
401071150,DET,2806,20
401071150,DET,4065670,15
401071150,DET,3912334,0
401071150,CHA,2797,32
401071150,CHA,3416,36
401071150,CHA,2579258,21
401071150,CHA,6479,34
401071150,CHA,6603,30
401071150,CHA,6601,23
401071150,CHA,4066383,24
401071150,CHA,2999409,20
401071150,CHA,1015,19
401071150,CHA,2579294,0
401071150,CHA,3133601,0
401071150,CHA,3907821,0
401071150,CHA,4066262,0
401071151,CLE,2580365,30
401071151,CLE,3062744,14
401071151,CLE,3893016,22
401071151,CLE,2581177,18
401071151,CLE,4277811,28
401071151,CLE,2982240,30
401071151,CLE,4017838,18
401071151,CLE,6429,29
401071151,CLE,2489716,18
401071151,CLE,2528426,33
401071151,CLE,2754,0
401071151,TOR,6450,32
401071151,TOR,3149673,37
401071151,TOR,3934719,22
401071151,TOR,2991230,38
401071151,TOR,3064447,33
401071151,TOR,3948153,2
401071151,TOR,4260,14
401071151,TOR,2778,17
401071151,TOR,2528787,16
401071151,TOR,2595516,26
401071151,TOR,3934663,2
401071152,IND,3244,31
401071152,IND,3593,35
401071152,IND,3133628,37
401071152,IND,3973,30
401071152,IND,2527963,36
401071152,IND,2528588,21
401071152,IND,3155942,19
401071152,IND,6446,20
401071152,IND,3922230,12
401071152,IND,4066425,0
401071152,IND,6615,0
401071152,IND,3983,0
401071152,BKN,2528794,31
401071152,BKN,3064291,20
401071152,BKN,4230548,34
401071152,BKN,4066328,29
401071152,BKN,3136776,26
401071152,BKN,3970,20
401071152,BKN,3201,28
401071152,BKN,4259,19
401071152,BKN,2580782,32
401071152,BKN,6433,0
401071152,BKN,2595231,0
401071152,BKN,2530780,0
401071152,BKN,3138154,0
401071153,ATL,3908845,33
401071153,ATL,6637,30
401071153,ATL,2580913,28
401071153,ATL,4066372,34
401071153,ATL,4277905,28
401071153,ATL,3147351,4
401071153,ATL,2596107,21
401071153,ATL,3062667,28
401071153,ATL,136,14
401071153,ATL,4299,21
401071153,ATL,2982340,0
401071153,ATL,3133874,0
401071153,ATL,3915560,0
401071153,NY,3078284,37
401071153,NY,4278075,37
401071153,NY,6447,24
401071153,NY,2528210,38
401071153,NY,3892818,34
401071153,NY,6485,19
401071153,NY,3064560,11
401071153,NY,4230547,14
401071153,NY,2991149,16
401071153,NY,3445,10
401071153,NY,2995706,0
401071153,NY,2579260,0
401071154,MIL,6609,34
401071154,MIL,3032977,33
401071154,MIL,3448,24
401071154,MIL,4238,30
401071154,MIL,2566769,26
401071154,MIL,3136491,13
401071154,MIL,4017843,15
401071154,MIL,2528353,18
401071154,MIL,3057187,25
401071154,MIL,3438,23
401071154,MIL,3232,0
401071154,MIL,3952343,0
401071154,MIL,2578239,0
401071154,BOS,3056602,17
401071154,BOS,4065648,32
401071154,BOS,4249,36
401071154,BOS,6442,39
401071154,BOS,2990992,29
401071154,BOS,4017844,5
401071154,BOS,2451037,24
401071154,BOS,4066211,8
401071154,BOS,6507,2
401071154,BOS,3074752,19
401071154,BOS,3917376,30
401071155,ORL,3064290,37
401071155,ORL,4065654,20
401071155,ORL,6478,37
401071155,ORL,6588,34
401071155,ORL,3415,34
401071155,ORL,3064517,4
401071155,ORL,3074797,22
401071155,ORL,4277919,11
401071155,ORL,6619,28
401071155,ORL,2531047,14
401071155,ORL,2578240,0
401071155,ORL,3913546,0
401071155,ORL,3936294,0
401071155,CHI,2284101,37
401071155,CHI,4066336,37
401071155,CHI,4277847,25
401071155,CHI,2991047,33
401071155,CHI,2991139,36
401071155,CHI,3149010,17
401071155,CHI,3447,23
401071155,CHI,2991274,22
401071155,CHI,3907386,12
401071155,CHI,3113587,0
401071155,CHI,4066334,0
401071156,MIN,2490620,31
401071156,MIN,3986,24
401071156,MIN,3059319,29
401071156,MIN,3136195,29
401071156,MIN,3456,16
401071156,MIN,3276,4
401071156,MIN,3032978,20
401071156,MIN,2326411,4
401071156,MIN,2534781,19
401071156,MIN,3417,12
401071156,MIN,3135046,26
401071156,MIN,4065663,26
401071156,MIN,2429,0
401071156,SA,3005,19
401071156,SA,2983,23
401071156,SA,2994526,30
401071156,SA,3978,32
401071156,SA,3078576,25
401071156,SA,3974,4
401071156,SA,4253,5
401071156,SA,3914285,4
401071156,SA,6426,23
401071156,SA,3134908,27
401071156,SA,4004,23
401071156,SA,3190,26
401071157,UTAH,4257,24
401071157,UTAH,2968436,28
401071157,UTAH,3032976,30
401071157,UTAH,4011,27
401071157,UTAH,3908809,28
401071157,UTAH,6581,24
401071157,UTAH,3028,10
401071157,UTAH,4261,4
401071157,UTAH,2583632,10
401071157,UTAH,2990969,4
401071157,UTAH,2968361,4
401071157,UTAH,2011,26
401071157,UTAH,3102528,21
401071157,POR,4248,23
401071157,POR,6591,19
401071157,POR,3102530,27
401071157,POR,6606,34
401071157,POR,2490149,30
401071157,POR,2982268,6
401071157,POR,3906671,6
401071157,POR,4066650,21
401071157,POR,6605,16
401071157,POR,4239,24
401071157,POR,2326307,16
401071157,POR,2991042,14
401071157,POR,3136696,6
401071158,MEM,2993874,33
401071158,MEM,4277961,24
401071158,MEM,3206,38
401071158,MEM,3195,32
401071158,MEM,4023,38
401071158,MEM,2327577,27
401071158,MEM,6428,3
401071158,MEM,6454,26
401071158,MEM,3059316,16
401071158,MEM,3133635,3
401071158,MEM,3917378,0
401071158,MEM,3554,0
401071158,MEM,3133838,0
401071158,SAC,3444,15
401071158,SAC,2991282,37
401071158,SAC,6468,21
401071158,SAC,2990984,38
401071158,SAC,4066259,33
401071158,SAC,4269,36
401071158,SAC,3138156,22
401071158,SAC,2991018,11
401071158,SAC,3037789,27
401071158,SAC,3936296,0
401071158,SAC,2578213,0
401071158,SAC,3059315,0
401071159,NO,6583,39
401071159,NO,3064514,34
401071159,NO,2488958,15
401071159,NO,2488945,12
401071159,NO,3995,38
401071159,NO,6610,32
401071159,NO,3135048,13
401071159,NO,6460,32
401071159,NO,3064511,6
401071159,NO,3133626,11
401071159,NO,4065651,10
401071159,NO,4247,0
401071159,NO,3919335,0
401071159,LAL,1966,39
401071159,LAL,3134907,37
401071159,LAL,3913176,33
401071159,LAL,4017837,32
401071159,LAL,4066421,26
401071159,LAL,984,16
401071159,LAL,3026,22
401071159,LAL,2581018,15
401071159,LAL,3062679,20
401071159,LAL,3452,0
401071159,LAL,3150844,0
401071159,LAL,4244,0
401071159,LAL,3133602,0
401071160,DEN,4017839,23
401071160,DEN,2528693,26
401071160,DEN,2488653,30
401071160,DEN,3112335,21
401071160,DEN,3936299,31
401071160,DEN,3136196,18
401071160,DEN,3934662,9
401071160,DEN,3155536,10
401071160,DEN,3059310,25
401071160,DEN,3907822,28
401071160,DEN,3243,13
401071160,DEN,3057198,6
401071160,LAC,3428,25
401071160,LAC,6440,27
401071160,LAC,2758,20
401071160,LAC,4240,22
401071160,LAC,4278073,33
401071160,LAC,6622,23
401071160,LAC,4376,9
401071160,LAC,2991055,19
401071160,LAC,3964,19
401071160,LAC,2799,17
401071160,LAC,3064539,7
401071160,LAC,3002137,20
401071160,LAC,4192,0
401071161,PHX,2982334,53
401071161,PHX,4278129,39
401071161,PHX,3136193,55
401071161,PHX,3147657,33
401071161,PHX,4066436,20
401071161,PHX,2993370,24
401071161,PHX,4066297,17
401071161,PHX,165,33
401071161,PHX,3133603,42
401071161,PHX,4011991,0
401071161,PHX,2531352,0
401071161,PHX,2489530,0
401071161,PHX,4230550,0
401071161,WSH,3209,49
401071161,WSH,2426,54
401071161,WSH,3934723,36
401071161,WSH,6621,48
401071161,WSH,6580,54
401071161,WSH,6461,27
401071161,WSH,2991184,14
401071161,WSH,2580349,14
401071161,WSH,2580898,19
401071161,WSH,4278508,0
401071161,WSH,2774,0
401071161,WSH,4237,0
401071161,WSH,2531797,0
401071162,TOR,3988,25
401071162,TOR,3149673,37
401071162,TOR,3934719,26
401071162,TOR,4260,22
401071162,TOR,3012,31
401071162,TOR,3948153,6
401071162,TOR,2778,12
401071162,TOR,2528787,6
401071162,TOR,2595516,25
401071162,TOR,2991230,28
401071162,TOR,3064447,17
401071162,TOR,3934663,4
401071162,PHI,6430,29
401071162,PHI,2490089,18
401071162,PHI,3059318,31
401071162,PHI,3024,28
401071162,PHI,3907387,34
401071162,PHI,3155533,25
401071162,PHI,2769,4
401071162,PHI,3915195,4
401071162,PHI,3929325,19
401071162,PHI,2530530,28
401071162,PHI,3059273,4
401071162,PHI,3914044,16
401071163,MIL,6609,35
401071163,MIL,3032977,34
401071163,MIL,2528353,33
401071163,MIL,3448,28
401071163,MIL,4238,34
401071163,MIL,3136491,26
401071163,MIL,4017843,8
401071163,MIL,3057187,12
401071163,MIL,3438,17
401071163,MIL,2578239,14
401071163,MIL,3232,0
401071163,MIL,3952343,0
401071163,MIL,2566769,0
401071163,MIA,3135047,28
401071163,MIA,3999,30
401071163,MIA,4262,28
401071163,MIA,2581190,39
401071163,MIA,2488826,24
401071163,MIA,2489663,20
401071163,MIA,3936099,9
401071163,MIA,4066261,18
401071163,MIA,1987,27
401071163,MIA,2530276,18
401071163,MIA,2184,0
401071163,MIA,3981,0
401071164,SA,3005,34
401071164,SA,2983,31
401071164,SA,2994526,29
401071164,SA,3978,38
401071164,SA,3078576,28
401071164,SA,6426,23
401071164,SA,3134908,17
401071164,SA,4004,20
401071164,SA,3190,21
401071164,SA,3974,0
401071164,SA,4253,0
401071164,SA,3914285,0
401071164,HOU,3033,35
401071164,HOU,2991155,28
401071164,HOU,3102529,35
401071164,HOU,3431,37
401071164,HOU,3992,41
401071164,HOU,3132042,9
401071164,HOU,1713,13
401071164,HOU,6448,12
401071164,HOU,2761,31
401071164,HOU,3907487,0
401071164,HOU,2596108,0
401071165,DAL,6578,36
401071165,DAL,3442,36
401071165,DAL,4032,36
401071165,DAL,3934672,24
401071165,DAL,3945274,30
401071165,DAL,609,12
401071165,DAL,2578185,21
401071165,DAL,2960236,12
401071165,DAL,2382,12
401071165,DAL,3055,20
401071165,DAL,2531367,0
401071165,DAL,2968458,0
401071165,DAL,2489693,0
401071165,GS,3202,37
401071165,GS,6589,35
401071165,GS,3155535,24
401071165,GS,3975,39
401071165,GS,6475,33
401071165,GS,2386,23
401071165,GS,3998,21
401071165,GS,2530923,7
401071165,GS,3064427,3
401071165,GS,2393,17
401071165,GS,2566745,0
401071165,GS,2595209,0
401071166,OKC,4251,40
401071166,OKC,2991070,39
401071166,OKC,4230546,19
401071166,OKC,2991235,39
401071166,OKC,3468,35
401071166,OKC,4264,9
401071166,OKC,2991280,9
401071166,OKC,2995702,16
401071166,OKC,3032979,27
401071166,OKC,4080610,8
401071166,OKC,2595435,0
401071166,OKC,3893019,0
401071166,OKC,2753,0
401071166,UTAH,4257,28
401071166,UTAH,2968436,33
401071166,UTAH,3032976,34
401071166,UTAH,4011,37
401071166,UTAH,3908809,37
401071166,UTAH,6581,20
401071166,UTAH,3028,14
401071166,UTAH,2583632,7
401071166,UTAH,2011,19
401071166,UTAH,3102528,11
401071166,UTAH,4261,0
401071166,UTAH,2990969,0
401071166,UTAH,2968361,0
401071167,ATL,6637,35
401071167,ATL,2580913,21
401071167,ATL,2596107,35
401071167,ATL,4066372,34
401071167,ATL,4277905,31
401071167,ATL,2982340,14
401071167,ATL,2991283,3
401071167,ATL,3147351,4
401071167,ATL,3062667,18
401071167,ATL,136,28
401071167,ATL,4299,17
401071167,ATL,3133874,0
401071167,ATL,3915560,0
401071167,DET,3989,39
401071167,DET,2528779,37
401071167,DET,6585,29
401071167,DET,6443,31
401071167,DET,3913174,9
401071167,DET,3134881,20
401071167,DET,2016,19
401071167,DET,2530572,22
401071167,DET,2806,17
401071167,DET,4065670,16
401071167,DET,6452,0
401071167,DET,3912334,0
401071167,DET,3133629,0
401071168,WSH,3209,26
401071168,WSH,2426,28
401071168,WSH,3934723,18
401071168,WSH,4237,28
401071168,WSH,6580,24
401071168,WSH,6461,25
401071168,WSH,2991184,22
401071168,WSH,4278508,6
401071168,WSH,2774,5
401071168,WSH,6621,20
401071168,WSH,2531797,4
401071168,WSH,2580349,16
401071168,WSH,2580898,18
401071168,IND,3244,28
401071168,IND,3593,29
401071168,IND,3133628,32
401071168,IND,3973,22
401071168,IND,2527963,36
401071168,IND,4066425,1
401071168,IND,2528588,21
401071168,IND,3155942,25
401071168,IND,6615,2
401071168,IND,6446,28
401071168,IND,3922230,15
401071169,CHA,2797,26
401071169,CHA,3416,23
401071169,CHA,2579258,20
401071169,CHA,6479,29
401071169,CHA,6603,28
401071169,CHA,6601,18
401071169,CHA,4066383,27
401071169,CHA,2999409,23
401071169,CHA,3133601,12
401071169,CHA,1015,11
401071169,CHA,3907821,9
401071169,CHA,4066262,15
401071169,CHA,2579294,0
401071169,BOS,6462,20
401071169,BOS,4065648,23
401071169,BOS,3213,19
401071169,BOS,6442,29
401071169,BOS,2990992,29
401071169,BOS,3056602,12
401071169,BOS,4017844,6
401071169,BOS,4249,24
401071169,BOS,2451037,18
401071169,BOS,4066211,11
401071169,BOS,6507,7
401071169,BOS,3074752,26
401071169,BOS,3917376,16
401071170,PHX,2982334,29
401071170,PHX,4278129,32
401071170,PHX,3136193,30
401071170,PHX,3147657,36
401071170,PHX,4066436,25
401071170,PHX,2993370,16
401071170,PHX,4066297,23
401071170,PHX,165,14
401071170,PHX,2489530,14
401071170,PHX,3133603,20
401071170,PHX,4011991,0
401071170,PHX,2531352,0
401071170,PHX,4230550,0
401071170,BKN,2528794,32
401071170,BKN,3064291,17
401071170,BKN,4230548,33
401071170,BKN,4066328,24
401071170,BKN,3136776,31
401071170,BKN,3970,29
401071170,BKN,3201,21
401071170,BKN,4259,24
401071170,BKN,2580782,26
401071170,BKN,2530780,3
401071170,BKN,3138154,1
401071170,BKN,6433,0
401071170,BKN,2595231,0
401071171,CHI,2284101,34
401071171,CHI,4066336,32
401071171,CHI,4277847,19
401071171,CHI,2991047,33
401071171,CHI,2991139,29
401071171,CHI,3113587,2
401071171,CHI,3149010,32
401071171,CHI,3447,20
401071171,CHI,2991274,23
401071171,CHI,3907386,14
401071171,CHI,4066334,2
401071171,CHI,3056600,0
401071171,CHI,3064230,0
401071171,CLE,2580365,33
401071171,CLE,2982240,22
401071171,CLE,3893016,37
401071171,CLE,6429,28
401071171,CLE,4277811,33
401071171,CLE,2754,2
401071171,CLE,2579476,2
401071171,CLE,3062744,21
401071171,CLE,4017838,13
401071171,CLE,2489716,19
401071171,CLE,2528426,31
401071171,CLE,2581177,0
401071172,MIA,3135047,31
401071172,MIA,3999,25
401071172,MIA,4262,28
401071172,MIA,2581190,37
401071172,MIA,2530276,28
401071172,MIA,2489663,22
401071172,MIA,3936099,22
401071172,MIA,4066261,20
401071172,MIA,3981,4
401071172,MIA,1987,24
401071172,MIA,2184,0
401071172,MIA,2488826,0
401071172,ORL,3064290,33
401071172,ORL,4065654,24
401071172,ORL,6478,29
401071172,ORL,6588,27
401071172,ORL,3415,22
401071172,ORL,3064517,4
401071172,ORL,3074797,4
401071172,ORL,2578240,4
401071172,ORL,4277919,15
401071172,ORL,6619,28
401071172,ORL,2531047,26
401071172,ORL,2579466,21
401071172,ORL,3936294,4
401071173,NO,6583,40
401071173,NO,3064514,31
401071173,NO,6610,35
401071173,NO,2488945,23
401071173,NO,3995,37
401071173,NO,2488958,13
401071173,NO,3135048,18
401071173,NO,6460,31
401071173,NO,4065651,14
401071173,NO,4247,0
401071173,NO,3919335,0
401071173,NO,2489785,0
401071173,NO,3133626,0
401071173,SAC,4269,30
401071173,SAC,2991282,35
401071173,SAC,6468,21
401071173,SAC,2990984,37
401071173,SAC,4066259,34
401071173,SAC,4065649,11
401071173,SAC,3138156,20
401071173,SAC,3444,13
401071173,SAC,2991018,9
401071173,SAC,3037789,31
401071173,SAC,3936296,0
401071173,SAC,2578213,0
401071173,SAC,3059315,0
401071174,MIN,2490620,29
401071174,MIN,3986,25
401071174,MIN,3059319,42
401071174,MIN,3136195,27
401071174,MIN,3135046,32
401071174,MIN,3032978,23
401071174,MIN,2534781,21
401071174,MIN,3417,16
401071174,MIN,4065663,25
401071174,MIN,3276,0
401071174,MIN,2429,0
401071174,MIN,2326411,0
401071174,MIN,3133843,0
401071174,OKC,4251,39
401071174,OKC,2991070,33
401071174,OKC,4230546,8
401071174,OKC,2991235,28
401071174,OKC,3468,36
401071174,OKC,4264,17
401071174,OKC,2991280,18
401071174,OKC,2995702,27
401071174,OKC,3032979,25
401071174,OKC,4080610,9
401071174,OKC,2595435,0
401071174,OKC,3893019,0
401071174,OKC,2753,0
401071175,LAC,3428,37
401071175,LAC,6440,38
401071175,LAC,2758,11
401071175,LAC,4240,31
401071175,LAC,4278073,28
401071175,LAC,6622,13
401071175,LAC,2991055,26
401071175,LAC,3964,24
401071175,LAC,2799,25
401071175,LAC,3064539,1
401071175,LAC,3002137,8
401071175,LAC,4376,0
401071175,LAC,4192,0
401071175,GS,3202,38
401071175,GS,3998,21
401071175,GS,6589,32
401071175,GS,3975,36
401071175,GS,6475,36
401071175,GS,2386,24
401071175,GS,2530923,14
401071175,GS,3155535,22
401071175,GS,2393,17
401071175,GS,3064427,0
401071175,GS,2566745,0
401071175,GS,2595209,0
401071176,DAL,6578,35
401071176,DAL,3442,34
401071176,DAL,4032,35
401071176,DAL,3934672,33
401071176,DAL,3945274,35
401071176,DAL,2531367,19
401071176,DAL,2578185,18
401071176,DAL,2960236,18
401071176,DAL,2382,18
401071176,DAL,3055,20
401071176,DAL,609,0
401071176,DAL,2968458,0
401071176,DAL,2489693,0
401071176,POR,4248,36
401071176,POR,6591,26
401071176,POR,3102530,29
401071176,POR,6606,39
401071176,POR,2490149,34
401071176,POR,4066650,18
401071176,POR,6605,23
401071176,POR,4239,24
401071176,POR,2326307,22
401071176,POR,2991042,14
401071176,POR,2982268,0
401071176,POR,3906671,0
401071176,POR,3136696,0
401071177,MEM,2993874,24
401071177,MEM,4277961,31
401071177,MEM,3206,32
401071177,MEM,3195,35
401071177,MEM,4023,40
401071177,MEM,3917378,10
401071177,MEM,2327577,22
401071177,MEM,3155526,12
401071177,MEM,6454,16
401071177,MEM,3059316,18
401071177,MEM,3133838,0
401071177,MEM,6428,0
401071177,MEM,3133635,0
401071177,LAL,1966,36
401071177,LAL,3134907,37
401071177,LAL,3913176,37
401071177,LAL,4017837,33
401071177,LAL,4066421,27
401071177,LAL,3150844,4
401071177,LAL,3026,18
401071177,LAL,4244,1
401071177,LAL,2581018,19
401071177,LAL,3062679,27
401071177,LAL,984,0
401071177,LAL,3452,0
401071177,LAL,3133602,0
401070233,MIL,6609,29
401070233,MIL,3032977,35
401070233,MIL,3448,29
401070233,MIL,4238,29
401070233,MIL,2566769,27
401070233,MIL,3136491,16
401070233,MIL,4017843,15
401070233,MIL,2528353,14
401070233,MIL,3057187,14
401070233,MIL,3438,28
401070233,MIL,3934673,3
401070233,MIL,3232,0
401070233,MIL,2578239,0
401070233,NY,3078284,33
401070233,NY,4278075,37
401070233,NY,6447,25
401070233,NY,2528210,33
401070233,NY,3892818,34
401070233,NY,6485,12
401070233,NY,3064560,14
401070233,NY,2579260,14
401070233,NY,2991149,19
401070233,NY,3907525,18
401070233,NY,2995706,0
401070233,NY,4230547,0
401070233,NY,3445,0
401070234,OKC,4251,38
401070234,OKC,2991070,30
401070234,OKC,4230546,24
401070234,OKC,2991235,37
401070234,OKC,3468,38
401070234,OKC,4264,5
401070234,OKC,2595435,10
401070234,OKC,2991280,11
401070234,OKC,3032979,34
401070234,OKC,4080610,13
401070234,OKC,3059358,0
401070234,OKC,2753,0
401070234,OKC,2995702,0
401070234,HOU,3033,37
401070234,HOU,2991155,25
401070234,HOU,3102529,31
401070234,HOU,3431,39
401070234,HOU,3992,39
401070234,HOU,1713,17
401070234,HOU,6617,31
401070234,HOU,2761,20
401070234,HOU,3132042,0
401070234,HOU,3907487,0
401070234,HOU,4222252,0
401070234,HOU,6448,0
401070234,HOU,2596108,0
401070235,PHI,3194,40
401070235,PHI,6430,43
401070235,PHI,3059318,40
401070235,PHI,3024,39
401070235,PHI,3907387,38
401070235,PHI,2490089,17
401070235,PHI,3929325,10
401070235,PHI,2530530,24
401070235,PHI,3914044,14
401070235,PHI,3155533,0
401070235,PHI,2769,0
401070235,PHI,3915195,0
401070235,PHI,3059273,0
401070235,BOS,6462,37
401070235,BOS,4065648,38
401070235,BOS,3213,30
401070235,BOS,6442,40
401070235,BOS,2990992,30
401070235,BOS,4249,28
401070235,BOS,2451037,22
401070235,BOS,3074752,20
401070235,BOS,3917376,20
401070235,BOS,3056602,0
401070235,BOS,4017844,0
401070235,BOS,4066211,0
401070235,BOS,6507,0
401070236,LAL,1966,21
401070236,LAL,3134907,31
401070236,LAL,3913176,24
401070236,LAL,4017837,31
401070236,LAL,4066421,24
401070236,LAL,984,16
401070236,LAL,3150844,2
401070236,LAL,3026,23
401070236,LAL,4244,11
401070236,LAL,2581018,26
401070236,LAL,3062679,29
401070236,LAL,3133602,2
401070236,LAL,3452,0
401070236,GS,3202,37
401070236,GS,6589,25
401070236,GS,3155535,27
401070236,GS,3975,37
401070236,GS,6475,33
401070236,GS,2386,27
401070236,GS,3998,12
401070236,GS,2530923,13
401070236,GS,3064427,7
401070236,GS,2566745,4
401070236,GS,2595209,4
401070236,GS,2393,15
401070237,POR,4248,33
401070237,POR,6591,25
401070237,POR,3102530,26
401070237,POR,6606,34
401070237,POR,2490149,34
401070237,POR,2982268,3
401070237,POR,3906671,3
401070237,POR,4066650,15
401070237,POR,6605,19
401070237,POR,4239,19
401070237,POR,2326307,15
401070237,POR,2991042,12
401070237,POR,3136696,3
401070237,UTAH,4257,19
401070237,UTAH,2968436,33
401070237,UTAH,3032976,33
401070237,UTAH,4011,31
401070237,UTAH,3908809,31
401070237,UTAH,6581,28
401070237,UTAH,3028,8
401070237,UTAH,4261,6
401070237,UTAH,2583632,9
401070237,UTAH,2990969,2
401070237,UTAH,2968361,2
401070237,UTAH,2011,21
401070237,UTAH,3102528,17
401071178,WSH,3209,9
401071178,WSH,2426,38
401071178,WSH,3934723,14
401071178,WSH,4237,38
401071178,WSH,6580,45
401071178,WSH,6461,36
401071178,WSH,4278508,0
401071178,WSH,2774,28
401071178,WSH,6621,21
401071178,WSH,2580898,10
401071178,WSH,2991184,0
401071178,WSH,2580349,0
401071178,DET,3989,34
401071178,DET,2528779,32
401071178,DET,6585,35
401071178,DET,6443,30
401071178,DET,4065670,22
401071178,DET,6452,14
401071178,DET,3134881,18
401071178,DET,2016,13
401071178,DET,2530572,23
401071178,DET,2806,18
401071178,DET,3912334,0
401071178,DET,3133629,0
401071178,DET,3913174,0
401071179,PHX,2982334,36
401071179,PHX,4278129,34
401071179,PHX,3136193,40
401071179,PHX,3147657,35
401071179,PHX,4066436,18
401071179,PHX,2993370,19
401071179,PHX,4066297,27
401071179,PHX,3133603,31
401071179,PHX,4230550,24
401071179,PHX,4011991,0
401071179,PHX,2531352,0
401071179,PHX,2489530,0
401071179,PHX,3912854,0
401071179,ORL,3064290,42
401071179,ORL,4065654,26
401071179,ORL,6478,39
401071179,ORL,6588,35
401071179,ORL,3415,41
401071179,ORL,4277919,14
401071179,ORL,6619,36
401071179,ORL,2531047,12
401071179,ORL,2579466,20
401071179,ORL,3064517,0
401071179,ORL,3074797,0
401071179,ORL,2578240,0
401071179,ORL,3936294,0
401071180,IND,3244,34
401071180,IND,3593,31
401071180,IND,3133628,26
401071180,IND,3973,29
401071180,IND,2527963,35
401071180,IND,2528588,13
401071180,IND,3155942,29
401071180,IND,6446,24
401071180,IND,3983,19
401071180,IND,4066425,0
401071180,IND,3059262,0
401071180,IND,3922230,0
401071180,ATL,3908845,27
401071180,ATL,6637,31
401071180,ATL,2580913,37
401071180,ATL,4066372,31
401071180,ATL,4277905,28
401071180,ATL,2982340,11
401071180,ATL,2991283,2
401071180,ATL,4065836,7
401071180,ATL,3062667,27
401071180,ATL,136,18
401071180,ATL,4299,20
401071180,ATL,3147351,0
401071180,ATL,3915560,0
401071181,CHA,2797,44
401071181,CHA,3416,44
401071181,CHA,2579258,22
401071181,CHA,6479,44
401071181,CHA,6603,49
401071181,CHA,6601,15
401071181,CHA,2579294,0
401071181,CHA,4066383,14
401071181,CHA,2999409,14
401071181,CHA,1015,21
401071181,CHA,4066262,23
401071181,CHA,3133601,0
401071181,CHA,3907821,0
401071181,BKN,2528794,41
401071181,BKN,3064291,43
401071181,BKN,4230548,39
401071181,BKN,4066328,24
401071181,BKN,3136776,27
401071181,BKN,3970,25
401071181,BKN,3201,36
401071181,BKN,4259,14
401071181,BKN,2580782,41
401071181,BKN,6433,0
401071181,BKN,2579326,0
401071181,BKN,2530780,0
401071181,BKN,3138154,0
401071182,TOR,3439,30
401071182,TOR,3988,34
401071182,TOR,6450,35
401071182,TOR,3149673,34
401071182,TOR,2991230,38
401071182,TOR,3934719,25
401071182,TOR,4260,11
401071182,TOR,2595516,16
401071182,TOR,3064447,16
401071182,TOR,2778,0
401071182,TOR,2528787,0
401071182,TOR,3934663,0
401071182,MIA,3135047,33
401071182,MIA,3999,29
401071182,MIA,4262,31
401071182,MIA,2581190,36
401071182,MIA,2488826,15
401071182,MIA,2489663,17
401071182,MIA,3936099,9
401071182,MIA,4066261,17
401071182,MIA,1987,24
401071182,MIA,2530276,29
401071182,MIA,2184,0
401071182,MIA,3136183,0
401071182,MIA,3981,0
401071183,MIN,2490620,37
401071183,MIN,3986,26
401071183,MIN,3059319,32
401071183,MIN,3136195,35
401071183,MIN,3456,38
401071183,MIN,3276,2
401071183,MIN,3032978,20
401071183,MIN,2326411,2
401071183,MIN,2534781,11
401071183,MIN,3417,2
401071183,MIN,3135046,21
401071183,MIN,4065663,14
401071183,MIN,2429,0
401071183,CHI,2284101,29
401071183,CHI,4066336,32
401071183,CHI,4277847,23
401071183,CHI,2991047,28
401071183,CHI,2991139,30
401071183,CHI,3113587,5
401071183,CHI,3149010,15
401071183,CHI,3447,20
401071183,CHI,3064230,4
401071183,CHI,2991274,23
401071183,CHI,3064440,26
401071183,CHI,3907386,5
401071183,CHI,3056600,0
401071184,CLE,2580365,31
401071184,CLE,3893016,31
401071184,CLE,4017838,22
401071184,CLE,6429,29
401071184,CLE,4277811,30
401071184,CLE,2754,17
401071184,CLE,2579476,13
401071184,CLE,2982240,19
401071184,CLE,2489716,18
401071184,CLE,2528426,31
401071184,CLE,2581177,0
401071184,MEM,2993874,35
401071184,MEM,4277961,28
401071184,MEM,3206,35
401071184,MEM,3195,33
401071184,MEM,4023,31
401071184,MEM,2327577,21
401071184,MEM,3155526,15
401071184,MEM,3224,11
401071184,MEM,6454,18
401071184,MEM,3059316,12
401071184,MEM,3917378,0
401071184,MEM,3554,0
401071184,MEM,6428,0
401071185,NO,6583,34
401071185,NO,3064514,37
401071185,NO,6610,32
401071185,NO,2488945,24
401071185,NO,3995,35
401071185,NO,2488958,19
401071185,NO,3135048,17
401071185,NO,6460,27
401071185,NO,4065651,14
401071185,NO,4247,0
401071185,NO,3919335,0
401071185,NO,2489785,0
401071185,NO,3133626,0
401071185,DAL,6578,31
401071185,DAL,2960236,24
401071185,DAL,3442,30
401071185,DAL,4032,28
401071185,DAL,3945274,31
401071185,DAL,609,12
401071185,DAL,2531367,18
401071185,DAL,2578185,20
401071185,DAL,2968458,0
401071185,DAL,2382,17
401071185,DAL,3055,29
401071185,DAL,2489693,0
401071185,DAL,3934672,0
401071186,DEN,4017839,36
401071186,DEN,2528693,34
401071186,DEN,2488653,29
401071186,DEN,3112335,31
401071186,DEN,3936299,27
401071186,DEN,3136196,15
401071186,DEN,3934662,2
401071186,DEN,3155536,3
401071186,DEN,3059310,29
401071186,DEN,3907822,30
401071186,DEN,3057198,3
401071186,DEN,3243,0
401071186,SA,3005,25
401071186,SA,2983,33
401071186,SA,2994526,30
401071186,SA,3978,38
401071186,SA,3078576,28
401071186,SA,3914283,1
401071186,SA,6426,25
401071186,SA,3134908,19
401071186,SA,4004,20
401071186,SA,3190,22
401071186,SA,3974,0
401071186,SA,4253,0
401071186,SA,4277890,0
401071187,SAC,4269,25
401071187,SAC,2991282,23
401071187,SAC,6468,27
401071187,SAC,2990984,26
401071187,SAC,4066259,30
401071187,SAC,4065649,11
401071187,SAC,3138156,19
401071187,SAC,3444,15
401071187,SAC,3936296,9
401071187,SAC,2991018,17
401071187,SAC,2578213,9
401071187,SAC,3037789,24
401071187,SAC,3059315,6
401071187,LAC,3428,23
401071187,LAC,6440,30
401071187,LAC,4376,21
401071187,LAC,4240,30
401071187,LAC,4278073,26
401071187,LAC,6622,16
401071187,LAC,2991055,27
401071187,LAC,3964,25
401071187,LAC,2799,22
401071187,LAC,3064539,3
401071187,LAC,3002137,16
401071187,LAC,2758,0
401071187,LAC,4192,0
401071188,BOS,6462,29
401071188,BOS,4065648,29
401071188,BOS,3213,24
401071188,BOS,6442,36
401071188,BOS,2990992,31
401071188,BOS,3056602,5
401071188,BOS,4017844,5
401071188,BOS,4249,24
401071188,BOS,2451037,18
401071188,BOS,3074752,15
401071188,BOS,3917376,24
401071188,BOS,6507,0
401071188,HOU,3033,35
401071188,HOU,2991155,28
401071188,HOU,3102529,38
401071188,HOU,3431,34
401071188,HOU,3992,39
401071188,HOU,1713,10
401071188,HOU,6617,33
401071188,HOU,2761,23
401071188,HOU,3132042,0
401071188,HOU,3907487,0
401071188,HOU,6448,0
401071188,HOU,2779,0
401071188,HOU,2596108,0
401071189,NY,3078284,35
401071189,NY,4278075,39
401071189,NY,3064560,34
401071189,NY,3445,23
401071189,NY,3892818,27
401071189,NY,6447,14
401071189,NY,4230547,21
401071189,NY,2991149,29
401071189,NY,3907525,19
401071189,NY,6485,0
401071189,NY,2995706,0
401071189,NY,2579260,0
401071189,MIL,6609,33
401071189,MIL,3032977,35
401071189,MIL,3448,26
401071189,MIL,4238,31
401071189,MIL,2566769,31
401071189,MIL,3136491,21
401071189,MIL,4017843,13
401071189,MIL,2528353,17
401071189,MIL,3057187,13
401071189,MIL,3438,20
401071189,MIL,3232,0
401071189,MIL,2578239,0
401071189,MIL,3934673,0
401071190,LAL,3134907,40
401071190,LAL,3913176,38
401071190,LAL,4017837,20
401071190,LAL,3062679,33
401071190,LAL,4066421,37
401071190,LAL,984,21
401071190,LAL,4244,19
401071190,LAL,2581018,28
401071190,LAL,2991350,4
401071190,LAL,3133602,1
401071190,LAL,3064528,0
401071190,LAL,3452,0
401071190,LAL,3150844,0
401071190,SAC,4269,28
401071190,SAC,2991282,34
401071190,SAC,6468,37
401071190,SAC,2990984,29
401071190,SAC,4066259,35
401071190,SAC,3138156,27
401071190,SAC,3444,7
401071190,SAC,2991018,4
401071190,SAC,2578213,8
401071190,SAC,3037789,30
401071190,SAC,4065649,0
401071190,SAC,3936296,0
401071190,SAC,3059315,0
401071191,PHI,3194,19
401071191,PHI,6430,36
401071191,PHI,3059318,33
401071191,PHI,3024,32
401071191,PHI,3907387,31
401071191,PHI,3155533,13
401071191,PHI,2769,2
401071191,PHI,2490089,21
401071191,PHI,3929325,16
401071191,PHI,2530530,23
401071191,PHI,3059273,2
401071191,PHI,3914044,13
401071191,UTAH,4257,19
401071191,UTAH,2968436,29
401071191,UTAH,3032976,36
401071191,UTAH,4011,30
401071191,UTAH,3908809,33
401071191,UTAH,6581,18
401071191,UTAH,3028,18
401071191,UTAH,4261,3
401071191,UTAH,2583632,7
401071191,UTAH,2990969,2
401071191,UTAH,2968361,2
401071191,UTAH,2011,20
401071191,UTAH,3102528,21
401071192,POR,4248,35
401071192,POR,6591,31
401071192,POR,3102530,35
401071192,POR,6606,41
401071192,POR,2490149,39
401071192,POR,4066650,17
401071192,POR,6605,18
401071192,POR,4239,18
401071192,POR,2326307,18
401071192,POR,2991042,12
401071192,POR,2982268,0
401071192,POR,3906671,0
401071192,POR,3136696,0
401071192,GS,3202,42
401071192,GS,6589,41
401071192,GS,3155535,28
401071192,GS,3975,42
401071192,GS,6475,39
401071192,GS,2386,28
401071192,GS,3998,25
401071192,GS,2530923,3
401071192,GS,3064427,1
401071192,GS,2566745,3
401071192,GS,2393,15
401071192,GS,3934621,0
401071193,BKN,2528794,28
401071193,BKN,3064291,18
401071193,BKN,4230548,20
401071193,BKN,4066328,17
401071193,BKN,3136776,34
401071193,BKN,3970,31
401071193,BKN,3201,28
401071193,BKN,4259,25
401071193,BKN,2580782,28
401071193,BKN,2530780,11
401071193,BKN,6433,0
401071193,BKN,2595231,0
401071193,CHA,2797,35
401071193,CHA,3416,29
401071193,CHA,2579258,26
401071193,CHA,6479,36
401071193,CHA,6603,40
401071193,CHA,6601,14
401071193,CHA,4066383,3
401071193,CHA,2999409,14
401071193,CHA,3133601,5
401071193,CHA,1015,23
401071193,CHA,4066262,15
401071193,CHA,2579294,0
401071193,CHA,3907821,0
401071194,DET,3989,32
401071194,DET,2528779,27
401071194,DET,6585,26
401071194,DET,6443,25
401071194,DET,4065670,21
401071194,DET,6452,7
401071194,DET,3134881,16
401071194,DET,2016,18
401071194,DET,2530572,21
401071194,DET,3912334,4
401071194,DET,2806,23
401071194,DET,3913174,21
401071194,IND,3244,25
401071194,IND,3593,27
401071194,IND,3133628,25
401071194,IND,3973,24
401071194,IND,2527963,26
401071194,IND,4066425,4
401071194,IND,2528588,22
401071194,IND,3155942,26
401071194,IND,6615,5
401071194,IND,6446,29
401071194,IND,3059262,3
401071194,IND,3983,20
401071194,IND,3922230,4
401071195,TOR,3439,32
401071195,TOR,3988,18
401071195,TOR,6450,29
401071195,TOR,3149673,29
401071195,TOR,2991230,23
401071195,TOR,3934719,23
401071195,TOR,3948153,9
401071195,TOR,4260,10
401071195,TOR,2778,26
401071195,TOR,2528787,6
401071195,TOR,3064447,31
401071195,TOR,3934663,4
401071195,ORL,3064290,35
401071195,ORL,4065654,29
401071195,ORL,6478,33
401071195,ORL,6588,33
401071195,ORL,3415,25
401071195,ORL,3064517,3
401071195,ORL,3074797,18
401071195,ORL,2578240,3
401071195,ORL,4277919,11
401071195,ORL,6619,21
401071195,ORL,2531047,3
401071195,ORL,2579466,20
401071195,ORL,3936294,3
401071196,CHI,2284101,38
401071196,CHI,4066336,29
401071196,CHI,4277847,33
401071196,CHI,2991139,32
401071196,CHI,3064440,29
401071196,CHI,3149010,15
401071196,CHI,3447,15
401071196,CHI,2991047,23
401071196,CHI,2991274,23
401071196,CHI,3907386,3
401071196,CHI,3056600,0
401071196,CHI,3113587,0
401071196,CHI,3064230,0
401071196,WSH,3209,33
401071196,WSH,2426,40
401071196,WSH,3934723,30
401071196,WSH,6621,39
401071196,WSH,6580,38
401071196,WSH,2991184,15
401071196,WSH,2774,18
401071196,WSH,2580349,13
401071196,WSH,2580898,15
401071196,WSH,3137798,0
401071196,WSH,4278508,0
401071196,WSH,2531797,0
401071197,CLE,2754,18
401071197,CLE,2982240,33
401071197,CLE,3893016,29
401071197,CLE,6429,30
401071197,CLE,4277811,29
401071197,CLE,2579476,23
401071197,CLE,2580365,29
401071197,CLE,2489716,19
401071197,CLE,2528426,31
401071197,CLE,4017838,0
401071197,CLE,2581177,0
401071197,MIA,3135047,34
401071197,MIA,3999,8
401071197,MIA,4262,18
401071197,MIA,2581190,33
401071197,MIA,2488826,29
401071197,MIA,2489663,22
401071197,MIA,3936099,18
401071197,MIA,4066261,30
401071197,MIA,1987,24
401071197,MIA,2530276,24
401071197,MIA,2184,0
401071197,MIA,3981,0
401071198,ATL,3908845,39
401071198,ATL,6637,33
401071198,ATL,2580913,29
401071198,ATL,4066372,25
401071198,ATL,4277905,30
401071198,ATL,2982340,15
401071198,ATL,2991283,23
401071198,ATL,3062667,35
401071198,ATL,136,14
401071198,ATL,4299,22
401071198,ATL,3147351,0
401071198,ATL,4065836,0
401071198,ATL,3915560,0
401071198,MIN,2490620,45
401071198,MIN,3986,26
401071198,MIN,3059319,41
401071198,MIN,3136195,43
401071198,MIN,3456,39
401071198,MIN,3032978,27
401071198,MIN,2534781,10
401071198,MIN,3135046,25
401071198,MIN,4065663,9
401071198,MIN,3276,0
401071198,MIN,2429,0
401071198,MIN,2326411,0
401071198,MIN,3417,0
401071199,DAL,6578,35
401071199,DAL,2960236,29
401071199,DAL,3442,35
401071199,DAL,4065697,30
401071199,DAL,3945274,34
401071199,DAL,609,11
401071199,DAL,2531367,13
401071199,DAL,2578185,20
401071199,DAL,2382,14
401071199,DAL,3055,18
401071199,DAL,2968458,0
401071199,DAL,2489693,0
401071199,DAL,3934672,0
401071199,NO,6583,43
401071199,NO,3064514,38
401071199,NO,6610,10
401071199,NO,2488945,22
401071199,NO,3995,35
401071199,NO,4247,7
401071199,NO,3919335,1
401071199,NO,2488958,32
401071199,NO,3135048,7
401071199,NO,6460,25
401071199,NO,2489785,11
401071199,NO,4065651,9
401071199,NO,3133626,0
401071200,SA,3005,24
401071200,SA,2983,38
401071200,SA,2994526,33
401071200,SA,3978,38
401071200,SA,3078576,28
401071200,SA,3974,5
401071200,SA,6426,19
401071200,SA,3134908,18
401071200,SA,4004,20
401071200,SA,3190,18
401071200,SA,996,0
401071200,SA,4253,0
401071200,SA,3914285,0
401071200,DEN,4017839,31
401071200,DEN,2528693,30
401071200,DEN,2488653,32
401071200,DEN,3112335,37
401071200,DEN,3936299,40
401071200,DEN,3136196,17
401071200,DEN,3059310,21
401071200,DEN,3907822,26
401071200,DEN,3057198,6
401071200,DEN,3934662,0
401071200,DEN,3155536,0
401071200,DEN,3243,0
401071201,OKC,2991070,38
401071201,OKC,4230546,7
401071201,OKC,2991235,35
401071201,OKC,3468,39
401071201,OKC,3032979,39
401071201,OKC,4264,10
401071201,OKC,2595435,33
401071201,OKC,2991280,13
401071201,OKC,2753,12
401071201,OKC,4080610,14
401071201,OKC,4251,0
401071201,OKC,3893019,0
401071201,PHX,2982334,31
401071201,PHX,4278129,32
401071201,PHX,3136193,33
401071201,PHX,3147657,30
401071201,PHX,4066436,24
401071201,PHX,2993370,16
401071201,PHX,4066297,30
401071201,PHX,165,19
401071201,PHX,3133603,24
401071201,PHX,4011991,0
401071201,PHX,2531352,0
401071201,PHX,2489530,0
401071201,PHX,4230550,0
401071202,LAC,3428,35
401071202,LAC,6440,33
401071202,LAC,4376,13
401071202,LAC,4240,29
401071202,LAC,4278073,17
401071202,LAC,6622,9
401071202,LAC,2758,8
401071202,LAC,2991055,21
401071202,LAC,3964,25
401071202,LAC,2799,31
401071202,LAC,3064539,9
401071202,LAC,3002137,10
401071202,LAC,4192,0
401071202,LAL,3134907,42
401071202,LAL,3913176,33
401071202,LAL,4017837,19
401071202,LAL,3062679,35
401071202,LAL,4066421,43
401071202,LAL,984,24
401071202,LAL,4244,17
401071202,LAL,2581018,26
401071202,LAL,2991350,1
401071202,LAL,3064528,0
401071202,LAL,3150844,0
401071202,LAL,3133602,0
401071202,LAL,4348697,0
401071203,BKN,2528794,21
401071203,BKN,3064291,3
401071203,BKN,4230548,22
401071203,BKN,4066328,21
401071203,BKN,2580782,21
401071203,BKN,3970,35
401071203,BKN,6433,27
401071203,BKN,3201,29
401071203,BKN,2530780,33
401071203,BKN,3138154,28
401071203,BKN,2595231,0
401071203,BKN,4259,0
401071203,BKN,3136776,0
401071203,MIL,6609,35
401071203,MIL,3032977,34
401071203,MIL,3448,29
401071203,MIL,4238,24
401071203,MIL,2566769,30
401071203,MIL,3136491,20
401071203,MIL,4017843,13
401071203,MIL,2528353,14
401071203,MIL,3057187,18
401071203,MIL,3438,24
401071203,MIL,3232,0
401071203,MIL,2578239,0
401071203,MIL,3934673,0
401071204,CHA,2797,36
401071204,CHA,3416,36
401071204,CHA,2579258,25
401071204,CHA,6479,36
401071204,CHA,6603,31
401071204,CHA,6601,27
401071204,CHA,2999409,10
401071204,CHA,3133601,22
401071204,CHA,4066262,17
401071204,CHA,2579294,0
401071204,CHA,4066383,0
401071204,CHA,6427,0
401071204,CHA,3907821,0
401071204,WSH,3209,38
401071204,WSH,2426,41
401071204,WSH,3934723,36
401071204,WSH,6621,33
401071204,WSH,6580,38
401071204,WSH,2991184,22
401071204,WSH,4278508,18
401071204,WSH,2580898,16
401071204,WSH,6461,0
401071204,WSH,2774,0
401071204,WSH,2580349,0
401071205,HOU,3033,35
401071205,HOU,2991155,32
401071205,HOU,3102529,33
401071205,HOU,3431,27
401071205,HOU,3992,37
401071205,HOU,1713,15
401071205,HOU,6617,37
401071205,HOU,2761,23
401071205,HOU,3132042,0
401071205,HOU,3907487,0
401071205,HOU,2596108,0
401071205,NO,6583,39
401071205,NO,3064514,40
401071205,NO,2488958,19
401071205,NO,3995,42
401071205,NO,6460,37
401071205,NO,4247,3
401071205,NO,3135048,9
401071205,NO,2488945,21
401071205,NO,2489785,20
401071205,NO,3133626,1
401071205,NO,4065651,10
401071205,NO,3064511,0
401071205,NO,3136481,0
401071206,CLE,2580365,36
401071206,CLE,2982240,23
401071206,CLE,3893016,36
401071206,CLE,6429,40
401071206,CLE,4277811,28
401071206,CLE,2754,12
401071206,CLE,2579476,17
401071206,CLE,2489716,20
401071206,CLE,2528426,29
401071206,CLE,4017838,0
401071206,CLE,2581177,0
401071206,ATL,3908845,27
401071206,ATL,6637,20
401071206,ATL,2596107,24
401071206,ATL,4066372,30
401071206,ATL,4277905,34
401071206,ATL,2982340,15
401071206,ATL,2991283,16
401071206,ATL,6616,6
401071206,ATL,3062667,29
401071206,ATL,136,23
401071206,ATL,4299,16
401071206,ATL,3147351,0
401071206,ATL,3915560,0
401071207,BOS,6462,33
401071207,BOS,4065648,29
401071207,BOS,3213,23
401071207,BOS,6442,35
401071207,BOS,2990992,28
401071207,BOS,3056602,5
401071207,BOS,4017844,16
401071207,BOS,4249,27
401071207,BOS,2451037,6
401071207,BOS,3074752,19
401071207,BOS,3917376,19
401071207,BOS,6507,0
401071207,MEM,2993874,38
401071207,MEM,4277961,22
401071207,MEM,3206,37
401071207,MEM,3195,36
401071207,MEM,4023,28
401071207,MEM,2327577,23
401071207,MEM,3155526,25
401071207,MEM,3224,11
401071207,MEM,6454,14
401071207,MEM,3059316,6
401071207,MEM,3554,0
401071207,MEM,6428,0
401071207,MEM,3133635,0
401071208,NY,3078284,24
401071208,NY,4278075,41
401071208,NY,3064560,29
401071208,NY,2528210,26
401071208,NY,3892818,24
401071208,NY,6485,7
401071208,NY,2995706,5
401071208,NY,6447,17
401071208,NY,2579260,8
401071208,NY,4230547,16
401071208,NY,2991149,21
401071208,NY,3907525,22
401071208,NY,3445,0
401071208,UTAH,4257,25
401071208,UTAH,2968436,21
401071208,UTAH,3032976,25
401071208,UTAH,3102528,26
401071208,UTAH,3908809,27
401071208,UTAH,3028,20
401071208,UTAH,4261,9
401071208,UTAH,2583632,18
401071208,UTAH,2990969,10
401071208,UTAH,4065673,9
401071208,UTAH,2968361,20
401071208,UTAH,2011,22
401071208,UTAH,2990968,9
401071209,DEN,4017839,35
401071209,DEN,2528693,26
401071209,DEN,2488653,22
401071209,DEN,3112335,38
401071209,DEN,3936299,40
401071209,DEN,3015,14
401071209,DEN,3136196,8
401071209,DEN,3059310,30
401071209,DEN,3907822,29
401071209,DEN,3934662,0
401071209,DEN,3155536,0
401071209,DEN,3243,0
401071209,DEN,3057198,0
401071209,PHX,2982334,41
401071209,PHX,4278129,39
401071209,PHX,3136193,36
401071209,PHX,3147657,39
401071209,PHX,4066436,30
401071209,PHX,2993370,9
401071209,PHX,4066297,16
401071209,PHX,165,8
401071209,PHX,3133603,13
401071209,PHX,4230550,10
401071209,PHX,4011991,0
401071209,PHX,2531352,0
401071209,PHX,2489530,0
401071210,GS,3202,34
401071210,GS,6589,34
401071210,GS,3155535,25
401071210,GS,3975,36
401071210,GS,6475,34
401071210,GS,2386,12
401071210,GS,3998,17
401071210,GS,2530923,13
401071210,GS,3064427,7
401071210,GS,2566745,12
401071210,GS,2393,14
401071210,GS,3934621,1
401071210,POR,4248,27
401071210,POR,6591,37
401071210,POR,3102530,32
401071210,POR,6606,39
401071210,POR,2490149,35
401071210,POR,2982268,2
401071210,POR,3906671,2
401071210,POR,4066650,6
401071210,POR,6605,14
401071210,POR,4239,18
401071210,POR,2326307,16
401071210,POR,2991042,11
401071210,POR,3136696,2
401071211,SA,3005,26
401071211,SA,2983,36
401071211,SA,2994526,33
401071211,SA,3978,38
401071211,SA,3078576,29
401071211,SA,3974,1
401071211,SA,4253,1
401071211,SA,3914285,1
401071211,SA,6426,23
401071211,SA,3134908,10
401071211,SA,4004,20
401071211,SA,3190,21
401071211,SA,996,0
401071211,LAC,3428,28
401071211,LAC,6440,34
401071211,LAC,4376,7
401071211,LAC,4240,33
401071211,LAC,4278073,21
401071211,LAC,6622,20
401071211,LAC,2758,4
401071211,LAC,2991055,28
401071211,LAC,3964,22
401071211,LAC,2799,27
401071211,LAC,3064539,2
401071211,LAC,3002137,14
401071211,LAC,4192,0
401071212,DET,3989,34
401071212,DET,2528779,28
401071212,DET,6585,25
401071212,DET,6443,28
401071212,DET,4065670,30
401071212,DET,3134881,17
401071212,DET,2016,23
401071212,DET,2530572,13
401071212,DET,2806,20
401071212,DET,3913174,23
401071212,DET,6452,0
401071212,DET,2991039,0
401071212,DET,3912334,0
401071212,ORL,3064290,34
401071212,ORL,4065654,33
401071212,ORL,6478,34
401071212,ORL,6588,30
401071212,ORL,3415,38
401071212,ORL,3074797,16
401071212,ORL,4277919,14
401071212,ORL,6619,27
401071212,ORL,2531047,6
401071212,ORL,2579466,9
401071212,ORL,3064517,0
401071212,ORL,2578240,0
401071212,ORL,3936294,0
401071213,MIN,2490620,36
401071213,MIN,3986,30
401071213,MIN,3059319,36
401071213,MIN,3136195,37
401071213,MIN,3135046,36
401071213,MIN,3032978,19
401071213,MIN,2534781,10
401071213,MIN,3417,12
401071213,MIN,4065663,24
401071213,MIN,3276,0
401071213,MIN,2429,0
401071213,MIN,2326411,0
401071213,MIN,3133843,0
401071213,MIA,3135047,30
401071213,MIA,3936099,25
401071213,MIA,4262,28
401071213,MIA,2581190,36
401071213,MIA,2488826,24
401071213,MIA,2489663,26
401071213,MIA,4066261,18
401071213,MIA,1987,28
401071213,MIA,2530276,27
401071213,MIA,2184,0
401071213,MIA,3999,0
401071213,MIA,3981,0
401071214,CHI,2284101,40
401071214,CHI,4066336,39
401071214,CHI,4277847,33
401071214,CHI,2991139,31
401071214,CHI,3064440,33
401071214,CHI,3149010,14
401071214,CHI,3447,14
401071214,CHI,2991047,22
401071214,CHI,2991274,13
401071214,CHI,3056600,0
401071214,CHI,3113587,0
401071214,CHI,3064230,0
401071214,CHI,3907386,0
401071214,TOR,3439,24
401071214,TOR,3988,29
401071214,TOR,6450,34
401071214,TOR,3149673,34
401071214,TOR,2991230,33
401071214,TOR,3934719,21
401071214,TOR,3948153,5
401071214,TOR,4260,18
401071214,TOR,2528787,3
401071214,TOR,2595516,23
401071214,TOR,3064447,15
401071214,TOR,2778,0
401071214,TOR,3934663,0
401071215,OKC,4251,37
401071215,OKC,2595435,16
401071215,OKC,2991070,35
401071215,OKC,2991235,38
401071215,OKC,3468,38
401071215,OKC,4264,13
401071215,OKC,2991280,10
401071215,OKC,2753,11
401071215,OKC,3032979,33
401071215,OKC,4080610,10
401071215,OKC,4230546,0
401071215,OKC,3893019,0
401071215,DAL,6578,35
401071215,DAL,2960236,28
401071215,DAL,3442,33
401071215,DAL,4065697,27
401071215,DAL,3945274,34
401071215,DAL,609,10
401071215,DAL,2531367,15
401071215,DAL,2578185,22
401071215,DAL,2382,14
401071215,DAL,3055,21
401071215,DAL,2968458,0
401071215,DAL,2489693,0
401071215,DAL,3934672,0
401071216,PHI,2769,13
401071216,PHI,3194,21
401071216,PHI,6430,26
401071216,PHI,3024,24
401071216,PHI,3907387,25
401071216,PHI,3155533,26
401071216,PHI,2490089,24
401071216,PHI,3929325,22
401071216,PHI,2530530,27
401071216,PHI,3059273,10
401071216,PHI,3914044,23
401071216,PHI,3059318,0
401071216,POR,4248,22
401071216,POR,3102530,21
401071216,POR,4239,23
401071216,POR,6606,27
401071216,POR,2490149,28
401071216,POR,2982268,12
401071216,POR,3906671,10
401071216,POR,4066650,26
401071216,POR,6605,17
401071216,POR,2326307,20
401071216,POR,2991042,14
401071216,POR,3136696,10
401071216,POR,4351851,10
401071217,SAC,4269,22
401071217,SAC,2991282,33
401071217,SAC,6468,28
401071217,SAC,2990984,37
401071217,SAC,4066259,34
401071217,SAC,3138156,24
401071217,SAC,3444,5
401071217,SAC,2991018,8
401071217,SAC,2578213,16
401071217,SAC,3037789,33
401071217,SAC,4065649,0
401071217,SAC,3936296,0
401071217,SAC,3059315,0
401071217,LAL,3134907,40
401071217,LAL,3913176,39
401071217,LAL,3452,24
401071217,LAL,3062679,40
401071217,LAL,4066421,31
401071217,LAL,3064528,4
401071217,LAL,984,16
401071217,LAL,4244,8
401071217,LAL,2581018,28
401071217,LAL,3133602,9
401071217,LAL,3150844,0
401071217,LAL,4017837,0
401071217,LAL,4348697,0
401071218,ATL,3147351,16
401071218,ATL,3908845,37
401071218,ATL,2596107,25
401071218,ATL,4066372,40
401071218,ATL,4277905,30
401071218,ATL,2982340,7
401071218,ATL,2991283,4
401071218,ATL,6616,12
401071218,ATL,3062667,28
401071218,ATL,136,17
401071218,ATL,4299,20
401071218,ATL,3915560,4
401071218,IND,3244,37
401071218,IND,3593,33
401071218,IND,3133628,23
401071218,IND,3973,29
401071218,IND,2527963,34
401071218,IND,2528588,15
401071218,IND,3155942,27
401071218,IND,6446,24
401071218,IND,3983,19
401071218,IND,4066425,0
401071218,IND,6615,0
401071218,IND,3059262,0
401071218,IND,3922230,0
401071219,ORL,3064290,33
401071219,ORL,4065654,22
401071219,ORL,6478,23
401071219,ORL,6588,25
401071219,ORL,2531047,26
401071219,ORL,2982249,4
401071219,ORL,3064517,8
401071219,ORL,3074797,23
401071219,ORL,2578240,7
401071219,ORL,4277919,18
401071219,ORL,6619,19
401071219,ORL,3074743,5
401071219,ORL,3936294,27
401071219,CHA,2797,24
401071219,CHA,3416,27
401071219,CHA,2579258,24
401071219,CHA,6479,27
401071219,CHA,6603,9
401071219,CHA,6601,20
401071219,CHA,2579294,8
401071219,CHA,4066383,21
401071219,CHA,6427,7
401071219,CHA,2999409,14
401071219,CHA,3133601,24
401071219,CHA,1015,12
401071219,CHA,4066262,24
401071220,MEM,2993874,39
401071220,MEM,4277961,13
401071220,MEM,3206,36
401071220,MEM,3195,37
401071220,MEM,4023,26
401071220,MEM,3554,16
401071220,MEM,2327577,20
401071220,MEM,3155526,19
401071220,MEM,3224,9
401071220,MEM,6428,3
401071220,MEM,6454,13
401071220,MEM,3059316,4
401071220,MEM,3133635,5
401071220,HOU,3033,37
401071220,HOU,2991155,27
401071220,HOU,3102529,38
401071220,HOU,6617,41
401071220,HOU,3992,41
401071220,HOU,3132042,10
401071220,HOU,1713,10
401071220,HOU,6448,11
401071220,HOU,2761,25
401071220,HOU,3907487,0
401071220,HOU,2596108,0
401071221,BOS,6462,28
401071221,BOS,4065648,35
401071221,BOS,3213,25
401071221,BOS,6442,29
401071221,BOS,2990992,27
401071221,BOS,4017844,4
401071221,BOS,4249,22
401071221,BOS,2451037,19
401071221,BOS,3074752,20
401071221,BOS,3917376,31
401071221,BOS,3056602,0
401071221,BOS,6507,0
401071221,SA,2983,36
401071221,SA,3134908,20
401071221,SA,2994526,38
401071221,SA,3978,35
401071221,SA,3078576,29
401071221,SA,996,5
401071221,SA,3974,3
401071221,SA,6426,31
401071221,SA,4004,19
401071221,SA,3190,23
401071221,SA,4253,0
401071221,SA,3914285,0
401071221,SA,3005,0
401071222,MIN,2490620,38
401071222,MIN,3986,32
401071222,MIN,3059319,38
401071222,MIN,3136195,37
401071222,MIN,3135046,38
401071222,MIN,3032978,16
401071222,MIN,2534781,11
401071222,MIN,3417,10
401071222,MIN,4065663,19
401071222,MIN,3276,0
401071222,MIN,2429,0
401071222,MIN,2326411,0
401071222,MIN,3133843,0
401071222,NO,3064514,38
401071222,NO,3135048,14
401071222,NO,3995,38
401071222,NO,6460,33
401071222,NO,2583639,24
401071222,NO,3919335,15
401071222,NO,6610,27
401071222,NO,2488958,29
401071222,NO,2488945,21
401071222,NO,4247,0
401071222,NO,6583,0
401071222,NO,2489785,0
401071222,NO,4065651,0
401071223,DAL,6578,29
401071223,DAL,3442,24
401071223,DAL,4065697,21
401071223,DAL,4032,24
401071223,DAL,3945274,23
401071223,DAL,2531367,16
401071223,DAL,2578185,24
401071223,DAL,2960236,19
401071223,DAL,2968458,9
401071223,DAL,2382,16
401071223,DAL,3055,21
401071223,DAL,2489693,6
401071223,DAL,3934672,10
401071223,OKC,4251,33
401071223,OKC,2991070,28
401071223,OKC,4230546,25
401071223,OKC,2991235,33
401071223,OKC,3468,35
401071223,OKC,4264,18
401071223,OKC,2595435,13
401071223,OKC,2991280,15
401071223,OKC,3032979,27
401071223,OKC,4080610,14
401071223,OKC,3129674,0
401071223,OKC,3893019,0
401071223,OKC,2753,0
401071224,GS,3202,30
401071224,GS,6589,33
401071224,GS,3155535,13
401071224,GS,3975,32
401071224,GS,6475,25
401071224,GS,2386,22
401071224,GS,3998,20
401071224,GS,2530923,14
401071224,GS,3064427,16
401071224,GS,3934670,4
401071224,GS,2566745,16
401071224,GS,2393,17
401071224,PHX,2982334,34
401071224,PHX,4278129,35
401071224,PHX,3136193,33
401071224,PHX,3147657,33
401071224,PHX,4066436,27
401071224,PHX,4011991,12
401071224,PHX,2531352,5
401071224,PHX,4066297,14
401071224,PHX,165,18
401071224,PHX,2489530,5
401071224,PHX,3133603,22
401071224,PHX,4230550,4
401071224,PHX,3412,0
401071225,UTAH,4257,27
401071225,UTAH,2968436,34
401071225,UTAH,3032976,32
401071225,UTAH,4011,31
401071225,UTAH,3908809,35
401071225,UTAH,6581,27
401071225,UTAH,3028,10
401071225,UTAH,2583632,7
401071225,UTAH,2011,18
401071225,UTAH,3102528,18
401071225,UTAH,4261,0
401071225,UTAH,2990969,0
401071225,UTAH,2968361,0
401071225,TOR,3439,30
401071225,TOR,3988,31
401071225,TOR,6450,35
401071225,TOR,3149673,32
401071225,TOR,2991230,32
401071225,TOR,3934719,18
401071225,TOR,4260,18
401071225,TOR,2778,3
401071225,TOR,2595516,22
401071225,TOR,3064447,18
401071225,TOR,3948153,0
401071225,TOR,2528787,0
401071225,TOR,3934663,0
401071226,DET,3989,33
401071226,DET,2528779,27
401071226,DET,6585,30
401071226,DET,6443,22
401071226,DET,4065670,29
401071226,DET,6452,25
401071226,DET,2991039,7
401071226,DET,2530572,10
401071226,DET,3912334,20
401071226,DET,2806,16
401071226,DET,3913174,20
401071226,DET,3134881,0
401071226,DET,2016,0
401071226,MIL,6609,28
401071226,MIL,3032977,26
401071226,MIL,3448,30
401071226,MIL,4238,30
401071226,MIL,2566769,26
401071226,MIL,3232,4
401071226,MIL,3136491,17
401071226,MIL,4017843,18
401071226,MIL,2528353,18
401071226,MIL,3057187,16
401071226,MIL,3438,20
401071226,MIL,2578239,4
401071226,MIL,3934673,4
401071227,NY,3078284,34
401071227,NY,4278075,39
401071227,NY,3064560,27
401071227,NY,2528210,38
401071227,NY,3892818,32
401071227,NY,6447,20
401071227,NY,4230547,18
401071227,NY,2991149,13
401071227,NY,3907525,19
401071227,NY,6485,0
401071227,NY,2995706,0
401071227,NY,2579260,0
401071227,NY,3445,0
401071227,DEN,4017839,20
401071227,DEN,2528693,25
401071227,DEN,2488653,24
401071227,DEN,3112335,34
401071227,DEN,3936299,32
401071227,DEN,3015,22
401071227,DEN,3136196,10
401071227,DEN,3059310,23
401071227,DEN,3907822,30
401071227,DEN,2999547,20
401071227,DEN,3934662,0
401071227,DEN,3057198,0
401071228,POR,4248,38
401071228,POR,6591,33
401071228,POR,3102530,38
401071228,POR,6606,42
401071228,POR,2490149,39
401071228,POR,4066650,15
401071228,POR,6605,15
401071228,POR,4239,14
401071228,POR,2326307,22
401071228,POR,2991042,9
401071228,POR,2982268,0
401071228,POR,3136696,0
401071228,POR,4277843,0
401071228,SAC,4269,36
401071228,SAC,2991282,33
401071228,SAC,6468,25
401071228,SAC,2990984,39
401071228,SAC,4066259,38
401071228,SAC,4065649,13
401071228,SAC,3138156,24
401071228,SAC,3444,8
401071228,SAC,2991018,15
401071228,SAC,3037789,36
401071228,SAC,3936296,0
401071228,SAC,2578213,0
401071228,SAC,3059315,0
401071229,PHI,3194,27
401071229,PHI,6430,29
401071229,PHI,3059318,35
401071229,PHI,3024,35
401071229,PHI,3907387,33
401071229,PHI,3155533,15
401071229,PHI,2490089,13
401071229,PHI,3929325,12
401071229,PHI,2530530,28
401071229,PHI,3914044,13
401071229,PHI,2769,0
401071229,PHI,3059273,0
401071229,LAC,3428,34
401071229,LAC,6440,25
401071229,LAC,2758,22
401071229,LAC,4240,29
401071229,LAC,4278073,20
401071229,LAC,6622,10
401071229,LAC,4376,5
401071229,LAC,2991055,21
401071229,LAC,3964,33
401071229,LAC,2799,31
401071229,LAC,3064539,5
401071229,LAC,3002137,5
401071229,LAC,4192,0
401071230,DAL,6578,29
401071230,DAL,3442,24
401071230,DAL,4065697,22
401071230,DAL,4032,25
401071230,DAL,3945274,26
401071230,DAL,609,7
401071230,DAL,2531367,24
401071230,DAL,2578185,22
401071230,DAL,2960236,12
401071230,DAL,2968458,10
401071230,DAL,2382,13
401071230,DAL,3055,14
401071230,DAL,3934672,12
401071230,CHA,2797,22
401071230,CHA,3416,28
401071230,CHA,2999409,18
401071230,CHA,6479,27
401071230,CHA,3133601,34
401071230,CHA,6601,14
401071230,CHA,2579294,16
401071230,CHA,4066383,24
401071230,CHA,6427,15
401071230,CHA,1015,6
401071230,CHA,3136483,14
401071230,CHA,3907821,17
401071230,CHA,4066262,5
401071231,MIA,3135047,27
401071231,MIA,3999,17
401071231,MIA,4262,23
401071231,MIA,2581190,32
401071231,MIA,2488826,21
401071231,MIA,2489663,28
401071231,MIA,3936099,31
401071231,MIA,4066261,25
401071231,MIA,6628,11
401071231,MIA,2530276,26
401071231,MIA,2184,0
401071231,MIA,3981,0
401071231,MIA,1987,0
401071231,CLE,3893016,29
401071231,CLE,6474,23
401071231,CLE,6429,27
401071231,CLE,2581177,26
401071231,CLE,4277811,30
401071231,CLE,2754,3
401071231,CLE,2579476,15
401071231,CLE,2580365,22
401071231,CLE,2982240,3
401071231,CLE,3137730,18
401071231,CLE,2489716,18
401071231,CLE,2528426,25
401071232,ATL,3147351,21
401071232,ATL,3908845,27
401071232,ATL,2580913,27
401071232,ATL,4066372,44
401071232,ATL,4277905,28
401071232,ATL,2982340,5
401071232,ATL,2596107,27
401071232,ATL,3062667,26
401071232,ATL,136,14
401071232,ATL,4299,20
401071232,ATL,3915560,1
401071232,ATL,6616,0
401071232,WSH,3209,36
401071232,WSH,2426,39
401071232,WSH,3934723,39
401071232,WSH,6621,37
401071232,WSH,6580,36
401071232,WSH,2991184,16
401071232,WSH,4278508,6
401071232,WSH,2594922,14
401071232,WSH,2580898,17
401071232,WSH,2774,0
401071232,WSH,2580349,0
401071233,NO,6583,42
401071233,NO,3064514,34
401071233,NO,3995,37
401071233,NO,6460,36
401071233,NO,2583639,34
401071233,NO,6610,29
401071233,NO,2488958,7
401071233,NO,2488945,9
401071233,NO,2489785,8
401071233,NO,4065651,5
401071233,NO,4247,0
401071233,NO,3919335,0
401071233,NO,3135048,0
401071233,BKN,3201,24
401071233,BKN,2528794,29
401071233,BKN,4230548,26
401071233,BKN,4066328,31
401071233,BKN,3136776,35
401071233,BKN,3970,29
401071233,BKN,4259,17
401071233,BKN,2580782,25
401071233,BKN,2530780,24
401071233,BKN,6433,0
401071233,BKN,3138154,0
401071234,MIN,3986,26
401071234,MIN,3059319,43
401071234,MIN,3136195,37
401071234,MIN,3135046,40
401071234,MIN,4065663,24
401071234,MIN,3276,26
401071234,MIN,3032978,22
401071234,MIN,2326411,3
401071234,MIN,2534781,11
401071234,MIN,3417,5
401071234,MIN,3133843,3
401071234,MIN,2429,0
401071234,MIN,3136779,0
401071234,BOS,6462,24
401071234,BOS,4065648,31
401071234,BOS,3213,23
401071234,BOS,2990992,22
401071234,BOS,3074752,32
401071234,BOS,3056602,18
401071234,BOS,4017844,11
401071234,BOS,4249,32
401071234,BOS,2451037,14
401071234,BOS,6507,3
401071234,BOS,3917376,29
401071234,BOS,3923250,0
401071235,ORL,3064290,37
401071235,ORL,4065654,25
401071235,ORL,6478,26
401071235,ORL,6588,30
401071235,ORL,3415,25
401071235,ORL,3064517,4
401071235,ORL,3074797,21
401071235,ORL,4277919,20
401071235,ORL,6619,25
401071235,ORL,2531047,19
401071235,ORL,3074743,4
401071235,ORL,3936294,4
401071235,ORL,2578240,0
401071235,CHI,2284101,26
401071235,CHI,4066336,28
401071235,CHI,4277847,13
401071235,CHI,2991139,28
401071235,CHI,3064440,28
401071235,CHI,3113587,7
401071235,CHI,3149010,22
401071235,CHI,3447,16
401071235,CHI,3064230,5
401071235,CHI,2991047,15
401071235,CHI,2991274,26
401071235,CHI,3907386,24
401071235,CHI,3056600,0
401071236,DET,3989,39
401071236,DET,2528779,28
401071236,DET,6585,38
401071236,DET,6443,31
401071236,DET,4065670,20
401071236,DET,6452,14
401071236,DET,3134881,6
401071236,DET,2530572,19
401071236,DET,2806,17
401071236,DET,3913174,27
401071236,DET,2991039,0
401071236,DET,2016,0
401071236,DET,3912334,0
401071236,MEM,2993874,31
401071236,MEM,4277961,35
401071236,MEM,3206,30
401071236,MEM,3195,28
401071236,MEM,4023,37
401071236,MEM,3554,5
401071236,MEM,2327577,24
401071236,MEM,3155526,18
401071236,MEM,3224,4
401071236,MEM,6454,23
401071236,MEM,3059316,5
401071236,MEM,3917378,0
401071236,MEM,6428,0
401071237,PHI,3155533,16
401071237,PHI,3059318,36
401071237,PHI,3024,37
401071237,PHI,3929325,30
401071237,PHI,3907387,40
401071237,PHI,2490089,23
401071237,PHI,2530530,28
401071237,PHI,3059273,14
401071237,PHI,3914044,16
401071237,PHI,2769,0
401071237,PHI,3194,0
401071237,PHX,2982334,20
401071237,PHX,4278129,34
401071237,PHX,3136193,35
401071237,PHX,3147657,26
401071237,PHX,4066436,23
401071237,PHX,2993370,14
401071237,PHX,4066297,27
401071237,PHX,165,5
401071237,PHX,2489530,15
401071237,PHX,3133603,23
401071237,PHX,4230550,18
401071237,PHX,4011991,0
401071237,PHX,2531352,0
401071238,OKC,4251,34
401071238,OKC,2991070,36
401071238,OKC,4230546,19
401071238,OKC,2991235,36
401071238,OKC,3468,36
401071238,OKC,4264,12
401071238,OKC,2595435,14
401071238,OKC,2991280,12
401071238,OKC,3032979,29
401071238,OKC,4080610,11
401071238,OKC,3129674,0
401071238,OKC,3893019,0
401071238,OKC,2753,0
401071238,LAL,3134907,16
401071238,LAL,3913176,41
401071238,LAL,3452,20
401071238,LAL,3062679,38
401071238,LAL,4066421,35
401071238,LAL,984,17
401071238,LAL,4017837,10
401071238,LAL,4244,21
401071238,LAL,2581018,34
401071238,LAL,3133602,7
401071238,LAL,3418,0
401071238,LAL,3150844,0
401071239,TOR,3439,26
401071239,TOR,3988,26
401071239,TOR,6450,33
401071239,TOR,3149673,27
401071239,TOR,2991230,28
401071239,TOR,3934719,18
401071239,TOR,3948153,5
401071239,TOR,4260,17
401071239,TOR,2778,7
401071239,TOR,2528787,5
401071239,TOR,2595516,25
401071239,TOR,3064447,24
401071239,TOR,3012,0
401071239,SA,3005,23
401071239,SA,2983,30
401071239,SA,2994526,29
401071239,SA,3978,33
401071239,SA,3078576,33
401071239,SA,3974,5
401071239,SA,4253,4
401071239,SA,6426,27
401071239,SA,3134908,13
401071239,SA,4004,15
401071239,SA,3190,22
401071239,SA,4277890,5
401071239,SA,996,0
401071240,DEN,4017839,16
401071240,DEN,2528693,28
401071240,DEN,2488653,30
401071240,DEN,3112335,32
401071240,DEN,3936299,37
401071240,DEN,3015,22
401071240,DEN,3136196,8
401071240,DEN,3059310,11
401071240,DEN,3907822,25
401071240,DEN,2999547,31
401071240,DEN,3934662,0
401071240,DEN,3057198,0
401071240,SAC,4269,32
401071240,SAC,2991282,30
401071240,SAC,6468,22
401071240,SAC,2990984,35
401071240,SAC,4066259,29
401071240,SAC,4065649,19
401071240,SAC,3138156,21
401071240,SAC,3444,5
401071240,SAC,2991018,19
401071240,SAC,3037789,29
401071240,SAC,3936296,0
401071240,SAC,2578213,0
401071240,SAC,3059315,0
401071241,HOU,3033,36
401071241,HOU,2991155,39
401071241,HOU,3102529,46
401071241,HOU,6617,44
401071241,HOU,3992,44
401071241,HOU,2579321,8
401071241,HOU,3132042,6
401071241,HOU,6448,12
401071241,HOU,2761,30
401071241,HOU,3907487,0
401071241,HOU,1713,0
401071241,HOU,2596108,0
401071241,GS,3202,42
401071241,GS,6589,37
401071241,GS,3155535,22
401071241,GS,3975,40
401071241,GS,6475,43
401071241,GS,2386,34
401071241,GS,3998,11
401071241,GS,2530923,5
401071241,GS,3064427,7
401071241,GS,2566745,7
401071241,GS,2393,16
401071241,GS,3934621,0
401071243,UTAH,4257,25
401071243,UTAH,2968436,27
401071243,UTAH,3032976,31
401071243,UTAH,4011,25
401071243,UTAH,3908809,32
401071243,UTAH,6581,24
401071243,UTAH,3028,11
401071243,UTAH,4261,5
401071243,UTAH,2583632,11
401071243,UTAH,2990969,3
401071243,UTAH,2968361,5
401071243,UTAH,2011,22
401071243,UTAH,3102528,20
401071243,CLE,2580365,31
401071243,CLE,3893016,31
401071243,CLE,6474,27
401071243,CLE,2581177,25
401071243,CLE,4277811,30
401071243,CLE,2754,17
401071243,CLE,2579476,13
401071243,CLE,3137730,18
401071243,CLE,6429,30
401071243,CLE,2528426,19
401071243,CLE,2489716,0
401071242,DAL,6578,32
401071242,DAL,3442,31
401071242,DAL,4065697,31
401071242,DAL,4032,30
401071242,DAL,3945274,29
401071242,DAL,609,16
401071242,DAL,2531367,17
401071242,DAL,2578185,18
401071242,DAL,2382,16
401071242,DAL,3055,18
401071242,DAL,3934672,2
401071242,DAL,2960236,0
401071242,DAL,2968458,0
401071242,BOS,4065648,31
401071242,BOS,3213,25
401071242,BOS,2990992,32
401071242,BOS,3074752,28
401071242,BOS,3917376,27
401071242,BOS,3056602,17
401071242,BOS,4017844,2
401071242,BOS,4249,30
401071242,BOS,2451037,23
401071242,BOS,6507,22
401071242,BOS,3923250,2
401071244,WSH,3209,35
401071244,WSH,2426,42
401071244,WSH,3934723,23
401071244,WSH,6621,33
401071244,WSH,6580,40
401071244,WSH,2991184,17
401071244,WSH,2594922,21
401071244,WSH,2774,14
401071244,WSH,2580898,13
401071244,WSH,4278508,0
401071244,WSH,2580349,0
401071244,MIA,3135047,31
401071244,MIA,3999,28
401071244,MIA,4262,30
401071244,MIA,2581190,37
401071244,MIA,2488826,19
401071244,MIA,2489663,8
401071244,MIA,3936099,20
401071244,MIA,4066261,18
401071244,MIA,1987,25
401071244,MIA,2530276,24
401071244,MIA,2184,0
401071244,MIA,3981,0
401071244,MIA,6628,0
401071245,IND,3244,41
401071245,IND,3593,40
401071245,IND,3133628,26
401071245,IND,3973,25
401071245,IND,2527963,37
401071245,IND,2528588,16
401071245,IND,3155942,31
401071245,IND,6446,31
401071245,IND,3983,18
401071245,IND,4066425,0
401071245,IND,6615,0
401071245,IND,3922230,0
401071245,CHI,4066336,42
401071245,CHI,3149010,26
401071245,CHI,4277847,43
401071245,CHI,2991139,40
401071245,CHI,3064440,35
401071245,CHI,3056600,14
401071245,CHI,3447,7
401071245,CHI,2991047,14
401071245,CHI,2991274,23
401071245,CHI,3907386,20
401071245,CHI,3113587,0
401071245,CHI,4066334,0
401071246,BKN,3201,26
401071246,BKN,2528794,29
401071246,BKN,4230548,13
401071246,BKN,4066328,26
401071246,BKN,3136776,36
401071246,BKN,3970,27
401071246,BKN,2595231,12
401071246,BKN,4259,21
401071246,BKN,2580782,27
401071246,BKN,2530780,23
401071246,BKN,6433,0
401071246,MEM,2993874,38
401071246,MEM,4277961,31
401071246,MEM,3206,34
401071246,MEM,3195,38
401071246,MEM,4023,41
401071246,MEM,3554,4
401071246,MEM,2327577,19
401071246,MEM,3155526,16
401071246,MEM,3224,4
401071246,MEM,6454,4
401071246,MEM,3133635,11
401071246,MEM,3917378,0
401071247,ORL,3064290,31
401071247,ORL,4065654,29
401071247,ORL,6478,27
401071247,ORL,6588,30
401071247,ORL,3415,31
401071247,ORL,3064517,4
401071247,ORL,3074797,15
401071247,ORL,2578240,4
401071247,ORL,4277919,17
401071247,ORL,6619,23
401071247,ORL,2531047,4
401071247,ORL,2579466,21
401071247,ORL,3936294,4
401071247,MIN,3986,22
401071247,MIN,3059319,33
401071247,MIN,3136195,32
401071247,MIN,4015,28
401071247,MIN,4065663,33
401071247,MIN,3276,30
401071247,MIN,3032978,23
401071247,MIN,2326411,3
401071247,MIN,2534781,16
401071247,MIN,3135046,20
401071247,MIN,2429,0
401071247,MIN,3417,0
401071247,MIN,3133843,0
401071248,ATL,3147351,22
401071248,ATL,3908845,26
401071248,ATL,2580913,21
401071248,ATL,4066372,34
401071248,ATL,4277905,32
401071248,ATL,2982340,16
401071248,ATL,2596107,21
401071248,ATL,3062667,23
401071248,ATL,136,9
401071248,ATL,4299,21
401071248,ATL,3915560,16
401071248,ATL,6616,0
401071248,MIL,6609,22
401071248,MIL,3032977,19
401071248,MIL,3448,22
401071248,MIL,4238,22
401071248,MIL,2566769,20
401071248,MIL,2767,19
401071248,MIL,3232,14
401071248,MIL,3136491,22
401071248,MIL,4017843,14
401071248,MIL,2528353,23
401071248,MIL,3438,17
401071248,MIL,2578239,26
401071248,MIL,3057187,0
401071249,LAC,3428,37
401071249,LAC,6440,36
401071249,LAC,2758,25
401071249,LAC,4240,20
401071249,LAC,4278073,19
401071249,LAC,6622,8
401071249,LAC,3059306,0
401071249,LAC,2991055,23
401071249,LAC,3964,29
401071249,LAC,2799,28
401071249,LAC,3064539,2
401071249,LAC,3002137,13
401071249,LAC,4376,0
401071249,PHX,2982334,29
401071249,PHX,4278129,27
401071249,PHX,3136193,37
401071249,PHX,3147657,32
401071249,PHX,4066436,16
401071249,PHX,2993370,21
401071249,PHX,4066297,18
401071249,PHX,165,19
401071249,PHX,3133603,23
401071249,PHX,4230550,17
401071249,PHX,3412,0
401071249,PHX,4011991,0
401071249,PHX,2489530,0
401071250,NY,3078284,17
401071250,NY,4278075,37
401071250,NY,3064560,21
401071250,NY,2528210,38
401071250,NY,3892818,33
401071250,NY,2995706,14
401071250,NY,6447,27
401071250,NY,2579260,19
401071250,NY,4230547,1
401071250,NY,2991149,24
401071250,NY,3907525,9
401071250,NY,6485,0
401071250,NY,3445,0
401071250,LAL,3913176,37
401071250,LAL,3452,25
401071250,LAL,2581018,36
401071250,LAL,3062679,33
401071250,LAL,4066421,34
401071250,LAL,3418,12
401071250,LAL,984,12
401071250,LAL,4017837,12
401071250,LAL,4244,29
401071250,LAL,3133602,11
401071250,LAL,3134907,0
401071250,LAL,3150844,0
401071250,LAL,4348697,0
401071251,OKC,4251,37
401071251,OKC,2991070,28
401071251,OKC,4230546,27
401071251,OKC,2991235,34
401071251,OKC,3468,37
401071251,OKC,4264,14
401071251,OKC,2595435,14
401071251,OKC,2991280,14
401071251,OKC,3032979,29
401071251,OKC,4080610,8
401071251,OKC,3893019,0
401071251,OKC,2753,0
401071251,POR,4248,33
401071251,POR,6591,24
401071251,POR,3102530,30
401071251,POR,6606,36
401071251,POR,2490149,32
401071251,POR,2982268,12
401071251,POR,4066650,15
401071251,POR,6605,18
401071251,POR,4239,24
401071251,POR,2326307,16
401071251,POR,2991042,0
401071251,POR,4277843,0
401071251,POR,4351851,0
401071252,CHA,2797,34
401071252,CHA,3416,34
401071252,CHA,6427,30
401071252,CHA,6479,33
401071252,CHA,3133601,26
401071252,CHA,6601,16
401071252,CHA,4066383,12
401071252,CHA,2999409,16
401071252,CHA,1015,16
401071252,CHA,4066262,22
401071252,CHA,2579294,0
401071252,CHA,3136483,0
401071252,CHA,3907821,0
401071252,DEN,4017839,20
401071252,DEN,2528693,29
401071252,DEN,2488653,19
401071252,DEN,3112335,34
401071252,DEN,3936299,32
401071252,DEN,3015,27
401071252,DEN,3136196,14
401071252,DEN,3934662,1
401071252,DEN,3059310,15
401071252,DEN,3907822,22
401071252,DEN,2999547,26
401071252,DEN,3057198,1
401071253,UTAH,4257,28
401071253,UTAH,2968436,33
401071253,UTAH,3032976,27
401071253,UTAH,4011,30
401071253,UTAH,3908809,38
401071253,UTAH,6581,26
401071253,UTAH,3028,9
401071253,UTAH,4261,6
401071253,UTAH,2583632,9
401071253,UTAH,2968361,12
401071253,UTAH,2011,14
401071253,UTAH,3102528,8
401071253,UTAH,2990969,0
401071253,DET,3989,39
401071253,DET,2528779,39
401071253,DET,6585,38
401071253,DET,6443,25
401071253,DET,4065670,35
401071253,DET,6452,10
401071253,DET,3134881,14
401071253,DET,2530572,3
401071253,DET,2806,23
401071253,DET,3913174,13
401071253,DET,2991039,0
401071253,DET,2016,0
401071253,DET,3912334,0
401071254,DAL,6578,26
401071254,DAL,3442,31
401071254,DAL,4065697,22
401071254,DAL,4032,24
401071254,DAL,3945274,26
401071254,DAL,2531367,17
401071254,DAL,2578185,24
401071254,DAL,2960236,22
401071254,DAL,2489693,22
401071254,DAL,3934672,26
401071254,DAL,2968458,0
401071254,DAL,2382,0
401071254,PHI,3155533,29
401071254,PHI,3059318,35
401071254,PHI,3024,34
401071254,PHI,3929325,28
401071254,PHI,3907387,36
401071254,PHI,2490089,15
401071254,PHI,3915195,11
401071254,PHI,2530530,29
401071254,PHI,3914044,24
401071254,PHI,2769,0
401071254,PHI,3912332,0
401071254,PHI,3059273,0
401071255,NO,6583,29
401071255,NO,3064514,33
401071255,NO,3995,27
401071255,NO,6460,27
401071255,NO,2583639,24
401071255,NO,3919335,9
401071255,NO,6610,23
401071255,NO,2488958,4
401071255,NO,3135048,19
401071255,NO,2488945,20
401071255,NO,2489785,7
401071255,NO,4065651,19
401071255,NO,4247,0
401071255,CLE,2580365,26
401071255,CLE,3893016,33
401071255,CLE,6474,26
401071255,CLE,6429,36
401071255,CLE,4277811,31
401071255,CLE,2754,20
401071255,CLE,2579476,28
401071255,CLE,3137730,17
401071255,CLE,2528426,24
401071255,CLE,2581177,0
401071255,CLE,2489716,0
401071256,TOR,3439,36
401071256,TOR,3988,40
401071256,TOR,6450,38
401071256,TOR,3149673,39
401071256,TOR,2991230,35
401071256,TOR,3934719,17
401071256,TOR,4260,6
401071256,TOR,2595516,15
401071256,TOR,3064447,14
401071256,TOR,3948153,0
401071256,TOR,2778,0
401071256,TOR,3012,0
401071256,TOR,2528787,0
401071256,MIL,6609,32
401071256,MIL,3032977,40
401071256,MIL,3448,24
401071256,MIL,4238,32
401071256,MIL,2566769,33
401071256,MIL,2767,13
401071256,MIL,3136491,9
401071256,MIL,2528353,13
401071256,MIL,3057187,14
401071256,MIL,3438,28
401071256,MIL,3232,0
401071256,MIL,4017843,0
401071256,MIL,2578239,0
401071257,MEM,2993874,29
401071257,MEM,4277961,34
401071257,MEM,3206,25
401071257,MEM,3195,25
401071257,MEM,4023,30
401071257,MEM,3917378,1
401071257,MEM,2284101,21
401071257,MEM,2327577,29
401071257,MEM,3155526,17
401071257,MEM,3224,7
401071257,MEM,3133635,23
401071257,MEM,3554,0
401071257,MEM,6454,0
401071257,SA,3005,25
401071257,SA,2983,31
401071257,SA,2994526,30
401071257,SA,3978,34
401071257,SA,3078576,27
401071257,SA,3974,8
401071257,SA,4253,2
401071257,SA,3914285,2
401071257,SA,6426,21
401071257,SA,3134908,17
401071257,SA,4004,24
401071257,SA,3190,19
401071257,SA,996,0
401071258,HOU,3033,34
401071258,HOU,2991155,26
401071258,HOU,3102529,34
401071258,HOU,6617,42
401071258,HOU,3992,37
401071258,HOU,2579321,12
401071258,HOU,1713,13
401071258,HOU,6448,13
401071258,HOU,2761,28
401071258,HOU,3132042,0
401071258,HOU,3907487,0
401071258,HOU,2596108,0
401071258,POR,4248,30
401071258,POR,3102530,31
401071258,POR,4239,31
401071258,POR,6606,36
401071258,POR,2490149,40
401071258,POR,2982268,22
401071258,POR,4066650,13
401071258,POR,6605,14
401071258,POR,2326307,23
401071258,POR,6591,0
401071258,POR,2991042,0
401071258,POR,4277843,0
401071258,POR,4351851,0
401071259,GS,3202,39
401071259,GS,6589,32
401071259,GS,3155535,24
401071259,GS,3975,38
401071259,GS,6475,40
401071259,GS,2386,26
401071259,GS,3998,13
401071259,GS,2530923,8
401071259,GS,3064427,8
401071259,GS,2566745,10
401071259,GS,2393,4
401071259,GS,3934621,0
401071259,SAC,4269,33
401071259,SAC,2991282,32
401071259,SAC,2990984,35
401071259,SAC,3037789,35
401071259,SAC,4066259,31
401071259,SAC,4065649,12
401071259,SAC,3138156,34
401071259,SAC,2991018,17
401071259,SAC,2578213,11
401071259,SAC,3444,0
401071259,SAC,3936296,0
401071259,SAC,3059315,0
401071260,BKN,3201,20
401071260,BKN,2528794,20
401071260,BKN,4230548,20
401071260,BKN,4066328,24
401071260,BKN,3136776,33
401071260,BKN,3970,31
401071260,BKN,2595231,15
401071260,BKN,4259,24
401071260,BKN,2580782,26
401071260,BKN,2530780,27
401071260,BKN,6433,0
401071260,CHI,4066336,33
401071260,CHI,3149010,22
401071260,CHI,4277847,23
401071260,CHI,2991139,34
401071260,CHI,3064440,35
401071260,CHI,3113587,3
401071260,CHI,3064482,20
401071260,CHI,3447,14
401071260,CHI,2991047,20
401071260,CHI,2991274,20
401071260,CHI,3059316,3
401071260,CHI,3907386,13
401071260,CHI,3056600,0
401071261,LAL,3913176,25
401071261,LAL,3452,16
401071261,LAL,4017837,19
401071261,LAL,3062679,26
401071261,LAL,4066421,23
401071261,LAL,3418,21
401071261,LAL,984,22
401071261,LAL,3150844,19
401071261,LAL,4244,27
401071261,LAL,2581018,22
401071261,LAL,3133602,16
401071261,LAL,4348697,5
401071261,LAL,3134907,0
401071261,MIN,3986,26
401071261,MIN,3059319,36
401071261,MIN,3136195,35
401071261,MIN,4015,29
401071261,MIN,4065663,34
401071261,MIN,3276,25
401071261,MIN,3032978,22
401071261,MIN,2534781,13
401071261,MIN,3133843,1
401071261,MIN,3135046,19
401071261,MIN,2429,0
401071261,MIN,2326411,0
401071261,MIN,3417,0
401071262,ORL,3064290,37
401071262,ORL,4065654,26
401071262,ORL,6478,32
401071262,ORL,6588,31
401071262,ORL,3415,25
401071262,ORL,3064517,2
401071262,ORL,3074797,19
401071262,ORL,2578240,2
401071262,ORL,4277919,14
401071262,ORL,6619,27
401071262,ORL,2531047,2
401071262,ORL,2579466,21
401071262,ORL,3936294,2
401071262,LAC,3428,33
401071262,LAC,6440,36
401071262,LAC,2758,25
401071262,LAC,4240,25
401071262,LAC,4278073,23
401071262,LAC,6622,8
401071262,LAC,3059306,2
401071262,LAC,2991055,23
401071262,LAC,3964,25
401071262,LAC,2799,25
401071262,LAC,3064539,2
401071262,LAC,3002137,14
401071262,LAC,4376,0
401071263,MIA,3135047,30
401071263,MIA,3999,19
401071263,MIA,4262,21
401071263,MIA,2581190,29
401071263,MIA,2488826,22
401071263,MIA,2489663,22
401071263,MIA,3936099,29
401071263,MIA,4066261,27
401071263,MIA,1987,23
401071263,MIA,2530276,17
401071263,MIA,2184,0
401071263,MIA,3981,0
401071263,MIA,6628,0
401071263,ATL,3908845,27
401071263,ATL,2580913,27
401071263,ATL,3062667,27
401071263,ATL,4066372,36
401071263,ATL,4277905,30
401071263,ATL,2982340,3
401071263,ATL,3147351,23
401071263,ATL,4065836,3
401071263,ATL,2596107,20
401071263,ATL,136,20
401071263,ATL,4299,17
401071263,ATL,3915560,7
401071264,WSH,3209,34
401071264,WSH,2426,33
401071264,WSH,3934723,21
401071264,WSH,6621,28
401071264,WSH,6580,37
401071264,WSH,2991184,16
401071264,WSH,4278508,2
401071264,WSH,2594922,24
401071264,WSH,2774,25
401071264,WSH,2580349,2
401071264,WSH,2580898,18
401071264,OKC,4251,36
401071264,OKC,2991070,33
401071264,OKC,4230546,34
401071264,OKC,2991235,31
401071264,OKC,3468,37
401071264,OKC,4264,15
401071264,OKC,2595435,14
401071264,OKC,2991280,17
401071264,OKC,3893019,2
401071264,OKC,3032979,16
401071264,OKC,4080610,5
401071264,OKC,2753,0
401071265,IND,3244,33
401071265,IND,3155942,31
401071265,IND,3593,37
401071265,IND,3973,24
401071265,IND,2527963,34
401071265,IND,4066425,2
401071265,IND,2528588,17
401071265,IND,6615,17
401071265,IND,6446,28
401071265,IND,3983,15
401071265,IND,3922230,2
401071265,TOR,3439,23
401071265,TOR,3988,19
401071265,TOR,3149673,26
401071265,TOR,3012,32
401071265,TOR,2991230,35
401071265,TOR,3934719,24
401071265,TOR,3948153,2
401071265,TOR,4260,21
401071265,TOR,2528787,1
401071265,TOR,2595516,32
401071265,TOR,3064447,25
401071265,TOR,2778,0
401071266,CHA,2797,35
401071266,CHA,3416,36
401071266,CHA,6427,21
401071266,CHA,6479,32
401071266,CHA,3133601,21
401071266,CHA,6601,16
401071266,CHA,4066383,13
401071266,CHA,2999409,24
401071266,CHA,1015,27
401071266,CHA,4066262,16
401071266,CHA,2579294,0
401071266,CHA,3136483,0
401071266,CHA,3907821,0
401071266,PHX,2982334,37
401071266,PHX,4278129,31
401071266,PHX,3136193,12
401071266,PHX,3147657,31
401071266,PHX,4066436,26
401071266,PHX,2993370,17
401071266,PHX,4066297,32
401071266,PHX,165,23
401071266,PHX,3133603,17
401071266,PHX,4230550,13
401071266,PHX,3412,0
401071266,PHX,4011991,0
401071266,PHX,2489530,0
401071267,SA,2983,28
401071267,SA,3134908,27
401071267,SA,2994526,34
401071267,SA,3978,34
401071267,SA,3078576,35
401071267,SA,996,9
401071267,SA,6426,25
401071267,SA,4004,26
401071267,SA,3190,21
401071267,SA,3974,0
401071267,SA,4253,0
401071267,SA,3914285,0
401071267,DET,3989,37
401071267,DET,2528779,36
401071267,DET,6585,37
401071267,DET,6443,23
401071267,DET,4065670,34
401071267,DET,6452,11
401071267,DET,2991039,7
401071267,DET,3134881,11
401071267,DET,2530572,5
401071267,DET,2806,23
401071267,DET,3913174,16
401071267,DET,2016,0
401071267,DET,3912334,0
401071268,BKN,3201,17
401071268,BKN,4230548,28
401071268,BKN,4066328,24
401071268,BKN,2530780,33
401071268,BKN,3136776,23
401071268,BKN,6433,29
401071268,BKN,2595231,26
401071268,BKN,4259,20
401071268,BKN,2580782,24
401071268,BKN,3138154,16
401071268,BKN,3970,0
401071268,BKN,2528794,0
401071268,BOS,6462,26
401071268,BOS,4065648,27
401071268,BOS,3213,24
401071268,BOS,6442,28
401071268,BOS,2990992,27
401071268,BOS,3056602,6
401071268,BOS,4017844,4
401071268,BOS,4249,26
401071268,BOS,2451037,19
401071268,BOS,4066211,4
401071268,BOS,6507,4
401071268,BOS,3074752,20
401071268,BOS,3917376,24
401071269,DEN,3015,22
401071269,DEN,2528693,26
401071269,DEN,3112335,28
401071269,DEN,2999547,27
401071269,DEN,3936299,29
401071269,DEN,4017839,20
401071269,DEN,3136196,18
401071269,DEN,2488653,15
401071269,DEN,3059310,24
401071269,DEN,3907822,26
401071269,DEN,3057198,5
401071269,DEN,3934662,0
401071269,HOU,3033,38
401071269,HOU,2991155,26
401071269,HOU,3102529,37
401071269,HOU,6617,40
401071269,HOU,3992,40
401071269,HOU,2579321,14
401071269,HOU,1713,11
401071269,HOU,6448,6
401071269,HOU,2761,28
401071269,HOU,3132042,0
401071269,HOU,3907487,0
401071270,UTAH,4257,27
401071270,UTAH,2968436,32
401071270,UTAH,3032976,39
401071270,UTAH,4011,5
401071270,UTAH,3908809,40
401071270,UTAH,6581,29
401071270,UTAH,2583632,12
401071270,UTAH,2982349,1
401071270,UTAH,2990969,1
401071270,UTAH,2968361,29
401071270,UTAH,2011,25
401071270,UTAH,2990968,1
401071270,UTAH,4261,0
401071270,MIL,6609,33
401071270,MIL,3032977,35
401071270,MIL,3448,31
401071270,MIL,4238,28
401071270,MIL,2566769,31
401071270,MIL,2767,11
401071270,MIL,4017843,18
401071270,MIL,2528353,18
401071270,MIL,3057187,13
401071270,MIL,3438,23
401071270,MIL,3232,0
401071270,MIL,2578239,0
401071270,MIL,4277842,0
401071271,MEM,2993874,31
401071271,MEM,4277961,22
401071271,MEM,3206,29
401071271,MEM,3195,33
401071271,MEM,4023,32
401071271,MEM,3917378,3
401071271,MEM,3554,19
401071271,MEM,2284101,12
401071271,MEM,2327577,25
401071271,MEM,3133838,3
401071271,MEM,3224,14
401071271,MEM,3133635,17
401071271,MEM,6454,0
401071271,NO,6583,35
401071271,NO,3064514,33
401071271,NO,6610,30
401071271,NO,3995,33
401071271,NO,2583639,24
401071271,NO,3919335,3
401071271,NO,3135048,24
401071271,NO,2488945,23
401071271,NO,2489785,6
401071271,NO,3133626,9
401071271,NO,4065651,19
401071271,NO,4247,0
401071271,NO,2488958,0
401071272,LAL,3134907,37
401071272,LAL,3913176,37
401071272,LAL,3452,23
401071272,LAL,3062679,44
401071272,LAL,4066421,37
401071272,LAL,3418,9
401071272,LAL,984,19
401071272,LAL,4017837,4
401071272,LAL,4244,3
401071272,LAL,2581018,21
401071272,LAL,3133602,4
401071272,LAL,3150844,0
401071272,LAL,4348697,0
401071272,DAL,6578,34
401071272,DAL,3442,33
401071272,DAL,4065697,27
401071272,DAL,4032,32
401071272,DAL,3945274,35
401071272,DAL,609,13
401071272,DAL,2531367,15
401071272,DAL,2578185,15
401071272,DAL,2960236,5
401071272,DAL,2382,13
401071272,DAL,3055,19
401071272,DAL,2489693,0
401071272,DAL,3934672,0
401071273,NY,3078284,29
401071273,NY,4278075,22
401071273,NY,3064560,19
401071273,NY,2528210,27
401071273,NY,3892818,35
401071273,NY,2995706,31
401071273,NY,6447,29
401071273,NY,2579260,14
401071273,NY,2991149,22
401071273,NY,3907525,13
401071273,NY,6485,0
401071273,NY,3445,0
401071273,POR,4248,33
401071273,POR,6591,9
401071273,POR,3102530,19
401071273,POR,6606,32
401071273,POR,2490149,37
401071273,POR,2982268,22
401071273,POR,4066650,22
401071273,POR,6605,22
401071273,POR,4239,22
401071273,POR,2326307,22
401071273,POR,2991042,0
401071273,POR,4277843,0
401071273,POR,4351851,0
401071274,ORL,3064290,34
401071274,ORL,4065654,23
401071274,ORL,6478,25
401071274,ORL,6588,26
401071274,ORL,3415,19
401071274,ORL,3064517,6
401071274,ORL,3074797,26
401071274,ORL,2578240,11
401071274,ORL,4277919,13
401071274,ORL,6619,23
401071274,ORL,2531047,5
401071274,ORL,2579466,12
401071274,ORL,3936294,17
401071274,SAC,4269,22
401071274,SAC,2991282,18
401071274,SAC,2990984,25
401071274,SAC,3037789,32
401071274,SAC,4066259,23
401071274,SAC,4065649,17
401071274,SAC,3138156,27
401071274,SAC,4277848,20
401071274,SAC,3444,14
401071274,SAC,3936296,5
401071274,SAC,2991018,26
401071274,SAC,2578213,6
401071274,SAC,3059315,6
401071275,IND,3244,36
401071275,IND,3155942,34
401071275,IND,3593,32
401071275,IND,3973,26
401071275,IND,2527963,34
401071275,IND,4066425,12
401071275,IND,2528588,15
401071275,IND,6615,14
401071275,IND,6446,26
401071275,IND,3983,12
401071275,IND,4067045,0
401071275,IND,3136485,0
401071275,IND,3922230,0
401071275,CLE,2580365,5
401071275,CLE,3893016,32
401071275,CLE,6474,35
401071275,CLE,6429,30
401071275,CLE,4277811,30
401071275,CLE,2754,7
401071275,CLE,2579476,15
401071275,CLE,4017838,13
401071275,CLE,3064230,22
401071275,CLE,2489716,18
401071275,CLE,2528426,32
401071276,WSH,3209,27
401071276,WSH,2426,28
401071276,WSH,3934723,18
401071276,WSH,6621,24
401071276,WSH,6580,31
401071276,WSH,2991184,22
401071276,WSH,3137798,11
401071276,WSH,4278508,18
401071276,WSH,2594922,19
401071276,WSH,2774,17
401071276,WSH,2580898,24
401071276,PHI,3194,23
401071276,PHI,6430,28
401071276,PHI,3059318,24
401071276,PHI,3929325,24
401071276,PHI,3907387,28
401071276,PHI,3155533,18
401071276,PHI,2769,6
401071276,PHI,4291678,5
401071276,PHI,2490089,18
401071276,PHI,3915195,20
401071276,PHI,2530530,23
401071276,PHI,3914044,24
401071277,DEN,3015,30
401071277,DEN,2528693,39
401071277,DEN,3112335,40
401071277,DEN,3907822,36
401071277,DEN,3936299,32
401071277,DEN,4017839,9
401071277,DEN,3136196,15
401071277,DEN,2488653,11
401071277,DEN,3059310,25
401071277,DEN,3057198,4
401071277,DEN,3934662,0
401071277,MIA,3135047,23
401071277,MIA,3999,16
401071277,MIA,4262,24
401071277,MIA,2581190,34
401071277,MIA,2488826,16
401071277,MIA,2489663,30
401071277,MIA,4066261,24
401071277,MIA,1987,29
401071277,MIA,6628,25
401071277,MIA,2530276,19
401071277,MIA,2184,0
401071277,MIA,3936099,0
401071277,MIA,3981,0
401071278,ATL,3908845,35
401071278,ATL,2580913,26
401071278,ATL,3062667,37
401071278,ATL,4299,35
401071278,ATL,4277905,30
401071278,ATL,2982340,12
401071278,ATL,3147351,15
401071278,ATL,2596107,22
401071278,ATL,136,13
401071278,ATL,3915560,16
401071278,ATL,4065836,0
401071278,ATL,4066372,0
401071278,TOR,3439,32
401071278,TOR,6450,35
401071278,TOR,3149673,35
401071278,TOR,3012,32
401071278,TOR,2991230,34
401071278,TOR,3934719,28
401071278,TOR,4260,10
401071278,TOR,2595516,17
401071278,TOR,3064447,16
401071278,TOR,3948153,0
401071278,TOR,2778,0
401071278,TOR,2595592,0
401071279,MIN,3986,24
401071279,MIN,3059319,38
401071279,MIN,3136195,24
401071279,MIN,4015,25
401071279,MIN,4065663,37
401071279,MIN,3276,20
401071279,MIN,3032978,25
401071279,MIN,2534781,22
401071279,MIN,3135046,24
401071279,MIN,2429,0
401071279,MIN,3456,0
401071279,MIN,3417,0
401071279,MIN,3133843,0
401071279,OKC,4251,38
401071279,OKC,2991070,34
401071279,OKC,4230546,25
401071279,OKC,2991235,37
401071279,OKC,3468,39
401071279,OKC,4264,14
401071279,OKC,2595435,9
401071279,OKC,2991280,6
401071279,OKC,3032979,28
401071279,OKC,4080610,10
401071279,OKC,3893019,0
401071279,OKC,2753,0
401071280,SAC,4269,16
401071280,SAC,2991282,31
401071280,SAC,2990984,31
401071280,SAC,3037789,30
401071280,SAC,4066259,31
401071280,SAC,4065649,16
401071280,SAC,3138156,34
401071280,SAC,3444,12
401071280,SAC,2991018,20
401071280,SAC,2578213,18
401071280,SAC,3936296,0
401071280,SAC,3059315,0
401071280,PHX,2982334,36
401071280,PHX,4278129,30
401071280,PHX,4066297,31
401071280,PHX,3147657,22
401071280,PHX,4066436,31
401071280,PHX,6576,8
401071280,PHX,2993370,18
401071280,PHX,165,17
401071280,PHX,2489530,16
401071280,PHX,3133603,30
401071280,PHX,3412,0
401071280,PHX,4011991,0
401071280,PHX,4230550,0
401071281,NY,3078284,19
401071281,NY,4278075,32
401071281,NY,3064560,19
401071281,NY,2528210,20
401071281,NY,3892818,25
401071281,NY,2995706,25
401071281,NY,6447,25
401071281,NY,2579260,24
401071281,NY,2991149,22
401071281,NY,3907525,29
401071281,NY,6485,0
401071281,NY,3445,0
401071281,GS,3202,30
401071281,GS,6589,33
401071281,GS,3155535,26
401071281,GS,3975,32
401071281,GS,6475,34
401071281,GS,2386,23
401071281,GS,3998,18
401071281,GS,2530923,16
401071281,GS,3064427,6
401071281,GS,2566745,16
401071281,GS,3934621,6
401071282,CHA,2797,29
401071282,CHA,3416,37
401071282,CHA,6427,15
401071282,CHA,6479,31
401071282,CHA,6603,29
401071282,CHA,6601,19
401071282,CHA,4066383,14
401071282,CHA,2999409,14
401071282,CHA,3133601,13
401071282,CHA,1015,15
401071282,CHA,3907821,4
401071282,CHA,4066262,21
401071282,CHA,2579294,0
401071282,LAC,3428,31
401071282,LAC,6440,32
401071282,LAC,2758,13
401071282,LAC,4240,29
401071282,LAC,4278073,21
401071282,LAC,6622,13
401071282,LAC,3059306,4
401071282,LAC,2991055,30
401071282,LAC,3964,22
401071282,LAC,2799,25
401071282,LAC,3064539,3
401071282,LAC,3002137,18
401071282,LAC,4376,0
401071283,IND,3244,26
401071283,IND,3155942,27
401071283,IND,3593,24
401071283,IND,3973,22
401071283,IND,2527963,26
401071283,IND,4066425,18
401071283,IND,2528588,17
401071283,IND,4067045,6
401071283,IND,6615,21
401071283,IND,6446,20
401071283,IND,3136485,4
401071283,IND,3983,22
401071283,IND,3922230,6
401071283,BOS,6462,23
401071283,BOS,4065648,25
401071283,BOS,3213,18
401071283,BOS,6442,24
401071283,BOS,2990992,22
401071283,BOS,3056602,14
401071283,BOS,4017844,6
401071283,BOS,4249,22
401071283,BOS,2451037,18
401071283,BOS,4066211,12
401071283,BOS,6507,6
401071283,BOS,3074752,20
401071283,BOS,3917376,29
401071284,PHI,3194,26
401071284,PHI,6430,36
401071284,PHI,3059318,34
401071284,PHI,3929325,26
401071284,PHI,3907387,35
401071284,PHI,3155533,11
401071284,PHI,2490089,14
401071284,PHI,3915195,10
401071284,PHI,2530530,24
401071284,PHI,3914044,24
401071284,PHI,2769,0
401071284,PHI,3024,0
401071284,WSH,3209,25
401071284,WSH,2426,31
401071284,WSH,3934723,14
401071284,WSH,6621,29
401071284,WSH,6580,37
401071284,WSH,2991184,19
401071284,WSH,3137798,3
401071284,WSH,4278508,3
401071284,WSH,2594922,33
401071284,WSH,2774,25
401071284,WSH,2531797,3
401071284,WSH,2580898,19
401071285,ATL,3908845,35
401071285,ATL,2580913,27
401071285,ATL,3062667,29
401071285,ATL,4066372,37
401071285,ATL,4277905,29
401071285,ATL,3147351,12
401071285,ATL,2596107,19
401071285,ATL,136,15
401071285,ATL,4299,28
401071285,ATL,3915560,9
401071285,ATL,2982340,0
401071285,ATL,4065836,0
401071285,BKN,3201,16
401071285,BKN,2528794,30
401071285,BKN,4230548,29
401071285,BKN,4066328,25
401071285,BKN,3136776,26
401071285,BKN,3970,21
401071285,BKN,2595231,18
401071285,BKN,4259,23
401071285,BKN,2580782,29
401071285,BKN,2530780,23
401071285,BKN,6433,0
401071286,MIL,6609,35
401071286,MIL,3032977,37
401071286,MIL,3448,33
401071286,MIL,4238,28
401071286,MIL,2566769,36
401071286,MIL,2767,17
401071286,MIL,4017843,3
401071286,MIL,2528353,7
401071286,MIL,3057187,21
401071286,MIL,3438,24
401071286,MIL,3232,0
401071286,MIL,3136491,0
401071286,MIL,2578239,0
401071286,HOU,3033,43
401071286,HOU,2991155,25
401071286,HOU,3102529,35
401071286,HOU,6617,39
401071286,HOU,3992,41
401071286,HOU,2579321,11
401071286,HOU,3132042,5
401071286,HOU,6448,7
401071286,HOU,2761,33
401071286,HOU,3907487,0
401071286,HOU,1713,0
401071287,SA,2983,30
401071287,SA,3134908,14
401071287,SA,2994526,33
401071287,SA,3978,31
401071287,SA,3078576,16
401071287,SA,996,20
401071287,SA,3974,9
401071287,SA,4253,6
401071287,SA,3914285,4
401071287,SA,6426,18
401071287,SA,4004,31
401071287,SA,3190,29
401071287,MEM,2993874,33
401071287,MEM,4277961,18
401071287,MEM,3206,37
401071287,MEM,3195,32
401071287,MEM,4023,27
401071287,MEM,3554,17
401071287,MEM,2284101,21
401071287,MEM,2327577,28
401071287,MEM,3224,11
401071287,MEM,6454,16
401071287,MEM,3917378,0
401071287,MEM,3133838,0
401071287,MEM,3133635,0
401071288,CLE,2754,11
401071288,CLE,3893016,33
401071288,CLE,6474,29
401071288,CLE,6429,27
401071288,CLE,4277811,25
401071288,CLE,2579476,18
401071288,CLE,2982240,5
401071288,CLE,4017838,20
401071288,CLE,3064230,22
401071288,CLE,2489716,20
401071288,CLE,2528426,30
401071288,CLE,2581177,0
401071288,NO,6583,37
401071288,NO,3064514,27
401071288,NO,6610,36
401071288,NO,3995,36
401071288,NO,2583639,28
401071288,NO,6459,22
401071288,NO,3135048,12
401071288,NO,2488945,16
401071288,NO,3133626,7
401071288,NO,4065651,19
401071288,NO,4247,0
401071288,NO,2488958,0
401071288,NO,2489785,0
401071289,PHX,2982334,39
401071289,PHX,4278129,20
401071289,PHX,4066297,30
401071289,PHX,3147657,23
401071289,PHX,4066436,25
401071289,PHX,6576,9
401071289,PHX,2993370,28
401071289,PHX,2489530,11
401071289,PHX,3133603,33
401071289,PHX,4230550,23
401071289,PHX,3412,0
401071289,PHX,4011991,0
401071289,PHX,165,0
401071289,DAL,6578,35
401071289,DAL,2960236,34
401071289,DAL,3442,32
401071289,DAL,4032,29
401071289,DAL,3945274,36
401071289,DAL,2531367,16
401071289,DAL,2578185,18
401071289,DAL,2382,9
401071289,DAL,3055,18
401071289,DAL,3934672,15
401071289,DAL,2968458,0
401071289,DAL,2489693,0
401071290,ORL,3064290,36
401071290,ORL,4065654,26
401071290,ORL,6478,31
401071290,ORL,6588,37
401071290,ORL,3415,30
401071290,ORL,3074797,16
401071290,ORL,2578240,17
401071290,ORL,6619,29
401071290,ORL,3936294,18
401071290,ORL,3064517,0
401071290,ORL,4277919,0
401071290,ORL,2531047,0
401071290,ORL,2579466,0
401071290,UTAH,4257,21
401071290,UTAH,2968436,35
401071290,UTAH,3032976,36
401071290,UTAH,2968361,31
401071290,UTAH,3908809,37
401071290,UTAH,6581,34
401071290,UTAH,2583632,18
401071290,UTAH,2990969,5
401071290,UTAH,2011,24
401071290,UTAH,4261,0
401071290,UTAH,2982349,0
401071290,UTAH,2990968,0
401071291,CHI,4066336,32
401071291,CHI,3149010,30
401071291,CHI,4277847,29
401071291,CHI,2991139,30
401071291,CHI,3064440,33
401071291,CHI,3113587,5
401071291,CHI,3064482,19
401071291,CHI,3447,7
401071291,CHI,2991047,16
401071291,CHI,2991274,15
401071291,CHI,3059316,5
401071291,CHI,3907386,20
401071291,CHI,3056600,0
401071291,POR,2982268,17
401071291,POR,4248,27
401071291,POR,3102530,21
401071291,POR,6606,33
401071291,POR,2490149,31
401071291,POR,4066650,26
401071291,POR,6605,19
401071291,POR,4239,21
401071291,POR,2326307,23
401071291,POR,2991042,16
401071291,POR,4277843,3
401071291,POR,4351851,3
401071291,POR,6591,0
401071292,DET,3989,37
401071292,DET,2528779,33
401071292,DET,6585,32
401071292,DET,6443,32
401071292,DET,4065670,24
401071292,DET,6452,16
401071292,DET,2991039,2
401071292,DET,3134881,18
401071292,DET,2530572,15
401071292,DET,2806,13
401071292,DET,3913174,19
401071292,DET,2016,0
401071292,DET,3912334,0
401071292,LAL,3134907,29
401071292,LAL,3913176,30
401071292,LAL,3452,25
401071292,LAL,3062679,26
401071292,LAL,4066421,35
401071292,LAL,3418,19
401071292,LAL,3150844,3
401071292,LAL,4017837,23
401071292,LAL,4244,22
401071292,LAL,2581018,26
401071292,LAL,3133602,3
401071292,LAL,984,0
401071293,BOS,6462,29
401071293,BOS,4065648,32
401071293,BOS,3213,23
401071293,BOS,6442,35
401071293,BOS,2990992,33
401071293,BOS,3056602,6
401071293,BOS,4017844,3
401071293,BOS,4249,20
401071293,BOS,2451037,13
401071293,BOS,4066211,14
401071293,BOS,6507,3
401071293,BOS,3074752,17
401071293,BOS,3917376,14
401071293,MIA,3135047,32
401071293,MIA,3999,20
401071293,MIA,4262,21
401071293,MIA,2581190,34
401071293,MIA,2488826,15
401071293,MIA,2489663,5
401071293,MIA,3936099,29
401071293,MIA,4066261,27
401071293,MIA,1987,23
401071293,MIA,6628,20
401071293,MIA,2530276,15
401071293,MIA,2184,0
401071293,MIA,3981,0
401071294,LAC,3428,32
401071294,LAC,6440,31
401071294,LAC,2758,17
401071294,LAC,4240,26
401071294,LAC,4278073,20
401071294,LAC,6622,9
401071294,LAC,3059306,4
401071294,LAC,4376,6
401071294,LAC,2991055,22
401071294,LAC,3964,23
401071294,LAC,2799,25
401071294,LAC,3064539,5
401071294,LAC,3002137,19
401071294,DEN,3015,24
401071294,DEN,2528693,30
401071294,DEN,3112335,28
401071294,DEN,3907822,31
401071294,DEN,3936299,32
401071294,DEN,4017839,22
401071294,DEN,3136196,22
401071294,DEN,3934662,3
401071294,DEN,2488653,20
401071294,DEN,3059310,24
401071294,DEN,3057198,3
401071294,DEN,2999547,0
401071295,OKC,4251,47
401071295,OKC,2991070,44
401071295,OKC,4230546,41
401071295,OKC,2991235,38
401071295,OKC,3468,50
401071295,OKC,4264,12
401071295,OKC,2595435,12
401071295,OKC,3032979,36
401071295,OKC,4080610,11
401071295,OKC,3893019,0
401071295,OKC,2753,0
401071295,SA,996,16
401071295,SA,2983,49
401071295,SA,2994526,42
401071295,SA,3978,49
401071295,SA,3078576,48
401071295,SA,3974,0
401071295,SA,6426,26
401071295,SA,3134908,8
401071295,SA,4004,29
401071295,SA,3190,23
401071295,SA,4253,0
401071295,SA,3914285,0
401071295,SA,3005,0
401071296,DET,2528779,30
401071296,DET,6585,31
401071296,DET,6443,24
401071296,DET,3913174,23
401071296,DET,4065670,21
401071296,DET,6452,17
401071296,DET,2991039,9
401071296,DET,3134881,23
401071296,DET,2530572,25
401071296,DET,3912334,17
401071296,DET,2806,20
401071296,SAC,4269,25
401071296,SAC,2991282,25
401071296,SAC,6468,22
401071296,SAC,2990984,29
401071296,SAC,4066259,24
401071296,SAC,4065649,23
401071296,SAC,3138156,20
401071296,SAC,4277848,20
401071296,SAC,2991018,24
401071296,SAC,2578213,4
401071296,SAC,3037789,21
401071296,SAC,3059315,4
401071296,SAC,3444,0
401071297,ATL,3908845,34
401071297,ATL,2580913,33
401071297,ATL,3062667,41
401071297,ATL,4066372,39
401071297,ATL,4277905,32
401071297,ATL,2982340,11
401071297,ATL,3147351,0
401071297,ATL,4065836,3
401071297,ATL,2596107,13
401071297,ATL,136,13
401071297,ATL,4299,21
401071297,ATL,3915560,0
401071297,PHI,3194,26
401071297,PHI,6430,40
401071297,PHI,2490089,27
401071297,PHI,3024,35
401071297,PHI,3907387,43
401071297,PHI,3155533,15
401071297,PHI,3929325,4
401071297,PHI,2530530,34
401071297,PHI,3914044,16
401071297,PHI,2769,0
401071297,PHI,3059318,0
401071297,PHI,3915195,0
401071298,MIL,2767,26
401071298,MIL,6609,37
401071298,MIL,3448,31
401071298,MIL,4238,28
401071298,MIL,2566769,31
401071298,MIL,3136491,20
401071298,MIL,4017843,5
401071298,MIL,2528353,21
401071298,MIL,3057187,27
401071298,MIL,3438,15
401071298,MIL,3232,0
401071298,MIL,3058254,0
401071298,MIL,2578239,0
401071298,WSH,3209,39
401071298,WSH,2426,40
401071298,WSH,3934723,24
401071298,WSH,6621,35
401071298,WSH,6580,39
401071298,WSH,2991184,13
401071298,WSH,2594922,30
401071298,WSH,2774,5
401071298,WSH,2580898,13
401071298,WSH,3137798,0
401071298,WSH,4278508,0
401071298,WSH,2531797,0
401071299,IND,3244,30
401071299,IND,3155942,32
401071299,IND,3593,26
401071299,IND,3973,27
401071299,IND,2527963,28
401071299,IND,4066425,17
401071299,IND,2528588,19
401071299,IND,4067045,2
401071299,IND,6615,14
401071299,IND,6446,21
401071299,IND,3136485,2
401071299,IND,3983,20
401071299,IND,3922230,2
401071299,NY,3078284,19
401071299,NY,4278075,28
401071299,NY,3064560,21
401071299,NY,2528210,29
401071299,NY,3892818,28
401071299,NY,6485,15
401071299,NY,2995706,30
401071299,NY,2579260,26
401071299,NY,2991149,28
401071299,NY,3907525,16
401071299,NY,3445,0
401071300,BKN,2595231,29
401071300,BKN,2528794,21
401071300,BKN,4230548,22
401071300,BKN,4066328,22
401071300,BKN,3136776,27
401071300,BKN,3970,21
401071300,BKN,6433,12
401071300,BKN,4259,17
401071300,BKN,2579326,9
401071300,BKN,2580782,21
401071300,BKN,2530780,26
401071300,BKN,3138154,13
401071300,TOR,3439,25
401071300,TOR,3988,25
401071300,TOR,6450,27
401071300,TOR,3149673,26
401071300,TOR,3012,23
401071300,TOR,3934719,22
401071300,TOR,3948153,5
401071300,TOR,4260,15
401071300,TOR,2778,7
401071300,TOR,2595516,21
401071300,TOR,2991230,19
401071300,TOR,3064447,23
401071300,TOR,3934663,2
401071301,CLE,3893016,28
401071301,CLE,6474,24
401071301,CLE,6429,27
401071301,CLE,2581177,18
401071301,CLE,4277811,28
401071301,CLE,2579476,20
401071301,CLE,2982240,5
401071301,CLE,4017838,24
401071301,CLE,3064230,21
401071301,CLE,2489716,20
401071301,CLE,2528426,25
401071301,CLE,2754,0
401071301,HOU,3033,26
401071301,HOU,2991155,30
401071301,HOU,3102529,30
401071301,HOU,6617,24
401071301,HOU,3992,30
401071301,HOU,2579321,20
401071301,HOU,3132042,20
401071301,HOU,3907487,12
401071301,HOU,1713,6
401071301,HOU,6448,18
401071301,HOU,2761,24
401071302,DAL,6578,33
401071302,DAL,2960236,30
401071302,DAL,3442,30
401071302,DAL,4032,23
401071302,DAL,3945274,35
401071302,DAL,609,13
401071302,DAL,2531367,18
401071302,DAL,2578185,20
401071302,DAL,3055,22
401071302,DAL,3934672,16
401071302,DAL,2968458,0
401071302,DAL,2382,0
401071302,DAL,2489693,0
401071302,MIN,3986,30
401071302,MIN,3059319,39
401071302,MIN,3136195,30
401071302,MIN,4015,31
401071302,MIN,4065663,23
401071302,MIN,3276,5
401071302,MIN,3032978,19
401071302,MIN,2534781,17
401071302,MIN,3456,28
401071302,MIN,3135046,19
401071302,MIN,2429,0
401071302,MIN,3136779,0
401071302,MIN,3417,0
401071303,LAL,3134907,36
401071303,LAL,3913176,35
401071303,LAL,3452,16
401071303,LAL,3062679,30
401071303,LAL,4066421,31
401071303,LAL,3418,18
401071303,LAL,984,5
401071303,LAL,3150844,8
401071303,LAL,4017837,14
401071303,LAL,4244,14
401071303,LAL,2581018,27
401071303,LAL,3133602,7
401071303,UTAH,4257,26
401071303,UTAH,2583632,40
401071303,UTAH,2968436,31
401071303,UTAH,3032976,32
401071303,UTAH,3908809,33
401071303,UTAH,6581,29
401071303,UTAH,4261,3
401071303,UTAH,2982349,3
401071303,UTAH,2990969,21
401071303,UTAH,2011,21
401071303,UTAH,2990968,3
401071303,UTAH,2968361,0
401071304,CHA,2797,23
401071304,CHA,3416,24
401071304,CHA,6427,22
401071304,CHA,6479,32
401071304,CHA,6603,27
401071304,CHA,6601,18
401071304,CHA,2579294,8
401071304,CHA,4066383,23
401071304,CHA,2999409,13
401071304,CHA,3133601,7
401071304,CHA,1015,12
401071304,CHA,3907821,8
401071304,CHA,4066262,23
401071304,POR,2982268,27
401071304,POR,4248,29
401071304,POR,3102530,30
401071304,POR,6606,29
401071304,POR,2490149,29
401071304,POR,4066650,19
401071304,POR,6605,11
401071304,POR,4239,21
401071304,POR,2326307,12
401071304,POR,2991042,19
401071304,POR,4277843,7
401071304,POR,4351851,7
401071304,POR,6591,0
401071305,CHI,4066336,26
401071305,CHI,3149010,29
401071305,CHI,4277847,17
401071305,CHI,2991139,25
401071305,CHI,3064440,27
401071305,CHI,3113587,9
401071305,CHI,3064482,17
401071305,CHI,3447,13
401071305,CHI,2991047,25
401071305,CHI,2991274,18
401071305,CHI,3059316,21
401071305,CHI,3907386,13
401071305,CHI,3056600,0
401071305,GS,3202,28
401071305,GS,6589,21
401071305,GS,3155535,23
401071305,GS,3975,27
401071305,GS,6475,25
401071305,GS,2386,19
401071305,GS,3998,21
401071305,GS,2530923,20
401071305,GS,3064427,15
401071305,GS,3934670,12
401071305,GS,2566745,20
401071305,GS,2393,9
401071306,DET,3989,40
401071306,DET,2528779,35
401071306,DET,6585,42
401071306,DET,6443,40
401071306,DET,4065670,27
401071306,DET,6452,5
401071306,DET,3134881,11
401071306,DET,2530572,15
401071306,DET,3912334,4
401071306,DET,2806,8
401071306,DET,3913174,13
401071306,DET,2991039,0
401071306,DET,2016,0
401071306,LAC,3428,38
401071306,LAC,6440,37
401071306,LAC,2758,14
401071306,LAC,4240,22
401071306,LAC,4278073,17
401071306,LAC,6622,3
401071306,LAC,2991055,34
401071306,LAC,3964,34
401071306,LAC,2799,28
401071306,LAC,3064539,0
401071306,LAC,3002137,14
401071306,LAC,3059306,0
401071306,LAC,4376,0
401071307,MEM,2993874,8
401071307,MEM,4277961,28
401071307,MEM,3206,34
401071307,MEM,3195,35
401071307,MEM,4023,31
401071307,MEM,3554,17
401071307,MEM,2284101,16
401071307,MEM,2327577,22
401071307,MEM,3224,14
401071307,MEM,6454,29
401071307,MEM,3133635,6
401071307,MEM,3917378,0
401071307,MEM,3133838,0
401071307,MIA,3135047,34
401071307,MIA,3999,14
401071307,MIA,4066261,38
401071307,MIA,2581190,36
401071307,MIA,2488826,14
401071307,MIA,2489663,25
401071307,MIA,3936099,18
401071307,MIA,1987,25
401071307,MIA,6628,10
401071307,MIA,2530276,28
401071307,MIA,2184,0
401071307,MIA,4262,0
401071307,MIA,3981,0
401071308,BOS,6462,31
401071308,BOS,4065648,28
401071308,BOS,3213,30
401071308,BOS,6442,33
401071308,BOS,2990992,33
401071308,BOS,4249,25
401071308,BOS,2451037,16
401071308,BOS,4066211,2
401071308,BOS,3074752,17
401071308,BOS,3917376,24
401071308,BOS,3056602,0
401071308,BOS,4017844,0
401071308,BOS,6507,0
401071308,ORL,3064290,37
401071308,ORL,4065654,25
401071308,ORL,6478,30
401071308,ORL,6588,39
401071308,ORL,3415,27
401071308,ORL,3074797,13
401071308,ORL,2578240,18
401071308,ORL,6619,31
401071308,ORL,3936294,21
401071308,ORL,3064517,0
401071308,ORL,2531047,0
401071308,ORL,2579466,0
401071308,ORL,3913546,0
401071309,NO,6583,36
401071309,NO,3064514,34
401071309,NO,3995,40
401071309,NO,6460,31
401071309,NO,2583639,27
401071309,NO,6459,27
401071309,NO,6610,19
401071309,NO,3135048,4
401071309,NO,2488945,7
401071309,NO,4065651,15
401071309,NO,4247,0
401071309,NO,2488958,0
401071309,NO,2489785,0
401071309,MIN,3986,27
401071309,MIN,3059319,40
401071309,MIN,3136195,37
401071309,MIN,4015,22
401071309,MIN,4065663,42
401071309,MIN,3276,13
401071309,MIN,2429,5
401071309,MIN,3032978,16
401071309,MIN,2534781,11
401071309,MIN,3135046,28
401071309,MIN,3136779,0
401071309,MIN,3417,0
401071309,MIN,3133843,0
401071310,SA,996,14
401071310,SA,2983,33
401071310,SA,2994526,28
401071310,SA,3978,35
401071310,SA,3078576,31
401071310,SA,3974,4
401071310,SA,4253,4
401071310,SA,3914285,4
401071310,SA,6426,30
401071310,SA,3134908,19
401071310,SA,4004,16
401071310,SA,3190,22
401071310,OKC,4251,34
401071310,OKC,2991070,30
401071310,OKC,4230546,30
401071310,OKC,2991235,35
401071310,OKC,3468,33
401071310,OKC,4264,23
401071310,OKC,2595435,17
401071310,OKC,3893019,1
401071310,OKC,3032979,25
401071310,OKC,4080610,13
401071310,OKC,2753,0
401071311,DEN,3015,32
401071311,DEN,2528693,24
401071311,DEN,3112335,34
401071311,DEN,3907822,40
401071311,DEN,3936299,34
401071311,DEN,4017839,14
401071311,DEN,2488653,16
401071311,DEN,3059310,29
401071311,DEN,6579,16
401071311,DEN,3057198,0
401071311,DEN,3934662,0
401071311,PHX,2982334,36
401071311,PHX,4278129,30
401071311,PHX,4066297,31
401071311,PHX,3147657,24
401071311,PHX,4066436,32
401071311,PHX,6576,8
401071311,PHX,2993370,18
401071311,PHX,2489530,15
401071311,PHX,3133603,30
401071311,PHX,4230550,16
401071311,PHX,3412,0
401071311,PHX,4011991,0
401071311,PHX,165,0
401071312,CHI,4066336,34
401071312,CHI,3149010,25
401071312,CHI,4277847,30
401071312,CHI,2991139,30
401071312,CHI,3064440,29
401071312,CHI,3056600,19
401071312,CHI,3447,13
401071312,CHI,2991047,19
401071312,CHI,2991274,14
401071312,CHI,3059316,26
401071312,CHI,3113587,0
401071312,CHI,3907386,0
401071312,UTAH,4257,28
401071312,UTAH,2583632,37
401071312,UTAH,2968436,31
401071312,UTAH,3032976,40
401071312,UTAH,3908809,38
401071312,UTAH,6581,25
401071312,UTAH,2990969,3
401071312,UTAH,2011,26
401071312,UTAH,3135045,14
401071312,UTAH,4261,0
401071312,UTAH,2982349,0
401071312,UTAH,2990968,0
401071313,CHA,2797,33
401071313,CHA,3416,27
401071313,CHA,6427,25
401071313,CHA,6479,34
401071313,CHA,6603,26
401071313,CHA,6601,26
401071313,CHA,4066383,15
401071313,CHA,2999409,11
401071313,CHA,3133601,23
401071313,CHA,4066262,20
401071313,CHA,2579294,0
401071313,CHA,3136483,0
401071313,CHA,3907821,0
401071313,SAC,4269,17
401071313,SAC,2991282,32
401071313,SAC,6468,21
401071313,SAC,2990984,30
401071313,SAC,4066259,30
401071313,SAC,4065649,17
401071313,SAC,3138156,21
401071313,SAC,4277848,25
401071313,SAC,2991018,18
401071313,SAC,3037789,29
401071313,SAC,3444,0
401071313,SAC,2578213,0
401071313,SAC,3059315,0
401071314,PHI,3194,30
401071314,PHI,6430,28
401071314,PHI,3059318,32
401071314,PHI,3024,34
401071314,PHI,3907387,37
401071314,PHI,3155533,18
401071314,PHI,2490089,16
401071314,PHI,3929325,9
401071314,PHI,2530530,21
401071314,PHI,3914044,14
401071314,PHI,2769,0
401071314,PHI,4291678,0
401071314,PHI,3915195,0
401071314,NY,3078284,18
401071314,NY,6485,19
401071314,NY,4278075,44
401071314,NY,2991149,36
401071314,NY,3892818,28
401071314,NY,2995706,22
401071314,NY,3064560,34
401071314,NY,4230547,28
401071314,NY,3907525,12
401071314,NY,2579260,0
401071314,NY,3445,0
401071314,NY,2528210,0
401071315,TOR,3439,41
401071315,TOR,3988,42
401071315,TOR,6450,45
401071315,TOR,3149673,44
401071315,TOR,3012,50
401071315,TOR,3934719,21
401071315,TOR,4260,12
401071315,TOR,2595516,13
401071315,TOR,3064447,22
401071315,TOR,3137730,0
401071315,TOR,2595592,0
401071315,TOR,2991230,0
401071315,TOR,3934663,0
401071315,WSH,3209,35
401071315,WSH,2426,48
401071315,WSH,3934723,34
401071315,WSH,6621,36
401071315,WSH,6580,55
401071315,WSH,2991184,13
401071315,WSH,4278508,10
401071315,WSH,2594922,44
401071315,WSH,2774,7
401071315,WSH,2580898,8
401071315,WSH,3137798,0
401071315,WSH,2531797,0
401071316,MIL,6609,28
401071316,MIL,3032977,31
401071316,MIL,3448,26
401071316,MIL,4238,26
401071316,MIL,2566769,27
401071316,MIL,2767,17
401071316,MIL,3232,3
401071316,MIL,3136491,17
401071316,MIL,2528353,19
401071316,MIL,3057187,16
401071316,MIL,3438,26
401071316,MIL,2578239,2
401071316,MIL,4017843,0
401071316,ATL,3908845,34
401071316,ATL,4065836,30
401071316,ATL,3062667,32
401071316,ATL,4066372,38
401071316,ATL,4277905,34
401071316,ATL,2982340,3
401071316,ATL,2990962,11
401071316,ATL,2596107,17
401071316,ATL,136,12
401071316,ATL,4299,26
401071316,ATL,3915560,3
401071316,ATL,3147351,0
401071316,ATL,2580913,0
401071317,HOU,3033,39
401071317,HOU,2991155,30
401071317,HOU,3102529,36
401071317,HOU,6617,37
401071317,HOU,3992,43
401071317,HOU,2579321,15
401071317,HOU,3132042,10
401071317,HOU,3907487,11
401071317,HOU,2761,19
401071317,HOU,1713,0
401071317,HOU,6448,0
401071317,ORL,3064290,35
401071317,ORL,4065654,29
401071317,ORL,6478,35
401071317,ORL,6588,37
401071317,ORL,3415,31
401071317,ORL,3074797,15
401071317,ORL,2578240,13
401071317,ORL,6619,29
401071317,ORL,3936294,17
401071317,ORL,3064517,0
401071317,ORL,2531047,0
401071317,ORL,2579466,0
401071317,ORL,3913546,0
401071318,GS,3202,38
401071318,GS,6589,32
401071318,GS,3155535,17
401071318,GS,3975,37
401071318,GS,6475,34
401071318,GS,2386,30
401071318,GS,3998,14
401071318,GS,2530923,16
401071318,GS,3064427,8
401071318,GS,2393,14
401071318,GS,2566745,0
401071318,GS,3934621,0
401071318,DAL,6578,37
401071318,DAL,2960236,26
401071318,DAL,3442,31
401071318,DAL,4032,23
401071318,DAL,3945274,32
401071318,DAL,609,7
401071318,DAL,2531367,17
401071318,DAL,2578185,26
401071318,DAL,2382,11
401071318,DAL,3934672,30
401071318,DAL,2968458,0
401071318,DAL,4066243,0
401071318,DAL,2489693,0
401071319,POR,2982268,18
401071319,POR,4248,34
401071319,POR,3102530,25
401071319,POR,6606,38
401071319,POR,2490149,37
401071319,POR,4066650,14
401071319,POR,6605,18
401071319,POR,4239,28
401071319,POR,2326307,19
401071319,POR,2991042,8
401071319,POR,6591,0
401071319,POR,4277843,0
401071319,POR,4351851,0
401071319,DEN,3015,27
401071319,DEN,2528693,25
401071319,DEN,3112335,37
401071319,DEN,3907822,37
401071319,DEN,3936299,33
401071319,DEN,4017839,12
401071319,DEN,3934662,6
401071319,DEN,2488653,21
401071319,DEN,3059310,27
401071319,DEN,6579,14
401071319,DEN,3155536,0
401071319,DEN,3057198,0
401071320,CLE,3893016,42
401071320,CLE,6474,37
401071320,CLE,6429,33
401071320,CLE,2581177,24
401071320,CLE,4277811,33
401071320,CLE,2982240,9
401071320,CLE,4017838,10
401071320,CLE,3064230,6
401071320,CLE,2489716,17
401071320,CLE,2528426,28
401071320,CLE,2754,0
401071320,CLE,2579476,0
401071320,LAL,3134907,36
401071320,LAL,3913176,40
401071320,LAL,3452,23
401071320,LAL,3062679,32
401071320,LAL,4066421,41
401071320,LAL,3418,7
401071320,LAL,984,4
401071320,LAL,4017837,11
401071320,LAL,4244,15
401071320,LAL,2581018,26
401071320,LAL,3133602,5
401071320,LAL,3150844,0
401071321,BOS,6462,24
401071321,BOS,4065648,36
401071321,BOS,3213,20
401071321,BOS,3074752,25
401071321,BOS,3917376,32
401071321,BOS,3056602,11
401071321,BOS,4017844,13
401071321,BOS,4249,25
401071321,BOS,2451037,18
401071321,BOS,4066211,10
401071321,BOS,6507,26
401071321,BOS,3923250,0
401071321,BKN,2595231,27
401071321,BKN,2528794,35
401071321,BKN,4230548,33
401071321,BKN,4066328,33
401071321,BKN,3136776,37
401071321,BKN,3970,33
401071321,BKN,4259,14
401071321,BKN,2580782,28
401071321,BKN,6433,0
401071321,BKN,2579326,0
401071321,BKN,2530780,0
401071321,BKN,3138154,0
401071322,MEM,4277961,31
401071322,MEM,3206,25
401071322,MEM,3195,33
401071322,MEM,4023,34
401071322,MEM,3133635,15
401071322,MEM,3917378,4
401071322,MEM,3554,25
401071322,MEM,2284101,14
401071322,MEM,2327577,22
401071322,MEM,3133838,4
401071322,MEM,3224,11
401071322,MEM,6454,23
401071322,HOU,3033,31
401071322,HOU,2991155,36
401071322,HOU,1713,14
401071322,HOU,6617,39
401071322,HOU,3992,34
401071322,HOU,2579321,16
401071322,HOU,3132042,26
401071322,HOU,3907487,7
401071322,HOU,4222252,7
401071322,HOU,2761,30
401071322,HOU,6448,0
401071323,CHA,2797,27
401071323,CHA,3416,30
401071323,CHA,6427,22
401071323,CHA,6479,37
401071323,CHA,6603,31
401071323,CHA,6601,25
401071323,CHA,4066383,19
401071323,CHA,2999409,14
401071323,CHA,3133601,11
401071323,CHA,1015,19
401071323,CHA,4066262,5
401071323,CHA,2579294,0
401071323,CHA,3907821,0
401071323,SA,996,11
401071323,SA,2983,37
401071323,SA,2994526,37
401071323,SA,3978,39
401071323,SA,3078576,34
401071323,SA,3974,11
401071323,SA,4253,7
401071323,SA,3914285,1
401071323,SA,6426,29
401071323,SA,3134908,11
401071323,SA,4004,24
401071323,SA,3005,0
401071323,SA,3190,0
401071324,DET,3989,36
401071324,DET,2528779,27
401071324,DET,6585,35
401071324,DET,6443,29
401071324,DET,4065670,14
401071324,DET,6452,13
401071324,DET,3134881,12
401071324,DET,4305,19
401071324,DET,2530572,21
401071324,DET,3912334,10
401071324,DET,3913174,23
401071324,DET,2991039,0
401071324,DET,2806,0
401071324,UTAH,4257,24
401071324,UTAH,2583632,27
401071324,UTAH,2968436,29
401071324,UTAH,3032976,36
401071324,UTAH,3908809,36
401071324,UTAH,6581,28
401071324,UTAH,2990969,8
401071324,UTAH,2011,32
401071324,UTAH,3135045,20
401071324,UTAH,4261,0
401071324,UTAH,2982349,0
401071324,UTAH,2990968,0
401071325,POR,2982268,22
401071325,POR,4248,26
401071325,POR,3102530,29
401071325,POR,6606,37
401071325,POR,2490149,30
401071325,POR,4066650,22
401071325,POR,6605,19
401071325,POR,4239,27
401071325,POR,2326307,21
401071325,POR,2991042,7
401071325,POR,6591,0
401071325,POR,4277843,0
401071325,POR,4351851,0
401071325,SAC,4269,21
401071325,SAC,2991282,29
401071325,SAC,6468,24
401071325,SAC,2990984,28
401071325,SAC,4066259,32
401071325,SAC,4065649,19
401071325,SAC,3138156,16
401071325,SAC,4277848,24
401071325,SAC,2991018,16
401071325,SAC,3037789,31
401071325,SAC,3444,0
401071325,SAC,2578213,0
401071325,SAC,3059315,0
401071326,NO,6583,39
401071326,NO,3064514,33
401071326,NO,3995,39
401071326,NO,6460,29
401071326,NO,2583639,29
401071326,NO,6459,17
401071326,NO,6610,29
401071326,NO,3135048,10
401071326,NO,4065651,15
401071326,NO,4247,0
401071326,NO,2488958,0
401071326,NO,2488945,0
401071326,NO,2489785,0
401071326,LAC,3428,33
401071326,LAC,6440,36
401071326,LAC,2758,14
401071326,LAC,4240,30
401071326,LAC,4278073,13
401071326,LAC,6622,5
401071326,LAC,2991055,34
401071326,LAC,3964,25
401071326,LAC,2799,30
401071326,LAC,3002137,20
401071326,LAC,3059306,0
401071326,LAC,4376,0
401071326,LAC,3064539,0
401071327,PHX,2982334,31
401071327,PHX,4278129,29
401071327,PHX,3136193,27
401071327,PHX,3147657,30
401071327,PHX,4066436,22
401071327,PHX,6576,9
401071327,PHX,2993370,19
401071327,PHX,4011991,5
401071327,PHX,4066297,19
401071327,PHX,2489530,5
401071327,PHX,3133603,24
401071327,PHX,4230550,21
401071327,PHX,3412,0
401071327,IND,3244,28
401071327,IND,3593,29
401071327,IND,3133628,28
401071327,IND,3973,27
401071327,IND,2527963,30
401071327,IND,4066425,11
401071327,IND,2528588,18
401071327,IND,3155942,20
401071327,IND,4067045,4
401071327,IND,6615,5
401071327,IND,6446,21
401071327,IND,3983,15
401071327,IND,3922230,5
401071328,MIN,3986,18
401071328,MIN,3059319,27
401071328,MIN,3136195,28
401071328,MIN,4015,26
401071328,MIN,4065663,21
401071328,MIN,3276,14
401071328,MIN,2429,15
401071328,MIN,3032978,23
401071328,MIN,3136779,7
401071328,MIN,2534781,20
401071328,MIN,3456,22
401071328,MIN,3417,8
401071328,MIN,3135046,11
401071328,PHI,3194,26
401071328,PHI,6430,28
401071328,PHI,3059318,27
401071328,PHI,3024,26
401071328,PHI,3907387,26
401071328,PHI,3155533,16
401071328,PHI,2769,10
401071328,PHI,3191,8
401071328,PHI,4415554,8
401071328,PHI,2490089,19
401071328,PHI,3929325,10
401071328,PHI,2530530,21
401071328,PHI,3914044,23
401071329,OKC,4251,37
401071329,OKC,2991070,40
401071329,OKC,4230546,23
401071329,OKC,2991235,38
401071329,OKC,3468,36
401071329,OKC,4264,13
401071329,OKC,2595435,14
401071329,OKC,3893019,1
401071329,OKC,3032979,27
401071329,OKC,4080610,11
401071329,OKC,3059358,0
401071329,OKC,2753,0
401071329,ATL,3908845,28
401071329,ATL,4065836,22
401071329,ATL,3062667,34
401071329,ATL,4066372,37
401071329,ATL,4277905,33
401071329,ATL,2990962,13
401071329,ATL,3147351,12
401071329,ATL,2596107,31
401071329,ATL,136,15
401071329,ATL,3133874,15
401071329,ATL,2982340,0
401071330,MIA,3135047,29
401071330,MIA,3999,21
401071330,MIA,4262,26
401071330,MIA,2581190,25
401071330,MIA,2488826,17
401071330,MIA,2489663,13
401071330,MIA,3936099,18
401071330,MIA,4066261,23
401071330,MIA,3981,8
401071330,MIA,1987,22
401071330,MIA,6628,12
401071330,MIA,2530276,25
401071330,MIA,2184,0
401071330,MIL,6609,26
401071330,MIL,3032977,25
401071330,MIL,3448,25
401071330,MIL,4238,22
401071330,MIL,2566769,23
401071330,MIL,2767,13
401071330,MIL,3232,8
401071330,MIL,3136491,17
401071330,MIL,4017843,10
401071330,MIL,2528353,21
401071330,MIL,3057187,22
401071330,MIL,3438,17
401071330,MIL,2578239,11
401071331,GS,3202,30
401071331,GS,6589,31
401071331,GS,3155535,24
401071331,GS,3975,30
401071331,GS,6475,25
401071331,GS,2386,21
401071331,GS,3998,18
401071331,GS,2530923,22
401071331,GS,3064427,9
401071331,GS,2566745,14
401071331,GS,2393,10
401071331,GS,3934621,7
401071331,DEN,3015,21
401071331,DEN,2528693,23
401071331,DEN,3112335,23
401071331,DEN,3907822,33
401071331,DEN,3936299,31
401071331,DEN,4017839,16
401071331,DEN,3136196,9
401071331,DEN,3934662,9
401071331,DEN,2488653,20
401071331,DEN,3155536,7
401071331,DEN,3059310,14
401071331,DEN,6579,23
401071331,DEN,3057198,9
401071332,CHI,4066336,31
401071332,CHI,3149010,27
401071332,CHI,4277847,28
401071332,CHI,2991139,31
401071332,CHI,3064440,33
401071332,CHI,3056600,17
401071332,CHI,3113587,3
401071332,CHI,3064482,17
401071332,CHI,2991047,19
401071332,CHI,2991274,25
401071332,CHI,3059316,10
401071332,CHI,3447,0
401071332,CHI,3907386,0
401071332,LAL,3134907,31
401071332,LAL,3913176,40
401071332,LAL,984,26
401071332,LAL,2581018,31
401071332,LAL,4066421,38
401071332,LAL,3418,11
401071332,LAL,3452,14
401071332,LAL,4017837,8
401071332,LAL,4244,3
401071332,LAL,3062679,22
401071332,LAL,3133602,16
401071332,LAL,3150844,0
401071333,ORL,3064290,37
401071333,ORL,4065654,33
401071333,ORL,6478,38
401071333,ORL,6588,40
401071333,ORL,3415,32
401071333,ORL,3074797,17
401071333,ORL,2578240,15
401071333,ORL,6619,33
401071333,ORL,3936294,20
401071333,ORL,3064517,0
401071333,ORL,2531047,0
401071333,ORL,2579466,0
401071333,ORL,3913546,0
401071333,DET,3989,40
401071333,DET,2528779,38
401071333,DET,6585,38
401071333,DET,6443,31
401071333,DET,4065670,22
401071333,DET,3134881,13
401071333,DET,2016,15
401071333,DET,4305,22
401071333,DET,2530572,21
401071333,DET,3913174,26
401071333,DET,6452,0
401071333,DET,2991039,0
401071333,DET,2806,0
401071334,TOR,3439,34
401071334,TOR,3988,31
401071334,TOR,6450,36
401071334,TOR,3149673,36
401071334,TOR,3012,34
401071334,TOR,4260,15
401071334,TOR,2595516,24
401071334,TOR,2991230,18
401071334,TOR,3064447,12
401071334,TOR,3137730,0
401071334,TOR,2778,0
401071334,TOR,2595592,0
401071334,TOR,3934663,0
401071334,BOS,6462,25
401071334,BOS,4065648,31
401071334,BOS,3213,34
401071334,BOS,6442,38
401071334,BOS,2990992,31
401071334,BOS,4249,24
401071334,BOS,2968439,14
401071334,BOS,3074752,19
401071334,BOS,3917376,23
401071334,BOS,3056602,0
401071334,BOS,4017844,0
401071334,BOS,2451037,0
401071334,BOS,6507,0
401071335,BKN,2595231,32
401071335,BKN,2528794,43
401071335,BKN,4230548,30
401071335,BKN,4066328,43
401071335,BKN,3136776,28
401071335,BKN,3970,35
401071335,BKN,3064291,7
401071335,BKN,4259,7
401071335,BKN,2580782,32
401071335,BKN,2530780,8
401071335,BKN,6433,0
401071335,BKN,3138154,0
401071335,HOU,3033,42
401071335,HOU,3132042,24
401071335,HOU,6617,46
401071335,HOU,3431,21
401071335,HOU,3992,45
401071335,HOU,2326411,25
401071335,HOU,3907487,6
401071335,HOU,1713,16
401071335,HOU,2761,41
401071335,HOU,3136989,0
401071335,HOU,4222252,0
401071336,MIL,6609,27
401071336,MIL,3032977,22
401071336,MIL,3448,25
401071336,MIL,4238,25
401071336,MIL,2566769,26
401071336,MIL,2767,18
401071336,MIL,3232,6
401071336,MIL,3136491,23
401071336,MIL,4017843,9
401071336,MIL,2528353,5
401071336,MIL,3057187,28
401071336,MIL,3438,15
401071336,MIL,2578239,12
401071336,MEM,2284101,17
401071336,MEM,4277961,21
401071336,MEM,3206,25
401071336,MEM,3195,23
401071336,MEM,4023,21
401071336,MEM,3917378,6
401071336,MEM,3554,36
401071336,MEM,2327577,26
401071336,MEM,3133838,6
401071336,MEM,3224,13
401071336,MEM,6454,18
401071336,MEM,3133635,28
401071337,SA,3005,22
401071337,SA,2983,23
401071337,SA,2994526,33
401071337,SA,3978,40
401071337,SA,3078576,24
401071337,SA,996,5
401071337,SA,4253,0
401071337,SA,6426,25
401071337,SA,3134908,20
401071337,SA,4004,24
401071337,SA,3190,24
401071337,SA,3974,0
401071337,SA,3914285,0
401071337,DAL,6578,35
401071337,DAL,2960236,28
401071337,DAL,3442,30
401071337,DAL,4032,33
401071337,DAL,3945274,36
401071337,DAL,609,10
401071337,DAL,2531367,21
401071337,DAL,2578185,20
401071337,DAL,2382,7
401071337,DAL,3934672,20
401071337,DAL,2968458,0
401071337,DAL,4066243,0
401071337,DAL,2489693,0
401071338,CLE,3893016,16
401071338,CLE,6474,21
401071338,CLE,6429,24
401071338,CLE,2581177,25
401071338,CLE,4277811,30
401071338,CLE,2982240,29
401071338,CLE,4017838,27
401071338,CLE,3064230,21
401071338,CLE,2489716,19
401071338,CLE,2528426,29
401071338,CLE,2754,0
401071338,CLE,3062744,0
401071338,POR,2982268,26
401071338,POR,4248,28
401071338,POR,3102530,28
401071338,POR,6606,32
401071338,POR,2490149,29
401071338,POR,4066650,17
401071338,POR,6605,20
401071338,POR,4239,21
401071338,POR,2326307,18
401071338,POR,2991042,16
401071338,POR,4277843,2
401071338,POR,4351851,2
401071338,POR,6591,0
401071339,NO,6583,41
401071339,NO,3064514,22
401071339,NO,3995,41
401071339,NO,6460,33
401071339,NO,2583639,29
401071339,NO,6459,29
401071339,NO,6610,32
401071339,NO,3135048,4
401071339,NO,2489785,3
401071339,NO,4065651,5
401071339,NO,4247,0
401071339,NO,2488958,0
401071339,NO,2488945,0
401071339,GS,3202,38
401071339,GS,6589,36
401071339,GS,3155535,30
401071339,GS,3975,35
401071339,GS,6475,36
401071339,GS,2386,23
401071339,GS,3998,5
401071339,GS,2530923,15
401071339,GS,2566745,5
401071339,GS,2393,16
401071339,GS,3934621,0
401071339,GS,3064427,0
401071340,UTAH,4257,22
401071340,UTAH,2583632,36
401071340,UTAH,2968436,30
401071340,UTAH,3032976,34
401071340,UTAH,3908809,35
401071340,UTAH,6581,29
401071340,UTAH,4261,3
401071340,UTAH,2982349,3
401071340,UTAH,2990969,7
401071340,UTAH,2011,24
401071340,UTAH,2990968,3
401071340,UTAH,3135045,15
401071340,LAC,3428,34
401071340,LAC,6440,32
401071340,LAC,2758,15
401071340,LAC,4240,25
401071340,LAC,4278073,22
401071340,LAC,6622,6
401071340,LAC,3059306,4
401071340,LAC,4376,4
401071340,LAC,2991055,26
401071340,LAC,3964,25
401071340,LAC,2799,27
401071340,LAC,3064539,6
401071340,LAC,3002137,13
401071341,NY,3078284,25
401071341,NY,4278075,31
401071341,NY,3064560,34
401071341,NY,2528210,25
401071341,NY,3892818,31
401071341,NY,2995706,20
401071341,NY,4351852,10
401071341,NY,4230547,17
401071341,NY,2991149,25
401071341,NY,3907525,23
401071341,NY,6485,0
401071341,NY,2579260,0
401071341,NY,3445,0
401071341,WSH,3209,21
401071341,WSH,2426,38
401071341,WSH,3934723,16
401071341,WSH,6621,30
401071341,WSH,6580,40
401071341,WSH,2991184,19
401071341,WSH,4278508,9
401071341,WSH,2594922,35
401071341,WSH,2774,8
401071341,WSH,2580898,23
401071341,WSH,3137798,0
401071342,SAC,4269,19
401071342,SAC,2991282,27
401071342,SAC,6468,20
401071342,SAC,2990984,32
401071342,SAC,4066259,31
401071342,SAC,4065649,16
401071342,SAC,3138156,24
401071342,SAC,4277848,23
401071342,SAC,2991018,16
401071342,SAC,2578213,2
401071342,SAC,3037789,27
401071342,SAC,3059315,2
401071342,SAC,3444,0
401071342,CHA,2797,30
401071342,CHA,3416,27
401071342,CHA,6427,9
401071342,CHA,6479,29
401071342,CHA,6603,26
401071342,CHA,6601,30
401071342,CHA,4066383,22
401071342,CHA,2999409,26
401071342,CHA,3133601,9
401071342,CHA,1015,18
401071342,CHA,3907821,1
401071342,CHA,4066262,13
401071342,CHA,2579294,0
401071343,PHI,3194,32
401071343,PHI,6430,35
401071343,PHI,3059318,35
401071343,PHI,3024,33
401071343,PHI,3907387,33
401071343,PHI,3155533,13
401071343,PHI,2490089,22
401071343,PHI,3929325,1
401071343,PHI,2530530,21
401071343,PHI,3914044,15
401071343,PHI,2769,0
401071343,PHI,3191,0
401071343,IND,3244,32
401071343,IND,3593,35
401071343,IND,3133628,32
401071343,IND,3973,30
401071343,IND,2527963,34
401071343,IND,4066425,6
401071343,IND,2528588,12
401071343,IND,3155942,22
401071343,IND,4067045,1
401071343,IND,6446,21
401071343,IND,3983,15
401071343,IND,3922230,1
401071343,IND,6615,0
401071344,PHX,2982334,41
401071344,PHX,4278129,35
401071344,PHX,3136193,35
401071344,PHX,3147657,30
401071344,PHX,4066436,16
401071344,PHX,6576,5
401071344,PHX,2993370,13
401071344,PHX,4066297,19
401071344,PHX,3133603,30
401071344,PHX,4230550,16
401071344,PHX,3412,0
401071344,PHX,4011991,0
401071344,PHX,2489530,0
401071344,TOR,3439,31
401071344,TOR,3988,26
401071344,TOR,3149673,33
401071344,TOR,3012,40
401071344,TOR,2991230,31
401071344,TOR,3948153,5
401071344,TOR,3137730,6
401071344,TOR,4260,11
401071344,TOR,2778,17
401071344,TOR,2595516,21
401071344,TOR,3064447,19
401071344,TOR,6450,0
401071345,CHI,3064482,28
401071345,CHI,4066336,25
401071345,CHI,3149010,33
401071345,CHI,2991139,30
401071345,CHI,3064440,29
401071345,CHI,3056600,18
401071345,CHI,3113587,6
401071345,CHI,3447,19
401071345,CHI,2991047,12
401071345,CHI,2991274,6
401071345,CHI,3059316,25
401071345,CHI,3907386,9
401071345,DEN,3015,25
401071345,DEN,2528693,23
401071345,DEN,3112335,25
401071345,DEN,3907822,34
401071345,DEN,3936299,29
401071345,DEN,4017839,18
401071345,DEN,3136196,21
401071345,DEN,3934662,4
401071345,DEN,2488653,20
401071345,DEN,3059310,16
401071345,DEN,2999547,19
401071345,DEN,3057198,4
401071346,LAL,3134907,36
401071346,LAL,3913176,38
401071346,LAL,984,16
401071346,LAL,2581018,23
401071346,LAL,4066421,33
401071346,LAL,3418,9
401071346,LAL,3452,9
401071346,LAL,3150844,8
401071346,LAL,4017837,28
401071346,LAL,4244,13
401071346,LAL,3062679,33
401071346,LAL,3133602,19
401071346,OKC,4251,44
401071346,OKC,2991070,39
401071346,OKC,4230546,37
401071346,OKC,2991235,41
401071346,OKC,3468,43
401071346,OKC,4264,10
401071346,OKC,2595435,11
401071346,OKC,2991280,12
401071346,OKC,3032979,17
401071346,OKC,4080610,11
401071346,OKC,3893019,0
401071346,OKC,2753,0
401071347,MEM,2284101,36
401071347,MEM,4277961,27
401071347,MEM,3206,36
401071347,MEM,3195,36
401071347,MEM,4023,27
401071347,MEM,3554,21
401071347,MEM,2327577,23
401071347,MEM,3224,11
401071347,MEM,6454,23
401071347,MEM,3133635,2
401071347,MEM,3917378,0
401071347,MEM,3133838,0
401071347,BOS,6462,25
401071347,BOS,4065648,29
401071347,BOS,3213,31
401071347,BOS,6442,36
401071347,BOS,2990992,29
401071347,BOS,4017844,2
401071347,BOS,4249,24
401071347,BOS,2451037,2
401071347,BOS,2968439,23
401071347,BOS,3074752,18
401071347,BOS,3917376,21
401071347,BOS,3056602,0
401071347,BOS,6507,0
401071348,MIA,3135047,36
401071348,MIA,3999,31
401071348,MIA,4262,19
401071348,MIA,2488826,30
401071348,MIA,2530276,35
401071348,MIA,2489663,12
401071348,MIA,3936099,10
401071348,MIA,4066261,26
401071348,MIA,3981,4
401071348,MIA,1987,28
401071348,MIA,6628,9
401071348,MIA,2184,0
401071348,MIA,2581190,0
401071348,DET,3989,37
401071348,DET,2528779,34
401071348,DET,6585,7
401071348,DET,6443,35
401071348,DET,4065670,15
401071348,DET,3134881,23
401071348,DET,2016,28
401071348,DET,4305,2
401071348,DET,2530572,13
401071348,DET,2806,12
401071348,DET,3913174,34
401071348,DET,2991039,0
401071348,DET,3912334,0
401071349,BKN,2595231,29
401071349,BKN,2528794,30
401071349,BKN,4230548,11
401071349,BKN,4066328,26
401071349,BKN,3136776,33
401071349,BKN,3970,30
401071349,BKN,3064291,14
401071349,BKN,4259,22
401071349,BKN,2580782,27
401071349,BKN,2530780,18
401071349,BKN,6433,0
401071349,ORL,3064290,31
401071349,ORL,4065654,33
401071349,ORL,6478,33
401071349,ORL,6588,38
401071349,ORL,3415,28
401071349,ORL,3074797,14
401071349,ORL,4277919,15
401071349,ORL,6619,28
401071349,ORL,3936294,20
401071349,ORL,3064517,0
401071349,ORL,2578240,0
401071349,ORL,2531047,0
401071349,ORL,2579466,0
401071350,SA,996,11
401071350,SA,3005,34
401071350,SA,2983,36
401071350,SA,2994526,25
401071350,SA,3078576,31
401071350,SA,3974,6
401071350,SA,6426,29
401071350,SA,3134908,12
401071350,SA,4004,22
401071350,SA,3190,34
401071350,SA,3914283,0
401071350,SA,4253,0
401071350,SA,3978,0
401071350,MIN,3986,32
401071350,MIN,3059319,36
401071350,MIN,3136195,21
401071350,MIN,4015,30
401071350,MIN,4065663,25
401071350,MIN,3276,19
401071350,MIN,3032978,28
401071350,MIN,2534781,10
401071350,MIN,3456,27
401071350,MIN,3417,12
401071350,MIN,2429,0
401071350,MIN,3136779,0
401071350,MIN,2325499,0
401071351,CLE,3893016,24
401071351,CLE,4017838,34
401071351,CLE,6429,24
401071351,CLE,2581177,17
401071351,CLE,4277811,30
401071351,CLE,2754,14
401071351,CLE,2982240,24
401071351,CLE,3064230,24
401071351,CLE,2489716,18
401071351,CLE,2528426,31
401071351,CLE,6474,0
401071351,UTAH,4257,23
401071351,UTAH,2583632,36
401071351,UTAH,2968436,25
401071351,UTAH,3032976,27
401071351,UTAH,3908809,26
401071351,UTAH,6581,22
401071351,UTAH,4261,8
401071351,UTAH,2982349,3
401071351,UTAH,2990969,17
401071351,UTAH,2011,22
401071351,UTAH,2990968,8
401071351,UTAH,3135045,24
401071352,GS,3202,35
401071352,GS,6589,29
401071352,GS,4258,15
401071352,GS,3975,33
401071352,GS,6475,34
401071352,GS,2386,23
401071352,GS,3998,4
401071352,GS,2530923,11
401071352,GS,3064427,4
401071352,GS,3155535,28
401071352,GS,2566745,8
401071352,GS,2393,15
401071352,LAC,3428,8
401071352,LAC,6440,36
401071352,LAC,2758,14
401071352,LAC,4240,33
401071352,LAC,4278073,43
401071352,LAC,6622,14
401071352,LAC,3059306,8
401071352,LAC,4376,3
401071352,LAC,2991055,27
401071352,LAC,3964,26
401071352,LAC,3064539,5
401071352,LAC,3943606,7
401071352,LAC,3002137,18
401071353,NO,6583,36
401071353,NO,3064514,37
401071353,NO,3995,37
401071353,NO,6460,27
401071353,NO,2583639,17
401071353,NO,6459,24
401071353,NO,6610,26
401071353,NO,3135048,7
401071353,NO,2488945,19
401071353,NO,4065651,12
401071353,NO,4247,0
401071353,NO,2488958,0
401071353,NO,2489785,0
401071353,POR,4248,32
401071353,POR,6591,21
401071353,POR,3102530,26
401071353,POR,6606,37
401071353,POR,2490149,32
401071353,POR,2982268,18
401071353,POR,4066650,19
401071353,POR,6605,14
401071353,POR,4239,25
401071353,POR,2326307,12
401071353,POR,4277843,1
401071353,POR,4351851,1
401071353,POR,2991042,0
401071354,OKC,4251,40
401071354,OKC,2991070,34
401071354,OKC,4230546,29
401071354,OKC,2991235,36
401071354,OKC,3468,37
401071354,OKC,4264,14
401071354,OKC,2595435,8
401071354,OKC,2991280,12
401071354,OKC,3032979,25
401071354,OKC,4080610,4
401071354,OKC,3893019,0
401071354,OKC,2753,0
401071354,PHI,3194,34
401071354,PHI,6430,38
401071354,PHI,3059318,34
401071354,PHI,3024,33
401071354,PHI,3907387,36
401071354,PHI,3155533,13
401071354,PHI,2490089,18
401071354,PHI,2530530,19
401071354,PHI,3914044,15
401071354,PHI,2769,0
401071354,PHI,3191,0
401071354,PHI,3929325,0
401071355,PHX,2982334,34
401071355,PHX,4278129,22
401071355,PHX,3136193,38
401071355,PHX,3147657,26
401071355,PHX,4066436,13
401071355,PHX,6576,9
401071355,PHX,2993370,14
401071355,PHX,4011991,3
401071355,PHX,4066297,28
401071355,PHX,2489530,10
401071355,PHX,3133603,30
401071355,PHX,4230550,13
401071355,PHX,3412,0
401071355,CHA,2797,22
401071355,CHA,3416,32
401071355,CHA,6427,27
401071355,CHA,6479,33
401071355,CHA,6603,24
401071355,CHA,6601,24
401071355,CHA,4066383,18
401071355,CHA,2999409,17
401071355,CHA,3133601,3
401071355,CHA,1015,18
401071355,CHA,3907821,3
401071355,CHA,4066262,19
401071355,CHA,2579294,0
401071356,SAC,4269,15
401071356,SAC,2991282,24
401071356,SAC,6468,37
401071356,SAC,2990984,38
401071356,SAC,4066259,35
401071356,SAC,4065649,18
401071356,SAC,3138156,12
401071356,SAC,4277848,27
401071356,SAC,3444,5
401071356,SAC,2991018,6
401071356,SAC,3037789,23
401071356,SAC,2578213,0
401071356,SAC,3059315,0
401071356,DET,3989,38
401071356,DET,2528779,30
401071356,DET,2016,35
401071356,DET,6443,29
401071356,DET,4065670,29
401071356,DET,6452,13
401071356,DET,3134881,12
401071356,DET,3912334,14
401071356,DET,2806,17
401071356,DET,3913174,23
401071356,DET,3906522,0
401071356,DET,2991039,0
401071356,DET,2530572,0
401071357,DAL,6578,32
401071357,DAL,2960236,23
401071357,DAL,3442,31
401071357,DAL,4032,29
401071357,DAL,3945274,24
401071357,DAL,609,10
401071357,DAL,2531367,14
401071357,DAL,2578185,24
401071357,DAL,2968458,3
401071357,DAL,4066243,3
401071357,DAL,2382,15
401071357,DAL,2489693,9
401071357,DAL,3934672,22
401071357,IND,3244,28
401071357,IND,3593,33
401071357,IND,3133628,25
401071357,IND,3973,24
401071357,IND,2527963,32
401071357,IND,4066425,2
401071357,IND,2528588,16
401071357,IND,3155942,27
401071357,IND,4067045,2
401071357,IND,6615,3
401071357,IND,6446,23
401071357,IND,3983,25
401071357,IND,3922230,2
401071358,MIL,6609,28
401071358,MIL,3032977,32
401071358,MIL,3448,27
401071358,MIL,4238,31
401071358,MIL,2566769,29
401071358,MIL,2767,15
401071358,MIL,3136491,22
401071358,MIL,2528353,14
401071358,MIL,3057187,19
401071358,MIL,3438,23
401071358,MIL,4017843,0
401071358,MIL,2578239,0
401071358,MIL,3934673,0
401071358,ORL,4065654,29
401071358,ORL,6478,30
401071358,ORL,6588,31
401071358,ORL,3415,29
401071358,ORL,2579466,19
401071358,ORL,3064517,19
401071358,ORL,3074797,16
401071358,ORL,4277919,18
401071358,ORL,6619,30
401071358,ORL,3936294,19
401071358,ORL,3064290,0
401071358,ORL,2578240,0
401071358,ORL,2531047,0
401071359,BOS,6462,28
401071359,BOS,4065648,35
401071359,BOS,3213,28
401071359,BOS,6442,37
401071359,BOS,2990992,17
401071359,BOS,3056602,12
401071359,BOS,2451037,6
401071359,BOS,2968439,16
401071359,BOS,6507,6
401071359,BOS,3074752,29
401071359,BOS,3917376,28
401071359,BOS,4017844,0
401071359,BOS,4066211,0
401071359,ATL,3908845,29
401071359,ATL,2580913,25
401071359,ATL,3062667,31
401071359,ATL,4066372,35
401071359,ATL,4277905,34
401071359,ATL,2990962,23
401071359,ATL,4065836,15
401071359,ATL,2596107,19
401071359,ATL,136,8
401071359,ATL,4299,21
401071359,ATL,2982340,0
401071359,ATL,3147351,0
401071359,ATL,3915560,0
401071360,MEM,2284101,30
401071360,MEM,2327577,14
401071360,MEM,4277961,29
401071360,MEM,3195,22
401071360,MEM,4023,26
401071360,MEM,3917378,22
401071360,MEM,3554,28
401071360,MEM,3133838,17
401071360,MEM,6454,26
401071360,MEM,3133635,26
401071360,MEM,3206,0
401071360,MEM,3224,0
401071360,TOR,3439,26
401071360,TOR,3988,23
401071360,TOR,3149673,29
401071360,TOR,3012,29
401071360,TOR,2991230,26
401071360,TOR,3948153,9
401071360,TOR,3137730,18
401071360,TOR,4260,11
401071360,TOR,2778,17
401071360,TOR,2595516,19
401071360,TOR,2595592,5
401071360,TOR,3064447,23
401071360,TOR,3934663,5
401071361,MIA,3135047,25
401071361,MIA,3999,25
401071361,MIA,4262,25
401071361,MIA,2581190,30
401071361,MIA,2488826,15
401071361,MIA,2489663,4
401071361,MIA,3936099,19
401071361,MIA,4066261,23
401071361,MIA,1987,27
401071361,MIA,6628,22
401071361,MIA,2530276,26
401071361,MIA,2184,0
401071361,MIA,3981,0
401071361,CHI,4066336,34
401071361,CHI,3149010,23
401071361,CHI,3447,21
401071361,CHI,2991139,33
401071361,CHI,3064440,35
401071361,CHI,3056600,17
401071361,CHI,3064482,24
401071361,CHI,2991047,19
401071361,CHI,2991274,17
401071361,CHI,3059316,18
401071361,CHI,3113587,0
401071361,CHI,3907386,0
401071362,LAL,3134907,44
401071362,LAL,3913176,36
401071362,LAL,984,14
401071362,LAL,2581018,40
401071362,LAL,4066421,22
401071362,LAL,3418,9
401071362,LAL,3452,16
401071362,LAL,4017837,21
401071362,LAL,4244,25
401071362,LAL,3062679,26
401071362,LAL,3133602,11
401071362,LAL,3150844,0
401071362,HOU,3033,42
401071362,HOU,2579321,27
401071362,HOU,6617,46
401071362,HOU,3431,32
401071362,HOU,3992,42
401071362,HOU,3132042,14
401071362,HOU,2326411,13
401071362,HOU,1713,20
401071362,HOU,2761,28
401071362,HOU,3136989,0
401071362,HOU,3907487,0
401071362,HOU,4222252,0
401071363,CLE,3893016,30
401071363,CLE,4017838,31
401071363,CLE,3064230,20
401071363,CLE,2581177,27
401071363,CLE,4277811,33
401071363,CLE,2754,15
401071363,CLE,2982240,19
401071363,CLE,3908807,5
401071363,CLE,6429,22
401071363,CLE,2489716,15
401071363,CLE,2528426,23
401071363,DEN,3015,23
401071363,DEN,2528693,27
401071363,DEN,3112335,28
401071363,DEN,3907822,31
401071363,DEN,3936299,25
401071363,DEN,3136196,19
401071363,DEN,3934662,6
401071363,DEN,2488653,20
401071363,DEN,3059310,19
401071363,DEN,6579,21
401071363,DEN,2999547,17
401071363,DEN,3057198,4
401071363,DEN,4017839,0
401071364,CHA,2797,31
401071364,CHA,3416,32
401071364,CHA,6427,24
401071364,CHA,6479,37
401071364,CHA,6603,30
401071364,CHA,6601,18
401071364,CHA,4066383,15
401071364,CHA,2999409,18
401071364,CHA,3133601,2
401071364,CHA,1015,15
401071364,CHA,3907821,2
401071364,CHA,4066262,16
401071364,CHA,2579294,0
401071364,IND,3244,28
401071364,IND,3593,28
401071364,IND,3133628,30
401071364,IND,3973,30
401071364,IND,2527963,32
401071364,IND,4066425,8
401071364,IND,2528588,15
401071364,IND,3155942,23
401071364,IND,4067045,2
401071364,IND,6615,2
401071364,IND,6446,23
401071364,IND,3983,15
401071364,IND,3922230,2
401071365,PHX,4011991,29
401071365,PHX,2982334,38
401071365,PHX,3136193,33
401071365,PHX,3147657,29
401071365,PHX,4066436,13
401071365,PHX,6576,19
401071365,PHX,4066297,23
401071365,PHX,165,21
401071365,PHX,3133603,29
401071365,PHX,4230550,6
401071365,PHX,3412,0
401071365,PHX,2489530,0
401071365,MIN,3986,24
401071365,MIN,3059319,40
401071365,MIN,3136195,39
401071365,MIN,4015,24
401071365,MIN,4065663,11
401071365,MIN,3276,15
401071365,MIN,2429,4
401071365,MIN,3032978,20
401071365,MIN,2534781,4
401071365,MIN,3456,38
401071365,MIN,3417,22
401071365,MIN,3136779,0
401071365,MIN,2325499,0
401071366,LAC,6440,43
401071366,LAC,2991055,28
401071366,LAC,3964,42
401071366,LAC,4240,41
401071366,LAC,4278073,38
401071366,LAC,3059306,18
401071366,LAC,2758,7
401071366,LAC,3064539,10
401071366,LAC,3943606,7
401071366,LAC,3002137,7
401071366,LAC,6622,0
401071366,LAC,4376,0
401071366,LAC,2799,0
401071366,SA,3005,29
401071366,SA,2983,33
401071366,SA,2994526,27
401071366,SA,3978,29
401071366,SA,3078576,35
401071366,SA,996,2
401071366,SA,3974,5
401071366,SA,6426,22
401071366,SA,3134908,13
401071366,SA,4004,19
401071366,SA,3190,27
401071366,SA,4253,0
401071366,SA,4277890,0
401071367,OKC,4251,31
401071367,OKC,2991070,34
401071367,OKC,4230546,20
401071367,OKC,2991235,30
401071367,OKC,3468,29
401071367,OKC,4264,9
401071367,OKC,2595435,20
401071367,OKC,2991280,20
401071367,OKC,3893019,2
401071367,OKC,3032979,29
401071367,OKC,4080610,17
401071367,OKC,2753,0
401071367,OKC,2995702,0
401071367,NY,3078284,32
401071367,NY,4278075,27
401071367,NY,3064560,7
401071367,NY,2528210,27
401071367,NY,3892818,18
401071367,NY,2995706,11
401071367,NY,6447,19
401071367,NY,4351852,16
401071367,NY,4230547,30
401071367,NY,2991149,24
401071367,NY,3907525,30
401071367,NY,6485,0
401071367,NY,3445,0
401071368,CHI,4066336,32
401071368,CHI,3149010,32
401071368,CHI,3447,24
401071368,CHI,2991139,31
401071368,CHI,3064440,25
401071368,CHI,3056600,12
401071368,CHI,3113587,3
401071368,CHI,3064482,19
401071368,CHI,2991047,19
401071368,CHI,2991274,17
401071368,CHI,3059316,25
401071368,CHI,3907386,3
401071368,CLE,3893016,32
401071368,CLE,4017838,28
401071368,CLE,6429,17
401071368,CLE,2581177,27
401071368,CLE,4277811,29
401071368,CLE,2754,19
401071368,CLE,2982240,17
401071368,CLE,3908807,6
401071368,CLE,3064230,26
401071368,CLE,2489716,19
401071368,CLE,2528426,20
401071369,DET,3989,36
401071369,DET,2528779,36
401071369,DET,2016,24
401071369,DET,6443,23
401071369,DET,4065670,21
401071369,DET,6452,5
401071369,DET,2991039,1
401071369,DET,3134881,22
401071369,DET,2530572,19
401071369,DET,3912334,12
401071369,DET,2806,14
401071369,DET,2282734,6
401071369,DET,3913174,21
401071369,WSH,3209,25
401071369,WSH,2426,34
401071369,WSH,3934723,26
401071369,WSH,6621,38
401071369,WSH,6580,34
401071369,WSH,2991184,19
401071369,WSH,4278508,1
401071369,WSH,2594922,26
401071369,WSH,2774,20
401071369,WSH,2531797,1
401071369,WSH,2580898,15
401071369,WSH,3134903,1
401071370,DAL,6578,31
401071370,DAL,3442,31
401071370,DAL,4032,31
401071370,DAL,3934672,30
401071370,DAL,3945274,33
401071370,DAL,2531367,16
401071370,DAL,2578185,33
401071370,DAL,2960236,17
401071370,DAL,2382,18
401071370,DAL,609,0
401071370,DAL,4066490,0
401071370,DAL,4066243,0
401071370,DAL,2489693,0
401071370,MIL,6609,33
401071370,MIL,3032977,36
401071370,MIL,3448,34
401071370,MIL,4238,33
401071370,MIL,2566769,33
401071370,MIL,2767,7
401071370,MIL,3136491,14
401071370,MIL,4017843,4
401071370,MIL,2528353,6
401071370,MIL,3057187,19
401071370,MIL,3438,22
401071370,MIL,2578239,0
401071370,MIL,3934673,0
401071371,ORL,4065654,32
401071371,ORL,6478,35
401071371,ORL,6588,37
401071371,ORL,3415,28
401071371,ORL,2579466,21
401071371,ORL,3064517,16
401071371,ORL,3074797,12
401071371,ORL,4277919,13
401071371,ORL,6619,27
401071371,ORL,3936294,20
401071371,ORL,2578240,0
401071371,ORL,2531047,0
401071371,ORL,3913546,0
401071371,ATL,2990962,25
401071371,ATL,3908845,32
401071371,ATL,2580913,27
401071371,ATL,3062667,34
401071371,ATL,4277905,29
401071371,ATL,3147351,16
401071371,ATL,4065836,17
401071371,ATL,2596107,14
401071371,ATL,136,7
401071371,ATL,4299,30
401071371,ATL,3915560,10
401071371,ATL,2982340,0
401071371,ATL,4066372,0
401071372,SAC,4269,5
401071372,SAC,2991282,27
401071372,SAC,6468,32
401071372,SAC,2990984,27
401071372,SAC,4066259,29
401071372,SAC,4065649,19
401071372,SAC,3138156,29
401071372,SAC,4277848,20
401071372,SAC,2991018,17
401071372,SAC,3037789,32
401071372,SAC,3059315,2
401071372,SAC,3444,0
401071372,SAC,2578213,0
401071372,BKN,2595231,30
401071372,BKN,2528794,29
401071372,BKN,4230548,23
401071372,BKN,4066328,23
401071372,BKN,3136776,32
401071372,BKN,3970,24
401071372,BKN,3064291,13
401071372,BKN,4259,25
401071372,BKN,2580782,29
401071372,BKN,2530780,12
401071372,BKN,3201,0
401070238,NO,3064514,27
401070238,NO,3135048,35
401070238,NO,3995,39
401070238,NO,6460,20
401070238,NO,2583639,32
401070238,NO,6459,32
401070238,NO,3919335,1
401070238,NO,6610,28
401070238,NO,2488945,9
401070238,NO,4065651,16
401070238,NO,4247,0
401070238,NO,2488958,0
401070238,NO,2489785,0
401070238,MEM,2284101,38
401070238,MEM,4277961,31
401070238,MEM,3206,35
401070238,MEM,3195,37
401070238,MEM,4023,38
401070238,MEM,3917378,9
401070238,MEM,2327577,15
401070238,MEM,2579492,1
401070238,MEM,3133838,6
401070238,MEM,6454,14
401070238,MEM,3133635,15
401070238,MEM,3554,0
401070238,MEM,2993874,0
401071373,MIA,3135047,28
401071373,MIA,3999,18
401071373,MIA,4262,20
401071373,MIA,2581190,32
401071373,MIA,2488826,8
401071373,MIA,3936099,29
401071373,MIA,4066261,28
401071373,MIA,1987,23
401071373,MIA,6628,26
401071373,MIA,2530276,28
401071373,MIA,2184,0
401071373,MIA,2489663,0
401071373,MIA,3981,0
401071373,BOS,6462,31
401071373,BOS,4065648,31
401071373,BOS,3213,32
401071373,BOS,6442,34
401071373,BOS,2990992,34
401071373,BOS,3056602,6
401071373,BOS,4249,19
401071373,BOS,2968439,15
401071373,BOS,3074752,18
401071373,BOS,3917376,20
401071373,BOS,4017844,0
401071373,BOS,2451037,0
401071373,BOS,6507,0
401070239,HOU,3033,30
401070239,HOU,1713,8
401070239,HOU,6617,27
401070239,HOU,3431,27
401070239,HOU,3992,31
401070239,HOU,6433,23
401070239,HOU,2579321,31
401070239,HOU,3132042,13
401070239,HOU,3136989,12
401070239,HOU,3907487,8
401070239,HOU,2761,31
401070239,HOU,6448,0
401070239,PHI,3191,33
401070239,PHI,3194,27
401070239,PHI,4415554,33
401070239,PHI,3059318,27
401070239,PHI,3024,28
401070239,PHI,3907387,28
401070239,PHI,3155533,12
401070239,PHI,2769,10
401070239,PHI,2490089,24
401070239,PHI,3929325,11
401070239,PHI,2530530,21
401070239,PHI,3914044,20
401070239,PHI,3912332,0
401071374,POR,4248,25
401071374,POR,6591,18
401071374,POR,3102530,32
401071374,POR,6606,36
401071374,POR,2490149,38
401071374,POR,2982268,25
401071374,POR,4066650,11
401071374,POR,6605,13
401071374,POR,4239,26
401071374,POR,2326307,14
401071374,POR,3906671,0
401071374,POR,2991042,0
401071374,POR,3136696,0
401071374,UTAH,6581,33
401071374,UTAH,4257,24
401071374,UTAH,2583632,37
401071374,UTAH,2968436,37
401071374,UTAH,3908809,34
401071374,UTAH,2990969,6
401071374,UTAH,3032976,33
401071374,UTAH,4011,14
401071374,UTAH,2011,23
401071374,UTAH,4261,0
401071374,UTAH,2982349,0
401071374,UTAH,2990968,0
401071374,UTAH,3135045,0
401070240,GS,3202,30
401070240,GS,6589,23
401070240,GS,4258,21
401070240,GS,3975,30
401070240,GS,6475,27
401070240,GS,2386,21
401070240,GS,3998,12
401070240,GS,2530923,21
401070240,GS,3064427,7
401070240,GS,3155535,22
401070240,GS,2566745,12
401070240,GS,2393,13
401070240,LAL,3134907,33
401070240,LAL,3913176,34
401070240,LAL,984,8
401070240,LAL,2581018,22
401070240,LAL,3062679,20
401070240,LAL,3418,18
401070240,LAL,3452,19
401070240,LAL,3150844,12
401070240,LAL,4017837,21
401070240,LAL,4244,16
401070240,LAL,2991350,12
401070240,LAL,3133602,19
401070240,LAL,4348697,7
401071375,SAC,4277848,38
401071375,SAC,2991282,25
401071375,SAC,2991018,39
401071375,SAC,2990984,35
401071375,SAC,3037789,36
401071375,SAC,4065649,23
401071375,SAC,3138156,17
401071375,SAC,3444,5
401071375,SAC,2578213,13
401071375,SAC,3059315,10
401071375,SAC,4269,0
401071375,SAC,6468,0
401071375,SAC,4066259,0
401071375,TOR,3439,25
401071375,TOR,3988,23
401071375,TOR,3149673,31
401071375,TOR,3012,34
401071375,TOR,2991230,32
401071375,TOR,3948153,12
401071375,TOR,3137730,7
401071375,TOR,4260,12
401071375,TOR,2778,16
401071375,TOR,2595516,21
401071375,TOR,2595592,1
401071375,TOR,3064447,24
401071375,TOR,3934663,1
401071376,POR,4248,31
401071376,POR,6591,18
401071376,POR,3102530,37
401071376,POR,6606,40
401071376,POR,2490149,38
401071376,POR,2982268,18
401071376,POR,4066650,12
401071376,POR,6605,16
401071376,POR,4239,17
401071376,POR,2326307,12
401071376,POR,3906671,0
401071376,POR,2991042,0
401071376,POR,3136696,0
401071376,OKC,4251,38
401071376,OKC,2991070,33
401071376,OKC,4230546,37
401071376,OKC,2991235,36
401071376,OKC,3468,37
401071376,OKC,4264,15
401071376,OKC,2595435,10
401071376,OKC,2991280,12
401071376,OKC,3032979,23
401071376,OKC,3893019,0
401071376,OKC,2753,0
401071376,OKC,2995702,0
401071376,OKC,4080610,0
401071377,LAC,6440,34
401071377,LAC,2991055,31
401071377,LAC,3964,35
401071377,LAC,4240,39
401071377,LAC,4278073,20
401071377,LAC,6622,10
401071377,LAC,3059306,15
401071377,LAC,2758,5
401071377,LAC,2799,23
401071377,LAC,3064539,7
401071377,LAC,3943606,10
401071377,LAC,3002137,10
401071377,LAC,4376,0
401071377,DAL,6578,34
401071377,DAL,3442,35
401071377,DAL,4065697,37
401071377,DAL,4032,33
401071377,DAL,3945274,32
401071377,DAL,609,10
401071377,DAL,2531367,3
401071377,DAL,2578185,21
401071377,DAL,2960236,14
401071377,DAL,2382,17
401071377,DAL,3934672,4
401071377,DAL,2968458,0
401071377,DAL,2489693,0
401071378,MIN,3986,25
401071378,MIN,3059319,34
401071378,MIN,3136195,32
401071378,MIN,3456,23
401071378,MIN,4065663,25
401071378,MIN,3276,20
401071378,MIN,2429,15
401071378,MIN,3032978,17
401071378,MIN,3136779,6
401071378,MIN,2534781,5
401071378,MIN,3417,28
401071378,MIN,2325499,6
401071378,MIN,3133843,6
401071378,PHX,4011991,30
401071378,PHX,2982334,16
401071378,PHX,3136193,24
401071378,PHX,3147657,29
401071378,PHX,4066436,22
401071378,PHX,6576,18
401071378,PHX,4066297,31
401071378,PHX,165,22
401071378,PHX,2489530,17
401071378,PHX,3133603,26
401071378,PHX,4230550,4
401071378,PHX,3412,0
401071379,TOR,3439,35
401071379,TOR,3988,27
401071379,TOR,3149673,37
401071379,TOR,3012,37
401071379,TOR,2991230,37
401071379,TOR,3137730,12
401071379,TOR,4260,8
401071379,TOR,2778,12
401071379,TOR,2595516,20
401071379,TOR,3064447,14
401071379,TOR,6450,0
401071379,TOR,2595592,0
401071379,IND,3244,33
401071379,IND,3593,34
401071379,IND,3133628,38
401071379,IND,3973,32
401071379,IND,2527963,10
401071379,IND,2528588,19
401071379,IND,3155942,14
401071379,IND,6615,2
401071379,IND,6446,32
401071379,IND,3983,27
401071379,IND,4066425,0
401071379,IND,4067045,0
401071379,IND,3922230,0
401071380,CLE,3893016,33
401071380,CLE,4017838,33
401071380,CLE,6429,26
401071380,CLE,2581177,24
401071380,CLE,4277811,31
401071380,CLE,2754,15
401071380,CLE,2982240,22
401071380,CLE,3908807,3
401071380,CLE,3064230,15
401071380,CLE,2489716,17
401071380,CLE,2528426,22
401071380,BOS,6462,25
401071380,BOS,4065648,31
401071380,BOS,2968439,22
401071380,BOS,2990992,25
401071380,BOS,3074752,30
401071380,BOS,3056602,3
401071380,BOS,4017844,5
401071380,BOS,4249,25
401071380,BOS,2451037,15
401071380,BOS,4066211,13
401071380,BOS,6507,20
401071380,BOS,3917376,25
401071381,ORL,3064290,25
401071381,ORL,4065654,35
401071381,ORL,6478,33
401071381,ORL,6588,33
401071381,ORL,3415,28
401071381,ORL,4277919,15
401071381,ORL,6619,27
401071381,ORL,2531047,19
401071381,ORL,2579466,24
401071381,ORL,3936294,1
401071381,ORL,3064517,0
401071381,ORL,3074797,0
401071381,ORL,2578240,0
401071381,BKN,2595231,24
401071381,BKN,2528794,31
401071381,BKN,4230548,22
401071381,BKN,4066328,29
401071381,BKN,3136776,34
401071381,BKN,3970,32
401071381,BKN,3064291,6
401071381,BKN,4259,19
401071381,BKN,2580782,30
401071381,BKN,2530780,12
401071381,BKN,3201,0
401071381,BKN,3138154,0
401071382,LAC,6440,39
401071382,LAC,2758,23
401071382,LAC,3964,34
401071382,LAC,4240,35
401071382,LAC,4278073,31
401071382,LAC,3059306,9
401071382,LAC,2991055,26
401071382,LAC,2799,21
401071382,LAC,3064539,7
401071382,LAC,3943606,16
401071382,LAC,6622,0
401071382,LAC,4376,0
401071382,LAC,3002137,0
401071382,MIA,3135047,31
401071382,MIA,3999,26
401071382,MIA,4262,32
401071382,MIA,2581190,37
401071382,MIA,2530276,36
401071382,MIA,3936099,11
401071382,MIA,4066261,16
401071382,MIA,1987,23
401071382,MIA,6628,29
401071382,MIA,2184,0
401071382,MIA,2489663,0
401071382,MIA,3981,0
401071382,MIA,2488826,0
401071383,HOU,3033,39
401071383,HOU,6433,26
401071383,HOU,6617,34
401071383,HOU,3431,37
401071383,HOU,3992,40
401071383,HOU,2579321,27
401071383,HOU,3132042,9
401071383,HOU,2761,28
401071383,HOU,3136989,0
401071383,HOU,3907487,0
401071383,HOU,1713,0
401071383,HOU,6448,0
401071383,NY,3078284,31
401071383,NY,6485,14
401071383,NY,4278075,33
401071383,NY,2528210,35
401071383,NY,3892818,28
401071383,NY,4351852,17
401071383,NY,4230547,24
401071383,NY,2991149,25
401071383,NY,3907525,33
401071383,NY,2995706,0
401071383,NY,6447,0
401071383,NY,2579260,0
401071383,NY,3445,0
401071384,SA,3005,30
401071384,SA,2983,35
401071384,SA,2994526,31
401071384,SA,3978,37
401071384,SA,3078576,36
401071384,SA,3974,11
401071384,SA,3134908,13
401071384,SA,4004,23
401071384,SA,3190,23
401071384,SA,996,0
401071384,SA,3914283,0
401071384,SA,4253,0
401071384,SA,4277890,0
401071384,PHI,3191,28
401071384,PHI,3194,36
401071384,PHI,4415554,28
401071384,PHI,3059318,37
401071384,PHI,3024,36
401071384,PHI,3907387,35
401071384,PHI,3155533,11
401071384,PHI,2490089,13
401071384,PHI,2530530,21
401071384,PHI,3914044,22
401071384,PHI,2769,0
401071384,PHI,3912332,0
401071384,PHI,3929325,0
401071385,ATL,2990962,28
401071385,ATL,3908845,29
401071385,ATL,2580913,25
401071385,ATL,3062667,28
401071385,ATL,4277905,33
401071385,ATL,2982340,18
401071385,ATL,3147351,14
401071385,ATL,4065836,20
401071385,ATL,2596107,23
401071385,ATL,4299,22
401071385,ATL,3915560,2
401071385,ATL,136,0
401071385,CHI,4066336,34
401071385,CHI,3149010,33
401071385,CHI,3447,15
401071385,CHI,2991139,27
401071385,CHI,3064440,34
401071385,CHI,3113587,3
401071385,CHI,3064482,33
401071385,CHI,2991047,18
401071385,CHI,2991274,20
401071385,CHI,3059316,19
401071385,CHI,3907386,3
401071385,CHI,3056600,0
401071386,CHA,2797,29
401071386,CHA,3416,37
401071386,CHA,6427,29
401071386,CHA,6479,39
401071386,CHA,6603,30
401071386,CHA,6601,20
401071386,CHA,4066383,4
401071386,CHA,2999409,18
401071386,CHA,1015,17
401071386,CHA,4066262,18
401071386,CHA,2579294,0
401071386,CHA,3133601,0
401071386,MEM,2284101,40
401071386,MEM,4277961,26
401071386,MEM,3206,39
401071386,MEM,3195,36
401071386,MEM,4023,37
401071386,MEM,3917378,2
401071386,MEM,3554,13
401071386,MEM,2327577,27
401071386,MEM,6454,17
401071386,MEM,3133635,4
401071386,MEM,2579492,0
401071386,MEM,3133838,0
401071387,DET,3989,38
401071387,DET,2528779,27
401071387,DET,2016,31
401071387,DET,6443,30
401071387,DET,4065670,22
401071387,DET,6452,15
401071387,DET,3134881,10
401071387,DET,2530572,27
401071387,DET,2806,18
401071387,DET,3913174,21
401071387,DET,2991039,0
401071387,DET,3912334,0
401071387,DET,2282734,0
401071387,NO,3064514,34
401071387,NO,3135048,31
401071387,NO,3995,38
401071387,NO,6460,23
401071387,NO,2583639,32
401071387,NO,6459,24
401071387,NO,6610,30
401071387,NO,2488958,5
401071387,NO,2488945,6
401071387,NO,4065651,16
401071387,NO,4247,0
401071387,NO,3919335,0
401071387,NO,2489785,0
401071388,DEN,3015,18
401071388,DEN,2528693,38
401071388,DEN,3112335,37
401071388,DEN,2999547,28
401071388,DEN,3936299,28
401071388,DEN,4017839,6
401071388,DEN,3136196,20
401071388,DEN,2488653,4
401071388,DEN,3059310,23
401071388,DEN,3907822,8
401071388,DEN,6579,30
401071388,DEN,3934662,0
401071388,UTAH,4257,5
401071388,UTAH,2968436,36
401071388,UTAH,3032976,37
401071388,UTAH,4011,24
401071388,UTAH,3908809,38
401071388,UTAH,6581,33
401071388,UTAH,4261,11
401071388,UTAH,2583632,24
401071388,UTAH,2990969,10
401071388,UTAH,2011,18
401071388,UTAH,3135045,3
401071388,UTAH,2982349,0
401071388,UTAH,2990968,0
401071389,GS,3202,37
401071389,GS,6589,33
401071389,GS,4258,24
401071389,GS,3975,35
401071389,GS,6475,36
401071389,GS,2386,25
401071389,GS,2530923,16
401071389,GS,3155535,17
401071389,GS,2393,16
401071389,GS,3064427,0
401071389,GS,3934670,0
401071389,GS,2566745,0
401071389,GS,2595209,0
401071389,WSH,3209,28
401071389,WSH,2426,39
401071389,WSH,3934723,21
401071389,WSH,6621,39
401071389,WSH,6580,40
401071389,WSH,2991184,17
401071389,WSH,4278508,6
401071389,WSH,2594922,34
401071389,WSH,2580898,15
401071389,WSH,2774,0
401071389,WSH,2531797,0
401071389,WSH,3134903,0
401071390,NO,6610,38
401071390,NO,2488958,37
401071390,NO,3135048,25
401071390,NO,3995,37
401071390,NO,2583639,29
401071390,NO,3919335,23
401071390,NO,2489785,7
401071390,NO,3133626,18
401071390,NO,4065651,26
401071390,NO,4247,0
401071390,NO,3064514,0
401071390,NO,2488945,0
401071390,NO,6460,0
401071390,OKC,4251,38
401071390,OKC,2991070,35
401071390,OKC,4230546,35
401071390,OKC,2991235,36
401071390,OKC,3468,37
401071390,OKC,4264,13
401071390,OKC,2595435,12
401071390,OKC,2991280,12
401071390,OKC,3032979,22
401071390,OKC,3893019,0
401071390,OKC,2753,0
401071390,OKC,2995702,0
401071390,OKC,4080610,0
401071391,POR,4248,16
401071391,POR,6591,23
401071391,POR,3102530,24
401071391,POR,6606,30
401071391,POR,2490149,25
401071391,POR,2982268,33
401071391,POR,3906671,5
401071391,POR,4066650,24
401071391,POR,4239,24
401071391,POR,2326307,30
401071391,POR,3136696,7
401071391,POR,6605,0
401071391,POR,2991042,0
401071391,PHX,4011991,28
401071391,PHX,4066297,28
401071391,PHX,3136193,30
401071391,PHX,3147657,29
401071391,PHX,4066436,12
401071391,PHX,6576,20
401071391,PHX,165,23
401071391,PHX,2489530,7
401071391,PHX,3133603,35
401071391,PHX,4230550,28
401071391,PHX,3412,0
401071392,MIN,3986,28
401071392,MIN,3059319,37
401071392,MIN,3136195,31
401071392,MIN,3456,12
401071392,MIN,4065663,40
401071392,MIN,3276,4
401071392,MIN,2429,12
401071392,MIN,3032978,20
401071392,MIN,3136779,1
401071392,MIN,2534781,15
401071392,MIN,3417,30
401071392,MIN,3133843,10
401071392,MIN,4015,0
401071392,LAL,3134907,28
401071392,LAL,3913176,36
401071392,LAL,4017837,21
401071392,LAL,3026,37
401071392,LAL,2581018,27
401071392,LAL,3418,12
401071392,LAL,3452,22
401071392,LAL,3150844,5
401071392,LAL,4244,22
401071392,LAL,3062679,21
401071392,LAL,3133602,7
401071392,LAL,984,0
401071393,WSH,3209,38
401071393,WSH,2426,34
401071393,WSH,3934723,20
401071393,WSH,6621,36
401071393,WSH,6580,37
401071393,WSH,2991184,18
401071393,WSH,2594922,32
401071393,WSH,2774,16
401071393,WSH,2580898,9
401071393,WSH,4278508,0
401071393,WSH,2531797,0
401071393,ORL,3064290,39
401071393,ORL,4065654,22
401071393,ORL,6478,31
401071393,ORL,6588,28
401071393,ORL,3415,28
401071393,ORL,4277919,17
401071393,ORL,6619,33
401071393,ORL,2531047,20
401071393,ORL,2579466,22
401071393,ORL,3064517,0
401071393,ORL,3074797,0
401071393,ORL,2578240,0
401071393,ORL,3913546,0
401071394,NY,3078284,32
401071394,NY,6485,26
401071394,NY,4278075,25
401071394,NY,4230547,19
401071394,NY,2528210,39
401071394,NY,4351852,16
401071394,NY,2579260,33
401071394,NY,2991149,22
401071394,NY,3445,5
401071394,NY,3907525,24
401071394,NY,2995706,0
401071394,NY,6447,0
401071394,BKN,2595231,21
401071394,BKN,2528794,28
401071394,BKN,4230548,18
401071394,BKN,4066328,20
401071394,BKN,3136776,24
401071394,BKN,3970,24
401071394,BKN,3064291,24
401071394,BKN,4259,28
401071394,BKN,2530780,28
401071394,BKN,3138154,26
401071394,BKN,4236300,0
401071394,BKN,3201,0
401071394,BKN,2580782,0
401071395,MIA,3135047,36
401071395,MIA,3999,24
401071395,MIA,4262,22
401071395,MIA,2581190,37
401071395,MIA,2530276,31
401071395,MIA,2489663,5
401071395,MIA,3936099,23
401071395,MIA,4066261,26
401071395,MIA,1987,28
401071395,MIA,2488826,10
401071395,MIA,2184,0
401071395,MIA,3981,0
401071395,MIA,6628,0
401071395,CLE,3893016,39
401071395,CLE,4017838,27
401071395,CLE,6429,30
401071395,CLE,2581177,30
401071395,CLE,4277811,27
401071395,CLE,2580365,21
401071395,CLE,2982240,3
401071395,CLE,3908807,15
401071395,CLE,2489716,21
401071395,CLE,2528426,27
401071395,CLE,2754,0
401071395,CLE,3064230,0
401071396,LAC,6440,38
401071396,LAC,2758,18
401071396,LAC,3964,37
401071396,LAC,4240,35
401071396,LAC,4278073,22
401071396,LAC,3059306,10
401071396,LAC,2991055,30
401071396,LAC,2799,32
401071396,LAC,3064539,0
401071396,LAC,3943606,17
401071396,LAC,6622,0
401071396,LAC,4376,0
401071396,LAC,3002137,0
401071396,CHI,3064482,34
401071396,CHI,4066336,31
401071396,CHI,3149010,41
401071396,CHI,2991139,36
401071396,CHI,3064440,36
401071396,CHI,3056600,23
401071396,CHI,3447,8
401071396,CHI,2991047,13
401071396,CHI,2991274,7
401071396,CHI,3059316,11
401071396,CHI,3113587,0
401071396,CHI,3907386,0
401071397,TOR,3439,32
401071397,TOR,3988,31
401071397,TOR,6450,39
401071397,TOR,3149673,34
401071397,TOR,3012,38
401071397,TOR,3934719,11
401071397,TOR,3137730,1
401071397,TOR,4260,7
401071397,TOR,2778,9
401071397,TOR,2595516,20
401071397,TOR,2991230,21
401071397,TOR,3064447,0
401071397,HOU,3033,36
401071397,HOU,6433,38
401071397,HOU,6617,36
401071397,HOU,3431,37
401071397,HOU,3992,40
401071397,HOU,2579321,27
401071397,HOU,1713,7
401071397,HOU,2761,19
401071397,HOU,3132042,0
401071397,HOU,3907487,0
401071397,HOU,6448,0
401071398,SAC,4269,33
401071398,SAC,2991282,31
401071398,SAC,6468,28
401071398,SAC,2990984,36
401071398,SAC,4066259,36
401071398,SAC,4065649,4
401071398,SAC,3138156,12
401071398,SAC,4277848,29
401071398,SAC,2991018,12
401071398,SAC,3037789,20
401071398,SAC,3444,0
401071398,SAC,2578213,0
401071398,SAC,3059315,0
401071398,MEM,2284101,21
401071398,MEM,4277961,27
401071398,MEM,3206,26
401071398,MEM,3195,34
401071398,MEM,4023,12
401071398,MEM,3554,25
401071398,MEM,2327577,30
401071398,MEM,3113297,8
401071398,MEM,3224,21
401071398,MEM,6454,23
401071398,MEM,3133635,13
401071398,MEM,3917378,0
401071398,MEM,2579492,0
401071399,DET,3989,40
401071399,DET,2528779,33
401071399,DET,6585,38
401071399,DET,6443,35
401071399,DET,4065670,18
401071399,DET,3134881,23
401071399,DET,2016,10
401071399,DET,2530572,13
401071399,DET,3912334,2
401071399,DET,2806,12
401071399,DET,3913174,16
401071399,DET,6452,0
401071399,DET,2991039,0
401071399,DAL,6578,35
401071399,DAL,3442,31
401071399,DAL,4065697,36
401071399,DAL,4032,15
401071399,DAL,3945274,35
401071399,DAL,609,10
401071399,DAL,2531367,21
401071399,DAL,2578185,18
401071399,DAL,2960236,22
401071399,DAL,2382,17
401071399,DAL,2968458,0
401071399,DAL,2489693,0
401071399,DAL,3934672,0
401071400,CHA,2797,35
401071400,CHA,3416,38
401071400,CHA,6427,16
401071400,CHA,6479,35
401071400,CHA,6603,30
401071400,CHA,6601,26
401071400,CHA,4066383,19
401071400,CHA,2999409,8
401071400,CHA,3133601,21
401071400,CHA,4066262,12
401071400,CHA,2579294,0
401071400,CHA,1015,0
401071400,CHA,3907821,0
401071400,MIL,6609,33
401071400,MIL,3032977,38
401071400,MIL,3448,24
401071400,MIL,4238,31
401071400,MIL,2566769,29
401071400,MIL,2767,9
401071400,MIL,3136491,12
401071400,MIL,2528353,14
401071400,MIL,3057187,23
401071400,MIL,3438,14
401071400,MIL,2578239,12
401071400,MIL,3232,0
401071400,MIL,4017843,0
401071401,PHX,4011991,32
401071401,PHX,4066297,30
401071401,PHX,3136193,30
401071401,PHX,3147657,35
401071401,PHX,4230550,31
401071401,PHX,6576,16
401071401,PHX,165,21
401071401,PHX,2489530,15
401071401,PHX,3133603,31
401071401,PHX,3412,0
401071401,DEN,3015,22
401071401,DEN,2488653,25
401071401,DEN,6579,26
401071401,DEN,2999547,21
401071401,DEN,3936299,23
401071401,DEN,4017839,22
401071401,DEN,3136196,22
401071401,DEN,3934662,5
401071401,DEN,4278077,4
401071401,DEN,2528693,22
401071401,DEN,3059310,26
401071401,DEN,3907822,23
401071401,DEN,3112335,0
401071402,MIN,3986,21
401071402,MIN,3059319,37
401071402,MIN,3136195,29
401071402,MIN,3417,40
401071402,MIN,4065663,28
401071402,MIN,3276,16
401071402,MIN,2429,22
401071402,MIN,3032978,17
401071402,MIN,2534781,12
401071402,MIN,2325499,6
401071402,MIN,3133843,13
401071402,MIN,3136779,0
401071402,MIN,3456,0
401071402,UTAH,4257,23
401071402,UTAH,2968436,33
401071402,UTAH,3032976,36
401071402,UTAH,4011,23
401071402,UTAH,3908809,38
401071402,UTAH,6581,26
401071402,UTAH,2583632,23
401071402,UTAH,2990969,11
401071402,UTAH,2011,27
401071402,UTAH,4261,0
401071402,UTAH,2982349,0
401071402,UTAH,2990968,0
401071402,UTAH,3135045,0
401071403,SA,996,22
401071403,SA,3005,32
401071403,SA,2983,29
401071403,SA,2994526,32
401071403,SA,3078576,27
401071403,SA,3914283,3
401071403,SA,3974,22
401071403,SA,4253,8
401071403,SA,3134908,6
401071403,SA,4004,21
401071403,SA,3190,22
401071403,SA,4277890,15
401071403,SA,3978,0
401071403,NO,2488958,30
401071403,NO,3135048,36
401071403,NO,3995,34
401071403,NO,6460,19
401071403,NO,2583639,30
401071403,NO,3919335,12
401071403,NO,6610,26
401071403,NO,2488945,16
401071403,NO,2489785,4
401071403,NO,3133626,6
401071403,NO,4065651,27
401071403,NO,4247,0
401071403,NO,3064514,0
401071404,IND,3244,23
401071404,IND,3593,36
401071404,IND,3133628,28
401071404,IND,3973,32
401071404,IND,3983,24
401071404,IND,4066425,9
401071404,IND,2528588,16
401071404,IND,3155942,31
401071404,IND,6615,0
401071404,IND,6446,25
401071404,IND,3922230,16
401071404,IND,4067045,0
401071404,IND,3136485,0
401071404,MEM,2284101,39
401071404,MEM,4277961,31
401071404,MEM,3206,30
401071404,MEM,3195,32
401071404,MEM,3133635,26
401071404,MEM,3917378,9
401071404,MEM,2327577,7
401071404,MEM,3113297,29
401071404,MEM,3224,18
401071404,MEM,6454,18
401071404,MEM,2579492,0
401071405,GS,3202,39
401071405,GS,6589,34
401071405,GS,4258,23
401071405,GS,3975,38
401071405,GS,6475,35
401071405,GS,2386,27
401071405,GS,2530923,9
401071405,GS,3155535,20
401071405,GS,2393,15
401071405,GS,3064427,0
401071405,GS,3934670,0
401071405,GS,2566745,0
401071405,GS,2595209,0
401071405,BOS,6462,29
401071405,BOS,4065648,31
401071405,BOS,3213,35
401071405,BOS,6442,40
401071405,BOS,2990992,29
401071405,BOS,4249,22
401071405,BOS,2451037,4
401071405,BOS,2968439,10
401071405,BOS,3074752,19
401071405,BOS,3917376,22
401071405,BOS,3056602,0
401071405,BOS,4017844,0
401071405,BOS,6507,0
401071406,PHI,3155533,11
401071406,PHI,3191,32
401071406,PHI,4415554,32
401071406,PHI,3024,28
401071406,PHI,2530530,27
401071406,PHI,3907387,35
401071406,PHI,2769,19
401071406,PHI,4291678,4
401071406,PHI,2490089,27
401071406,PHI,3915195,20
401071406,PHI,3929325,9
401071406,PHI,3914044,28
401071406,DEN,3015,17
401071406,DEN,2528693,35
401071406,DEN,3112335,34
401071406,DEN,6579,26
401071406,DEN,2999547,25
401071406,DEN,4017839,13
401071406,DEN,3136196,16
401071406,DEN,3934662,3
401071406,DEN,2488653,22
401071406,DEN,3059310,27
401071406,DEN,3907822,20
401071406,DEN,3057198,3
401071407,ATL,3908845,29
401071407,ATL,2580913,23
401071407,ATL,3062667,26
401071407,ATL,4066372,21
401071407,ATL,4277905,32
401071407,ATL,2990962,36
401071407,ATL,4065836,15
401071407,ATL,2596107,14
401071407,ATL,136,15
401071407,ATL,4299,21
401071407,ATL,3915560,9
401071407,ATL,2982340,0
401071407,ATL,3147351,0
401071407,POR,4248,31
401071407,POR,6591,31
401071407,POR,3102530,34
401071407,POR,2326307,32
401071407,POR,2490149,37
401071407,POR,2982268,25
401071407,POR,4066650,15
401071407,POR,6605,9
401071407,POR,4239,12
401071407,POR,2991042,5
401071407,POR,3136696,8
401071407,POR,3906671,0
401071407,POR,6606,0
401071408,CLE,3893016,39
401071408,CLE,4017838,36
401071408,CLE,6429,32
401071408,CLE,2581177,31
401071408,CLE,4277811,26
401071408,CLE,2754,4
401071408,CLE,2580365,17
401071408,CLE,3908807,11
401071408,CLE,2489716,22
401071408,CLE,2528426,22
401071408,CLE,4066335,0
401071408,CHI,4066336,39
401071408,CHI,3447,26
401071408,CHI,2991139,35
401071408,CHI,3059316,38
401071408,CHI,3064440,36
401071408,CHI,3056600,11
401071408,CHI,3064482,19
401071408,CHI,2991047,15
401071408,CHI,2991274,9
401071408,CHI,3907386,12
401071408,CHI,3113587,0
401071408,CHI,3907385,0
401071408,CHI,4066334,0
401071409,SAC,4269,19
401071409,SAC,2991282,31
401071409,SAC,6468,31
401071409,SAC,2990984,38
401071409,SAC,4066259,32
401071409,SAC,4065649,12
401071409,SAC,3138156,17
401071409,SAC,4277848,20
401071409,SAC,2991018,9
401071409,SAC,3037789,31
401071409,SAC,3444,0
401071409,SAC,2578213,0
401071409,SAC,3059315,0
401071409,LAC,6440,33
401071409,LAC,2758,14
401071409,LAC,3964,36
401071409,LAC,4240,37
401071409,LAC,4278073,31
401071409,LAC,6622,14
401071409,LAC,3059306,6
401071409,LAC,2991055,29
401071409,LAC,2799,27
401071409,LAC,3943606,12
401071409,LAC,3002137,1
401071409,LAC,4376,0
401071409,LAC,3064539,0
401071410,MIL,6609,34
401071410,MIL,3032977,35
401071410,MIL,3448,30
401071410,MIL,4238,31
401071410,MIL,2566769,33
401071410,MIL,2767,5
401071410,MIL,3136491,16
401071410,MIL,2528353,14
401071410,MIL,3057187,20
401071410,MIL,3438,21
401071410,MIL,3232,0
401071410,MIL,4017843,0
401071410,MIL,2578239,0
401071410,OKC,4251,38
401071410,OKC,2991070,33
401071410,OKC,4230546,27
401071410,OKC,2991235,31
401071410,OKC,3468,36
401071410,OKC,4264,15
401071410,OKC,2595435,15
401071410,OKC,2991280,17
401071410,OKC,3032979,28
401071410,OKC,3893019,0
401071410,OKC,2753,0
401071410,OKC,2995702,0
401071410,OKC,4080610,0
401071411,TOR,3439,36
401071411,TOR,3988,31
401071411,TOR,6450,35
401071411,TOR,3149673,37
401071411,TOR,3012,37
401071411,TOR,3934719,11
401071411,TOR,4260,3
401071411,TOR,2595516,16
401071411,TOR,2991230,21
401071411,TOR,3064447,13
401071411,TOR,3137730,0
401071411,TOR,2778,0
401071411,DAL,6578,31
401071411,DAL,3442,30
401071411,DAL,4065697,31
401071411,DAL,4032,35
401071411,DAL,3945274,36
401071411,DAL,609,10
401071411,DAL,2531367,12
401071411,DAL,2578185,28
401071411,DAL,2960236,12
401071411,DAL,2382,8
401071411,DAL,2489693,0
401071411,DAL,3934672,6
401071411,DAL,2968458,0
401071412,ORL,3064290,40
401071412,ORL,4065654,25
401071412,ORL,6478,34
401071412,ORL,6588,31
401071412,ORL,3415,28
401071412,ORL,4277919,14
401071412,ORL,6619,30
401071412,ORL,2531047,20
401071412,ORL,2579466,17
401071412,ORL,3064517,0
401071412,ORL,3074797,0
401071412,ORL,2578240,0
401071412,ORL,3913546,0
401071412,HOU,3033,39
401071412,HOU,6433,36
401071412,HOU,2779,25
401071412,HOU,3431,37
401071412,HOU,3992,37
401071412,HOU,2579321,23
401071412,HOU,1713,12
401071412,HOU,6617,21
401071412,HOU,2761,10
401071412,HOU,3132042,0
401071412,HOU,3907487,0
401071412,HOU,6448,0
401071413,UTAH,4257,27
401071413,UTAH,2968436,36
401071413,UTAH,3032976,32
401071413,UTAH,4011,30
401071413,UTAH,3908809,36
401071413,UTAH,6581,27
401071413,UTAH,2583632,21
401071413,UTAH,2982349,1
401071413,UTAH,2990969,9
401071413,UTAH,2011,20
401071413,UTAH,2990968,1
401071413,UTAH,3135045,1
401071413,UTAH,4261,0
401071413,MIN,3986,18
401071413,MIN,3059319,38
401071413,MIN,3136195,36
401071413,MIN,3417,37
401071413,MIN,4065663,30
401071413,MIN,2429,26
401071413,MIN,3032978,30
401071413,MIN,2534781,12
401071413,MIN,3133843,13
401071413,MIN,3276,0
401071413,MIN,3136779,0
401071413,MIN,3456,0
401071413,MIN,2325499,0
401071414,WSH,3209,31
401071414,WSH,2426,42
401071414,WSH,3934723,30
401071414,WSH,6621,37
401071414,WSH,6580,39
401071414,WSH,4278508,14
401071414,WSH,2594922,28
401071414,WSH,2531797,4
401071414,WSH,2580898,15
401071414,WSH,2991184,0
401071414,WSH,3137798,0
401071414,WSH,2774,0
401071414,SA,996,9
401071414,SA,3005,27
401071414,SA,2983,33
401071414,SA,2994526,31
401071414,SA,3078576,31
401071414,SA,3914283,3
401071414,SA,3974,8
401071414,SA,4253,3
401071414,SA,6426,28
401071414,SA,3134908,15
401071414,SA,4004,22
401071414,SA,3190,25
401071414,SA,4277890,5
401071415,MIA,3135047,35
401071415,MIA,3999,30
401071415,MIA,4262,24
401071415,MIA,3981,31
401071415,MIA,2581190,34
401071415,MIA,2489663,17
401071415,MIA,3936099,4
401071415,MIA,4066261,19
401071415,MIA,1987,28
401071415,MIA,6628,18
401071415,MIA,2488826,0
401071415,MIA,2184,0
401071415,MIA,2530276,0
401071415,NY,3078284,25
401071415,NY,6485,18
401071415,NY,4278075,22
401071415,NY,4230547,15
401071415,NY,2528210,31
401071415,NY,2995706,30
401071415,NY,4351852,23
401071415,NY,2579260,23
401071415,NY,2991149,26
401071415,NY,3445,7
401071415,NY,3907525,20
401071415,NY,6447,0
401071416,PHX,4011991,13
401071416,PHX,4066297,34
401071416,PHX,3136193,36
401071416,PHX,3147657,37
401071416,PHX,4230550,22
401071416,PHX,2993370,27
401071416,PHX,4355392,9
401071416,PHX,165,23
401071416,PHX,2489530,9
401071416,PHX,3133603,31
401071416,PHX,3412,0
401071416,PHX,3912854,0
401071416,LAL,3418,26
401071416,LAL,3913176,32
401071416,LAL,4017837,35
401071416,LAL,3026,42
401071416,LAL,2581018,36
401071416,LAL,3452,11
401071416,LAL,3150844,2
401071416,LAL,4244,22
401071416,LAL,2991350,1
401071416,LAL,3062679,17
401071416,LAL,3133602,16
401071416,LAL,3134907,0
401071416,LAL,984,0
401071417,NY,3078284,35
401071417,NY,6485,22
401071417,NY,4278075,35
401071417,NY,2579260,25
401071417,NY,2528210,31
401071417,NY,2995706,26
401071417,NY,4351852,13
401071417,NY,2991149,14
401071417,NY,3134880,18
401071417,NY,3907525,21
401071417,NY,6447,0
401071417,NY,3445,0
401071417,CHA,2797,36
401071417,CHA,3416,31
401071417,CHA,6427,13
401071417,CHA,6479,36
401071417,CHA,6603,27
401071417,CHA,6601,10
401071417,CHA,4066383,24
401071417,CHA,2999409,21
401071417,CHA,1015,19
401071417,CHA,4066262,22
401071417,CHA,2579294,0
401071417,CHA,3133601,0
401071417,CHA,3907821,0
401071418,GS,3202,30
401071418,GS,3064427,19
401071418,GS,4258,25
401071418,GS,3975,27
401071418,GS,6475,31
401071418,GS,2386,27
401071418,GS,2530923,12
401071418,GS,3155535,18
401071418,GS,3934670,9
401071418,GS,2566745,21
401071418,GS,2595209,7
401071418,GS,2393,14
401071418,IND,3244,26
401071418,IND,3593,28
401071418,IND,3133628,26
401071418,IND,3973,25
401071418,IND,3136485,28
401071418,IND,4066425,15
401071418,IND,2528588,19
401071418,IND,3155942,20
401071418,IND,4067045,3
401071418,IND,6615,5
401071418,IND,6446,21
401071418,IND,3059262,3
401071418,IND,3922230,22
401071419,BKN,2528794,19
401071419,BKN,3064291,27
401071419,BKN,4230548,26
401071419,BKN,4066328,22
401071419,BKN,3136776,24
401071419,BKN,3970,28
401071419,BKN,4259,23
401071419,BKN,2530780,26
401071419,BKN,3138154,25
401071419,BKN,4236300,19
401071419,BKN,2595231,0
401071419,BOS,6462,31
401071419,BOS,4065648,30
401071419,BOS,3213,29
401071419,BOS,2990992,33
401071419,BOS,3074752,35
401071419,BOS,3056602,2
401071419,BOS,4249,21
401071419,BOS,2968439,21
401071419,BOS,6507,6
401071419,BOS,3917376,32
401071419,BOS,4017844,0
401071419,BOS,2451037,0
401071419,BOS,4066211,0
401071420,DEN,3015,29
401071420,DEN,2528693,21
401071420,DEN,3112335,35
401071420,DEN,6579,36
401071420,DEN,2999547,31
401071420,DEN,4017839,7
401071420,DEN,3136196,13
401071420,DEN,2488653,19
401071420,DEN,3059310,25
401071420,DEN,3907822,24
401071420,DEN,3934662,0
401071420,DEN,3057198,0
401071420,MEM,2284101,40
401071420,MEM,2993874,30
401071420,MEM,4277961,25
401071420,MEM,3206,38
401071420,MEM,3195,37
401071420,MEM,3917378,5
401071420,MEM,3113297,23
401071420,MEM,3224,24
401071420,MEM,6454,18
401071420,MEM,2327577,0
401071420,MEM,2579492,0
401071420,MEM,3133635,0
401071421,ATL,3908845,30
401071421,ATL,2580913,27
401071421,ATL,3062667,28
401071421,ATL,4066372,30
401071421,ATL,4277905,31
401071421,ATL,2990962,30
401071421,ATL,4065836,11
401071421,ATL,2596107,21
401071421,ATL,136,7
401071421,ATL,4299,24
401071421,ATL,2982340,0
401071421,ATL,3147351,0
401071421,ATL,3915560,0
401071421,LAC,6440,36
401071421,LAC,2758,16
401071421,LAC,3964,38
401071421,LAC,4240,29
401071421,LAC,4278073,24
401071421,LAC,6622,12
401071421,LAC,2991055,32
401071421,LAC,2799,31
401071421,LAC,3064539,4
401071421,LAC,3943606,14
401071421,LAC,3002137,3
401071421,LAC,3059306,0
401071421,LAC,4376,0
401071422,WSH,3209,25
401071422,WSH,2426,28
401071422,WSH,3934723,23
401071422,WSH,6621,31
401071422,WSH,6580,36
401071422,WSH,2991184,15
401071422,WSH,4278508,11
401071422,WSH,2594922,26
401071422,WSH,2774,16
401071422,WSH,2531797,8
401071422,WSH,2580898,9
401071422,WSH,3134903,12
401071422,CLE,3893016,36
401071422,CLE,4017838,23
401071422,CLE,6429,35
401071422,CLE,2581177,30
401071422,CLE,4277811,30
401071422,CLE,2580365,25
401071422,CLE,3908807,15
401071422,CLE,2489716,18
401071422,CLE,2528426,29
401071422,CLE,2754,0
401071422,CLE,4066335,0
401071423,MIL,6609,34
401071423,MIL,3032977,35
401071423,MIL,2528353,24
401071423,MIL,3448,34
401071423,MIL,4238,30
401071423,MIL,2767,14
401071423,MIL,3136491,18
401071423,MIL,3438,30
401071423,MIL,2578239,22
401071423,MIL,3232,0
401071423,MIL,3058254,0
401071423,MIL,4017843,0
401071423,MIL,3057187,0
401071423,DET,3989,39
401071423,DET,2991039,12
401071423,DET,6585,36
401071423,DET,6443,37
401071423,DET,2530572,20
401071423,DET,3134881,29
401071423,DET,2016,12
401071423,DET,3912334,10
401071423,DET,2806,3
401071423,DET,3913174,28
401071423,DET,4065670,13
401071423,DET,6452,0
401071423,DET,2282734,0
401071424,OKC,4251,39
401071424,OKC,2991070,42
401071424,OKC,2991280,34
401071424,OKC,3468,38
401071424,OKC,4080610,17
401071424,OKC,4264,18
401071424,OKC,2595435,17
401071424,OKC,2995702,6
401071424,OKC,3032979,28
401071424,OKC,4230546,0
401071424,OKC,2991235,0
401071424,OKC,3893019,0
401071424,OKC,2753,0
401071424,ORL,3064290,37
401071424,ORL,4065654,27
401071424,ORL,6478,34
401071424,ORL,6588,31
401071424,ORL,3415,32
401071424,ORL,4277919,14
401071424,ORL,6619,32
401071424,ORL,2531047,16
401071424,ORL,2579466,17
401071424,ORL,3064517,0
401071424,ORL,3074797,0
401071424,ORL,2578240,0
401071424,ORL,3936294,0
401071425,CHI,4066336,31
401071425,CHI,3447,20
401071425,CHI,2991139,31
401071425,CHI,3059316,28
401071425,CHI,3064440,36
401071425,CHI,3056600,23
401071425,CHI,3064482,24
401071425,CHI,2991047,16
401071425,CHI,2991274,25
401071425,CHI,3907386,7
401071425,CHI,3113587,0
401071425,CHI,3907385,0
401071425,CHI,4066334,0
401071425,BKN,2595231,29
401071425,BKN,2528794,32
401071425,BKN,4230548,25
401071425,BKN,4066328,29
401071425,BKN,3136776,36
401071425,BKN,3970,26
401071425,BKN,3064291,21
401071425,BKN,4259,16
401071425,BKN,2530780,25
401071425,BKN,3138154,0
401071425,BKN,4236300,0
401071426,NO,6610,40
401071426,NO,2488958,18
401071426,NO,3135048,37
401071426,NO,3995,38
401071426,NO,4065651,23
401071426,NO,4247,4
401071426,NO,3919335,11
401071426,NO,2488945,20
401071426,NO,2489785,18
401071426,NO,3133626,30
401071426,NO,6459,0
401071426,NO,6460,0
401071426,NO,2583639,0
401071426,HOU,3033,37
401071426,HOU,6433,30
401071426,HOU,2779,26
401071426,HOU,3431,33
401071426,HOU,3992,39
401071426,HOU,2579321,21
401071426,HOU,1713,11
401071426,HOU,6617,31
401071426,HOU,2761,11
401071426,HOU,3132042,0
401071426,HOU,3907487,0
401071426,HOU,6448,0
401071427,PHX,2993370,30
401071427,PHX,4066297,33
401071427,PHX,3136193,40
401071427,PHX,3147657,35
401071427,PHX,4230550,19
401071427,PHX,4011991,3
401071427,PHX,4355392,11
401071427,PHX,165,30
401071427,PHX,2489530,6
401071427,PHX,3133603,31
401071427,PHX,3412,0
401071427,PHX,3912854,0
401071427,SA,3005,32
401071427,SA,6426,36
401071427,SA,2983,36
401071427,SA,2994526,32
401071427,SA,3078576,29
401071427,SA,996,3
401071427,SA,3974,5
401071427,SA,4253,1
401071427,SA,3134908,8
401071427,SA,4004,27
401071427,SA,3190,26
401071427,SA,4277890,4
401071427,SA,3914283,0
401071428,PHI,3194,28
401071428,PHI,6430,29
401071428,PHI,3059318,30
401071428,PHI,3024,29
401071428,PHI,3907387,37
401071428,PHI,3191,23
401071428,PHI,4415554,23
401071428,PHI,2490089,24
401071428,PHI,3929325,1
401071428,PHI,2530530,19
401071428,PHI,3914044,19
401071428,PHI,2769,0
401071428,LAL,3418,10
401071428,LAL,3913176,39
401071428,LAL,4017837,17
401071428,LAL,3026,36
401071428,LAL,2581018,26
401071428,LAL,984,4
401071428,LAL,3452,27
401071428,LAL,3150844,1
401071428,LAL,4244,16
401071428,LAL,2991350,1
401071428,LAL,3062679,35
401071428,LAL,3133602,28
401071428,LAL,3134907,0
401071429,CHA,2797,27
401071429,CHA,3416,27
401071429,CHA,6427,14
401071429,CHA,6479,27
401071429,CHA,6603,23
401071429,CHA,6601,19
401071429,CHA,2579294,9
401071429,CHA,4066383,22
401071429,CHA,2999409,9
401071429,CHA,3133601,19
401071429,CHA,3058269,8
401071429,CHA,3907821,12
401071429,CHA,4066262,26
401071429,BOS,6462,27
401071429,BOS,4065648,27
401071429,BOS,3213,24
401071429,BOS,2990992,29
401071429,BOS,3074752,27
401071429,BOS,3056602,8
401071429,BOS,4017844,6
401071429,BOS,4249,24
401071429,BOS,2451037,15
401071429,BOS,2968439,9
401071429,BOS,6507,15
401071429,BOS,3917376,30
401071430,CHI,4066336,34
401071430,CHI,3447,24
401071430,CHI,2991047,34
401071430,CHI,2991139,34
401071430,CHI,3059316,35
401071430,CHI,3056600,14
401071430,CHI,3064482,24
401071430,CHI,2991274,24
401071430,CHI,3907385,12
401071430,CHI,3907386,4
401071430,CHI,3113587,0
401071430,CHI,3064440,0
401071430,CHI,4066334,0
401071430,MIA,3135047,35
401071430,MIA,3999,18
401071430,MIA,4262,15
401071430,MIA,3981,33
401071430,MIA,2581190,38
401071430,MIA,2489663,23
401071430,MIA,4066261,33
401071430,MIA,6628,18
401071430,MIA,2530276,28
401071430,MIA,2184,0
401071430,MIA,1987,0
401071430,MIA,2488826,0
401071431,DAL,6578,29
401071431,DAL,3442,26
401071431,DAL,4065697,28
401071431,DAL,4032,26
401071431,DAL,3945274,29
401071431,DAL,609,12
401071431,DAL,2531367,20
401071431,DAL,2578185,24
401071431,DAL,2960236,17
401071431,DAL,2968458,3
401071431,DAL,2382,12
401071431,DAL,2489693,5
401071431,DAL,3934672,10
401071431,NY,3078284,14
401071431,NY,6485,16
401071431,NY,4278075,27
401071431,NY,2579260,32
401071431,NY,2528210,28
401071431,NY,2995706,32
401071431,NY,6447,9
401071431,NY,4351852,24
401071431,NY,2991149,20
401071431,NY,3134880,18
401071431,NY,3907525,19
401071431,NY,3445,0
401071432,IND,3244,27
401071432,IND,3593,27
401071432,IND,3133628,27
401071432,IND,3973,25
401071432,IND,3136485,22
401071432,IND,4066425,15
401071432,IND,2528588,21
401071432,IND,3155942,23
401071432,IND,6615,5
401071432,IND,6446,26
401071432,IND,3059262,2
401071432,IND,3922230,21
401071432,WSH,2426,23
401071432,WSH,2594922,16
401071432,WSH,3934723,19
401071432,WSH,6621,23
401071432,WSH,6580,31
401071432,WSH,3209,29
401071432,WSH,2991184,25
401071432,WSH,4278508,3
401071432,WSH,2774,17
401071432,WSH,2531797,26
401071432,WSH,2580898,25
401071432,WSH,3134903,3
401071433,MEM,2284101,23
401071433,MEM,2993874,35
401071433,MEM,4277961,22
401071433,MEM,3206,43
401071433,MEM,3195,42
401071433,MEM,3917378,23
401071433,MEM,2327577,5
401071433,MEM,2579492,3
401071433,MEM,3113297,32
401071433,MEM,3224,12
401071433,MEM,6454,16
401071433,MEM,3133635,9
401071433,MEM,4023,0
401071433,MIN,3986,36
401071433,MIN,3059319,41
401071433,MIN,3136195,26
401071433,MIN,3417,43
401071433,MIN,4065663,20
401071433,MIN,3276,25
401071433,MIN,2429,19
401071433,MIN,3032978,18
401071433,MIN,4412182,13
401071433,MIN,2534781,22
401071433,MIN,2490589,13
401071433,MIN,3136779,0
401071433,MIN,3456,0
401071433,MIN,4015,0
401071434,DEN,3015,34
401071434,DEN,3112335,37
401071434,DEN,3059310,40
401071434,DEN,6579,26
401071434,DEN,2999547,34
401071434,DEN,4017839,5
401071434,DEN,3136196,11
401071434,DEN,2528693,8
401071434,DEN,2488653,14
401071434,DEN,3907822,29
401071434,DEN,3057198,2
401071434,DEN,3934662,0
401071434,NO,6610,37
401071434,NO,2488958,18
401071434,NO,3135048,31
401071434,NO,3995,36
401071434,NO,4065651,22
401071434,NO,3919335,17
401071434,NO,2488945,21
401071434,NO,2489785,20
401071434,NO,3133626,38
401071434,NO,4247,0
401071434,NO,6459,0
401071434,NO,6460,0
401071434,NO,2583639,0
401071435,ATL,3908845,25
401071435,ATL,2580913,24
401071435,ATL,3062667,20
401071435,ATL,4066372,24
401071435,ATL,4277905,29
401071435,ATL,2982340,3
401071435,ATL,2990962,26
401071435,ATL,3147351,4
401071435,ATL,4065836,24
401071435,ATL,6637,19
401071435,ATL,2596107,18
401071435,ATL,136,4
401071435,ATL,4299,19
401071435,SAC,4269,21
401071435,SAC,2991282,20
401071435,SAC,6468,20
401071435,SAC,2990984,25
401071435,SAC,4066259,22
401071435,SAC,4065649,21
401071435,SAC,3138156,20
401071435,SAC,4277848,28
401071435,SAC,3444,5
401071435,SAC,3936296,2
401071435,SAC,2991018,25
401071435,SAC,3037789,29
401071435,SAC,3059315,3
401071436,UTAH,4257,24
401071436,UTAH,2968436,27
401071436,UTAH,3032976,27
401071436,UTAH,4011,26
401071436,UTAH,3908809,27
401071436,UTAH,6581,25
401071436,UTAH,4261,7
401071436,UTAH,2583632,21
401071436,UTAH,2982349,4
401071436,UTAH,2990969,14
401071436,UTAH,2011,14
401071436,UTAH,2990968,7
401071436,UTAH,3135045,17
401071436,POR,4248,22
401071436,POR,6591,21
401071436,POR,6605,25
401071436,POR,6606,37
401071436,POR,2490149,30
401071436,POR,2982268,27
401071436,POR,3906671,7
401071436,POR,4066650,23
401071436,POR,4239,19
401071436,POR,2326307,22
401071436,POR,3136696,7
401071436,POR,3102530,0
401071436,POR,2991042,0
401071437,DAL,6578,39
401071437,DAL,2578185,34
401071437,DAL,2960236,29
401071437,DAL,2968458,19
401071437,DAL,3934672,33
401071437,DAL,609,13
401071437,DAL,2531367,24
401071437,DAL,2382,23
401071437,DAL,2489693,27
401071437,DAL,4066243,0
401071437,DAL,3945274,0
401071437,DET,3989,39
401071437,DET,2528779,30
401071437,DET,6585,37
401071437,DET,6443,35
401071437,DET,4065670,20
401071437,DET,2991039,1
401071437,DET,3134881,12
401071437,DET,2016,11
401071437,DET,2530572,22
401071437,DET,2806,12
401071437,DET,3913174,20
401071437,DET,6452,0
401071437,DET,3912334,0
401071438,IND,3244,31
401071438,IND,3593,35
401071438,IND,3133628,35
401071438,IND,3973,32
401071438,IND,6446,37
401071438,IND,4066425,11
401071438,IND,2528588,16
401071438,IND,3155942,20
401071438,IND,3136485,10
401071438,IND,3922230,14
401071438,IND,6615,0
401071438,IND,3059262,0
401071438,ORL,3064290,33
401071438,ORL,4065654,31
401071438,ORL,6478,35
401071438,ORL,6588,36
401071438,ORL,3415,25
401071438,ORL,3074797,16
401071438,ORL,4277919,13
401071438,ORL,6619,27
401071438,ORL,3936294,23
401071438,ORL,2578240,0
401071438,ORL,2531047,0
401071438,ORL,3913546,0
401071439,MIL,6609,35
401071439,MIL,3032977,28
401071439,MIL,3448,33
401071439,MIL,4238,31
401071439,MIL,2566769,34
401071439,MIL,2767,7
401071439,MIL,3136491,22
401071439,MIL,2528353,15
401071439,MIL,3057187,10
401071439,MIL,3438,24
401071439,MIL,3232,0
401071439,MIL,4017843,0
401071439,MIL,2578239,0
401071439,TOR,3439,39
401071439,TOR,3988,13
401071439,TOR,6450,35
401071439,TOR,3149673,38
401071439,TOR,3012,34
401071439,TOR,3934719,7
401071439,TOR,3137730,4
401071439,TOR,4260,1
401071439,TOR,2595516,23
401071439,TOR,2991230,30
401071439,TOR,3064447,16
401071439,TOR,3948153,0
401071439,TOR,2778,0
401071440,BKN,2595231,25
401071440,BKN,2528794,32
401071440,BKN,4230548,27
401071440,BKN,4066328,28
401071440,BKN,3136776,33
401071440,BKN,3970,27
401071440,BKN,3064291,18
401071440,BKN,4259,20
401071440,BKN,2530780,29
401071440,BKN,2579326,0
401071440,BKN,3138154,0
401071440,BKN,4236300,0
401071440,SA,3005,28
401071440,SA,2983,38
401071440,SA,2994526,28
401071440,SA,3978,36
401071440,SA,3078576,25
401071440,SA,996,6
401071440,SA,3974,4
401071440,SA,4253,3
401071440,SA,6426,22
401071440,SA,3134908,4
401071440,SA,4004,30
401071440,SA,3190,17
401071440,SA,4277890,0
401071441,PHI,3194,21
401071441,PHI,6430,37
401071441,PHI,3059318,34
401071441,PHI,3024,32
401071441,PHI,3907387,38
401071441,PHI,3155533,14
401071441,PHI,3191,10
401071441,PHI,4415554,10
401071441,PHI,2490089,21
401071441,PHI,2530530,16
401071441,PHI,3914044,16
401071441,PHI,3929325,0
401071441,GS,3202,38
401071441,GS,6589,35
401071441,GS,2530923,27
401071441,GS,4258,25
401071441,GS,3975,38
401071441,GS,2386,27
401071441,GS,3155535,23
401071441,GS,2566745,12
401071441,GS,2393,15
401071441,GS,3998,0
401071441,GS,3064427,0
401071441,GS,3934670,0
401071441,GS,6475,0
401071442,LAL,1966,40
401071442,LAL,3134907,23
401071442,LAL,3913176,44
401071442,LAL,4017837,18
401071442,LAL,3026,36
401071442,LAL,3418,6
401071442,LAL,984,18
401071442,LAL,3452,17
401071442,LAL,4244,30
401071442,LAL,2581018,11
401071442,LAL,3062679,21
401071442,LAL,3150844,0
401071442,LAL,3133602,0
401071442,LAC,6440,43
401071442,LAC,2758,16
401071442,LAC,3964,37
401071442,LAC,4240,35
401071442,LAC,4278073,21
401071442,LAC,6622,16
401071442,LAC,4376,13
401071442,LAC,2991055,23
401071442,LAC,2799,38
401071442,LAC,3064539,4
401071442,LAC,3943606,17
401071442,LAC,3059306,0
401071442,LAC,3002137,0
401071443,MEM,2284101,35
401071443,MEM,2327577,20
401071443,MEM,3206,27
401071443,MEM,6454,36
401071443,MEM,3133635,34
401071443,MEM,3917378,28
401071443,MEM,2579492,16
401071443,MEM,3113297,23
401071443,MEM,3224,22
401071443,MEM,2993874,0
401071443,MEM,4277961,0
401071443,MEM,3133838,0
401071443,MEM,4023,0
401071443,CHA,2797,33
401071443,CHA,3416,35
401071443,CHA,6427,32
401071443,CHA,6479,37
401071443,CHA,6603,14
401071443,CHA,6601,25
401071443,CHA,4066383,11
401071443,CHA,2999409,5
401071443,CHA,1015,22
401071443,CHA,4066262,26
401071443,CHA,2579294,0
401071443,CHA,3133601,0
401071444,BOS,6462,30
401071444,BOS,4065648,26
401071444,BOS,3213,27
401071444,BOS,6442,36
401071444,BOS,2990992,29
401071444,BOS,3056602,4
401071444,BOS,4017844,1
401071444,BOS,4249,21
401071444,BOS,2968439,21
401071444,BOS,3074752,25
401071444,BOS,3917376,21
401071444,BOS,2451037,0
401071444,BOS,6507,0
401071444,NY,3078284,31
401071444,NY,4278075,40
401071444,NY,3064560,17
401071444,NY,2991149,38
401071444,NY,3134880,35
401071444,NY,2995706,22
401071444,NY,6447,13
401071444,NY,4351852,18
401071444,NY,3907525,26
401071444,NY,6485,0
401071444,NY,3074765,0
401071445,OKC,4251,35
401071445,OKC,2991070,29
401071445,OKC,4230546,23
401071445,OKC,2991235,27
401071445,OKC,3468,32
401071445,OKC,4264,16
401071445,OKC,2595435,15
401071445,OKC,2991280,21
401071445,OKC,2995702,9
401071445,OKC,3032979,29
401071445,OKC,4080610,3
401071445,OKC,2753,0
401071445,MIA,3135047,31
401071445,MIA,3999,20
401071445,MIA,4262,20
401071445,MIA,2581190,34
401071445,MIA,2530276,22
401071445,MIA,2489663,31
401071445,MIA,4066261,25
401071445,MIA,3981,4
401071445,MIA,1987,23
401071445,MIA,6628,26
401071445,MIA,2488826,4
401071445,MIA,2184,0
401071446,ATL,3908845,27
401071446,ATL,2580913,28
401071446,ATL,3062667,24
401071446,ATL,4066372,29
401071446,ATL,4277905,37
401071446,ATL,2990962,23
401071446,ATL,3147351,2
401071446,ATL,4065836,19
401071446,ATL,6637,17
401071446,ATL,2596107,9
401071446,ATL,136,13
401071446,ATL,4299,11
401071446,ATL,3915560,2
401071446,UTAH,4257,27
401071446,UTAH,2968436,32
401071446,UTAH,3032976,28
401071446,UTAH,4011,35
401071446,UTAH,3908809,33
401071446,UTAH,6581,30
401071446,UTAH,4261,3
401071446,UTAH,2583632,9
401071446,UTAH,2990969,8
401071446,UTAH,2011,25
401071446,UTAH,2990968,2
401071446,UTAH,3135045,8
401071446,UTAH,2982349,0
401071447,HOU,3033,34
401071447,HOU,6433,31
401071447,HOU,2779,29
401071447,HOU,3431,25
401071447,HOU,3992,37
401071447,HOU,2579321,25
401071447,HOU,3132042,2
401071447,HOU,4222252,8
401071447,HOU,6617,25
401071447,HOU,2761,25
401071447,HOU,3907487,0
401071447,HOU,1713,0
401071447,HOU,6448,0
401071447,DEN,3015,28
401071447,DEN,3112335,31
401071447,DEN,3059310,37
401071447,DEN,3907822,41
401071447,DEN,6579,24
401071447,DEN,4017839,6
401071447,DEN,3136196,17
401071447,DEN,3934662,1
401071447,DEN,2528693,34
401071447,DEN,2488653,19
401071447,DEN,3057198,1
401071448,LAC,6440,29
401071448,LAC,2758,4
401071448,LAC,3964,31
401071448,LAC,4240,25
401071448,LAC,4278073,30
401071448,LAC,6622,21
401071448,LAC,3059306,1
401071448,LAC,4376,17
401071448,LAC,2991055,36
401071448,LAC,2799,35
401071448,LAC,3943606,9
401071448,LAC,3002137,2
401071448,LAC,3064539,0
401071448,DET,3989,42
401071448,DET,2528779,33
401071448,DET,6585,23
401071448,DET,6443,36
401071448,DET,4065670,22
401071448,DET,3134881,18
401071448,DET,2016,25
401071448,DET,4305,12
401071448,DET,2530572,13
401071448,DET,3913174,17
401071448,DET,6452,0
401071448,DET,3912334,0
401071448,DET,2806,0
401071449,CHI,4066336,33
401071449,CHI,3447,17
401071449,CHI,2991139,32
401071449,CHI,3059316,35
401071449,CHI,3064440,31
401071449,CHI,3113587,12
401071449,CHI,3064482,34
401071449,CHI,2991047,16
401071449,CHI,2991274,17
401071449,CHI,3907385,13
401071449,CHI,3907386,0
401071449,CHI,4066334,0
401071449,CHA,2797,35
401071449,CHA,3416,31
401071449,CHA,6427,19
401071449,CHA,6479,37
401071449,CHA,6603,26
401071449,CHA,6601,23
401071449,CHA,4066383,27
401071449,CHA,2999409,10
401071449,CHA,1015,13
401071449,CHA,4066262,20
401071449,CHA,2579294,0
401071449,CHA,3133601,0
401071450,BKN,2595231,22
401071450,BKN,2528794,29
401071450,BKN,4230548,20
401071450,BKN,4066328,26
401071450,BKN,3136776,32
401071450,BKN,3970,28
401071450,BKN,3064291,22
401071450,BKN,4259,21
401071450,BKN,2579326,2
401071450,BKN,2530780,26
401071450,BKN,3138154,11
401071450,BKN,4236300,2
401071450,ORL,3064290,38
401071450,ORL,4065654,28
401071450,ORL,6478,32
401071450,ORL,6588,33
401071450,ORL,3415,29
401071450,ORL,3074797,18
401071450,ORL,2578240,16
401071450,ORL,6619,26
401071450,ORL,3936294,19
401071450,ORL,4277919,0
401071450,ORL,2531047,0
401071450,ORL,3913546,0
401071451,MIL,6609,30
401071451,MIL,3032977,33
401071451,MIL,2528353,24
401071451,MIL,3448,27
401071451,MIL,2566769,27
401071451,MIL,2767,7
401071451,MIL,3058254,4
401071451,MIL,3136491,23
401071451,MIL,3057187,17
401071451,MIL,3438,23
401071451,MIL,2578239,26
401071451,MIL,4017843,0
401071451,MIL,4238,0
401071451,WSH,2426,39
401071451,WSH,2594922,34
401071451,WSH,3934723,18
401071451,WSH,6621,24
401071451,WSH,6580,37
401071451,WSH,3209,34
401071451,WSH,2991184,18
401071451,WSH,4278508,4
401071451,WSH,6594,4
401071451,WSH,2531797,14
401071451,WSH,2580898,14
401071451,WSH,2774,0
401071452,DAL,6578,36
401071452,DAL,2578185,28
401071452,DAL,2960236,27
401071452,DAL,3934672,33
401071452,DAL,3945274,33
401071452,DAL,609,9
401071452,DAL,2531367,24
401071452,DAL,4066243,1
401071452,DAL,2382,20
401071452,DAL,2489693,29
401071452,DAL,2968458,0
401071452,CLE,3893016,14
401071452,CLE,4017838,20
401071452,CLE,6429,34
401071452,CLE,2581177,30
401071452,CLE,4277811,31
401071452,CLE,2580365,28
401071452,CLE,2982240,2
401071452,CLE,3908807,14
401071452,CLE,3062744,15
401071452,CLE,2489716,19
401071452,CLE,2528426,31
401071452,CLE,4066335,2
401071452,CLE,2754,0
401071453,IND,3244,36
401071453,IND,3593,38
401071453,IND,3133628,31
401071453,IND,3973,34
401071453,IND,6446,31
401071453,IND,4066425,5
401071453,IND,3155942,24
401071453,IND,3136485,10
401071453,IND,3983,16
401071453,IND,3922230,14
401071453,IND,6615,0
401071453,IND,3059262,0
401071453,MIA,3135047,32
401071453,MIA,3999,11
401071453,MIA,4262,31
401071453,MIA,2581190,36
401071453,MIA,2530276,23
401071453,MIA,2489663,34
401071453,MIA,4066261,17
401071453,MIA,1987,27
401071453,MIA,6628,28
401071453,MIA,2184,0
401071453,MIA,3981,0
401071453,MIA,2488826,0
401071454,NO,6610,34
401071454,NO,2488958,11
401071454,NO,3135048,25
401071454,NO,3995,30
401071454,NO,4065651,42
401071454,NO,4247,3
401071454,NO,3919335,23
401071454,NO,2488945,27
401071454,NO,2489785,14
401071454,NO,3133626,30
401071454,NO,6459,0
401071454,NO,6460,0
401071454,NO,2583639,0
401071454,SA,3005,29
401071454,SA,2983,27
401071454,SA,2994526,31
401071454,SA,3978,29
401071454,SA,3078576,25
401071454,SA,996,15
401071454,SA,3914283,3
401071454,SA,4253,9
401071454,SA,6426,19
401071454,SA,3134908,7
401071454,SA,4004,22
401071454,SA,3190,24
401071454,SA,3974,0
401071455,LAL,3134907,32
401071455,LAL,3913176,39
401071455,LAL,4017837,26
401071455,LAL,3026,38
401071455,LAL,2581018,27
401071455,LAL,3418,8
401071455,LAL,3452,11
401071455,LAL,3150844,11
401071455,LAL,4244,24
401071455,LAL,3062679,21
401071455,LAL,3133602,2
401071455,LAL,4348697,2
401071455,LAL,984,0
401071455,GS,3202,35
401071455,GS,6589,27
401071455,GS,4258,25
401071455,GS,3975,33
401071455,GS,6475,36
401071455,GS,2386,26
401071455,GS,3998,2
401071455,GS,2530923,14
401071455,GS,3064427,2
401071455,GS,3155535,19
401071455,GS,3934670,2
401071455,GS,2566745,5
401071455,GS,2393,15
401071456,DEN,3015,21
401071456,DEN,3112335,29
401071456,DEN,3059310,41
401071456,DEN,3907822,29
401071456,DEN,6579,31
401071456,DEN,4017839,16
401071456,DEN,3136196,20
401071456,DEN,2528693,28
401071456,DEN,2488653,26
401071456,DEN,3934662,0
401071456,DEN,3057198,0
401071456,MIN,3986,23
401071456,MIN,3059319,35
401071456,MIN,3136195,37
401071456,MIN,3417,35
401071456,MIN,4065663,21
401071456,MIN,3276,11
401071456,MIN,2429,20
401071456,MIN,3032978,19
401071456,MIN,2534781,15
401071456,MIN,3456,20
401071456,MIN,2490589,4
401071456,MIN,3136779,0
401071456,MIN,4015,0
401071457,ATL,2990962,33
401071457,ATL,3908845,39
401071457,ATL,2580913,27
401071457,ATL,4066372,34
401071457,ATL,4277905,34
401071457,ATL,4065836,7
401071457,ATL,6637,16
401071457,ATL,2596107,18
401071457,ATL,3062667,15
401071457,ATL,136,4
401071457,ATL,4299,14
401071457,ATL,2982340,0
401071457,ATL,3915560,0
401071457,PHX,4278129,33
401071457,PHX,4066297,37
401071457,PHX,3136193,43
401071457,PHX,3147657,36
401071457,PHX,4230550,31
401071457,PHX,2993370,19
401071457,PHX,165,7
401071457,PHX,3133603,30
401071457,PHX,3912854,4
401071457,PHX,3412,0
401071457,PHX,4011991,0
401071457,PHX,4355392,0
401071457,PHX,2489530,0
401071458,HOU,3033,31
401071458,HOU,6433,20
401071458,HOU,2579321,30
401071458,HOU,3431,29
401071458,HOU,3992,40
401071458,HOU,3132042,2
401071458,HOU,3907487,2
401071458,HOU,1713,17
401071458,HOU,4222252,8
401071458,HOU,6617,35
401071458,HOU,2761,25
401071458,HOU,6448,0
401071458,UTAH,6581,35
401071458,UTAH,2968436,30
401071458,UTAH,3032976,29
401071458,UTAH,4011,27
401071458,UTAH,3908809,36
401071458,UTAH,4257,16
401071458,UTAH,4261,3
401071458,UTAH,2583632,24
401071458,UTAH,2982349,3
401071458,UTAH,2990969,13
401071458,UTAH,2011,17
401071458,UTAH,2990968,3
401071458,UTAH,3135045,3
401071459,PHI,6430,39
401071459,PHI,2490089,18
401071459,PHI,3059318,39
401071459,PHI,3907387,42
401071459,PHI,3914044,34
401071459,PHI,3155533,13
401071459,PHI,3191,6
401071459,PHI,4415554,6
401071459,PHI,3915195,20
401071459,PHI,3929325,3
401071459,PHI,2530530,26
401071459,PHI,2769,0
401071459,SAC,4269,13
401071459,SAC,2991282,33
401071459,SAC,6468,30
401071459,SAC,2990984,35
401071459,SAC,4066259,35
401071459,SAC,4065649,15
401071459,SAC,3138156,10
401071459,SAC,4277848,33
401071459,SAC,2991018,13
401071459,SAC,3037789,22
401071459,SAC,3444,0
401071459,SAC,3936296,0
401071459,SAC,3059315,0
401071460,MEM,2284101,37
401071460,MEM,3113297,17
401071460,MEM,4277961,26
401071460,MEM,3206,32
401071460,MEM,3195,34
401071460,MEM,3917378,14
401071460,MEM,2327577,9
401071460,MEM,2579492,20
401071460,MEM,3224,16
401071460,MEM,6454,25
401071460,MEM,3133635,11
401071460,MEM,2993874,0
401071460,MEM,3133838,0
401071460,NY,3078284,24
401071460,NY,4278075,35
401071460,NY,3442,29
401071460,NY,4065697,26
401071460,NY,2991149,20
401071460,NY,2995706,22
401071460,NY,3064560,20
401071460,NY,4032,28
401071460,NY,3134880,20
401071460,NY,3907525,15
401071460,NY,6485,0
401071460,NY,3074765,0
401071460,NY,6447,0
401071461,OKC,4251,39
401071461,OKC,2991070,33
401071461,OKC,4230546,34
401071461,OKC,2991235,36
401071461,OKC,3468,37
401071461,OKC,4264,15
401071461,OKC,2991280,12
401071461,OKC,3032979,23
401071461,OKC,4080610,10
401071461,OKC,2595435,0
401071461,OKC,2753,0
401071461,OKC,2995702,0
401071461,BOS,6462,33
401071461,BOS,4065648,31
401071461,BOS,3213,31
401071461,BOS,6442,37
401071461,BOS,2990992,28
401071461,BOS,4249,24
401071461,BOS,2451037,17
401071461,BOS,3074752,17
401071461,BOS,3917376,23
401071461,BOS,3056602,0
401071461,BOS,4017844,0
401071461,BOS,6507,0
401071462,LAC,6440,31
401071462,LAC,2991055,30
401071462,LAC,3964,30
401071462,LAC,4240,22
401071462,LAC,4278073,26
401071462,LAC,6622,22
401071462,LAC,3059306,6
401071462,LAC,4376,17
401071462,LAC,2799,21
401071462,LAC,3064539,8
401071462,LAC,3943606,17
401071462,LAC,3002137,11
401071462,LAC,2758,0
401071462,TOR,3439,22
401071462,TOR,3988,20
401071462,TOR,6450,26
401071462,TOR,3149673,22
401071462,TOR,2991230,26
401071462,TOR,3934719,24
401071462,TOR,3948153,6
401071462,TOR,3137730,12
401071462,TOR,4260,20
401071462,TOR,2778,22
401071462,TOR,2595516,16
401071462,TOR,2595592,4
401071462,TOR,3064447,20
401071463,DEN,2488653,33
401071463,DEN,3112335,26
401071463,DEN,3059310,34
401071463,DEN,3907822,31
401071463,DEN,6579,30
401071463,DEN,4017839,22
401071463,DEN,3136196,29
401071463,DEN,3934662,9
401071463,DEN,2528693,21
401071463,DEN,3057198,6
401071463,DEN,3015,0
401071463,DET,3989,23
401071463,DET,2528779,26
401071463,DET,6585,26
401071463,DET,6443,22
401071463,DET,4065670,13
401071463,DET,6452,3
401071463,DET,3134881,25
401071463,DET,2016,19
401071463,DET,4305,20
401071463,DET,2530572,25
401071463,DET,3912334,8
401071463,DET,2806,6
401071463,DET,3913174,24
401071464,ATL,2990962,26
401071464,ATL,3908845,17
401071464,ATL,2580913,20
401071464,ATL,4066372,32
401071464,ATL,4277905,27
401071464,ATL,4065836,30
401071464,ATL,6637,16
401071464,ATL,2596107,14
401071464,ATL,3062667,21
401071464,ATL,136,16
401071464,ATL,4299,21
401071464,ATL,2982340,0
401071464,ATL,3147351,0
401071464,WSH,2426,43
401071464,WSH,2594922,38
401071464,WSH,3934723,12
401071464,WSH,6621,29
401071464,WSH,6580,36
401071464,WSH,3209,36
401071464,WSH,2991184,5
401071464,WSH,2774,8
401071464,WSH,2531797,26
401071464,WSH,2580898,7
401071464,WSH,6594,0
401071465,MIL,6609,25
401071465,MIL,3032977,32
401071465,MIL,3448,22
401071465,MIL,4238,27
401071465,MIL,2566769,26
401071465,MIL,2767,20
401071465,MIL,3058254,3
401071465,MIL,3136491,23
401071465,MIL,2528353,22
401071465,MIL,3057187,16
401071465,MIL,3438,17
401071465,MIL,2578239,9
401071465,MIL,4017843,0
401071465,BKN,2595231,23
401071465,BKN,4230548,27
401071465,BKN,4066328,24
401071465,BKN,2530780,28
401071465,BKN,3136776,29
401071465,BKN,3970,27
401071465,BKN,4348696,8
401071465,BKN,4412474,0
401071465,BKN,3064291,20
401071465,BKN,4259,7
401071465,BKN,2579326,6
401071465,BKN,3138154,26
401071465,BKN,4236300,15
401071465,BKN,2528794,0
401071466,IND,3244,35
401071466,IND,3593,33
401071466,IND,3133628,32
401071466,IND,3973,35
401071466,IND,6446,31
401071466,IND,4066425,6
401071466,IND,3155942,23
401071466,IND,3136485,14
401071466,IND,3983,19
401071466,IND,3922230,13
401071466,IND,6615,0
401071466,IND,3059262,0
401071466,NO,6610,37
401071466,NO,3135048,33
401071466,NO,3995,39
401071466,NO,3133626,35
401071466,NO,4065651,23
401071466,NO,3919335,22
401071466,NO,2488958,5
401071466,NO,2488945,18
401071466,NO,2489785,28
401071466,NO,4247,0
401071466,NO,6459,0
401071466,NO,6460,0
401071466,NO,2583639,0
401071467,HOU,3033,34
401071467,HOU,6433,34
401071467,HOU,2579321,34
401071467,HOU,2779,33
401071467,HOU,3992,38
401071467,HOU,1713,13
401071467,HOU,6617,29
401071467,HOU,2761,24
401071467,HOU,3907487,0
401071467,HOU,4222252,0
401071467,HOU,6448,0
401071467,PHX,4278129,34
401071467,PHX,4066297,37
401071467,PHX,3136193,33
401071467,PHX,3147657,38
401071467,PHX,4230550,18
401071467,PHX,2993370,14
401071467,PHX,165,30
401071467,PHX,3133603,36
401071467,PHX,3412,0
401071467,PHX,4011991,0
401071467,PHX,4355392,0
401071467,PHX,2489530,0
401071467,PHX,3912854,0
401071468,SA,3005,26
401071468,SA,6426,34
401071468,SA,2983,33
401071468,SA,2994526,32
401071468,SA,3978,33
401071468,SA,996,6
401071468,SA,3914283,1
401071468,SA,3974,7
401071468,SA,4253,1
401071468,SA,3134908,16
401071468,SA,4004,25
401071468,SA,3190,24
401071468,SA,4277890,2
401071468,SAC,4269,21
401071468,SAC,2991282,28
401071468,SAC,6468,35
401071468,SAC,2990984,35
401071468,SAC,4066259,31
401071468,SAC,4065649,15
401071468,SAC,3138156,8
401071468,SAC,4277848,31
401071468,SAC,2991018,17
401071468,SAC,3037789,21
401071468,SAC,3444,0
401071468,SAC,3936296,0
401071468,SAC,3059315,0
401071469,LAC,6440,36
401071469,LAC,2758,13
401071469,LAC,3964,30
401071469,LAC,4240,40
401071469,LAC,4278073,18
401071469,LAC,6622,24
401071469,LAC,4376,0
401071469,LAC,2991055,28
401071469,LAC,2799,32
401071469,LAC,3064539,14
401071469,LAC,3943606,6
401071469,LAC,3059306,0
401071469,LAC,3002137,0
401071469,CHA,2797,35
401071469,CHA,3416,40
401071469,CHA,6427,14
401071469,CHA,6479,39
401071469,CHA,6603,27
401071469,CHA,6601,19
401071469,CHA,4066383,19
401071469,CHA,2579258,23
401071469,CHA,1015,9
401071469,CHA,4066262,14
401071469,CHA,2579294,0
401071469,CHA,2999409,0
401071469,CHA,3133601,0
401071470,BOS,4065648,34
401071470,BOS,3213,30
401071470,BOS,2990992,32
401071470,BOS,3074752,32
401071470,BOS,3917376,29
401071470,BOS,3056602,17
401071470,BOS,4249,31
401071470,BOS,2451037,18
401071470,BOS,6507,18
401071470,BOS,6462,0
401071470,BOS,4017844,0
401071470,BOS,3923250,0
401071470,CLE,3908807,25
401071470,CLE,3062744,23
401071470,CLE,4017838,23
401071470,CLE,6429,37
401071470,CLE,4277811,42
401071470,CLE,2580365,29
401071470,CLE,2982240,18
401071470,CLE,2489716,17
401071470,CLE,2528426,27
401071470,CLE,2754,0
401071470,CLE,3136696,0
401071471,LAL,1966,30
401071471,LAL,3134907,25
401071471,LAL,3913176,29
401071471,LAL,4017837,19
401071471,LAL,3026,28
401071471,LAL,3418,12
401071471,LAL,984,5
401071471,LAL,3452,15
401071471,LAL,3150844,12
401071471,LAL,4244,28
401071471,LAL,2581018,23
401071471,LAL,3133602,12
401071471,LAL,3062679,0
401071471,IND,3244,24
401071471,IND,3593,33
401071471,IND,3133628,22
401071471,IND,3973,25
401071471,IND,3983,26
401071471,IND,4066425,14
401071471,IND,3155942,22
401071471,IND,6615,7
401071471,IND,6446,21
401071471,IND,3136485,17
401071471,IND,3059262,6
401071471,IND,3922230,23
401071472,DET,3989,38
401071472,DET,2528779,36
401071472,DET,6585,36
401071472,DET,6443,33
401071472,DET,4065670,17
401071472,DET,3134881,26
401071472,DET,2016,12
401071472,DET,2530572,11
401071472,DET,3912334,4
401071472,DET,2806,15
401071472,DET,3913174,12
401071472,DET,6452,0
401071472,DET,2991039,0
401071472,NY,3078284,21
401071472,NY,4278075,34
401071472,NY,3442,24
401071472,NY,4065697,40
401071472,NY,4032,25
401071472,NY,6485,27
401071472,NY,4351852,24
401071472,NY,2991149,20
401071472,NY,3134880,11
401071472,NY,3907525,14
401071472,NY,2995706,0
401071472,NY,6447,0
401071472,NY,3064560,0
401071473,TOR,3439,27
401071473,TOR,3988,21
401071473,TOR,6450,35
401071473,TOR,3149673,30
401071473,TOR,3012,35
401071473,TOR,3934719,14
401071473,TOR,4260,18
401071473,TOR,2778,0
401071473,TOR,2595516,16
401071473,TOR,2991230,25
401071473,TOR,3064447,18
401071473,TOR,3137730,0
401071473,TOR,2595592,0
401071473,PHI,6430,39
401071473,PHI,2490089,32
401071473,PHI,3059318,42
401071473,PHI,3907387,44
401071473,PHI,3914044,34
401071473,PHI,3155533,7
401071473,PHI,3929325,20
401071473,PHI,2530530,22
401071473,PHI,2769,0
401071473,PHI,4291678,0
401071473,PHI,3024,0
401071474,MIN,3986,13
401071474,MIN,3059319,35
401071474,MIN,3136195,35
401071474,MIN,3417,37
401071474,MIN,4065663,26
401071474,MIN,3276,13
401071474,MIN,2429,22
401071474,MIN,3032978,33
401071474,MIN,2534781,12
401071474,MIN,2490589,14
401071474,MIN,3136779,0
401071474,MIN,4015,0
401071474,MIN,3135046,0
401071474,MEM,3917378,33
401071474,MEM,2284101,39
401071474,MEM,2579492,31
401071474,MEM,4277961,38
401071474,MEM,3195,34
401071474,MEM,3113297,22
401071474,MEM,3133838,19
401071474,MEM,6454,18
401071474,MEM,3133635,6
401071474,MEM,2327577,0
401071474,MEM,2993874,0
401071474,MEM,3206,0
401071474,MEM,3224,0
401071475,ORL,3064290,36
401071475,ORL,4065654,29
401071475,ORL,6478,34
401071475,ORL,6588,35
401071475,ORL,3415,32
401071475,ORL,3074797,18
401071475,ORL,2578240,14
401071475,ORL,6619,26
401071475,ORL,3936294,16
401071475,ORL,2982249,0
401071475,ORL,3064517,0
401071475,ORL,2531047,0
401071475,ORL,3913546,0
401071475,OKC,4251,36
401071475,OKC,2991070,35
401071475,OKC,4230546,30
401071475,OKC,2991235,36
401071475,OKC,3468,36
401071475,OKC,4264,13
401071475,OKC,2595435,16
401071475,OKC,3059358,3
401071475,OKC,2991280,12
401071475,OKC,3032979,23
401071475,OKC,2753,0
401071475,OKC,2995702,0
401071475,OKC,4080610,0
401071476,MIA,3135047,35
401071476,MIA,2489663,20
401071476,MIA,4262,30
401071476,MIA,2581190,34
401071476,MIA,2530276,29
401071476,MIA,3999,27
401071476,MIA,4066261,18
401071476,MIA,1987,29
401071476,MIA,6628,19
401071476,MIA,2184,0
401071476,MIA,3981,0
401071476,MIA,2488826,0
401071476,POR,4248,17
401071476,POR,6591,19
401071476,POR,3102530,23
401071476,POR,6606,35
401071476,POR,2490149,40
401071476,POR,2982268,33
401071476,POR,4066650,8
401071476,POR,6605,24
401071476,POR,4239,26
401071476,POR,2326307,16
401071476,POR,3906671,0
401071476,POR,4277843,0
401071476,POR,4351851,0
401071477,DEN,2488653,28
401071477,DEN,3112335,34
401071477,DEN,3907822,32
401071477,DEN,6579,19
401071477,DEN,3936299,32
401071477,DEN,4017839,14
401071477,DEN,3136196,22
401071477,DEN,4278077,8
401071477,DEN,2528693,23
401071477,DEN,3059310,28
401071477,DEN,3934662,0
401071477,DEN,3057198,0
401071477,BKN,2595231,23
401071477,BKN,2528794,32
401071477,BKN,4230548,17
401071477,BKN,4066328,24
401071477,BKN,3136776,35
401071477,BKN,3970,28
401071477,BKN,3064291,20
401071477,BKN,4259,21
401071477,BKN,2530780,27
401071477,BKN,2531210,13
401071477,BKN,3138154,0
401071477,BKN,4236300,0
401071478,NO,6610,30
401071478,NO,3135048,25
401071478,NO,3995,33
401071478,NO,3133626,36
401071478,NO,4065651,18
401071478,NO,3064514,31
401071478,NO,3919335,23
401071478,NO,2488945,24
401071478,NO,2489785,21
401071478,NO,4247,0
401071478,NO,6459,0
401071478,NO,2488958,0
401071478,NO,6460,0
401071478,CHI,4066336,41
401071478,CHI,3447,29
401071478,CHI,2991139,38
401071478,CHI,3059316,20
401071478,CHI,3064440,33
401071478,CHI,3113587,19
401071478,CHI,3893019,19
401071478,CHI,2991047,15
401071478,CHI,2991274,26
401071478,CHI,3056600,0
401071478,CHI,3064482,0
401071478,CHI,3907385,0
401071478,CHI,3907386,0
401071479,WSH,3209,37
401071479,WSH,2426,32
401071479,WSH,3934723,32
401071479,WSH,6621,38
401071479,WSH,6580,39
401071479,WSH,2991184,21
401071479,WSH,6594,7
401071479,WSH,2531797,19
401071479,WSH,2580898,15
401071479,WSH,2594922,0
401071479,WSH,2774,0
401071479,MIL,6609,27
401071479,MIL,3032977,31
401071479,MIL,3448,22
401071479,MIL,4238,27
401071479,MIL,2566769,27
401071479,MIL,2767,18
401071479,MIL,3058254,3
401071479,MIL,3136491,22
401071479,MIL,2528353,17
401071479,MIL,3057187,18
401071479,MIL,3438,25
401071479,MIL,2578239,3
401071480,CHA,2797,26
401071480,CHA,3416,35
401071480,CHA,6427,23
401071480,CHA,6479,37
401071480,CHA,6603,29
401071480,CHA,6601,13
401071480,CHA,4066383,21
401071480,CHA,2579258,25
401071480,CHA,3133601,11
401071480,CHA,4066262,20
401071480,CHA,2579294,0
401071480,CHA,2999409,0
401071480,CHA,3907821,0
401071480,DAL,6578,26
401071480,DAL,2578185,33
401071480,DAL,2960236,29
401071480,DAL,3934672,30
401071480,DAL,3945274,35
401071480,DAL,609,15
401071480,DAL,2531367,27
401071480,DAL,2579260,4
401071480,DAL,2382,15
401071480,DAL,2528210,26
401071480,DAL,2968458,0
401071480,DAL,3445,0
401071480,DAL,2489693,0
401071481,PHX,4011991,14
401071481,PHX,4278129,30
401071481,PHX,4066297,38
401071481,PHX,3147657,40
401071481,PHX,4230550,33
401071481,PHX,2993370,18
401071481,PHX,165,10
401071481,PHX,2489530,14
401071481,PHX,3133603,32
401071481,PHX,3912854,11
401071481,PHX,3136193,0
401071481,UTAH,4257,23
401071481,UTAH,2968436,34
401071481,UTAH,3032976,33
401071481,UTAH,4011,32
401071481,UTAH,3908809,32
401071481,UTAH,6581,20
401071481,UTAH,4261,3
401071481,UTAH,2583632,27
401071481,UTAH,2982349,2
401071481,UTAH,2990969,6
401071481,UTAH,2968361,12
401071481,UTAH,2011,15
401071481,UTAH,3135045,3
401071482,HOU,3033,34
401071482,HOU,6433,30
401071482,HOU,2779,30
401071482,HOU,3431,22
401071482,HOU,3992,32
401071482,HOU,2579321,28
401071482,HOU,4222252,7
401071482,HOU,6617,29
401071482,HOU,2761,29
401071482,HOU,1713,0
401071482,SAC,4269,25
401071482,SAC,2991282,22
401071482,SAC,2990984,33
401071482,SAC,3037789,32
401071482,SAC,4066259,29
401071482,SAC,4065649,17
401071482,SAC,4277848,27
401071482,SAC,3444,7
401071482,SAC,3936296,12
401071482,SAC,2991018,25
401071482,SAC,3059315,12
401071483,SA,3005,20
401071483,SA,6426,23
401071483,SA,3134908,20
401071483,SA,4004,17
401071483,SA,3190,25
401071483,SA,996,5
401071483,SA,3914283,13
401071483,SA,3974,31
401071483,SA,4253,20
401071483,SA,3914285,21
401071483,SA,2994526,19
401071483,SA,4277890,26
401071483,GS,3202,29
401071483,GS,6589,24
401071483,GS,4258,17
401071483,GS,3975,29
401071483,GS,6475,29
401071483,GS,2386,19
401071483,GS,3998,14
401071483,GS,2530923,15
401071483,GS,3064427,12
401071483,GS,3155535,18
401071483,GS,3934670,9
401071483,GS,2566745,14
401071483,GS,2393,13
401071484,LAC,3428,20
401071484,LAC,2991055,29
401071484,LAC,3964,24
401071484,LAC,3064539,29
401071484,LAC,4278073,26
401071484,LAC,3059306,29
401071484,LAC,3136479,14
401071484,LAC,2799,17
401071484,LAC,3943606,28
401071484,LAC,3002137,24
401071484,LAC,3914044,0
401071484,IND,3244,24
401071484,IND,3593,32
401071484,IND,3133628,27
401071484,IND,3973,26
401071484,IND,3983,16
401071484,IND,4066425,11
401071484,IND,3155942,22
401071484,IND,6615,12
401071484,IND,6446,32
401071484,IND,3136485,16
401071484,IND,3922230,21
401071485,MIN,3986,21
401071485,MIN,3059319,36
401071485,MIN,3136195,36
401071485,MIN,3417,27
401071485,MIN,4065663,29
401071485,MIN,3276,18
401071485,MIN,2429,15
401071485,MIN,3032978,21
401071485,MIN,3136779,2
401071485,MIN,2534781,12
401071485,MIN,2325499,2
401071485,MIN,2490589,21
401071485,MIN,4015,0
401071485,ORL,3064290,32
401071485,ORL,4065654,29
401071485,ORL,6478,31
401071485,ORL,6588,34
401071485,ORL,3415,28
401071485,ORL,3074797,18
401071485,ORL,2578240,17
401071485,ORL,6619,31
401071485,ORL,3936294,20
401071485,ORL,2982249,0
401071485,ORL,3064517,0
401071485,ORL,2531047,0
401071485,ORL,3913546,0
401071486,TOR,3439,26
401071486,TOR,3988,27
401071486,TOR,3149673,40
401071486,TOR,3012,36
401071486,TOR,2991230,37
401071486,TOR,3934719,26
401071486,TOR,3137730,19
401071486,TOR,2595516,21
401071486,TOR,2595592,7
401071486,TOR,6450,0
401071486,TOR,4412680,0
401071486,ATL,2990962,37
401071486,ATL,3908845,32
401071486,ATL,2580913,24
401071486,ATL,4066372,28
401071486,ATL,4277905,29
401071486,ATL,2982340,2
401071486,ATL,4065836,15
401071486,ATL,6637,15
401071486,ATL,2596107,6
401071486,ATL,3062667,15
401071486,ATL,136,17
401071486,ATL,4299,17
401071486,ATL,3133874,2
401071487,LAL,1966,38
401071487,LAL,3134907,34
401071487,LAL,3913176,40
401071487,LAL,3452,30
401071487,LAL,3026,35
401071487,LAL,984,15
401071487,LAL,4244,17
401071487,LAL,2581018,23
401071487,LAL,3062679,8
401071487,LAL,2528779,0
401071487,LAL,3150844,0
401071487,BOS,6462,24
401071487,BOS,4065648,36
401071487,BOS,3213,25
401071487,BOS,6442,36
401071487,BOS,2990992,24
401071487,BOS,4249,26
401071487,BOS,2451037,23
401071487,BOS,3074752,19
401071487,BOS,3917376,25
401071487,BOS,3056602,0
401071487,BOS,4017844,0
401071487,BOS,4066211,0
401071487,BOS,6507,0
401071488,MEM,3917378,31
401071488,MEM,2284101,32
401071488,MEM,2579492,37
401071488,MEM,4277961,34
401071488,MEM,3195,28
401071488,MEM,3113297,30
401071488,MEM,3133838,27
401071488,MEM,3133635,22
401071488,MEM,2993874,0
401071488,MEM,3155526,0
401071488,MEM,3224,0
401071488,OKC,4251,32
401071488,OKC,2991070,30
401071488,OKC,4230546,28
401071488,OKC,2991235,19
401071488,OKC,3468,33
401071488,OKC,4264,21
401071488,OKC,2595435,20
401071488,OKC,3059358,2
401071488,OKC,3129674,2
401071488,OKC,2991280,20
401071488,OKC,3032979,31
401071488,OKC,4080610,2
401071488,OKC,2753,0
401071489,SA,3005,32
401071489,SA,6426,24
401071489,SA,2983,35
401071489,SA,2994526,23
401071489,SA,3978,35
401071489,SA,3914283,2
401071489,SA,3974,17
401071489,SA,4253,2
401071489,SA,3914285,2
401071489,SA,3134908,13
401071489,SA,4004,29
401071489,SA,3190,25
401071489,SA,996,0
401071489,POR,4248,22
401071489,POR,6591,15
401071489,POR,3102530,33
401071489,POR,6606,36
401071489,POR,2490149,34
401071489,POR,2982268,31
401071489,POR,4066650,7
401071489,POR,6605,10
401071489,POR,2581177,25
401071489,POR,4239,18
401071489,POR,2326307,7
401071489,POR,4277843,1
401071489,POR,4351851,1
401071490,NY,3078284,3
401071490,NY,4278075,35
401071490,NY,3442,29
401071490,NY,4065697,35
401071490,NY,2991149,24
401071490,NY,6485,13
401071490,NY,2995706,33
401071490,NY,3074765,4
401071490,NY,3064560,4
401071490,NY,4351852,15
401071490,NY,3134880,15
401071490,NY,3907525,30
401071490,DET,3989,29
401071490,DET,6585,33
401071490,DET,6443,27
401071490,DET,2530572,20
401071490,DET,4065670,19
401071490,DET,2991039,14
401071490,DET,4017843,8
401071490,DET,2016,12
401071490,DET,4305,18
401071490,DET,3912334,20
401071490,DET,2806,3
401071490,DET,3133602,9
401071490,DET,3913174,29
401071491,DEN,2488653,36
401071491,DEN,3112335,35
401071491,DEN,3907822,35
401071491,DEN,6579,38
401071491,DEN,3936299,36
401071491,DEN,4017839,13
401071491,DEN,3136196,24
401071491,DEN,2528693,10
401071491,DEN,3059310,13
401071491,DEN,3934662,0
401071491,DEN,4278077,0
401071491,DEN,3155536,0
401071491,DEN,3057198,0
401071491,PHI,6430,36
401071491,PHI,6440,32
401071491,PHI,3059318,33
401071491,PHI,3024,33
401071491,PHI,3907387,34
401071491,PHI,6622,16
401071491,PHI,2579321,15
401071491,PHI,4376,15
401071491,PHI,3929325,12
401071491,PHI,2530530,14
401071491,PHI,3155533,0
401071491,PHI,2769,0
401071492,CLE,3449,6
401071492,CLE,2580365,33
401071492,CLE,3908807,36
401071492,CLE,3062744,29
401071492,CLE,4277811,38
401071492,CLE,2754,3
401071492,CLE,3907487,23
401071492,CLE,4017838,16
401071492,CLE,2489716,24
401071492,CLE,2528426,32
401071492,CLE,6448,0
401071492,WSH,3209,26
401071492,WSH,2426,36
401071492,WSH,3934723,19
401071492,WSH,6621,36
401071492,WSH,6580,37
401071492,WSH,3056600,23
401071492,WSH,4247,15
401071492,WSH,3064482,27
401071492,WSH,6594,1
401071492,WSH,2531797,1
401071492,WSH,2580898,17
401071492,WSH,2991184,0
401071492,WSH,2774,0
401071493,CHI,4066336,38
401071493,CHI,2594922,34
401071493,CHI,3447,18
401071493,CHI,2991139,30
401071493,CHI,3064440,37
401071493,CHI,3113587,15
401071493,CHI,3893019,14
401071493,CHI,2991047,18
401071493,CHI,2991274,10
401071493,CHI,3059316,25
401071493,CHI,3907385,1
401071493,CHI,3907386,1
401071493,BKN,2595231,24
401071493,BKN,2528794,31
401071493,BKN,4230548,19
401071493,BKN,4066328,29
401071493,BKN,3136776,32
401071493,BKN,3970,26
401071493,BKN,3064291,17
401071493,BKN,4259,13
401071493,BKN,2530780,12
401071493,BKN,2531210,21
401071493,BKN,2991043,15
401071494,MIL,3032977,31
401071494,MIL,2528353,20
401071494,MIL,3448,27
401071494,MIL,4238,27
401071494,MIL,2566769,26
401071494,MIL,2767,19
401071494,MIL,3136491,21
401071494,MIL,3057187,28
401071494,MIL,3438,22
401071494,MIL,2578239,18
401071494,MIL,4277842,1
401071494,MIL,3058254,0
401071494,DAL,2578185,26
401071494,DAL,2960236,25
401071494,DAL,2528210,27
401071494,DAL,3934672,24
401071494,DAL,3945274,27
401071494,DAL,609,18
401071494,DAL,2531367,20
401071494,DAL,3138156,4
401071494,DAL,2579260,27
401071494,DAL,4066243,3
401071494,DAL,2382,17
401071494,DAL,3445,4
401071494,DAL,2489693,19
401071495,GS,3202,34
401071495,GS,6589,26
401071495,GS,4258,27
401071495,GS,3975,36
401071495,GS,6475,36
401071495,GS,2386,21
401071495,GS,3998,18
401071495,GS,2530923,1
401071495,GS,3155535,17
401071495,GS,2566745,9
401071495,GS,2393,16
401071495,GS,3064427,0
401071495,GS,3934670,0
401071495,PHX,4011991,18
401071495,PHX,4278129,33
401071495,PHX,4066297,33
401071495,PHX,3147657,37
401071495,PHX,4230550,21
401071495,PHX,2993370,15
401071495,PHX,165,21
401071495,PHX,2530276,28
401071495,PHX,3133603,34
401071495,PHX,2489530,0
401071495,PHX,3136193,0
401071495,PHX,3912854,0
401071496,MIN,3986,23
401071496,MIN,3059319,35
401071496,MIN,3136195,33
401071496,MIN,2490589,31
401071496,MIN,4065663,30
401071496,MIN,3276,3
401071496,MIN,2429,31
401071496,MIN,3032978,25
401071496,MIN,2534781,11
401071496,MIN,4015,17
401071496,MIN,3136779,0
401071496,MIN,3417,0
401071496,MIN,2325499,0
401071496,NO,6583,25
401071496,NO,6610,30
401071496,NO,3995,36
401071496,NO,3133626,37
401071496,NO,4065651,21
401071496,NO,3064514,24
401071496,NO,3919335,9
401071496,NO,3134881,20
401071496,NO,2488945,32
401071496,NO,2489785,7
401071496,NO,3232,0
401071496,NO,2488958,0
401071496,NO,6460,0
401071497,MIA,3135047,31
401071497,MIA,2489663,18
401071497,MIA,4262,28
401071497,MIA,2581190,37
401071497,MIA,6628,32
401071497,MIA,2184,0
401071497,MIA,3999,21
401071497,MIA,3157465,5
401071497,MIA,4066261,20
401071497,MIA,1987,26
401071497,MIA,2488826,21
401071497,MIA,3412,0
401071497,SAC,4269,11
401071497,SAC,6578,37
401071497,SAC,2991282,24
401071497,SAC,2990984,34
401071497,SAC,4066259,30
401071497,SAC,4065649,17
401071497,SAC,4277848,20
401071497,SAC,2991018,18
401071497,SAC,6429,15
401071497,SAC,3037789,34
401071497,SAC,3191,0
401071497,SAC,3444,0
401071497,SAC,3059315,0
401071498,SA,6426,33
401071498,SA,2983,32
401071498,SA,3134908,24
401071498,SA,2994526,31
401071498,SA,3978,35
401071498,SA,996,7
401071498,SA,3914283,3
401071498,SA,3974,17
401071498,SA,4253,3
401071498,SA,3914285,3
401071498,SA,4004,24
401071498,SA,3190,28
401071498,SA,3005,0
401071498,UTAH,4257,19
401071498,UTAH,2968436,27
401071498,UTAH,3032976,31
401071498,UTAH,4011,27
401071498,UTAH,3908809,39
401071498,UTAH,6581,25
401071498,UTAH,3028,3
401071498,UTAH,4261,3
401071498,UTAH,2583632,25
401071498,UTAH,2990969,3
401071498,UTAH,2968361,14
401071498,UTAH,2011,22
401071498,UTAH,3135045,3
401071499,CLE,2580365,39
401071499,CLE,3908807,25
401071499,CLE,3062744,23
401071499,CLE,3907487,24
401071499,CLE,4277811,30
401071499,CLE,2754,2
401071499,CLE,2982240,15
401071499,CLE,4017838,17
401071499,CLE,6448,12
401071499,CLE,2489716,23
401071499,CLE,2528426,31
401071499,IND,3244,34
401071499,IND,3593,34
401071499,IND,3133628,22
401071499,IND,3973,34
401071499,IND,3983,17
401071499,IND,4066425,8
401071499,IND,3155942,30
401071499,IND,6615,2
401071499,IND,6446,31
401071499,IND,3136485,14
401071499,IND,3922230,14
401071500,CHA,2797,35
401071500,CHA,3416,35
401071500,CHA,2579258,26
401071500,CHA,6479,37
401071500,CHA,6603,36
401071500,CHA,6601,29
401071500,CHA,4066383,16
401071500,CHA,6427,4
401071500,CHA,3133601,11
401071500,CHA,4066262,10
401071500,CHA,2579294,0
401071500,CHA,2999409,0
401071500,CHA,3907821,0
401071500,ATL,2990962,27
401071500,ATL,3908845,35
401071500,ATL,2580913,28
401071500,ATL,4066372,34
401071500,ATL,4277905,28
401071500,ATL,2982340,0
401071500,ATL,4065836,12
401071500,ATL,6637,20
401071500,ATL,2596107,11
401071500,ATL,3062667,15
401071500,ATL,136,10
401071500,ATL,4299,20
401071501,TOR,3439,29
401071501,TOR,3988,30
401071501,TOR,6450,32
401071501,TOR,3149673,33
401071501,TOR,3012,34
401071501,TOR,3934719,16
401071501,TOR,3137730,13
401071501,TOR,3206,19
401071501,TOR,2595516,16
401071501,TOR,2991230,20
401071501,TOR,3948153,0
401071501,TOR,2595592,0
401071501,NY,2995706,25
401071501,NY,4278075,40
401071501,NY,3442,26
401071501,NY,4065697,30
401071501,NY,2991149,19
401071501,NY,3078284,25
401071501,NY,4351852,22
401071501,NY,3134880,28
401071501,NY,3907525,24
401071501,NY,6485,0
401071501,NY,3074765,0
401071501,NY,3064560,0
401071502,LAC,3428,29
401071502,LAC,4017837,23
401071502,LAC,3964,31
401071502,LAC,4023,20
401071502,LAC,4278073,26
401071502,LAC,2327577,15
401071502,LAC,2991055,29
401071502,LAC,2799,28
401071502,LAC,3064539,1
401071502,LAC,3943606,8
401071502,LAC,3002137,4
401071502,LAC,3914044,27
401071502,LAC,3059306,0
401071502,BOS,6462,31
401071502,BOS,4065648,29
401071502,BOS,3213,32
401071502,BOS,6442,14
401071502,BOS,2990992,27
401071502,BOS,4249,27
401071502,BOS,2451037,16
401071502,BOS,4066211,2
401071502,BOS,6507,6
401071502,BOS,3074752,31
401071502,BOS,3917376,24
401071502,BOS,3056602,0
401071502,BOS,4017844,0
401071503,WSH,3209,9
401071503,WSH,2426,30
401071503,WSH,3934723,17
401071503,WSH,6621,29
401071503,WSH,6580,34
401071503,WSH,3056600,35
401071503,WSH,4247,20
401071503,WSH,3064482,29
401071503,WSH,6594,2
401071503,WSH,2531797,9
401071503,WSH,2580898,25
401071503,WSH,2991184,0
401071503,WSH,2774,0
401071503,CHI,4066336,32
401071503,CHI,2594922,34
401071503,CHI,3447,19
401071503,CHI,2991139,33
401071503,CHI,3064440,36
401071503,CHI,3113587,12
401071503,CHI,3893019,17
401071503,CHI,2991047,18
401071503,CHI,2991274,14
401071503,CHI,3059316,25
401071503,CHI,3907385,2
401071504,NO,6583,34
401071504,NO,6610,20
401071504,NO,3995,30
401071504,NO,3133626,37
401071504,NO,4065651,26
401071504,NO,3064514,31
401071504,NO,3919335,13
401071504,NO,3134881,8
401071504,NO,2488945,21
401071504,NO,6460,16
401071504,NO,2489785,5
401071504,NO,3232,0
401071504,NO,2488958,0
401071504,MEM,3917378,28
401071504,MEM,2284101,31
401071504,MEM,4277961,27
401071504,MEM,4240,25
401071504,MEM,3195,32
401071504,MEM,3113297,7
401071504,MEM,3224,30
401071504,MEM,2778,21
401071504,MEM,3064447,23
401071504,MEM,3133635,16
401071504,MEM,2579492,0
401071504,MEM,3133838,0
401071504,MEM,3915560,0
401071505,OKC,4251,41
401071505,OKC,2991070,35
401071505,OKC,4230546,35
401071505,OKC,2991235,38
401071505,OKC,3468,38
401071505,OKC,4264,7
401071505,OKC,2595435,4
401071505,OKC,3059358,10
401071505,OKC,2991280,10
401071505,OKC,3032979,22
401071505,OKC,2753,0
401071505,OKC,4080610,0
401071505,HOU,3033,36
401071505,HOU,6433,31
401071505,HOU,2779,35
401071505,HOU,3431,32
401071505,HOU,3992,37
401071505,HOU,1713,17
401071505,HOU,6617,16
401071505,HOU,2761,12
401071505,HOU,6468,24
401071505,HOU,3136989,0
401071505,HOU,3102529,0
401071506,ORL,3064290,29
401071506,ORL,4065654,31
401071506,ORL,6478,26
401071506,ORL,6588,32
401071506,ORL,3415,20
401071506,ORL,2982249,3
401071506,ORL,3064517,3
401071506,ORL,3074797,21
401071506,ORL,2578240,19
401071506,ORL,6619,25
401071506,ORL,2531047,3
401071506,ORL,3913546,3
401071506,ORL,3936294,25
401071506,MIL,6609,32
401071506,MIL,2528353,20
401071506,MIL,3448,26
401071506,MIL,4238,29
401071506,MIL,2566769,24
401071506,MIL,2767,25
401071506,MIL,3058254,4
401071506,MIL,3136491,29
401071506,MIL,3057187,14
401071506,MIL,3438,14
401071506,MIL,2578239,17
401071506,MIL,4277842,4
401071506,MIL,6459,0
401071507,POR,4248,22
401071507,POR,6591,24
401071507,POR,3102530,21
401071507,POR,6606,36
401071507,POR,2490149,34
401071507,POR,2982268,26
401071507,POR,4066650,18
401071507,POR,6605,8
401071507,POR,2581177,24
401071507,POR,4239,15
401071507,POR,2326307,11
401071507,POR,3936296,0
401071507,POR,4351851,0
401071507,DAL,2578185,35
401071507,DAL,2960236,26
401071507,DAL,2528210,32
401071507,DAL,3934672,24
401071507,DAL,3945274,38
401071507,DAL,609,13
401071507,DAL,2531367,27
401071507,DAL,3138156,4
401071507,DAL,2579260,17
401071507,DAL,2382,7
401071507,DAL,3445,9
401071507,DAL,2489693,9
401071507,DAL,4066243,0
401071508,LAL,1966,33
401071508,LAL,3134907,32
401071508,LAL,3913176,34
401071508,LAL,2528779,31
401071508,LAL,3452,26
401071508,LAL,984,13
401071508,LAL,2490089,13
401071508,LAL,3150844,3
401071508,LAL,3026,16
401071508,LAL,4244,12
401071508,LAL,2581018,27
401071508,LAL,3062679,0
401071508,PHI,6430,31
401071508,PHI,6440,29
401071508,PHI,3059318,32
401071508,PHI,3024,28
401071508,PHI,3907387,29
401071508,PHI,6622,21
401071508,PHI,2579321,17
401071508,PHI,4376,13
401071508,PHI,3929325,17
401071508,PHI,2530530,19
401071508,PHI,2579466,3
401071508,PHI,3155533,0
401071508,PHI,2769,0
401071509,PHX,4278129,32
401071509,PHX,4066297,33
401071509,PHX,2530276,32
401071509,PHX,3136193,35
401071509,PHX,3147657,35
401071509,PHX,2993370,16
401071509,PHX,4011991,15
401071509,PHX,165,4
401071509,PHX,3133603,20
401071509,PHX,4230550,18
401071509,PHX,2489530,0
401071509,PHX,3912854,0
401071509,SAC,4269,22
401071509,SAC,6578,30
401071509,SAC,2991282,27
401071509,SAC,2990984,26
401071509,SAC,4066259,32
401071509,SAC,4065649,9
401071509,SAC,4277848,32
401071509,SAC,2991018,15
401071509,SAC,6429,21
401071509,SAC,3037789,27
401071509,SAC,3191,0
401071509,SAC,3444,0
401071509,SAC,3059315,0
401071510,ORL,3064290,26
401071510,ORL,4065654,28
401071510,ORL,6478,29
401071510,ORL,6588,34
401071510,ORL,3415,25
401071510,ORL,2982249,3
401071510,ORL,3064517,8
401071510,ORL,3074797,18
401071510,ORL,2578240,16
401071510,ORL,6619,24
401071510,ORL,2531047,3
401071510,ORL,3913546,3
401071510,ORL,3936294,23
401071510,ATL,2990962,24
401071510,ATL,3908845,25
401071510,ATL,2580913,24
401071510,ATL,4066372,28
401071510,ATL,4277905,26
401071510,ATL,2982340,9
401071510,ATL,4065836,26
401071510,ATL,6637,16
401071510,ATL,2596107,19
401071510,ATL,3062667,20
401071510,ATL,4299,22
401071510,ATL,136,0
401071511,MIA,3135047,29
401071511,MIA,2489663,22
401071511,MIA,4262,22
401071511,MIA,2581190,37
401071511,MIA,6628,41
401071511,MIA,3999,19
401071511,MIA,4066261,25
401071511,MIA,1987,29
401071511,MIA,2488826,16
401071511,MIA,2184,0
401071511,MIA,3412,0
401071511,MIA,3157465,0
401071511,GS,3202,37
401071511,GS,6589,35
401071511,GS,4258,27
401071511,GS,3975,36
401071511,GS,6475,38
401071511,GS,3998,13
401071511,GS,2530923,4
401071511,GS,3155535,21
401071511,GS,2566745,13
401071511,GS,2393,16
401071511,GS,3064427,0
401071511,GS,3934670,0
401071512,NY,2995706,16
401071512,NY,4278075,36
401071512,NY,3442,24
401071512,NY,4065697,31
401071512,NY,2991149,22
401071512,NY,3078284,17
401071512,NY,3064560,12
401071512,NY,4351852,24
401071512,NY,6594,9
401071512,NY,3134880,32
401071512,NY,3907525,17
401071512,NY,6485,0
401071512,NY,3074765,0
401071512,CLE,3449,16
401071512,CLE,2580365,34
401071512,CLE,3062744,33
401071512,CLE,6448,16
401071512,CLE,4277811,39
401071512,CLE,2754,1
401071512,CLE,3908807,4
401071512,CLE,3907487,22
401071512,CLE,2489716,27
401071512,CLE,2528426,28
401071512,CLE,2991042,20
401071512,CLE,3893016,0
401071513,WSH,3209,28
401071513,WSH,2426,40
401071513,WSH,3934723,17
401071513,WSH,6580,41
401071513,WSH,2580898,19
401071513,WSH,3056600,20
401071513,WSH,4247,25
401071513,WSH,3064482,32
401071513,WSH,2531797,19
401071513,WSH,2991184,0
401071513,WSH,2774,0
401071513,DET,3989,40
401071513,DET,6585,36
401071513,DET,6443,29
401071513,DET,2530572,21
401071513,DET,4065670,27
401071513,DET,4017843,14
401071513,DET,2016,7
401071513,DET,4305,19
401071513,DET,3981,19
401071513,DET,2806,0
401071513,DET,3913174,29
401071513,DET,3912334,0
401071513,DET,3133602,0
401071514,CHA,2797,31
401071514,CHA,3416,34
401071514,CHA,2579258,35
401071514,CHA,6479,39
401071514,CHA,6603,38
401071514,CHA,6601,15
401071514,CHA,2579294,4
401071514,CHA,4066383,11
401071514,CHA,6427,11
401071514,CHA,6454,12
401071514,CHA,4066262,10
401071514,CHA,2999409,0
401071514,CHA,3907821,0
401071514,IND,3244,34
401071514,IND,3593,31
401071514,IND,3133628,33
401071514,IND,3973,32
401071514,IND,4032,30
401071514,IND,4066425,5
401071514,IND,2528588,11
401071514,IND,3155942,21
401071514,IND,6615,2
401071514,IND,6446,21
401071514,IND,3983,20
401071514,IND,3136485,0
401071514,IND,3922230,0
401071515,BKN,2595231,20
401071515,BKN,2528794,30
401071515,BKN,4230548,16
401071515,BKN,4066328,29
401071515,BKN,3136776,34
401071515,BKN,3064291,22
401071515,BKN,4259,19
401071515,BKN,2530780,17
401071515,BKN,2531210,31
401071515,BKN,2991043,23
401071515,BKN,3970,0
401071515,TOR,3439,26
401071515,TOR,3988,33
401071515,TOR,6450,34
401071515,TOR,3149673,35
401071515,TOR,3012,34
401071515,TOR,3934719,18
401071515,TOR,3137730,20
401071515,TOR,3206,22
401071515,TOR,2595516,18
401071515,TOR,2580980,0
401071515,TOR,3948153,0
401071515,TOR,2595592,0
401071516,MIL,6609,33
401071516,MIL,3032977,35
401071516,MIL,3448,30
401071516,MIL,4238,30
401071516,MIL,2566769,31
401071516,MIL,2767,18
401071516,MIL,3058254,0
401071516,MIL,3136491,7
401071516,MIL,2528353,16
401071516,MIL,3057187,16
401071516,MIL,3438,17
401071516,MIL,2578239,7
401071516,MIL,4277842,0
401071516,CHI,4066336,38
401071516,CHI,2594922,37
401071516,CHI,3447,33
401071516,CHI,2991139,33
401071516,CHI,3064440,36
401071516,CHI,3893019,16
401071516,CHI,2991047,15
401071516,CHI,2991274,10
401071516,CHI,3059316,21
401071516,CHI,3113587,0
401071516,CHI,3907386,0
401071516,CHI,4066334,0
401071517,DAL,2578185,36
401071517,DAL,2960236,23
401071517,DAL,2528210,28
401071517,DAL,3934672,26
401071517,DAL,3945274,36
401071517,DAL,609,10
401071517,DAL,2531367,28
401071517,DAL,3138156,11
401071517,DAL,2579260,20
401071517,DAL,2382,14
401071517,DAL,3445,6
401071517,DAL,2489693,2
401071517,HOU,3033,37
401071517,HOU,6433,32
401071517,HOU,2779,29
401071517,HOU,3431,29
401071517,HOU,3992,36
401071517,HOU,3132042,1
401071517,HOU,4222252,13
401071517,HOU,6617,17
401071517,HOU,2761,22
401071517,HOU,6468,25
401071517,HOU,1713,0
401071518,LAC,3428,26
401071518,LAC,4017837,15
401071518,LAC,3964,32
401071518,LAC,4023,18
401071518,LAC,4278073,22
401071518,LAC,2327577,20
401071518,LAC,2991055,35
401071518,LAC,2799,34
401071518,LAC,3064539,0
401071518,LAC,3943606,5
401071518,LAC,3914044,33
401071518,LAC,3059306,0
401071518,LAC,3002137,0
401071518,MIN,2429,38
401071518,MIN,3032978,33
401071518,MIN,3136195,27
401071518,MIN,4015,35
401071518,MIN,4065663,27
401071518,MIN,3986,21
401071518,MIN,2534781,14
401071518,MIN,3456,25
401071518,MIN,3417,15
401071518,MIN,2490589,5
401071518,MIN,3276,0
401071518,MIN,3136779,0
401071518,MIN,3135046,0
401071519,POR,4248,33
401071519,POR,6591,20
401071519,POR,3102530,30
401071519,POR,6606,37
401071519,POR,2490149,37
401071519,POR,2982268,28
401071519,POR,4066650,10
401071519,POR,6605,8
401071519,POR,2581177,17
401071519,POR,4239,14
401071519,POR,2326307,6
401071519,POR,3936296,0
401071519,POR,4277843,0
401071519,OKC,4264,23
401071519,OKC,4251,43
401071519,OKC,4230546,29
401071519,OKC,2991235,35
401071519,OKC,3468,37
401071519,OKC,2595435,12
401071519,OKC,3059358,26
401071519,OKC,2991280,13
401071519,OKC,2753,21
401071519,OKC,4080610,1
401071519,OKC,3129674,0
401071519,OKC,3032979,0
401071520,MIA,3135047,36
401071520,MIA,2489663,28
401071520,MIA,4262,20
401071520,MIA,2581190,33
401071520,MIA,6628,30
401071520,MIA,3412,2
401071520,MIA,3999,27
401071520,MIA,3157465,2
401071520,MIA,4066261,19
401071520,MIA,1987,22
401071520,MIA,2488826,21
401071520,MIA,2184,0
401071520,DEN,2488653,31
401071520,DEN,3112335,36
401071520,DEN,3907822,28
401071520,DEN,6579,32
401071520,DEN,3936299,34
401071520,DEN,3015,20
401071520,DEN,4017839,2
401071520,DEN,3136196,7
401071520,DEN,4278077,2
401071520,DEN,2528693,21
401071520,DEN,3059310,28
401071521,LAL,1966,43
401071521,LAL,3134907,35
401071521,LAL,3913176,34
401071521,LAL,2528779,35
401071521,LAL,3452,13
401071521,LAL,3150844,5
401071521,LAL,3026,34
401071521,LAL,4244,15
401071521,LAL,2581018,25
401071521,LAL,984,0
401071521,LAL,2490089,0
401071521,LAL,3062679,0
401071521,ATL,2990962,29
401071521,ATL,3908845,34
401071521,ATL,2580913,24
401071521,ATL,4066372,25
401071521,ATL,4277905,38
401071521,ATL,4065836,14
401071521,ATL,6637,16
401071521,ATL,2596107,12
401071521,ATL,3062667,23
401071521,ATL,136,24
401071521,ATL,2982340,0
401071522,BOS,6462,34
401071522,BOS,4065648,35
401071522,BOS,3213,35
401071522,BOS,2990992,33
401071522,BOS,3074752,31
401071522,BOS,4249,28
401071522,BOS,2451037,13
401071522,BOS,6507,7
401071522,BOS,3917376,24
401071522,BOS,3056602,0
401071522,BOS,4017844,0
401071522,BOS,4066211,0
401071522,BOS,3923250,0
401071522,PHI,6430,36
401071522,PHI,6440,35
401071522,PHI,3059318,37
401071522,PHI,3024,35
401071522,PHI,3907387,35
401071522,PHI,6622,14
401071522,PHI,4376,11
401071522,PHI,3929325,11
401071522,PHI,2530530,13
401071522,PHI,2579466,15
401071522,PHI,3155533,0
401071522,PHI,2769,0
401071522,PHI,2579321,0
401071523,SA,3005,35
401071523,SA,6426,28
401071523,SA,2983,35
401071523,SA,2994526,29
401071523,SA,3978,41
401071523,SA,3974,4
401071523,SA,3134908,13
401071523,SA,4004,27
401071523,SA,3190,28
401071523,SA,996,0
401071523,SA,4253,0
401071523,SA,3914285,0
401071523,SA,4277890,0
401071523,MEM,3917378,11
401071523,MEM,2284101,35
401071523,MEM,4277961,24
401071523,MEM,4240,38
401071523,MEM,3064447,34
401071523,MEM,3113297,21
401071523,MEM,3224,18
401071523,MEM,6477,21
401071523,MEM,2778,23
401071523,MEM,3133635,14
401071523,MEM,3195,0
401071523,MEM,3915560,0
401071524,ORL,3064290,33
401071524,ORL,4065654,29
401071524,ORL,6478,27
401071524,ORL,6588,35
401071524,ORL,3415,20
401071524,ORL,2982249,4
401071524,ORL,3064517,4
401071524,ORL,3074797,17
401071524,ORL,2578240,17
401071524,ORL,6619,18
401071524,ORL,2531047,4
401071524,ORL,3913546,4
401071524,ORL,3936294,28
401071524,NO,6583,24
401071524,NO,3135048,29
401071524,NO,3995,24
401071524,NO,6460,26
401071524,NO,3133626,32
401071524,NO,3064514,22
401071524,NO,3919335,13
401071524,NO,6610,21
401071524,NO,3134881,5
401071524,NO,2488945,31
401071524,NO,4065651,12
401071524,NO,2488958,0
401071524,NO,2489785,0
401071525,UTAH,4257,25
401071525,UTAH,2968436,28
401071525,UTAH,3032976,35
401071525,UTAH,4011,32
401071525,UTAH,3908809,36
401071525,UTAH,6581,28
401071525,UTAH,2583632,28
401071525,UTAH,2968361,9
401071525,UTAH,2011,19
401071525,UTAH,3028,0
401071525,UTAH,4261,0
401071525,UTAH,2990969,0
401071525,UTAH,3135045,0
401071525,GS,3202,37
401071525,GS,6589,34
401071525,GS,4258,28
401071525,GS,3975,36
401071525,GS,6475,32
401071525,GS,2386,28
401071525,GS,3998,7
401071525,GS,2530923,5
401071525,GS,3155535,12
401071525,GS,2566745,5
401071525,GS,2393,15
401071525,GS,3064427,0
401071525,GS,2595209,0
401071526,BKN,2528794,48
401071526,BKN,3064291,29
401071526,BKN,4066328,42
401071526,BKN,2991043,31
401071526,BKN,3136776,43
401071526,BKN,3970,46
401071526,BKN,4259,21
401071526,BKN,2530780,22
401071526,BKN,2531210,33
401071526,BKN,2595231,0
401071526,BKN,4230548,0
401071526,CLE,3062744,28
401071526,CLE,3893016,25
401071526,CLE,4017838,30
401071526,CLE,6448,15
401071526,CLE,4277811,45
401071526,CLE,2580365,33
401071526,CLE,3908807,0
401071526,CLE,3907487,28
401071526,CLE,2489716,40
401071526,CLE,2528426,48
401071526,CLE,2991042,23
401071526,CLE,2754,0
401071527,MIL,6609,34
401071527,MIL,3032977,38
401071527,MIL,3448,35
401071527,MIL,4238,21
401071527,MIL,2566769,30
401071527,MIL,2767,23
401071527,MIL,3136491,9
401071527,MIL,2528353,17
401071527,MIL,3057187,15
401071527,MIL,3438,19
401071527,MIL,3058254,0
401071527,MIL,2578239,0
401071527,MIL,4277842,0
401071527,IND,3244,38
401071527,IND,3593,32
401071527,IND,3133628,28
401071527,IND,3973,30
401071527,IND,4032,31
401071527,IND,4066425,1
401071527,IND,2528588,16
401071527,IND,3155942,26
401071527,IND,6446,20
401071527,IND,3983,18
401071527,IND,6615,0
401071527,IND,3136485,0
401071527,IND,3922230,0
401071528,DET,3989,37
401071528,DET,6585,35
401071528,DET,6443,31
401071528,DET,3913174,36
401071528,DET,4065670,13
401071528,DET,4017843,19
401071528,DET,2016,6
401071528,DET,4305,19
401071528,DET,3981,33
401071528,DET,2530572,12
401071528,DET,2991039,0
401071528,DET,3912334,0
401071528,DET,2806,0
401071528,BOS,6462,29
401071528,BOS,4065648,34
401071528,BOS,4249,34
401071528,BOS,3213,31
401071528,BOS,2990992,32
401071528,BOS,3056602,19
401071528,BOS,2451037,17
401071528,BOS,6507,14
401071528,BOS,3917376,30
401071528,BOS,4017844,0
401071528,BOS,3923250,0
401071529,PHI,6430,34
401071529,PHI,6440,35
401071529,PHI,3059318,34
401071529,PHI,3024,34
401071529,PHI,3907387,34
401071529,PHI,6622,19
401071529,PHI,2579321,8
401071529,PHI,4376,14
401071529,PHI,3912332,0
401071529,PHI,2530530,14
401071529,PHI,2579466,14
401071529,PHI,3155533,0
401071529,PHI,2769,0
401071529,NY,3078284,18
401071529,NY,2995706,6
401071529,NY,4278075,19
401071529,NY,3442,20
401071529,NY,4065697,25
401071529,NY,6485,15
401071529,NY,3064560,28
401071529,NY,4351852,28
401071529,NY,2991149,31
401071529,NY,3134880,23
401071529,NY,3907525,27
401071529,NY,3074765,0
401071529,NY,6594,0
401071530,WSH,3209,40
401071530,WSH,2426,32
401071530,WSH,3934723,19
401071530,WSH,6580,44
401071530,WSH,2580898,15
401071530,WSH,3056600,34
401071530,WSH,4247,19
401071530,WSH,3064482,28
401071530,WSH,2531797,9
401071530,WSH,2991184,0
401071530,WSH,2774,0
401071530,TOR,3439,31
401071530,TOR,3988,28
401071530,TOR,3149673,33
401071530,TOR,3012,34
401071530,TOR,2595516,31
401071530,TOR,3934719,36
401071530,TOR,3948153,3
401071530,TOR,3206,19
401071530,TOR,4299,25
401071530,TOR,2595592,1
401071530,TOR,6450,0
401071531,MEM,3917378,9
401071531,MEM,2284101,22
401071531,MEM,4277961,28
401071531,MEM,4240,29
401071531,MEM,3195,26
401071531,MEM,3113297,10
401071531,MEM,3224,20
401071531,MEM,6477,23
401071531,MEM,2778,24
401071531,MEM,3064447,26
401071531,MEM,3133635,15
401071531,MEM,3915560,10
401071531,CHI,4066336,35
401071531,CHI,2594922,34
401071531,CHI,3447,32
401071531,CHI,2991047,34
401071531,CHI,3064440,34
401071531,CHI,3113587,14
401071531,CHI,3893019,17
401071531,CHI,2991274,16
401071531,CHI,3059316,20
401071531,CHI,3907386,2
401071531,CHI,4066334,2
401071534,HOU,3033,34
401071534,HOU,6433,30
401071534,HOU,2779,35
401071534,HOU,3431,36
401071534,HOU,3992,40
401071534,HOU,1713,17
401071534,HOU,2761,27
401071534,HOU,6468,21
401071534,HOU,3132042,0
401071534,HOU,4222252,0
401071534,HOU,6617,0
401071534,MIN,2429,36
401071534,MIN,3032978,24
401071534,MIN,3136195,34
401071534,MIN,4015,38
401071534,MIN,4065663,32
401071534,MIN,3276,12
401071534,MIN,3986,22
401071534,MIN,2534781,2
401071534,MIN,3456,23
401071534,MIN,3417,11
401071534,MIN,2490589,6
401071534,MIN,3136779,0
401071534,MIN,3135046,0
401071532,MIA,3135047,32
401071532,MIA,2489663,21
401071532,MIA,4262,22
401071532,MIA,2581190,35
401071532,MIA,6628,31
401071532,MIA,3999,26
401071532,MIA,4066261,26
401071532,MIA,1987,22
401071532,MIA,2488826,25
401071532,MIA,2184,0
401071532,MIA,3412,0
401071532,MIA,3157465,0
401071532,DAL,2578185,28
401071532,DAL,2960236,25
401071532,DAL,2968458,8
401071532,DAL,2528210,30
401071532,DAL,3945274,33
401071532,DAL,609,17
401071532,DAL,2531367,26
401071532,DAL,3138156,12
401071532,DAL,2579260,6
401071532,DAL,2382,18
401071532,DAL,3445,6
401071532,DAL,2489693,8
401071532,DAL,3934672,23
401071533,SAC,4269,20
401071533,SAC,6578,41
401071533,SAC,2991282,22
401071533,SAC,2990984,34
401071533,SAC,4066259,32
401071533,SAC,4065649,12
401071533,SAC,4277848,23
401071533,SAC,3444,7
401071533,SAC,2991018,15
401071533,SAC,6429,7
401071533,SAC,3037789,27
401071533,SAC,3191,0
401071533,SAC,3059315,0
401071533,DEN,3015,31
401071533,DEN,3112335,36
401071533,DEN,3907822,31
401071533,DEN,6579,32
401071533,DEN,3936299,31
401071533,DEN,3136196,7
401071533,DEN,2528693,13
401071533,DEN,2488653,22
401071533,DEN,3059310,25
401071533,DEN,6472,13
401071533,DEN,4017839,0
401071533,DEN,3934662,0
401071533,DEN,4278077,0
401071535,GS,3202,33
401071535,GS,6589,32
401071535,GS,3155535,24
401071535,GS,3975,33
401071535,GS,6475,32
401071535,GS,3998,24
401071535,GS,2530923,18
401071535,GS,3064427,16
401071535,GS,2566745,15
401071535,GS,2595209,13
401071535,POR,4248,22
401071535,POR,6591,20
401071535,POR,3102530,25
401071535,POR,6606,32
401071535,POR,2490149,26
401071535,POR,2982268,26
401071535,POR,4066650,22
401071535,POR,3936296,1
401071535,POR,2581177,25
401071535,POR,4239,21
401071535,POR,2326307,20
401071535,POR,4351851,1
401071535,POR,6605,0
401071536,PHX,4278129,29
401071536,PHX,4066297,15
401071536,PHX,2530276,27
401071536,PHX,3136193,33
401071536,PHX,3147657,27
401071536,PHX,2993370,19
401071536,PHX,4011991,12
401071536,PHX,165,16
401071536,PHX,2489530,13
401071536,PHX,3133603,32
401071536,PHX,3912854,2
401071536,PHX,4230550,15
401071536,LAC,3428,20
401071536,LAC,4017837,22
401071536,LAC,3964,21
401071536,LAC,3914044,24
401071536,LAC,4278073,22
401071536,LAC,2327577,25
401071536,LAC,3059306,4
401071536,LAC,2991055,22
401071536,LAC,2799,22
401071536,LAC,3064539,12
401071536,LAC,3943606,4
401071536,LAC,4023,21
401071536,LAC,3002137,21
401071537,CHA,2797,22
401071537,CHA,3416,25
401071537,CHA,2579258,30
401071537,CHA,6479,28
401071537,CHA,6603,18
401071537,CHA,6601,14
401071537,CHA,2579294,5
401071537,CHA,4066383,22
401071537,CHA,2999409,10
401071537,CHA,3133601,22
401071537,CHA,6454,12
401071537,CHA,3907821,9
401071537,CHA,4066262,25
401071537,ORL,3064290,32
401071537,ORL,4065654,27
401071537,ORL,6478,26
401071537,ORL,6588,27
401071537,ORL,3415,22
401071537,ORL,2982249,5
401071537,ORL,3064517,5
401071537,ORL,3074797,21
401071537,ORL,2578240,17
401071537,ORL,6619,22
401071537,ORL,2531047,5
401071537,ORL,3913546,5
401071537,ORL,3936294,26
401071538,NY,4278075,22
401071538,NY,3442,29
401071538,NY,3064560,31
401071538,NY,4065697,32
401071538,NY,2991149,21
401071538,NY,3078284,17
401071538,NY,4351852,19
401071538,NY,6594,26
401071538,NY,3134880,24
401071538,NY,3907525,19
401071538,NY,6485,0
401071538,NY,3074765,0
401071538,ATL,2990962,29
401071538,ATL,3908845,25
401071538,ATL,2580913,26
401071538,ATL,4066372,23
401071538,ATL,4277905,31
401071538,ATL,2982340,5
401071538,ATL,4065836,17
401071538,ATL,6637,27
401071538,ATL,2596107,24
401071538,ATL,3062667,21
401071538,ATL,136,12
401071538,ATL,2991283,0
401071539,OKC,4264,15
401071539,OKC,4251,41
401071539,OKC,4230546,36
401071539,OKC,2991235,36
401071539,OKC,3468,39
401071539,OKC,2595435,14
401071539,OKC,3059358,14
401071539,OKC,2991280,22
401071539,OKC,2753,23
401071539,OKC,2531214,0
401071539,OKC,3129674,0
401071539,OKC,2328418,0
401071539,OKC,4080610,0
401071539,NO,6583,16
401071539,NO,3064514,39
401071539,NO,6610,35
401071539,NO,3995,39
401071539,NO,3133626,34
401071539,NO,3919335,18
401071539,NO,3135048,23
401071539,NO,2488945,7
401071539,NO,6460,17
401071539,NO,2489785,2
401071539,NO,4065651,10
401071539,NO,2488958,0
401071539,NO,3134881,0
401098038,WORLD,4066336,22
401098038,WORLD,4278129,22
401098038,WORLD,3037789,24
401098038,WORLD,3907387,21
401098038,WORLD,3945274,24
401098038,WORLD,3934719,18
401098038,WORLD,3893016,15
401098038,WORLD,4230548,16
401098038,WORLD,4065663,19
401098038,WORLD,4278073,20
401098038,USA,3134907,22
401098038,USA,3908845,15
401098038,USA,4065648,26
401098038,USA,3908809,26
401098038,USA,4066259,23
401098038,USA,4277848,17
401098038,USA,4277961,16
401098038,USA,4278075,16
401098038,USA,4066328,15
401098038,USA,4277905,24
401071540,PHX,4278129,35
401071540,PHX,4066297,30
401071540,PHX,2530276,33
401071540,PHX,3133603,41
401071540,PHX,3136193,38
401071540,PHX,2993370,13
401071540,PHX,4011991,9
401071540,PHX,165,14
401071540,PHX,3147657,24
401071540,PHX,4230550,3
401071540,PHX,4415522,0
401071540,PHX,2489530,0
401071540,PHX,4066436,0
401071540,CLE,3449,22
401071540,CLE,3893016,34
401071540,CLE,4017838,26
401071540,CLE,6448,22
401071540,CLE,4277811,30
401071540,CLE,2580365,29
401071540,CLE,3062744,17
401071540,CLE,3907487,15
401071540,CLE,2489716,20
401071540,CLE,2528426,24
401071540,CLE,2754,0
401071540,CLE,2991042,0
401071541,MIA,3135047,29
401071541,MIA,2489663,29
401071541,MIA,4262,21
401071541,MIA,2581190,37
401071541,MIA,6628,30
401071541,MIA,3999,7
401071541,MIA,3936099,17
401071541,MIA,4066261,17
401071541,MIA,1987,31
401071541,MIA,2488826,23
401071541,MIA,2184,0
401071541,MIA,3412,0
401071541,MIA,3157465,0
401071541,PHI,6430,35
401071541,PHI,6440,36
401071541,PHI,4376,27
401071541,PHI,3024,35
401071541,PHI,3907387,38
401071541,PHI,6622,17
401071541,PHI,3155533,15
401071541,PHI,2579321,8
401071541,PHI,2530530,11
401071541,PHI,2579466,18
401071541,PHI,2769,0
401071541,PHI,3929325,0
401071542,POR,4248,30
401071542,POR,6591,29
401071542,POR,3102530,28
401071542,POR,6606,36
401071542,POR,2490149,31
401071542,POR,2982268,24
401071542,POR,6447,20
401071542,POR,2581177,19
401071542,POR,4239,8
401071542,POR,2326307,15
401071542,POR,4066650,0
401071542,POR,6605,0
401071542,POR,3936296,0
401071542,BKN,2595231,17
401071542,BKN,2528794,29
401071542,BKN,4066328,23
401071542,BKN,2991043,21
401071542,BKN,3136776,29
401071542,BKN,3970,27
401071542,BKN,3201,7
401071542,BKN,3064291,15
401071542,BKN,4259,23
401071542,BKN,2530780,21
401071542,BKN,2531210,29
401071542,BKN,4230548,0
401071543,BOS,6462,31
401071543,BOS,4065648,34
401071543,BOS,3213,37
401071543,BOS,6442,41
401071543,BOS,2990992,31
401071543,BOS,3056602,12
401071543,BOS,4017844,5
401071543,BOS,2451037,6
401071543,BOS,3074752,20
401071543,BOS,3917376,24
401071543,BOS,4066211,0
401071543,BOS,6507,0
401071543,BOS,2983727,0
401071543,MIL,6609,31
401071543,MIL,3032977,37
401071543,MIL,3448,34
401071543,MIL,4238,32
401071543,MIL,2566769,34
401071543,MIL,2767,12
401071543,MIL,6459,14
401071543,MIL,2528353,16
401071543,MIL,3057187,9
401071543,MIL,3438,21
401071543,MIL,3058254,0
401071543,MIL,3136491,0
401071543,MIL,2578239,0
401071544,SAC,6578,33
401071544,SAC,2991282,28
401071544,SAC,2990984,31
401071544,SAC,3037789,31
401071544,SAC,4066259,32
401071544,SAC,4065649,16
401071544,SAC,3191,13
401071544,SAC,4277848,34
401071544,SAC,4415554,13
401071544,SAC,2991018,16
401071544,SAC,6429,5
401071544,SAC,4269,0
401071544,SAC,3444,0
401071544,SAC,3059315,0
401071544,GS,3202,37
401071544,GS,6589,34
401071544,GS,4258,27
401071544,GS,3975,36
401071544,GS,6475,37
401071544,GS,2386,30
401071544,GS,3998,8
401071544,GS,2530923,8
401071544,GS,3155535,12
401071544,GS,2566745,12
401071544,GS,3064427,0
401071544,GS,2595209,0
401071544,GS,2393,0
401071545,HOU,3033,34
401071545,HOU,3102529,33
401071545,HOU,2779,35
401071545,HOU,3431,39
401071545,HOU,3992,37
401071545,HOU,6433,18
401071545,HOU,1713,5
401071545,HOU,6617,22
401071545,HOU,2761,19
401071545,HOU,3132042,0
401071545,HOU,3136989,0
401071545,LAL,1966,40
401071545,LAL,3134907,38
401071545,LAL,3913176,41
401071545,LAL,2528779,30
401071545,LAL,3452,20
401071545,LAL,984,6
401071545,LAL,3026,19
401071545,LAL,4244,6
401071545,LAL,2581018,21
401071545,LAL,3062679,19
401071545,LAL,3064528,0
401071545,LAL,3150844,0
401071545,LAL,2991350,0
401071546,WSH,3209,31
401071546,WSH,2426,39
401071546,WSH,3934723,17
401071546,WSH,6621,26
401071546,WSH,6580,42
401071546,WSH,3056600,25
401071546,WSH,4247,14
401071546,WSH,2991184,1
401071546,WSH,3064482,31
401071546,WSH,2580898,13
401071546,WSH,2774,0
401071546,CHA,2797,34
401071546,CHA,3416,37
401071546,CHA,4066383,29
401071546,CHA,2579258,31
401071546,CHA,6479,36
401071546,CHA,6601,17
401071546,CHA,6427,8
401071546,CHA,6603,23
401071546,CHA,1015,13
401071546,CHA,4066262,12
401071546,CHA,2579294,0
401071546,CHA,2999409,0
401071546,CHA,6454,0
401071547,NO,6583,20
401071547,NO,3064514,25
401071547,NO,3995,25
401071547,NO,2583639,28
401071547,NO,3133626,33
401071547,NO,3919335,26
401071547,NO,3134881,20
401071547,NO,3135048,17
401071547,NO,6460,20
401071547,NO,4065651,27
401071547,NO,2488958,0
401071547,NO,2488945,0
401071547,NO,2489785,0
401071547,IND,3244,34
401071547,IND,3593,25
401071547,IND,6615,20
401071547,IND,3973,28
401071547,IND,4032,30
401071547,IND,4066425,14
401071547,IND,2528588,19
401071547,IND,3155942,28
401071547,IND,6446,23
401071547,IND,3983,19
401071547,IND,3136485,0
401071547,IND,3059262,0
401071547,IND,3922230,0
401071548,CHI,4066336,38
401071548,CHI,2594922,38
401071548,CHI,3447,31
401071548,CHI,2991139,29
401071548,CHI,3064440,33
401071548,CHI,3113587,8
401071548,CHI,3893019,5
401071548,CHI,2991047,20
401071548,CHI,2991274,14
401071548,CHI,3059316,24
401071548,CHI,3907386,0
401071548,ORL,3064290,32
401071548,ORL,4065654,31
401071548,ORL,6478,29
401071548,ORL,6588,38
401071548,ORL,3415,27
401071548,ORL,3074797,19
401071548,ORL,2578240,17
401071548,ORL,6619,26
401071548,ORL,3936294,21
401071548,ORL,2982249,0
401071548,ORL,3064517,0
401071548,ORL,2531047,0
401071549,SA,3005,24
401071549,SA,2983,31
401071549,SA,2994526,27
401071549,SA,3978,34
401071549,SA,3078576,20
401071549,SA,6426,27
401071549,SA,3134908,17
401071549,SA,4004,28
401071549,SA,3190,31
401071549,SA,996,0
401071549,SA,3914283,0
401071549,SA,3974,0
401071549,SA,4253,0
401071549,TOR,3439,31
401071549,TOR,3988,29
401071549,TOR,6450,35
401071549,TOR,3149673,33
401071549,TOR,3012,35
401071549,TOR,3934719,16
401071549,TOR,3137730,11
401071549,TOR,3206,17
401071549,TOR,4299,19
401071549,TOR,2595516,13
401071549,TOR,2580980,0
401071549,TOR,3948153,0
401071549,TOR,4003,0
401071550,DET,3989,23
401071550,DET,6585,39
401071550,DET,6443,35
401071550,DET,3981,37
401071550,DET,4065670,32
401071550,DET,6452,7
401071550,DET,4017843,18
401071550,DET,2016,8
401071550,DET,4305,16
401071550,DET,2530572,8
401071550,DET,3913174,16
401071550,DET,3912334,0
401071550,DET,2806,0
401071550,ATL,2990962,29
401071550,ATL,3908845,34
401071550,ATL,6637,34
401071550,ATL,2580913,23
401071550,ATL,4277905,37
401071550,ATL,4065836,19
401071550,ATL,2596107,20
401071550,ATL,3062667,17
401071550,ATL,136,16
401071550,ATL,3133874,11
401071550,ATL,2982340,0
401071550,ATL,2579279,0
401071551,MIN,3986,31
401071551,MIN,3032978,23
401071551,MIN,3059319,35
401071551,MIN,4015,31
401071551,MIN,4065663,17
401071551,MIN,3276,20
401071551,MIN,2429,29
401071551,MIN,3136779,13
401071551,MIN,3456,23
401071551,MIN,3135046,17
401071551,MIN,3417,0
401071551,MIN,2490589,0
401071551,NY,4278075,38
401071551,NY,3442,33
401071551,NY,3064560,11
401071551,NY,4065697,22
401071551,NY,2991149,34
401071551,NY,3078284,25
401071551,NY,4415789,0
401071551,NY,4351852,13
401071551,NY,6594,9
401071551,NY,3892818,26
401071551,NY,3907525,30
401071551,NY,3906522,0
401071551,NY,6485,0
401071551,NY,2995706,0
401071552,LAC,3428,31
401071552,LAC,4017837,21
401071552,LAC,3964,32
401071552,LAC,3914044,32
401071552,LAC,4278073,15
401071552,LAC,2327577,18
401071552,LAC,2991055,26
401071552,LAC,2799,32
401071552,LAC,3064539,1
401071552,LAC,4023,17
401071552,LAC,3002137,15
401071552,LAC,3059306,0
401071552,LAC,3943606,0
401071552,MEM,3917378,25
401071552,MEM,2284101,25
401071552,MEM,3113297,11
401071552,MEM,4240,33
401071552,MEM,3195,36
401071552,MEM,6466,20
401071552,MEM,3224,30
401071552,MEM,2778,25
401071552,MEM,3064447,26
401071552,MEM,3133635,3
401071552,MEM,3915560,8
401071552,MEM,6477,0
401071553,DEN,3015,32
401071553,DEN,3112335,30
401071553,DEN,3907822,27
401071553,DEN,6579,28
401071553,DEN,3936299,33
401071553,DEN,4017839,10
401071553,DEN,3934662,1
401071553,DEN,4278077,1
401071553,DEN,2488653,22
401071553,DEN,3059310,19
401071553,DEN,6472,16
401071553,DEN,2999547,21
401071553,DEN,2528693,0
401071553,DAL,2578185,29
401071553,DAL,2960236,18
401071553,DAL,2968458,24
401071553,DAL,2528210,28
401071553,DAL,3934672,31
401071553,DAL,609,18
401071553,DAL,2531367,25
401071553,DAL,3138156,14
401071553,DAL,2579260,18
401071553,DAL,2382,19
401071553,DAL,3445,11
401071553,DAL,2489693,6
401071554,UTAH,4257,32
401071554,UTAH,2968436,46
401071554,UTAH,3032976,44
401071554,UTAH,4011,41
401071554,UTAH,3908809,46
401071554,UTAH,6581,37
401071554,UTAH,3028,4
401071554,UTAH,2583632,17
401071554,UTAH,2968361,12
401071554,UTAH,2011,11
401071554,UTAH,4261,0
401071554,UTAH,2990969,0
401071554,UTAH,3135045,0
401071554,OKC,4251,50
401071554,OKC,2991070,41
401071554,OKC,4230546,27
401071554,OKC,2991235,47
401071554,OKC,3468,43
401071554,OKC,6461,17
401071554,OKC,2595435,10
401071554,OKC,3059358,8
401071554,OKC,2991280,11
401071554,OKC,3032979,35
401071554,OKC,4264,0
401071554,OKC,2753,0
401071554,OKC,4080610,0
401071555,POR,4248,27
401071555,POR,6591,22
401071555,POR,3102530,24
401071555,POR,6606,30
401071555,POR,2490149,34
401071555,POR,2982268,28
401071555,POR,4066650,4
401071555,POR,6447,21
401071555,POR,3936296,3
401071555,POR,2581177,22
401071555,POR,2326307,22
401071555,POR,4277843,4
401071555,POR,6605,0
401071555,PHI,6430,30
401071555,PHI,6440,35
401071555,PHI,4376,19
401071555,PHI,3024,30
401071555,PHI,3907387,36
401071555,PHI,6622,30
401071555,PHI,3155533,11
401071555,PHI,2769,4
401071555,PHI,2579321,7
401071555,PHI,2530530,19
401071555,PHI,2579466,18
401071555,PHI,3929325,0
401071556,PHX,4278129,33
401071556,PHX,4066297,16
401071556,PHX,2530276,35
401071556,PHX,3133603,35
401071556,PHX,3136193,36
401071556,PHX,2993370,15
401071556,PHX,4011991,17
401071556,PHX,2489530,6
401071556,PHX,3147657,34
401071556,PHX,4066436,14
401071556,PHX,3908806,0
401071556,PHX,165,0
401071556,PHX,4230550,0
401071556,ATL,2990962,33
401071556,ATL,3908845,30
401071556,ATL,6637,33
401071556,ATL,2580913,31
401071556,ATL,4277905,34
401071556,ATL,2982340,6
401071556,ATL,4065836,22
401071556,ATL,2596107,13
401071556,ATL,3062667,19
401071556,ATL,136,6
401071556,ATL,3133874,14
401071556,ATL,2579279,0
401071557,BKN,2595231,19
401071557,BKN,2528794,33
401071557,BKN,4066328,31
401071557,BKN,2991043,30
401071557,BKN,3136776,35
401071557,BKN,3970,26
401071557,BKN,4230548,10
401071557,BKN,4259,16
401071557,BKN,2530780,15
401071557,BKN,2531210,26
401071557,BKN,3201,0
401071557,BKN,3064291,0
401071557,CHA,2797,30
401071557,CHA,3416,38
401071557,CHA,4066383,12
401071557,CHA,2579258,26
401071557,CHA,6479,40
401071557,CHA,6601,26
401071557,CHA,6427,11
401071557,CHA,6603,19
401071557,CHA,1015,30
401071557,CHA,4066262,7
401071557,CHA,2579294,0
401071557,CHA,2999409,0
401071557,CHA,6454,0
401071558,MEM,3917378,23
401071558,MEM,2284101,26
401071558,MEM,6477,30
401071558,MEM,4240,19
401071558,MEM,3195,30
401071558,MEM,3113297,19
401071558,MEM,6466,18
401071558,MEM,3224,24
401071558,MEM,2778,19
401071558,MEM,3064447,32
401071558,MEM,3133635,0
401071558,MEM,3915560,0
401071558,CLE,3449,26
401071558,CLE,3893016,32
401071558,CLE,4017838,30
401071558,CLE,6448,19
401071558,CLE,4277811,32
401071558,CLE,2580365,23
401071558,CLE,3062744,17
401071558,CLE,3907487,11
401071558,CLE,2489716,23
401071558,CLE,2528426,22
401071558,CLE,2991042,5
401071558,CLE,2754,0
401071559,IND,3244,33
401071559,IND,3593,31
401071559,IND,6615,21
401071559,IND,3973,32
401071559,IND,4032,34
401071559,IND,4066425,15
401071559,IND,2528588,13
401071559,IND,3155942,27
401071559,IND,6446,20
401071559,IND,3983,14
401071559,IND,3136485,0
401071559,IND,3922230,0
401071559,WSH,3209,20
401071559,WSH,3064482,17
401071559,WSH,2426,35
401071559,WSH,6621,32
401071559,WSH,6580,41
401071559,WSH,3056600,28
401071559,WSH,4247,16
401071559,WSH,4278508,5
401071559,WSH,3934723,31
401071559,WSH,2580898,16
401071559,WSH,2991184,0
401071559,WSH,2774,0
401071560,LAL,1966,39
401071560,LAL,3134907,31
401071560,LAL,3913176,26
401071560,LAL,2528779,30
401071560,LAL,3452,16
401071560,LAL,984,5
401071560,LAL,3150844,8
401071560,LAL,3026,29
401071560,LAL,4244,10
401071560,LAL,2581018,16
401071560,LAL,2991350,2
401071560,LAL,3062679,29
401071560,LAL,2490089,0
401071560,NO,3064514,38
401071560,NO,3135048,13
401071560,NO,3995,33
401071560,NO,2583639,36
401071560,NO,3133626,34
401071560,NO,3919335,19
401071560,NO,3134881,17
401071560,NO,2489785,26
401071560,NO,4065651,25
401071560,NO,3232,0
401071560,NO,6610,0
401071560,NO,2488958,0
401071560,NO,2488945,0
401071561,DET,3989,33
401071561,DET,6585,31
401071561,DET,6443,23
401071561,DET,3981,25
401071561,DET,4065670,13
401071561,DET,6452,2
401071561,DET,2991039,2
401071561,DET,4017843,15
401071561,DET,2016,15
401071561,DET,4305,25
401071561,DET,2530572,16
401071561,DET,3912334,6
401071561,DET,3913174,33
401071561,MIA,2489663,23
401071561,MIA,4262,31
401071561,MIA,2581190,36
401071561,MIA,6628,33
401071561,MIA,2488826,16
401071561,MIA,3412,3
401071561,MIA,3157465,13
401071561,MIA,3936099,27
401071561,MIA,4355392,3
401071561,MIA,4066261,14
401071561,MIA,3423,16
401071561,MIA,1987,26
401071561,MIA,2184,0
401071562,BOS,6462,28
401071562,BOS,4065648,31
401071562,BOS,3213,30
401071562,BOS,6442,41
401071562,BOS,2990992,30
401071562,BOS,4249,24
401071562,BOS,2451037,17
401071562,BOS,3074752,16
401071562,BOS,3917376,23
401071562,BOS,3056602,0
401071562,BOS,4017844,0
401071562,BOS,4066211,0
401071562,BOS,6507,0
401071562,CHI,4066336,37
401071562,CHI,2594922,14
401071562,CHI,3447,27
401071562,CHI,2991139,25
401071562,CHI,3064440,39
401071562,CHI,3113587,15
401071562,CHI,3893019,11
401071562,CHI,2991047,27
401071562,CHI,2991274,19
401071562,CHI,3059316,26
401071562,CHI,3907386,0
401071563,SAC,6578,32
401071563,SAC,2991282,30
401071563,SAC,2990984,36
401071563,SAC,3037789,24
401071563,SAC,4066259,34
401071563,SAC,4065649,18
401071563,SAC,4277848,36
401071563,SAC,2991018,15
401071563,SAC,6429,16
401071563,SAC,4269,0
401071563,SAC,3191,0
401071563,SAC,3444,0
401071563,SAC,3059315,0
401071563,OKC,4251,38
401071563,OKC,2991070,28
401071563,OKC,4230546,30
401071563,OKC,2991235,28
401071563,OKC,3468,35
401071563,OKC,6461,20
401071563,OKC,2595435,10
401071563,OKC,3059358,3
401071563,OKC,2991280,20
401071563,OKC,2753,6
401071563,OKC,3032979,22
401071563,OKC,4264,0
401071563,OKC,4080610,0
401071564,MIN,3986,25
401071564,MIN,3032978,30
401071564,MIN,3059319,38
401071564,MIN,4015,19
401071564,MIN,4065663,18
401071564,MIN,3276,25
401071564,MIN,2429,20
401071564,MIN,3136779,15
401071564,MIN,3456,23
401071564,MIN,3135046,28
401071564,MIN,3417,0
401071564,MIL,6609,33
401071564,MIL,3032977,33
401071564,MIL,3448,32
401071564,MIL,4238,30
401071564,MIL,2566769,31
401071564,MIL,2767,20
401071564,MIL,6459,18
401071564,MIL,3952343,0
401071564,MIL,2528353,9
401071564,MIL,3057187,16
401071564,MIL,3438,4
401071564,MIL,2578239,16
401071564,MIL,3058254,0
401071564,MIL,3136491,0
401071565,HOU,3033,37
401071565,HOU,6433,33
401071565,HOU,3102529,28
401071565,HOU,2779,36
401071565,HOU,3431,34
401071565,HOU,1713,16
401071565,HOU,6617,34
401071565,HOU,2761,22
401071565,HOU,6597,0
401071565,HOU,3132042,0
401071565,HOU,3136989,0
401071565,GS,3202,38
401071565,GS,6589,24
401071565,GS,4258,27
401071565,GS,3975,36
401071565,GS,6475,38
401071565,GS,2386,28
401071565,GS,3998,7
401071565,GS,3064427,17
401071565,GS,3155535,5
401071565,GS,2566745,5
401071565,GS,2393,15
401071565,GS,2530923,0
401071565,GS,3934621,0
401071566,DAL,609,25
401071566,DAL,2578185,29
401071566,DAL,2968458,18
401071566,DAL,2528210,27
401071566,DAL,3934672,25
401071566,DAL,2531367,30
401071566,DAL,3138156,24
401071566,DAL,2579260,23
401071566,DAL,2382,16
401071566,DAL,3445,16
401071566,DAL,2489693,6
401071566,UTAH,4257,25
401071566,UTAH,2968436,33
401071566,UTAH,3032976,33
401071566,UTAH,4011,36
401071566,UTAH,3908809,33
401071566,UTAH,6581,28
401071566,UTAH,3028,11
401071566,UTAH,2583632,19
401071566,UTAH,2968361,8
401071566,UTAH,2011,15
401071566,UTAH,4261,0
401071566,UTAH,2990969,0
401071566,UTAH,3135045,0
401071567,ORL,3064290,30
401071567,ORL,4065654,31
401071567,ORL,6478,31
401071567,ORL,6588,31
401071567,ORL,3415,27
401071567,ORL,3074797,22
401071567,ORL,2578240,17
401071567,ORL,6619,30
401071567,ORL,2531047,21
401071567,ORL,2982249,0
401071567,ORL,3064517,0
401071567,TOR,3988,27
401071567,TOR,3149673,37
401071567,TOR,3934719,24
401071567,TOR,3206,24
401071567,TOR,3012,36
401071567,TOR,3439,24
401071567,TOR,3948153,3
401071567,TOR,3137730,15
401071567,TOR,4003,17
401071567,TOR,4299,18
401071567,TOR,2595516,15
401071568,LAC,3428,25
401071568,LAC,4017837,19
401071568,LAC,3964,26
401071568,LAC,3914044,29
401071568,LAC,4278073,30
401071568,LAC,2327577,22
401071568,LAC,3059306,8
401071568,LAC,2991055,16
401071568,LAC,2799,24
401071568,LAC,3064539,5
401071568,LAC,3943606,5
401071568,LAC,4023,23
401071568,LAC,3002137,8
401071568,DEN,3015,32
401071568,DEN,3112335,28
401071568,DEN,3907822,25
401071568,DEN,6579,24
401071568,DEN,3936299,24
401071568,DEN,4017839,12
401071568,DEN,3934662,1
401071568,DEN,4278077,3
401071568,DEN,2528693,8
401071568,DEN,2488653,15
401071568,DEN,3059310,22
401071568,DEN,6472,24
401071568,DEN,2999547,22
401071569,SA,3005,26
401071569,SA,6426,24
401071569,SA,2983,21
401071569,SA,2994526,28
401071569,SA,3978,32
401071569,SA,996,6
401071569,SA,3914283,1
401071569,SA,3974,15
401071569,SA,4253,10
401071569,SA,3134908,20
401071569,SA,4004,33
401071569,SA,3190,24
401071569,SA,3078576,0
401071569,NY,3078284,18
401071569,NY,6485,30
401071569,NY,4278075,33
401071569,NY,4065697,30
401071569,NY,2991149,37
401071569,NY,3906522,4
401071569,NY,4351852,30
401071569,NY,6594,11
401071569,NY,3892818,19
401071569,NY,3907525,28
401071569,NY,2995706,0
401071569,NY,3064560,0
401071570,GS,3202,36
401071570,GS,6589,34
401071570,GS,4258,31
401071570,GS,3975,35
401071570,GS,6475,37
401071570,GS,2386,24
401071570,GS,2530923,16
401071570,GS,3155535,11
401071570,GS,2566745,1
401071570,GS,2393,14
401071570,GS,3998,0
401071570,GS,2595209,0
401071570,CHA,2797,26
401071570,CHA,3416,37
401071570,CHA,4066383,25
401071570,CHA,2579258,37
401071570,CHA,6479,41
401071570,CHA,6601,12
401071570,CHA,6427,11
401071570,CHA,6603,31
401071570,CHA,1015,13
401071570,CHA,4066262,7
401071570,CHA,2579294,0
401071570,CHA,2999409,0
401071570,CHA,6454,0
401071571,POR,4248,29
401071571,POR,6591,26
401071571,POR,3102530,29
401071571,POR,6606,37
401071571,POR,2490149,36
401071571,POR,2982268,16
401071571,POR,4066650,13
401071571,POR,6447,19
401071571,POR,2581177,18
401071571,POR,2326307,16
401071571,POR,6605,0
401071571,POR,3936296,0
401071571,POR,4351851,0
401071571,CLE,3449,28
401071571,CLE,3893016,32
401071571,CLE,4017838,22
401071571,CLE,6448,20
401071571,CLE,4277811,32
401071571,CLE,2580365,28
401071571,CLE,3062744,15
401071571,CLE,3907487,15
401071571,CLE,2489716,17
401071571,CLE,2528426,28
401071571,CLE,2991042,5
401071571,CLE,2754,0
401071572,IND,3244,29
401071572,IND,3593,35
401071572,IND,3133628,30
401071572,IND,3973,30
401071572,IND,4032,30
401071572,IND,4066425,9
401071572,IND,2528588,14
401071572,IND,3155942,26
401071572,IND,6446,21
401071572,IND,3983,16
401071572,IND,6615,0
401071572,IND,3136485,0
401071572,IND,3922230,0
401071572,DET,3989,35
401071572,DET,6585,38
401071572,DET,6443,27
401071572,DET,3981,25
401071572,DET,4065670,30
401071572,DET,4017843,13
401071572,DET,2016,10
401071572,DET,4305,21
401071572,DET,2530572,18
401071572,DET,3913174,24
401071572,DET,6452,0
401071572,DET,2991039,0
401071572,DET,3912334,0
401071573,SA,6426,31
401071573,SA,2983,37
401071573,SA,2994526,33
401071573,SA,3978,34
401071573,SA,3078576,25
401071573,SA,3914283,3
401071573,SA,3974,3
401071573,SA,4253,3
401071573,SA,3005,19
401071573,SA,3134908,11
401071573,SA,4004,19
401071573,SA,3190,21
401071573,SA,996,0
401071573,BKN,2595231,19
401071573,BKN,2528794,31
401071573,BKN,4066328,27
401071573,BKN,2991043,27
401071573,BKN,3136776,36
401071573,BKN,3970,27
401071573,BKN,4230548,11
401071573,BKN,4259,21
401071573,BKN,2530780,16
401071573,BKN,2531210,25
401071573,BKN,4348696,0
401071573,BKN,3201,0
401071573,BKN,3064291,0
401071574,PHX,4278129,25
401071574,PHX,4066297,25
401071574,PHX,2530276,32
401071574,PHX,3133603,26
401071574,PHX,3136193,33
401071574,PHX,2993370,23
401071574,PHX,165,21
401071574,PHX,2489530,17
401071574,PHX,3147657,34
401071574,PHX,4066436,5
401071574,PHX,3908806,0
401071574,PHX,4011991,0
401071574,PHX,4230550,0
401071574,MIA,2489663,41
401071574,MIA,3157465,22
401071574,MIA,4262,27
401071574,MIA,2581190,37
401071574,MIA,6628,32
401071574,MIA,3412,7
401071574,MIA,4066261,21
401071574,MIA,3423,23
401071574,MIA,1987,30
401071574,MIA,2184,0
401071574,MIA,3936099,0
401071574,MIA,4355392,0
401071574,MIA,2488826,0
401071575,MIL,2767,24
401071575,MIL,6609,27
401071575,MIL,3448,27
401071575,MIL,4238,26
401071575,MIL,2566769,25
401071575,MIL,6459,23
401071575,MIL,3058254,3
401071575,MIL,3136491,20
401071575,MIL,3138192,3
401071575,MIL,2528353,23
401071575,MIL,2490589,12
401071575,MIL,2578239,28
401071575,MIL,4277842,0
401071575,CHI,4066336,36
401071575,CHI,3447,34
401071575,CHI,3893019,28
401071575,CHI,2991047,30
401071575,CHI,3064440,36
401071575,CHI,3113587,11
401071575,CHI,2991274,20
401071575,CHI,3059316,29
401071575,CHI,3907386,15
401071575,CHI,3149010,0
401071575,CHI,4277847,0
401071576,ATL,3908845,32
401071576,ATL,6637,32
401071576,ATL,2580913,33
401071576,ATL,4066372,23
401071576,ATL,4277905,41
401071576,ATL,2982340,0
401071576,ATL,4065836,20
401071576,ATL,2596107,9
401071576,ATL,3062667,23
401071576,ATL,136,13
401071576,ATL,3133874,13
401071576,ATL,2991283,0
401071576,ATL,2579279,0
401071576,HOU,3033,30
401071576,HOU,6433,26
401071576,HOU,3102529,34
401071576,HOU,2779,35
401071576,HOU,3992,36
401071576,HOU,6617,20
401071576,HOU,2761,14
401071576,HOU,3431,32
401071576,HOU,6468,13
401071576,HOU,6597,0
401071576,HOU,3132042,0
401071576,HOU,3136989,0
401071576,HOU,3137795,0
401071577,LAL,1966,40
401071577,LAL,3134907,34
401071577,LAL,3913176,38
401071577,LAL,2528779,39
401071577,LAL,3452,19
401071577,LAL,984,16
401071577,LAL,2490089,11
401071577,LAL,3026,16
401071577,LAL,4244,3
401071577,LAL,2581018,18
401071577,LAL,3062679,6
401071577,LAL,3150844,0
401071577,LAL,2991350,0
401071577,MEM,3917378,19
401071577,MEM,2284101,36
401071577,MEM,6477,25
401071577,MEM,4240,34
401071577,MEM,3195,32
401071577,MEM,2579492,0
401071577,MEM,3113297,27
401071577,MEM,6466,19
401071577,MEM,3224,23
401071577,MEM,3064447,26
401071577,MEM,2778,0
401071577,MEM,3133635,0
401071577,MEM,3915560,0
401071578,SAC,6578,36
401071578,SAC,4277848,37
401071578,SAC,2991282,13
401071578,SAC,2990984,29
401071578,SAC,4066259,33
401071578,SAC,4269,10
401071578,SAC,4065649,15
401071578,SAC,3191,16
401071578,SAC,3444,2
401071578,SAC,2991018,13
401071578,SAC,6429,8
401071578,SAC,3037789,29
401071578,SAC,3059315,0
401071578,MIN,3032978,23
401071578,MIN,3059319,31
401071578,MIN,3136195,31
401071578,MIN,3135046,31
401071578,MIN,4065663,26
401071578,MIN,3276,17
401071578,MIN,2429,26
401071578,MIN,3986,17
401071578,MIN,3456,25
401071578,MIN,3417,14
401071578,MIN,3136779,0
401071578,MIN,2534781,0
401071578,MIN,4015,0
401071579,PHI,3155533,18
401071579,PHI,6430,35
401071579,PHI,6440,39
401071579,PHI,3024,36
401071579,PHI,3907387,34
401071579,PHI,6622,31
401071579,PHI,4376,20
401071579,PHI,2530530,14
401071579,PHI,2579466,13
401071579,PHI,2769,0
401071579,PHI,2579321,0
401071579,NO,6583,21
401071579,NO,3064514,34
401071579,NO,3995,34
401071579,NO,2583639,30
401071579,NO,3133626,26
401071579,NO,3919335,17
401071579,NO,3134881,8
401071579,NO,3135048,17
401071579,NO,6460,20
401071579,NO,2489785,12
401071579,NO,4065651,19
401071579,NO,2488958,0
401071579,NO,2488945,0
401071580,DAL,609,26
401071580,DAL,2531367,37
401071580,DAL,2578185,34
401071580,DAL,2528210,35
401071580,DAL,3945274,33
401071580,DAL,2960236,18
401071580,DAL,3138156,3
401071580,DAL,2968458,12
401071580,DAL,2579260,6
401071580,DAL,2382,15
401071580,DAL,3934672,21
401071580,DAL,3445,0
401071580,DAL,2489693,0
401071580,LAC,3428,31
401071580,LAC,4017837,19
401071580,LAC,3964,39
401071580,LAC,3914044,22
401071580,LAC,4278073,17
401071580,LAC,2327577,17
401071580,LAC,2991055,29
401071580,LAC,2799,34
401071580,LAC,3064539,1
401071580,LAC,4023,18
401071580,LAC,3002137,13
401071580,LAC,3059306,0
401071580,LAC,3943606,0
401071581,ORL,3064290,32
401071581,ORL,4065654,32
401071581,ORL,6478,34
401071581,ORL,6588,37
401071581,ORL,3415,30
401071581,ORL,3074797,23
401071581,ORL,2578240,14
401071581,ORL,6619,20
401071581,ORL,2531047,18
401071581,ORL,2982249,0
401071581,ORL,3064517,0
401071581,NY,3078284,11
401071581,NY,6485,15
401071581,NY,4278075,27
401071581,NY,4065697,21
401071581,NY,2991149,17
401071581,NY,3906522,36
401071581,NY,3064560,4
401071581,NY,4351852,33
401071581,NY,6594,23
401071581,NY,3892818,32
401071581,NY,3907525,21
401071582,BOS,6462,26
401071582,BOS,4065648,24
401071582,BOS,3213,24
401071582,BOS,6442,28
401071582,BOS,2990992,24
401071582,BOS,3056602,13
401071582,BOS,4017844,5
401071582,BOS,4249,23
401071582,BOS,2451037,9
401071582,BOS,4066211,20
401071582,BOS,3074752,22
401071582,BOS,3917376,22
401071582,BOS,6507,0
401071582,TOR,3439,20
401071582,TOR,3988,14
401071582,TOR,6450,26
401071582,TOR,3149673,30
401071582,TOR,3012,35
401071582,TOR,2580980,5
401071582,TOR,3934719,20
401071582,TOR,3948153,5
401071582,TOR,3137730,13
401071582,TOR,3206,23
401071582,TOR,4003,7
401071582,TOR,4299,25
401071582,TOR,2595516,18
401071583,OKC,4251,40
401071583,OKC,2991070,34
401071583,OKC,4230546,21
401071583,OKC,2991235,30
401071583,OKC,3468,36
401071583,OKC,6461,14
401071583,OKC,2595435,7
401071583,OKC,2991280,18
401071583,OKC,2753,8
401071583,OKC,3032979,32
401071583,OKC,4264,0
401071583,OKC,3059358,0
401071583,OKC,4080610,0
401071583,DEN,3015,27
401071583,DEN,3112335,35
401071583,DEN,3907822,25
401071583,DEN,6579,33
401071583,DEN,3936299,33
401071583,DEN,3934662,0
401071583,DEN,4278077,0
401071583,DEN,2528693,12
401071583,DEN,2488653,21
401071583,DEN,3059310,15
401071583,DEN,6472,15
401071583,DEN,2999547,23
401071583,DEN,4017839,0
401071584,HOU,3033,36
401071584,HOU,3102529,41
401071584,HOU,2779,32
401071584,HOU,3431,35
401071584,HOU,3992,36
401071584,HOU,6597,1
401071584,HOU,6433,8
401071584,HOU,6617,21
401071584,HOU,2761,24
401071584,HOU,6468,6
401071584,HOU,3132042,0
401071584,HOU,3136989,0
401071584,HOU,1713,0
401071584,CHA,2797,33
401071584,CHA,3416,41
401071584,CHA,4066383,23
401071584,CHA,2579258,34
401071584,CHA,6479,37
401071584,CHA,6601,10
401071584,CHA,6427,12
401071584,CHA,6603,32
401071584,CHA,1015,12
401071584,CHA,4066262,5
401071584,CHA,2999409,0
401071584,CHA,6454,0
401071584,CHA,3907821,0
401071585,MIN,3032978,29
401071585,MIN,3059319,41
401071585,MIN,3136195,41
401071585,MIN,3135046,37
401071585,MIN,4065663,33
401071585,MIN,3276,19
401071585,MIN,2429,8
401071585,MIN,3986,11
401071585,MIN,3136779,4
401071585,MIN,3456,27
401071585,MIN,3417,14
401071585,MIN,3057240,0
401071585,MIN,2534781,0
401071585,ATL,2990962,26
401071585,ATL,3908845,33
401071585,ATL,2580913,19
401071585,ATL,4066372,30
401071585,ATL,4277905,43
401071585,ATL,4065836,19
401071585,ATL,6637,14
401071585,ATL,2596107,9
401071585,ATL,3062667,34
401071585,ATL,136,27
401071585,ATL,2579279,4
401071585,ATL,3133874,5
401071585,ATL,2982340,0
401071587,WSH,3209,27
401071587,WSH,3064482,26
401071587,WSH,2426,35
401071587,WSH,6621,31
401071587,WSH,6580,40
401071587,WSH,3056600,21
401071587,WSH,4247,14
401071587,WSH,4278508,13
401071587,WSH,3934723,20
401071587,WSH,2580898,13
401071587,WSH,2991184,0
401071587,WSH,2774,0
401071587,BKN,2595231,16
401071587,BKN,2528794,25
401071587,BKN,4066328,22
401071587,BKN,2991043,20
401071587,BKN,3136776,29
401071587,BKN,3970,19
401071587,BKN,4416645,0
401071587,BKN,3201,13
401071587,BKN,3064291,16
401071587,BKN,4230548,13
401071587,BKN,4259,10
401071587,BKN,2530780,23
401071587,BKN,2531210,25
401071587,BKN,2992257,8
401071588,GS,3202,39
401071588,GS,6589,23
401071588,GS,3155535,13
401071588,GS,3975,34
401071588,GS,6475,37
401071588,GS,2386,25
401071588,GS,3998,17
401071588,GS,2530923,4
401071588,GS,3064427,19
401071588,GS,2566745,11
401071588,GS,2595209,2
401071588,GS,2393,16
401071588,MIA,3135047,31
401071588,MIA,2489663,30
401071588,MIA,4066261,32
401071588,MIA,2581190,38
401071588,MIA,6628,23
401071588,MIA,2184,6
401071588,MIA,3936099,17
401071588,MIA,3423,20
401071588,MIA,1987,26
401071588,MIA,2488826,18
401071588,MIA,3412,0
401071588,MIA,3157465,0
401071588,MIA,4262,0
401071586,POR,4248,28
401071586,POR,6591,37
401071586,POR,3102530,30
401071586,POR,6606,37
401071586,POR,2490149,37
401071586,POR,2982268,12
401071586,POR,6447,18
401071586,POR,2581177,20
401071586,POR,2326307,20
401071586,POR,4066650,0
401071586,POR,6605,0
401071586,POR,3936296,0
401071586,POR,4277843,0
401071586,BOS,6462,30
401071586,BOS,4065648,35
401071586,BOS,3213,36
401071586,BOS,6442,35
401071586,BOS,2990992,36
401071586,BOS,4249,27
401071586,BOS,2451037,10
401071586,BOS,4066211,0
401071586,BOS,3917376,30
401071586,BOS,3056602,0
401071586,BOS,4017844,0
401071586,BOS,6507,0
401071589,CHI,4066336,35
401071589,CHI,2594922,32
401071589,CHI,3447,40
401071589,CHI,2991139,31
401071589,CHI,3064440,35
401071589,CHI,3113587,4
401071589,CHI,3893019,8
401071589,CHI,2991047,17
401071589,CHI,2991274,19
401071589,CHI,3059316,19
401071589,CHI,3907385,0
401071589,CHI,3907386,0
401071589,MEM,2284101,31
401071589,MEM,3113297,28
401071589,MEM,6477,27
401071589,MEM,4240,38
401071589,MEM,3195,35
401071589,MEM,6466,19
401071589,MEM,3224,21
401071589,MEM,2778,14
401071589,MEM,3064447,22
401071589,MEM,3915560,5
401071589,MEM,3917378,0
401071589,MEM,3133635,0
401071590,DET,3989,35
401071590,DET,6585,37
401071590,DET,6443,29
401071590,DET,3981,24
401071590,DET,4065670,20
401071590,DET,4017843,15
401071590,DET,2016,9
401071590,DET,4305,19
401071590,DET,2530572,21
401071590,DET,3913174,32
401071590,DET,6452,0
401071590,DET,2991039,0
401071590,DET,3912334,0
401071590,SA,2983,39
401071590,SA,3134908,34
401071590,SA,2994526,6
401071590,SA,3978,37
401071590,SA,3078576,29
401071590,SA,3974,5
401071590,SA,3005,21
401071590,SA,6426,15
401071590,SA,4004,19
401071590,SA,3190,35
401071590,SA,996,0
401071590,SA,3914283,0
401071590,SA,4253,0
401071591,IND,3244,32
401071591,IND,3593,34
401071591,IND,3133628,31
401071591,IND,3973,27
401071591,IND,4032,37
401071591,IND,4066425,17
401071591,IND,2528588,18
401071591,IND,6615,11
401071591,IND,6446,32
401071591,IND,3922230,3
401071591,IND,3983,0
401071591,DAL,609,22
401071591,DAL,2531367,37
401071591,DAL,2528210,36
401071591,DAL,3934672,34
401071591,DAL,3945274,32
401071591,DAL,2578185,20
401071591,DAL,2960236,28
401071591,DAL,3138156,14
401071591,DAL,2382,18
401071591,DAL,2968458,0
401071591,DAL,3445,0
401071591,DAL,2489693,0
401071592,LAC,3428,30
401071592,LAC,4017837,18
401071592,LAC,3964,36
401071592,LAC,3914044,28
401071592,LAC,4278073,19
401071592,LAC,2327577,21
401071592,LAC,2991055,27
401071592,LAC,2799,34
401071592,LAC,3064539,1
401071592,LAC,4023,20
401071592,LAC,3002137,6
401071592,LAC,3059306,0
401071592,UTAH,4257,22
401071592,UTAH,2968436,37
401071592,UTAH,3032976,34
401071592,UTAH,4011,25
401071592,UTAH,3908809,36
401071592,UTAH,6581,31
401071592,UTAH,3028,6
401071592,UTAH,2583632,21
401071592,UTAH,2968361,18
401071592,UTAH,2011,12
401071592,UTAH,4261,0
401071592,UTAH,2990969,0
401071592,UTAH,3135045,0
401071593,MIL,6609,37
401071593,MIL,3032977,24
401071593,MIL,3448,37
401071593,MIL,4238,36
401071593,MIL,2566769,32
401071593,MIL,2767,15
401071593,MIL,6459,27
401071593,MIL,3136491,7
401071593,MIL,3952343,0
401071593,MIL,2528353,21
401071593,MIL,2490589,6
401071593,MIL,2578239,25
401071593,MIL,3058254,0
401071593,MIL,3138192,0
401071593,SAC,6578,41
401071593,SAC,2991282,32
401071593,SAC,2990984,41
401071593,SAC,3037789,43
401071593,SAC,4066259,38
401071593,SAC,4065649,17
401071593,SAC,3191,20
401071593,SAC,4277848,18
401071593,SAC,2991018,15
401071593,SAC,4269,0
401071593,SAC,3444,0
401071593,SAC,6429,0
401071593,SAC,3059315,0
401071594,NO,6583,21
401071594,NO,3064514,40
401071594,NO,3995,36
401071594,NO,2583639,31
401071594,NO,3133626,24
401071594,NO,3919335,15
401071594,NO,6610,25
401071594,NO,3134881,1
401071594,NO,3135048,3
401071594,NO,6460,7
401071594,NO,2489785,8
401071594,NO,4065651,29
401071594,NO,2488945,0
401071594,LAL,1966,37
401071594,LAL,3134907,34
401071594,LAL,3913176,40
401071594,LAL,2528779,36
401071594,LAL,3026,37
401071594,LAL,984,2
401071594,LAL,3452,11
401071594,LAL,2490089,5
401071594,LAL,4244,21
401071594,LAL,2581018,7
401071594,LAL,3062679,10
401071594,LAL,3150844,0
401071594,LAL,2991350,0
401071595,MIN,3032978,21
401071595,MIN,3059319,38
401071595,MIN,3136195,34
401071595,MIN,4015,29
401071595,MIN,4065663,26
401071595,MIN,3276,20
401071595,MIN,3986,21
401071595,MIN,3136779,10
401071595,MIN,3456,24
401071595,MIN,3135046,18
401071595,MIN,3057240,0
401071595,MIN,2534781,0
401071595,MIN,3417,0
401071595,IND,3244,29
401071595,IND,3593,30
401071595,IND,3133628,23
401071595,IND,3973,29
401071595,IND,4032,34
401071595,IND,4066425,22
401071595,IND,2528588,15
401071595,IND,6615,15
401071595,IND,6446,29
401071595,IND,3922230,14
401071595,IND,3983,0
401071596,GS,6589,39
401071596,GS,2530923,24
401071596,GS,4258,32
401071596,GS,3975,37
401071596,GS,6475,36
401071596,GS,3998,22
401071596,GS,3064427,14
401071596,GS,3155535,8
401071596,GS,2566745,11
401071596,GS,2595209,4
401071596,GS,2393,15
401071596,ORL,3064290,36
401071596,ORL,4065654,26
401071596,ORL,6478,30
401071596,ORL,6588,29
401071596,ORL,3415,27
401071596,ORL,3074797,26
401071596,ORL,2578240,18
401071596,ORL,6619,27
401071596,ORL,3936294,21
401071596,ORL,2982249,0
401071596,ORL,3064517,0
401071596,ORL,2531047,0
401071597,CLE,3449,28
401071597,CLE,3893016,32
401071597,CLE,4017838,26
401071597,CLE,6448,19
401071597,CLE,4277811,32
401071597,CLE,2580365,19
401071597,CLE,3062744,18
401071597,CLE,3907487,13
401071597,CLE,2489716,16
401071597,CLE,2528426,29
401071597,CLE,2991042,7
401071597,CLE,2754,0
401071597,NY,3078284,22
401071597,NY,6485,19
401071597,NY,4278075,22
401071597,NY,4065697,29
401071597,NY,2991149,29
401071597,NY,3906522,27
401071597,NY,4351852,28
401071597,NY,6594,9
401071597,NY,3892818,22
401071597,NY,3907525,32
401071597,NY,3064560,0
401071598,MIA,3135047,31
401071598,MIA,2489663,33
401071598,MIA,4066261,29
401071598,MIA,2581190,37
401071598,MIA,6628,32
401071598,MIA,3936099,20
401071598,MIA,3423,25
401071598,MIA,1987,26
401071598,MIA,2488826,6
401071598,MIA,2184,0
401071598,MIA,3412,0
401071598,MIA,3157465,0
401071598,MIA,4262,0
401071598,HOU,3033,22
401071598,HOU,3132042,32
401071598,HOU,3102529,36
401071598,HOU,2779,34
401071598,HOU,3992,44
401071598,HOU,1713,7
401071598,HOU,6617,31
401071598,HOU,2761,34
401071598,HOU,6597,0
401071598,HOU,6433,0
401071598,HOU,3136989,0
401071598,HOU,3431,0
401071598,HOU,6468,0
401071600,PHI,3155533,20
401071600,PHI,6430,37
401071600,PHI,6440,40
401071600,PHI,3024,34
401071600,PHI,3907387,41
401071600,PHI,6622,21
401071600,PHI,2769,14
401071600,PHI,2579321,16
401071600,PHI,2530530,17
401071600,PHI,3912332,0
401071600,PHI,2579466,0
401071600,OKC,6461,19
401071600,OKC,2991070,37
401071600,OKC,4230546,38
401071600,OKC,2991235,32
401071600,OKC,3468,38
401071600,OKC,4264,5
401071600,OKC,2595435,17
401071600,OKC,2991280,10
401071600,OKC,2753,12
401071600,OKC,3032979,33
401071600,OKC,4251,0
401071600,OKC,3059358,0
401071600,OKC,4080610,0
401071599,UTAH,4257,30
401071599,UTAH,2583632,40
401071599,UTAH,2968436,36
401071599,UTAH,3032976,30
401071599,UTAH,3908809,36
401071599,UTAH,6581,24
401071599,UTAH,3028,12
401071599,UTAH,2011,22
401071599,UTAH,3135045,10
401071599,UTAH,4261,0
401071599,UTAH,2990969,0
401071599,UTAH,2990968,0
401071599,DEN,3015,30
401071599,DEN,3112335,32
401071599,DEN,3907822,24
401071599,DEN,6579,38
401071599,DEN,3936299,32
401071599,DEN,4017839,10
401071599,DEN,2528693,2
401071599,DEN,2488653,22
401071599,DEN,3059310,16
401071599,DEN,6472,11
401071599,DEN,2999547,23
401071599,DEN,3934662,0
401071599,DEN,4278077,0
401071601,CHI,4066336,54
401071601,CHI,2594922,55
401071601,CHI,3447,40
401071601,CHI,2991139,32
401071601,CHI,3064440,56
401071601,CHI,3113587,5
401071601,CHI,3893019,14
401071601,CHI,2991047,38
401071601,CHI,2991274,15
401071601,CHI,3059316,32
401071601,CHI,3907385,0
401071601,CHI,3907386,0
401071601,ATL,2990962,37
401071601,ATL,4065836,19
401071601,ATL,2580913,33
401071601,ATL,4066372,30
401071601,ATL,4277905,56
401071601,ATL,2982340,5
401071601,ATL,6637,31
401071601,ATL,2596107,36
401071601,ATL,3062667,37
401071601,ATL,136,45
401071601,ATL,3133874,12
401071601,ATL,3059280,0
401071602,CHA,2797,38
401071602,CHA,3416,40
401071602,CHA,4066383,18
401071602,CHA,2579258,24
401071602,CHA,6479,38
401071602,CHA,2579294,24
401071602,CHA,6427,5
401071602,CHA,6603,35
401071602,CHA,1015,18
401071602,CHA,6601,0
401071602,CHA,2999409,0
401071602,CHA,6454,0
401071602,CHA,4066262,0
401071602,BKN,2595231,18
401071602,BKN,2528794,28
401071602,BKN,4066328,23
401071602,BKN,2991043,24
401071602,BKN,3136776,28
401071602,BKN,3970,26
401071602,BKN,3064291,15
401071602,BKN,4230548,18
401071602,BKN,4259,10
401071602,BKN,2580782,23
401071602,BKN,2530780,4
401071602,BKN,2531210,23
401071602,BKN,3201,0
401071603,POR,4248,21
401071603,POR,6591,27
401071603,POR,3102530,19
401071603,POR,6606,37
401071603,POR,2490149,40
401071603,POR,2982268,27
401071603,POR,4066650,10
401071603,POR,6605,19
401071603,POR,2581177,21
401071603,POR,2326307,19
401071603,POR,3936296,0
401071603,POR,4277843,0
401071603,POR,4351851,0
401071603,TOR,3988,24
401071603,TOR,6450,34
401071603,TOR,3149673,35
401071603,TOR,3206,32
401071603,TOR,3012,40
401071603,TOR,3439,16
401071603,TOR,3934719,14
401071603,TOR,3137730,11
401071603,TOR,4299,17
401071603,TOR,2595516,17
401071603,TOR,2580980,0
401071603,TOR,3948153,0
401071603,TOR,4003,0
401071604,WSH,3209,33
401071604,WSH,3064482,28
401071604,WSH,2426,35
401071604,WSH,6621,37
401071604,WSH,6580,39
401071604,WSH,3056600,22
401071604,WSH,4247,9
401071604,WSH,4278508,13
401071604,WSH,3934723,16
401071604,WSH,2580898,9
401071604,WSH,2991184,0
401071604,WSH,2774,0
401071604,BOS,6462,27
401071604,BOS,4065648,31
401071604,BOS,3213,29
401071604,BOS,6442,34
401071604,BOS,2990992,30
401071604,BOS,4249,24
401071604,BOS,2451037,18
401071604,BOS,4066211,1
401071604,BOS,3074752,18
401071604,BOS,3917376,27
401071604,BOS,3056602,0
401071604,BOS,4017844,0
401071604,BOS,6507,0
401071605,NO,6583,21
401071605,NO,3064514,28
401071605,NO,3995,31
401071605,NO,2583639,34
401071605,NO,3133626,28
401071605,NO,3919335,21
401071605,NO,6610,22
401071605,NO,3135048,8
401071605,NO,6460,22
401071605,NO,4065651,25
401071605,NO,2488958,0
401071605,NO,3134881,0
401071605,NO,2489785,0
401071605,PHX,4011991,17
401071605,PHX,4278129,29
401071605,PHX,2530276,29
401071605,PHX,3133603,30
401071605,PHX,3136193,34
401071605,PHX,2993370,19
401071605,PHX,4066297,22
401071605,PHX,2489530,17
401071605,PHX,3147657,28
401071605,PHX,4066436,17
401071605,PHX,3908806,0
401071605,PHX,165,0
401071605,PHX,4230550,0
401071606,LAC,3428,30
401071606,LAC,4017837,18
401071606,LAC,3964,31
401071606,LAC,3914044,33
401071606,LAC,4278073,32
401071606,LAC,2327577,20
401071606,LAC,2991055,30
401071606,LAC,2799,28
401071606,LAC,3064539,0
401071606,LAC,4023,15
401071606,LAC,3002137,3
401071606,LAC,3059306,0
401071606,SAC,6578,38
401071606,SAC,2991282,31
401071606,SAC,2990984,36
401071606,SAC,3037789,35
401071606,SAC,4066259,29
401071606,SAC,4269,13
401071606,SAC,4065649,17
401071606,SAC,3191,19
401071606,SAC,2991018,9
401071606,SAC,6429,14
401071606,SAC,3906671,0
401071606,SAC,3444,0
401071606,SAC,3059315,0
401071607,MIL,6609,32
401071607,MIL,3032977,33
401071607,MIL,3448,20
401071607,MIL,4238,31
401071607,MIL,2566769,28
401071607,MIL,2767,24
401071607,MIL,6459,22
401071607,MIL,2528353,22
401071607,MIL,2490589,3
401071607,MIL,2578239,26
401071607,MIL,3058254,0
401071607,MIL,3136491,0
401071607,MIL,3138192,0
401071607,LAL,1966,39
401071607,LAL,3134907,34
401071607,LAL,3913176,39
401071607,LAL,2528779,26
401071607,LAL,3026,40
401071607,LAL,3452,10
401071607,LAL,2490089,14
401071607,LAL,2581018,23
401071607,LAL,3062679,15
401071607,LAL,984,0
401071607,LAL,3150844,0
401071607,LAL,2991350,0
401071607,LAL,4348697,0
401071608,DET,3989,26
401071608,DET,6585,26
401071608,DET,6443,21
401071608,DET,3981,21
401071608,DET,4065670,27
401071608,DET,2991039,14
401071608,DET,4017843,20
401071608,DET,2016,9
401071608,DET,4305,22
401071608,DET,2530572,21
401071608,DET,3912334,5
401071608,DET,3133602,5
401071608,DET,3913174,22
401071608,CLE,2580365,26
401071608,CLE,3893016,32
401071608,CLE,3907487,21
401071608,CLE,6448,20
401071608,CLE,4277811,35
401071608,CLE,2754,20
401071608,CLE,3062744,28
401071608,CLE,2489716,18
401071608,CLE,2528426,23
401071608,CLE,2991042,17
401071608,CLE,4017838,0
401071609,ORL,3064290,36
401071609,ORL,4065654,28
401071609,ORL,6478,32
401071609,ORL,6588,35
401071609,ORL,3415,17
401071609,ORL,3074797,17
401071609,ORL,2578240,16
401071609,ORL,6619,27
401071609,ORL,2531047,12
401071609,ORL,3936294,18
401071609,ORL,2982249,0
401071609,ORL,3064517,0
401071609,ORL,3913546,0
401071609,IND,3244,37
401071609,IND,3593,31
401071609,IND,3133628,31
401071609,IND,3973,33
401071609,IND,4032,32
401071609,IND,4066425,11
401071609,IND,2528588,13
401071609,IND,6615,17
401071609,IND,6446,22
401071609,IND,3983,13
401071609,IND,3059262,0
401071609,IND,3922230,0
401071610,BKN,2595231,15
401071610,BKN,2528794,26
401071610,BKN,4066328,18
401071610,BKN,2991043,29
401071610,BKN,3136776,23
401071610,BKN,3970,19
401071610,BKN,3201,7
401071610,BKN,3064291,12
401071610,BKN,4230548,28
401071610,BKN,4259,14
401071610,BKN,2580782,25
401071610,BKN,2531210,23
401071610,BKN,2530780,0
401071610,MIA,3135047,27
401071610,MIA,2489663,34
401071610,MIA,4066261,28
401071610,MIA,2581190,35
401071610,MIA,6628,28
401071610,MIA,2184,4
401071610,MIA,3412,4
401071610,MIA,3157465,6
401071610,MIA,3936099,26
401071610,MIA,1987,23
401071610,MIA,2488826,27
401071610,MIA,3999,0
401071610,MIA,3423,0
401071611,GS,3202,37
401071611,GS,6589,35
401071611,GS,2530923,7
401071611,GS,4258,29
401071611,GS,3975,36
401071611,GS,2386,25
401071611,GS,3998,4
401071611,GS,3064427,16
401071611,GS,2566745,9
401071611,GS,2595209,26
401071611,GS,2393,16
401071611,GS,3155535,0
401071611,GS,6475,0
401071611,PHI,3155533,22
401071611,PHI,6430,37
401071611,PHI,6440,44
401071611,PHI,3024,30
401071611,PHI,3907387,41
401071611,PHI,6622,32
401071611,PHI,2530530,19
401071611,PHI,2579466,16
401071611,PHI,2769,0
401071611,PHI,2579321,0
401071611,PHI,4376,0
401071611,PHI,3912332,0
401071612,MEM,2284101,3
401071612,MEM,3113297,35
401071612,MEM,6477,28
401071612,MEM,4240,32
401071612,MEM,3195,23
401071612,MEM,3917378,14
401071612,MEM,6466,15
401071612,MEM,3224,17
401071612,MEM,2778,26
401071612,MEM,3064447,25
401071612,MEM,3133635,12
401071612,MEM,3915560,9
401071612,DAL,609,23
401071612,DAL,2531367,32
401071612,DAL,2528210,21
401071612,DAL,3934672,28
401071612,DAL,3945274,26
401071612,DAL,2578185,12
401071612,DAL,2960236,18
401071612,DAL,3138156,11
401071612,DAL,2968458,13
401071612,DAL,2579260,15
401071612,DAL,2382,16
401071612,DAL,3445,12
401071612,DAL,2489693,13
401071613,OKC,2991070,31
401071613,OKC,4230546,37
401071613,OKC,2991235,25
401071613,OKC,3468,34
401071613,OKC,3032979,31
401071613,OKC,6461,22
401071613,OKC,2595435,25
401071613,OKC,3059358,2
401071613,OKC,2991280,9
401071613,OKC,2753,22
401071613,OKC,4080610,2
401071613,OKC,4264,0
401071613,OKC,4251,0
401071613,SA,2983,35
401071613,SA,3134908,26
401071613,SA,2994526,26
401071613,SA,3978,34
401071613,SA,3078576,30
401071613,SA,3974,2
401071613,SA,4253,2
401071613,SA,3914285,2
401071613,SA,3005,26
401071613,SA,6426,21
401071613,SA,4004,18
401071613,SA,3190,16
401071613,SA,4277890,2
401071614,NO,3064514,38
401071614,NO,3135048,23
401071614,NO,3995,35
401071614,NO,2583639,32
401071614,NO,3133626,29
401071614,NO,3919335,22
401071614,NO,6610,27
401071614,NO,3134881,4
401071614,NO,2489785,4
401071614,NO,4065651,26
401071614,NO,3232,0
401071614,NO,2488958,0
401071614,NO,6460,0
401071614,DEN,3015,36
401071614,DEN,3112335,22
401071614,DEN,6579,32
401071614,DEN,2999547,26
401071614,DEN,3936299,32
401071614,DEN,4017839,12
401071614,DEN,2528693,2
401071614,DEN,2488653,25
401071614,DEN,3059310,16
401071614,DEN,3907822,22
401071614,DEN,6472,16
401071614,DEN,3934662,0
401071614,DEN,4278077,0
401071615,LAL,1966,41
401071615,LAL,3134907,35
401071615,LAL,3913176,39
401071615,LAL,2528779,19
401071615,LAL,3026,26
401071615,LAL,984,5
401071615,LAL,3452,26
401071615,LAL,2490089,7
401071615,LAL,3150844,1
401071615,LAL,2581018,15
401071615,LAL,3062679,26
401071615,LAL,4244,0
401071615,LAL,2991350,0
401071615,PHX,4011991,17
401071615,PHX,4278129,34
401071615,PHX,2530276,29
401071615,PHX,3133603,30
401071615,PHX,3136193,40
401071615,PHX,2993370,14
401071615,PHX,4066297,23
401071615,PHX,2489530,8
401071615,PHX,3147657,30
401071615,PHX,4066436,16
401071615,PHX,3908806,0
401071615,PHX,165,0
401071615,PHX,4230550,0
401071616,MIL,2767,20
401071616,MIL,6459,27
401071616,MIL,6609,36
401071616,MIL,3032977,32
401071616,MIL,3448,30
401071616,MIL,3058254,7
401071616,MIL,3136491,16
401071616,MIL,2528353,27
401071616,MIL,2490589,10
401071616,MIL,2578239,36
401071616,MIL,3138192,0
401071616,MIL,4238,0
401071616,MIL,4277842,0
401071616,UTAH,4257,32
401071616,UTAH,2968436,32
401071616,UTAH,3032976,20
401071616,UTAH,4011,20
401071616,UTAH,3908809,39
401071616,UTAH,6581,32
401071616,UTAH,3028,11
401071616,UTAH,2583632,20
401071616,UTAH,2011,35
401071616,UTAH,4261,0
401071616,UTAH,2990969,0
401071616,UTAH,2990968,0
401071616,UTAH,3135045,0
401071617,POR,4248,31
401071617,POR,6591,22
401071617,POR,3102530,29
401071617,POR,6606,36
401071617,POR,2490149,34
401071617,POR,2982268,17
401071617,POR,4066650,15
401071617,POR,6447,19
401071617,POR,2581177,24
401071617,POR,2326307,13
401071617,POR,6605,0
401071617,POR,3936296,0
401071617,POR,4351851,0
401071617,CHA,2797,29
401071617,CHA,3416,42
401071617,CHA,4066383,17
401071617,CHA,2579258,21
401071617,CHA,6479,39
401071617,CHA,2579294,28
401071617,CHA,6427,17
401071617,CHA,6603,34
401071617,CHA,1015,14
401071617,CHA,6601,0
401071617,CHA,2999409,0
401071617,CHA,6454,0
401071617,CHA,4066262,0
401071618,HOU,3033,40
401071618,HOU,3102529,34
401071618,HOU,2779,34
401071618,HOU,3431,35
401071618,HOU,3992,39
401071618,HOU,3132042,5
401071618,HOU,1713,14
401071618,HOU,6617,25
401071618,HOU,2761,13
401071618,HOU,6597,0
401071618,HOU,6433,0
401071618,HOU,3136989,0
401071618,HOU,6468,0
401071618,BOS,6462,18
401071618,BOS,4065648,35
401071618,BOS,3213,31
401071618,BOS,6442,36
401071618,BOS,2990992,36
401071618,BOS,4249,18
401071618,BOS,2451037,8
401071618,BOS,2968439,12
401071618,BOS,3074752,18
401071618,BOS,3917376,28
401071618,BOS,3056602,0
401071618,BOS,4066211,0
401071618,BOS,6507,0
401071619,ATL,6637,27
401071619,ATL,2580913,27
401071619,ATL,2596107,27
401071619,ATL,4066372,23
401071619,ATL,4277905,18
401071619,ATL,2982340,10
401071619,ATL,2991283,26
401071619,ATL,3059280,19
401071619,ATL,3062667,24
401071619,ATL,136,12
401071619,ATL,3133874,26
401071619,CHI,4066336,29
401071619,CHI,3447,28
401071619,CHI,3893019,19
401071619,CHI,2991139,27
401071619,CHI,3064440,28
401071619,CHI,3113587,16
401071619,CHI,2991047,23
401071619,CHI,2991274,27
401071619,CHI,3059316,24
401071619,CHI,3907386,20
401071619,CHI,3907385,0
401071620,NY,3078284,28
401071620,NY,6485,8
401071620,NY,4278075,24
401071620,NY,4065697,28
401071620,NY,2991149,29
401071620,NY,3906522,15
401071620,NY,4417428,0
401071620,NY,3064560,21
401071620,NY,4351852,23
401071620,NY,6594,12
401071620,NY,3892818,29
401071620,NY,3907525,25
401071620,LAC,3428,23
401071620,LAC,4017837,23
401071620,LAC,3964,25
401071620,LAC,3914044,26
401071620,LAC,4278073,29
401071620,LAC,2327577,20
401071620,LAC,3059306,3
401071620,LAC,2991055,25
401071620,LAC,2799,22
401071620,LAC,3064539,5
401071620,LAC,3943606,5
401071620,LAC,4023,18
401071620,LAC,3002137,15
401071621,ORL,3064290,41
401071621,ORL,4065654,25
401071621,ORL,6478,36
401071621,ORL,6588,35
401071621,ORL,3415,29
401071621,ORL,3074797,13
401071621,ORL,2578240,12
401071621,ORL,6619,29
401071621,ORL,3936294,19
401071621,ORL,2982249,0
401071621,ORL,3064517,0
401071621,ORL,2531047,0
401071621,ORL,3913546,0
401071621,CLE,3449,29
401071621,CLE,2580365,32
401071621,CLE,3893016,34
401071621,CLE,6448,19
401071621,CLE,4277811,29
401071621,CLE,3062744,22
401071621,CLE,3907487,16
401071621,CLE,2489716,19
401071621,CLE,2528426,27
401071621,CLE,2991042,14
401071621,CLE,2754,0
401071622,TOR,3988,29
401071622,TOR,3149673,44
401071622,TOR,3206,38
401071622,TOR,3012,42
401071622,TOR,4299,25
401071622,TOR,3439,20
401071622,TOR,3934719,35
401071622,TOR,3137730,12
401071622,TOR,2595516,20
401071622,TOR,2580980,0
401071622,TOR,3948153,0
401071622,DET,3989,42
401071622,DET,6585,28
401071622,DET,6443,33
401071622,DET,3981,35
401071622,DET,4065670,18
401071622,DET,2991039,5
401071622,DET,4017843,20
401071622,DET,2016,10
401071622,DET,4305,20
401071622,DET,2530572,18
401071622,DET,3913174,35
401071622,DET,6452,0
401071622,DET,3912334,0
401071623,MIN,3032978,22
401071623,MIN,3059319,33
401071623,MIN,3136195,36
401071623,MIN,4015,26
401071623,MIN,4065663,16
401071623,MIN,3276,14
401071623,MIN,3986,21
401071623,MIN,3057240,2
401071623,MIN,3136779,26
401071623,MIN,2534781,2
401071623,MIN,3456,24
401071623,MIN,3135046,18
401071623,MIN,3417,0
401071623,WSH,3209,22
401071623,WSH,3064482,28
401071623,WSH,2426,26
401071623,WSH,6621,30
401071623,WSH,6580,38
401071623,WSH,3056600,26
401071623,WSH,4247,5
401071623,WSH,2991184,15
401071623,WSH,4278508,17
401071623,WSH,3934723,20
401071623,WSH,2580898,13
401071623,WSH,2774,0
401071624,MEM,2284101,28
401071624,MEM,3113297,28
401071624,MEM,6477,32
401071624,MEM,4240,35
401071624,MEM,3064447,36
401071624,MEM,6466,16
401071624,MEM,3224,16
401071624,MEM,2778,26
401071624,MEM,3133635,13
401071624,MEM,3915560,8
401071624,MEM,3917378,0
401071624,MEM,3195,0
401071624,OKC,2991070,37
401071624,OKC,4230546,36
401071624,OKC,2991235,32
401071624,OKC,3468,36
401071624,OKC,3032979,41
401071624,OKC,6461,15
401071624,OKC,2595435,23
401071624,OKC,2991280,8
401071624,OKC,2753,14
401071624,OKC,4264,0
401071624,OKC,4251,0
401071624,OKC,3129674,0
401071624,OKC,4080610,0
401071625,DAL,609,19
401071625,DAL,2531367,32
401071625,DAL,2528210,25
401071625,DAL,3934672,20
401071625,DAL,3945274,29
401071625,DAL,2578185,21
401071625,DAL,2960236,22
401071625,DAL,3138156,7
401071625,DAL,2968458,5
401071625,DAL,2579260,10
401071625,DAL,2382,10
401071625,DAL,3445,21
401071625,DAL,2489693,19
401071625,BKN,2528794,28
401071625,BKN,4230548,24
401071625,BKN,4066328,21
401071625,BKN,2531210,26
401071625,BKN,3136776,22
401071625,BKN,3970,22
401071625,BKN,3201,7
401071625,BKN,3064291,7
401071625,BKN,4259,20
401071625,BKN,2580782,20
401071625,BKN,2530780,8
401071625,BKN,2991043,27
401071625,BKN,3138154,7
401071626,ATL,6637,28
401071626,ATL,2580913,27
401071626,ATL,2596107,21
401071626,ATL,4066372,24
401071626,ATL,4277905,30
401071626,ATL,2982340,8
401071626,ATL,2991283,21
401071626,ATL,3059280,14
401071626,ATL,3062667,23
401071626,ATL,136,26
401071626,ATL,3133874,18
401071626,MIA,3135047,36
401071626,MIA,2489663,24
401071626,MIA,4066261,20
401071626,MIA,2581190,33
401071626,MIA,6628,25
401071626,MIA,2184,4
401071626,MIA,3936099,18
401071626,MIA,4262,15
401071626,MIA,1987,31
401071626,MIA,2488826,33
401071626,MIA,3412,0
401071626,MIA,3999,0
401071626,MIA,3157465,0
401071627,DEN,3015,30
401071627,DEN,3112335,38
401071627,DEN,6579,32
401071627,DEN,2999547,27
401071627,DEN,3936299,28
401071627,DEN,2528693,13
401071627,DEN,2488653,14
401071627,DEN,3059310,19
401071627,DEN,3907822,22
401071627,DEN,6472,16
401071627,DEN,4017839,0
401071627,DEN,4278077,0
401071627,DEN,3155536,0
401071627,SA,2983,36
401071627,SA,3134908,18
401071627,SA,2994526,22
401071627,SA,3978,37
401071627,SA,3078576,36
401071627,SA,3914285,4
401071627,SA,3005,28
401071627,SA,6426,17
401071627,SA,4004,16
401071627,SA,3190,26
401071627,SA,3914283,0
401071627,SA,3974,0
401071627,SA,4253,0
401071628,MIL,6609,31
401071628,MIL,3032977,34
401071628,MIL,3448,32
401071628,MIL,4238,29
401071628,MIL,2566769,29
401071628,MIL,996,5
401071628,MIL,2767,16
401071628,MIL,6459,23
401071628,MIL,2528353,20
401071628,MIL,2578239,21
401071628,MIL,3058254,0
401071628,MIL,3136491,0
401071628,MIL,4277842,0
401071628,PHX,4011991,12
401071628,PHX,4278129,34
401071628,PHX,2530276,35
401071628,PHX,3133603,33
401071628,PHX,3136193,39
401071628,PHX,2993370,14
401071628,PHX,4066297,24
401071628,PHX,165,13
401071628,PHX,2489530,6
401071628,PHX,3147657,31
401071628,PHX,3908806,0
401071628,PHX,4066436,0
401071628,PHX,4230550,0
401071629,NO,6583,22
401071629,NO,3064514,39
401071629,NO,3995,32
401071629,NO,2583639,32
401071629,NO,3133626,34
401071629,NO,3919335,17
401071629,NO,6610,25
401071629,NO,6460,24
401071629,NO,4065651,15
401071629,NO,3232,0
401071629,NO,2488958,0
401071629,NO,3134881,0
401071629,NO,2489785,0
401071629,UTAH,4257,24
401071629,UTAH,2968436,34
401071629,UTAH,3032976,34
401071629,UTAH,4011,26
401071629,UTAH,3908809,35
401071629,UTAH,6581,32
401071629,UTAH,3028,6
401071629,UTAH,2583632,20
401071629,UTAH,2011,29
401071629,UTAH,4261,0
401071629,UTAH,2990969,0
401071629,UTAH,3135045,0
401071630,NY,3078284,34
401071630,NY,4278075,21
401071630,NY,3064560,26
401071630,NY,4065697,29
401071630,NY,2991149,30
401071630,NY,3906522,17
401071630,NY,6485,15
401071630,NY,4351852,19
401071630,NY,3892818,19
401071630,NY,3907525,30
401071630,NY,6594,0
401071630,SAC,6578,37
401071630,SAC,2991282,26
401071630,SAC,2990984,35
401071630,SAC,3037789,37
401071630,SAC,4066259,33
401071630,SAC,4269,24
401071630,SAC,4065649,22
401071630,SAC,3191,13
401071630,SAC,2991018,14
401071630,SAC,3906671,0
401071630,SAC,3444,0
401071630,SAC,6429,0
401071630,SAC,3059315,0
401071631,LAC,3428,28
401071631,LAC,4017837,14
401071631,LAC,3964,36
401071631,LAC,3914044,36
401071631,LAC,4278073,24
401071631,LAC,2327577,20
401071631,LAC,2991055,34
401071631,LAC,2799,30
401071631,LAC,3064539,0
401071631,LAC,4023,11
401071631,LAC,3002137,6
401071631,LAC,3059306,0
401071631,LAC,3943606,0
401071631,LAL,1966,42
401071631,LAL,3134907,36
401071631,LAL,2528779,36
401071631,LAL,3452,13
401071631,LAL,3026,38
401071631,LAL,2490089,15
401071631,LAL,3150844,4
401071631,LAL,2581018,20
401071631,LAL,2991350,5
401071631,LAL,3062679,30
401071631,LAL,3064528,0
401071631,LAL,3913176,0
401071631,LAL,4348697,0
401071632,CHI,4066336,34
401071632,CHI,2594922,33
401071632,CHI,3447,31
401071632,CHI,2991139,31
401071632,CHI,3064440,37
401071632,CHI,3113587,8
401071632,CHI,3893019,5
401071632,CHI,2991047,24
401071632,CHI,2991274,14
401071632,CHI,3059316,24
401071632,CHI,3907386,0
401071632,IND,3244,37
401071632,IND,3593,35
401071632,IND,3133628,36
401071632,IND,3973,33
401071632,IND,4032,34
401071632,IND,4066425,6
401071632,IND,2528588,13
401071632,IND,6615,11
401071632,IND,6446,22
401071632,IND,3983,14
401071632,IND,3136485,0
401071632,IND,3922230,0
401071633,ORL,3064290,39
401071633,ORL,4065654,32
401071633,ORL,6478,34
401071633,ORL,6588,34
401071633,ORL,3415,29
401071633,ORL,3064517,12
401071633,ORL,3074797,20
401071633,ORL,2578240,14
401071633,ORL,3936294,26
401071633,ORL,2982249,0
401071633,ORL,2531047,0
401071633,ORL,3074743,0
401071633,ORL,3913546,0
401071633,PHI,2769,20
401071633,PHI,6430,34
401071633,PHI,6440,34
401071633,PHI,3024,31
401071633,PHI,3907387,40
401071633,PHI,6622,28
401071633,PHI,3912332,9
401071633,PHI,2530530,17
401071633,PHI,2579466,27
401071633,PHI,3155533,0
401071633,PHI,2579321,0
401071633,PHI,4291678,0
401071634,HOU,3033,36
401071634,HOU,3102529,34
401071634,HOU,2779,31
401071634,HOU,3431,31
401071634,HOU,3992,37
401071634,HOU,3132042,11
401071634,HOU,1713,14
401071634,HOU,6617,25
401071634,HOU,2761,21
401071634,HOU,6597,0
401071634,HOU,6433,0
401071634,HOU,3136989,0
401071634,HOU,6468,0
401071634,TOR,3439,30
401071634,TOR,3988,32
401071634,TOR,6450,36
401071634,TOR,3149673,38
401071634,TOR,3012,42
401071634,TOR,3934719,14
401071634,TOR,3137730,10
401071634,TOR,3206,18
401071634,TOR,4299,11
401071634,TOR,2595516,10
401071634,TOR,2580980,0
401071634,TOR,3948153,0
401071635,POR,4248,27
401071635,POR,6591,32
401071635,POR,3102530,31
401071635,POR,6606,37
401071635,POR,2490149,35
401071635,POR,2982268,17
401071635,POR,6447,17
401071635,POR,2581177,20
401071635,POR,4239,10
401071635,POR,2326307,14
401071635,POR,4066650,0
401071635,POR,6605,0
401071635,POR,3936296,0
401071635,MEM,2284101,25
401071635,MEM,3113297,15
401071635,MEM,6477,21
401071635,MEM,4240,34
401071635,MEM,3195,35
401071635,MEM,3917378,24
401071635,MEM,6466,8
401071635,MEM,3224,27
401071635,MEM,2778,24
401071635,MEM,3064447,26
401071635,MEM,3915560,0
401071636,OKC,4251,38
401071636,OKC,2991070,34
401071636,OKC,4230546,16
401071636,OKC,2991235,36
401071636,OKC,3468,38
401071636,OKC,6461,15
401071636,OKC,2595435,13
401071636,OKC,2991280,10
401071636,OKC,2753,10
401071636,OKC,3032979,29
401071636,OKC,4264,0
401071636,OKC,3129674,0
401071636,MIN,3032978,24
401071636,MIN,3059319,33
401071636,MIN,3136195,30
401071636,MIN,4015,33
401071636,MIN,4065663,30
401071636,MIN,3276,16
401071636,MIN,3986,20
401071636,MIN,3136779,12
401071636,MIN,2534781,6
401071636,MIN,3456,20
401071636,MIN,3135046,15
401071636,MIN,3057240,0
401071636,MIN,3417,0
401071637,BOS,6462,17
401071637,BOS,4065648,27
401071637,BOS,3213,22
401071637,BOS,6442,30
401071637,BOS,2990992,25
401071637,BOS,3056602,6
401071637,BOS,4017844,4
401071637,BOS,4249,28
401071637,BOS,2451037,12
401071637,BOS,2968439,14
401071637,BOS,6507,5
401071637,BOS,3074752,23
401071637,BOS,3917376,27
401071637,GS,3202,31
401071637,GS,6589,25
401071637,GS,2530923,17
401071637,GS,4258,25
401071637,GS,3975,31
401071637,GS,2386,13
401071637,GS,3998,14
401071637,GS,3064427,23
401071637,GS,2566745,17
401071637,GS,2595209,27
401071637,GS,3934621,17
401071637,GS,2393,0
401071638,MIA,3135047,25
401071638,MIA,2489663,45
401071638,MIA,4066261,25
401071638,MIA,2581190,39
401071638,MIA,6628,24
401071638,MIA,3936099,4
401071638,MIA,4262,20
401071638,MIA,1987,30
401071638,MIA,2488826,27
401071638,MIA,2184,0
401071638,MIA,3412,0
401071638,MIA,3999,0
401071638,MIA,3157465,0
401071638,CHA,2797,35
401071638,CHA,3416,39
401071638,CHA,4066383,18
401071638,CHA,2579258,29
401071638,CHA,6479,37
401071638,CHA,2579294,23
401071638,CHA,6427,8
401071638,CHA,6603,27
401071638,CHA,1015,22
401071638,CHA,6601,0
401071638,CHA,2999409,0
401071638,CHA,6454,0
401071638,CHA,4066262,0
401071639,MIN,3032978,25
401071639,MIN,3059319,32
401071639,MIN,3136195,29
401071639,MIN,4015,30
401071639,MIN,4065663,21
401071639,MIN,3276,20
401071639,MIN,3986,15
401071639,MIN,3057240,5
401071639,MIN,3136779,16
401071639,MIN,2534781,7
401071639,MIN,3456,19
401071639,MIN,3135046,20
401071639,MIN,3417,0
401071639,DET,3989,30
401071639,DET,6585,39
401071639,DET,6443,20
401071639,DET,3981,22
401071639,DET,4065670,15
401071639,DET,2991039,13
401071639,DET,4017843,14
401071639,DET,4305,27
401071639,DET,2530572,24
401071639,DET,3912334,3
401071639,DET,2806,3
401071639,DET,3913174,29
401071639,DET,6452,0
401071640,DAL,2531367,36
401071640,DAL,2578185,27
401071640,DAL,2528210,30
401071640,DAL,3934672,36
401071640,DAL,3945274,36
401071640,DAL,609,12
401071640,DAL,3138156,25
401071640,DAL,2968458,12
401071640,DAL,2382,17
401071640,DAL,3445,9
401071640,DAL,4066490,0
401071640,DAL,2579260,0
401071640,DAL,2489693,0
401071640,WSH,3209,29
401071640,WSH,3064482,22
401071640,WSH,2426,35
401071640,WSH,6621,41
401071640,WSH,6580,37
401071640,WSH,3056600,29
401071640,WSH,2991184,14
401071640,WSH,4278508,17
401071640,WSH,3934723,16
401071640,WSH,4247,0
401071640,WSH,2774,0
401071640,WSH,2580898,0
401071641,SA,3005,34
401071641,SA,2983,38
401071641,SA,2994526,25
401071641,SA,3978,35
401071641,SA,3078576,29
401071641,SA,3914285,10
401071641,SA,6426,23
401071641,SA,4004,22
401071641,SA,3190,25
401071641,SA,3914283,0
401071641,SA,3974,0
401071641,SA,4253,0
401071641,SA,4277890,0
401071641,ATL,2990962,19
401071641,ATL,3908845,25
401071641,ATL,2596107,29
401071641,ATL,4066372,28
401071641,ATL,4277905,32
401071641,ATL,2991283,14
401071641,ATL,3059280,1
401071641,ATL,6637,28
401071641,ATL,3062667,20
401071641,ATL,136,28
401071641,ATL,3133874,16
401071641,ATL,2982340,0
401071642,CLE,3449,31
401071642,CLE,2580365,33
401071642,CLE,3893016,35
401071642,CLE,6448,19
401071642,CLE,4277811,31
401071642,CLE,3062744,20
401071642,CLE,3907487,11
401071642,CLE,2489716,17
401071642,CLE,2528426,26
401071642,CLE,2991042,16
401071642,CLE,2754,0
401071642,BKN,2528794,32
401071642,BKN,4230548,28
401071642,BKN,4066328,27
401071642,BKN,2531210,29
401071642,BKN,3136776,32
401071642,BKN,3970,20
401071642,BKN,4259,21
401071642,BKN,2580782,30
401071642,BKN,2991043,20
401071642,BKN,3201,0
401071642,BKN,3064291,0
401071642,BKN,2530780,0
401071642,BKN,3138154,0
401071643,PHI,2769,20
401071643,PHI,6430,36
401071643,PHI,6440,36
401071643,PHI,3024,31
401071643,PHI,3907387,35
401071643,PHI,6622,26
401071643,PHI,3155533,18
401071643,PHI,2579321,17
401071643,PHI,2530530,21
401071643,PHI,4291678,0
401071643,PHI,3912332,0
401071643,PHI,2579466,0
401071643,CHI,4066336,30
401071643,CHI,2594922,36
401071643,CHI,3447,37
401071643,CHI,2991139,26
401071643,CHI,3064440,36
401071643,CHI,3113587,5
401071643,CHI,3893019,14
401071643,CHI,2991047,22
401071643,CHI,2991274,10
401071643,CHI,3059316,23
401071643,CHI,3907386,0
401071644,UTAH,4257,25
401071644,UTAH,2968436,38
401071644,UTAH,3032976,33
401071644,UTAH,4011,28
401071644,UTAH,3908809,33
401071644,UTAH,6581,29
401071644,UTAH,3028,8
401071644,UTAH,2583632,20
401071644,UTAH,2011,25
401071644,UTAH,4261,0
401071644,UTAH,2990969,0
401071644,UTAH,3135045,0
401071644,NO,6583,21
401071644,NO,3064514,35
401071644,NO,3995,32
401071644,NO,2583639,30
401071644,NO,3133626,35
401071644,NO,3919335,10
401071644,NO,6610,26
401071644,NO,3135048,5
401071644,NO,6460,18
401071644,NO,4065651,28
401071644,NO,2488958,0
401071644,NO,3134881,0
401071644,NO,2489785,0
401071645,NY,3078284,31
401071645,NY,4278075,25
401071645,NY,3442,25
401071645,NY,4065697,37
401071645,NY,2991149,34
401071645,NY,3906522,3
401071645,NY,6485,14
401071645,NY,4351852,22
401071645,NY,3892818,17
401071645,NY,3907525,32
401071645,NY,3064560,0
401071645,NY,6594,0
401071645,PHX,4011991,18
401071645,PHX,4278129,25
401071645,PHX,2530276,29
401071645,PHX,3133603,28
401071645,PHX,3136193,34
401071645,PHX,2993370,21
401071645,PHX,4066297,26
401071645,PHX,165,14
401071645,PHX,2489530,14
401071645,PHX,3147657,21
401071645,PHX,4066436,7
401071645,PHX,4230550,2
401071645,PHX,3908806,0
401071646,BOS,6462,33
401071646,BOS,4065648,33
401071646,BOS,3213,31
401071646,BOS,2990992,31
401071646,BOS,3074752,32
401071646,BOS,3056602,14
401071646,BOS,4249,29
401071646,BOS,2451037,5
401071646,BOS,2968439,9
401071646,BOS,3917376,23
401071646,BOS,4017844,0
401071646,BOS,4066211,0
401071646,BOS,6507,0
401071646,SAC,6578,37
401071646,SAC,2991282,27
401071646,SAC,2990984,38
401071646,SAC,3037789,28
401071646,SAC,4066259,35
401071646,SAC,4269,30
401071646,SAC,4065649,21
401071646,SAC,3191,10
401071646,SAC,2991018,10
401071646,SAC,6429,4
401071646,SAC,3444,0
401071646,SAC,3059315,0
401071647,DEN,3015,40
401071647,DEN,3112335,35
401071647,DEN,6579,33
401071647,DEN,2999547,30
401071647,DEN,3936299,33
401071647,DEN,4017839,1
401071647,DEN,4278077,1
401071647,DEN,2528693,4
401071647,DEN,2488653,15
401071647,DEN,3155536,1
401071647,DEN,3059310,15
401071647,DEN,3907822,17
401071647,DEN,6472,14
401071647,LAL,1966,31
401071647,LAL,2528779,20
401071647,LAL,3452,21
401071647,LAL,3026,35
401071647,LAL,3062679,39
401071647,LAL,3064528,15
401071647,LAL,2490089,5
401071647,LAL,3150844,27
401071647,LAL,4244,9
401071647,LAL,2581018,7
401071647,LAL,2991350,29
401071647,LAL,4348697,2
401071647,LAL,3913176,0
401071648,IND,3244,33
401071648,IND,3593,33
401071648,IND,3133628,35
401071648,IND,3973,26
401071648,IND,4032,34
401071648,IND,4066425,11
401071648,IND,2528588,15
401071648,IND,6615,13
401071648,IND,6446,24
401071648,IND,3136485,2
401071648,IND,3983,12
401071648,IND,3922230,2
401071648,MIL,6609,32
401071648,MIL,3032977,33
401071648,MIL,3448,31
401071648,MIL,4238,26
401071648,MIL,2566769,29
401071648,MIL,996,11
401071648,MIL,2767,13
401071648,MIL,6459,19
401071648,MIL,3136491,1
401071648,MIL,2528353,19
401071648,MIL,2578239,18
401071648,MIL,3934673,9
401071648,MIL,3058254,0
401071649,OKC,4251,43
401071649,OKC,2991070,26
401071649,OKC,4230546,29
401071649,OKC,2991235,39
401071649,OKC,3468,40
401071649,OKC,6461,23
401071649,OKC,2595435,22
401071649,OKC,2991280,14
401071649,OKC,2753,2
401071649,OKC,3032979,27
401071649,OKC,4264,0
401071649,OKC,3129674,0
401071649,POR,4248,37
401071649,POR,6591,21
401071649,POR,3102530,34
401071649,POR,6606,47
401071649,POR,2490149,45
401071649,POR,2982268,16
401071649,POR,6447,18
401071649,POR,6605,1
401071649,POR,3936296,0
401071649,POR,2581177,32
401071649,POR,2326307,14
401071649,POR,4066650,0
401071649,POR,4277843,0
401071650,WSH,3209,29
401071650,WSH,3064482,25
401071650,WSH,2426,32
401071650,WSH,6621,37
401071650,WSH,6580,41
401071650,WSH,3056600,26
401071650,WSH,2991184,16
401071650,WSH,4278508,18
401071650,WSH,3934723,15
401071650,WSH,4247,0
401071650,WSH,2774,0
401071650,WSH,2580898,0
401071650,CHA,2797,32
401071650,CHA,3416,39
401071650,CHA,4066383,13
401071650,CHA,2579258,22
401071650,CHA,6479,36
401071650,CHA,6601,7
401071650,CHA,2579294,15
401071650,CHA,2999409,10
401071650,CHA,6603,31
401071650,CHA,1015,12
401071650,CHA,3907821,25
401071650,CHA,6454,0
401071650,CHA,4066262,0
401071651,DAL,2531367,32
401071651,DAL,2578185,26
401071651,DAL,2528210,30
401071651,DAL,3934672,30
401071651,DAL,3945274,33
401071651,DAL,609,19
401071651,DAL,3138156,21
401071651,DAL,2968458,16
401071651,DAL,2579260,11
401071651,DAL,3445,23
401071651,DAL,4066490,0
401071651,DAL,2382,0
401071651,DAL,2489693,0
401071651,ORL,3064290,32
401071651,ORL,4065654,31
401071651,ORL,6478,35
401071651,ORL,6588,33
401071651,ORL,3415,28
401071651,ORL,3074797,21
401071651,ORL,2578240,13
401071651,ORL,6619,28
401071651,ORL,2531047,20
401071651,ORL,2982249,0
401071651,ORL,3064517,0
401071651,ORL,3913546,0
401071651,ORL,3936294,0
401071652,CLE,3449,31
401071652,CLE,2580365,17
401071652,CLE,3893016,36
401071652,CLE,6448,26
401071652,CLE,4277811,35
401071652,CLE,3062744,23
401071652,CLE,3907487,18
401071652,CLE,4017838,15
401071652,CLE,2528426,29
401071652,CLE,2991042,12
401071652,CLE,2754,0
401071652,MIA,3135047,35
401071652,MIA,2489663,25
401071652,MIA,4066261,25
401071652,MIA,2581190,35
401071652,MIA,6628,17
401071652,MIA,3936099,23
401071652,MIA,4262,23
401071652,MIA,3423,16
401071652,MIA,1987,20
401071652,MIA,2488826,21
401071652,MIA,2184,0
401071652,MIA,3412,0
401071652,MIA,3999,0
401071653,DET,3989,33
401071653,DET,6585,43
401071653,DET,6443,23
401071653,DET,3981,22
401071653,DET,4065670,25
401071653,DET,2991039,4
401071653,DET,4017843,16
401071653,DET,4305,25
401071653,DET,2530572,21
401071653,DET,3913174,28
401071653,DET,6452,0
401071653,DET,2016,0
401071653,DET,2806,0
401071653,CHI,4066336,36
401071653,CHI,2594922,34
401071653,CHI,3447,37
401071653,CHI,2991139,28
401071653,CHI,3064440,38
401071653,CHI,3113587,8
401071653,CHI,3893019,10
401071653,CHI,2991047,20
401071653,CHI,2991274,13
401071653,CHI,3059316,16
401071653,CHI,3907386,0
401071654,PHI,2769,13
401071654,PHI,6430,34
401071654,PHI,6440,34
401071654,PHI,3024,28
401071654,PHI,3907387,34
401071654,PHI,6622,23
401071654,PHI,3155533,23
401071654,PHI,2579321,14
401071654,PHI,3912332,10
401071654,PHI,2530530,24
401071654,PHI,2579466,5
401071654,PHI,4376,0
401071654,HOU,3033,30
401071654,HOU,3102529,29
401071654,HOU,2779,28
401071654,HOU,3431,29
401071654,HOU,3992,32
401071654,HOU,6597,4
401071654,HOU,3132042,7
401071654,HOU,1713,10
401071654,HOU,6617,28
401071654,HOU,2761,24
401071654,HOU,6468,18
401071654,HOU,6433,0
401071655,UTAH,4257,22
401071655,UTAH,2583632,29
401071655,UTAH,2968436,35
401071655,UTAH,3032976,33
401071655,UTAH,3908809,39
401071655,UTAH,6581,32
401071655,UTAH,3028,14
401071655,UTAH,2990969,1
401071655,UTAH,2011,31
401071655,UTAH,3135045,4
401071655,UTAH,4261,0
401071655,UTAH,2990968,0
401071655,MEM,2284101,26
401071655,MEM,3224,21
401071655,MEM,6477,25
401071655,MEM,4240,36
401071655,MEM,3195,32
401071655,MEM,3917378,15
401071655,MEM,3113297,9
401071655,MEM,6466,22
401071655,MEM,2778,20
401071655,MEM,3064447,30
401071655,MEM,3915560,5
401071656,TOR,3988,24
401071656,TOR,6450,27
401071656,TOR,3149673,29
401071656,TOR,3206,19
401071656,TOR,3012,34
401071656,TOR,3439,25
401071656,TOR,2580980,4
401071656,TOR,3934719,23
401071656,TOR,3948153,4
401071656,TOR,3137730,7
401071656,TOR,4299,22
401071656,TOR,2595516,22
401071656,NO,3064514,32
401071656,NO,3135048,17
401071656,NO,2583639,29
401071656,NO,3133626,29
401071656,NO,4065651,37
401071656,NO,3919335,24
401071656,NO,6610,20
401071656,NO,2488958,12
401071656,NO,3134881,14
401071656,NO,2489785,27
401071656,NO,3232,0
401071656,NO,6583,0
401071656,NO,6460,0
401071657,DEN,3015,16
401071657,DEN,3112335,29
401071657,DEN,6579,26
401071657,DEN,2999547,22
401071657,DEN,3936299,23
401071657,DEN,4017839,3
401071657,DEN,4278077,2
401071657,DEN,2528693,26
401071657,DEN,2488653,23
401071657,DEN,3059310,29
401071657,DEN,3907822,27
401071657,DEN,6472,15
401071657,DEN,3155536,0
401071657,GS,3202,36
401071657,GS,6589,36
401071657,GS,4258,28
401071657,GS,3975,34
401071657,GS,6475,35
401071657,GS,2386,20
401071657,GS,3998,4
401071657,GS,2530923,7
401071657,GS,3064427,7
401071657,GS,3155535,15
401071657,GS,2566745,2
401071657,GS,2595209,2
401071657,GS,2393,13
401071658,OKC,4251,28
401071658,OKC,2991070,30
401071658,OKC,4230546,34
401071658,OKC,2991235,32
401071658,OKC,3468,32
401071658,OKC,6461,17
401071658,OKC,2595435,19
401071658,OKC,3129674,0
401071658,OKC,2991280,16
401071658,OKC,3032979,33
401071658,OKC,4264,0
401071658,OKC,2753,0
401071658,LAC,3428,34
401071658,LAC,4017837,23
401071658,LAC,3964,27
401071658,LAC,3914044,31
401071658,LAC,4278073,26
401071658,LAC,2327577,14
401071658,LAC,2991055,25
401071658,LAC,2799,34
401071658,LAC,3064539,3
401071658,LAC,4023,18
401071658,LAC,3002137,5
401071658,LAC,3194,0
401071658,LAC,3943606,0
401071659,SAC,6578,37
401071659,SAC,2991282,29
401071659,SAC,2990984,36
401071659,SAC,3037789,30
401071659,SAC,4066259,37
401071659,SAC,4269,29
401071659,SAC,4065649,19
401071659,SAC,3191,12
401071659,SAC,2991018,11
401071659,SAC,3906671,0
401071659,SAC,3444,0
401071659,SAC,6429,0
401071659,SAC,3059315,0
401071659,NY,6485,25
401071659,NY,4278075,23
401071659,NY,3442,26
401071659,NY,4065697,32
401071659,NY,2991149,33
401071659,NY,3906522,4
401071659,NY,3064560,13
401071659,NY,4351852,22
401071659,NY,6594,13
401071659,NY,3892818,24
401071659,NY,3907525,24
401071659,NY,3078284,0
401071660,BKN,2528794,34
401071660,BKN,4230548,21
401071660,BKN,4066328,30
401071660,BKN,2531210,28
401071660,BKN,3136776,31
401071660,BKN,3970,28
401071660,BKN,4259,18
401071660,BKN,2580782,30
401071660,BKN,2991043,21
401071660,BKN,3201,0
401071660,BKN,3064291,0
401071660,BKN,3138154,0
401071660,ATL,2990962,29
401071660,ATL,3908845,30
401071660,ATL,2596107,29
401071660,ATL,4066372,24
401071660,ATL,4277905,29
401071660,ATL,2982340,4
401071660,ATL,3059280,6
401071660,ATL,6637,19
401071660,ATL,6631,7
401071660,ATL,3062667,18
401071660,ATL,136,26
401071660,ATL,3133874,19
401071661,WSH,3209,38
401071661,WSH,3064482,31
401071661,WSH,2426,41
401071661,WSH,6621,41
401071661,WSH,6580,45
401071661,WSH,3056600,27
401071661,WSH,2991184,14
401071661,WSH,4278508,13
401071661,WSH,3934723,15
401071661,WSH,4247,0
401071661,WSH,2774,0
401071661,WSH,2580898,0
401071661,MIN,3032978,19
401071661,MIN,3136779,37
401071661,MIN,3136195,37
401071661,MIN,4015,34
401071661,MIN,4065663,19
401071661,MIN,3276,26
401071661,MIN,3986,24
401071661,MIN,3057240,20
401071661,MIN,3456,30
401071661,MIN,3135046,19
401071661,MIN,3059319,0
401071661,MIN,2534781,0
401071661,MIN,3417,0
401071662,BOS,6462,27
401071662,BOS,4065648,27
401071662,BOS,3213,28
401071662,BOS,6442,35
401071662,BOS,2990992,29
401071662,BOS,3056602,2
401071662,BOS,4017844,2
401071662,BOS,4249,30
401071662,BOS,2451037,4
401071662,BOS,2968439,16
401071662,BOS,6507,2
401071662,BOS,3074752,19
401071662,BOS,3917376,21
401071662,LAL,1966,28
401071662,LAL,3452,16
401071662,LAL,3150844,34
401071662,LAL,3026,31
401071662,LAL,2581018,16
401071662,LAL,3064528,29
401071662,LAL,2528779,22
401071662,LAL,2991350,30
401071662,LAL,3062679,28
401071662,LAL,4348697,6
401071662,LAL,2490089,0
401071662,LAL,4244,0
401071663,CHA,2797,31
401071663,CHA,3416,37
401071663,CHA,4066383,26
401071663,CHA,2579258,23
401071663,CHA,6479,31
401071663,CHA,2579294,21
401071663,CHA,2999409,4
401071663,CHA,3133601,17
401071663,CHA,6603,27
401071663,CHA,3907821,20
401071663,CHA,4066262,3
401071663,CHA,6427,0
401071663,CHA,6454,0
401071663,MIL,6609,28
401071663,MIL,3032977,30
401071663,MIL,3448,30
401071663,MIL,4238,27
401071663,MIL,2566769,27
401071663,MIL,2767,17
401071663,MIL,6459,25
401071663,MIL,3136491,2
401071663,MIL,2528353,21
401071663,MIL,2578239,15
401071663,MIL,3934673,18
401071663,MIL,996,0
401071663,MIL,3438,0
401071664,PHX,4011991,16
401071664,PHX,4278129,32
401071664,PHX,2530276,32
401071664,PHX,3133603,29
401071664,PHX,3136193,31
401071664,PHX,2993370,12
401071664,PHX,3908806,4
401071664,PHX,4066297,22
401071664,PHX,165,20
401071664,PHX,2489530,7
401071664,PHX,3147657,26
401071664,PHX,4066436,8
401071664,POR,4248,24
401071664,POR,6591,23
401071664,POR,3102530,22
401071664,POR,6606,29
401071664,POR,2490149,30
401071664,POR,2982268,25
401071664,POR,4066650,17
401071664,POR,6447,17
401071664,POR,6605,9
401071664,POR,3936296,4
401071664,POR,2581177,9
401071664,POR,2326307,21
401071664,POR,4351851,9
401071665,CHI,4066336,26
401071665,CHI,2594922,26
401071665,CHI,3447,24
401071665,CHI,2991047,26
401071665,CHI,2991139,22
401071665,CHI,3113587,19
401071665,CHI,3893019,24
401071665,CHI,2991274,32
401071665,CHI,3059316,28
401071665,CHI,3907386,14
401071665,CHI,3064440,0
401071665,DET,3989,27
401071665,DET,2991039,13
401071665,DET,6585,30
401071665,DET,6443,25
401071665,DET,3981,15
401071665,DET,6452,18
401071665,DET,4017843,21
401071665,DET,4305,20
401071665,DET,2530572,29
401071665,DET,3912334,8
401071665,DET,2806,3
401071665,DET,3913174,31
401071665,DET,2016,0
401071666,TOR,3439,22
401071666,TOR,3988,26
401071666,TOR,3149673,29
401071666,TOR,3137730,26
401071666,TOR,3012,35
401071666,TOR,2580980,4
401071666,TOR,3934719,24
401071666,TOR,3948153,4
401071666,TOR,3206,22
401071666,TOR,4299,23
401071666,TOR,2595516,24
401071666,MIA,3135047,28
401071666,MIA,2489663,24
401071666,MIA,4066261,27
401071666,MIA,2581190,26
401071666,MIA,6628,25
401071666,MIA,3412,4
401071666,MIA,3936099,24
401071666,MIA,4262,18
401071666,MIA,3423,21
401071666,MIA,1987,21
401071666,MIA,2488826,21
401071666,MIA,2184,0
401071666,MIA,3999,0
401071667,IND,3244,37
401071667,IND,3593,34
401071667,IND,3133628,19
401071667,IND,3973,30
401071667,IND,4032,39
401071667,IND,4066425,5
401071667,IND,2528588,15
401071667,IND,3155942,20
401071667,IND,6615,8
401071667,IND,6446,22
401071667,IND,3136485,1
401071667,IND,3059262,1
401071667,IND,3922230,8
401071667,PHI,6430,31
401071667,PHI,6440,35
401071667,PHI,3059318,28
401071667,PHI,3024,34
401071667,PHI,3907387,35
401071667,PHI,6622,26
401071667,PHI,3155533,1
401071667,PHI,2769,17
401071667,PHI,2579321,17
401071667,PHI,3912332,1
401071667,PHI,2530530,13
401071667,PHI,2579466,1
401071668,NO,6583,21
401071668,NO,3064514,35
401071668,NO,2583639,31
401071668,NO,3133626,30
401071668,NO,4065651,33
401071668,NO,3919335,12
401071668,NO,6610,29
401071668,NO,2488958,15
401071668,NO,3135048,8
401071668,NO,2489785,19
401071668,NO,2585637,6
401071668,NO,3232,0
401071668,NO,3134881,0
401071668,ATL,2990962,31
401071668,ATL,3908845,30
401071668,ATL,2596107,29
401071668,ATL,4066372,30
401071668,ATL,4277905,31
401071668,ATL,6637,22
401071668,ATL,2580913,20
401071668,ATL,3062667,13
401071668,ATL,136,16
401071668,ATL,3133874,17
401071668,ATL,2982340,0
401071668,ATL,3059280,0
401071668,ATL,6631,0
401071669,ORL,3064290,31
401071669,ORL,4065654,33
401071669,ORL,6478,35
401071669,ORL,6588,14
401071669,ORL,3415,31
401071669,ORL,3064517,7
401071669,ORL,3074797,32
401071669,ORL,2578240,13
401071669,ORL,6619,28
401071669,ORL,2531047,17
401071669,ORL,2982249,0
401071669,ORL,3074743,0
401071669,ORL,3913546,0
401071669,MEM,2284101,21
401071669,MEM,3113297,18
401071669,MEM,6477,25
401071669,MEM,4240,37
401071669,MEM,3195,35
401071669,MEM,3917378,7
401071669,MEM,6466,15
401071669,MEM,3224,23
401071669,MEM,2778,29
401071669,MEM,3064447,26
401071669,MEM,3915560,5
401071669,MEM,3133635,0
401071670,HOU,3033,38
401071670,HOU,3102529,36
401071670,HOU,2779,33
401071670,HOU,3431,32
401071670,HOU,3992,34
401071670,HOU,1713,12
401071670,HOU,6617,28
401071670,HOU,2761,22
401071670,HOU,6468,5
401071670,HOU,6597,0
401071670,HOU,6433,0
401071670,HOU,3132042,0
401071670,DAL,2531367,26
401071670,DAL,2578185,30
401071670,DAL,2528210,29
401071670,DAL,3934672,35
401071670,DAL,3945274,37
401071670,DAL,609,7
401071670,DAL,2960236,31
401071670,DAL,3138156,23
401071670,DAL,2382,20
401071670,DAL,3445,2
401071670,DAL,2968458,0
401071670,DAL,2579260,0
401071670,DAL,2489693,0
401071671,NY,3078284,28
401071671,NY,4278075,27
401071671,NY,3442,15
401071671,NY,4065697,29
401071671,NY,2991149,41
401071671,NY,6485,13
401071671,NY,4351852,33
401071671,NY,6594,10
401071671,NY,3892818,21
401071671,NY,3907525,24
401071671,NY,3906522,0
401071671,NY,3064560,0
401071671,MIN,3986,30
401071671,MIN,3032978,21
401071671,MIN,3136779,35
401071671,MIN,4015,33
401071671,MIN,4065663,26
401071671,MIN,3276,25
401071671,MIN,3057240,18
401071671,MIN,2534781,18
401071671,MIN,3456,8
401071671,MIN,3417,3
401071671,MIN,2325499,2
401071671,MIN,3133843,2
401071671,MIN,3135046,20
401071672,MIL,6609,31
401071672,MIL,3032977,35
401071672,MIL,3448,33
401071672,MIL,4238,31
401071672,MIL,2566769,23
401071672,MIL,996,15
401071672,MIL,6459,22
401071672,MIL,2528353,12
401071672,MIL,2578239,25
401071672,MIL,3934673,13
401071672,MIL,2767,0
401071672,MIL,3136491,0
401071672,MIL,3438,0
401071672,SA,2983,38
401071672,SA,3134908,27
401071672,SA,2994526,27
401071672,SA,3978,36
401071672,SA,3078576,29
401071672,SA,3974,4
401071672,SA,6426,27
401071672,SA,4004,23
401071672,SA,3190,30
401071672,SA,3914283,0
401071672,SA,4253,0
401071672,SA,3914285,0
401071672,SA,4277890,0
401071673,PHX,4011991,15
401071673,PHX,4278129,34
401071673,PHX,2530276,35
401071673,PHX,3133603,33
401071673,PHX,3136193,41
401071673,PHX,2993370,14
401071673,PHX,4066297,21
401071673,PHX,2489530,20
401071673,PHX,3147657,27
401071673,PHX,3908806,0
401071673,PHX,165,0
401071673,PHX,4066436,0
401071673,GS,3202,30
401071673,GS,6589,32
401071673,GS,4258,28
401071673,GS,3975,35
401071673,GS,6475,36
401071673,GS,2386,29
401071673,GS,2530923,13
401071673,GS,3155535,17
401071673,GS,2566745,5
401071673,GS,2393,15
401071673,GS,3998,0
401071673,GS,3064427,0
401071673,GS,3934621,0
401071674,TOR,3988,20
401071674,TOR,6450,31
401071674,TOR,3149673,29
401071674,TOR,3206,22
401071674,TOR,3012,30
401071674,TOR,3439,17
401071674,TOR,2580980,4
401071674,TOR,3934719,26
401071674,TOR,3948153,4
401071674,TOR,3137730,19
401071674,TOR,4299,21
401071674,TOR,2595516,19
401071674,CLE,3449,29
401071674,CLE,3893016,35
401071674,CLE,4017838,27
401071674,CLE,6448,24
401071674,CLE,4277811,36
401071674,CLE,2754,2
401071674,CLE,3908807,2
401071674,CLE,3062744,17
401071674,CLE,3907487,14
401071674,CLE,2528426,31
401071674,CLE,2991042,24
401071674,CLE,2580365,0
401071675,SAC,6578,35
401071675,SAC,2991282,26
401071675,SAC,2990984,33
401071675,SAC,3037789,25
401071675,SAC,4066259,38
401071675,SAC,4269,36
401071675,SAC,4065649,22
401071675,SAC,3191,15
401071675,SAC,2991018,5
401071675,SAC,6429,5
401071675,SAC,3906671,0
401071675,SAC,3444,0
401071675,SAC,3059315,0
401071675,WSH,3209,29
401071675,WSH,3064482,33
401071675,WSH,2426,37
401071675,WSH,6621,37
401071675,WSH,6580,38
401071675,WSH,3056600,24
401071675,WSH,4278508,13
401071675,WSH,3934723,14
401071675,WSH,2580898,15
401071675,WSH,4247,0
401071675,WSH,2991184,0
401071675,WSH,2774,0
401071676,DET,3989,26
401071676,DET,6585,29
401071676,DET,6443,18
401071676,DET,3981,22
401071676,DET,4065670,14
401071676,DET,6452,5
401071676,DET,2991039,9
401071676,DET,4017843,18
401071676,DET,2016,8
401071676,DET,4305,29
401071676,DET,2530572,27
401071676,DET,3912334,8
401071676,DET,3913174,25
401071676,BKN,2528794,23
401071676,BKN,4230548,20
401071676,BKN,4066328,25
401071676,BKN,2531210,35
401071676,BKN,3136776,24
401071676,BKN,3970,13
401071676,BKN,3201,15
401071676,BKN,3064291,5
401071676,BKN,4259,18
401071676,BKN,2580782,25
401071676,BKN,2530780,5
401071676,BKN,2991043,27
401071676,BKN,3138154,5
401071677,CHA,4066383,30
401071677,CHA,2999409,24
401071677,CHA,6479,40
401071677,CHA,6603,37
401071677,CHA,3907821,35
401071677,CHA,2579294,22
401071677,CHA,6427,7
401071677,CHA,3133601,19
401071677,CHA,4066262,26
401071677,CHA,3416,0
401071677,CHA,6601,0
401071677,CHA,2579258,0
401071677,CHA,6454,0
401071677,HOU,3033,31
401071677,HOU,3102529,31
401071677,HOU,2779,29
401071677,HOU,3431,33
401071677,HOU,3992,35
401071677,HOU,6433,20
401071677,HOU,3132042,1
401071677,HOU,6617,22
401071677,HOU,2761,18
401071677,HOU,6468,19
401071677,HOU,1713,0
401071678,OKC,4251,35
401071678,OKC,2991070,35
401071678,OKC,4230546,27
401071678,OKC,2991235,33
401071678,OKC,3468,37
401071678,OKC,4264,4
401071678,OKC,6461,8
401071678,OKC,2595435,14
401071678,OKC,3059358,1
401071678,OKC,3129674,1
401071678,OKC,2991280,15
401071678,OKC,3032979,30
401071678,OKC,2753,0
401071678,UTAH,4257,22
401071678,UTAH,2583632,40
401071678,UTAH,2968436,30
401071678,UTAH,3032976,35
401071678,UTAH,3908809,37
401071678,UTAH,6581,29
401071678,UTAH,3028,5
401071678,UTAH,4261,2
401071678,UTAH,2990969,2
401071678,UTAH,2011,22
401071678,UTAH,3102528,15
401071678,UTAH,3135045,2
401071679,BOS,6462,25
401071679,BOS,3213,26
401071679,BOS,6442,34
401071679,BOS,2990992,27
401071679,BOS,3917376,31
401071679,BOS,3056602,18
401071679,BOS,4017844,5
401071679,BOS,4249,22
401071679,BOS,2451037,9
401071679,BOS,2968439,9
401071679,BOS,4066211,4
401071679,BOS,6507,5
401071679,BOS,3074752,26
401071679,LAC,3428,27
401071679,LAC,4017837,27
401071679,LAC,3964,31
401071679,LAC,3914044,25
401071679,LAC,4278073,22
401071679,LAC,3194,9
401071679,LAC,2327577,16
401071679,LAC,2991055,21
401071679,LAC,2799,23
401071679,LAC,3064539,5
401071679,LAC,4023,24
401071679,LAC,3002137,10
401071680,NY,3078284,33
401071680,NY,4278075,25
401071680,NY,3442,35
401071680,NY,4065697,25
401071680,NY,2991149,36
401071680,NY,6485,12
401071680,NY,4351852,13
401071680,NY,6594,5
401071680,NY,3892818,32
401071680,NY,3907525,23
401071680,NY,3906522,0
401071680,NY,3064560,0
401071680,IND,3244,33
401071680,IND,3593,36
401071680,IND,3133628,37
401071680,IND,3973,31
401071680,IND,4032,37
401071680,IND,4066425,3
401071680,IND,2528588,14
401071680,IND,3155942,18
401071680,IND,6446,23
401071680,IND,3922230,7
401071680,IND,6615,0
401071680,IND,3059262,0
401071681,CLE,3062744,30
401071681,CLE,3893016,36
401071681,CLE,4017838,34
401071681,CLE,6448,26
401071681,CLE,4277811,35
401071681,CLE,2754,14
401071681,CLE,3908807,17
401071681,CLE,2528426,30
401071681,CLE,2991042,17
401071681,CLE,3449,0
401071681,CLE,3907487,0
401071681,PHI,6440,39
401071681,PHI,2579321,22
401071681,PHI,3059318,34
401071681,PHI,3024,35
401071681,PHI,3907387,38
401071681,PHI,6622,30
401071681,PHI,4376,14
401071681,PHI,2530530,10
401071681,PHI,2579466,18
401071681,PHI,3155533,0
401071681,PHI,2769,0
401071681,PHI,3912332,0
401071681,PHI,4277923,0
401071682,LAL,1966,33
401071682,LAL,3134907,34
401071682,LAL,2528779,22
401071682,LAL,3452,33
401071682,LAL,3026,31
401071682,LAL,3064528,4
401071682,LAL,2490089,4
401071682,LAL,3150844,10
401071682,LAL,2141179,2
401071682,LAL,2581018,31
401071682,LAL,2991350,11
401071682,LAL,3062679,24
401071682,LAL,4348697,0
401071682,CHI,4066336,35
401071682,CHI,2594922,33
401071682,CHI,3447,35
401071682,CHI,2991047,32
401071682,CHI,2991139,33
401071682,CHI,3113587,9
401071682,CHI,3893019,12
401071682,CHI,2991274,25
401071682,CHI,3059316,14
401071682,CHI,3907385,2
401071682,CHI,3907386,11
401071683,MIL,6609,30
401071683,MIL,3032977,26
401071683,MIL,3448,30
401071683,MIL,4238,29
401071683,MIL,2566769,20
401071683,MIL,2767,17
401071683,MIL,6459,24
401071683,MIL,2528353,27
401071683,MIL,2578239,24
401071683,MIL,3934673,13
401071683,MIL,996,0
401071683,MIL,3136491,0
401071683,MIL,3438,0
401071683,NO,6583,21
401071683,NO,3064514,36
401071683,NO,2583639,34
401071683,NO,3133626,24
401071683,NO,4065651,34
401071683,NO,3232,6
401071683,NO,3919335,14
401071683,NO,6610,29
401071683,NO,2488958,7
401071683,NO,3134881,4
401071683,NO,2489785,22
401071683,NO,2585637,8
401071683,NO,3135048,0
401071684,SA,2983,38
401071684,SA,3134908,29
401071684,SA,2994526,27
401071684,SA,3978,38
401071684,SA,3078576,33
401071684,SA,3914285,3
401071684,SA,6426,26
401071684,SA,4004,22
401071684,SA,3190,24
401071684,SA,3914283,0
401071684,SA,3974,0
401071684,SA,4253,0
401071684,SA,4277890,0
401071684,DAL,609,18
401071684,DAL,2531367,39
401071684,DAL,2578185,35
401071684,DAL,3934672,37
401071684,DAL,3945274,34
401071684,DAL,2960236,34
401071684,DAL,3138156,4
401071684,DAL,2968458,2
401071684,DAL,2382,16
401071684,DAL,2528210,22
401071684,DAL,2579260,0
401071684,DAL,3445,0
401071684,DAL,2489693,0
401071685,MIN,3032978,19
401071685,MIN,3136779,33
401071685,MIN,3136195,32
401071685,MIN,3135046,27
401071685,MIN,4065663,23
401071685,MIN,3276,16
401071685,MIN,3986,21
401071685,MIN,3057240,25
401071685,MIN,2534781,4
401071685,MIN,3417,22
401071685,MIN,2325499,18
401071685,MIN,3059319,0
401071685,MIN,3456,0
401071685,DEN,3015,33
401071685,DEN,3112335,26
401071685,DEN,6579,31
401071685,DEN,2999547,28
401071685,DEN,3936299,32
401071685,DEN,4017839,4
401071685,DEN,4278077,4
401071685,DEN,2528693,12
401071685,DEN,2488653,21
401071685,DEN,3155536,3
401071685,DEN,3059310,27
401071685,DEN,3907822,20
401071685,DEN,6472,0
401071686,POR,4248,25
401071686,POR,6591,27
401071686,POR,3102530,25
401071686,POR,6606,34
401071686,POR,2490149,35
401071686,POR,2982268,25
401071686,POR,4066650,13
401071686,POR,6447,20
401071686,POR,3936296,3
401071686,POR,4239,10
401071686,POR,2326307,20
401071686,POR,4277843,3
401071686,POR,6605,0
401071686,LAC,2327577,32
401071686,LAC,4017837,22
401071686,LAC,3964,32
401071686,LAC,3914044,26
401071686,LAC,4278073,27
401071686,LAC,3194,19
401071686,LAC,2991055,26
401071686,LAC,2799,27
401071686,LAC,3064539,2
401071686,LAC,4023,15
401071686,LAC,3002137,11
401071686,LAC,3428,0
401071688,ORL,3064290,34
401071688,ORL,4065654,27
401071688,ORL,6478,35
401071688,ORL,6588,32
401071688,ORL,3415,33
401071688,ORL,3074797,21
401071688,ORL,2578240,13
401071688,ORL,6619,29
401071688,ORL,2531047,15
401071688,ORL,2982249,0
401071688,ORL,3064517,0
401071688,ORL,3074743,0
401071688,ORL,3913546,0
401071688,WSH,3209,28
401071688,WSH,3064482,23
401071688,WSH,2426,22
401071688,WSH,6621,37
401071688,WSH,6580,39
401071688,WSH,3056600,28
401071688,WSH,4278508,17
401071688,WSH,3934723,25
401071688,WSH,2580898,21
401071688,WSH,4247,0
401071688,WSH,2991184,0
401071688,WSH,2774,0
401071690,BKN,2528794,31
401071690,BKN,4230548,27
401071690,BKN,4066328,30
401071690,BKN,2531210,35
401071690,BKN,3136776,34
401071690,BKN,3201,18
401071690,BKN,4259,18
401071690,BKN,2580782,27
401071690,BKN,2991043,19
401071690,BKN,3138154,1
401071690,BKN,3064291,0
401071690,BKN,2530780,0
401071690,OKC,4251,37
401071690,OKC,2991070,28
401071690,OKC,4230546,29
401071690,OKC,2991235,30
401071690,OKC,3468,36
401071690,OKC,2595435,14
401071690,OKC,3059358,15
401071690,OKC,2991280,18
401071690,OKC,2753,4
401071690,OKC,3032979,29
401071690,OKC,4264,0
401071690,OKC,6461,0
401071690,OKC,4080610,0
401071687,DET,3989,30
401071687,DET,6585,24
401071687,DET,6443,24
401071687,DET,3981,25
401071687,DET,4065670,10
401071687,DET,2991039,16
401071687,DET,4017843,18
401071687,DET,2016,14
401071687,DET,4305,19
401071687,DET,2530572,21
401071687,DET,3912334,6
401071687,DET,3133602,6
401071687,DET,3913174,29
401071687,MIA,3135047,26
401071687,MIA,2489663,21
401071687,MIA,4066261,17
401071687,MIA,2581190,31
401071687,MIA,6628,28
401071687,MIA,2184,7
401071687,MIA,3412,6
401071687,MIA,3936099,31
401071687,MIA,4262,20
401071687,MIA,3423,19
401071687,MIA,1987,22
401071687,MIA,2488826,13
401071687,MIA,3999,0
401071689,MEM,3917378,25
401071689,MEM,2284101,18
401071689,MEM,6477,20
401071689,MEM,4240,19
401071689,MEM,3195,26
401071689,MEM,3113297,11
401071689,MEM,6466,15
401071689,MEM,3224,24
401071689,MEM,2778,33
401071689,MEM,3064447,30
401071689,MEM,3915560,20
401071689,ATL,2990962,25
401071689,ATL,3908845,25
401071689,ATL,2580913,21
401071689,ATL,4066372,27
401071689,ATL,4277905,25
401071689,ATL,2982340,6
401071689,ATL,3059280,4
401071689,ATL,6637,17
401071689,ATL,6631,4
401071689,ATL,2596107,23
401071689,ATL,3062667,23
401071689,ATL,136,16
401071689,ATL,2579279,0
401071689,ATL,3133874,23
401071691,GS,2386,25
401071691,GS,6589,37
401071691,GS,4258,32
401071691,GS,3975,35
401071691,GS,6475,36
401071691,GS,2530923,14
401071691,GS,3064427,11
401071691,GS,3155535,16
401071691,GS,2566745,13
401071691,GS,2595209,3
401071691,GS,2393,18
401071691,GS,3998,0
401071691,GS,3934621,0
401071691,HOU,3033,35
401071691,HOU,3102529,40
401071691,HOU,2779,33
401071691,HOU,3431,31
401071691,HOU,3992,37
401071691,HOU,6433,13
401071691,HOU,6617,20
401071691,HOU,2761,15
401071691,HOU,6468,14
401071691,HOU,6597,0
401071691,HOU,3132042,0
401071691,HOU,3136989,0
401071691,HOU,2991155,0
401071692,UTAH,4257,26
401071692,UTAH,2968436,31
401071692,UTAH,3032976,32
401071692,UTAH,4011,22
401071692,UTAH,3908809,34
401071692,UTAH,6581,24
401071692,UTAH,3028,12
401071692,UTAH,4261,2
401071692,UTAH,2583632,21
401071692,UTAH,2990969,2
401071692,UTAH,2968361,11
401071692,UTAH,2011,13
401071692,UTAH,3102528,9
401071692,PHX,4011991,14
401071692,PHX,4278129,33
401071692,PHX,2530276,32
401071692,PHX,3133603,31
401071692,PHX,3136193,36
401071692,PHX,2993370,15
401071692,PHX,4066297,21
401071692,PHX,165,14
401071692,PHX,2489530,8
401071692,PHX,3147657,33
401071692,PHX,4230550,2
401071692,PHX,3908806,0
401071692,PHX,4066436,0
401071693,OKC,4251,36
401071693,OKC,2991070,31
401071693,OKC,4230546,21
401071693,OKC,2991235,34
401071693,OKC,3468,38
401071693,OKC,6461,17
401071693,OKC,2595435,17
401071693,OKC,2991280,14
401071693,OKC,3032979,32
401071693,OKC,4264,0
401071693,OKC,3059358,0
401071693,OKC,2753,0
401071693,OKC,4080610,0
401071693,IND,3244,32
401071693,IND,3593,35
401071693,IND,3133628,31
401071693,IND,3973,39
401071693,IND,4032,36
401071693,IND,4066425,5
401071693,IND,2528588,13
401071693,IND,3155942,28
401071693,IND,6446,22
401071693,IND,6615,0
401071693,IND,3922230,0
401071694,CLE,3449,24
401071694,CLE,3893016,35
401071694,CLE,4017838,30
401071694,CLE,6448,26
401071694,CLE,4277811,39
401071694,CLE,3908807,4
401071694,CLE,3062744,17
401071694,CLE,3907487,18
401071694,CLE,2528426,27
401071694,CLE,2991042,20
401071694,CLE,2754,0
401071694,ORL,3064290,29
401071694,ORL,4065654,29
401071694,ORL,6478,27
401071694,ORL,6588,29
401071694,ORL,3415,26
401071694,ORL,2982249,3
401071694,ORL,3064517,4
401071694,ORL,3074797,21
401071694,ORL,2578240,18
401071694,ORL,6619,26
401071694,ORL,2531047,22
401071694,ORL,3074743,3
401071694,ORL,3913546,3
401071695,SAC,4269,27
401071695,SAC,6578,35
401071695,SAC,2991282,29
401071695,SAC,2990984,35
401071695,SAC,4066259,37
401071695,SAC,4065649,19
401071695,SAC,3191,10
401071695,SAC,4277848,19
401071695,SAC,6429,11
401071695,SAC,3037789,18
401071695,SAC,3906671,0
401071695,SAC,3444,0
401071695,SAC,2991018,0
401071695,BOS,6462,36
401071695,BOS,4065648,29
401071695,BOS,3213,29
401071695,BOS,6442,38
401071695,BOS,2990992,29
401071695,BOS,3056602,2
401071695,BOS,4249,19
401071695,BOS,2968439,19
401071695,BOS,4066211,7
401071695,BOS,3917376,32
401071695,BOS,4017844,0
401071695,BOS,6507,0
401071696,LAL,1966,32
401071696,LAL,3134907,31
401071696,LAL,2528779,30
401071696,LAL,3452,19
401071696,LAL,3026,30
401071696,LAL,3064528,7
401071696,LAL,2490089,2
401071696,LAL,3150844,8
401071696,LAL,2141179,5
401071696,LAL,2581018,22
401071696,LAL,2991350,27
401071696,LAL,3062679,28
401071696,LAL,4348697,0
401071696,TOR,3988,19
401071696,TOR,6450,32
401071696,TOR,3149673,39
401071696,TOR,3206,26
401071696,TOR,4299,21
401071696,TOR,2580980,12
401071696,TOR,3934719,24
401071696,TOR,3948153,8
401071696,TOR,3137730,27
401071696,TOR,2531352,5
401071696,TOR,2595516,24
401071696,TOR,2595592,1
401071696,TOR,3439,0
401071697,MIN,3032978,22
401071697,MIN,3059319,30
401071697,MIN,3136195,27
401071697,MIN,3135046,29
401071697,MIN,4065663,16
401071697,MIN,3276,17
401071697,MIN,3986,18
401071697,MIN,3057240,18
401071697,MIN,3136779,26
401071697,MIN,2534781,9
401071697,MIN,3417,23
401071697,MIN,2325499,3
401071697,MIN,3133843,3
401071697,UTAH,4257,27
401071697,UTAH,2968436,30
401071697,UTAH,3032976,28
401071697,UTAH,4011,22
401071697,UTAH,3908809,32
401071697,UTAH,6581,28
401071697,UTAH,4261,2
401071697,UTAH,2583632,22
401071697,UTAH,2990969,11
401071697,UTAH,2968361,13
401071697,UTAH,2011,20
401071697,UTAH,3102528,3
401071697,UTAH,3028,0
401071698,DAL,609,19
401071698,DAL,2531367,36
401071698,DAL,2528210,37
401071698,DAL,3934672,39
401071698,DAL,3945274,35
401071698,DAL,2578185,18
401071698,DAL,2960236,29
401071698,DAL,3138156,5
401071698,DAL,2968458,10
401071698,DAL,2382,9
401071698,DAL,3445,2
401071698,DAL,2579260,0
401071698,DAL,2489693,0
401071698,DEN,3015,36
401071698,DEN,3112335,30
401071698,DEN,6579,27
401071698,DEN,2999547,27
401071698,DEN,3936299,38
401071698,DEN,4017839,6
401071698,DEN,2488653,24
401071698,DEN,3059310,31
401071698,DEN,3907822,21
401071698,DEN,3136196,0
401071698,DEN,4278077,0
401071698,DEN,3155536,0
401071698,DEN,6472,0
401071699,LAL,3134907,38
401071699,LAL,2528779,21
401071699,LAL,3452,30
401071699,LAL,2490089,15
401071699,LAL,3026,37
401071699,LAL,3064528,15
401071699,LAL,3150844,18
401071699,LAL,2141179,6
401071699,LAL,2581018,30
401071699,LAL,2991350,24
401071699,LAL,4348697,5
401071699,LAL,4244,0
401071699,LAL,3062679,0
401071699,DET,3989,34
401071699,DET,6585,37
401071699,DET,6443,29
401071699,DET,3981,28
401071699,DET,4065670,15
401071699,DET,4017843,16
401071699,DET,2016,9
401071699,DET,4305,19
401071699,DET,2530572,33
401071699,DET,3913174,20
401071699,DET,2991039,0
401071699,DET,3912334,0
401071699,DET,2806,0
401071700,SAC,4269,19
401071700,SAC,6578,33
401071700,SAC,2991282,30
401071700,SAC,2990984,31
401071700,SAC,4066259,29
401071700,SAC,4065649,18
401071700,SAC,3191,15
401071700,SAC,4277848,20
401071700,SAC,2991018,19
401071700,SAC,3037789,26
401071700,SAC,3906671,0
401071700,SAC,3444,0
401071700,SAC,6429,0
401071700,PHI,6430,35
401071700,PHI,6440,35
401071700,PHI,3059318,36
401071700,PHI,3024,31
401071700,PHI,3907387,36
401071700,PHI,6622,24
401071700,PHI,2579321,19
401071700,PHI,4376,12
401071700,PHI,2530530,12
401071700,PHI,3155533,0
401071700,PHI,2769,0
401071700,PHI,2579466,0
401071701,CHA,2797,30
401071701,CHA,3416,32
401071701,CHA,4066383,13
401071701,CHA,6427,17
401071701,CHA,6479,36
401071701,CHA,6601,16
401071701,CHA,2579294,23
401071701,CHA,6603,30
401071701,CHA,1015,15
401071701,CHA,3907821,29
401071701,CHA,2999409,0
401071701,CHA,3133601,0
401071701,CHA,4066262,0
401071701,WSH,3209,34
401071701,WSH,3064482,24
401071701,WSH,2426,31
401071701,WSH,6621,16
401071701,WSH,6580,45
401071701,WSH,3056600,35
401071701,WSH,2991184,10
401071701,WSH,4278508,17
401071701,WSH,3934723,19
401071701,WSH,2580898,8
401071701,WSH,4247,0
401071701,WSH,2774,0
401071702,MIL,6609,32
401071702,MIL,3032977,35
401071702,MIL,3448,30
401071702,MIL,4238,34
401071702,MIL,2566769,7
401071702,MIL,2767,21
401071702,MIL,6459,29
401071702,MIL,3136491,9
401071702,MIL,2528353,11
401071702,MIL,3438,7
401071702,MIL,2578239,25
401071702,MIL,996,0
401071702,MIL,3934673,0
401071702,MIA,3135047,31
401071702,MIA,2489663,35
401071702,MIA,4066261,29
401071702,MIA,2581190,37
401071702,MIA,6628,24
401071702,MIA,3936099,15
401071702,MIA,4262,19
401071702,MIA,3423,19
401071702,MIA,1987,21
401071702,MIA,2488826,11
401071702,MIA,2184,0
401071702,MIA,3412,0
401071702,MIA,3999,0
401071703,PHX,4011991,20
401071703,PHX,4278129,32
401071703,PHX,2489530,15
401071703,PHX,3133603,36
401071703,PHX,3136193,37
401071703,PHX,2993370,16
401071703,PHX,4066297,28
401071703,PHX,165,18
401071703,PHX,3147657,37
401071703,PHX,3908806,0
401071703,PHX,2530276,0
401071703,PHX,4066436,0
401071703,HOU,3033,32
401071703,HOU,2991155,35
401071703,HOU,3102529,33
401071703,HOU,3431,34
401071703,HOU,3992,42
401071703,HOU,6433,15
401071703,HOU,6617,19
401071703,HOU,2761,12
401071703,HOU,6468,18
401071703,HOU,3132042,0
401071703,HOU,1713,0
401071703,HOU,2779,0
401071704,POR,4248,26
401071704,POR,3102530,22
401071704,POR,2581177,28
401071704,POR,6606,35
401071704,POR,2490149,38
401071704,POR,2982268,13
401071704,POR,4066650,23
401071704,POR,6447,20
401071704,POR,4239,15
401071704,POR,2326307,19
401071704,POR,6605,0
401071704,POR,3936296,0
401071704,POR,4351851,0
401071704,NO,3064514,42
401071704,NO,3135048,12
401071704,NO,2583639,41
401071704,NO,3133626,30
401071704,NO,4065651,36
401071704,NO,3232,14
401071704,NO,3919335,15
401071704,NO,6610,31
401071704,NO,2489785,18
401071704,NO,6583,0
401071704,NO,2488958,0
401071704,NO,3134881,0
401071704,NO,2585637,0
401071705,NY,3078284,9
401071705,NY,4278075,25
401071705,NY,3442,31
401071705,NY,2991149,35
401071705,NY,3892818,36
401071705,NY,3906522,4
401071705,NY,6485,15
401071705,NY,3064560,10
401071705,NY,4351852,21
401071705,NY,6594,9
401071705,NY,3134880,28
401071705,NY,3907525,18
401071705,NY,2995706,0
401071705,SA,2983,27
401071705,SA,3134908,27
401071705,SA,2994526,24
401071705,SA,3978,26
401071705,SA,3078576,21
401071705,SA,3914283,5
401071705,SA,3974,15
401071705,SA,4253,4
401071705,SA,3005,19
401071705,SA,6426,20
401071705,SA,4004,28
401071705,SA,3190,21
401071705,SA,4277890,5
401071706,CHI,4066336,28
401071706,CHI,2594922,30
401071706,CHI,3447,34
401071706,CHI,2991139,28
401071706,CHI,3064440,38
401071706,CHI,3113587,13
401071706,CHI,3893019,15
401071706,CHI,2991047,8
401071706,CHI,2991274,19
401071706,CHI,3059316,23
401071706,CHI,3907386,6
401071706,LAC,3428,34
401071706,LAC,4017837,24
401071706,LAC,3964,34
401071706,LAC,3914044,27
401071706,LAC,4278073,30
401071706,LAC,3194,13
401071706,LAC,2327577,14
401071706,LAC,2991055,24
401071706,LAC,2799,27
401071706,LAC,3064539,1
401071706,LAC,4023,13
401071706,LAC,3002137,0
401071707,ATL,2990962,31
401071707,ATL,3908845,34
401071707,ATL,2580913,30
401071707,ATL,4066372,27
401071707,ATL,4277905,31
401071707,ATL,6637,21
401071707,ATL,2596107,11
401071707,ATL,3062667,19
401071707,ATL,136,21
401071707,ATL,3133874,14
401071707,ATL,2982340,0
401071707,ATL,3059280,0
401071707,ATL,6631,0
401071707,BOS,6462,33
401071707,BOS,4065648,33
401071707,BOS,3213,28
401071707,BOS,6442,36
401071707,BOS,2990992,34
401071707,BOS,3056602,6
401071707,BOS,4249,1
401071707,BOS,2451037,9
401071707,BOS,2968439,17
401071707,BOS,3074752,17
401071707,BOS,3917376,26
401071707,BOS,4066211,0
401071707,BOS,6507,0
401071708,MEM,2284101,29
401071708,MEM,3113297,7
401071708,MEM,6477,29
401071708,MEM,4240,34
401071708,MEM,3195,34
401071708,MEM,3917378,13
401071708,MEM,6466,23
401071708,MEM,3224,26
401071708,MEM,2778,10
401071708,MEM,3064447,24
401071708,MEM,3915560,12
401071708,WSH,3209,32
401071708,WSH,3064482,23
401071708,WSH,2426,26
401071708,WSH,6621,38
401071708,WSH,6580,39
401071708,WSH,3056600,30
401071708,WSH,4278508,21
401071708,WSH,3934723,20
401071708,WSH,2580898,12
401071708,WSH,4247,0
401071708,WSH,2991184,0
401071708,WSH,2774,0
401071708,WSH,2531797,0
401071709,PHX,4011991,34
401071709,PHX,4278129,22
401071709,PHX,3133603,43
401071709,PHX,3136193,41
401071709,PHX,4066436,29
401071709,PHX,3908806,15
401071709,PHX,4066297,33
401071709,PHX,2489530,8
401071709,PHX,3147657,40
401071709,PHX,2993370,0
401071709,PHX,165,0
401071709,PHX,2530276,0
401071709,PHX,4230550,0
401071709,NO,6583,22
401071709,NO,3064514,32
401071709,NO,2583639,37
401071709,NO,3133626,27
401071709,NO,4065651,35
401071709,NO,3919335,25
401071709,NO,6610,33
401071709,NO,3134881,11
401071709,NO,3135048,18
401071709,NO,2489785,14
401071709,NO,2585637,11
401071709,NO,3232,0
401071709,NO,2488958,0
401071710,CLE,3449,32
401071710,CLE,3893016,37
401071710,CLE,4017838,31
401071710,CLE,6448,20
401071710,CLE,4277811,38
401071710,CLE,3062744,16
401071710,CLE,3907487,17
401071710,CLE,2528426,30
401071710,CLE,2991042,18
401071710,CLE,2754,0
401071710,CLE,3908807,0
401071710,CLE,6474,0
401071710,DAL,609,29
401071710,DAL,2531367,29
401071710,DAL,2578185,35
401071710,DAL,2528210,36
401071710,DAL,3934672,26
401071710,DAL,2960236,25
401071710,DAL,3138156,16
401071710,DAL,2579260,22
401071710,DAL,2382,22
401071710,DAL,4066490,0
401071710,DAL,2968458,0
401071710,DAL,3445,0
401071710,DAL,2489693,0
401071711,GS,2386,23
401071711,GS,6589,34
401071711,GS,4258,27
401071711,GS,3975,33
401071711,GS,6475,34
401071711,GS,3998,3
401071711,GS,2530923,17
401071711,GS,3064427,14
401071711,GS,3155535,18
401071711,GS,2566745,15
401071711,GS,2595209,2
401071711,GS,2393,16
401071711,GS,3934621,2
401071711,OKC,4251,38
401071711,OKC,2991070,24
401071711,OKC,4230546,27
401071711,OKC,2991235,33
401071711,OKC,3468,32
401071711,OKC,4264,1
401071711,OKC,6461,17
401071711,OKC,2595435,19
401071711,OKC,3059358,7
401071711,OKC,2991280,10
401071711,OKC,3032979,28
401071711,OKC,4080610,3
401071711,OKC,2753,0
401071712,POR,4248,23
401071712,POR,6591,29
401071712,POR,3102530,34
401071712,POR,6606,38
401071712,POR,2490149,23
401071712,POR,2982268,19
401071712,POR,6447,14
401071712,POR,2581177,25
401071712,POR,4239,16
401071712,POR,2326307,19
401071712,POR,4066650,0
401071712,POR,6605,0
401071712,POR,3936296,0
401071712,SA,2983,36
401071712,SA,3134908,25
401071712,SA,2994526,25
401071712,SA,3978,34
401071712,SA,3078576,26
401071712,SA,3005,24
401071712,SA,6426,20
401071712,SA,4004,25
401071712,SA,3190,27
401071712,SA,3974,0
401071712,SA,4253,0
401071712,SA,3914285,0
401071712,SA,4277890,0
401071713,IND,3244,34
401071713,IND,3593,32
401071713,IND,3133628,36
401071713,IND,3973,30
401071713,IND,4032,32
401071713,IND,2528588,13
401071713,IND,3155942,25
401071713,IND,6446,21
401071713,IND,3983,16
401071713,IND,4066425,0
401071713,IND,6615,0
401071713,IND,3922230,0
401071713,DEN,3015,34
401071713,DEN,3112335,34
401071713,DEN,6579,35
401071713,DEN,2999547,29
401071713,DEN,3936299,37
401071713,DEN,4017839,4
401071713,DEN,2528693,0
401071713,DEN,2488653,23
401071713,DEN,3059310,25
401071713,DEN,3907822,19
401071713,DEN,3136196,0
401071713,DEN,4278077,0
401071713,DEN,6472,0
401071714,BKN,2528794,23
401071714,BKN,4230548,17
401071714,BKN,4066328,21
401071714,BKN,2991043,27
401071714,BKN,3136776,25
401071714,BKN,3970,20
401071714,BKN,2595231,24
401071714,BKN,3201,15
401071714,BKN,3064291,9
401071714,BKN,4259,18
401071714,BKN,2579326,5
401071714,BKN,2580782,24
401071714,BKN,3138154,13
401071714,UTAH,4257,22
401071714,UTAH,2968436,30
401071714,UTAH,3032976,34
401071714,UTAH,4011,23
401071714,UTAH,3908809,35
401071714,UTAH,6581,29
401071714,UTAH,4261,2
401071714,UTAH,2583632,21
401071714,UTAH,2990969,11
401071714,UTAH,2968361,15
401071714,UTAH,2011,19
401071715,LAL,1966,35
401071715,LAL,3134907,33
401071715,LAL,2528779,21
401071715,LAL,3452,19
401071715,LAL,3026,28
401071715,LAL,3064528,25
401071715,LAL,3150844,4
401071715,LAL,2581018,28
401071715,LAL,2991350,28
401071715,LAL,3062679,19
401071715,LAL,2490089,0
401071715,LAL,2141179,0
401071715,LAL,4348697,0
401071715,NY,2995706,36
401071715,NY,4278075,37
401071715,NY,3442,33
401071715,NY,2991149,41
401071715,NY,3892818,33
401071715,NY,6485,12
401071715,NY,4351852,15
401071715,NY,3134880,17
401071715,NY,3907525,16
401071715,NY,3906522,0
401071715,NY,3064560,0
401071715,NY,6594,0
401071716,CHA,2797,28
401071716,CHA,3416,35
401071716,CHA,4066383,10
401071716,CHA,6427,17
401071716,CHA,6479,36
401071716,CHA,6601,12
401071716,CHA,2579294,30
401071716,CHA,6603,33
401071716,CHA,1015,17
401071716,CHA,3907821,18
401071716,CHA,4066262,4
401071716,CHA,2999409,0
401071716,CHA,3133601,0
401071716,MIA,2489663,31
401071716,MIA,3936099,24
401071716,MIA,4066261,31
401071716,MIA,2581190,38
401071716,MIA,6628,22
401071716,MIA,3999,17
401071716,MIA,3157465,0
401071716,MIA,4262,17
401071716,MIA,3423,28
401071716,MIA,1987,28
401071716,MIA,2488826,3
401071716,MIA,2184,0
401071716,MIA,3412,0
401071717,PHI,6430,34
401071717,PHI,6440,34
401071717,PHI,3059318,36
401071717,PHI,3024,33
401071717,PHI,3907387,35
401071717,PHI,6622,24
401071717,PHI,2579321,16
401071717,PHI,4376,11
401071717,PHI,2530530,18
401071717,PHI,3155533,0
401071717,PHI,2769,0
401071717,PHI,2579466,0
401071717,MIL,6459,24
401071717,MIL,6609,36
401071717,MIL,3032977,36
401071717,MIL,3448,33
401071717,MIL,4238,33
401071717,MIL,2767,18
401071717,MIL,3136491,16
401071717,MIL,2528353,8
401071717,MIL,3438,11
401071717,MIL,2578239,25
401071717,MIL,996,0
401071717,MIL,3058254,0
401071717,MIL,3934673,0
401071718,TOR,3988,30
401071718,TOR,6450,36
401071718,TOR,3149673,32
401071718,TOR,3206,37
401071718,TOR,4299,17
401071718,TOR,3934719,19
401071718,TOR,3137730,10
401071718,TOR,2531352,10
401071718,TOR,2595516,18
401071718,TOR,2991230,31
401071718,TOR,3439,0
401071718,TOR,2580980,0
401071718,TOR,3948153,0
401071718,DET,3989,33
401071718,DET,6585,33
401071718,DET,6443,24
401071718,DET,3981,26
401071718,DET,4065670,14
401071718,DET,4017843,17
401071718,DET,2016,13
401071718,DET,4305,24
401071718,DET,2530572,28
401071718,DET,3913174,28
401071718,DET,6452,0
401071718,DET,2991039,0
401071718,DET,3912334,0
401071719,ATL,2990962,28
401071719,ATL,3908845,20
401071719,ATL,2580913,25
401071719,ATL,4066372,22
401071719,ATL,4277905,32
401071719,ATL,6637,25
401071719,ATL,2596107,24
401071719,ATL,3062667,20
401071719,ATL,136,27
401071719,ATL,3133874,16
401071719,ATL,2982340,0
401071719,ATL,3059280,0
401071719,ATL,6631,0
401071719,ORL,3064290,38
401071719,ORL,4065654,26
401071719,ORL,6478,34
401071719,ORL,6588,29
401071719,ORL,3415,32
401071719,ORL,3074797,26
401071719,ORL,2578240,14
401071719,ORL,6619,24
401071719,ORL,2596108,16
401071719,ORL,2982249,0
401071719,ORL,3064517,0
401071719,ORL,2531047,0
401071719,ORL,3913546,0
401071720,CHI,4066336,23
401071720,CHI,2594922,24
401071720,CHI,3447,28
401071720,CHI,2991139,20
401071720,CHI,3064440,29
401071720,CHI,3113587,18
401071720,CHI,3893019,22
401071720,CHI,2991047,20
401071720,CHI,2991274,20
401071720,CHI,3059316,24
401071720,CHI,3907386,12
401071720,CHI,3149010,0
401071720,SAC,4269,18
401071720,SAC,6578,30
401071720,SAC,2991282,20
401071720,SAC,2990984,25
401071720,SAC,4066259,25
401071720,SAC,4065649,21
401071720,SAC,3191,22
401071720,SAC,4277848,21
401071720,SAC,3444,7
401071720,SAC,2991018,12
401071720,SAC,6429,10
401071720,SAC,3037789,23
401071720,SAC,3059315,7
401071721,MIN,3032978,23
401071721,MIN,3059319,32
401071721,MIN,3136195,29
401071721,MIN,3135046,29
401071721,MIN,4065663,35
401071721,MIN,3276,15
401071721,MIN,3986,22
401071721,MIN,3057240,15
401071721,MIN,3136779,17
401071721,MIN,2534781,4
401071721,MIN,3417,16
401071721,MIN,3133843,3
401071721,MIN,3456,0
401071721,HOU,3033,24
401071721,HOU,3102529,30
401071721,HOU,2779,29
401071721,HOU,3431,26
401071721,HOU,3992,32
401071721,HOU,3132042,3
401071721,HOU,2991155,28
401071721,HOU,1713,18
401071721,HOU,2761,20
401071721,HOU,6468,31
401071721,HOU,6433,0
401071721,HOU,6617,0
401071722,BKN,2528794,30
401071722,BKN,4230548,13
401071722,BKN,4066328,30
401071722,BKN,2991043,32
401071722,BKN,3136776,33
401071722,BKN,3970,33
401071722,BKN,2595231,19
401071722,BKN,4259,18
401071722,BKN,2580782,33
401071722,BKN,2992257,0
401071722,BKN,3201,0
401071722,BKN,3064291,0
401071722,BKN,2530780,0
401071722,BKN,3138154,0
401071722,LAC,3428,31
401071722,LAC,4017837,14
401071722,LAC,3964,28
401071722,LAC,3914044,27
401071722,LAC,4278073,36
401071722,LAC,3194,6
401071722,LAC,2327577,17
401071722,LAC,2991055,34
401071722,LAC,2799,27
401071722,LAC,3064539,1
401071722,LAC,4023,21
401071722,LAC,3943606,0
401071722,LAC,3002137,0
401071723,DET,4017843,33
401071723,DET,6585,38
401071723,DET,6443,24
401071723,DET,3981,32
401071723,DET,4065670,17
401071723,DET,2991039,19
401071723,DET,2016,5
401071723,DET,4305,24
401071723,DET,2530572,26
401071723,DET,3913174,21
401071723,DET,6452,0
401071723,DET,3912334,0
401071723,DET,2806,0
401071723,CLE,3062744,40
401071723,CLE,3893016,38
401071723,CLE,4017838,25
401071723,CLE,6448,29
401071723,CLE,4277811,33
401071723,CLE,2754,3
401071723,CLE,3907487,20
401071723,CLE,2528426,27
401071723,CLE,2991042,24
401071723,CLE,3449,0
401071723,CLE,2580365,0
401071723,CLE,2489716,0
401071724,UTAH,4257,12
401071724,UTAH,2968436,24
401071724,UTAH,3032976,32
401071724,UTAH,4011,27
401071724,UTAH,3908809,32
401071724,UTAH,6581,26
401071724,UTAH,3028,12
401071724,UTAH,4261,10
401071724,UTAH,2583632,20
401071724,UTAH,2990969,10
401071724,UTAH,2968361,18
401071724,UTAH,2011,17
401071724,WSH,3209,23
401071724,WSH,3064482,19
401071724,WSH,2426,25
401071724,WSH,6621,29
401071724,WSH,6580,31
401071724,WSH,3056600,30
401071724,WSH,2991184,8
401071724,WSH,4278508,25
401071724,WSH,2774,8
401071724,WSH,3934723,20
401071724,WSH,2531797,14
401071724,WSH,2580898,8
401071724,WSH,4247,0
401071725,DEN,3015,27
401071725,DEN,3112335,36
401071725,DEN,6579,32
401071725,DEN,2999547,29
401071725,DEN,3936299,29
401071725,DEN,2528693,21
401071725,DEN,2488653,21
401071725,DEN,3059310,19
401071725,DEN,3907822,19
401071725,DEN,6472,7
401071725,DEN,4017839,0
401071725,DEN,3136196,0
401071725,DEN,4278077,0
401071725,BOS,6462,35
401071725,BOS,4065648,36
401071725,BOS,3213,33
401071725,BOS,6442,36
401071725,BOS,2990992,33
401071725,BOS,2451037,7
401071725,BOS,2968439,18
401071725,BOS,3074752,21
401071725,BOS,3917376,20
401071725,BOS,3056602,0
401071725,BOS,4017844,0
401071725,BOS,6507,0
401071725,BOS,3923250,0
401071726,NY,2995706,27
401071726,NY,4278075,28
401071726,NY,3442,20
401071726,NY,2991149,18
401071726,NY,3892818,22
401071726,NY,3906522,12
401071726,NY,6485,14
401071726,NY,3064560,13
401071726,NY,4351852,14
401071726,NY,6594,14
401071726,NY,3134880,26
401071726,NY,3907525,31
401071726,TOR,3988,22
401071726,TOR,3149673,30
401071726,TOR,3206,22
401071726,TOR,3012,26
401071726,TOR,2991230,28
401071726,TOR,2580980,8
401071726,TOR,3934719,18
401071726,TOR,3948153,6
401071726,TOR,3137730,20
401071726,TOR,2531352,15
401071726,TOR,4299,27
401071726,TOR,2595516,18
401071726,TOR,3439,0
401071727,MIA,2489663,36
401071727,MIA,3936099,17
401071727,MIA,4066261,30
401071727,MIA,2581190,40
401071727,MIA,6628,28
401071727,MIA,3999,22
401071727,MIA,4262,5
401071727,MIA,3423,29
401071727,MIA,1987,33
401071727,MIA,2184,0
401071727,MIA,3412,0
401071727,MIA,3136183,0
401071727,MIA,3157465,0
401071727,OKC,4251,39
401071727,OKC,2991070,41
401071727,OKC,4230546,37
401071727,OKC,2991235,25
401071727,OKC,3032979,36
401071727,OKC,4264,5
401071727,OKC,6461,19
401071727,OKC,2595435,16
401071727,OKC,3059358,6
401071727,OKC,2753,12
401071727,OKC,4080610,5
401071727,OKC,2991280,0
401071727,OKC,3468,0
401071728,GS,3202,36
401071728,GS,6589,36
401071728,GS,2747,19
401071728,GS,3975,37
401071728,GS,6475,38
401071728,GS,2530923,19
401071728,GS,3064427,10
401071728,GS,3155535,17
401071728,GS,2566745,11
401071728,GS,2393,18
401071728,GS,3998,0
401071728,GS,2595209,0
401071728,GS,3934621,0
401071728,SA,2983,35
401071728,SA,3134908,25
401071728,SA,2994526,17
401071728,SA,3978,38
401071728,SA,3078576,28
401071728,SA,3005,27
401071728,SA,6426,26
401071728,SA,4004,20
401071728,SA,3190,23
401071728,SA,3974,0
401071728,SA,4253,0
401071728,SA,3914285,0
401071728,SA,4277890,0
401071729,NO,6583,21
401071729,NO,3064514,34
401071729,NO,2583639,37
401071729,NO,3133626,40
401071729,NO,4065651,40
401071729,NO,3919335,27
401071729,NO,6610,31
401071729,NO,3134881,6
401071729,NO,3135048,7
401071729,NO,2489785,14
401071729,NO,2585637,7
401071729,NO,3232,0
401071729,NO,2488958,0
401071729,DAL,609,12
401071729,DAL,2531367,35
401071729,DAL,2528210,34
401071729,DAL,3934672,39
401071729,DAL,3945274,39
401071729,DAL,2578185,32
401071729,DAL,2960236,25
401071729,DAL,3138156,12
401071729,DAL,2968458,14
401071729,DAL,2579260,4
401071729,DAL,2382,19
401071729,DAL,2489693,1
401071729,DAL,3445,0
401071730,CHI,4066336,31
401071730,CHI,3447,26
401071730,CHI,2991139,27
401071730,CHI,2991274,32
401071730,CHI,3064440,33
401071730,CHI,3113587,19
401071730,CHI,3893019,14
401071730,CHI,2991047,21
401071730,CHI,3059316,20
401071730,CHI,3907386,17
401071730,CHI,3149010,0
401071730,PHX,4011991,24
401071730,PHX,4278129,35
401071730,PHX,3136193,40
401071730,PHX,3147657,42
401071730,PHX,4066436,22
401071730,PHX,3908806,3
401071730,PHX,4066297,32
401071730,PHX,165,26
401071730,PHX,2489530,16
401071730,PHX,2530276,0
401071730,PHX,4230550,0
401071731,IND,3244,36
401071731,IND,3593,28
401071731,IND,3133628,31
401071731,IND,3973,27
401071731,IND,4032,30
401071731,IND,4066425,3
401071731,IND,2528588,17
401071731,IND,3155942,26
401071731,IND,6446,23
401071731,IND,3983,19
401071731,IND,6615,0
401071731,IND,3922230,0
401071731,POR,2982268,14
401071731,POR,4248,26
401071731,POR,6591,27
401071731,POR,3102530,31
401071731,POR,6606,40
401071731,POR,4066650,21
401071731,POR,6447,16
401071731,POR,2581177,24
401071731,POR,4239,15
401071731,POR,2326307,25
401071731,POR,6605,0
401071731,POR,4277843,0
401071731,POR,4351851,0
401071732,PHI,2769,17
401071732,PHI,6430,38
401071732,PHI,6440,39
401071732,PHI,3024,37
401071732,PHI,3907387,38
401071732,PHI,6622,15
401071732,PHI,3155533,12
401071732,PHI,2579321,22
401071732,PHI,4376,11
401071732,PHI,2530530,11
401071732,PHI,2579466,0
401071732,CHA,2797,23
401071732,CHA,3416,27
401071732,CHA,4066383,29
401071732,CHA,6427,20
401071732,CHA,6479,28
401071732,CHA,6601,9
401071732,CHA,2579294,25
401071732,CHA,3133601,13
401071732,CHA,6603,29
401071732,CHA,6454,8
401071732,CHA,3907821,28
401071732,CHA,2999409,0
401071732,CHA,4066262,0
401071733,HOU,3033,34
401071733,HOU,3102529,27
401071733,HOU,2779,29
401071733,HOU,3431,32
401071733,HOU,3992,33
401071733,HOU,6433,21
401071733,HOU,3132042,2
401071733,HOU,2991155,33
401071733,HOU,6617,21
401071733,HOU,2761,9
401071733,HOU,1713,0
401071733,HOU,6468,0
401071733,ATL,2990962,27
401071733,ATL,3908845,31
401071733,ATL,2580913,24
401071733,ATL,4066372,27
401071733,ATL,4277905,34
401071733,ATL,2982340,1
401071733,ATL,3059280,1
401071733,ATL,3937101,1
401071733,ATL,6637,17
401071733,ATL,2596107,12
401071733,ATL,3062667,23
401071733,ATL,136,27
401071733,ATL,3133874,16
401071734,LAL,3134907,35
401071734,LAL,2528779,24
401071734,LAL,3452,32
401071734,LAL,2490089,11
401071734,LAL,3026,39
401071734,LAL,3064528,6
401071734,LAL,3150844,16
401071734,LAL,2141179,1
401071734,LAL,2581018,34
401071734,LAL,2991350,22
401071734,LAL,3062679,17
401071734,LAL,4348697,1
401071734,LAL,984,0
401071734,MIL,6459,24
401071734,MIL,6609,36
401071734,MIL,2528353,15
401071734,MIL,3448,35
401071734,MIL,4238,32
401071734,MIL,3136491,31
401071734,MIL,3438,18
401071734,MIL,2488945,12
401071734,MIL,2578239,36
401071734,MIL,2767,0
401071734,MIL,3032977,0
401071734,MIL,3057187,0
401071734,MIL,3934673,0
401071735,GS,3202,35
401071735,GS,6589,33
401071735,GS,2747,13
401071735,GS,3975,33
401071735,GS,6475,38
401071735,GS,2386,21
401071735,GS,3998,18
401071735,GS,2530923,16
401071735,GS,3064427,2
401071735,GS,3155535,15
401071735,GS,2566745,14
401071735,GS,2595209,1
401071735,GS,3934621,1
401071735,MIN,3032978,28
401071735,MIN,3059319,41
401071735,MIN,3136195,35
401071735,MIN,3135046,33
401071735,MIN,4065663,30
401071735,MIN,3276,19
401071735,MIN,3986,9
401071735,MIN,3057240,8
401071735,MIN,3136779,14
401071735,MIN,2534781,5
401071735,MIN,3417,16
401071735,MIN,3133843,0
401071736,BKN,2528794,20
401071736,BKN,4230548,33
401071736,BKN,4066328,21
401071736,BKN,2991043,24
401071736,BKN,3136776,38
401071736,BKN,3970,21
401071736,BKN,2595231,18
401071736,BKN,3201,12
401071736,BKN,3064291,17
401071736,BKN,4259,13
401071736,BKN,2580782,24
401071736,BKN,2579326,0
401071736,BKN,3138154,0
401071736,SAC,4269,28
401071736,SAC,6578,38
401071736,SAC,2991282,19
401071736,SAC,2990984,36
401071736,SAC,4066259,35
401071736,SAC,4065649,19
401071736,SAC,3191,13
401071736,SAC,4277848,29
401071736,SAC,2991018,4
401071736,SAC,3037789,18
401071736,SAC,3444,0
401071736,SAC,6429,0
401071736,SAC,3059315,0
401071737,IND,3244,31
401071737,IND,3593,36
401071737,IND,3133628,26
401071737,IND,6446,20
401071737,IND,4032,31
401071737,IND,2528588,26
401071737,IND,3155942,28
401071737,IND,3983,29
401071737,IND,3922230,14
401071737,IND,4066425,0
401071737,IND,6615,0
401071737,LAC,3428,31
401071737,LAC,4017837,19
401071737,LAC,3964,31
401071737,LAC,3914044,29
401071737,LAC,4278073,29
401071737,LAC,3194,12
401071737,LAC,2327577,17
401071737,LAC,2991055,29
401071737,LAC,2799,26
401071737,LAC,3064539,1
401071737,LAC,4023,17
401071737,LAC,3002137,0
401071738,MIL,2767,25
401071738,MIL,6609,37
401071738,MIL,2528353,28
401071738,MIL,3448,37
401071738,MIL,4238,35
401071738,MIL,3136491,29
401071738,MIL,2488945,15
401071738,MIL,2578239,34
401071738,MIL,3032977,0
401071738,MIL,3138192,0
401071738,MIL,3057187,0
401071738,MIL,3438,0
401071738,MIL,3934673,0
401071738,CLE,3449,18
401071738,CLE,3893016,30
401071738,CLE,4017838,25
401071738,CLE,6448,26
401071738,CLE,4277811,35
401071738,CLE,2580365,23
401071738,CLE,3062744,17
401071738,CLE,3907487,6
401071738,CLE,6474,12
401071738,CLE,2528426,32
401071738,CLE,2991042,15
401071738,CLE,2754,0
401071738,CLE,3908807,0
401071739,NO,3064514,22
401071739,NO,3135048,29
401071739,NO,2583639,24
401071739,NO,3133626,25
401071739,NO,4065651,32
401071739,NO,3919335,18
401071739,NO,6610,20
401071739,NO,3134881,28
401071739,NO,2489785,28
401071739,NO,2585637,15
401071739,NO,6583,0
401071739,NO,3058254,0
401071739,NO,2488958,0
401071739,ORL,3064290,30
401071739,ORL,4065654,29
401071739,ORL,6478,26
401071739,ORL,6588,28
401071739,ORL,3415,24
401071739,ORL,2982249,5
401071739,ORL,3064517,6
401071739,ORL,3074797,23
401071739,ORL,2578240,17
401071739,ORL,6619,23
401071739,ORL,2531047,6
401071739,ORL,2596108,18
401071739,ORL,3913546,5
401071740,BOS,6462,35
401071740,BOS,4065648,33
401071740,BOS,3213,35
401071740,BOS,6442,36
401071740,BOS,2990992,19
401071740,BOS,3056602,11
401071740,BOS,2451037,7
401071740,BOS,2968439,12
401071740,BOS,3074752,24
401071740,BOS,3917376,28
401071740,BOS,4017844,0
401071740,BOS,4066211,0
401071740,BOS,6507,0
401071740,PHI,6430,37
401071740,PHI,6440,37
401071740,PHI,3059318,41
401071740,PHI,3024,32
401071740,PHI,3907387,42
401071740,PHI,6622,21
401071740,PHI,2579321,16
401071740,PHI,4376,5
401071740,PHI,2530530,9
401071740,PHI,3155533,0
401071740,PHI,2769,0
401071740,PHI,3912332,0
401071740,PHI,2579466,0
401071741,UTAH,4257,26
401071741,UTAH,2968436,24
401071741,UTAH,3032976,26
401071741,UTAH,4011,20
401071741,UTAH,3908809,29
401071741,UTAH,6581,23
401071741,UTAH,3028,15
401071741,UTAH,4261,7
401071741,UTAH,2583632,19
401071741,UTAH,2990969,7
401071741,UTAH,2968361,16
401071741,UTAH,2011,21
401071741,UTAH,3135045,8
401071741,NY,2995706,26
401071741,NY,4278075,47
401071741,NY,3442,18
401071741,NY,2991149,37
401071741,NY,3892818,34
401071741,NY,3906522,18
401071741,NY,6485,10
401071741,NY,3064560,11
401071741,NY,4351852,30
401071741,NY,6594,9
401071741,NY,3134880,0
401071742,WSH,3209,23
401071742,WSH,3064482,38
401071742,WSH,2426,14
401071742,WSH,6621,39
401071742,WSH,6580,44
401071742,WSH,3056600,38
401071742,WSH,4247,9
401071742,WSH,4278508,30
401071742,WSH,3934723,15
401071742,WSH,2580898,16
401071742,WSH,2991184,0
401071742,WSH,2774,0
401071742,CHI,4066336,38
401071742,CHI,3447,31
401071742,CHI,2991139,39
401071742,CHI,2991274,39
401071742,CHI,3907386,23
401071742,CHI,3113587,21
401071742,CHI,3893019,26
401071742,CHI,2991047,27
401071742,CHI,3059316,20
401071742,CHI,3149010,0
401071742,CHI,3064440,0
401071743,HOU,3033,39
401071743,HOU,3102529,43
401071743,HOU,2779,41
401071743,HOU,3992,46
401071743,HOU,6468,23
401071743,HOU,2991155,39
401071743,HOU,1713,6
401071743,HOU,6617,16
401071743,HOU,2761,13
401071743,HOU,6433,0
401071743,HOU,3132042,0
401071743,HOU,3431,0
401071743,MEM,2284101,39
401071743,MEM,3113297,41
401071743,MEM,6477,36
401071743,MEM,3195,42
401071743,MEM,3064447,42
401071743,MEM,6466,25
401071743,MEM,3224,17
401071743,MEM,3915560,23
401071743,MEM,3917378,0
401071743,MEM,2579492,0
401071743,MEM,3133838,0
401071743,MEM,4240,0
401071743,MEM,3133635,0
401071744,MIA,2489663,19
401071744,MIA,3936099,32
401071744,MIA,4066261,29
401071744,MIA,2581190,39
401071744,MIA,6628,33
401071744,MIA,3999,27
401071744,MIA,4262,19
401071744,MIA,3423,22
401071744,MIA,1987,20
401071744,MIA,2184,0
401071744,MIA,3412,0
401071744,MIA,3136183,0
401071744,MIA,3157465,0
401071744,SA,2983,39
401071744,SA,3134908,14
401071744,SA,2994526,29
401071744,SA,3978,34
401071744,SA,3078576,19
401071744,SA,3005,32
401071744,SA,6426,22
401071744,SA,4004,29
401071744,SA,3190,22
401071744,SA,3974,0
401071744,SA,4253,0
401071744,SA,3914285,0
401071744,SA,4277890,0
401071745,TOR,3988,36
401071745,TOR,6450,42
401071745,TOR,3149673,43
401071745,TOR,3206,30
401071745,TOR,2991230,40
401071745,TOR,3439,23
401071745,TOR,3934719,14
401071745,TOR,3137730,5
401071745,TOR,4299,15
401071745,TOR,2595516,17
401071745,TOR,2580980,0
401071745,TOR,3948153,0
401071745,TOR,2531352,0
401071745,OKC,4251,35
401071745,OKC,2991070,40
401071745,OKC,4230546,33
401071745,OKC,2991235,40
401071745,OKC,3468,44
401071745,OKC,6461,13
401071745,OKC,2595435,11
401071745,OKC,2991280,11
401071745,OKC,3032979,38
401071745,OKC,4264,0
401071745,OKC,3059358,0
401071745,OKC,2753,0
401071745,OKC,4080610,0
401071746,DAL,609,14
401071746,DAL,2531367,26
401071746,DAL,2528210,24
401071746,DAL,3934672,26
401071746,DAL,3945274,29
401071746,DAL,2578185,11
401071746,DAL,3138156,34
401071746,DAL,4066490,6
401071746,DAL,2968458,18
401071746,DAL,2579260,22
401071746,DAL,2382,10
401071746,DAL,3445,15
401071746,DAL,2489693,5
401071746,POR,2982268,25
401071746,POR,4248,22
401071746,POR,6591,25
401071746,POR,3102530,22
401071746,POR,6606,30
401071746,POR,4066650,12
401071746,POR,6447,20
401071746,POR,2581177,25
401071746,POR,4239,19
401071746,POR,2326307,28
401071746,POR,4277843,7
401071746,POR,4351851,4
401071746,POR,6605,0
401071747,MIN,3032978,28
401071747,MIN,3059319,38
401071747,MIN,3136195,34
401071747,MIN,3135046,34
401071747,MIN,4065663,33
401071747,MIN,3276,18
401071747,MIN,3057240,9
401071747,MIN,3136779,15
401071747,MIN,2534781,15
401071747,MIN,3417,16
401071747,MIN,3986,0
401071747,MIN,3133843,0
401071747,CHA,2797,25
401071747,CHA,4066383,30
401071747,CHA,6427,15
401071747,CHA,6479,35
401071747,CHA,3907821,19
401071747,CHA,3416,23
401071747,CHA,2579294,8
401071747,CHA,2999409,23
401071747,CHA,3133601,13
401071747,CHA,6603,28
401071747,CHA,4066262,19
401071747,CHA,1015,0
401071747,CHA,6454,0
401071748,DEN,3015,35
401071748,DEN,3112335,35
401071748,DEN,6579,20
401071748,DEN,2999547,29
401071748,DEN,3936299,26
401071748,DEN,2528693,25
401071748,DEN,2488653,26
401071748,DEN,3059310,23
401071748,DEN,3907822,21
401071748,DEN,4017839,0
401071748,DEN,4278077,0
401071748,DEN,3155536,0
401071748,DEN,6472,0
401071748,WSH,3064482,36
401071748,WSH,4278508,33
401071748,WSH,3934723,35
401071748,WSH,6621,34
401071748,WSH,6580,36
401071748,WSH,3056600,22
401071748,WSH,3209,21
401071748,WSH,4247,7
401071748,WSH,2580898,16
401071748,WSH,2991184,0
401071748,WSH,2426,0
401071748,WSH,2774,0
401071749,UTAH,4257,27
401071749,UTAH,2968436,33
401071749,UTAH,3032976,32
401071749,UTAH,4011,27
401071749,UTAH,3908809,36
401071749,UTAH,6581,25
401071749,UTAH,3028,12
401071749,UTAH,2583632,19
401071749,UTAH,2968361,12
401071749,UTAH,2011,17
401071749,UTAH,4261,0
401071749,UTAH,2990969,0
401071749,UTAH,3135045,0
401071749,ATL,2990962,32
401071749,ATL,3908845,27
401071749,ATL,2580913,28
401071749,ATL,4066372,30
401071749,ATL,4277905,34
401071749,ATL,2982340,6
401071749,ATL,6637,15
401071749,ATL,2596107,18
401071749,ATL,3062667,18
401071749,ATL,136,22
401071749,ATL,3133874,9
401071749,ATL,3059280,0
401071749,ATL,3937101,0
401071750,DET,3989,31
401071750,DET,6585,32
401071750,DET,6443,24
401071750,DET,3981,31
401071750,DET,4065670,18
401071750,DET,2991039,1
401071750,DET,4017843,28
401071750,DET,2016,4
401071750,DET,4305,24
401071750,DET,2530572,22
401071750,DET,3913174,25
401071750,DET,3912334,0
401071750,DET,2806,0
401071750,PHX,4011991,32
401071750,PHX,4278129,25
401071750,PHX,4066297,24
401071750,PHX,3136193,32
401071750,PHX,3147657,39
401071750,PHX,2993370,21
401071750,PHX,3908806,8
401071750,PHX,165,15
401071750,PHX,2489530,21
401071750,PHX,4066436,21
401071750,PHX,4230550,0
401071751,DAL,2531367,30
401071751,DAL,2960236,33
401071751,DAL,3138156,33
401071751,DAL,3934672,28
401071751,DAL,3945274,26
401071751,DAL,609,13
401071751,DAL,2578185,10
401071751,DAL,2968458,9
401071751,DAL,2579260,19
401071751,DAL,2382,20
401071751,DAL,3445,3
401071751,DAL,2489693,17
401071751,DAL,4066490,0
401071751,SAC,4269,27
401071751,SAC,6578,34
401071751,SAC,2991282,32
401071751,SAC,2990984,35
401071751,SAC,4066259,33
401071751,SAC,4065649,8
401071751,SAC,3191,8
401071751,SAC,4277848,28
401071751,SAC,2991018,15
401071751,SAC,3037789,21
401071751,SAC,3444,0
401071751,SAC,6429,0
401071751,SAC,3059315,0
401071752,IND,3244,25
401071752,IND,3593,26
401071752,IND,3133628,24
401071752,IND,6446,28
401071752,IND,4032,27
401071752,IND,4066425,8
401071752,IND,2528588,27
401071752,IND,3155942,23
401071752,IND,6615,7
401071752,IND,3983,29
401071752,IND,3922230,17
401071752,GS,3202,28
401071752,GS,6589,29
401071752,GS,4258,26
401071752,GS,3975,29
401071752,GS,6475,29
401071752,GS,2386,22
401071752,GS,3998,11
401071752,GS,2530923,7
401071752,GS,3064427,7
401071752,GS,3155535,9
401071752,GS,2747,9
401071752,GS,2566745,19
401071752,GS,2393,15
401071753,MEM,2284101,43
401071753,MEM,3113297,29
401071753,MEM,6477,41
401071753,MEM,3064447,39
401071753,MEM,3915560,43
401071753,MEM,3917378,12
401071753,MEM,2579492,12
401071753,MEM,6466,31
401071753,MEM,3133635,16
401071753,MEM,3133838,0
401071753,MEM,3224,0
401071753,MEM,3195,0
401071753,ORL,3064290,39
401071753,ORL,4065654,28
401071753,ORL,6478,41
401071753,ORL,6588,39
401071753,ORL,3415,42
401071753,ORL,3074797,12
401071753,ORL,2578240,12
401071753,ORL,6619,36
401071753,ORL,2596108,15
401071753,ORL,2982249,0
401071753,ORL,3064517,0
401071753,ORL,2531047,0
401071754,LAC,3428,33
401071754,LAC,4017837,17
401071754,LAC,3964,32
401071754,LAC,3914044,25
401071754,LAC,4278073,35
401071754,LAC,3194,10
401071754,LAC,2327577,17
401071754,LAC,2991055,29
401071754,LAC,2799,29
401071754,LAC,3064539,0
401071754,LAC,4023,14
401071754,LAC,3002137,0
401071754,CLE,3449,33
401071754,CLE,3893016,35
401071754,CLE,4017838,14
401071754,CLE,6448,20
401071754,CLE,4277811,31
401071754,CLE,2580365,24
401071754,CLE,3062744,19
401071754,CLE,3907487,6
401071754,CLE,6474,19
401071754,CLE,2528426,33
401071754,CLE,2991042,7
401071754,CLE,2754,0
401071755,DEN,3015,32
401071755,DEN,3112335,28
401071755,DEN,6579,32
401071755,DEN,2999547,26
401071755,DEN,3936299,33
401071755,DEN,4017839,7
401071755,DEN,3136196,2
401071755,DEN,4278077,3
401071755,DEN,2528693,12
401071755,DEN,2488653,24
401071755,DEN,3059310,20
401071755,DEN,3907822,22
401071755,DEN,6472,0
401071755,NY,2995706,22
401071755,NY,4278075,34
401071755,NY,3442,22
401071755,NY,2991149,36
401071755,NY,3892818,34
401071755,NY,3906522,3
401071755,NY,6485,21
401071755,NY,3064560,3
401071755,NY,4351852,23
401071755,NY,4230547,25
401071755,NY,6594,3
401071755,NY,3134880,15
401071756,OKC,4251,41
401071756,OKC,2991070,36
401071756,OKC,4230546,33
401071756,OKC,2991235,33
401071756,OKC,3468,37
401071756,OKC,6461,15
401071756,OKC,2595435,9
401071756,OKC,2991280,5
401071756,OKC,3032979,31
401071756,OKC,4264,0
401071756,OKC,3059358,0
401071756,OKC,2753,0
401071756,OKC,4080610,0
401071756,TOR,3988,35
401071756,TOR,6450,36
401071756,TOR,3149673,36
401071756,TOR,3206,28
401071756,TOR,2991230,36
401071756,TOR,3439,20
401071756,TOR,3934719,17
401071756,TOR,4299,14
401071756,TOR,2595516,18
401071756,TOR,2580980,0
401071756,TOR,3137730,0
401071756,TOR,2531352,0
401071757,SA,3005,21
401071757,SA,2983,33
401071757,SA,2994526,36
401071757,SA,3978,33
401071757,SA,3078576,32
401071757,SA,6426,27
401071757,SA,3134908,15
401071757,SA,4004,16
401071757,SA,3190,20
401071757,SA,4277890,7
401071757,SA,3974,0
401071757,SA,4253,0
401071757,SA,3914285,0
401071757,HOU,3033,37
401071757,HOU,3102529,32
401071757,HOU,2779,34
401071757,HOU,3431,38
401071757,HOU,3992,37
401071757,HOU,2991155,19
401071757,HOU,1713,16
401071757,HOU,2761,10
401071757,HOU,6468,16
401071757,HOU,6433,0
401071757,HOU,3132042,0
401071757,HOU,6617,0
401071758,MIA,2489663,24
401071758,MIA,3936099,25
401071758,MIA,4066261,18
401071758,MIA,2581190,35
401071758,MIA,6628,30
401071758,MIA,3412,5
401071758,MIA,3999,25
401071758,MIA,3157465,6
401071758,MIA,4262,24
401071758,MIA,3423,22
401071758,MIA,1987,25
401071758,MIA,2184,0
401071758,MIA,2488826,0
401071758,MIL,6609,28
401071758,MIL,3032977,28
401071758,MIL,2528353,22
401071758,MIL,3448,28
401071758,MIL,4238,28
401071758,MIL,2767,27
401071758,MIL,3136491,12
401071758,MIL,3057187,15
401071758,MIL,3438,18
401071758,MIL,2488945,4
401071758,MIL,2578239,28
401071758,MIL,3934673,0
401071759,BKN,3970,35
401071759,BKN,2528794,32
401071759,BKN,4230548,24
401071759,BKN,4066328,28
401071759,BKN,3136776,34
401071759,BKN,3201,17
401071759,BKN,4259,20
401071759,BKN,2580782,32
401071759,BKN,2991043,18
401071759,BKN,2595231,0
401071759,BKN,3064291,0
401071759,BKN,2530780,0
401071759,LAL,1966,37
401071759,LAL,3134907,35
401071759,LAL,2528779,28
401071759,LAL,3452,35
401071759,LAL,3026,25
401071759,LAL,3064528,0
401071759,LAL,984,13
401071759,LAL,3150844,0
401071759,LAL,2581018,33
401071759,LAL,2991350,35
401071759,LAL,4348697,0
401071759,LAL,4244,0
401071759,LAL,6644,0
401071760,BOS,6462,35
401071760,BOS,4065648,37
401071760,BOS,4066211,10
401071760,BOS,6442,35
401071760,BOS,2990992,25
401071760,BOS,3056602,11
401071760,BOS,4017844,18
401071760,BOS,2451037,16
401071760,BOS,3074752,23
401071760,BOS,3917376,30
401071760,BOS,6507,0
401071760,BOS,2983727,0
401071760,BOS,3923250,0
401071760,CHA,2797,30
401071760,CHA,4066383,34
401071760,CHA,6427,9
401071760,CHA,6479,35
401071760,CHA,3907821,31
401071760,CHA,2579294,18
401071760,CHA,2999409,17
401071760,CHA,3133601,21
401071760,CHA,6603,29
401071760,CHA,4066262,17
401071760,CHA,1015,0
401071760,CHA,6454,0
401071761,MIA,2489663,38
401071761,MIA,3936099,16
401071761,MIA,4066261,35
401071761,MIA,2581190,39
401071761,MIA,6628,27
401071761,MIA,3999,23
401071761,MIA,4262,5
401071761,MIA,3423,29
401071761,MIA,1987,28
401071761,MIA,2184,0
401071761,MIA,3412,0
401071761,MIA,3157465,0
401071761,MIA,2488826,0
401071761,WSH,3064482,31
401071761,WSH,4278508,26
401071761,WSH,3934723,36
401071761,WSH,6621,36
401071761,WSH,6580,34
401071761,WSH,3056600,26
401071761,WSH,3209,24
401071761,WSH,2531797,16
401071761,WSH,2580898,12
401071761,WSH,4247,0
401071761,WSH,2991184,0
401071761,WSH,2774,0
401071762,PHI,6430,36
401071762,PHI,6440,37
401071762,PHI,3059318,35
401071762,PHI,3024,31
401071762,PHI,3907387,35
401071762,PHI,6622,28
401071762,PHI,2579321,16
401071762,PHI,4376,11
401071762,PHI,2530530,13
401071762,PHI,3155533,0
401071762,PHI,2769,0
401071762,PHI,3912332,0
401071762,PHI,2579466,0
401071762,ATL,2990962,31
401071762,ATL,3908845,30
401071762,ATL,2580913,27
401071762,ATL,4066372,27
401071762,ATL,4277905,33
401071762,ATL,2982340,10
401071762,ATL,6637,16
401071762,ATL,2596107,21
401071762,ATL,3062667,15
401071762,ATL,136,17
401071762,ATL,3133874,13
401071762,ATL,3937101,0
401071763,UTAH,4257,22
401071763,UTAH,2968436,27
401071763,UTAH,3032976,26
401071763,UTAH,4011,23
401071763,UTAH,3908809,26
401071763,UTAH,6581,23
401071763,UTAH,3028,15
401071763,UTAH,4261,8
401071763,UTAH,2583632,22
401071763,UTAH,2990969,8
401071763,UTAH,2968361,15
401071763,UTAH,2011,18
401071763,UTAH,2990968,6
401071763,CHI,4066336,26
401071763,CHI,3447,22
401071763,CHI,2991139,21
401071763,CHI,2991274,39
401071763,CHI,3907386,27
401071763,CHI,3113587,25
401071763,CHI,3893019,20
401071763,CHI,2991047,19
401071763,CHI,3059316,23
401071763,CHI,3907385,17
401071763,CHI,3064440,0
401071764,MIN,3032978,26
401071764,MIN,3059319,35
401071764,MIN,3136195,33
401071764,MIN,3135046,35
401071764,MIN,4065663,33
401071764,MIN,3276,22
401071764,MIN,3057240,3
401071764,MIN,3136779,22
401071764,MIN,2534781,15
401071764,MIN,3417,16
401071764,MIN,3986,0
401071764,MIN,2325499,0
401071764,MIN,3133843,0
401071764,MEM,2284101,31
401071764,MEM,3113297,25
401071764,MEM,6477,26
401071764,MEM,3195,35
401071764,MEM,3915560,26
401071764,MEM,3917378,16
401071764,MEM,2579492,6
401071764,MEM,6466,20
401071764,MEM,3133838,9
401071764,MEM,3224,9
401071764,MEM,3064447,27
401071764,MEM,3133635,10
401071765,DAL,609,26
401071765,DAL,2531367,26
401071765,DAL,3138156,21
401071765,DAL,3934672,24
401071765,DAL,3945274,27
401071765,DAL,2578185,13
401071765,DAL,2960236,24
401071765,DAL,4066490,5
401071765,DAL,2579260,21
401071765,DAL,4066243,5
401071765,DAL,2382,20
401071765,DAL,3445,5
401071765,DAL,2489693,25
401071765,GS,3202,29
401071765,GS,6589,25
401071765,GS,4258,23
401071765,GS,2566745,27
401071765,GS,6475,27
401071765,GS,2386,16
401071765,GS,3998,19
401071765,GS,2530923,16
401071765,GS,3064427,16
401071765,GS,3155535,13
401071765,GS,2595209,16
401071765,GS,3934621,14
401071766,DET,3989,35
401071766,DET,6585,39
401071766,DET,6443,28
401071766,DET,3981,19
401071766,DET,4065670,18
401071766,DET,4017843,16
401071766,DET,2016,6
401071766,DET,4305,20
401071766,DET,2530572,30
401071766,DET,3913174,29
401071766,DET,6452,0
401071766,DET,2991039,0
401071766,DET,3912334,0
401071766,POR,2982268,13
401071766,POR,4248,37
401071766,POR,6591,28
401071766,POR,3102530,31
401071766,POR,6606,37
401071766,POR,4066650,11
401071766,POR,6447,17
401071766,POR,2581177,21
401071766,POR,4239,13
401071766,POR,2326307,32
401071766,POR,6605,0
401071766,POR,4277843,0
401071766,POR,4351851,0
401071767,PHX,4011991,36
401071767,PHX,4278129,29
401071767,PHX,3136193,39
401071767,PHX,3147657,34
401071767,PHX,4066436,22
401071767,PHX,2993370,20
401071767,PHX,3908806,12
401071767,PHX,6434,4
401071767,PHX,2489530,25
401071767,PHX,4230550,20
401071767,PHX,165,0
401071767,SAC,4269,36
401071767,SAC,6578,35
401071767,SAC,2991282,18
401071767,SAC,2990984,36
401071767,SAC,4066259,34
401071767,SAC,3191,13
401071767,SAC,4277848,29
401071767,SAC,3444,13
401071767,SAC,2991018,5
401071767,SAC,3037789,22
401071767,SAC,6429,0
401071767,SAC,3059315,0
401071768,LAC,3428,33
401071768,LAC,4017837,20
401071768,LAC,3964,30
401071768,LAC,3914044,14
401071768,LAC,4278073,38
401071768,LAC,3194,12
401071768,LAC,2327577,15
401071768,LAC,2991055,28
401071768,LAC,2799,32
401071768,LAC,3064539,1
401071768,LAC,4023,18
401071768,LAC,3002137,0
401071768,NY,2995706,26
401071768,NY,4278075,19
401071768,NY,3442,34
401071768,NY,2991149,44
401071768,NY,3892818,35
401071768,NY,6485,29
401071768,NY,4351852,14
401071768,NY,4230547,7
401071768,NY,6594,12
401071768,NY,3134880,20
401071768,NY,3906522,0
401071768,NY,3064560,0
401071769,CLE,3449,32
401071769,CLE,2580365,30
401071769,CLE,3893016,33
401071769,CLE,6448,22
401071769,CLE,4277811,37
401071769,CLE,3062744,20
401071769,CLE,3907487,4
401071769,CLE,6474,15
401071769,CLE,2528426,35
401071769,CLE,2991042,13
401071769,CLE,2754,0
401071769,CLE,4017838,0
401071769,MIL,6609,33
401071769,MIL,3032977,32
401071769,MIL,2528353,18
401071769,MIL,3448,27
401071769,MIL,4238,28
401071769,MIL,2767,20
401071769,MIL,3136491,16
401071769,MIL,3138192,2
401071769,MIL,3057187,17
401071769,MIL,3438,21
401071769,MIL,2488945,2
401071769,MIL,2578239,25
401071769,MIL,3934673,0
401071770,DEN,3015,27
401071770,DEN,3112335,30
401071770,DEN,6579,24
401071770,DEN,2999547,26
401071770,DEN,3936299,28
401071770,DEN,4017839,12
401071770,DEN,3136196,9
401071770,DEN,4278077,9
401071770,DEN,2528693,21
401071770,DEN,2488653,17
401071770,DEN,3059310,23
401071770,DEN,3907822,14
401071770,DEN,6472,0
401071770,IND,3244,32
401071770,IND,3593,26
401071770,IND,3133628,31
401071770,IND,6446,24
401071770,IND,4032,29
401071770,IND,4066425,6
401071770,IND,2528588,18
401071770,IND,3155942,23
401071770,IND,4067045,4
401071770,IND,6615,4
401071770,IND,3136485,4
401071770,IND,3983,20
401071770,IND,3922230,19
401071771,CHA,2797,21
401071771,CHA,4066383,33
401071771,CHA,6427,12
401071771,CHA,6479,35
401071771,CHA,3907821,33
401071771,CHA,2579294,24
401071771,CHA,2999409,20
401071771,CHA,3133601,22
401071771,CHA,6603,25
401071771,CHA,4066262,15
401071771,CHA,6454,0
401071771,TOR,3988,27
401071771,TOR,6450,34
401071771,TOR,3149673,36
401071771,TOR,3206,23
401071771,TOR,3012,28
401071771,TOR,3439,18
401071771,TOR,3934719,15
401071771,TOR,3137730,11
401071771,TOR,4299,6
401071771,TOR,2595516,12
401071771,TOR,2991230,31
401071771,TOR,2580980,0
401071771,TOR,3948153,0
401071772,HOU,3033,26
401071772,HOU,3102529,24
401071772,HOU,2779,27
401071772,HOU,3431,21
401071772,HOU,3992,29
401071772,HOU,6433,24
401071772,HOU,3132042,5
401071772,HOU,2991155,30
401071772,HOU,6617,25
401071772,HOU,6468,24
401071772,HOU,3137795,5
401071772,HOU,1713,0
401071772,HOU,2761,0
401071772,NO,6583,21
401071772,NO,3064514,26
401071772,NO,2583639,31
401071772,NO,3133626,25
401071772,NO,4065651,34
401071772,NO,3058254,8
401071772,NO,3919335,9
401071772,NO,6610,20
401071772,NO,2488958,6
401071772,NO,3134881,23
401071772,NO,3135048,12
401071772,NO,2489785,12
401071772,NO,2585637,12
401071773,SA,2983,37
401071773,SA,3134908,25
401071773,SA,2994526,21
401071773,SA,3978,36
401071773,SA,3078576,28
401071773,SA,3974,1
401071773,SA,4253,1
401071773,SA,3914285,2
401071773,SA,3005,22
401071773,SA,6426,18
401071773,SA,4004,22
401071773,SA,3190,24
401071773,SA,4277890,2
401071773,BOS,6462,29
401071773,BOS,4249,34
401071773,BOS,2968439,21
401071773,BOS,6442,34
401071773,BOS,2990992,34
401071773,BOS,3056602,8
401071773,BOS,4017844,8
401071773,BOS,4260,3
401071773,BOS,2451037,19
401071773,BOS,6507,3
401071773,BOS,3074752,20
401071773,BOS,3917376,25
401071773,BOS,3923250,3
401071774,DET,3989,33
401071774,DET,6585,34
401071774,DET,6443,21
401071774,DET,3981,20
401071774,DET,4065670,18
401071774,DET,4017843,19
401071774,DET,2016,14
401071774,DET,4305,27
401071774,DET,2530572,26
401071774,DET,3913174,28
401071774,DET,2991039,0
401071774,DET,3912334,0
401071774,DET,3133602,0
401071774,GS,3202,35
401071774,GS,6589,35
401071774,GS,2747,24
401071774,GS,3975,35
401071774,GS,6475,37
401071774,GS,3998,13
401071774,GS,2530923,8
401071774,GS,3064427,11
401071774,GS,3155535,13
401071774,GS,2566745,13
401071774,GS,2393,16
401071774,GS,3934670,0
401071774,GS,2595209,0
401071775,SAC,4269,20
401071775,SAC,6578,32
401071775,SAC,2991282,17
401071775,SAC,2990984,30
401071775,SAC,4066259,27
401071775,SAC,3191,15
401071775,SAC,4277848,36
401071775,SAC,3444,12
401071775,SAC,2991018,21
401071775,SAC,3037789,30
401071775,SAC,4065649,0
401071775,SAC,6429,0
401071775,SAC,3059315,0
401071775,LAL,1966,35
401071775,LAL,3134907,40
401071775,LAL,3452,29
401071775,LAL,3026,37
401071775,LAL,2581018,33
401071775,LAL,984,16
401071775,LAL,3150844,5
401071775,LAL,4244,25
401071775,LAL,6644,2
401071775,LAL,2991350,18
401071775,LAL,3064528,0
401071775,LAL,2490089,0
401071775,LAL,4348697,0
401071776,PHI,6430,33
401071776,PHI,6440,34
401071776,PHI,3059318,31
401071776,PHI,3024,29
401071776,PHI,2530530,29
401071776,PHI,6622,23
401071776,PHI,3155533,7
401071776,PHI,2769,6
401071776,PHI,4376,9
401071776,PHI,3915195,22
401071776,PHI,2579466,13
401071776,PHI,4277923,6
401071776,PHI,4291678,0
401071776,ORL,3064290,35
401071776,ORL,4065654,25
401071776,ORL,6478,29
401071776,ORL,6588,32
401071776,ORL,3415,25
401071776,ORL,2982249,3
401071776,ORL,3064517,4
401071776,ORL,3074797,19
401071776,ORL,2578240,16
401071776,ORL,6619,25
401071776,ORL,2531047,3
401071776,ORL,2596108,20
401071776,ORL,3074743,3
401071777,OKC,4251,39
401071777,OKC,2991070,24
401071777,OKC,4230546,36
401071777,OKC,2991235,32
401071777,OKC,3468,37
401071777,OKC,6461,13
401071777,OKC,2531214,0
401071777,OKC,2595435,12
401071777,OKC,3059358,8
401071777,OKC,2991280,3
401071777,OKC,2328418,0
401071777,OKC,3032979,37
401071777,OKC,4264,0
401071777,OKC,2753,0
401071777,OKC,4080610,0
401071777,MEM,2284101,33
401071777,MEM,3113297,35
401071777,MEM,6477,32
401071777,MEM,3064447,35
401071777,MEM,3915560,39
401071777,MEM,3917378,18
401071777,MEM,2579492,7
401071777,MEM,6466,25
401071777,MEM,3133635,17
401071777,MEM,3133838,0
401071777,MEM,4240,0
401071777,MEM,3195,0
401071778,PHX,4011991,23
401071778,PHX,4278129,31
401071778,PHX,3136193,41
401071778,PHX,3147657,31
401071778,PHX,4066436,22
401071778,PHX,2993370,9
401071778,PHX,3908806,13
401071778,PHX,6434,14
401071778,PHX,2489530,27
401071778,PHX,4230550,27
401071778,PHX,165,0
401071778,UTAH,4257,25
401071778,UTAH,2968436,30
401071778,UTAH,3032976,28
401071778,UTAH,4011,27
401071778,UTAH,3908809,27
401071778,UTAH,6581,20
401071778,UTAH,3028,14
401071778,UTAH,4261,4
401071778,UTAH,2583632,23
401071778,UTAH,2990969,4
401071778,UTAH,2968361,17
401071778,UTAH,2011,20
401071779,BKN,3970,36
401071779,BKN,2528794,43
401071779,BKN,4230548,19
401071779,BKN,4066328,26
401071779,BKN,3136776,42
401071779,BKN,3201,35
401071779,BKN,4259,24
401071779,BKN,2580782,41
401071779,BKN,2991043,24
401071779,BKN,2595231,0
401071779,BKN,3064291,0
401071779,BKN,2530780,0
401071779,POR,2982268,13
401071779,POR,4248,23
401071779,POR,6591,40
401071779,POR,3102530,34
401071779,POR,6606,48
401071779,POR,4066650,15
401071779,POR,6447,21
401071779,POR,2581177,43
401071779,POR,4239,12
401071779,POR,2326307,40
401071779,POR,4351851,1
401071779,POR,6605,0
401071779,POR,4277843,0
401071780,SA,2983,43
401071780,SA,3134908,20
401071780,SA,2994526,28
401071780,SA,3978,40
401071780,SA,3078576,29
401071780,SA,4253,0
401071780,SA,3005,32
401071780,SA,6426,20
401071780,SA,4004,19
401071780,SA,3190,33
401071780,SA,4277890,0
401071780,SA,3974,0
401071780,SA,3914285,0
401071780,CHA,2797,29
401071780,CHA,4066383,35
401071780,CHA,6427,13
401071780,CHA,6479,42
401071780,CHA,3907821,36
401071780,CHA,2579294,32
401071780,CHA,2999409,22
401071780,CHA,3133601,22
401071780,CHA,6603,21
401071780,CHA,4066262,13
401071780,CHA,6601,0
401071780,CHA,1015,0
401071780,CHA,6454,0
401071781,BOS,4065648,34
401071781,BOS,3213,27
401071781,BOS,2968439,25
401071781,BOS,2990992,33
401071781,BOS,3074752,29
401071781,BOS,6462,29
401071781,BOS,4017844,6
401071781,BOS,4249,30
401071781,BOS,2451037,9
401071781,BOS,3917376,18
401071781,BOS,3056602,0
401071781,BOS,4260,0
401071781,BOS,6507,0
401071781,CLE,3449,29
401071781,CLE,3893016,36
401071781,CLE,6474,18
401071781,CLE,6448,16
401071781,CLE,4277811,39
401071781,CLE,2580365,31
401071781,CLE,3062744,18
401071781,CLE,3907487,12
401071781,CLE,2528426,30
401071781,CLE,2991042,11
401071781,CLE,2754,0
401071781,CLE,3908807,0
401071781,CLE,4017838,0
401071782,ORL,3064290,37
401071782,ORL,4065654,29
401071782,ORL,6478,34
401071782,ORL,6588,33
401071782,ORL,3415,30
401071782,ORL,3074797,15
401071782,ORL,2578240,13
401071782,ORL,6619,30
401071782,ORL,2596108,18
401071782,ORL,2982249,0
401071782,ORL,3064517,0
401071782,ORL,2531047,0
401071782,MIA,2489663,23
401071782,MIA,3936099,27
401071782,MIA,4066261,30
401071782,MIA,2581190,40
401071782,MIA,6628,29
401071782,MIA,3999,21
401071782,MIA,4262,15
401071782,MIA,3423,26
401071782,MIA,1987,29
401071782,MIA,2184,0
401071782,MIA,3412,0
401071782,MIA,3136183,0
401071782,MIA,3157465,0
401071783,CHI,4066336,16
401071783,CHI,3447,26
401071783,CHI,2991047,30
401071783,CHI,2991274,33
401071783,CHI,3059316,40
401071783,CHI,3113587,22
401071783,CHI,3893019,28
401071783,CHI,3907385,23
401071783,CHI,3907386,21
401071783,CHI,2991139,0
401071783,CHI,3064440,0
401071783,TOR,3988,15
401071783,TOR,6450,22
401071783,TOR,3149673,21
401071783,TOR,3206,20
401071783,TOR,3012,21
401071783,TOR,3439,23
401071783,TOR,3934719,25
401071783,TOR,3137730,17
401071783,TOR,4003,5
401071783,TOR,4299,20
401071783,TOR,2595516,26
401071783,TOR,2991230,26
401071784,HOU,3033,36
401071784,HOU,3102529,36
401071784,HOU,2779,32
401071784,HOU,3431,23
401071784,HOU,3992,38
401071784,HOU,3132042,10
401071784,HOU,2991155,28
401071784,HOU,4222252,1
401071784,HOU,6617,20
401071784,HOU,6468,16
401071784,HOU,3137795,1
401071784,HOU,1713,0
401071784,MIL,6609,34
401071784,MIL,3032977,33
401071784,MIL,3057187,26
401071784,MIL,3448,30
401071784,MIL,4238,29
401071784,MIL,2767,17
401071784,MIL,3136491,16
401071784,MIL,3138192,1
401071784,MIL,3438,21
401071784,MIL,2488945,1
401071784,MIL,2578239,31
401071784,MIL,6459,0
401071784,MIL,3934673,0
401071785,LAC,3428,30
401071785,LAC,4017837,21
401071785,LAC,3964,18
401071785,LAC,4023,32
401071785,LAC,4278073,31
401071785,LAC,3194,15
401071785,LAC,2327577,16
401071785,LAC,3059306,2
401071785,LAC,2991055,27
401071785,LAC,2799,30
401071785,LAC,3064539,1
401071785,LAC,3943606,2
401071785,LAC,3002137,15
401071785,MIN,3032978,27
401071785,MIN,3059319,35
401071785,MIN,3136195,35
401071785,MIN,3135046,30
401071785,MIN,4065663,34
401071785,MIN,3276,21
401071785,MIN,3057240,6
401071785,MIN,3136779,18
401071785,MIN,2534781,12
401071785,MIN,3417,18
401071785,MIN,2325499,2
401071785,MIN,3133843,2
401071785,MIN,3986,0
401071786,ATL,2990962,33
401071786,ATL,3908845,20
401071786,ATL,2580913,23
401071786,ATL,4066372,30
401071786,ATL,4277905,31
401071786,ATL,2982340,8
401071786,ATL,3937101,6
401071786,ATL,6637,11
401071786,ATL,2596107,27
401071786,ATL,3062667,20
401071786,ATL,136,19
401071786,ATL,3133874,11
401071786,NO,3064514,34
401071786,NO,3919335,19
401071786,NO,2583639,25
401071786,NO,3133626,30
401071786,NO,4065651,25
401071786,NO,3058254,32
401071786,NO,6610,28
401071786,NO,3134881,16
401071786,NO,3135048,8
401071786,NO,2489785,25
401071786,NO,6583,0
401071786,NO,2488958,0
401071786,NO,2585637,0
401071787,SAC,4269,28
401071787,SAC,6578,33
401071787,SAC,2991282,30
401071787,SAC,2990984,35
401071787,SAC,4066259,32
401071787,SAC,3191,7
401071787,SAC,4277848,24
401071787,SAC,3444,7
401071787,SAC,2991018,17
401071787,SAC,3037789,29
401071787,SAC,6429,0
401071787,SAC,3059315,0
401071787,DAL,609,11
401071787,DAL,2531367,32
401071787,DAL,3138156,17
401071787,DAL,3934672,30
401071787,DAL,3945274,36
401071787,DAL,2578185,22
401071787,DAL,2960236,33
401071787,DAL,2579260,18
401071787,DAL,2382,12
401071787,DAL,2489693,29
401071787,DAL,2968458,0
401071787,DAL,4066243,0
401071787,DAL,3445,0
401071788,DET,3989,38
401071788,DET,6585,29
401071788,DET,6443,31
401071788,DET,3981,29
401071788,DET,4065670,14
401071788,DET,6452,3
401071788,DET,4017843,20
401071788,DET,2016,5
401071788,DET,4305,17
401071788,DET,2530572,22
401071788,DET,3913174,31
401071788,DET,2991039,0
401071788,DET,3912334,0
401071788,DEN,3015,40
401071788,DEN,3112335,33
401071788,DEN,6579,33
401071788,DEN,2999547,36
401071788,DEN,3936299,38
401071788,DEN,2528693,14
401071788,DEN,2488653,23
401071788,DEN,3059310,23
401071788,DEN,4017839,0
401071788,DEN,3136196,0
401071788,DEN,4278077,0
401071788,DEN,6472,0
401071788,DEN,3057198,0
401071789,WSH,4278508,25
401071789,WSH,2426,7
401071789,WSH,3934723,28
401071789,WSH,6621,37
401071789,WSH,6580,37
401071789,WSH,3056600,30
401071789,WSH,3209,21
401071789,WSH,3064482,25
401071789,WSH,2531797,16
401071789,WSH,2580898,14
401071789,WSH,4247,0
401071789,WSH,2991184,0
401071789,WSH,2774,0
401071789,LAL,1966,34
401071789,LAL,3134907,30
401071789,LAL,3452,32
401071789,LAL,3026,33
401071789,LAL,2581018,36
401071789,LAL,3064528,16
401071789,LAL,3150844,12
401071789,LAL,4244,25
401071789,LAL,6644,1
401071789,LAL,2991350,20
401071789,LAL,4348697,1
401071789,LAL,984,0
401071789,LAL,2490089,0
401071790,POR,2982268,19
401071790,POR,4248,23
401071790,POR,6591,20
401071790,POR,6447,22
401071790,POR,6606,28
401071790,POR,4066650,25
401071790,POR,6605,18
401071790,POR,3936296,4
401071790,POR,2581177,24
401071790,POR,4239,22
401071790,POR,2326307,24
401071790,POR,4277843,4
401071790,POR,4351851,6
401071790,CHI,3447,28
401071790,CHI,2991274,30
401071790,CHI,3059316,34
401071790,CHI,3907385,30
401071790,CHI,3907386,32
401071790,CHI,3113587,29
401071790,CHI,3893019,21
401071790,CHI,2991047,19
401071790,CHI,4066334,16
401071790,CHI,3149010,0
401071790,CHI,4277847,0
401071791,GS,3202,35
401071791,GS,6589,33
401071791,GS,4258,32
401071791,GS,3975,33
401071791,GS,6475,35
401071791,GS,2386,21
401071791,GS,3998,1
401071791,GS,2530923,6
401071791,GS,3155535,8
401071791,GS,2747,7
401071791,GS,2566745,16
401071791,GS,2393,14
401071791,MEM,2284101,35
401071791,MEM,3113297,37
401071791,MEM,6477,32
401071791,MEM,3195,32
401071791,MEM,3915560,30
401071791,MEM,3917378,15
401071791,MEM,2579492,7
401071791,MEM,6466,25
401071791,MEM,3064447,25
401071791,MEM,3133635,1
401071791,MEM,4240,0
401071792,IND,3244,28
401071792,IND,3593,34
401071792,IND,3133628,31
401071792,IND,3973,24
401071792,IND,4032,32
401071792,IND,2528588,15
401071792,IND,3155942,31
401071792,IND,6446,25
401071792,IND,3983,20
401071792,IND,4066425,0
401071792,IND,6615,0
401071792,IND,3136485,0
401071792,IND,3922230,0
401071792,OKC,4251,39
401071792,OKC,2991070,37
401071792,OKC,4230546,38
401071792,OKC,2991235,35
401071792,OKC,3468,37
401071792,OKC,6461,7
401071792,OKC,2595435,13
401071792,OKC,2991280,13
401071792,OKC,3032979,21
401071792,OKC,4264,0
401071792,OKC,3059358,0
401071792,OKC,2753,0
401071792,OKC,4080610,0
401071793,WSH,3064482,23
401071793,WSH,4278508,23
401071793,WSH,3934723,40
401071793,WSH,6621,38
401071793,WSH,6580,37
401071793,WSH,3056600,32
401071793,WSH,3209,10
401071793,WSH,2531797,25
401071793,WSH,2580898,13
401071793,WSH,4247,0
401071793,WSH,2991184,0
401071793,WSH,2426,0
401071793,WSH,2774,0
401071793,PHX,4011991,31
401071793,PHX,4278129,27
401071793,PHX,3136193,37
401071793,PHX,3147657,34
401071793,PHX,4066436,22
401071793,PHX,2993370,21
401071793,PHX,3908806,7
401071793,PHX,165,30
401071793,PHX,2489530,22
401071793,PHX,4230550,10
401071793,PHX,6434,0
401071794,LAL,3134907,31
401071794,LAL,3452,30
401071794,LAL,3026,26
401071794,LAL,4244,30
401071794,LAL,2581018,28
401071794,LAL,3064528,22
401071794,LAL,3150844,20
401071794,LAL,6644,15
401071794,LAL,2991350,26
401071794,LAL,4348697,11
401071794,LAL,2528779,0
401071794,LAL,2490089,0
401071794,UTAH,4257,23
401071794,UTAH,2968436,30
401071794,UTAH,3032976,32
401071794,UTAH,4011,29
401071794,UTAH,3908809,35
401071794,UTAH,6581,25
401071794,UTAH,3028,11
401071794,UTAH,4261,3
401071794,UTAH,2583632,21
401071794,UTAH,2990969,2
401071794,UTAH,2968361,14
401071794,UTAH,2011,15
401071794,UTAH,3135045,2
401071795,ORL,3064290,32
401071795,ORL,4065654,29
401071795,ORL,6478,33
401071795,ORL,6588,29
401071795,ORL,3415,31
401071795,ORL,2982249,2
401071795,ORL,3064517,2
401071795,ORL,3074797,19
401071795,ORL,2578240,13
401071795,ORL,6619,32
401071795,ORL,2531047,2
401071795,ORL,2596108,14
401071795,DET,3989,33
401071795,DET,6585,38
401071795,DET,6443,20
401071795,DET,3981,31
401071795,DET,4065670,15
401071795,DET,6452,1
401071795,DET,4017843,15
401071795,DET,2016,9
401071795,DET,4305,28
401071795,DET,2530572,28
401071795,DET,3912334,1
401071795,DET,3913174,21
401071795,DET,2991039,0
401071796,BKN,3970,23
401071796,BKN,2528794,32
401071796,BKN,4230548,23
401071796,BKN,4066328,9
401071796,BKN,3136776,28
401071796,BKN,2595231,3
401071796,BKN,3201,15
401071796,BKN,3064291,26
401071796,BKN,4259,13
401071796,BKN,2580782,26
401071796,BKN,2530780,11
401071796,BKN,2991043,28
401071796,BKN,3138154,3
401071796,PHI,6430,37
401071796,PHI,6440,35
401071796,PHI,3059318,28
401071796,PHI,3024,30
401071796,PHI,3907387,30
401071796,PHI,6622,28
401071796,PHI,2769,2
401071796,PHI,4376,18
401071796,PHI,3915195,17
401071796,PHI,2530530,15
401071796,PHI,3155533,0
401071796,PHI,2579466,0
401071796,PHI,4277923,0
401071797,DAL,609,28
401071797,DAL,2531367,32
401071797,DAL,3138156,33
401071797,DAL,3934672,32
401071797,DAL,3945274,31
401071797,DAL,2578185,5
401071797,DAL,2960236,19
401071797,DAL,2968458,13
401071797,DAL,2579260,17
401071797,DAL,2382,9
401071797,DAL,3445,7
401071797,DAL,2489693,15
401071797,DAL,4066243,0
401071797,MIA,2489663,24
401071797,MIA,3936099,18
401071797,MIA,4066261,29
401071797,MIA,3423,38
401071797,MIA,6628,34
401071797,MIA,3999,30
401071797,MIA,3157465,22
401071797,MIA,4262,19
401071797,MIA,1987,28
401071797,MIA,2184,0
401071797,MIA,3412,0
401071797,MIA,3136183,0
401071797,MIA,2581190,0
401071798,TOR,3988,20
401071798,TOR,3149673,31
401071798,TOR,3206,23
401071798,TOR,3012,25
401071798,TOR,2991230,32
401071798,TOR,3439,24
401071798,TOR,2580980,7
401071798,TOR,3948153,5
401071798,TOR,3137730,19
401071798,TOR,4003,5
401071798,TOR,4299,26
401071798,TOR,2595516,23
401071798,NY,2995706,21
401071798,NY,4278075,27
401071798,NY,3442,20
401071798,NY,2991149,29
401071798,NY,3892818,25
401071798,NY,3906522,9
401071798,NY,6485,18
401071798,NY,3064560,9
401071798,NY,4351852,31
401071798,NY,4065697,20
401071798,NY,6594,12
401071798,NY,3134880,19
401071799,DEN,3015,22
401071799,DEN,3112335,25
401071799,DEN,6579,29
401071799,DEN,2999547,29
401071799,DEN,3936299,26
401071799,DEN,4017839,15
401071799,DEN,3136196,12
401071799,DEN,4278077,5
401071799,DEN,2528693,4
401071799,DEN,2488653,23
401071799,DEN,3059310,27
401071799,DEN,3907822,23
401071799,DEN,6472,0
401071799,HOU,3033,26
401071799,HOU,3102529,29
401071799,HOU,2779,30
401071799,HOU,3431,27
401071799,HOU,3992,32
401071799,HOU,3132042,3
401071799,HOU,2991155,20
401071799,HOU,1713,15
401071799,HOU,6617,29
401071799,HOU,6468,25
401071799,HOU,3137795,3
401071799,HOU,6433,0
401071799,HOU,2761,0
401071800,LAC,3428,24
401071800,LAC,4017837,18
401071800,LAC,4023,36
401071800,LAC,3914044,31
401071800,LAC,4278073,32
401071800,LAC,3194,17
401071800,LAC,2327577,24
401071800,LAC,3059306,1
401071800,LAC,2991055,20
401071800,LAC,3136479,1
401071800,LAC,3064539,6
401071800,LAC,3943606,22
401071800,LAC,3002137,8
401071800,MIL,6609,33
401071800,MIL,3032977,32
401071800,MIL,3057187,24
401071800,MIL,3448,31
401071800,MIL,4238,31
401071800,MIL,2767,22
401071800,MIL,3136491,14
401071800,MIL,3138192,1
401071800,MIL,3438,20
401071800,MIL,2488945,1
401071800,MIL,2578239,30
401071800,MIL,6459,0
401071800,MIL,2528353,0
401071801,SAC,4269,8
401071801,SAC,6578,35
401071801,SAC,2991282,35
401071801,SAC,2990984,33
401071801,SAC,4066259,37
401071801,SAC,3191,15
401071801,SAC,4277848,28
401071801,SAC,3444,13
401071801,SAC,2991018,18
401071801,SAC,3037789,19
401071801,SAC,6429,0
401071801,SAC,3059315,0
401071801,NO,3064514,31
401071801,NO,3135048,21
401071801,NO,2489785,32
401071801,NO,2583639,36
401071801,NO,3133626,32
401071801,NO,3058254,28
401071801,NO,3919335,16
401071801,NO,6610,16
401071801,NO,3134881,20
401071801,NO,2585637,8
401071801,NO,6583,0
401071801,NO,2488958,0
401071801,NO,4065651,0
401071802,CLE,3449,35
401071802,CLE,3893016,30
401071802,CLE,6474,22
401071802,CLE,6448,32
401071802,CLE,4277811,35
401071802,CLE,2580365,28
401071802,CLE,3062744,19
401071802,CLE,3907487,11
401071802,CLE,2528426,21
401071802,CLE,2991042,8
401071802,CLE,2754,0
401071802,CLE,3908807,0
401071802,CLE,4017838,0
401071802,SA,2983,36
401071802,SA,3134908,19
401071802,SA,2994526,35
401071802,SA,3978,35
401071802,SA,3078576,20
401071802,SA,6464,0
401071802,SA,3974,4
401071802,SA,3005,27
401071802,SA,6426,16
401071802,SA,4004,23
401071802,SA,3190,23
401071802,SA,4277890,3
401071802,SA,4253,0
401071802,SA,3914285,0
401071803,IND,3244,29
401071803,IND,3593,33
401071803,IND,3133628,34
401071803,IND,3973,28
401071803,IND,4032,27
401071803,IND,4066425,12
401071803,IND,2528588,15
401071803,IND,3155942,21
401071803,IND,6446,20
401071803,IND,3983,21
401071803,IND,6615,0
401071803,IND,3136485,0
401071803,IND,3922230,0
401071803,BOS,4065648,24
401071803,BOS,3213,35
401071803,BOS,2968439,33
401071803,BOS,6442,35
401071803,BOS,2990992,29
401071803,BOS,6462,20
401071803,BOS,4249,22
401071803,BOS,3074752,15
401071803,BOS,3917376,27
401071803,BOS,3056602,0
401071803,BOS,2451037,0
401071803,BOS,4066211,0
401071803,BOS,6507,0
401071804,POR,2982268,20
401071804,POR,4248,30
401071804,POR,6591,29
401071804,POR,6447,25
401071804,POR,6606,32
401071804,POR,4066650,19
401071804,POR,6605,7
401071804,POR,3936296,3
401071804,POR,2581177,23
401071804,POR,4239,16
401071804,POR,2326307,31
401071804,POR,4277843,4
401071804,POR,4351851,3
401071804,ATL,2982340,24
401071804,ATL,3908845,35
401071804,ATL,2580913,27
401071804,ATL,4066372,31
401071804,ATL,4277905,32
401071804,ATL,3937101,18
401071804,ATL,6637,21
401071804,ATL,3062667,19
401071804,ATL,136,16
401071804,ATL,3133874,16
401071804,ATL,2596107,0
401071805,GS,3202,42
401071805,GS,6589,42
401071805,GS,4258,26
401071805,GS,3975,42
401071805,GS,6475,41
401071805,GS,2386,30
401071805,GS,2530923,6
401071805,GS,3155535,10
401071805,GS,2747,2
401071805,GS,2566745,11
401071805,GS,2393,14
401071805,GS,3998,0
401071805,GS,3064427,0
401071805,MIN,3032978,23
401071805,MIN,3059319,39
401071805,MIN,3136195,30
401071805,MIN,3135046,27
401071805,MIN,4065663,41
401071805,MIN,3276,30
401071805,MIN,3057240,10
401071805,MIN,3136779,16
401071805,MIN,2534781,22
401071805,MIN,3417,26
401071805,MIN,3986,0
401071805,MIN,2325499,0
401071805,MIN,3133843,0
401071806,DEN,3015,27
401071806,DEN,3112335,34
401071806,DEN,6579,24
401071806,DEN,2999547,31
401071806,DEN,3936299,34
401071806,DEN,3136196,12
401071806,DEN,2528693,22
401071806,DEN,2488653,23
401071806,DEN,3059310,20
401071806,DEN,3907822,13
401071806,DEN,4017839,0
401071806,DEN,4278077,0
401071806,DEN,6472,0
401071806,OKC,4251,40
401071806,OKC,2991070,32
401071806,OKC,4230546,31
401071806,OKC,2991235,35
401071806,OKC,3468,36
401071806,OKC,6461,15
401071806,OKC,2595435,12
401071806,OKC,3059358,0
401071806,OKC,2991280,13
401071806,OKC,2753,0
401071806,OKC,3032979,25
401071806,OKC,4080610,0
401071806,OKC,4264,0
401071807,WSH,3064482,39
401071807,WSH,4278508,30
401071807,WSH,3934723,27
401071807,WSH,6621,26
401071807,WSH,6580,39
401071807,WSH,3056600,30
401071807,WSH,2991184,13
401071807,WSH,2531797,26
401071807,WSH,2580898,12
401071807,WSH,3209,0
401071807,WSH,4247,0
401071807,WSH,2774,0
401071807,UTAH,4257,9
401071807,UTAH,2968436,36
401071807,UTAH,3032976,35
401071807,UTAH,4011,33
401071807,UTAH,3908809,38
401071807,UTAH,6581,28
401071807,UTAH,3028,14
401071807,UTAH,4261,9
401071807,UTAH,2583632,11
401071807,UTAH,2990969,1
401071807,UTAH,2968361,7
401071807,UTAH,2011,18
401071807,UTAH,3135045,0
401071808,CHA,2797,30
401071808,CHA,4066383,33
401071808,CHA,6427,18
401071808,CHA,6479,38
401071808,CHA,3907821,38
401071808,CHA,6601,8
401071808,CHA,2579294,16
401071808,CHA,2999409,9
401071808,CHA,3133601,23
401071808,CHA,6603,20
401071808,CHA,4066262,8
401071808,CHA,3416,0
401071808,CHA,6454,0
401071808,LAL,1966,32
401071808,LAL,3134907,31
401071808,LAL,3452,27
401071808,LAL,3026,35
401071808,LAL,2581018,33
401071808,LAL,3064528,21
401071808,LAL,3150844,11
401071808,LAL,4244,29
401071808,LAL,6644,1
401071808,LAL,2991350,18
401071808,LAL,4348697,1
401071808,LAL,2528779,0
401071808,LAL,2490089,0
401071809,CLE,3062744,24
401071809,CLE,3893016,33
401071809,CLE,6474,26
401071809,CLE,6448,29
401071809,CLE,4277811,40
401071809,CLE,2580365,32
401071809,CLE,3908807,4
401071809,CLE,3907487,12
401071809,CLE,4017838,7
401071809,CLE,2528426,24
401071809,CLE,2991042,9
401071809,CLE,2754,0
401071809,CLE,3449,0
401071809,LAC,2327577,23
401071809,LAC,4017837,16
401071809,LAC,3964,23
401071809,LAC,3914044,28
401071809,LAC,4278073,28
401071809,LAC,3194,25
401071809,LAC,3059306,4
401071809,LAC,2991055,28
401071809,LAC,2799,23
401071809,LAC,3064539,4
401071809,LAC,3943606,12
401071809,LAC,4023,18
401071809,LAC,3002137,9
401071810,BOS,6462,29
401071810,BOS,4065648,30
401071810,BOS,2968439,17
401071810,BOS,2990992,22
401071810,BOS,3074752,27
401071810,BOS,3056602,9
401071810,BOS,4017844,2
401071810,BOS,4249,29
401071810,BOS,4260,1
401071810,BOS,2451037,20
401071810,BOS,4066211,8
401071810,BOS,6507,13
401071810,BOS,3917376,32
401071810,BKN,3970,29
401071810,BKN,2528794,35
401071810,BKN,4230548,6
401071810,BKN,4066328,30
401071810,BKN,3136776,30
401071810,BKN,2595231,15
401071810,BKN,3201,23
401071810,BKN,4259,18
401071810,BKN,2580782,24
401071810,BKN,2991043,29
401071810,BKN,3138154,1
401071810,BKN,3064291,0
401071810,BKN,2530780,0
401071811,SAC,6578,37
401071811,SAC,4277848,27
401071811,SAC,2991282,24
401071811,SAC,2990984,36
401071811,SAC,4066259,38
401071811,SAC,3191,13
401071811,SAC,3444,13
401071811,SAC,2991018,10
401071811,SAC,6429,7
401071811,SAC,3037789,35
401071811,SAC,3906671,0
401071811,SAC,4028211,0
401071811,SAC,3059315,0
401071811,HOU,3033,35
401071811,HOU,3102529,42
401071811,HOU,2779,30
401071811,HOU,3431,37
401071811,HOU,3992,38
401071811,HOU,2991155,20
401071811,HOU,6617,19
401071811,HOU,6468,18
401071811,HOU,6433,0
401071811,HOU,3132042,0
401071811,HOU,1713,0
401071811,HOU,4222252,0
401071811,HOU,3137795,0
401071812,POR,2982268,25
401071812,POR,4248,21
401071812,POR,6591,26
401071812,POR,6447,34
401071812,POR,6606,36
401071812,POR,4066650,13
401071812,POR,6605,9
401071812,POR,2581177,29
401071812,POR,4239,16
401071812,POR,2326307,32
401071812,POR,3936296,0
401071812,POR,4277843,0
401071812,POR,4351851,0
401071812,DET,4017843,28
401071812,DET,6585,38
401071812,DET,6443,34
401071812,DET,3981,29
401071812,DET,4065670,23
401071812,DET,2991039,19
401071812,DET,2016,10
401071812,DET,4305,14
401071812,DET,2530572,26
401071812,DET,3913174,19
401071812,DET,3989,0
401071812,DET,6452,0
401071812,DET,3912334,0
401071813,ORL,3064290,38
401071813,ORL,4065654,26
401071813,ORL,6478,32
401071813,ORL,6588,32
401071813,ORL,3415,30
401071813,ORL,3074797,20
401071813,ORL,2578240,16
401071813,ORL,6619,28
401071813,ORL,2596108,18
401071813,ORL,2982249,0
401071813,ORL,3064517,0
401071813,ORL,2531047,0
401071813,IND,3244,31
401071813,IND,3593,32
401071813,IND,3133628,33
401071813,IND,3973,33
401071813,IND,4032,33
401071813,IND,4066425,4
401071813,IND,2528588,12
401071813,IND,3155942,26
401071813,IND,6446,19
401071813,IND,3983,16
401071813,IND,6615,0
401071813,IND,3136485,0
401071813,IND,3922230,0
401071814,MIA,2489663,32
401071814,MIA,3936099,21
401071814,MIA,4066261,27
401071814,MIA,3423,37
401071814,MIA,6628,37
401071814,MIA,3412,6
401071814,MIA,3999,23
401071814,MIA,3157465,9
401071814,MIA,4262,20
401071814,MIA,1987,27
401071814,MIA,2184,0
401071814,MIA,3136183,0
401071814,MIA,2581190,0
401071814,NY,4278075,40
401071814,NY,3064560,36
401071814,NY,4351852,37
401071814,NY,2991149,24
401071814,NY,3892818,35
401071814,NY,6485,23
401071814,NY,4065697,18
401071814,NY,3134880,27
401071814,NY,3906522,0
401071814,NY,2995706,0
401071814,NY,3442,0
401071814,NY,6594,0
401071815,TOR,3439,28
401071815,TOR,3988,19
401071815,TOR,3206,29
401071815,TOR,3012,28
401071815,TOR,2991230,33
401071815,TOR,2580980,11
401071815,TOR,3948153,4
401071815,TOR,4003,29
401071815,TOR,4299,24
401071815,TOR,2595516,29
401071815,TOR,2595592,6
401071815,TOR,3149673,0
401071815,CHI,3447,23
401071815,CHI,2991047,19
401071815,CHI,2991274,32
401071815,CHI,3059316,20
401071815,CHI,3907385,22
401071815,CHI,3113587,25
401071815,CHI,3893019,32
401071815,CHI,2528586,31
401071815,CHI,3907386,18
401071815,CHI,4066334,18
401071815,CHI,3149010,0
401071816,PHI,3155533,31
401071816,PHI,6430,36
401071816,PHI,6440,39
401071816,PHI,3024,33
401071816,PHI,3907387,36
401071816,PHI,6622,20
401071816,PHI,2769,9
401071816,PHI,2579321,17
401071816,PHI,4376,7
401071816,PHI,2530530,12
401071816,PHI,3915195,0
401071816,PHI,2579466,0
401071816,PHI,4277923,0
401071816,MIN,3032978,25
401071816,MIN,3059319,36
401071816,MIN,3136195,32
401071816,MIN,3135046,22
401071816,MIN,4065663,22
401071816,MIN,3276,23
401071816,MIN,3057240,18
401071816,MIN,3136779,20
401071816,MIN,2534781,16
401071816,MIN,3417,26
401071816,MIN,3986,0
401071816,MIN,2325499,0
401071816,MIN,3133843,0
401071817,MEM,2284101,34
401071817,MEM,3113297,38
401071817,MEM,6477,34
401071817,MEM,3195,38
401071817,MEM,3915560,37
401071817,MEM,3917378,13
401071817,MEM,2579492,8
401071817,MEM,6466,7
401071817,MEM,3064447,28
401071817,MEM,3133635,4
401071817,MEM,3133838,0
401071817,MEM,3001309,0
401071817,PHX,4011991,30
401071817,PHX,4278129,27
401071817,PHX,3136193,43
401071817,PHX,3147657,32
401071817,PHX,4066436,18
401071817,PHX,3908806,2
401071817,PHX,4066297,30
401071817,PHX,165,30
401071817,PHX,2489530,22
401071817,PHX,4230550,7
401071817,PHX,6434,0
401071818,MIL,3136491,34
401071818,MIL,3138192,41
401071818,MIL,3057187,33
401071818,MIL,3448,27
401071818,MIL,2488945,53
401071818,MIL,2767,22
401071818,MIL,3438,25
401071818,MIL,2578239,29
401071818,MIL,6609,0
401071818,MIL,3032977,0
401071818,MIL,2528353,0
401071818,MIL,4238,0
401071818,ATL,2982340,31
401071818,ATL,3908845,38
401071818,ATL,2596107,27
401071818,ATL,4066372,29
401071818,ATL,4277905,35
401071818,ATL,3937101,22
401071818,ATL,6637,24
401071818,ATL,3062667,22
401071818,ATL,136,19
401071818,ATL,3133874,18
401071818,ATL,2990962,0
401071819,DAL,609,27
401071819,DAL,2531367,28
401071819,DAL,3138156,13
401071819,DAL,3445,17
401071819,DAL,3934672,30
401071819,DAL,2578185,16
401071819,DAL,2960236,27
401071819,DAL,2968458,10
401071819,DAL,2579260,31
401071819,DAL,2382,17
401071819,DAL,2489693,24
401071819,DAL,4066490,0
401071819,DAL,4066243,0
401071819,OKC,4251,39
401071819,OKC,2991070,33
401071819,OKC,4230546,20
401071819,OKC,2991235,39
401071819,OKC,3468,38
401071819,OKC,6461,11
401071819,OKC,2595435,7
401071819,OKC,2991280,9
401071819,OKC,2753,11
401071819,OKC,3032979,34
401071819,OKC,4264,0
401071819,OKC,3059358,0
401071819,OKC,4080610,0
401071820,LAL,3452,33
401071820,LAL,3150844,29
401071820,LAL,3026,31
401071820,LAL,4244,16
401071820,LAL,2581018,29
401071820,LAL,3064528,15
401071820,LAL,4067469,5
401071820,LAL,2528779,23
401071820,LAL,2490089,19
401071820,LAL,2991350,29
401071820,LAL,4348697,11
401071820,LAL,3134907,0
401071820,NO,3064514,23
401071820,NO,3135048,26
401071820,NO,2489785,31
401071820,NO,2583639,21
401071820,NO,3133626,23
401071820,NO,3058254,27
401071820,NO,3919335,21
401071820,NO,2488958,25
401071820,NO,3134881,21
401071820,NO,2585637,22
401071820,NO,6583,0
401071820,NO,6610,0
401071820,NO,4065651,0
401071821,SAC,4269,26
401071821,SAC,6578,34
401071821,SAC,2991282,30
401071821,SAC,2990984,31
401071821,SAC,4066259,33
401071821,SAC,3191,20
401071821,SAC,3444,18
401071821,SAC,2991018,15
401071821,SAC,3037789,32
401071821,SAC,3906671,0
401071821,SAC,4028211,0
401071821,SAC,6429,0
401071821,SAC,3059315,0
401071821,SA,3005,31
401071821,SA,2983,36
401071821,SA,2994526,31
401071821,SA,3978,36
401071821,SA,3078576,29
401071821,SA,6426,18
401071821,SA,3134908,12
401071821,SA,4004,22
401071821,SA,3190,24
401071821,SA,3914283,0
401071821,SA,3974,0
401071821,SA,4253,0
401071821,SA,4277890,0
401071822,WSH,3064482,22
401071822,WSH,4278508,42
401071822,WSH,3934723,40
401071822,WSH,6621,36
401071822,WSH,6580,36
401071822,WSH,3056600,31
401071822,WSH,4247,6
401071822,WSH,2531797,20
401071822,WSH,2580898,6
401071822,WSH,3209,0
401071822,WSH,2991184,0
401071822,WSH,2774,0
401071822,DEN,3015,31
401071822,DEN,3112335,30
401071822,DEN,6579,29
401071822,DEN,2999547,34
401071822,DEN,3936299,22
401071822,DEN,3136196,10
401071822,DEN,2528693,14
401071822,DEN,2488653,25
401071822,DEN,3059310,26
401071822,DEN,3907822,19
401071822,DEN,4017839,0
401071822,DEN,4278077,0
401071822,DEN,6472,0
401071823,CHA,2797,21
401071823,CHA,4066383,30
401071823,CHA,6427,8
401071823,CHA,6479,25
401071823,CHA,3907821,28
401071823,CHA,3416,24
401071823,CHA,6601,8
401071823,CHA,2579294,20
401071823,CHA,2999409,23
401071823,CHA,3133601,15
401071823,CHA,6603,20
401071823,CHA,6454,11
401071823,CHA,4066262,9
401071823,GS,3202,27
401071823,GS,6589,29
401071823,GS,4258,11
401071823,GS,3975,27
401071823,GS,6475,27
401071823,GS,2386,8
401071823,GS,3998,15
401071823,GS,2530923,18
401071823,GS,3064427,12
401071823,GS,3155535,18
401071823,GS,2747,11
401071823,GS,2566745,23
401071823,GS,2393,12
401071824,MEM,2284101,33
401071824,MEM,3113297,20
401071824,MEM,6477,21
401071824,MEM,3064447,35
401071824,MEM,3915560,25
401071824,MEM,3917378,16
401071824,MEM,2579492,17
401071824,MEM,6466,24
401071824,MEM,3133838,22
401071824,MEM,3001309,14
401071824,MEM,3133635,14
401071824,MEM,3195,0
401071824,LAC,3428,31
401071824,LAC,4017837,21
401071824,LAC,3964,25
401071824,LAC,3914044,30
401071824,LAC,4278073,28
401071824,LAC,3194,15
401071824,LAC,2327577,22
401071824,LAC,2991055,21
401071824,LAC,2799,23
401071824,LAC,3064539,1
401071824,LAC,3943606,1
401071824,LAC,4023,21
401071824,LAC,3002137,1
401071825,DET,4017843,42
401071825,DET,6585,37
401071825,DET,6443,30
401071825,DET,3981,38
401071825,DET,4065670,19
401071825,DET,6452,7
401071825,DET,2991039,13
401071825,DET,2016,11
401071825,DET,4305,20
401071825,DET,2530572,23
401071825,DET,3912334,0
401071825,DET,2806,0
401071825,DET,3133602,0
401071825,IND,3244,34
401071825,IND,3593,37
401071825,IND,3133628,34
401071825,IND,6446,31
401071825,IND,3983,27
401071825,IND,4066425,4
401071825,IND,2528588,24
401071825,IND,3155942,23
401071825,IND,3922230,25
401071825,IND,6615,0
401071825,IND,3136485,0
401071825,IND,3059262,0
401071826,MIA,2489663,40
401071826,MIA,3936099,17
401071826,MIA,4066261,31
401071826,MIA,3423,39
401071826,MIA,6628,37
401071826,MIA,3412,6
401071826,MIA,3999,23
401071826,MIA,4262,17
401071826,MIA,1987,29
401071826,MIA,2184,0
401071826,MIA,3136183,0
401071826,MIA,3157465,0
401071826,MIA,2581190,0
401071826,BOS,4065648,34
401071826,BOS,3213,34
401071826,BOS,2968439,25
401071826,BOS,6442,33
401071826,BOS,2990992,26
401071826,BOS,3056602,6
401071826,BOS,6462,24
401071826,BOS,4017844,3
401071826,BOS,4249,29
401071826,BOS,2451037,6
401071826,BOS,3074752,20
401071826,BOS,4066211,0
401071826,BOS,6507,0
401071827,MIL,3032977,30
401071827,MIL,3057187,36
401071827,MIL,3448,33
401071827,MIL,4238,34
401071827,MIL,2578239,34
401071827,MIL,3136491,22
401071827,MIL,3138192,1
401071827,MIL,3438,27
401071827,MIL,2488945,22
401071827,MIL,2767,0
401071827,MIL,6609,0
401071827,MIL,2528353,0
401071827,BKN,3970,35
401071827,BKN,2528794,35
401071827,BKN,4230548,17
401071827,BKN,4066328,27
401071827,BKN,3136776,35
401071827,BKN,3201,22
401071827,BKN,4259,20
401071827,BKN,2580782,19
401071827,BKN,2991043,30
401071827,BKN,2595231,0
401071827,BKN,3064291,0
401071827,BKN,2530780,0
401071827,BKN,3138154,0
401071828,CHI,3447,30
401071828,CHI,3893019,26
401071828,CHI,2528586,31
401071828,CHI,2991274,30
401071828,CHI,3059316,34
401071828,CHI,3113587,15
401071828,CHI,2608891,30
401071828,CHI,2991047,17
401071828,CHI,3907385,8
401071828,CHI,3907386,17
401071828,CHI,4066334,2
401071828,NY,4278075,40
401071828,NY,3064560,28
401071828,NY,4351852,33
401071828,NY,2991149,41
401071828,NY,3892818,36
401071828,NY,6485,32
401071828,NY,6594,20
401071828,NY,3134880,9
401071828,NY,3906522,0
401071828,NY,2995706,0
401071828,NY,3442,0
401071829,ORL,3064290,28
401071829,ORL,4065654,30
401071829,ORL,6478,26
401071829,ORL,6588,30
401071829,ORL,3415,23
401071829,ORL,2982249,6
401071829,ORL,3064517,6
401071829,ORL,3074797,21
401071829,ORL,2578240,16
401071829,ORL,6619,24
401071829,ORL,2531047,6
401071829,ORL,2596108,25
401071829,TOR,3988,28
401071829,TOR,6450,27
401071829,TOR,3149673,28
401071829,TOR,3206,25
401071829,TOR,3012,27
401071829,TOR,3439,20
401071829,TOR,2580980,4
401071829,TOR,3948153,4
401071829,TOR,4003,12
401071829,TOR,4299,17
401071829,TOR,2595516,17
401071829,TOR,2595592,4
401071829,TOR,2991230,27
401071830,POR,4248,30
401071830,POR,6591,21
401071830,POR,6447,26
401071830,POR,2581177,29
401071830,POR,6606,34
401071830,POR,2982268,14
401071830,POR,4066650,27
401071830,POR,6605,13
401071830,POR,4239,25
401071830,POR,2326307,22
401071830,POR,3936296,0
401071830,POR,4277843,0
401071830,POR,4351851,0
401071830,MIN,3032978,28
401071830,MIN,3059319,34
401071830,MIN,3136195,32
401071830,MIN,3135046,33
401071830,MIN,4065663,29
401071830,MIN,3276,20
401071830,MIN,3057240,21
401071830,MIN,3136779,13
401071830,MIN,2534781,16
401071830,MIN,3417,15
401071830,MIN,3986,0
401071830,MIN,3133843,0
401071830,MIN,4236300,0
401071831,PHI,3155533,30
401071831,PHI,6440,34
401071831,PHI,2579321,22
401071831,PHI,3024,29
401071831,PHI,3907387,32
401071831,PHI,6622,23
401071831,PHI,2769,5
401071831,PHI,4291678,6
401071831,PHI,4376,13
401071831,PHI,3915195,17
401071831,PHI,2530530,17
401071831,PHI,2579466,4
401071831,PHI,4277923,10
401071831,DAL,609,17
401071831,DAL,2531367,22
401071831,DAL,3138156,30
401071831,DAL,3445,18
401071831,DAL,3934672,19
401071831,DAL,2578185,16
401071831,DAL,2960236,25
401071831,DAL,2968458,24
401071831,DAL,2579260,29
401071831,DAL,4066243,23
401071831,DAL,2489693,16
401071831,DAL,2382,0
401071832,CHA,2797,24
401071832,CHA,4066383,26
401071832,CHA,6427,11
401071832,CHA,6479,37
401071832,CHA,3907821,5
401071832,CHA,6601,22
401071832,CHA,2579294,11
401071832,CHA,2999409,21
401071832,CHA,3133601,27
401071832,CHA,6603,31
401071832,CHA,4066262,25
401071832,CHA,3416,0
401071832,CHA,6454,0
401071832,UTAH,6581,25
401071832,UTAH,2968436,32
401071832,UTAH,3032976,39
401071832,UTAH,4011,30
401071832,UTAH,3908809,37
401071832,UTAH,3028,23
401071832,UTAH,4261,9
401071832,UTAH,2583632,23
401071832,UTAH,2990969,9
401071832,UTAH,2968361,13
401071832,UTAH,4065673,0
401071832,UTAH,2990968,0
401071832,UTAH,3135045,0
401071833,CLE,2580365,30
401071833,CLE,3893016,33
401071833,CLE,6474,21
401071833,CLE,6448,25
401071833,CLE,4277811,39
401071833,CLE,2754,3
401071833,CLE,3062744,16
401071833,CLE,3907487,10
401071833,CLE,4017838,14
401071833,CLE,2528426,33
401071833,CLE,2991042,17
401071833,CLE,3449,0
401071833,CLE,3908807,0
401071833,PHX,2993370,24
401071833,PHX,4011991,27
401071833,PHX,3136193,35
401071833,PHX,3147657,41
401071833,PHX,4230550,13
401071833,PHX,3908806,5
401071833,PHX,4066297,34
401071833,PHX,165,30
401071833,PHX,6434,6
401071833,PHX,2489530,25
401071833,PHX,4066436,0
401071834,LAL,3452,25
401071834,LAL,3150844,26
401071834,LAL,3026,36
401071834,LAL,4244,25
401071834,LAL,2581018,40
401071834,LAL,3064528,8
401071834,LAL,4067469,1
401071834,LAL,2528779,30
401071834,LAL,2490089,19
401071834,LAL,2991350,29
401071834,LAL,4348697,1
401071834,LAL,3134907,0
401071834,OKC,4251,38
401071834,OKC,2991070,35
401071834,OKC,4230546,22
401071834,OKC,2991235,33
401071834,OKC,3468,37
401071834,OKC,6461,11
401071834,OKC,2595435,6
401071834,OKC,3059358,1
401071834,OKC,2991280,15
401071834,OKC,2753,13
401071834,OKC,3032979,29
401071834,OKC,4080610,1
401071834,OKC,4264,0
401071835,ATL,2982340,26
401071835,ATL,2596107,28
401071835,ATL,136,28
401071835,ATL,4066372,27
401071835,ATL,4277905,30
401071835,ATL,3937101,20
401071835,ATL,6637,24
401071835,ATL,3926491,18
401071835,ATL,3062667,19
401071835,ATL,3133874,20
401071835,ATL,2990962,0
401071835,SA,3005,25
401071835,SA,2983,38
401071835,SA,2994526,29
401071835,SA,3978,36
401071835,SA,3078576,31
401071835,SA,6426,19
401071835,SA,3134908,10
401071835,SA,4004,21
401071835,SA,3190,26
401071835,SA,4277890,5
401071835,SA,3974,0
401071835,SA,4253,0
401071835,SA,3914285,0
401071836,HOU,3033,27
401071836,HOU,3102529,26
401071836,HOU,2779,28
401071836,HOU,3431,26
401071836,HOU,3992,29
401071836,HOU,6433,21
401071836,HOU,3132042,6
401071836,HOU,2991155,29
401071836,HOU,6617,22
401071836,HOU,6468,22
401071836,HOU,3137795,5
401071836,HOU,1713,0
401071836,HOU,2761,0
401071836,SAC,4269,19
401071836,SAC,6578,28
401071836,SAC,2991282,21
401071836,SAC,2990984,33
401071836,SAC,4066259,24
401071836,SAC,3191,16
401071836,SAC,3906671,5
401071836,SAC,4277848,28
401071836,SAC,3444,10
401071836,SAC,2991018,19
401071836,SAC,6429,6
401071836,SAC,3037789,26
401071836,SAC,3059315,6
401071837,DEN,3015,20
401071837,DEN,3112335,28
401071837,DEN,6579,26
401071837,DEN,2999547,25
401071837,DEN,3936299,29
401071837,DEN,4017839,7
401071837,DEN,3136196,18
401071837,DEN,4278077,7
401071837,DEN,2528693,18
401071837,DEN,2488653,23
401071837,DEN,3059310,16
401071837,DEN,3907822,13
401071837,DEN,6472,10
401071837,GS,3202,21
401071837,GS,6589,30
401071837,GS,4258,29
401071837,GS,3975,30
401071837,GS,6475,29
401071837,GS,2386,19
401071837,GS,3998,12
401071837,GS,2530923,17
401071837,GS,3064427,6
401071837,GS,3155535,12
401071837,GS,2747,4
401071837,GS,2566745,14
401071837,GS,2393,15
401071838,IND,3244,35
401071838,IND,3593,34
401071838,IND,3133628,25
401071838,IND,6446,34
401071838,IND,3983,28
401071838,IND,4066425,6
401071838,IND,2528588,21
401071838,IND,3155942,27
401071838,IND,3922230,29
401071838,IND,4067045,0
401071838,IND,6615,0
401071838,IND,3136485,0
401071838,IND,3059262,0
401071838,DET,4017843,33
401071838,DET,6585,43
401071838,DET,6443,23
401071838,DET,3981,35
401071838,DET,4065670,14
401071838,DET,6452,9
401071838,DET,2016,5
401071838,DET,4305,28
401071838,DET,2530572,22
401071838,DET,3913174,29
401071838,DET,2991039,0
401071838,DET,3912334,0
401071838,DET,2806,0
401071839,NY,2995706,34
401071839,NY,4278075,34
401071839,NY,4351852,34
401071839,NY,2991149,36
401071839,NY,3892818,40
401071839,NY,3906522,6
401071839,NY,6485,14
401071839,NY,3064560,14
401071839,NY,6594,17
401071839,NY,3059356,12
401071839,NY,3442,0
401071839,ORL,3064290,40
401071839,ORL,4065654,26
401071839,ORL,6478,33
401071839,ORL,6588,35
401071839,ORL,3415,31
401071839,ORL,3074797,13
401071839,ORL,2578240,15
401071839,ORL,6619,24
401071839,ORL,2596108,24
401071839,ORL,2982249,0
401071839,ORL,3064517,0
401071839,ORL,2531047,0
401071839,ORL,3913546,0
401071840,CHI,3447,25
401071840,CHI,3893019,26
401071840,CHI,2528586,29
401071840,CHI,2991274,34
401071840,CHI,3059316,16
401071840,CHI,3113587,23
401071840,CHI,2608891,29
401071840,CHI,2991047,19
401071840,CHI,3907385,13
401071840,CHI,4066334,26
401071840,CHI,2991139,0
401071840,CHI,3907386,0
401071840,WSH,3064482,24
401071840,WSH,4278508,36
401071840,WSH,3934723,39
401071840,WSH,6621,25
401071840,WSH,6580,22
401071840,WSH,3056600,12
401071840,WSH,2991184,31
401071840,WSH,2531797,28
401071840,WSH,2580898,23
401071840,WSH,3209,0
401071840,WSH,4247,0
401071840,WSH,2774,0
401071841,PHI,3155533,24
401071841,PHI,6430,34
401071841,PHI,6440,37
401071841,PHI,3024,35
401071841,PHI,3907387,33
401071841,PHI,6622,27
401071841,PHI,2769,6
401071841,PHI,2579321,12
401071841,PHI,4376,18
401071841,PHI,2530530,15
401071841,PHI,3915195,0
401071841,PHI,2579466,0
401071841,PHI,4277923,0
401071841,ATL,2990962,33
401071841,ATL,3908845,35
401071841,ATL,2596107,14
401071841,ATL,4066372,30
401071841,ATL,4277905,33
401071841,ATL,2982340,16
401071841,ATL,3937101,18
401071841,ATL,6637,20
401071841,ATL,3926491,5
401071841,ATL,3062667,21
401071841,ATL,3133874,15
401071842,TOR,3988,25
401071842,TOR,6450,34
401071842,TOR,3149673,36
401071842,TOR,3206,27
401071842,TOR,3012,33
401071842,TOR,3439,24
401071842,TOR,4003,11
401071842,TOR,4299,11
401071842,TOR,2595516,12
401071842,TOR,2991230,26
401071842,TOR,2580980,0
401071842,TOR,3948153,0
401071842,TOR,2595592,0
401071842,BKN,3970,22
401071842,BKN,2528794,35
401071842,BKN,4230548,19
401071842,BKN,4066328,27
401071842,BKN,3136776,33
401071842,BKN,2595231,9
401071842,BKN,3201,19
401071842,BKN,3064291,9
401071842,BKN,4259,9
401071842,BKN,2580782,32
401071842,BKN,2991043,26
401071842,BKN,4348696,0
401071842,BKN,2530780,0
401071843,BOS,4065648,39
401071843,BOS,3213,35
401071843,BOS,2968439,25
401071843,BOS,6442,32
401071843,BOS,2990992,29
401071843,BOS,3056602,7
401071843,BOS,4249,32
401071843,BOS,2451037,3
401071843,BOS,6507,13
401071843,BOS,3074752,24
401071843,BOS,4017844,0
401071843,BOS,4066211,0
401071843,BOS,2983727,0
401071843,MIA,2489663,29
401071843,MIA,4066261,26
401071843,MIA,3423,37
401071843,MIA,2581190,16
401071843,MIA,6628,42
401071843,MIA,3135047,23
401071843,MIA,3999,9
401071843,MIA,4262,21
401071843,MIA,1987,27
401071843,MIA,2488826,10
401071843,MIA,2184,0
401071843,MIA,3412,0
401071843,MIA,3157465,0
401071844,CHA,6601,20
401071844,CHA,4066383,34
401071844,CHA,6427,22
401071844,CHA,6479,35
401071844,CHA,3907821,22
401071844,CHA,2579294,28
401071844,CHA,2999409,15
401071844,CHA,3133601,16
401071844,CHA,6603,30
401071844,CHA,4066262,18
401071844,CHA,3416,0
401071844,CHA,6454,0
401071844,CHA,3136483,0
401071844,NO,3064514,34
401071844,NO,3135048,23
401071844,NO,2489785,32
401071844,NO,2583639,29
401071844,NO,3133626,24
401071844,NO,3058254,21
401071844,NO,3919335,13
401071844,NO,2488958,24
401071844,NO,3134881,23
401071844,NO,2585637,17
401071844,NO,6583,0
401071844,NO,6610,0
401071844,NO,4065651,0
401071845,MIN,3032978,30
401071845,MIN,3059319,35
401071845,MIN,3136195,37
401071845,MIN,3135046,34
401071845,MIN,4065663,26
401071845,MIN,3276,12
401071845,MIN,3057240,15
401071845,MIN,3136779,20
401071845,MIN,2534781,18
401071845,MIN,3417,14
401071845,MIN,2325499,0
401071845,MIN,3133843,0
401071845,MIN,4236300,0
401071845,DAL,609,22
401071845,DAL,2531367,31
401071845,DAL,3138156,32
401071845,DAL,3934672,32
401071845,DAL,3945274,32
401071845,DAL,2960236,26
401071845,DAL,2968458,17
401071845,DAL,2579260,16
401071845,DAL,2382,16
401071845,DAL,3445,16
401071845,DAL,4066243,0
401071845,DAL,2489693,0
401071846,SA,2983,24
401071846,SA,3134908,17
401071846,SA,2994526,24
401071846,SA,3978,24
401071846,SA,3078576,18
401071846,SA,3974,12
401071846,SA,4253,12
401071846,SA,3914285,12
401071846,SA,3005,20
401071846,SA,6426,27
401071846,SA,4004,20
401071846,SA,3190,15
401071846,SA,4277890,16
401071846,DEN,3015,21
401071846,DEN,3112335,29
401071846,DEN,6579,23
401071846,DEN,2999547,30
401071846,DEN,3936299,30
401071846,DEN,4017839,6
401071846,DEN,3136196,6
401071846,DEN,4278077,5
401071846,DEN,2528693,22
401071846,DEN,2488653,19
401071846,DEN,3059310,26
401071846,DEN,3907822,25
401071846,DEN,6472,0
401071847,UTAH,3028,23
401071847,UTAH,2583632,33
401071847,UTAH,2968436,35
401071847,UTAH,3032976,36
401071847,UTAH,3908809,35
401071847,UTAH,4261,12
401071847,UTAH,2990969,27
401071847,UTAH,2968361,21
401071847,UTAH,3135045,19
401071847,UTAH,2982349,0
401071847,UTAH,4065673,0
401071847,UTAH,4011,0
401071847,UTAH,2990968,0
401071847,PHX,2993370,38
401071847,PHX,4011991,23
401071847,PHX,3136193,8
401071847,PHX,3147657,34
401071847,PHX,4230550,25
401071847,PHX,3908806,7
401071847,PHX,4066297,34
401071847,PHX,6434,22
401071847,PHX,2489530,31
401071847,PHX,4066436,18
401071847,PHX,2982334,0
401071847,PHX,165,0
401071848,MEM,3917378,31
401071848,MEM,2284101,30
401071848,MEM,2579492,25
401071848,MEM,3064447,29
401071848,MEM,3915560,23
401071848,MEM,3113297,20
401071848,MEM,6466,25
401071848,MEM,3133838,21
401071848,MEM,3001309,12
401071848,MEM,3133635,24
401071848,MEM,3224,0
401071848,MEM,3195,0
401071848,POR,4248,18
401071848,POR,6591,29
401071848,POR,6447,26
401071848,POR,2581177,30
401071848,POR,6606,29
401071848,POR,2982268,15
401071848,POR,4066650,22
401071848,POR,3936296,5
401071848,POR,4239,28
401071848,POR,2326307,24
401071848,POR,4277843,7
401071848,POR,4351851,5
401071848,POR,6605,0
401071849,HOU,3033,27
401071849,HOU,3102529,29
401071849,HOU,2779,27
401071849,HOU,3431,31
401071849,HOU,3992,30
401071849,HOU,6433,17
401071849,HOU,3132042,6
401071849,HOU,2991155,22
401071849,HOU,1713,6
401071849,HOU,6617,32
401071849,HOU,2761,6
401071849,HOU,3137795,6
401071849,HOU,6468,0
401071849,LAC,3428,24
401071849,LAC,4017837,20
401071849,LAC,4023,17
401071849,LAC,3914044,35
401071849,LAC,4278073,33
401071849,LAC,3194,14
401071849,LAC,2327577,19
401071849,LAC,3059306,3
401071849,LAC,2991055,23
401071849,LAC,2799,23
401071849,LAC,3064539,4
401071849,LAC,3943606,12
401071849,LAC,3002137,12
401071850,MIL,6609,25
401071850,MIL,3032977,35
401071850,MIL,3057187,35
401071850,MIL,3448,31
401071850,MIL,4238,3
401071850,MIL,2767,19
401071850,MIL,3136491,16
401071850,MIL,3438,33
401071850,MIL,2488945,11
401071850,MIL,2578239,31
401071850,MIL,3138192,0
401071850,MIL,2528353,0
401071850,PHI,6622,36
401071850,PHI,6440,30
401071850,PHI,3059318,37
401071850,PHI,3024,30
401071850,PHI,3907387,36
401071850,PHI,3155533,20
401071850,PHI,4376,3
401071850,PHI,3915195,18
401071850,PHI,2530530,12
401071850,PHI,4277923,18
401071850,PHI,2769,0
401071850,PHI,4260,0
401071850,PHI,2579466,0
401071851,CLE,2580365,30
401071851,CLE,3893016,29
401071851,CLE,4017838,31
401071851,CLE,6448,28
401071851,CLE,4277811,38
401071851,CLE,3908807,2
401071851,CLE,3062744,20
401071851,CLE,3907487,16
401071851,CLE,2528426,31
401071851,CLE,2991042,15
401071851,CLE,2754,0
401071851,CLE,3449,0
401071851,CLE,6474,0
401071851,SAC,4269,26
401071851,SAC,6578,32
401071851,SAC,2991282,31
401071851,SAC,2990984,29
401071851,SAC,4066259,34
401071851,SAC,3191,11
401071851,SAC,4277848,21
401071851,SAC,3444,15
401071851,SAC,2991018,14
401071851,SAC,3037789,28
401071851,SAC,3078286,0
401071851,SAC,3906671,0
401071851,SAC,3059315,0
401071852,GS,3202,29
401071852,GS,6589,29
401071852,GS,4258,24
401071852,GS,3975,29
401071852,GS,6475,29
401071852,GS,3998,19
401071852,GS,2530923,16
401071852,GS,3064427,12
401071852,GS,3155535,12
401071852,GS,2566745,21
401071852,GS,2595209,13
401071852,GS,3934621,8
401071852,LAL,3452,21
401071852,LAL,3150844,25
401071852,LAL,3026,29
401071852,LAL,2581018,21
401071852,LAL,2991350,37
401071852,LAL,3064528,27
401071852,LAL,4067469,27
401071852,LAL,2490089,24
401071852,LAL,4244,20
401071852,LAL,4348697,9
401071852,LAL,2528779,0
401071852,LAL,984,0
401071853,TOR,3988,19
401071853,TOR,6450,32
401071853,TOR,3149673,29
401071853,TOR,3206,27
401071853,TOR,3012,36
401071853,TOR,3439,21
401071853,TOR,3934719,16
401071853,TOR,4299,10
401071853,TOR,2595516,20
401071853,TOR,2991230,31
401071853,TOR,2580980,0
401071853,TOR,3948153,0
401071853,TOR,4003,0
401071853,CHA,6601,25
401071853,CHA,4066383,30
401071853,CHA,6427,3
401071853,CHA,6479,36
401071853,CHA,3907821,35
401071853,CHA,3416,16
401071853,CHA,2579294,36
401071853,CHA,2999409,3
401071853,CHA,3133601,12
401071853,CHA,6603,27
401071853,CHA,4066262,17
401071853,CHA,6454,0
401071853,CHA,3136483,0
401071854,ATL,2982340,26
401071854,ATL,2990962,26
401071854,ATL,3908845,34
401071854,ATL,2596107,22
401071854,ATL,4277905,27
401071854,ATL,3937101,16
401071854,ATL,3926491,15
401071854,ATL,3062667,29
401071854,ATL,136,22
401071854,ATL,3133874,23
401071854,ATL,4066372,0
401071854,ORL,3064290,28
401071854,ORL,4065654,23
401071854,ORL,6478,30
401071854,ORL,6588,27
401071854,ORL,3415,27
401071854,ORL,2982249,5
401071854,ORL,3064517,11
401071854,ORL,3074797,18
401071854,ORL,2578240,14
401071854,ORL,6619,28
401071854,ORL,2531047,5
401071854,ORL,2596108,21
401071854,ORL,3913546,5
401071855,SA,2983,28
401071855,SA,3134908,24
401071855,SA,2994526,32
401071855,SA,3978,28
401071855,SA,3078576,30
401071855,SA,6464,4
401071855,SA,3974,16
401071855,SA,4253,4
401071855,SA,3914285,4
401071855,SA,3005,27
401071855,SA,6426,19
401071855,SA,4004,20
401071855,SA,4277890,5
401071855,WSH,3064482,37
401071855,WSH,4278508,33
401071855,WSH,3934723,32
401071855,WSH,6621,25
401071855,WSH,6580,31
401071855,WSH,3209,23
401071855,WSH,2991184,14
401071855,WSH,3137798,14
401071855,WSH,2531797,15
401071855,WSH,2580898,17
401071855,WSH,3056600,0
401071855,WSH,4247,0
401071855,WSH,2774,0
401071856,BOS,4065648,34
401071856,BOS,3213,27
401071856,BOS,2968439,27
401071856,BOS,6442,27
401071856,BOS,2990992,28
401071856,BOS,3056602,3
401071856,BOS,6462,24
401071856,BOS,4017844,5
401071856,BOS,4249,26
401071856,BOS,2451037,12
401071856,BOS,4066211,3
401071856,BOS,6507,17
401071856,BOS,3074752,7
401071856,IND,3244,29
401071856,IND,3593,24
401071856,IND,3133628,28
401071856,IND,6446,24
401071856,IND,4032,22
401071856,IND,4066425,11
401071856,IND,2528588,19
401071856,IND,3155942,23
401071856,IND,4067045,3
401071856,IND,6615,6
401071856,IND,3136485,3
401071856,IND,3983,24
401071856,IND,3922230,24
401071857,NY,6485,19
401071857,NY,2995706,42
401071857,NY,4278075,31
401071857,NY,4351852,28
401071857,NY,2991149,28
401071857,NY,3906522,23
401071857,NY,3064560,19
401071857,NY,6594,25
401071857,NY,3059356,25
401071857,NY,3442,0
401071857,NY,3892818,0
401071857,HOU,3033,24
401071857,HOU,3102529,24
401071857,HOU,2779,24
401071857,HOU,3431,20
401071857,HOU,3992,29
401071857,HOU,6433,24
401071857,HOU,3132042,12
401071857,HOU,2991155,11
401071857,HOU,6617,23
401071857,HOU,2761,19
401071857,HOU,6468,24
401071857,HOU,3137795,7
401071857,HOU,1713,0
401071858,MIA,3135047,37
401071858,MIA,2489663,17
401071858,MIA,4066261,32
401071858,MIA,3423,38
401071858,MIA,6628,33
401071858,MIA,3999,28
401071858,MIA,4262,16
401071858,MIA,1987,29
401071858,MIA,2488826,10
401071858,MIA,2184,0
401071858,MIA,3136183,0
401071858,MIA,3157465,0
401071858,MIA,3936099,0
401071858,MIN,3032978,29
401071858,MIN,3059319,36
401071858,MIN,3136195,29
401071858,MIN,3135046,31
401071858,MIN,4065663,22
401071858,MIN,3276,16
401071858,MIN,3057240,13
401071858,MIN,3136779,25
401071858,MIN,2534781,22
401071858,MIN,3417,17
401071858,MIN,2325499,0
401071858,MIN,3133843,0
401071858,MIN,4236300,0
401071859,DET,3989,35
401071859,DET,6585,27
401071859,DET,6443,27
401071859,DET,3981,31
401071859,DET,4065670,20
401071859,DET,2991039,1
401071859,DET,4017843,17
401071859,DET,2016,17
401071859,DET,4305,21
401071859,DET,2530572,26
401071859,DET,3912334,1
401071859,DET,3913174,16
401071859,DET,6452,0
401071859,OKC,4251,36
401071859,OKC,2991070,34
401071859,OKC,4230546,28
401071859,OKC,2991235,24
401071859,OKC,3468,35
401071859,OKC,4264,4
401071859,OKC,6461,17
401071859,OKC,2595435,1
401071859,OKC,3059358,1
401071859,OKC,2991280,16
401071859,OKC,2753,12
401071859,OKC,3032979,31
401071859,OKC,4080610,1
401071860,MEM,3917378,30
401071860,MEM,2284101,32
401071860,MEM,3113297,29
401071860,MEM,3064447,39
401071860,MEM,3915560,26
401071860,MEM,2579492,17
401071860,MEM,6466,20
401071860,MEM,3133838,6
401071860,MEM,6631,18
401071860,MEM,3133635,22
401071860,MEM,3224,0
401071860,MEM,3195,0
401071860,DAL,609,25
401071860,DAL,2960236,21
401071860,DAL,3138156,32
401071860,DAL,2579260,27
401071860,DAL,3445,30
401071860,DAL,2578185,19
401071860,DAL,2968458,19
401071860,DAL,4066243,21
401071860,DAL,2382,21
401071860,DAL,2489693,24
401071860,DAL,4066490,0
401071861,SAC,4269,25
401071861,SAC,6578,27
401071861,SAC,4277848,30
401071861,SAC,2990984,26
401071861,SAC,4066259,8
401071861,SAC,3191,19
401071861,SAC,3078286,12
401071861,SAC,3906671,11
401071861,SAC,3444,12
401071861,SAC,2991018,36
401071861,SAC,3037789,25
401071861,SAC,3059315,9
401071861,SAC,6429,0
401071861,UTAH,6581,17
401071861,UTAH,2968436,28
401071861,UTAH,3032976,29
401071861,UTAH,4011,5
401071861,UTAH,3908809,32
401071861,UTAH,3028,26
401071861,UTAH,4261,15
401071861,UTAH,2583632,31
401071861,UTAH,2982349,4
401071861,UTAH,2990969,20
401071861,UTAH,4065673,3
401071861,UTAH,2990968,4
401071861,UTAH,3135045,26
401071862,NO,3064514,38
401071862,NO,3135048,24
401071862,NO,2489785,40
401071862,NO,2583639,43
401071862,NO,3133626,38
401071862,NO,3058254,16
401071862,NO,3919335,23
401071862,NO,2488958,29
401071862,NO,2585637,14
401071862,NO,6583,0
401071862,NO,6610,0
401071862,NO,3134881,0
401071862,NO,4065651,0
401071862,PHX,3908806,29
401071862,PHX,4011991,38
401071862,PHX,4066297,46
401071862,PHX,3147657,44
401071862,PHX,4230550,23
401071862,PHX,165,34
401071862,PHX,2489530,24
401071862,PHX,4066436,27
401071862,PHX,2993370,0
401071862,PHX,6434,0
401071862,PHX,3136193,0
401071863,POR,4248,31
401071863,POR,6591,29
401071863,POR,6447,38
401071863,POR,2581177,34
401071863,POR,6606,39
401071863,POR,2982268,19
401071863,POR,4066650,16
401071863,POR,6605,7
401071863,POR,4239,21
401071863,POR,4351851,5
401071863,POR,3936296,0
401071863,POR,2326307,0
401071863,POR,4277843,0
401071863,DEN,3015,30
401071863,DEN,3112335,37
401071863,DEN,6579,23
401071863,DEN,2999547,28
401071863,DEN,3936299,36
401071863,DEN,2528693,27
401071863,DEN,2488653,28
401071863,DEN,3059310,14
401071863,DEN,3907822,17
401071863,DEN,4017839,0
401071863,DEN,3136196,0
401071863,DEN,4278077,0
401071863,DEN,6472,0
401071864,CLE,2580365,32
401071864,CLE,3893016,33
401071864,CLE,6474,21
401071864,CLE,6448,32
401071864,CLE,4277811,32
401071864,CLE,3062744,23
401071864,CLE,3907487,6
401071864,CLE,4017838,17
401071864,CLE,2528426,32
401071864,CLE,2991042,12
401071864,CLE,2754,0
401071864,CLE,3449,0
401071864,CLE,3908807,0
401071864,GS,3202,37
401071864,GS,6589,36
401071864,GS,2747,21
401071864,GS,3975,36
401071864,GS,6475,36
401071864,GS,3998,17
401071864,GS,2530923,9
401071864,GS,3064427,12
401071864,GS,3155535,10
401071864,GS,2566745,16
401071864,GS,2595209,3
401071864,GS,2393,7
401071864,GS,3934621,0
401071865,LAL,3452,26
401071865,LAL,3150844,12
401071865,LAL,3026,37
401071865,LAL,2581018,40
401071865,LAL,2991350,38
401071865,LAL,3064528,22
401071865,LAL,4067469,25
401071865,LAL,2490089,27
401071865,LAL,4348697,13
401071865,LAL,2528779,0
401071865,LAL,984,0
401071865,LAL,4244,0
401071865,LAC,3428,33
401071865,LAC,4017837,19
401071865,LAC,4023,31
401071865,LAC,3914044,18
401071865,LAC,4278073,37
401071865,LAC,3194,15
401071865,LAC,2991055,29
401071865,LAC,2799,34
401071865,LAC,3064539,5
401071865,LAC,3943606,14
401071865,LAC,3002137,6
401071865,LAC,3059306,0
401071865,LAC,3136479,0
401071866,BKN,3970,27
401071866,BKN,2528794,35
401071866,BKN,4230548,24
401071866,BKN,4066328,12
401071866,BKN,3136776,33
401071866,BKN,2595231,23
401071866,BKN,3201,23
401071866,BKN,4259,8
401071866,BKN,2580782,29
401071866,BKN,2991043,26
401071866,BKN,3064291,0
401071866,BKN,2530780,0
401071866,MIL,6609,30
401071866,MIL,3136491,21
401071866,MIL,3057187,29
401071866,MIL,3448,30
401071866,MIL,4238,33
401071866,MIL,2767,25
401071866,MIL,3438,24
401071866,MIL,2488945,18
401071866,MIL,2578239,31
401071866,MIL,3032977,0
401071866,MIL,3138192,0
401071866,MIL,2528353,0
401071867,PHI,6622,23
401071867,PHI,6440,32
401071867,PHI,3059318,28
401071867,PHI,3024,24
401071867,PHI,3907387,26
401071867,PHI,3155533,25
401071867,PHI,4260,10
401071867,PHI,4376,10
401071867,PHI,3915195,24
401071867,PHI,2530530,22
401071867,PHI,4277923,16
401071867,PHI,2769,0
401071867,PHI,2579466,0
401071867,CHI,3447,25
401071867,CHI,2528586,30
401071867,CHI,2991274,23
401071867,CHI,3059316,13
401071867,CHI,4066334,20
401071867,CHI,3113587,23
401071867,CHI,2608891,35
401071867,CHI,3893019,27
401071867,CHI,2991047,18
401071867,CHI,3907385,25
401071867,CHI,3907386,0
401071868,MIA,3135047,34
401071868,MIA,2489663,16
401071868,MIA,4066261,31
401071868,MIA,3423,39
401071868,MIA,6628,33
401071868,MIA,3999,31
401071868,MIA,3936099,4
401071868,MIA,4262,22
401071868,MIA,1987,33
401071868,MIA,2488826,23
401071868,MIA,2184,0
401071868,MIA,3136183,0
401071868,MIA,3157465,0
401071868,TOR,3988,35
401071868,TOR,6450,38
401071868,TOR,3149673,37
401071868,TOR,3206,33
401071868,TOR,3012,42
401071868,TOR,3439,19
401071868,TOR,3934719,17
401071868,TOR,2595516,21
401071868,TOR,2991230,22
401071868,TOR,2580980,0
401071868,TOR,3948153,0
401071868,TOR,4003,0
401071868,TOR,4299,0
401071869,SA,2983,30
401071869,SA,3134908,26
401071869,SA,2994526,30
401071869,SA,3978,32
401071869,SA,3078576,22
401071869,SA,6464,6
401071869,SA,3974,5
401071869,SA,4253,5
401071869,SA,3005,17
401071869,SA,6426,20
401071869,SA,4004,21
401071869,SA,3190,14
401071869,SA,4277890,12
401071869,CLE,2754,16
401071869,CLE,2580365,33
401071869,CLE,3893016,35
401071869,CLE,6448,27
401071869,CLE,4277811,41
401071869,CLE,3449,13
401071869,CLE,3908807,4
401071869,CLE,3062744,18
401071869,CLE,3907487,11
401071869,CLE,4017838,17
401071869,CLE,2528426,25
401071869,CLE,2991042,0
401071870,OKC,4251,38
401071870,OKC,2991070,30
401071870,OKC,4230546,26
401071870,OKC,2991235,27
401071870,OKC,3468,38
401071870,OKC,4264,2
401071870,OKC,6461,24
401071870,OKC,2991280,12
401071870,OKC,2753,10
401071870,OKC,3032979,32
401071870,OKC,2595435,0
401071870,OKC,3059358,0
401071870,OKC,4080610,0
401071870,MIN,3032978,32
401071870,MIN,3059319,34
401071870,MIN,3136195,33
401071870,MIN,3135046,35
401071870,MIN,4065663,36
401071870,MIN,3276,16
401071870,MIN,3057240,7
401071870,MIN,3136779,19
401071870,MIN,2534781,15
401071870,MIN,3133843,13
401071870,MIN,3417,0
401071870,MIN,2325499,0
401071870,MIN,4236300,0
401071871,CHA,3416,26
401071871,CHA,4066383,36
401071871,CHA,6427,22
401071871,CHA,6479,41
401071871,CHA,3907821,28
401071871,CHA,2579294,28
401071871,CHA,3133601,17
401071871,CHA,6603,28
401071871,CHA,4066262,15
401071871,CHA,2999409,0
401071871,CHA,1015,0
401071871,CHA,6454,0
401071871,CHA,3136483,0
401071871,DET,3989,34
401071871,DET,6585,42
401071871,DET,6443,22
401071871,DET,3981,33
401071871,DET,4065670,24
401071871,DET,4017843,20
401071871,DET,4305,29
401071871,DET,2530572,17
401071871,DET,3913174,20
401071871,DET,6452,0
401071871,DET,2991039,0
401071871,DET,2016,0
401071871,DET,3912334,0
401071872,BKN,3970,16
401071872,BKN,2528794,30
401071872,BKN,4230548,16
401071872,BKN,4066328,28
401071872,BKN,3136776,29
401071872,BKN,2595231,20
401071872,BKN,3201,27
401071872,BKN,4259,20
401071872,BKN,2580782,26
401071872,BKN,2991043,28
401071872,BKN,3064291,0
401071872,BKN,2530780,0
401071872,IND,3244,26
401071872,IND,3593,29
401071872,IND,3133628,18
401071872,IND,3973,23
401071872,IND,4032,25
401071872,IND,4066425,19
401071872,IND,2528588,20
401071872,IND,3155942,31
401071872,IND,6615,3
401071872,IND,6446,19
401071872,IND,3136485,2
401071872,IND,3059262,2
401071872,IND,3922230,23
401071873,DAL,609,12
401071873,DAL,2531367,21
401071873,DAL,3138156,19
401071873,DAL,3445,17
401071873,DAL,3934672,24
401071873,DAL,2578185,40
401071873,DAL,2968458,32
401071873,DAL,2579260,29
401071873,DAL,4066243,32
401071873,DAL,2382,22
401071873,DAL,2489693,17
401071873,MEM,3917378,27
401071873,MEM,2284101,42
401071873,MEM,3113297,39
401071873,MEM,3064447,42
401071873,MEM,3915560,34
401071873,MEM,2579492,10
401071873,MEM,6466,30
401071873,MEM,6631,26
401071873,MEM,3133635,14
401071873,MEM,3133838,0
401071873,MEM,3224,0
401071873,MEM,3195,0
401071874,PHX,3908806,24
401071874,PHX,4011991,36
401071874,PHX,4066297,31
401071874,PHX,3147657,42
401071874,PHX,4230550,25
401071874,PHX,165,27
401071874,PHX,6434,5
401071874,PHX,2489530,27
401071874,PHX,4066436,22
401071874,PHX,2993370,0
401071874,PHX,3136193,0
401071874,HOU,3033,22
401071874,HOU,3102529,25
401071874,HOU,2779,26
401071874,HOU,3431,24
401071874,HOU,3992,29
401071874,HOU,6433,8
401071874,HOU,3132042,8
401071874,HOU,2991155,22
401071874,HOU,1713,15
401071874,HOU,6617,23
401071874,HOU,2761,12
401071874,HOU,6468,21
401071874,HOU,3137795,5
401071875,ATL,2990962,27
401071875,ATL,2596107,34
401071875,ATL,3926491,17
401071875,ATL,3133874,26
401071875,ATL,4066372,25
401071875,ATL,2982340,19
401071875,ATL,3937101,13
401071875,ATL,6637,25
401071875,ATL,3062667,23
401071875,ATL,136,31
401071875,ATL,3908845,0
401071875,ATL,4277905,0
401071875,MIL,6609,25
401071875,MIL,3032977,25
401071875,MIL,3057187,27
401071875,MIL,3448,24
401071875,MIL,4238,24
401071875,MIL,2767,18
401071875,MIL,3136491,23
401071875,MIL,3138192,4
401071875,MIL,3438,21
401071875,MIL,2488945,24
401071875,MIL,2578239,24
401071875,MIL,2528353,0
401071876,ORL,3064290,41
401071876,ORL,4065654,22
401071876,ORL,6478,34
401071876,ORL,6588,36
401071876,ORL,3415,32
401071876,ORL,3064517,2
401071876,ORL,3074797,18
401071876,ORL,2578240,14
401071876,ORL,6619,26
401071876,ORL,2596108,16
401071876,ORL,2982249,0
401071876,ORL,2531047,0
401071876,ORL,3913546,0
401071876,BOS,4065648,6
401071876,BOS,3213,26
401071876,BOS,2968439,14
401071876,BOS,6442,35
401071876,BOS,2990992,20
401071876,BOS,6462,30
401071876,BOS,4249,38
401071876,BOS,2451037,19
401071876,BOS,6507,6
401071876,BOS,3074752,21
401071876,BOS,3917376,26
401071876,BOS,3056602,0
401071876,BOS,4066211,0
401071877,WSH,3064482,24
401071877,WSH,4278508,36
401071877,WSH,3934723,23
401071877,WSH,6621,32
401071877,WSH,6580,23
401071877,WSH,3209,16
401071877,WSH,2991184,24
401071877,WSH,3137798,18
401071877,WSH,2774,20
401071877,WSH,2580898,23
401071877,WSH,3056600,0
401071877,WSH,2531797,0
401071877,NY,2995706,36
401071877,NY,4278075,32
401071877,NY,3064560,36
401071877,NY,4351852,38
401071877,NY,2991149,32
401071877,NY,3906522,18
401071877,NY,4065697,26
401071877,NY,6594,22
401071877,NY,6485,0
401071877,NY,3074765,0
401071877,NY,3442,0
401071877,NY,3059356,0
401071878,LAC,3194,32
401071878,LAC,2991055,31
401071878,LAC,2799,28
401071878,LAC,3914044,31
401071878,LAC,4278073,30
401071878,LAC,3059306,12
401071878,LAC,4017837,21
401071878,LAC,3064539,13
401071878,LAC,3943606,13
401071878,LAC,4023,14
401071878,LAC,3002137,16
401071878,LAC,3428,0
401071878,LAC,3136479,0
401071878,GS,3202,28
401071878,GS,6589,30
401071878,GS,4258,23
401071878,GS,3975,30
401071878,GS,6475,32
401071878,GS,3998,12
401071878,GS,2530923,14
401071878,GS,3064427,6
401071878,GS,3155535,13
401071878,GS,2747,8
401071878,GS,2566745,18
401071878,GS,2595209,12
401071878,GS,2393,13
401071879,DEN,3136196,27
401071879,DEN,2488653,32
401071879,DEN,3059310,24
401071879,DEN,6579,23
401071879,DEN,2999547,24
401071879,DEN,4017839,24
401071879,DEN,3934662,4
401071879,DEN,4278077,12
401071879,DEN,2528693,23
401071879,DEN,3907822,24
401071879,DEN,6472,24
401071879,DEN,3155536,0
401071879,DEN,3057198,0
401071879,POR,4248,27
401071879,POR,6591,22
401071879,POR,6447,27
401071879,POR,6606,38
401071879,POR,2490149,25
401071879,POR,2982268,12
401071879,POR,4066650,19
401071879,POR,2581177,26
401071879,POR,4239,21
401071879,POR,2326307,24
401071879,POR,6605,0
401071879,POR,3936296,0
401071879,POR,4351851,0
401071880,NO,3058254,24
401071880,NO,3135048,35
401071880,NO,2489785,36
401071880,NO,2583639,39
401071880,NO,3133626,29
401071880,NO,3919335,29
401071880,NO,2488958,27
401071880,NO,2585637,21
401071880,NO,6583,0
401071880,NO,3064514,0
401071880,NO,6610,0
401071880,NO,3134881,0
401071880,NO,4065651,0
401071880,SAC,4269,21
401071880,SAC,6578,37
401071880,SAC,2991282,19
401071880,SAC,2990984,32
401071880,SAC,4066259,35
401071880,SAC,3191,13
401071880,SAC,3078286,3
401071880,SAC,4277848,32
401071880,SAC,2991018,19
401071880,SAC,3037789,29
401071880,SAC,3059280,0
401071880,SAC,3906671,0
401071880,SAC,3059315,0
401071881,UTAH,3028,25
401071881,UTAH,2583632,30
401071881,UTAH,2968436,35
401071881,UTAH,3032976,36
401071881,UTAH,3908809,37
401071881,UTAH,6581,23
401071881,UTAH,4261,12
401071881,UTAH,2990969,27
401071881,UTAH,3135045,15
401071881,UTAH,2982349,0
401071881,UTAH,4065673,0
401071881,UTAH,2990968,0
401071881,LAL,4067469,38
401071881,LAL,3452,26
401071881,LAL,2490089,38
401071881,LAL,2581018,42
401071881,LAL,2991350,43
401071881,LAL,3064528,22
401071881,LAL,3150844,12
401071881,LAL,4348697,19
401071881,LAL,2528779,0
401071881,LAL,984,0
401071881,LAL,3026,0
401071881,LAL,4244,0
401071882,CHA,3416,32
401071882,CHA,4066383,28
401071882,CHA,6427,22
401071882,CHA,6479,27
401071882,CHA,3907821,29
401071882,CHA,2579294,23
401071882,CHA,2999409,3
401071882,CHA,3133601,22
401071882,CHA,6603,28
401071882,CHA,3136483,3
401071882,CHA,4066262,23
401071882,CHA,2797,0
401071882,CHA,1015,0
401071882,CLE,2580365,37
401071882,CLE,3893016,37
401071882,CLE,4017838,21
401071882,CLE,6448,31
401071882,CLE,4277811,38
401071882,CLE,2754,7
401071882,CLE,3908807,4
401071882,CLE,3062744,15
401071882,CLE,3907487,16
401071882,CLE,2528426,23
401071882,CLE,2991042,11
401071882,CLE,3449,0
401071883,MEM,2284101,36
401071883,MEM,3113297,27
401071883,MEM,6631,19
401071883,MEM,3064447,37
401071883,MEM,3915560,32
401071883,MEM,3917378,29
401071883,MEM,2579492,12
401071883,MEM,6466,29
401071883,MEM,3133635,19
401071883,MEM,3133838,0
401071883,MEM,3224,0
401071883,MEM,3195,0
401071883,DET,3989,18
401071883,DET,6585,38
401071883,DET,6443,22
401071883,DET,3981,38
401071883,DET,4065670,19
401071883,DET,2991039,10
401071883,DET,4017843,8
401071883,DET,2016,7
401071883,DET,4305,26
401071883,DET,2530572,26
401071883,DET,3913174,29
401071883,DET,6452,0
401071883,DET,3912334,0
401071884,BOS,3056602,38
401071884,BOS,4017844,25
401071884,BOS,4066211,29
401071884,BOS,3074752,24
401071884,BOS,3917376,18
401071884,BOS,2451037,13
401071884,BOS,6507,29
401071884,BOS,2983727,26
401071884,BOS,3923250,37
401071884,BOS,4065648,0
401071884,BOS,2234666,0
401071884,WSH,3064482,23
401071884,WSH,4278508,19
401071884,WSH,3934723,17
401071884,WSH,6621,28
401071884,WSH,6580,17
401071884,WSH,3209,24
401071884,WSH,2991184,31
401071884,WSH,3137798,30
401071884,WSH,2774,25
401071884,WSH,2580898,26
401071884,WSH,3056600,0
401071884,WSH,2426,0
401071884,WSH,2531797,0
401071885,PHI,3155533,13
401071885,PHI,6430,16
401071885,PHI,6440,20
401071885,PHI,3907387,21
401071885,PHI,4277923,30
401071885,PHI,2769,18
401071885,PHI,4291678,10
401071885,PHI,4260,19
401071885,PHI,4376,20
401071885,PHI,3915195,17
401071885,PHI,3929325,8
401071885,PHI,2530530,23
401071885,PHI,2579466,26
401071885,MIA,3135047,24
401071885,MIA,2489663,19
401071885,MIA,4066261,22
401071885,MIA,3423,32
401071885,MIA,1987,35
401071885,MIA,2184,10
401071885,MIA,3412,1
401071885,MIA,3999,24
401071885,MIA,3136183,1
401071885,MIA,3157465,11
401071885,MIA,3936099,30
401071885,MIA,4262,14
401071885,MIA,6628,17
401071886,NY,4278075,34
401071886,NY,3064560,39
401071886,NY,4351852,35
401071886,NY,4065697,35
401071886,NY,2991149,41
401071886,NY,3906522,14
401071886,NY,3074765,8
401071886,NY,6594,21
401071886,NY,3059356,13
401071886,NY,2995706,0
401071886,NY,3442,0
401071886,CHI,3447,31
401071886,CHI,3893019,25
401071886,CHI,2991047,32
401071886,CHI,2991274,28
401071886,CHI,3059316,20
401071886,CHI,3113587,17
401071886,CHI,2608891,33
401071886,CHI,2528586,18
401071886,CHI,3907385,23
401071886,CHI,4066334,13
401071886,CHI,3907386,0
401071887,TOR,3988,24
401071887,TOR,6450,24
401071887,TOR,3149673,18
401071887,TOR,3206,23
401071887,TOR,2991230,27
401071887,TOR,2580980,9
401071887,TOR,3934719,18
401071887,TOR,3948153,25
401071887,TOR,2531352,7
401071887,TOR,4003,18
401071887,TOR,4299,20
401071887,TOR,2595516,20
401071887,TOR,2595592,7
401071887,MIN,3032978,24
401071887,MIN,3059319,28
401071887,MIN,2534781,29
401071887,MIN,3135046,28
401071887,MIN,4065663,18
401071887,MIN,3276,23
401071887,MIN,3057240,19
401071887,MIN,3136779,24
401071887,MIN,2325499,19
401071887,MIN,3133843,16
401071887,MIN,4236300,12
401071887,MIN,3136195,0
401071887,MIN,3417,0
401071888,GS,6589,18
401071888,GS,2530923,29
401071888,GS,4258,35
401071888,GS,3975,9
401071888,GS,3934621,37
401071888,GS,3998,13
401071888,GS,3064427,15
401071888,GS,3155535,13
401071888,GS,3934670,5
401071888,GS,2566745,24
401071888,GS,2595209,27
401071888,GS,2393,16
401071888,NO,3058254,34
401071888,NO,3135048,38
401071888,NO,2489785,38
401071888,NO,2583639,25
401071888,NO,3133626,34
401071888,NO,3919335,24
401071888,NO,2488958,21
401071888,NO,2585637,26
401071888,NO,6583,0
401071888,NO,3064514,0
401071888,NO,6610,0
401071888,NO,3134881,0
401071888,NO,4065651,0
401071889,PHX,3908806,18
401071889,PHX,4011991,36
401071889,PHX,4066297,42
401071889,PHX,3147657,37
401071889,PHX,4230550,26
401071889,PHX,165,38
401071889,PHX,6434,13
401071889,PHX,2489530,10
401071889,PHX,4066436,19
401071889,PHX,2993370,0
401071889,PHX,3136193,0
401071889,DAL,609,33
401071889,DAL,2531367,27
401071889,DAL,3138156,29
401071889,DAL,2382,22
401071889,DAL,3945274,32
401071889,DAL,2578185,20
401071889,DAL,2960236,20
401071889,DAL,2579260,12
401071889,DAL,2489693,15
401071889,DAL,3934672,29
401071889,DAL,4066490,0
401071889,DAL,2968458,0
401071889,DAL,4066243,0
401071890,DEN,3015,22
401071890,DEN,3112335,16
401071890,DEN,6579,21
401071890,DEN,2999547,22
401071890,DEN,3936299,31
401071890,DEN,4017839,10
401071890,DEN,4278077,3
401071890,DEN,2528693,21
401071890,DEN,2488653,34
401071890,DEN,3059310,30
401071890,DEN,3907822,31
401071890,DEN,3136196,0
401071890,DEN,6472,0
401071890,UTAH,4257,22
401071890,UTAH,2583632,37
401071890,UTAH,2968436,35
401071890,UTAH,3032976,35
401071890,UTAH,3908809,36
401071890,UTAH,6581,25
401071890,UTAH,3028,12
401071890,UTAH,4261,2
401071890,UTAH,2982349,2
401071890,UTAH,2990969,22
401071890,UTAH,2990968,2
401071890,UTAH,3135045,13
401071891,HOU,3033,30
401071891,HOU,3102529,36
401071891,HOU,2779,34
401071891,HOU,3431,30
401071891,HOU,3992,37
401071891,HOU,2991155,24
401071891,HOU,1713,12
401071891,HOU,6617,21
401071891,HOU,2761,15
401071891,HOU,6433,0
401071891,HOU,3132042,0
401071891,HOU,6468,0
401071891,HOU,3137795,0
401071891,OKC,4251,42
401071891,OKC,2991070,36
401071891,OKC,4230546,26
401071891,OKC,2991235,37
401071891,OKC,3468,37
401071891,OKC,6461,12
401071891,OKC,2991280,11
401071891,OKC,2753,10
401071891,OKC,3032979,29
401071891,OKC,4264,0
401071891,OKC,2595435,0
401071891,OKC,3059358,0
401071891,OKC,4080610,0
401071892,POR,4248,19
401071892,POR,6591,34
401071892,POR,6447,37
401071892,POR,6606,36
401071892,POR,2490149,29
401071892,POR,2982268,9
401071892,POR,4066650,13
401071892,POR,2581177,20
401071892,POR,4239,16
401071892,POR,2326307,27
401071892,POR,6605,0
401071892,POR,3936296,0
401071892,POR,4351851,0
401071892,LAL,4067469,46
401071892,LAL,3452,19
401071892,LAL,2490089,35
401071892,LAL,2581018,44
401071892,LAL,2991350,41
401071892,LAL,3064528,29
401071892,LAL,3150844,17
401071892,LAL,4348697,9
401071892,LAL,3134907,0
401071892,LAL,2528779,0
401071892,LAL,984,0
401071892,LAL,3026,0
401071893,IND,4066425,34
401071893,IND,2528588,32
401071893,IND,6615,10
401071893,IND,3973,16
401071893,IND,3983,26
401071893,IND,4067045,25
401071893,IND,6446,21
401071893,IND,3136485,30
401071893,IND,3059262,23
401071893,IND,3922230,22
401071893,IND,3244,0
401071893,IND,3155942,0
401071893,IND,3593,0
401071893,ATL,2990962,34
401071893,ATL,3908845,36
401071893,ATL,2596107,31
401071893,ATL,4066372,30
401071893,ATL,4277905,34
401071893,ATL,2982340,13
401071893,ATL,3937101,3
401071893,ATL,6637,17
401071893,ATL,3926491,1
401071893,ATL,3062667,20
401071893,ATL,136,12
401071893,ATL,3133874,9
401071894,MIA,2184,30
401071894,MIA,3135047,28
401071894,MIA,2489663,24
401071894,MIA,3423,9
401071894,MIA,1987,36
401071894,MIA,3999,7
401071894,MIA,3136183,12
401071894,MIA,3157465,36
401071894,MIA,3936099,31
401071894,MIA,4066261,18
401071894,MIA,6628,9
401071894,MIA,3412,0
401071894,MIA,4262,0
401071894,BKN,2595231,27
401071894,BKN,4230548,28
401071894,BKN,4066328,22
401071894,BKN,2991043,20
401071894,BKN,3136776,20
401071894,BKN,4348696,5
401071894,BKN,3064291,26
401071894,BKN,4259,15
401071894,BKN,2579326,4
401071894,BKN,2580782,25
401071894,BKN,2530780,30
401071894,BKN,3138154,19
401071894,BKN,3201,0
401071895,ORL,3064290,33
401071895,ORL,3074797,24
401071895,ORL,2578240,23
401071895,ORL,6588,32
401071895,ORL,3415,31
401071895,ORL,2982249,25
401071895,ORL,3064517,20
401071895,ORL,6619,30
401071895,ORL,2596108,22
401071895,ORL,6478,0
401071895,ORL,2531047,0
401071895,ORL,3074743,0
401071895,ORL,3913546,0
401071895,CHA,3416,13
401071895,CHA,4066383,41
401071895,CHA,6427,26
401071895,CHA,6479,40
401071895,CHA,3907821,35
401071895,CHA,6601,1
401071895,CHA,2579294,19
401071895,CHA,3133601,16
401071895,CHA,6603,32
401071895,CHA,4066262,18
401071895,CHA,2999409,0
401071895,CHA,1015,0
401071895,CHA,6454,0
401071896,DET,4017843,21
401071896,DET,6585,28
401071896,DET,6443,25
401071896,DET,3981,18
401071896,DET,4065670,25
401071896,DET,6452,4
401071896,DET,2991039,32
401071896,DET,2016,16
401071896,DET,4305,19
401071896,DET,2530572,19
401071896,DET,3912334,5
401071896,DET,2806,4
401071896,DET,3913174,25
401071896,NY,2995706,21
401071896,NY,4278075,28
401071896,NY,3064560,28
401071896,NY,4351852,23
401071896,NY,2991149,29
401071896,NY,3906522,21
401071896,NY,3074765,21
401071896,NY,6594,27
401071896,NY,3059356,14
401071896,NY,3134880,29
401071896,NY,6485,0
401071896,NY,3442,0
401071896,NY,4065697,0
401071897,CHI,3447,26
401071897,CHI,3893019,30
401071897,CHI,2991047,30
401071897,CHI,2991274,20
401071897,CHI,3059316,28
401071897,CHI,3113587,22
401071897,CHI,2528586,28
401071897,CHI,3907385,23
401071897,CHI,3907386,14
401071897,CHI,4066334,19
401071897,CHI,3149010,0
401071897,PHI,6622,22
401071897,PHI,4376,25
401071897,PHI,3929325,18
401071897,PHI,2530530,23
401071897,PHI,4277923,32
401071897,PHI,2769,24
401071897,PHI,4291678,15
401071897,PHI,4260,23
401071897,PHI,3915195,28
401071897,PHI,2579466,30
401071897,PHI,3155533,0
401071898,GS,3202,18
401071898,GS,3064427,28
401071898,GS,2747,18
401071898,GS,2566745,28
401071898,GS,6475,17
401071898,GS,2386,22
401071898,GS,3998,18
401071898,GS,2530923,18
401071898,GS,3155535,16
401071898,GS,3934670,8
401071898,GS,2595209,23
401071898,GS,3934621,25
401071898,MEM,3917378,29
401071898,MEM,2284101,28
401071898,MEM,3113297,30
401071898,MEM,3064447,37
401071898,MEM,3915560,28
401071898,MEM,2579492,23
401071898,MEM,3133838,19
401071898,MEM,6631,19
401071898,MEM,3133635,26
401071898,MEM,6466,0
401071898,MEM,3224,0
401071898,MEM,3195,0
401071899,OKC,2991070,43
401071899,OKC,4230546,33
401071899,OKC,2991235,12
401071899,OKC,3468,36
401071899,OKC,3032979,40
401071899,OKC,6461,26
401071899,OKC,2595435,14
401071899,OKC,3059358,1
401071899,OKC,2991280,10
401071899,OKC,2753,24
401071899,OKC,3912854,1
401071899,OKC,4264,0
401071899,OKC,4080610,0
401071899,MIL,2767,24
401071899,MIL,6609,17
401071899,MIL,3136491,47
401071899,MIL,3138192,45
401071899,MIL,2488945,48
401071899,MIL,3057187,23
401071899,MIL,3438,19
401071899,MIL,2578239,18
401071899,MIL,3032977,0
401071899,MIL,2528353,0
401071899,MIL,3448,0
401071899,MIL,4238,0
401071900,DAL,609,32
401071900,DAL,2531367,33
401071900,DAL,3138156,27
401071900,DAL,2382,34
401071900,DAL,3934672,30
401071900,DAL,2578185,24
401071900,DAL,2968458,15
401071900,DAL,2579260,13
401071900,DAL,3445,20
401071900,DAL,2489693,14
401071900,DAL,4066490,0
401071900,DAL,4066243,0
401071900,DAL,3945274,0
401071900,SA,2983,36
401071900,SA,3134908,20
401071900,SA,2994526,26
401071900,SA,3978,34
401071900,SA,3078576,28
401071900,SA,6464,3
401071900,SA,4253,3
401071900,SA,3914285,3
401071900,SA,3005,28
401071900,SA,6426,20
401071900,SA,4004,19
401071900,SA,3190,18
401071900,SA,4277890,4
401071901,MIN,3032978,29
401071901,MIN,3059319,36
401071901,MIN,2534781,34
401071901,MIN,3135046,34
401071901,MIN,4065663,17
401071901,MIN,3276,21
401071901,MIN,3057240,26
401071901,MIN,3136779,19
401071901,MIN,2325499,18
401071901,MIN,3133843,6
401071901,MIN,3986,0
401071901,MIN,4236300,0
401071901,DEN,3015,32
401071901,DEN,3112335,37
401071901,DEN,6579,33
401071901,DEN,2999547,39
401071901,DEN,3936299,35
401071901,DEN,2528693,13
401071901,DEN,2488653,14
401071901,DEN,3059310,21
401071901,DEN,3907822,17
401071901,DEN,4017839,0
401071901,DEN,3136196,0
401071901,DEN,4278077,0
401071901,DEN,6472,0
401071902,UTAH,6581,16
401071902,UTAH,4261,29
401071902,UTAH,2583632,25
401071902,UTAH,2968436,14
401071902,UTAH,3135045,41
401071902,UTAH,3028,27
401071902,UTAH,2982349,16
401071902,UTAH,2990969,40
401071902,UTAH,4065673,24
401071902,UTAH,2990968,34
401071902,UTAH,4257,0
401071902,LAC,3428,25
401071902,LAC,4017837,30
401071902,LAC,3964,21
401071902,LAC,3914044,29
401071902,LAC,4278073,24
401071902,LAC,3194,11
401071902,LAC,2327577,25
401071902,LAC,2991055,21
401071902,LAC,2799,23
401071902,LAC,3064539,8
401071902,LAC,3943606,16
401071902,LAC,4023,22
401071902,LAC,3002137,9
401071903,SAC,4269,12
401071903,SAC,6578,16
401071903,SAC,2991282,17
401071903,SAC,2990984,16
401071903,SAC,4066259,17
401071903,SAC,3191,23
401071903,SAC,3059280,6
401071903,SAC,3078286,11
401071903,SAC,3906671,18
401071903,SAC,4277848,30
401071903,SAC,2991018,29
401071903,SAC,3037789,27
401071903,SAC,3059315,18
401071903,POR,2982268,48
401071903,POR,6605,42
401071903,POR,3936296,41
401071903,POR,4277843,48
401071903,POR,4351851,48
401071903,POR,4066650,13
401071903,POR,4248,0
401071903,POR,6591,0
401071903,POR,6447,0
401071903,POR,2581177,0
401071903,POR,4239,0
401071903,POR,6606,0
401071903,POR,2326307,0
401126843,BKN,3970,34
401126843,BKN,2528794,30
401126843,BKN,4230548,13
401126843,BKN,4066328,10
401126843,BKN,3136776,29
401126843,BKN,2595231,17
401126843,BKN,3201,28
401126843,BKN,4259,25
401126843,BKN,2580782,32
401126843,BKN,2991043,23
401126843,BKN,3064291,0
401126843,BKN,2530780,0
401126843,BKN,3138154,0
401126843,PHI,6430,39
401126843,PHI,6440,41
401126843,PHI,3059318,24
401126843,PHI,3024,23
401126843,PHI,3907387,32
401126843,PHI,6622,32
401126843,PHI,3155533,5
401126843,PHI,4376,15
401126843,PHI,2530530,16
401126843,PHI,2579466,11
401126843,PHI,4277923,1
401126843,PHI,4260,0
401126843,PHI,3929325,0
401126829,ORL,3064290,34
401126829,ORL,4065654,40
401126829,ORL,6478,33
401126829,ORL,6588,37
401126829,ORL,3415,30
401126829,ORL,3074797,9
401126829,ORL,2578240,15
401126829,ORL,6619,25
401126829,ORL,2596108,18
401126829,ORL,3064517,0
401126829,ORL,2531047,0
401126829,ORL,3913546,0
401126829,TOR,3988,34
401126829,TOR,6450,33
401126829,TOR,3149673,42
401126829,TOR,3206,32
401126829,TOR,3012,34
401126829,TOR,3439,19
401126829,TOR,4003,3
401126829,TOR,2595516,16
401126829,TOR,2991230,27
401126829,TOR,2580980,0
401126829,TOR,3948153,0
401126829,TOR,2531352,0
401126829,TOR,4299,0
401126814,LAC,3428,30
401126814,LAC,4017837,10
401126814,LAC,3964,31
401126814,LAC,3914044,21
401126814,LAC,4278073,34
401126814,LAC,3194,9
401126814,LAC,2327577,25
401126814,LAC,2991055,30
401126814,LAC,2799,32
401126814,LAC,3064539,2
401126814,LAC,3943606,3
401126814,LAC,4023,12
401126814,LAC,3002137,2
401126814,GS,3202,32
401126814,GS,6589,35
401126814,GS,4258,21
401126814,GS,3975,37
401126814,GS,6475,37
401126814,GS,2386,26
401126814,GS,3998,2
401126814,GS,2530923,7
401126814,GS,3064427,2
401126814,GS,3155535,17
401126814,GS,2747,2
401126814,GS,2566745,11
401126814,GS,2393,12
401126827,SA,2983,34
401126827,SA,3134908,24
401126827,SA,2994526,30
401126827,SA,3978,39
401126827,SA,3078576,28
401126827,SA,3005,27
401126827,SA,6426,20
401126827,SA,4004,21
401126827,SA,3190,17
401126827,SA,4277890,0
401126827,SA,6464,0
401126827,SA,3974,0
401126827,SA,4253,0
401126827,DEN,3015,34
401126827,DEN,3112335,36
401126827,DEN,6579,32
401126827,DEN,2999547,37
401126827,DEN,3936299,34
401126827,DEN,2528693,11
401126827,DEN,2488653,17
401126827,DEN,3059310,23
401126827,DEN,3907822,15
401126827,DEN,4017839,0
401126827,DEN,3136196,0
401126827,DEN,4278077,0
401126827,DEN,6472,0
401126858,IND,3244,26
401126858,IND,3593,35
401126858,IND,3133628,30
401126858,IND,3973,25
401126858,IND,4032,29
401126858,IND,4066425,10
401126858,IND,2528588,13
401126858,IND,3155942,28
401126858,IND,6615,2
401126858,IND,6446,23
401126858,IND,3136485,2
401126858,IND,3983,17
401126858,IND,3922230,2
401126858,BOS,4065648,34
401126858,BOS,3213,32
401126858,BOS,2968439,23
401126858,BOS,6442,34
401126858,BOS,3917376,28
401126858,BOS,3056602,0
401126858,BOS,6462,29
401126858,BOS,4017844,0
401126858,BOS,4249,30
401126858,BOS,2451037,5
401126858,BOS,4066211,2
401126858,BOS,6507,3
401126858,BOS,3074752,18
401126841,OKC,4251,43
401126841,OKC,2991070,35
401126841,OKC,4230546,16
401126841,OKC,2991235,36
401126841,OKC,3468,38
401126841,OKC,6461,13
401126841,OKC,2991280,12
401126841,OKC,2753,11
401126841,OKC,3032979,36
401126841,OKC,4264,0
401126841,OKC,2595435,0
401126841,OKC,3059358,0
401126841,OKC,4080610,0
401126841,POR,4248,35
401126841,POR,6591,22
401126841,POR,6447,34
401126841,POR,6606,39
401126841,POR,2490149,37
401126841,POR,4066650,14
401126841,POR,6605,5
401126841,POR,2581177,22
401126841,POR,4239,16
401126841,POR,2326307,16
401126841,POR,2982268,0
401126841,POR,3936296,0
401126841,POR,4351851,0
401126813,DET,4017843,22
401126813,DET,6585,26
401126813,DET,6443,22
401126813,DET,3981,28
401126813,DET,4065670,12
401126813,DET,6452,5
401126813,DET,2991039,20
401126813,DET,2016,18
401126813,DET,4305,23
401126813,DET,2530572,24
401126813,DET,3912334,9
401126813,DET,2806,4
401126813,DET,3913174,28
401126813,MIL,6609,25
401126813,MIL,3032977,23
401126813,MIL,3057187,25
401126813,MIL,3448,25
401126813,MIL,4238,25
401126813,MIL,2767,23
401126813,MIL,6459,15
401126813,MIL,3136491,16
401126813,MIL,3438,23
401126813,MIL,2488945,12
401126813,MIL,2578239,28
401126813,MIL,2528353,0
401126813,MIL,2566769,0
401126854,UTAH,4257,24
401126854,UTAH,2968436,32
401126854,UTAH,3032976,34
401126854,UTAH,4011,32
401126854,UTAH,3908809,35
401126854,UTAH,6581,20
401126854,UTAH,3028,15
401126854,UTAH,4261,3
401126854,UTAH,2583632,15
401126854,UTAH,2990969,3
401126854,UTAH,2968361,11
401126854,UTAH,2011,10
401126854,UTAH,3135045,5
401126854,HOU,3033,32
401126854,HOU,3102529,32
401126854,HOU,2779,32
401126854,HOU,3431,31
401126854,HOU,3992,33
401126854,HOU,6433,16
401126854,HOU,2991155,25
401126854,HOU,6617,19
401126854,HOU,2761,13
401126854,HOU,6468,7
401126854,HOU,3132042,0
401126854,HOU,1713,0
401126854,HOU,4222252,0
401126845,BKN,3970,19
401126845,BKN,2528794,26
401126845,BKN,4230548,22
401126845,BKN,4066328,23
401126845,BKN,3136776,25
401126845,BKN,2595231,26
401126845,BKN,4348696,10
401126845,BKN,3064291,19
401126845,BKN,4259,6
401126845,BKN,2580782,23
401126845,BKN,2530780,10
401126845,BKN,2991043,20
401126845,BKN,3138154,10
401126845,PHI,6430,30
401126845,PHI,6440,29
401126845,PHI,3059318,21
401126845,PHI,3024,24
401126845,PHI,3907387,30
401126845,PHI,6622,22
401126845,PHI,3155533,15
401126845,PHI,2579321,12
401126845,PHI,4260,9
401126845,PHI,4376,18
401126845,PHI,3929325,10
401126845,PHI,2530530,10
401126845,PHI,2579466,10
401126816,LAC,3428,35
401126816,LAC,4017837,9
401126816,LAC,3964,32
401126816,LAC,3914044,32
401126816,LAC,4278073,32
401126816,LAC,3194,10
401126816,LAC,2327577,15
401126816,LAC,2991055,33
401126816,LAC,2799,33
401126816,LAC,3064539,0
401126816,LAC,4023,10
401126816,LAC,3943606,0
401126816,LAC,3002137,0
401126816,GS,3202,34
401126816,GS,6589,37
401126816,GS,4258,4
401126816,GS,3975,34
401126816,GS,6475,32
401126816,GS,2386,26
401126816,GS,3998,4
401126816,GS,2530923,3
401126816,GS,3064427,4
401126816,GS,3155535,19
401126816,GS,2747,17
401126816,GS,2566745,14
401126816,GS,2393,12
401126831,ORL,3064290,33
401126831,ORL,4065654,23
401126831,ORL,6478,25
401126831,ORL,6588,32
401126831,ORL,3415,23
401126831,ORL,3064517,6
401126831,ORL,3074797,12
401126831,ORL,2578240,23
401126831,ORL,6619,27
401126831,ORL,2531047,6
401126831,ORL,2596108,25
401126831,ORL,3913546,6
401126831,TOR,3988,22
401126831,TOR,6450,33
401126831,TOR,3149673,37
401126831,TOR,3206,22
401126831,TOR,3012,38
401126831,TOR,3439,24
401126831,TOR,2580980,4
401126831,TOR,2531352,3
401126831,TOR,4003,8
401126831,TOR,4299,4
401126831,TOR,2595516,26
401126831,TOR,2991230,21
401126831,TOR,3948153,0
401126828,SA,2983,37
401126828,SA,3134908,20
401126828,SA,2994526,26
401126828,SA,3978,33
401126828,SA,3078576,32
401126828,SA,6464,1
401126828,SA,3974,1
401126828,SA,4253,1
401126828,SA,3005,28
401126828,SA,6426,16
401126828,SA,4004,20
401126828,SA,3190,23
401126828,SA,4277890,1
401126828,DEN,3015,30
401126828,DEN,3112335,39
401126828,DEN,6579,26
401126828,DEN,2999547,35
401126828,DEN,3936299,37
401126828,DEN,2528693,7
401126828,DEN,2488653,20
401126828,DEN,3059310,24
401126828,DEN,3907822,23
401126828,DEN,4017839,0
401126828,DEN,3136196,0
401126828,DEN,4278077,0
401126828,DEN,6472,0
401126842,OKC,4251,41
401126842,OKC,2991070,30
401126842,OKC,4230546,30
401126842,OKC,2991235,30
401126842,OKC,3468,37
401126842,OKC,6461,13
401126842,OKC,2595435,4
401126842,OKC,3059358,4
401126842,OKC,2991280,15
401126842,OKC,2753,15
401126842,OKC,3032979,21
401126842,OKC,4264,0
401126842,POR,4248,23
401126842,POR,6591,29
401126842,POR,6447,20
401126842,POR,6606,37
401126842,POR,2490149,36
401126842,POR,2982268,6
401126842,POR,4066650,14
401126842,POR,6605,15
401126842,POR,3936296,3
401126842,POR,2581177,26
401126842,POR,4239,12
401126842,POR,2326307,18
401126842,POR,4351851,3
401126860,IND,3244,33
401126860,IND,3593,35
401126860,IND,3133628,33
401126860,IND,3973,33
401126860,IND,4032,28
401126860,IND,2528588,11
401126860,IND,3155942,22
401126860,IND,6446,21
401126860,IND,3983,19
401126860,IND,3922230,6
401126860,IND,4066425,0
401126860,IND,6615,0
401126860,IND,3136485,0
401126860,BOS,4065648,39
401126860,BOS,3213,37
401126860,BOS,2968439,15
401126860,BOS,6442,39
401126860,BOS,3917376,27
401126860,BOS,6462,21
401126860,BOS,4249,28
401126860,BOS,2451037,13
401126860,BOS,3074752,21
401126860,BOS,3056602,0
401126860,BOS,4017844,0
401126860,BOS,4066211,0
401126860,BOS,6507,0
401126815,DET,4017843,21
401126815,DET,6585,38
401126815,DET,6443,25
401126815,DET,3981,35
401126815,DET,3913174,35
401126815,DET,2991039,13
401126815,DET,4305,21
401126815,DET,2530572,31
401126815,DET,3912334,2
401126815,DET,2806,2
401126815,DET,4065670,17
401126815,DET,6452,0
401126815,DET,2016,0
401126815,MIL,6609,33
401126815,MIL,3032977,30
401126815,MIL,3057187,26
401126815,MIL,3448,34
401126815,MIL,4238,28
401126815,MIL,2767,18
401126815,MIL,6459,12
401126815,MIL,3136491,2
401126815,MIL,3438,26
401126815,MIL,2488945,2
401126815,MIL,2578239,31
401126815,MIL,2528353,0
401126815,MIL,2566769,0
401126856,UTAH,4257,22
401126856,UTAH,2968436,32
401126856,UTAH,3032976,31
401126856,UTAH,4011,32
401126856,UTAH,3908809,37
401126856,UTAH,6581,19
401126856,UTAH,3028,9
401126856,UTAH,4261,3
401126856,UTAH,2583632,27
401126856,UTAH,2990969,12
401126856,UTAH,2968361,5
401126856,UTAH,2011,2
401126856,UTAH,3135045,10
401126856,HOU,3033,34
401126856,HOU,3102529,29
401126856,HOU,2779,29
401126856,HOU,3431,30
401126856,HOU,3992,33
401126856,HOU,6433,17
401126856,HOU,3132042,3
401126856,HOU,2991155,21
401126856,HOU,4222252,2
401126856,HOU,6617,21
401126856,HOU,2761,11
401126856,HOU,6468,10
401126856,HOU,1713,0
401126847,PHI,6430,38
401126847,PHI,6440,36
401126847,PHI,4260,25
401126847,PHI,3024,34
401126847,PHI,3907387,38
401126847,PHI,6622,24
401126847,PHI,3155533,2
401126847,PHI,2579321,19
401126847,PHI,4376,18
401126847,PHI,3929325,2
401126847,PHI,2530530,2
401126847,PHI,2579466,2
401126847,PHI,3059318,0
401126847,BKN,3970,28
401126847,BKN,2528794,29
401126847,BKN,4230548,19
401126847,BKN,4066328,21
401126847,BKN,3136776,30
401126847,BKN,2595231,12
401126847,BKN,3201,17
401126847,BKN,3064291,15
401126847,BKN,4259,10
401126847,BKN,2580782,26
401126847,BKN,2530780,2
401126847,BKN,2991043,28
401126847,BKN,3138154,2
401126830,DEN,3015,29
401126830,DEN,3112335,32
401126830,DEN,6579,20
401126830,DEN,2999547,33
401126830,DEN,3936299,31
401126830,DEN,4017839,4
401126830,DEN,3136196,4
401126830,DEN,4278077,2
401126830,DEN,2528693,14
401126830,DEN,2488653,19
401126830,DEN,3059310,25
401126830,DEN,3907822,28
401126830,DEN,6472,0
401126830,SA,2983,34
401126830,SA,3134908,31
401126830,SA,2994526,34
401126830,SA,3978,38
401126830,SA,3078576,33
401126830,SA,6464,4
401126830,SA,3974,1
401126830,SA,4253,1
401126830,SA,3005,24
401126830,SA,6426,6
401126830,SA,4004,18
401126830,SA,3190,17
401126830,SA,4277890,1
401126818,GS,3202,30
401126818,GS,6589,30
401126818,GS,2747,25
401126818,GS,3975,20
401126818,GS,6475,33
401126818,GS,2386,22
401126818,GS,3998,8
401126818,GS,2530923,18
401126818,GS,3064427,8
401126818,GS,3155535,17
401126818,GS,2566745,12
401126818,GS,2393,12
401126818,GS,3934621,7
401126818,LAC,3428,26
401126818,LAC,4017837,17
401126818,LAC,3964,18
401126818,LAC,3914044,26
401126818,LAC,4278073,23
401126818,LAC,3194,21
401126818,LAC,2327577,22
401126818,LAC,2991055,24
401126818,LAC,2799,21
401126818,LAC,3064539,7
401126818,LAC,3943606,12
401126818,LAC,4023,13
401126818,LAC,3002137,9
401126833,TOR,3988,33
401126833,TOR,6450,37
401126833,TOR,3149673,42
401126833,TOR,3206,26
401126833,TOR,3012,40
401126833,TOR,3439,21
401126833,TOR,4003,2
401126833,TOR,2595516,14
401126833,TOR,2991230,24
401126833,TOR,2580980,0
401126833,TOR,3137730,0
401126833,TOR,2531352,0
401126833,TOR,4299,0
401126833,ORL,3064290,34
401126833,ORL,4065654,29
401126833,ORL,6478,39
401126833,ORL,6588,37
401126833,ORL,3415,32
401126833,ORL,3074797,12
401126833,ORL,2578240,9
401126833,ORL,6619,32
401126833,ORL,2596108,16
401126833,ORL,3064517,0
401126833,ORL,2531047,0
401126833,ORL,3913546,0
401126863,BOS,4065648,33
401126863,BOS,3213,36
401126863,BOS,2968439,21
401126863,BOS,6442,37
401126863,BOS,3917376,35
401126863,BOS,6462,24
401126863,BOS,4249,32
401126863,BOS,2451037,3
401126863,BOS,3074752,18
401126863,BOS,3056602,0
401126863,BOS,4017844,0
401126863,BOS,4066211,0
401126863,BOS,6507,0
401126863,IND,3244,37
401126863,IND,3593,40
401126863,IND,3133628,29
401126863,IND,3973,26
401126863,IND,4032,32
401126863,IND,2528588,5
401126863,IND,3155942,25
401126863,IND,6446,23
401126863,IND,3983,22
401126863,IND,4066425,0
401126863,IND,6615,0
401126863,IND,3136485,0
401126863,IND,3922230,0
401126844,POR,4248,33
401126844,POR,6591,34
401126844,POR,6447,29
401126844,POR,6606,37
401126844,POR,2490149,36
401126844,POR,2982268,0
401126844,POR,4066650,14
401126844,POR,6605,14
401126844,POR,2581177,21
401126844,POR,4239,7
401126844,POR,2326307,15
401126844,POR,4351851,1
401126844,POR,3936296,0
401126844,OKC,4251,41
401126844,OKC,2991070,33
401126844,OKC,4230546,18
401126844,OKC,2991235,35
401126844,OKC,3468,38
401126844,OKC,6461,15
401126844,OKC,2595435,0
401126844,OKC,3059358,0
401126844,OKC,2991280,13
401126844,OKC,2753,14
401126844,OKC,3032979,32
401126844,OKC,4264,0
401126850,PHI,6430,24
401126850,PHI,6440,43
401126850,PHI,3059318,32
401126850,PHI,3024,36
401126850,PHI,3907387,39
401126850,PHI,6622,27
401126850,PHI,3155533,3
401126850,PHI,2579321,21
401126850,PHI,4260,1
401126850,PHI,4376,11
401126850,PHI,2530530,2
401126850,PHI,3929325,0
401126850,PHI,2579466,0
401126850,BKN,3201,20
401126850,BKN,2528794,35
401126850,BKN,4066328,32
401126850,BKN,2991043,42
401126850,BKN,3136776,37
401126850,BKN,3970,21
401126850,BKN,2595231,13
401126850,BKN,3064291,13
401126850,BKN,2580782,27
401126850,BKN,4348696,0
401126850,BKN,4230548,0
401126850,BKN,2530780,0
401126850,BKN,3138154,0
401126832,DEN,3015,27
401126832,DEN,2528693,37
401126832,DEN,3112335,39
401126832,DEN,2999547,34
401126832,DEN,3936299,33
401126832,DEN,4017839,1
401126832,DEN,4278077,1
401126832,DEN,2488653,11
401126832,DEN,3059310,16
401126832,DEN,3907822,25
401126832,DEN,6579,15
401126832,DEN,3136196,0
401126832,DEN,6472,0
401126832,SA,2983,29
401126832,SA,3134908,30
401126832,SA,2994526,28
401126832,SA,3978,34
401126832,SA,3078576,28
401126832,SA,6464,5
401126832,SA,3974,4
401126832,SA,4253,4
401126832,SA,3005,18
401126832,SA,6426,20
401126832,SA,4004,18
401126832,SA,3190,17
401126832,SA,4277890,5
401126817,MIL,6609,30
401126817,MIL,3032977,28
401126817,MIL,3057187,25
401126817,MIL,3448,34
401126817,MIL,4238,30
401126817,MIL,2767,23
401126817,MIL,6459,14
401126817,MIL,3136491,4
401126817,MIL,2528353,1
401126817,MIL,3438,23
401126817,MIL,2488945,2
401126817,MIL,2578239,26
401126817,MIL,2566769,0
401126817,DET,3989,31
401126817,DET,6585,30
401126817,DET,6443,30
401126817,DET,3981,39
401126817,DET,3913174,37
401126817,DET,4017843,11
401126817,DET,2016,4
401126817,DET,4305,25
401126817,DET,2530572,22
401126817,DET,4065670,11
401126817,DET,2991039,0
401126817,DET,3912334,0
401126817,DET,2806,0
401126857,HOU,3033,35
401126857,HOU,3102529,33
401126857,HOU,2779,33
401126857,HOU,3431,38
401126857,HOU,3992,39
401126857,HOU,6433,10
401126857,HOU,2991155,20
401126857,HOU,6617,17
401126857,HOU,2761,15
401126857,HOU,3132042,0
401126857,HOU,1713,0
401126857,HOU,4222252,0
401126857,HOU,6468,0
401126857,UTAH,6581,24
401126857,UTAH,2968436,31
401126857,UTAH,3032976,33
401126857,UTAH,4011,31
401126857,UTAH,3908809,42
401126857,UTAH,4257,15
401126857,UTAH,2583632,29
401126857,UTAH,2990969,17
401126857,UTAH,2968361,3
401126857,UTAH,2011,16
401126857,UTAH,3028,0
401126857,UTAH,4261,0
401126857,UTAH,3135045,0
401126865,BOS,4065648,36
401126865,BOS,3213,33
401126865,BOS,2968439,18
401126865,BOS,6442,37
401126865,BOS,3917376,27
401126865,BOS,6462,30
401126865,BOS,4249,34
401126865,BOS,2451037,6
401126865,BOS,3074752,19
401126865,BOS,3056602,0
401126865,BOS,4066211,0
401126865,BOS,6507,0
401126865,BOS,2234666,0
401126865,IND,3244,35
401126865,IND,3593,37
401126865,IND,3133628,34
401126865,IND,3973,33
401126865,IND,4032,29
401126865,IND,3155942,22
401126865,IND,6446,18
401126865,IND,3983,26
401126865,IND,3922230,6
401126865,IND,4066425,0
401126865,IND,2528588,0
401126865,IND,6615,0
401126865,IND,3136485,0
401126820,GS,3202,38
401126820,GS,6589,37
401126820,GS,2747,21
401126820,GS,3975,35
401126820,GS,6475,40
401126820,GS,2386,26
401126820,GS,2530923,13
401126820,GS,3155535,18
401126820,GS,2393,12
401126820,GS,3998,0
401126820,GS,3064427,0
401126820,GS,2566745,0
401126820,GS,3934621,0
401126820,LAC,3428,36
401126820,LAC,2327577,22
401126820,LAC,3964,36
401126820,LAC,3914044,28
401126820,LAC,4278073,31
401126820,LAC,3194,12
401126820,LAC,2991055,26
401126820,LAC,2799,30
401126820,LAC,3943606,11
401126820,LAC,4023,9
401126820,LAC,4017837,0
401126820,LAC,3064539,0
401126820,LAC,3002137,0
401126836,TOR,3988,26
401126836,TOR,6450,35
401126836,TOR,3149673,36
401126836,TOR,3206,25
401126836,TOR,3012,39
401126836,TOR,3439,20
401126836,TOR,2580980,2
401126836,TOR,3137730,3
401126836,TOR,2531352,3
401126836,TOR,4003,5
401126836,TOR,4299,3
401126836,TOR,2595516,21
401126836,TOR,2991230,23
401126836,ORL,3064290,38
401126836,ORL,4065654,16
401126836,ORL,6478,32
401126836,ORL,6588,35
401126836,ORL,3415,30
401126836,ORL,3064517,7
401126836,ORL,3074797,15
401126836,ORL,2578240,16
401126836,ORL,6619,31
401126836,ORL,2531047,3
401126836,ORL,2596108,15
401126836,ORL,3913546,3
401126846,POR,4248,30
401126846,POR,6591,34
401126846,POR,6447,31
401126846,POR,6606,41
401126846,POR,2490149,42
401126846,POR,2982268,1
401126846,POR,4066650,16
401126846,POR,6605,8
401126846,POR,2581177,18
401126846,POR,4239,6
401126846,POR,2326307,14
401126846,POR,4351851,1
401126846,POR,3936296,0
401126846,OKC,4251,37
401126846,OKC,2991070,34
401126846,OKC,4230546,33
401126846,OKC,2991235,29
401126846,OKC,3468,40
401126846,OKC,6461,13
401126846,OKC,2595435,1
401126846,OKC,3059358,1
401126846,OKC,2991280,12
401126846,OKC,2753,13
401126846,OKC,3032979,28
401126846,OKC,4264,0
401126819,MIL,6609,30
401126819,MIL,3032977,32
401126819,MIL,3057187,27
401126819,MIL,3448,26
401126819,MIL,4238,28
401126819,MIL,2767,17
401126819,MIL,6459,20
401126819,MIL,3136491,6
401126819,MIL,2528353,4
401126819,MIL,3438,20
401126819,MIL,2488945,4
401126819,MIL,2578239,26
401126819,MIL,2566769,0
401126819,DET,3989,28
401126819,DET,6585,33
401126819,DET,6443,32
401126819,DET,3981,29
401126819,DET,4065670,16
401126819,DET,2991039,3
401126819,DET,4017843,15
401126819,DET,4305,12
401126819,DET,2530572,32
401126819,DET,3912334,4
401126819,DET,2806,4
401126819,DET,3913174,32
401126819,DET,2016,0
401126859,HOU,3033,38
401126859,HOU,3102529,28
401126859,HOU,2779,35
401126859,HOU,3431,38
401126859,HOU,3992,38
401126859,HOU,6433,5
401126859,HOU,3132042,1
401126859,HOU,2991155,28
401126859,HOU,4222252,1
401126859,HOU,6617,20
401126859,HOU,2761,9
401126859,HOU,1713,0
401126859,HOU,6468,0
401126859,UTAH,6581,33
401126859,UTAH,2968436,23
401126859,UTAH,3032976,24
401126859,UTAH,4011,39
401126859,UTAH,3908809,40
401126859,UTAH,3028,14
401126859,UTAH,4257,24
401126859,UTAH,2583632,33
401126859,UTAH,2990969,9
401126859,UTAH,2011,2
401126859,UTAH,4261,0
401126859,UTAH,2968361,0
401126859,UTAH,3135045,0
401126837,ORL,3064290,25
401126837,ORL,4065654,28
401126837,ORL,6478,17
401126837,ORL,6588,35
401126837,ORL,3415,26
401126837,ORL,3064517,6
401126837,ORL,3074797,12
401126837,ORL,2578240,30
401126837,ORL,6619,32
401126837,ORL,2531047,5
401126837,ORL,2596108,18
401126837,ORL,3913546,6
401126837,TOR,3988,28
401126837,TOR,6450,32
401126837,TOR,3149673,32
401126837,TOR,3206,24
401126837,TOR,3012,27
401126837,TOR,3439,19
401126837,TOR,2580980,6
401126837,TOR,3137730,8
401126837,TOR,2531352,5
401126837,TOR,4003,14
401126837,TOR,4299,6
401126837,TOR,2595516,18
401126837,TOR,2991230,21
401126851,BKN,3201,18
401126851,BKN,2528794,29
401126851,BKN,4066328,24
401126851,BKN,2991043,31
401126851,BKN,3136776,27
401126851,BKN,3970,17
401126851,BKN,2595231,12
401126851,BKN,4348696,5
401126851,BKN,3064291,15
401126851,BKN,4230548,15
401126851,BKN,2580782,22
401126851,BKN,2530780,16
401126851,BKN,3138154,9
401126851,PHI,6430,27
401126851,PHI,6440,27
401126851,PHI,3059318,20
401126851,PHI,3024,26
401126851,PHI,3907387,27
401126851,PHI,6622,13
401126851,PHI,3155533,14
401126851,PHI,2579321,20
401126851,PHI,4260,6
401126851,PHI,4376,14
401126851,PHI,3929325,12
401126851,PHI,2530530,23
401126851,PHI,2579466,11
401126834,SA,2983,31
401126834,SA,3134908,26
401126834,SA,2994526,24
401126834,SA,3978,28
401126834,SA,3078576,22
401126834,SA,6464,6
401126834,SA,3974,5
401126834,SA,4253,5
401126834,SA,3005,20
401126834,SA,6426,17
401126834,SA,4004,21
401126834,SA,3190,23
401126834,SA,4277890,12
401126834,DEN,3015,25
401126834,DEN,2528693,28
401126834,DEN,3112335,33
401126834,DEN,2999547,26
401126834,DEN,3936299,28
401126834,DEN,4017839,6
401126834,DEN,2488653,16
401126834,DEN,3059310,24
401126834,DEN,3907822,26
401126834,DEN,6579,28
401126834,DEN,3136196,0
401126834,DEN,4278077,0
401126834,DEN,6472,0
401126848,OKC,4251,42
401126848,OKC,2991070,44
401126848,OKC,4230546,31
401126848,OKC,2991235,29
401126848,OKC,3468,45
401126848,OKC,6461,4
401126848,OKC,2991280,8
401126848,OKC,2753,3
401126848,OKC,3032979,33
401126848,OKC,4264,0
401126848,OKC,2595435,0
401126848,OKC,3059358,0
401126848,POR,4248,27
401126848,POR,6591,33
401126848,POR,6447,32
401126848,POR,6606,45
401126848,POR,2490149,32
401126848,POR,4066650,10
401126848,POR,6605,5
401126848,POR,2581177,13
401126848,POR,4239,16
401126848,POR,2326307,27
401126848,POR,2982268,0
401126848,POR,3936296,0
401126848,POR,4351851,0
401126861,UTAH,6581,34
401126861,UTAH,2968436,32
401126861,UTAH,3032976,30
401126861,UTAH,4011,35
401126861,UTAH,3908809,39
401126861,UTAH,3028,5
401126861,UTAH,4257,18
401126861,UTAH,2583632,33
401126861,UTAH,2990969,14
401126861,UTAH,4261,0
401126861,UTAH,2968361,0
401126861,UTAH,2011,0
401126861,UTAH,3135045,0
401126861,HOU,3033,40
401126861,HOU,3102529,36
401126861,HOU,2779,37
401126861,HOU,3431,40
401126861,HOU,3992,39
401126861,HOU,6433,3
401126861,HOU,2991155,20
401126861,HOU,1713,9
401126861,HOU,6617,9
401126861,HOU,2761,7
401126861,HOU,3132042,0
401126861,HOU,4222252,0
401126861,HOU,6468,0
401126822,LAC,3428,42
401126822,LAC,2327577,27
401126822,LAC,3964,37
401126822,LAC,3914044,37
401126822,LAC,4278073,19
401126822,LAC,2991055,27
401126822,LAC,2799,34
401126822,LAC,3943606,6
401126822,LAC,4023,11
401126822,LAC,3194,0
401126822,LAC,4017837,0
401126822,LAC,3064539,0
401126822,LAC,3002137,0
401126822,GS,3202,41
401126822,GS,6589,38
401126822,GS,2747,17
401126822,GS,3975,38
401126822,GS,6475,37
401126822,GS,2386,27
401126822,GS,2530923,8
401126822,GS,3155535,22
401126822,GS,2393,12
401126822,GS,3998,0
401126822,GS,3064427,0
401126822,GS,2566745,0
401126822,GS,3934621,0
401126835,DEN,3015,34
401126835,DEN,2528693,33
401126835,DEN,3112335,38
401126835,DEN,2999547,35
401126835,DEN,3936299,35
401126835,DEN,4017839,1
401126835,DEN,3136196,2
401126835,DEN,4278077,2
401126835,DEN,2488653,8
401126835,DEN,3059310,14
401126835,DEN,3907822,20
401126835,DEN,6579,19
401126835,DEN,6472,0
401126835,SA,2983,38
401126835,SA,3134908,28
401126835,SA,2994526,30
401126835,SA,3978,36
401126835,SA,3078576,28
401126835,SA,6464,2
401126835,SA,3974,2
401126835,SA,4253,1
401126835,SA,3005,28
401126835,SA,4004,25
401126835,SA,3190,20
401126835,SA,4277890,2
401126835,SA,6426,0
401126824,GS,3202,42
401126824,GS,6589,37
401126824,GS,2393,17
401126824,GS,3975,38
401126824,GS,6475,38
401126824,GS,2386,27
401126824,GS,3998,2
401126824,GS,2530923,9
401126824,GS,3064427,2
401126824,GS,3155535,15
401126824,GS,2747,6
401126824,GS,2566745,5
401126824,GS,3934621,2
401126824,LAC,3428,33
401126824,LAC,2327577,31
401126824,LAC,3964,41
401126824,LAC,3914044,31
401126824,LAC,4278073,34
401126824,LAC,2991055,17
401126824,LAC,4017837,2
401126824,LAC,2799,27
401126824,LAC,3064539,3
401126824,LAC,3943606,14
401126824,LAC,4023,8
401126824,LAC,3194,0
401126824,LAC,3002137,0
401129113,PHI,6430,38
401129113,PHI,6440,38
401129113,PHI,3059318,30
401129113,PHI,3024,32
401129113,PHI,3907387,34
401129113,PHI,3155533,13
401129113,PHI,2579321,21
401129113,PHI,4260,4
401129113,PHI,4376,10
401129113,PHI,3929325,12
401129113,PHI,2530530,4
401129113,PHI,4277923,4
401129113,PHI,2579466,0
401129113,TOR,3988,32
401129113,TOR,6450,38
401129113,TOR,3149673,35
401129113,TOR,3206,26
401129113,TOR,3012,38
401129113,TOR,3439,19
401129113,TOR,2580980,3
401129113,TOR,3137730,3
401129113,TOR,2531352,3
401129113,TOR,4003,4
401129113,TOR,4299,3
401129113,TOR,2595516,12
401129113,TOR,2991230,24
401126838,SA,2983,41
401126838,SA,3134908,18
401126838,SA,2994526,39
401126838,SA,3978,43
401126838,SA,3078576,21
401126838,SA,3005,33
401126838,SA,4004,29
401126838,SA,3190,16
401126838,SA,6464,0
401126838,SA,3974,0
401126838,SA,4253,0
401126838,SA,6426,0
401126838,SA,4277890,0
401126838,DEN,3015,35
401126838,DEN,2528693,26
401126838,DEN,3112335,43
401126838,DEN,2999547,41
401126838,DEN,3936299,32
401126838,DEN,2488653,12
401126838,DEN,3059310,16
401126838,DEN,3907822,20
401126838,DEN,6579,14
401126838,DEN,4017839,0
401126838,DEN,3136196,0
401126838,DEN,4278077,0
401126838,DEN,6472,0
401129114,BOS,6462,30
401129114,BOS,4065648,30
401129114,BOS,3213,32
401129114,BOS,6442,33
401129114,BOS,3917376,36
401129114,BOS,3056602,8
401129114,BOS,4017844,3
401129114,BOS,4249,30
401129114,BOS,2451037,6
401129114,BOS,2968439,9
401129114,BOS,4066211,1
401129114,BOS,6507,3
401129114,BOS,3074752,20
401129114,MIL,6609,34
401129114,MIL,3032977,34
401129114,MIL,3057187,22
401129114,MIL,3448,26
401129114,MIL,4238,25
401129114,MIL,2767,19
401129114,MIL,6459,21
401129114,MIL,3136491,3
401129114,MIL,2528353,3
401129114,MIL,3438,24
401129114,MIL,2488945,3
401129114,MIL,2578239,24
401129114,MIL,2566769,0
401129353,HOU,3033,39
401129353,HOU,3102529,27
401129353,HOU,2779,36
401129353,HOU,3431,37
401129353,HOU,3992,39
401129353,HOU,2991155,21
401129353,HOU,1713,14
401129353,HOU,2761,7
401129353,HOU,6468,21
401129353,HOU,6433,0
401129353,HOU,3132042,0
401129353,HOU,4222252,0
401129353,HOU,3137795,0
401129353,GS,2386,34
401129353,GS,3202,43
401129353,GS,6589,40
401129353,GS,3975,37
401129353,GS,6475,41
401129353,GS,2530923,9
401129353,GS,3064427,0
401129353,GS,3155535,16
401129353,GS,2747,5
401129353,GS,2393,14
401129353,GS,3998,0
401129353,GS,2566745,0
401129353,GS,3934621,0
401129100,PHI,6430,43
401129100,PHI,6440,36
401129100,PHI,3059318,32
401129100,PHI,3024,36
401129100,PHI,3907387,44
401129100,PHI,3155533,9
401129100,PHI,2769,3
401129100,PHI,2579321,24
401129100,PHI,4260,12
401129100,PHI,4376,1
401129100,PHI,3929325,0
401129100,PHI,2530530,0
401129100,PHI,2579466,0
401129100,TOR,3988,32
401129100,TOR,6450,42
401129100,TOR,3149673,40
401129100,TOR,3206,35
401129100,TOR,3012,42
401129100,TOR,3439,13
401129100,TOR,4003,2
401129100,TOR,2595516,16
401129100,TOR,2991230,18
401129100,TOR,2580980,0
401129100,TOR,3137730,0
401129100,TOR,2531352,0
401129100,TOR,4299,0
401129360,POR,4248,28
401129360,POR,6591,22
401129360,POR,6447,33
401129360,POR,6606,43
401129360,POR,2490149,38
401129360,POR,4066650,19
401129360,POR,6605,12
401129360,POR,2581177,18
401129360,POR,4239,10
401129360,POR,2326307,16
401129360,POR,2982268,0
401129360,POR,3936296,0
401129360,POR,4351851,0
401129360,DEN,3015,28
401129360,DEN,2528693,19
401129360,DEN,3112335,41
401129360,DEN,2999547,35
401129360,DEN,3936299,34
401129360,DEN,2488653,24
401129360,DEN,3059310,15
401129360,DEN,3907822,28
401129360,DEN,6579,16
401129360,DEN,4017839,0
401129360,DEN,3136196,0
401129360,DEN,4278077,0
401129360,DEN,6472,0
401129094,BOS,6462,25
401129094,BOS,4065648,25
401129094,BOS,3213,29
401129094,BOS,6442,31
401129094,BOS,3917376,33
401129094,BOS,3056602,11
401129094,BOS,4017844,5
401129094,BOS,4249,31
401129094,BOS,2968439,10
401129094,BOS,4066211,9
401129094,BOS,6507,7
401129094,BOS,3074752,25
401129094,BOS,2451037,0
401129094,MIL,6459,25
401129094,MIL,6609,33
401129094,MIL,3032977,31
401129094,MIL,3448,24
401129094,MIL,4238,26
401129094,MIL,2767,18
401129094,MIL,3136491,5
401129094,MIL,2528353,5
401129094,MIL,3057187,13
401129094,MIL,3438,25
401129094,MIL,2488945,5
401129094,MIL,2578239,30
401129094,MIL,2566769,0
401129354,HOU,3033,41
401129354,HOU,3102529,33
401129354,HOU,2779,40
401129354,HOU,3431,36
401129354,HOU,3992,34
401129354,HOU,6433,5
401129354,HOU,2991155,5
401129354,HOU,1713,4
401129354,HOU,6617,24
401129354,HOU,2761,11
401129354,HOU,6468,5
401129354,HOU,3132042,0
401129354,HOU,4222252,0
401129354,GS,2386,32
401129354,GS,3202,44
401129354,GS,6589,39
401129354,GS,3975,33
401129354,GS,6475,41
401129354,GS,3998,10
401129354,GS,2530923,9
401129354,GS,3155535,16
401129354,GS,2747,2
401129354,GS,2393,13
401129354,GS,3064427,0
401129354,GS,2566745,0
401129354,GS,3934621,0
401129361,POR,4248,31
401129361,POR,6591,13
401129361,POR,6447,32
401129361,POR,6606,39
401129361,POR,2490149,41
401129361,POR,2982268,6
401129361,POR,4066650,17
401129361,POR,2581177,27
401129361,POR,4239,18
401129361,POR,2326307,17
401129361,POR,6605,0
401129361,POR,3936296,0
401129361,POR,4351851,0
401129361,DEN,3015,32
401129361,DEN,2528693,20
401129361,DEN,3112335,37
401129361,DEN,2999547,40
401129361,DEN,3936299,35
401129361,DEN,2488653,12
401129361,DEN,3059310,19
401129361,DEN,3907822,27
401129361,DEN,6579,17
401129361,DEN,4017839,0
401129361,DEN,3136196,0
401129361,DEN,4278077,0
401129361,DEN,6472,0
401129101,TOR,3988,34
401129101,TOR,6450,37
401129101,TOR,3149673,34
401129101,TOR,3206,29
401129101,TOR,3012,38
401129101,TOR,3439,16
401129101,TOR,2580980,1
401129101,TOR,3137730,6
401129101,TOR,2531352,3
401129101,TOR,4003,5
401129101,TOR,2595516,16
401129101,TOR,2991230,21
401129101,PHI,6430,36
401129101,PHI,6440,37
401129101,PHI,3059318,28
401129101,PHI,3024,27
401129101,PHI,3907387,36
401129101,PHI,6622,14
401129101,PHI,3155533,5
401129101,PHI,2769,4
401129101,PHI,2579321,24
401129101,PHI,4260,15
401129101,PHI,4376,3
401129101,PHI,2530530,5
401129101,PHI,2579466,5
401129095,MIL,6459,29
401129095,MIL,6609,39
401129095,MIL,3032977,39
401129095,MIL,3448,29
401129095,MIL,4238,27
401129095,MIL,2767,13
401129095,MIL,2528353,6
401129095,MIL,3438,29
401129095,MIL,2488945,0
401129095,MIL,2578239,28
401129095,MIL,3136491,0
401129095,MIL,3057187,0
401129095,MIL,2566769,0
401129095,BOS,6462,30
401129095,BOS,4065648,37
401129095,BOS,3213,37
401129095,BOS,6442,42
401129095,BOS,3917376,31
401129095,BOS,3056602,11
401129095,BOS,4249,33
401129095,BOS,2451037,3
401129095,BOS,2968439,2
401129095,BOS,3074752,14
401129095,BOS,4017844,0
401129095,BOS,4066211,0
401129095,BOS,6507,0
401129362,DEN,3015,49
401129362,DEN,2528693,36
401129362,DEN,3112335,65
401129362,DEN,2999547,50
401129362,DEN,3936299,55
401129362,DEN,2488653,12
401129362,DEN,3059310,12
401129362,DEN,3907822,23
401129362,DEN,6579,39
401129362,DEN,4017839,0
401129362,DEN,3136196,0
401129362,DEN,4278077,0
401129362,DEN,6472,0
401129362,POR,4248,46
401129362,POR,6591,45
401129362,POR,6447,56
401129362,POR,6606,58
401129362,POR,2490149,60
401129362,POR,4066650,18
401129362,POR,2581177,24
401129362,POR,4239,13
401129362,POR,2326307,20
401129362,POR,2982268,0
401129362,POR,6605,0
401129362,POR,3936296,0
401129362,POR,4351851,0
401129355,GS,2386,41
401129355,GS,3202,50
401129355,GS,6589,45
401129355,GS,3975,45
401129355,GS,6475,46
401129355,GS,3998,4
401129355,GS,2530923,8
401129355,GS,3155535,13
401129355,GS,2747,3
401129355,GS,2393,11
401129355,GS,3064427,0
401129355,GS,2566745,0
401129355,GS,3934621,0
401129355,HOU,3033,34
401129355,HOU,3102529,35
401129355,HOU,2779,44
401129355,HOU,3431,45
401129355,HOU,3992,45
401129355,HOU,1713,9
401129355,HOU,6617,28
401129355,HOU,2761,7
401129355,HOU,6468,18
401129355,HOU,6433,0
401129355,HOU,3132042,0
401129355,HOU,2991155,0
401129355,HOU,4222252,0
401129102,TOR,3988,40
401129102,TOR,6450,43
401129102,TOR,3149673,29
401129102,TOR,3206,39
401129102,TOR,3012,41
401129102,TOR,3439,32
401129102,TOR,3137730,5
401129102,TOR,2595516,4
401129102,TOR,2991230,7
401129102,TOR,2580980,0
401129102,TOR,2531352,0
401129102,TOR,4003,0
401129102,TOR,4299,0
401129102,PHI,6430,40
401129102,PHI,6440,41
401129102,PHI,3059318,35
401129102,PHI,3024,35
401129102,PHI,3907387,38
401129102,PHI,6622,13
401129102,PHI,2579321,26
401129102,PHI,4260,11
401129102,PHI,4376,0
401129102,PHI,3155533,0
401129102,PHI,2769,0
401129102,PHI,2530530,0
401129102,PHI,2579466,0
401129363,DEN,3015,41
401129363,DEN,2528693,17
401129363,DEN,3112335,39
401129363,DEN,2999547,36
401129363,DEN,3936299,38
401129363,DEN,2488653,16
401129363,DEN,3059310,10
401129363,DEN,3907822,14
401129363,DEN,6579,30
401129363,DEN,4017839,0
401129363,DEN,3136196,0
401129363,DEN,4278077,0
401129363,DEN,6472,0
401129363,POR,4248,35
401129363,POR,6591,17
401129363,POR,6447,29
401129363,POR,6606,36
401129363,POR,2490149,39
401129363,POR,4066650,21
401129363,POR,2581177,24
401129363,POR,4239,12
401129363,POR,2326307,27
401129363,POR,2982268,0
401129363,POR,6605,0
401129363,POR,3936296,0
401129363,POR,4351851,0
401129096,MIL,6459,25
401129096,MIL,6609,37
401129096,MIL,3032977,34
401129096,MIL,3448,29
401129096,MIL,4238,28
401129096,MIL,2767,17
401129096,MIL,2528353,0
401129096,MIL,3057187,9
401129096,MIL,3438,27
401129096,MIL,2488945,0
401129096,MIL,2578239,33
401129096,MIL,3136491,0
401129096,MIL,2566769,0
401129096,BOS,6462,34
401129096,BOS,4065648,35
401129096,BOS,3213,38
401129096,BOS,6442,44
401129096,BOS,3917376,30
401129096,BOS,3056602,0
401129096,BOS,4249,27
401129096,BOS,2968439,7
401129096,BOS,2990992,15
401129096,BOS,3074752,10
401129096,BOS,4017844,0
401129096,BOS,2451037,0
401129096,BOS,6507,0
401129356,GS,2386,29
401129356,GS,3202,43
401129356,GS,6589,41
401129356,GS,3975,43
401129356,GS,6475,36
401129356,GS,2530923,11
401129356,GS,3064427,0
401129356,GS,3155535,22
401129356,GS,2566745,0
401129356,GS,2393,14
401129356,GS,3998,0
401129356,GS,2747,0
401129356,GS,3934621,0
401129356,HOU,3033,42
401129356,HOU,3102529,21
401129356,HOU,2779,36
401129356,HOU,3431,40
401129356,HOU,3992,40
401129356,HOU,1713,4
401129356,HOU,6617,33
401129356,HOU,2761,3
401129356,HOU,6468,21
401129356,HOU,6433,0
401129356,HOU,3132042,0
401129356,HOU,4222252,0
401129356,HOU,2991255,0
401129103,PHI,6430,30
401129103,PHI,6440,34
401129103,PHI,3059318,31
401129103,PHI,3024,31
401129103,PHI,3907387,25
401129103,PHI,6622,18
401129103,PHI,3155533,9
401129103,PHI,2769,9
401129103,PHI,2579321,23
401129103,PHI,4260,5
401129103,PHI,4376,7
401129103,PHI,2530530,9
401129103,PHI,2579466,9
401129103,TOR,3988,28
401129103,TOR,6450,36
401129103,TOR,3149673,34
401129103,TOR,3206,33
401129103,TOR,3012,34
401129103,TOR,3439,22
401129103,TOR,2580980,2
401129103,TOR,3137730,7
401129103,TOR,2531352,6
401129103,TOR,4003,7
401129103,TOR,4299,5
401129103,TOR,2595516,10
401129103,TOR,2991230,16
401129364,POR,4248,24
401129364,POR,6591,13
401129364,POR,6447,26
401129364,POR,6606,32
401129364,POR,2490149,29
401129364,POR,2982268,5
401129364,POR,4066650,21
401129364,POR,6605,16
401129364,POR,3936296,5
401129364,POR,2581177,26
401129364,POR,4239,11
401129364,POR,2326307,26
401129364,POR,4351851,5
401129364,DEN,3015,34
401129364,DEN,2528693,24
401129364,DEN,3112335,34
401129364,DEN,2999547,37
401129364,DEN,3936299,34
401129364,DEN,4017839,2
401129364,DEN,3136196,2
401129364,DEN,2488653,18
401129364,DEN,3059310,14
401129364,DEN,3907822,14
401129364,DEN,6579,26
401129364,DEN,4278077,0
401129364,DEN,6472,0
401129097,BOS,4065648,27
401129097,BOS,3213,36
401129097,BOS,2968439,10
401129097,BOS,6442,33
401129097,BOS,3917376,28
401129097,BOS,3056602,4
401129097,BOS,6462,30
401129097,BOS,4017844,5
401129097,BOS,4249,22
401129097,BOS,2451037,6
401129097,BOS,6507,4
401129097,BOS,2990992,18
401129097,BOS,3074752,17
401129097,MIL,6459,28
401129097,MIL,6609,34
401129097,MIL,3032977,31
401129097,MIL,3448,18
401129097,MIL,4238,28
401129097,MIL,2767,25
401129097,MIL,2528353,2
401129097,MIL,3057187,4
401129097,MIL,3438,21
401129097,MIL,2488945,4
401129097,MIL,2566769,17
401129097,MIL,2578239,28
401129097,MIL,3136491,0
401129357,HOU,3033,45
401129357,HOU,3102529,26
401129357,HOU,2779,38
401129357,HOU,3431,38
401129357,HOU,3992,45
401129357,HOU,1713,4
401129357,HOU,6617,24
401129357,HOU,2761,3
401129357,HOU,6468,16
401129357,HOU,3132042,0
401129357,HOU,2991155,0
401129357,HOU,4222252,0
401129357,HOU,2991255,0
401129357,GS,2386,33
401129357,GS,3202,32
401129357,GS,6589,40
401129357,GS,3975,44
401129357,GS,6475,45
401129357,GS,3998,5
401129357,GS,2530923,5
401129357,GS,3155535,22
401129357,GS,2566745,0
401129357,GS,2393,14
401129357,GS,3064427,0
401129357,GS,2747,0
401129357,GS,3934621,0
401129104,TOR,3988,35
401129104,TOR,6450,40
401129104,TOR,3149673,33
401129104,TOR,3206,36
401129104,TOR,3012,39
401129104,TOR,3439,22
401129104,TOR,2580980,4
401129104,TOR,3137730,4
401129104,TOR,4003,4
401129104,TOR,2595516,9
401129104,TOR,2991230,16
401129104,TOR,2531352,0
401129104,TOR,4299,0
401129104,PHI,6430,35
401129104,PHI,6440,39
401129104,PHI,3059318,36
401129104,PHI,3024,30
401129104,PHI,3907387,34
401129104,PHI,6622,20
401129104,PHI,3155533,4
401129104,PHI,2769,4
401129104,PHI,2579321,26
401129104,PHI,4376,7
401129104,PHI,2530530,4
401129104,PHI,2579466,4
401129104,PHI,4260,0
401129365,DEN,3015,39
401129365,DEN,2528693,27
401129365,DEN,3112335,37
401129365,DEN,2999547,40
401129365,DEN,3936299,46
401129365,DEN,2488653,13
401129365,DEN,3059310,2
401129365,DEN,3907822,10
401129365,DEN,6579,26
401129365,DEN,4017839,0
401129365,DEN,3136196,0
401129365,DEN,4278077,0
401129365,DEN,6472,0
401129365,POR,4248,17
401129365,POR,6591,16
401129365,POR,6447,29
401129365,POR,6606,36
401129365,POR,2490149,42
401129365,POR,4066650,29
401129365,POR,2581177,32
401129365,POR,4239,19
401129365,POR,2326307,21
401129365,POR,2982268,0
401129365,POR,6605,0
401129365,POR,3936296,0
401129365,POR,4351851,0
401129358,GS,2386,38
401129358,GS,6589,37
401129358,GS,2747,12
401129358,GS,3975,34
401129358,GS,6475,40
401129358,GS,3998,12
401129358,GS,2530923,7
401129358,GS,3064427,11
401129358,GS,3155535,20
401129358,GS,2566745,16
401129358,GS,2393,14
401129358,GS,3934621,0
401129358,HOU,3033,45
401129358,HOU,3102529,31
401129358,HOU,2779,38
401129358,HOU,3431,37
401129358,HOU,3992,39
401129358,HOU,1713,9
401129358,HOU,6617,18
401129358,HOU,2761,12
401129358,HOU,6468,11
401129358,HOU,6433,0
401129358,HOU,3132042,0
401129358,HOU,2991155,0
401129358,HOU,4222252,0
401129366,POR,4248,7
401129366,POR,6591,17
401129366,POR,6447,40
401129366,POR,6606,45
401129366,POR,2490149,45
401129366,POR,4066650,23
401129366,POR,6605,7
401129366,POR,2581177,20
401129366,POR,4239,19
401129366,POR,2326307,16
401129366,POR,2982268,0
401129366,POR,3936296,0
401129366,POR,4351851,0
401129366,DEN,3015,32
401129366,DEN,2528693,33
401129366,DEN,3112335,42
401129366,DEN,2999547,39
401129366,DEN,3936299,38
401129366,DEN,2488653,19
401129366,DEN,3059310,10
401129366,DEN,3907822,7
401129366,DEN,6579,20
401129366,DEN,4017839,0
401129366,DEN,3136196,0
401129366,DEN,4278077,0
401129366,DEN,6472,0
401129105,PHI,6430,43
401129105,PHI,6440,42
401129105,PHI,3059318,45
401129105,PHI,3024,40
401129105,PHI,3907387,42
401129105,PHI,6622,11
401129105,PHI,2579321,14
401129105,PHI,4260,2
401129105,PHI,3155533,0
401129105,PHI,2769,0
401129105,PHI,4376,0
401129105,PHI,2530530,0
401129105,PHI,2579466,0
401129105,TOR,3988,30
401129105,TOR,6450,43
401129105,TOR,3149673,38
401129105,TOR,3206,45
401129105,TOR,3012,39
401129105,TOR,3439,29
401129105,TOR,2991230,15
401129105,TOR,2580980,0
401129105,TOR,3137730,0
401129105,TOR,2531352,0
401129105,TOR,4003,0
401129105,TOR,4299,0
401129105,TOR,2595516,0
401131833,POR,4248,19
401131833,POR,6591,30
401131833,POR,6447,30
401131833,POR,6606,37
401131833,POR,2490149,38
401131833,POR,2982268,3
401131833,POR,4066650,18
401131833,POR,3936296,3
401131833,POR,2581177,26
401131833,POR,4239,16
401131833,POR,2326307,19
401131833,POR,4351851,3
401131833,POR,6605,0
401131833,GS,2386,31
401131833,GS,6589,34
401131833,GS,2747,8
401131833,GS,3975,35
401131833,GS,6475,37
401131833,GS,3998,15
401131833,GS,2530923,14
401131833,GS,3064427,11
401131833,GS,3155535,24
401131833,GS,3064559,2
401131833,GS,2566745,13
401131833,GS,2393,13
401131833,GS,3934621,3
401131840,TOR,3988,35
401131840,TOR,6450,42
401131840,TOR,3149673,42
401131840,TOR,3206,40
401131840,TOR,3012,40
401131840,TOR,3439,17
401131840,TOR,2595516,10
401131840,TOR,2991230,13
401131840,TOR,2580980,0
401131840,TOR,3948153,0
401131840,TOR,2531352,0
401131840,TOR,4003,0
401131840,TOR,4299,0
401131840,MIL,6459,25
401131840,MIL,6609,35
401131840,MIL,3032977,37
401131840,MIL,3448,35
401131840,MIL,4238,30
401131840,MIL,2767,14
401131840,MIL,3438,27
401131840,MIL,2566769,27
401131840,MIL,2578239,11
401131840,MIL,3136491,0
401131840,MIL,2528353,0
401131840,MIL,3057187,0
401131840,MIL,2488945,0
401131834,POR,4248,20
401131834,POR,6591,23
401131834,POR,6447,19
401131834,POR,6606,43
401131834,POR,2490149,39
401131834,POR,4066650,8
401131834,POR,6605,17
401131834,POR,2581177,21
401131834,POR,4239,22
401131834,POR,2326307,29
401131834,POR,2982268,0
401131834,POR,3936296,0
401131834,POR,4351851,0
401131834,GS,2386,31
401131834,GS,6589,33
401131834,GS,2747,4
401131834,GS,3975,39
401131834,GS,6475,41
401131834,GS,3998,15
401131834,GS,2530923,9
401131834,GS,3064427,14
401131834,GS,3155535,29
401131834,GS,3064559,2
401131834,GS,2566745,10
401131834,GS,2393,15
401131834,GS,3934621,0
401131841,TOR,3988,22
401131841,TOR,6450,38
401131841,TOR,3149673,26
401131841,TOR,3206,19
401131841,TOR,3012,39
401131841,TOR,3439,27
401131841,TOR,2580980,4
401131841,TOR,3948153,2
401131841,TOR,2531352,3
401131841,TOR,4003,8
401131841,TOR,4299,3
401131841,TOR,2595516,25
401131841,TOR,2991230,24
401131841,MIL,6459,23
401131841,MIL,6609,29
401131841,MIL,3032977,35
401131841,MIL,3448,27
401131841,MIL,4238,29
401131841,MIL,2767,21
401131841,MIL,3136491,3
401131841,MIL,2528353,3
401131841,MIL,3057187,4
401131841,MIL,3438,25
401131841,MIL,2488945,3
401131841,MIL,2566769,25
401131841,MIL,2578239,13
401131835,GS,2386,18
401131835,GS,6589,38
401131835,GS,3064559,3
401131835,GS,3975,37
401131835,GS,6475,40
401131835,GS,3998,9
401131835,GS,2530923,21
401131835,GS,3064427,15
401131835,GS,3155535,27
401131835,GS,2747,3
401131835,GS,2566745,11
401131835,GS,2393,17
401131835,GS,3934621,0
401131835,POR,4248,13
401131835,POR,6591,26
401131835,POR,6605,31
401131835,POR,6606,40
401131835,POR,2490149,38
401131835,POR,4066650,20
401131835,POR,6447,7
401131835,POR,2581177,17
401131835,POR,4239,17
401131835,POR,2326307,30
401131835,POR,2982268,0
401131835,POR,3936296,0
401131835,POR,4351851,0
401131842,MIL,6459,29
401131842,MIL,6609,44
401131842,MIL,3032977,45
401131842,MIL,3448,40
401131842,MIL,4238,34
401131842,MIL,2767,13
401131842,MIL,3438,37
401131842,MIL,2566769,37
401131842,MIL,2578239,12
401131842,MIL,3136491,0
401131842,MIL,2528353,0
401131842,MIL,3057187,0
401131842,MIL,2488945,0
401131842,TOR,3988,34
401131842,TOR,6450,52
401131842,TOR,3149673,51
401131842,TOR,3206,45
401131842,TOR,3012,32
401131842,TOR,3439,14
401131842,TOR,4003,1
401131842,TOR,2595516,30
401131842,TOR,2991230,31
401131842,TOR,2580980,0
401131842,TOR,3948153,0
401131842,TOR,2531352,0
401131842,TOR,4299,0
401131836,GS,6589,43
401131836,GS,2530923,26
401131836,GS,3064427,14
401131836,GS,3975,47
401131836,GS,6475,46
401131836,GS,3998,10
401131836,GS,3155535,29
401131836,GS,2747,9
401131836,GS,2566745,14
401131836,GS,2393,22
401131836,GS,3934621,4
401131836,GS,3064559,0
401131836,POR,4248,11
401131836,POR,6591,16
401131836,POR,6605,40
401131836,POR,6606,44
401131836,POR,2490149,44
401131836,POR,4066650,11
401131836,POR,6447,13
401131836,POR,2581177,40
401131836,POR,4239,31
401131836,POR,2326307,15
401131836,POR,2982268,0
401131836,POR,3936296,0
401131836,POR,4351851,0
401131843,MIL,6459,25
401131843,MIL,6609,36
401131843,MIL,3032977,34
401131843,MIL,3448,25
401131843,MIL,4238,20
401131843,MIL,2767,18
401131843,MIL,3136491,4
401131843,MIL,2528353,3
401131843,MIL,3057187,4
401131843,MIL,3438,27
401131843,MIL,2488945,3
401131843,MIL,2566769,28
401131843,MIL,2578239,14
401131843,TOR,3988,25
401131843,TOR,6450,34
401131843,TOR,3149673,23
401131843,TOR,3206,31
401131843,TOR,3012,34
401131843,TOR,3439,24
401131843,TOR,2580980,2
401131843,TOR,3948153,2
401131843,TOR,2531352,2
401131843,TOR,4003,3
401131843,TOR,4299,2
401131843,TOR,2595516,32
401131843,TOR,2991230,25
401131844,TOR,3988,16
401131844,TOR,6450,40
401131844,TOR,3149673,36
401131844,TOR,3206,29
401131844,TOR,3012,39
401131844,TOR,3439,19
401131844,TOR,2595516,24
401131844,TOR,2991230,37
401131844,TOR,2580980,0
401131844,TOR,3948153,0
401131844,TOR,2531352,0
401131844,TOR,4003,0
401131844,TOR,4299,0
401131844,MIL,6609,36
401131844,MIL,3032977,39
401131844,MIL,3448,32
401131844,MIL,4238,34
401131844,MIL,2566769,34
401131844,MIL,2767,11
401131844,MIL,6459,9
401131844,MIL,3057187,4
401131844,MIL,3438,29
401131844,MIL,2578239,12
401131844,MIL,3136491,0
401131844,MIL,2528353,0
401131844,MIL,2488945,0
401131845,MIL,6609,41
401131845,MIL,3032977,41
401131845,MIL,3448,34
401131845,MIL,4238,30
401131845,MIL,2566769,31
401131845,MIL,2767,22
401131845,MIL,3438,32
401131845,MIL,2578239,10
401131845,MIL,6459,0
401131845,MIL,3136491,0
401131845,MIL,2528353,0
401131845,MIL,3057187,0
401131845,MIL,2488945,0
401131845,TOR,3988,14
401131845,TOR,6450,41
401131845,TOR,3149673,42
401131845,TOR,3206,26
401131845,TOR,3012,41
401131845,TOR,3439,25
401131845,TOR,2595516,17
401131845,TOR,2991230,34
401131845,TOR,2580980,0
401131845,TOR,3137730,0
401131845,TOR,2531352,0
401131845,TOR,4003,0
401131845,TOR,4299,0
401134815,GS,2386,29
401134815,GS,6589,40
401134815,GS,3064427,12
401134815,GS,3975,40
401134815,GS,6475,39
401134815,GS,3998,8
401134815,GS,2530923,8
401134815,GS,3155535,28
401134815,GS,4258,8
401134815,GS,2566745,9
401134815,GS,2393,18
401134815,GS,3934621,0
401134815,GS,2747,0
401134815,TOR,3988,30
401134815,TOR,6450,43
401134815,TOR,3149673,40
401134815,TOR,3206,30
401134815,TOR,3012,36
401134815,TOR,3439,17
401134815,TOR,3137730,7
401134815,TOR,2595516,5
401134815,TOR,2991230,33
401134815,TOR,2580980,0
401134815,TOR,2531352,0
401134815,TOR,4003,0
401134815,TOR,4299,0
401134816,GS,2386,28
401134816,GS,6589,41
401134816,GS,4258,28
401134816,GS,3975,41
401134816,GS,6475,32
401134816,GS,3998,6
401134816,GS,2530923,10
401134816,GS,3064427,0
401134816,GS,3155535,10
401134816,GS,2747,7
401134816,GS,2566745,21
401134816,GS,2393,16
401134816,GS,3934621,0
401134816,TOR,3988,26
401134816,TOR,6450,39
401134816,TOR,3149673,41
401134816,TOR,3206,31
401134816,TOR,3012,28
401134816,TOR,3439,16
401134816,TOR,2595516,21
401134816,TOR,2991230,38
401134816,TOR,3934719,0
401134816,TOR,3948153,0
401134816,TOR,3137730,0
401134816,TOR,4003,0
401134816,TOR,4299,0
401134817,TOR,3988,27
401134817,TOR,6450,38
401134817,TOR,3149673,39
401134817,TOR,3206,26
401134817,TOR,3012,43
401134817,TOR,3439,22
401134817,TOR,2580980,1
401134817,TOR,3137730,2
401134817,TOR,4003,1
401134817,TOR,4299,1
401134817,TOR,2595516,6
401134817,TOR,2991230,33
401134817,TOR,3934719,0
401134817,GS,2386,31
401134817,GS,6589,41
401134817,GS,4258,19
401134817,GS,2393,17
401134817,GS,3975,43
401134817,GS,3998,10
401134817,GS,2530923,18
401134817,GS,3064427,9
401134817,GS,2747,22
401134817,GS,3064559,2
401134817,GS,2566745,27
401134817,GS,3934621,2
401134817,GS,6475,0
401134818,TOR,3988,30
401134818,TOR,6450,41
401134818,TOR,3149673,41
401134818,TOR,3206,28
401134818,TOR,3012,37
401134818,TOR,3439,22
401134818,TOR,3137730,2
401134818,TOR,2595516,11
401134818,TOR,2991230,29
401134818,TOR,3934719,0
401134818,TOR,2531352,0
401134818,TOR,4003,0
401134818,TOR,4299,0
401134818,GS,2386,38
401134818,GS,6589,41
401134818,GS,4258,15
401134818,GS,3975,43
401134818,GS,6475,42
401134818,GS,2530923,9
401134818,GS,3155535,20
401134818,GS,2747,11
401134818,GS,2566745,7
401134818,GS,2393,15
401134818,GS,3998,0
401134818,GS,3064427,0
401134818,GS,3934621,0
401134819,GS,2386,30
401134819,GS,3202,12
401134819,GS,6589,41
401134819,GS,3975,41
401134819,GS,6475,42
401134819,GS,2530923,2
401134819,GS,3064427,4
401134819,GS,3155535,18
401134819,GS,2747,2
401134819,GS,4258,20
401134819,GS,2566745,12
401134819,GS,2393,16
401134819,GS,3998,0
401134819,TOR,3988,33
401134819,TOR,6450,41
401134819,TOR,3149673,34
401134819,TOR,3206,31
401134819,TOR,3012,42
401134819,TOR,3439,17
401134819,TOR,3137730,1
401134819,TOR,2595516,12
401134819,TOR,2991230,27
401134819,TOR,3934719,0
401134819,TOR,3948153,0
401134819,TOR,4003,0
401134819,TOR,4299,0
401134820,TOR,3988,18
401134820,TOR,6450,41
401134820,TOR,3149673,46
401134820,TOR,3206,27
401134820,TOR,3012,42
401134820,TOR,3439,22
401134820,TOR,2595516,11
401134820,TOR,2991230,34
401134820,TOR,2580980,0
401134820,TOR,3934719,0
401134820,TOR,3137730,0
401134820,TOR,4003,0
401134820,TOR,4299,0
401134820,GS,2386,32
401134820,GS,6589,44
401134820,GS,3155535,27
401134820,GS,3975,42
401134820,GS,6475,32
401134820,GS,3998,2
401134820,GS,2530923,10
401134820,GS,2747,3
401134820,GS,4258,19
401134820,GS,2566745,13
401134820,GS,2393,16
401134820,GS,3064427,0
401134820,GS,3934621,0
