game_id,team,player_id,minutes
401468016,PHI,3033,33
401468016,PHI,6440,34
401468016,PHI,3059318,37
401468016,PHI,3992,37
401468016,PHI,4431678,38
401468016,PHI,2990969,12
401468016,PHI,2991155,16
401468016,PHI,2991055,11
401468016,PHI,3907498,0
401468016,PHI,4066436,21
401468016,PHI,4278562,0
401468016,PHI,3915195,0
401468016,PHI,3929325,0
401468016,PHI,4432164,0
401468016,BOS,4065648,39
401468016,BOS,3213,23
401468016,BOS,2990992,36
401468016,BOS,3078576,24
401468016,BOS,3917376,39
401468016,BOS,3989,8
401468016,BOS,3078284,20
401468016,BOS,4065804,3
401468016,BOS,4066218,24
401468016,BOS,2566769,24
401468016,BOS,3138156,0
401468016,BOS,3064560,0
401468016,BOS,4065660,0
401468016,BOS,4066354,0
401468016,BOS,4576085,0
401468017,LAL,1966,35
401468017,LAL,6583,36
401468017,LAL,3964,25
401468017,LAL,3468,31
401468017,LAL,4277890,29
401468017,LAL,3908336,18
401468017,LAL,4066264,8
401468017,LAL,4397134,2
401468017,LAL,4401416,14
401468017,LAL,3056247,23
401468017,LAL,4066457,16
401468017,LAL,4431785,2
401468017,LAL,4432582,2
401468017,LAL,3064559,0
401468017,GS,6589,25
401468017,GS,3059319,29
401468017,GS,3155535,21
401468017,GS,3975,33
401468017,GS,6475,20
401468017,GS,2327577,23
401468017,GS,4433247,13
401468017,GS,4432808,17
401468017,GS,3934673,22
401468017,GS,4277956,28
401468017,GS,4432171,8
401468017,GS,4591725,2
401468017,GS,4433246,0
401468018,ORL,4432573,35
401468018,ORL,4566434,34
401468018,ORL,4277847,33
401468018,ORL,6619,32
401468018,ORL,4432165,25
401468018,ORL,4278052,18
401468018,ORL,4433623,22
401468018,ORL,4277919,12
401468018,ORL,4397102,18
401468018,ORL,4590530,11
401468018,ORL,3918423,0
401468018,ORL,4067858,0
401468018,ORL,4432809,0
401468018,DET,3593,35
401468018,DET,4432810,26
401468018,DET,4397136,31
401468018,DET,4432166,35
401468018,DET,4433218,32
401468018,DET,4278075,13
401468018,DET,4433621,22
401468018,DET,6446,15
401468018,DET,4080610,14
401468018,DET,4683024,16
401468018,DET,4066240,0
401468018,DET,4395676,0
401468018,DET,2991280,0
401468018,DET,2488826,0
401468019,WSH,3134907,35
401468019,WSH,4683021,8
401468019,WSH,3102531,32
401468019,WSH,3059310,21
401468019,WSH,6580,38
401468019,WSH,2581184,15
401468019,WSH,4066648,24
401468019,WSH,4278049,16
401468019,WSH,6579,25
401468019,WSH,3064447,27
401468019,WSH,4715198,0
401468019,WSH,3986,0
401468019,WSH,4278402,0
401468019,WSH,4278707,0
401468019,WSH,4432356,0
401468019,IND,4279815,24
401468019,IND,4397189,22
401468019,IND,4592402,19
401468019,IND,2990984,32
401468019,IND,4396993,36
401468019,IND,4432170,16
401468019,IND,4278031,14
401468019,IND,4348700,10
401468019,IND,2530530,17
401468019,IND,4396909,23
401468019,IND,4683634,28
401468019,IND,3999,0
401468019,IND,3133628,0
401468019,IND,4395712,0
401468019,IND,4433254,0
401468020,HOU,4277952,25
401468020,HOU,4432639,33
401468020,HOU,3431,29
401468020,HOU,4397140,34
401468020,HOU,4437244,32
401468020,HOU,4431828,23
401468020,HOU,4433192,15
401468020,HOU,4871144,22
401468020,HOU,4432168,13
401468020,HOU,3913180,14
401468020,HOU,4871143,0
401468020,HOU,4376,0
401468020,HOU,5075393,0
401468020,ATL,3908845,34
401468020,ATL,4065732,32
401468020,ATL,3102529,26
401468020,ATL,3907497,38
401468020,ATL,4277905,38
401468020,ATL,2284101,19
401468020,ATL,4431680,21
401468020,ATL,4701230,14
401468020,ATL,3922230,18
401468020,ATL,2579294,0
401468020,ATL,4432585,0
401468020,ATL,4065656,0
401468020,ATL,4277928,0
401468020,ATL,4397179,0
401468020,ATL,4578893,0
401468021,NO,3913176,31
401468021,NO,4277813,28
401468021,NO,4395628,30
401468021,NO,6477,27
401468021,NO,2490149,31
401468021,NO,2580365,21
401468021,NO,4278594,14
401468021,NO,4397688,24
401468021,NO,3133601,15
401468021,NO,4277869,16
401468021,NO,4869342,3
401468021,NO,2999409,0
401468021,NO,4397077,0
401468021,NO,4431811,0
401468021,NO,4023,0
401468021,BKN,3202,32
401468021,BKN,2583632,34
401468021,BKN,4278067,25
401468021,BKN,6442,34
401468021,BKN,3907387,23
401468021,BKN,6461,3
401468021,BKN,4397693,4
401468021,BKN,3133838,9
401468021,BKN,4432194,23
401468021,BKN,4004,23
401468021,BKN,3136485,19
401468021,BKN,4432174,13
401468021,BKN,4397107,0
401468021,BKN,4592216,0
401468022,CHI,4431687,28
401468022,CHI,6478,33
401468022,CHI,3978,36
401468022,CHI,2991350,30
401468022,CHI,4397002,36
401468022,CHI,6585,15
401468022,CHI,3423,19
401468022,CHI,2596112,18
401468022,CHI,4395651,25
401468022,CHI,3936099,0
401468022,CHI,4065673,0
401468022,CHI,4683622,0
401468022,CHI,3056245,0
401468022,CHI,4433159,0
401468022,MIA,6430,37
401468022,MIA,3138160,29
401468022,MIA,4066261,34
401468022,MIA,3012,35
401468022,MIA,4395725,34
401468022,MIA,3157465,11
401468022,MIA,4291678,0
401468022,MIA,2580913,13
401468022,MIA,3137259,16
401468022,MIA,4065778,31
401468022,MIA,2184,0
401468022,MIA,4997528,0
401468022,MIA,4066993,0
401468023,CLE,4066328,34
401468023,CLE,4432158,36
401468023,CLE,2991043,35
401468023,CLE,3908809,35
401468023,CLE,4396907,13
401468023,CLE,3449,21
401468023,CLE,3912848,22
401468023,CLE,4432822,12
401468023,CLE,3893016,28
401468023,CLE,2968361,6
401468023,CLE,4066405,0
401468023,CLE,4432815,0
401468023,CLE,3447,0
401468023,TOR,3149673,34
401468023,TOR,3934719,38
401468023,TOR,4433134,32
401468023,TOR,2991230,39
401468023,TOR,4277843,37
401468023,TOR,4017839,7
401468023,TOR,3244,11
401468023,TOR,4397885,9
401468023,TOR,4431679,18
401468023,TOR,4431778,15
401468023,TOR,4432907,0
401468023,TOR,4066668,0
401468023,TOR,4066786,0
401468023,TOR,4397251,0
401468024,NY,3064514,35
401468024,NY,4395625,38
401468024,NY,4351852,13
401468024,NY,6588,33
401468024,NY,3934672,36
401468024,NY,4278355,13
401468024,NY,4395627,28
401468024,NY,4222252,40
401468024,NY,3456,12
401468024,NY,4395724,17
401468024,NY,4396638,0
401468024,NY,4277922,0
401468024,NY,2991047,0
401468024,NY,3133602,0
401468024,NY,4431823,0
401468024,MEM,4593125,39
401468024,MEM,2991235,33
401468024,MEM,3134932,33
401468024,MEM,4066320,37
401468024,MEM,4279888,38
401468024,MEM,3906665,19
401468024,MEM,4277964,16
401468024,MEM,4592691,13
401468024,MEM,4593041,13
401468024,MEM,3135046,25
401468024,MEM,4585610,0
401468024,MEM,4397227,0
401468024,MEM,4432646,0
401468025,OKC,4683018,25
401468025,OKC,3133626,22
401468025,OKC,4278073,37
401468025,OKC,4397020,33
401468025,OKC,4871145,34
401468025,OKC,4066410,15
401468025,OKC,4423545,17
401468025,OKC,4432813,12
401468025,OKC,4997526,9
401468025,OKC,2490089,8
401468025,OKC,4395702,0
401468025,OKC,4432819,23
401468025,OKC,4593803,6
401468025,OKC,4432823,0
401468025,OKC,4397183,0
401468025,MIN,4431671,36
401468025,MIN,3032976,34
401468025,MIN,3136195,36
401468025,MIN,3136776,35
401468025,MIN,4594268,32
401468025,MIN,2990962,12
401468025,MIN,2993874,22
401468025,MIN,6617,1
401468025,MIN,2994526,4
401468025,MIN,3134916,11
401468025,MIN,4278541,18
401468025,MIN,4067325,0
401468025,MIN,4592187,0
401468025,MIN,4687718,0
401468025,MIN,4396971,0
401468026,CHA,4278078,30
401468026,CHA,4249,29
401468026,CHA,2488653,22
401468026,CHA,3074752,30
401468026,CHA,3133603,23
401468026,CHA,4431699,4
401468026,CHA,4066731,23
401468026,CHA,4702233,8
401468026,CHA,3138161,1
401468026,CHA,4278076,21
401468026,CHA,4701232,4
401468026,CHA,4065697,21
401468026,CHA,4683027,4
401468026,CHA,4431712,14
401468026,CHA,4576086,4
401468026,SA,4395723,30
401468026,SA,4610139,27
401468026,SA,3134908,27
401468026,SA,4395626,24
401468026,SA,4395630,29
401468026,SA,4066392,9
401468026,SA,2528588,16
401468026,SA,4066650,12
401468026,SA,3136779,5
401468026,SA,2534781,9
401468026,SA,2581190,17
401468026,SA,4397008,9
401468026,SA,4702176,26
401468026,SA,4565201,0
401468026,SA,4683935,0
401468027,DEN,3064290,33
401468027,DEN,4278104,35
401468027,DEN,3112335,33
401468027,DEN,2581018,35
401468027,DEN,3936299,26
401468027,DEN,3209,15
401468027,DEN,4431690,1
401468027,DEN,4230557,1
401468027,DEN,3442,6
401468027,DEN,4305,5
401468027,DEN,3059262,8
401468027,DEN,4065670,21
401468027,DEN,4431767,2
401468027,DEN,4576087,1
401468027,DEN,4592492,16
401468027,UTAH,2489663,15
401468027,UTAH,4066336,33
401468027,UTAH,4278077,18
401468027,UTAH,3195,32
401468027,UTAH,2528426,30
401468027,UTAH,3899664,1
401468027,UTAH,4683025,1
401468027,UTAH,3005,26
401468027,UTAH,4396991,14
401468027,UTAH,4433136,24
401468027,UTAH,3907822,25
401468027,UTAH,4277811,21
401468027,UTAH,4278039,1
401468027,UTAH,4397018,1
401468027,UTAH,4066399,0
401468028,DAL,2578185,38
401468028,DAL,2528779,30
401468028,DAL,3452,14
401468028,DAL,2580782,28
401468028,DAL,3945274,37
401468028,DAL,2960236,26
401468028,DAL,3058254,24
401468028,DAL,2528210,25
401468028,DAL,4432811,18
401468028,DAL,2531367,0
401468028,DAL,4278507,0
401468028,DAL,3138154,0
401468028,DAL,4868423,0
401468028,PHX,3138196,27
401468028,PHX,4278129,30
401468028,PHX,2779,30
401468028,PHX,3136193,41
401468028,PHX,3147657,41
401468028,PHX,3032978,2
401468028,PHX,2528693,9
401468028,PHX,6427,7
401468028,PHX,3146557,10
401468028,PHX,3064230,19
401468028,PHX,2595209,20
401468028,PHX,4065663,4
401468028,PHX,3059307,0
401468028,PHX,4397235,0
401468029,POR,2991070,35
401468029,POR,3102530,25
401468029,POR,6606,37
401468029,POR,3062679,38
401468029,POR,4351851,36
401468029,POR,3135047,26
401468029,POR,3914285,16
401468029,POR,4395652,10
401468029,POR,4914336,16
401468029,POR,4432161,0
401468029,POR,4432446,0
401468029,POR,4432192,0
401468029,SAC,6578,31
401468029,SAC,3155942,33
401468029,SAC,4278521,16
401468029,SAC,4066259,35
401468029,SAC,4066372,29
401468029,SAC,2993370,15
401468029,SAC,3136196,15
401468029,SAC,3919454,25
401468029,SAC,4066262,16
401468029,SAC,4278053,26
401468029,SAC,3914283,0
401468029,SAC,3919347,0
401468029,SAC,2596107,0
401468029,SAC,2489716,0
401468170,MIL,3032977,36
401468170,MIL,3448,31
401468170,MIL,3995,36
401468170,MIL,3133635,22
401468170,MIL,3135045,32
401468170,MIL,3439,4
401468170,MIL,3064482,23
401468170,MIL,4277883,16
401468170,MIL,3438,21
401468170,MIL,4032,20
401468170,MIL,3102533,0
401468170,MIL,4278580,0
401468170,MIL,4432179,0
401468170,MIL,4397475,0
401468170,PHI,3033,39
401468170,PHI,6440,33
401468170,PHI,3059318,36
401468170,PHI,3992,40
401468170,PHI,4431678,34
401468170,PHI,2990969,8
401468170,PHI,4278562,5
401468170,PHI,2991155,21
401468170,PHI,2991055,3
401468170,PHI,3907498,0
401468170,PHI,4066436,20
401468170,PHI,3915195,0
401468170,PHI,3929325,0
401468170,PHI,4432164,0
401468171,LAC,4251,36
401468171,LAC,6462,23
401468171,LAC,4017837,35
401468171,LAC,6443,23
401468171,LAC,2595516,22
401468171,LAC,2490620,14
401468171,LAC,3416,10
401468171,LAC,6450,21
401468171,LAC,4237,25
401468171,LAC,3907823,6
401468171,LAC,3913174,24
401468171,LAC,4397126,0
401468171,LAC,4066387,0
401468171,LAC,4397916,0
401468171,LAC,4432162,0
401468171,LAL,1966,37
401468171,LAL,6583,32
401468171,LAL,3964,33
401468171,LAL,3468,27
401468171,LAL,4277890,37
401468171,LAL,3908336,13
401468171,LAL,4401416,22
401468171,LAL,3064559,7
401468171,LAL,3056247,11
401468171,LAL,4066457,22
401468171,LAL,4066264,0
401468171,LAL,4431785,0
401468171,LAL,4432582,0
401468172,NO,3913176,37
401468172,NO,4277813,32
401468172,NO,4395628,31
401468172,NO,6477,29
401468172,NO,2490149,32
401468172,NO,2580365,15
401468172,NO,4278594,12
401468172,NO,4397688,20
401468172,NO,2999409,6
401468172,NO,3133601,11
401468172,NO,4277869,15
401468172,NO,4397077,0
401468172,NO,4431811,0
401468172,NO,4023,0
401468172,NO,4869342,0
401468172,CHA,4278078,29
401468172,CHA,4249,37
401468172,CHA,2488653,19
401468172,CHA,3074752,36
401468172,CHA,3133603,30
401468172,CHA,4066731,27
401468172,CHA,4278076,26
401468172,CHA,4065697,22
401468172,CHA,4431712,13
401468172,CHA,4431699,0
401468172,CHA,4702233,0
401468172,CHA,4701232,0
401468172,CHA,4683027,0
401468172,CHA,4576086,0
401468173,SA,4395723,33
401468173,SA,4610139,21
401468173,SA,3134908,29
401468173,SA,4395626,35
401468173,SA,4395630,34
401468173,SA,2528588,12
401468173,SA,4066650,18
401468173,SA,3136779,9
401468173,SA,2581190,28
401468173,SA,4702176,21
401468173,SA,4066392,0
401468173,SA,4565201,0
401468173,SA,2534781,0
401468173,SA,4397008,0
401468173,SA,4683935,0
401468173,IND,4279815,22
401468173,IND,4397189,7
401468173,IND,4592402,17
401468173,IND,2990984,24
401468173,IND,4396993,27
401468173,IND,3999,12
401468173,IND,4432170,16
401468173,IND,4348700,18
401468173,IND,2530530,17
401468173,IND,4395712,30
401468173,IND,4396909,21
401468173,IND,4683634,28
401468173,IND,4278031,0
401468173,IND,3133628,0
401468174,CHI,4431687,24
401468174,CHI,6478,30
401468174,CHI,3978,37
401468174,CHI,2991350,31
401468174,CHI,4397002,31
401468174,CHI,6585,18
401468174,CHI,3423,23
401468174,CHI,2596112,15
401468174,CHI,4395651,31
401468174,CHI,3936099,0
401468174,CHI,4065673,0
401468174,CHI,4683622,0
401468174,CHI,3056245,0
401468174,CHI,4433159,0
401468174,WSH,3134907,34
401468174,WSH,4683021,23
401468174,WSH,3102531,29
401468174,WSH,3059310,26
401468174,WSH,6580,37
401468174,WSH,2581184,11
401468174,WSH,4066648,24
401468174,WSH,4278049,18
401468174,WSH,6579,17
401468174,WSH,3064447,22
401468174,WSH,4715198,0
401468174,WSH,3986,0
401468174,WSH,4278402,0
401468174,WSH,4278707,0
401468174,WSH,4432356,0
401468175,ORL,4432573,34
401468175,ORL,4566434,36
401468175,ORL,4277847,33
401468175,ORL,6619,35
401468175,ORL,4432165,16
401468175,ORL,4278052,14
401468175,ORL,4277919,15
401468175,ORL,4397102,12
401468175,ORL,4067858,1
401468175,ORL,4432809,28
401468175,ORL,4590530,16
401468175,ORL,4433623,0
401468175,ORL,3918423,0
401468175,ATL,3908845,36
401468175,ATL,4065732,33
401468175,ATL,3102529,32
401468175,ATL,3907497,40
401468175,ATL,4277905,37
401468175,ATL,2284101,20
401468175,ATL,4431680,16
401468175,ATL,4701230,12
401468175,ATL,3922230,14
401468175,ATL,2579294,0
401468175,ATL,4432585,0
401468175,ATL,4065656,0
401468175,ATL,4277928,0
401468175,ATL,4397179,0
401468175,ATL,4578893,0
401468176,TOR,3149673,37
401468176,TOR,3934719,37
401468176,TOR,4433134,36
401468176,TOR,2991230,38
401468176,TOR,4277843,36
401468176,TOR,3244,6
401468176,TOR,4397885,13
401468176,TOR,4431679,17
401468176,TOR,4431778,20
401468176,TOR,4017839,0
401468176,TOR,4432907,0
401468176,TOR,2578240,0
401468176,TOR,4066668,0
401468176,TOR,4066786,0
401468176,TOR,4397251,0
401468176,BKN,3202,35
401468176,BKN,2583632,39
401468176,BKN,4278067,34
401468176,BKN,6442,41
401468176,BKN,3907387,32
401468176,BKN,6461,19
401468176,BKN,2528794,18
401468176,BKN,4432194,10
401468176,BKN,4004,11
401468176,BKN,4397693,0
401468176,BKN,3133838,0
401468176,BKN,3136485,0
401468176,BKN,4397107,0
401468176,BKN,4432174,0
401468176,BKN,4592216,0
401468177,BOS,4065648,37
401468177,BOS,3213,34
401468177,BOS,2990992,33
401468177,BOS,3078576,25
401468177,BOS,3917376,34
401468177,BOS,3078284,15
401468177,BOS,4065804,13
401468177,BOS,4066218,25
401468177,BOS,2566769,25
401468177,BOS,3989,0
401468177,BOS,3138156,0
401468177,BOS,3064560,0
401468177,BOS,4065660,0
401468177,BOS,4066354,0
401468177,BOS,4576085,0
401468177,MIA,6430,40
401468177,MIA,3138160,29
401468177,MIA,4066261,35
401468177,MIA,3012,33
401468177,MIA,4395725,36
401468177,MIA,3157465,6
401468177,MIA,4291678,4
401468177,MIA,2580913,9
401468177,MIA,3137259,24
401468177,MIA,4065778,23
401468177,MIA,2184,0
401468177,MIA,4997528,0
401468177,MIA,4066993,0
401468178,DET,3593,26
401468178,DET,4432810,30
401468178,DET,4397136,33
401468178,DET,4432166,32
401468178,DET,4433218,29
401468178,DET,4066240,5
401468178,DET,4278075,11
401468178,DET,4395676,1
401468178,DET,4433621,23
401468178,DET,6446,12
401468178,DET,2488826,5
401468178,DET,4080610,15
401468178,DET,4683024,18
401468178,DET,2991280,0
401468178,NY,3064514,25
401468178,NY,4395625,28
401468178,NY,4351852,23
401468178,NY,6588,20
401468178,NY,3934672,28
401468178,NY,4278355,21
401468178,NY,4395627,19
401468178,NY,4222252,21
401468178,NY,4277922,3
401468178,NY,3456,16
401468178,NY,2991047,2
401468178,NY,3133602,2
401468178,NY,4395724,27
401468178,NY,4431823,3
401468178,NY,4432645,1
401468179,MEM,4593125,31
401468179,MEM,2991235,33
401468179,MEM,3134932,30
401468179,MEM,4066320,33
401468179,MEM,4279888,31
401468179,MEM,3906665,15
401468179,MEM,4277964,7
401468179,MEM,4592691,15
401468179,MEM,4593041,23
401468179,MEM,3135046,22
401468179,MEM,4585610,0
401468179,MEM,4397227,0
401468179,MEM,4432646,0
401468179,HOU,4277952,12
401468179,HOU,4432639,35
401468179,HOU,3431,36
401468179,HOU,4397140,35
401468179,HOU,4437244,35
401468179,HOU,4431828,25
401468179,HOU,4433192,20
401468179,HOU,4871144,27
401468179,HOU,4432168,3
401468179,HOU,3913180,13
401468179,HOU,4871143,0
401468179,HOU,4376,0
401468179,HOU,4432176,0
401468179,HOU,5075393,0
401468180,UTAH,2489663,35
401468180,UTAH,4066336,39
401468180,UTAH,4278077,25
401468180,UTAH,3195,36
401468180,UTAH,2528426,35
401468180,UTAH,3005,14
401468180,UTAH,4396991,14
401468180,UTAH,4433136,18
401468180,UTAH,3907822,30
401468180,UTAH,4277811,19
401468180,UTAH,3899664,0
401468180,UTAH,4683025,0
401468180,UTAH,4278039,0
401468180,UTAH,4397018,0
401468180,UTAH,4432817,0
401468180,MIN,4431671,39
401468180,MIN,3032976,38
401468180,MIN,3136195,33
401468180,MIN,3136776,39
401468180,MIN,4594268,41
401468180,MIN,2990962,18
401468180,MIN,2993874,1
401468180,MIN,4396971,9
401468180,MIN,6617,8
401468180,MIN,2994526,3
401468180,MIN,3134916,15
401468180,MIN,4278541,20
401468180,MIN,4067325,0
401468180,MIN,4592187,0
401468180,MIN,4687718,0
401468181,DEN,3064290,29
401468181,DEN,4278104,28
401468181,DEN,3112335,34
401468181,DEN,2581018,33
401468181,DEN,4065670,31
401468181,DEN,3209,19
401468181,DEN,3442,14
401468181,DEN,3059262,11
401468181,DEN,4431767,23
401468181,DEN,4592492,19
401468181,DEN,4065653,0
401468181,DEN,4431690,0
401468181,DEN,4230557,0
401468181,DEN,4305,0
401468181,DEN,4576087,0
401468181,GS,6589,27
401468181,GS,3059319,37
401468181,GS,3155535,19
401468181,GS,3975,36
401468181,GS,6475,24
401468181,GS,2327577,24
401468181,GS,4433247,8
401468181,GS,4432808,16
401468181,GS,3934673,10
401468181,GS,4277956,27
401468181,GS,4432171,13
401468181,GS,4433246,0
401468181,GS,4591725,0
401468182,PHX,3138196,23
401468182,PHX,4278129,38
401468182,PHX,2779,36
401468182,PHX,3136193,44
401468182,PHX,3147657,38
401468182,PHX,2528693,11
401468182,PHX,6427,0
401468182,PHX,3146557,14
401468182,PHX,3064230,17
401468182,PHX,2595209,31
401468182,PHX,4065663,14
401468182,PHX,3032978,0
401468182,PHX,3059307,0
401468182,PHX,4397235,0
401468182,POR,2991070,40
401468182,POR,3102530,35
401468182,POR,6606,43
401468182,POR,3062679,41
401468182,POR,4351851,42
401468182,POR,3135047,24
401468182,POR,3914285,16
401468182,POR,4395652,13
401468182,POR,4914336,12
401468182,POR,4432161,0
401468182,POR,4432446,0
401468182,POR,4432192,0
401468183,SA,4395723,32
401468183,SA,4610139,10
401468183,SA,3134908,27
401468183,SA,4395626,30
401468183,SA,4395630,34
401468183,SA,4066392,14
401468183,SA,2528588,24
401468183,SA,4066650,8
401468183,SA,3136779,4
401468183,SA,2534781,13
401468183,SA,2581190,21
401468183,SA,4702176,22
401468183,SA,4565201,0
401468183,SA,4397008,0
401468183,SA,4701031,0
401468183,PHI,3033,29
401468183,PHI,6440,36
401468183,PHI,3059318,36
401468183,PHI,3992,40
401468183,PHI,4431678,40
401468183,PHI,2990969,15
401468183,PHI,2991155,17
401468183,PHI,2991055,9
401468183,PHI,3907498,3
401468183,PHI,4066436,16
401468183,PHI,4278562,0
401468183,PHI,3915195,0
401468183,PHI,3929325,0
401468183,PHI,4432164,0
401468184,DET,3593,32
401468184,DET,4432810,30
401468184,DET,4397136,36
401468184,DET,4432166,33
401468184,DET,4433218,34
401468184,DET,4277957,16
401468184,DET,4433621,18
401468184,DET,6446,16
401468184,DET,4080610,6
401468184,DET,4683024,17
401468184,DET,4066240,0
401468184,DET,4278075,0
401468184,DET,4395676,0
401468184,DET,2991280,0
401468184,DET,2488826,0
401468184,IND,4397189,28
401468184,IND,4432170,22
401468184,IND,2990984,16
401468184,IND,4396909,23
401468184,IND,4396993,32
401468184,IND,4279815,20
401468184,IND,4348700,25
401468184,IND,4592402,21
401468184,IND,2530530,13
401468184,IND,4395712,9
401468184,IND,4683634,31
401468184,IND,3999,0
401468184,IND,4278031,0
401468184,IND,3133628,0
401468185,BOS,3078284,14
401468185,BOS,4065648,38
401468185,BOS,2990992,37
401468185,BOS,3078576,37
401468185,BOS,3917376,38
401468185,BOS,3989,10
401468185,BOS,4065804,7
401468185,BOS,4066218,31
401468185,BOS,3064560,6
401468185,BOS,2566769,21
401468185,BOS,4066354,4
401468185,BOS,3138156,0
401468185,BOS,4065660,0
401468185,BOS,4576085,0
401468185,ORL,4432573,33
401468185,ORL,4566434,35
401468185,ORL,4277847,35
401468185,ORL,6619,35
401468185,ORL,4432809,32
401468185,ORL,4278052,16
401468185,ORL,4277919,12
401468185,ORL,4397102,15
401468185,ORL,4067858,19
401468185,ORL,4590530,9
401468185,ORL,4433623,0
401468185,ORL,3918423,0
401468186,TOR,3149673,40
401468186,TOR,3934719,38
401468186,TOR,4433134,13
401468186,TOR,2991230,39
401468186,TOR,4277843,39
401468186,TOR,3244,11
401468186,TOR,4397885,6
401468186,TOR,4431679,34
401468186,TOR,4431778,12
401468186,TOR,4066668,9
401468186,TOR,4017839,0
401468186,TOR,4432907,0
401468186,TOR,2578240,0
401468186,TOR,4066786,0
401468186,TOR,4397251,0
401468186,MIA,6430,35
401468186,MIA,3138160,22
401468186,MIA,4066261,36
401468186,MIA,3012,37
401468186,MIA,4395725,22
401468186,MIA,3157465,15
401468186,MIA,2580913,12
401468186,MIA,3137259,24
401468186,MIA,4065778,37
401468186,MIA,2184,0
401468186,MIA,4291678,0
401468186,MIA,4997528,0
401468186,MIA,4066993,0
401468187,CLE,4432822,27
401468187,CLE,4066328,29
401468187,CLE,4432158,25
401468187,CLE,2991043,33
401468187,CLE,3908809,35
401468187,CLE,3449,23
401468187,CLE,3912848,4
401468187,CLE,4066405,4
401468187,CLE,4432815,4
401468187,CLE,3893016,26
401468187,CLE,3447,16
401468187,CLE,2968361,15
401468187,CHI,4431687,16
401468187,CHI,6478,31
401468187,CHI,3978,33
401468187,CHI,3064440,28
401468187,CHI,4397002,28
401468187,CHI,3936099,17
401468187,CHI,6585,13
401468187,CHI,4065673,4
401468187,CHI,4683622,2
401468187,CHI,3423,11
401468187,CHI,2596112,14
401468187,CHI,2991350,17
401468187,CHI,4395651,24
401468187,CHI,4433159,4
401468187,CHI,3056245,0
401468188,HOU,4871143,25
401468188,HOU,4431828,30
401468188,HOU,4432639,28
401468188,HOU,4397140,34
401468188,HOU,4437244,32
401468188,HOU,4433192,19
401468188,HOU,4376,4
401468188,HOU,4871144,23
401468188,HOU,4432168,16
401468188,HOU,4432176,14
401468188,HOU,3913180,13
401468188,HOU,5075393,4
401468188,MIL,3032977,28
401468188,MIL,3448,29
401468188,MIL,3995,32
401468188,MIL,3133635,25
401468188,MIL,3135045,28
401468188,MIL,3439,15
401468188,MIL,3064482,23
401468188,MIL,3102533,1
401468188,MIL,4278580,2
401468188,MIL,4432179,2
401468188,MIL,4277883,18
401468188,MIL,3438,24
401468188,MIL,4032,12
401468188,MIL,4397475,2
401468189,MEM,4593125,21
401468189,MEM,2991235,22
401468189,MEM,3134932,20
401468189,MEM,4066320,27
401468189,MEM,4279888,30
401468189,MEM,3906665,17
401468189,MEM,4277964,9
401468189,MEM,4585610,9
401468189,MEM,4592691,22
401468189,MEM,4593041,23
401468189,MEM,3135046,24
401468189,MEM,4397227,6
401468189,MEM,4432646,9
401468189,DAL,2578185,27
401468189,DAL,2528779,24
401468189,DAL,3452,13
401468189,DAL,2580782,28
401468189,DAL,3945274,30
401468189,DAL,2531367,7
401468189,DAL,2960236,21
401468189,DAL,3058254,25
401468189,DAL,4278507,5
401468189,DAL,2528210,26
401468189,DAL,3138154,7
401468189,DAL,3915560,4
401468189,DAL,4432811,15
401468189,DAL,4868423,6
401468190,OKC,4432813,18
401468190,OKC,4683018,12
401468190,OKC,4278073,34
401468190,OKC,4397020,30
401468190,OKC,4871145,33
401468190,OKC,4066317,2
401468190,OKC,4066410,3
401468190,OKC,4423545,21
401468190,OKC,4997526,7
401468190,OKC,2490089,19
401468190,OKC,3133626,16
401468190,OKC,4397183,16
401468190,OKC,4432819,28
401468190,OKC,4432823,0
401468190,OKC,4395702,0
401468190,DEN,3064290,28
401468190,DEN,4278104,28
401468190,DEN,3112335,39
401468190,DEN,2581018,32
401468190,DEN,3936299,28
401468190,DEN,3209,20
401468190,DEN,4431690,9
401468190,DEN,4065670,26
401468190,DEN,4431767,16
401468190,DEN,4592492,14
401468190,DEN,4230557,0
401468190,DEN,3442,0
401468190,DEN,4305,0
401468190,DEN,3059262,0
401468190,DEN,4576087,0
401468191,LAC,4251,39
401468191,LAC,6462,21
401468191,LAC,4017837,24
401468191,LAC,6443,27
401468191,LAC,2595516,32
401468191,LAC,2490620,22
401468191,LAC,3416,28
401468191,LAC,3907823,15
401468191,LAC,3913174,28
401468191,LAC,4066387,5
401468191,LAC,4433249,0
401468191,LAC,4397126,0
401468191,LAC,4397916,0
401468191,LAC,4432162,0
401468191,SAC,6578,34
401468191,SAC,3155942,35
401468191,SAC,4278521,18
401468191,SAC,4066259,32
401468191,SAC,4066372,32
401468191,SAC,3914283,1
401468191,SAC,2993370,13
401468191,SAC,4594327,33
401468191,SAC,3919454,12
401468191,SAC,4066262,13
401468191,SAC,4278053,16
401468191,SAC,3136196,0
401468191,SAC,3919347,0
401468191,SAC,2596107,0
401468191,SAC,2489716,0
401468192,POR,2991070,35
401468192,POR,3102530,30
401468192,POR,6606,34
401468192,POR,3062679,36
401468192,POR,4351851,36
401468192,POR,3135047,25
401468192,POR,3914285,13
401468192,POR,4395652,14
401468192,POR,4914336,16
401468192,POR,4432161,0
401468192,POR,4432446,0
401468192,POR,4432192,0
401468192,LAL,1966,38
401468192,LAL,6583,36
401468192,LAL,3964,30
401468192,LAL,3468,28
401468192,LAL,4277890,32
401468192,LAL,4278508,22
401468192,LAL,4401416,20
401468192,LAL,3064559,6
401468192,LAL,3056247,10
401468192,LAL,4066457,19
401468192,LAL,3908336,0
401468192,LAL,4066264,0
401468192,LAL,4431785,0
401468192,LAL,4432582,0
401468193,CHA,4278078,22
401468193,CHA,4249,31
401468193,CHA,2488653,26
401468193,CHA,4065697,34
401468193,CHA,3133603,33
401468193,CHA,4431699,1
401468193,CHA,4066731,20
401468193,CHA,4702233,16
401468193,CHA,4278076,20
401468193,CHA,4701232,1
401468193,CHA,4683027,15
401468193,CHA,4431712,18
401468193,CHA,4576086,3
401468193,ATL,3908845,38
401468193,ATL,4065732,31
401468193,ATL,3102529,23
401468193,ATL,3907497,39
401468193,ATL,4277905,33
401468193,ATL,2284101,17
401468193,ATL,4431680,23
401468193,ATL,4432585,6
401468193,ATL,4701230,10
401468193,ATL,3922230,14
401468193,ATL,4065656,2
401468193,ATL,4397179,2
401468193,ATL,4578893,2
401468193,ATL,2579294,0
401468194,WSH,3134907,37
401468194,WSH,4683021,14
401468194,WSH,3102531,38
401468194,WSH,3059310,27
401468194,WSH,6580,42
401468194,WSH,2581184,10
401468194,WSH,4066648,20
401468194,WSH,4278049,15
401468194,WSH,6579,35
401468194,WSH,3064447,27
401468194,WSH,4715198,0
401468194,WSH,3986,0
401468194,WSH,4431669,0
401468194,WSH,4278402,0
401468194,WSH,4432356,0
401468194,CLE,4432822,20
401468194,CLE,4066328,38
401468194,CLE,4432158,37
401468194,CLE,2991043,36
401468194,CLE,3908809,45
401468194,CLE,3449,14
401468194,CLE,3912848,21
401468194,CLE,3893016,32
401468194,CLE,3447,15
401468194,CLE,2968361,8
401468194,CLE,4066405,0
401468194,CLE,4432815,0
401468195,UTAH,2489663,37
401468195,UTAH,4066336,39
401468195,UTAH,4278077,28
401468195,UTAH,3195,36
401468195,UTAH,2528426,37
401468195,UTAH,3899664,0
401468195,UTAH,3005,16
401468195,UTAH,4396991,9
401468195,UTAH,4433136,22
401468195,UTAH,3907822,21
401468195,UTAH,4277811,19
401468195,UTAH,4683025,0
401468195,UTAH,4278039,0
401468195,UTAH,4397018,0
401468195,NO,3913176,11
401468195,NO,4277813,35
401468195,NO,4395628,30
401468195,NO,6477,24
401468195,NO,2490149,41
401468195,NO,2580365,29
401468195,NO,4278594,14
401468195,NO,4397688,40
401468195,NO,4397077,3
401468195,NO,3133601,15
401468195,NO,4277869,24
401468195,NO,2999409,0
401468195,NO,4431811,0
401468195,NO,4023,0
401468195,NO,4869342,0
401468196,MIN,4431671,27
401468196,MIN,3032976,25
401468196,MIN,3136195,30
401468196,MIN,3136776,26
401468196,MIN,4594268,34
401468196,MIN,2990962,23
401468196,MIN,4067325,2
401468196,MIN,4592187,2
401468196,MIN,4396971,13
401468196,MIN,2994526,12
401468196,MIN,3134916,21
401468196,MIN,4278541,24
401468196,MIN,6617,0
401468196,OKC,4432813,26
401468196,OKC,3133626,18
401468196,OKC,4397020,30
401468196,OKC,4432819,28
401468196,OKC,4871145,22
401468196,OKC,4066317,14
401468196,OKC,4066410,12
401468196,OKC,4423545,4
401468196,OKC,4432823,8
401468196,OKC,4683018,13
401468196,OKC,4997526,23
401468196,OKC,2490089,11
401468196,OKC,4395702,6
401468196,OKC,4397183,25
401468196,OKC,4278073,0
401468197,SAC,6578,21
401468197,SAC,3155942,22
401468197,SAC,4278521,4
401468197,SAC,4066259,36
401468197,SAC,4066372,31
401468197,SAC,3914283,11
401468197,SAC,2993370,16
401468197,SAC,3136196,4
401468197,SAC,4594327,38
401468197,SAC,3919454,16
401468197,SAC,4066262,29
401468197,SAC,4278053,12
401468197,SAC,3919347,0
401468197,SAC,2596107,0
401468197,SAC,2489716,0
401468197,GS,6589,28
401468197,GS,3059319,32
401468197,GS,3155535,25
401468197,GS,3975,31
401468197,GS,6475,27
401468197,GS,2327577,13
401468197,GS,4433247,7
401468197,GS,4432808,20
401468197,GS,3934673,11
401468197,GS,4277956,27
401468197,GS,4432171,18
401468197,GS,4591725,1
401468197,GS,4433246,0
401468198,PHX,3138196,23
401468198,PHX,4278129,29
401468198,PHX,2779,33
401468198,PHX,3136193,35
401468198,PHX,3147657,36
401468198,PHX,2528693,25
401468198,PHX,3146557,17
401468198,PHX,3064230,15
401468198,PHX,4397235,1
401468198,PHX,2595209,12
401468198,PHX,3914044,13
401468198,PHX,4065663,1
401468198,PHX,3032978,0
401468198,PHX,6427,0
401468198,LAC,4251,34
401468198,LAC,6462,31
401468198,LAC,4017837,21
401468198,LAC,6443,24
401468198,LAC,2595516,21
401468198,LAC,2490620,14
401468198,LAC,3416,14
401468198,LAC,6450,21
401468198,LAC,4397126,3
401468198,LAC,4237,21
401468198,LAC,3907823,9
401468198,LAC,3913174,18
401468198,LAC,4066387,3
401468198,LAC,4397916,3
401468198,LAC,4432162,3
401468199,IND,4397189,25
401468199,IND,4432170,18
401468199,IND,2990984,28
401468199,IND,4396909,17
401468199,IND,4396993,31
401468199,IND,4279815,15
401468199,IND,4278031,7
401468199,IND,4348700,21
401468199,IND,4592402,16
401468199,IND,2530530,15
401468199,IND,4395712,22
401468199,IND,4683634,25
401468199,IND,3999,0
401468199,IND,3133628,0
401468199,PHI,3033,20
401468199,PHI,6440,29
401468199,PHI,3059318,28
401468199,PHI,3992,35
401468199,PHI,4431678,38
401468199,PHI,2990969,21
401468199,PHI,4278562,9
401468199,PHI,2991155,20
401468199,PHI,2991055,11
401468199,PHI,3915195,6
401468199,PHI,3929325,2
401468199,PHI,3907498,2
401468199,PHI,4066436,17
401468199,PHI,4432164,2
401468200,TOR,3149673,42
401468200,TOR,3934719,34
401468200,TOR,4431778,18
401468200,TOR,2991230,39
401468200,TOR,4277843,42
401468200,TOR,3948153,12
401468200,TOR,4397885,8
401468200,TOR,4431679,34
401468200,TOR,2578240,7
401468200,TOR,4066668,6
401468200,TOR,4017839,0
401468200,TOR,3244,0
401468200,TOR,4432907,0
401468200,TOR,4066786,0
401468200,TOR,4397251,0
401468200,MIA,6430,34
401468200,MIA,4066261,38
401468200,MIA,3012,36
401468200,MIA,4065778,30
401468200,MIA,4395725,40
401468200,MIA,3157465,16
401468200,MIA,4291678,10
401468200,MIA,2580913,10
401468200,MIA,3137259,26
401468200,MIA,2184,0
401468200,MIA,3138160,0
401468200,MIA,4278572,0
401468200,MIA,4997528,0
401468200,MIA,4066993,0
401468201,ORL,4432573,34
401468201,ORL,4566434,36
401468201,ORL,4277847,34
401468201,ORL,6619,33
401468201,ORL,4432809,29
401468201,ORL,4278052,12
401468201,ORL,4433623,21
401468201,ORL,4277919,14
401468201,ORL,4397102,20
401468201,ORL,4590530,7
401468201,ORL,3918423,0
401468201,ORL,4067858,0
401468201,NY,3064514,34
401468201,NY,4395625,38
401468201,NY,4351852,30
401468201,NY,6588,27
401468201,NY,3934672,33
401468201,NY,4278355,14
401468201,NY,4395627,14
401468201,NY,4222252,18
401468201,NY,3456,9
401468201,NY,4395724,23
401468201,NY,4277922,0
401468201,NY,2991047,0
401468201,NY,3133602,0
401468201,NY,4431823,0
401468202,BOS,4065648,35
401468202,BOS,3213,25
401468202,BOS,2990992,33
401468202,BOS,3078576,26
401468202,BOS,3917376,35
401468202,BOS,3989,5
401468202,BOS,3078284,12
401468202,BOS,3138156,5
401468202,BOS,4065804,11
401468202,BOS,4066218,18
401468202,BOS,3064560,5
401468202,BOS,2566769,22
401468202,BOS,4066354,5
401468202,CHI,4431687,15
401468202,CHI,6478,31
401468202,CHI,3978,33
401468202,CHI,3064440,32
401468202,CHI,4397002,34
401468202,CHI,3936099,15
401468202,CHI,6585,15
401468202,CHI,4065673,2
401468202,CHI,3423,17
401468202,CHI,2596112,17
401468202,CHI,2991350,18
401468202,CHI,3056245,0
401468202,CHI,4395651,9
401468202,CHI,4433159,2
401468202,CHI,4683622,0
401468203,UTAH,2489663,27
401468203,UTAH,4066336,31
401468203,UTAH,4278077,32
401468203,UTAH,3195,27
401468203,UTAH,2528426,28
401468203,UTAH,3899664,16
401468203,UTAH,3005,13
401468203,UTAH,4396991,17
401468203,UTAH,4433136,8
401468203,UTAH,3907822,20
401468203,UTAH,4277811,15
401468203,UTAH,4278039,5
401468203,UTAH,4683025,0
401468203,UTAH,4397018,0
401468203,HOU,4431828,34
401468203,HOU,4432639,34
401468203,HOU,3431,31
401468203,HOU,4397140,35
401468203,HOU,4437244,36
401468203,HOU,4871143,11
401468203,HOU,4433192,19
401468203,HOU,4376,4
401468203,HOU,4432168,4
401468203,HOU,4432176,22
401468203,HOU,3913180,12
401468203,HOU,5075393,0
401468204,BKN,3202,39
401468204,BKN,2583632,36
401468204,BKN,4278067,33
401468204,BKN,6442,39
401468204,BKN,3907387,28
401468204,BKN,2528794,23
401468204,BKN,3133838,6
401468204,BKN,4432194,15
401468204,BKN,4004,19
401468204,BKN,3136485,3
401468204,BKN,4397693,0
401468204,BKN,4432174,0
401468204,MEM,3155526,24
401468204,MEM,4593125,32
401468204,MEM,2991235,31
401468204,MEM,4066320,32
401468204,MEM,4279888,34
401468204,MEM,3906665,17
401468204,MEM,4592691,11
401468204,MEM,4593041,8
401468204,MEM,3134932,26
401468204,MEM,3135046,24
401468204,MEM,4277964,0
401468204,MEM,4585610,0
401468204,MEM,4397227,0
401468204,MEM,4432646,0
401468205,SA,4395723,34
401468205,SA,4610139,23
401468205,SA,3134908,31
401468205,SA,4395626,30
401468205,SA,4395630,33
401468205,SA,4066392,13
401468205,SA,2528588,17
401468205,SA,4066650,17
401468205,SA,3136779,0
401468205,SA,2581190,17
401468205,SA,4397008,0
401468205,SA,4702176,25
401468205,SA,2534781,0
401468205,MIN,4431671,24
401468205,MIN,3032976,31
401468205,MIN,3136195,39
401468205,MIN,3136776,31
401468205,MIN,4594268,35
401468205,MIN,2990962,9
401468205,MIN,4067325,1
401468205,MIN,4396971,13
401468205,MIN,2994526,13
401468205,MIN,3134916,17
401468205,MIN,4278541,26
401468205,MIN,4592187,0
401468206,DEN,3064290,28
401468206,DEN,4278104,26
401468206,DEN,3112335,27
401468206,DEN,2581018,30
401468206,DEN,3936299,27
401468206,DEN,3209,20
401468206,DEN,4431690,4
401468206,DEN,3442,10
401468206,DEN,4305,4
401468206,DEN,3059262,8
401468206,DEN,4065670,24
401468206,DEN,4431767,13
401468206,DEN,4576087,3
401468206,DEN,4592492,18
401468206,DEN,4230557,0
401468206,POR,2991070,36
401468206,POR,3102530,35
401468206,POR,6606,35
401468206,POR,3062679,35
401468206,POR,4351851,36
401468206,POR,4432161,4
401468206,POR,3914285,12
401468206,POR,4432446,4
401468206,POR,4395652,18
401468206,POR,4432192,10
401468206,POR,4914336,16
401468206,POR,3135047,0
401468207,DET,3593,29
401468207,DET,4432810,27
401468207,DET,4397136,27
401468207,DET,4432166,32
401468207,DET,4433218,29
401468207,DET,4277957,20
401468207,DET,4278075,3
401468207,DET,4433621,23
401468207,DET,6446,14
401468207,DET,4080610,17
401468207,DET,4683024,17
401468207,DET,2991280,0
401468207,DET,2488826,0
401468207,WSH,3134907,27
401468207,WSH,4683021,27
401468207,WSH,3102531,25
401468207,WSH,3059310,30
401468207,WSH,6580,22
401468207,WSH,4715198,3
401468207,WSH,3986,3
401468207,WSH,2581184,7
401468207,WSH,4066648,27
401468207,WSH,4278049,20
401468207,WSH,6579,29
401468207,WSH,3064447,16
401468207,WSH,4278402,2
401468207,WSH,4432356,3
401468207,WSH,4431669,0
401468208,DAL,2578185,35
401468208,DAL,2528779,35
401468208,DAL,3452,12
401468208,DAL,2580782,38
401468208,DAL,3945274,36
401468208,DAL,2960236,28
401468208,DAL,3058254,29
401468208,DAL,2968334,13
401468208,DAL,4432811,14
401468208,DAL,2531367,0
401468208,DAL,4278507,0
401468208,DAL,3138154,0
401468208,DAL,3915560,0
401468208,DAL,4868423,0
401468208,NO,4278594,33
401468208,NO,4397688,36
401468208,NO,6477,22
401468208,NO,2490149,36
401468208,NO,4277869,26
401468208,NO,2580365,24
401468208,NO,4397077,13
401468208,NO,3133601,27
401468208,NO,4869342,22
401468208,NO,2999409,0
401468208,NO,4431811,0
401468208,NO,4023,0
401468209,LAC,3416,18
401468209,LAC,4017837,35
401468209,LAC,6443,30
401468209,LAC,2595516,30
401468209,LAC,3907823,26
401468209,LAC,2490620,21
401468209,LAC,4397126,3
401468209,LAC,4237,20
401468209,LAC,3913174,29
401468209,LAC,4066387,26
401468209,LAC,4432162,3
401468209,OKC,4432813,23
401468209,OKC,4278073,37
401468209,OKC,4397020,26
401468209,OKC,4397183,28
401468209,OKC,4432819,36
401468209,OKC,4423545,20
401468209,OKC,4683018,17
401468209,OKC,4997526,10
401468209,OKC,2490089,18
401468209,OKC,3133626,25
401468209,OKC,4395702,0
401468209,OKC,4432823,0
401468210,GS,6589,29
401468210,GS,3059319,31
401468210,GS,3155535,17
401468210,GS,3975,30
401468210,GS,6475,19
401468210,GS,2327577,17
401468210,GS,4433247,15
401468210,GS,4432808,18
401468210,GS,4065733,12
401468210,GS,4277956,27
401468210,GS,4432171,25
401468210,PHX,3138196,33
401468210,PHX,4278129,25
401468210,PHX,2779,35
401468210,PHX,3136193,35
401468210,PHX,3147657,33
401468210,PHX,2528693,10
401468210,PHX,3146557,22
401468210,PHX,3064230,14
401468210,PHX,2595209,15
401468210,PHX,3914044,15
401468210,PHX,4065663,2
401468210,PHX,3032978,0
401468210,PHX,6427,0
401468210,PHX,4397235,0
401468211,ORL,4432573,37
401468211,ORL,4566434,35
401468211,ORL,4277847,33
401468211,ORL,6619,32
401468211,ORL,4432809,32
401468211,ORL,4278052,5
401468211,ORL,4433623,15
401468211,ORL,4277919,7
401468211,ORL,4397102,22
401468211,ORL,4067858,22
401468211,ORL,3918423,0
401468211,ORL,4590530,0
401468211,CLE,3912848,30
401468211,CLE,4066328,30
401468211,CLE,4432158,34
401468211,CLE,2991043,33
401468211,CLE,3908809,37
401468211,CLE,3449,19
401468211,CLE,4432822,11
401468211,CLE,3893016,31
401468211,CLE,2968361,14
401468211,CLE,3947156,0
401468211,CLE,4066405,0
401468211,CLE,3447,0
401468212,ATL,3908845,36
401468212,ATL,4065732,27
401468212,ATL,3102529,26
401468212,ATL,3907497,39
401468212,ATL,4277905,38
401468212,ATL,2284101,22
401468212,ATL,4431680,21
401468212,ATL,4701230,12
401468212,ATL,3922230,18
401468212,ATL,2579294,0
401468212,ATL,4432585,0
401468212,ATL,4277928,0
401468212,ATL,4397179,0
401468212,ATL,4578893,0
401468212,DET,3593,34
401468212,DET,4432810,27
401468212,DET,6446,32
401468212,DET,4397136,30
401468212,DET,4432166,37
401468212,DET,4277957,24
401468212,DET,4278075,5
401468212,DET,4433621,21
401468212,DET,4080610,15
401468212,DET,4683024,16
401468212,DET,2991280,0
401468212,DET,2488826,0
401468212,DET,4433218,0
401468213,CHA,4278078,38
401468213,CHA,4249,39
401468213,CHA,2488653,31
401468213,CHA,4065697,37
401468213,CHA,3133603,35
401468213,CHA,4066731,23
401468213,CHA,4702233,9
401468213,CHA,4278076,19
401468213,CHA,4683027,16
401468213,CHA,4431712,17
401468213,CHA,4576086,1
401468213,CHA,4431699,0
401468213,CHA,4701232,0
401468213,NY,3064514,40
401468213,NY,4395625,39
401468213,NY,4351852,37
401468213,NY,6588,24
401468213,NY,3934672,41
401468213,NY,4278355,13
401468213,NY,4395627,25
401468213,NY,4222252,16
401468213,NY,3456,12
401468213,NY,4395724,19
401468213,NY,4277922,0
401468213,NY,2991047,0
401468213,NY,3133602,0
401468213,NY,4431823,0
401468214,PHI,3033,31
401468214,PHI,6440,34
401468214,PHI,3059318,38
401468214,PHI,3992,36
401468214,PHI,4431678,43
401468214,PHI,2990969,14
401468214,PHI,4278562,3
401468214,PHI,2991155,15
401468214,PHI,2991055,4
401468214,PHI,4066436,22
401468214,PHI,3915195,0
401468214,PHI,3929325,0
401468214,PHI,3907498,0
401468214,PHI,4432164,0
401468214,TOR,3149673,38
401468214,TOR,3934719,34
401468214,TOR,4433134,33
401468214,TOR,2991230,39
401468214,TOR,4277843,35
401468214,TOR,3948153,17
401468214,TOR,4397885,4
401468214,TOR,4431679,21
401468214,TOR,2578240,6
401468214,TOR,4431778,11
401468214,TOR,4017839,0
401468214,TOR,3244,0
401468214,TOR,4432907,0
401468214,TOR,4066668,0
401468215,BKN,3202,39
401468215,BKN,2583632,37
401468215,BKN,4278067,23
401468215,BKN,6442,39
401468215,BKN,3907387,34
401468215,BKN,4397693,1
401468215,BKN,2528794,21
401468215,BKN,3133838,8
401468215,BKN,4432194,13
401468215,BKN,4004,18
401468215,BKN,3136485,6
401468215,BKN,4432174,1
401468215,MIL,3032977,38
401468215,MIL,3448,28
401468215,MIL,3995,36
401468215,MIL,3133635,16
401468215,MIL,3135045,28
401468215,MIL,3064482,26
401468215,MIL,4277883,17
401468215,MIL,3438,30
401468215,MIL,4032,22
401468215,MIL,3439,0
401468215,MIL,3102533,0
401468215,MIL,4278580,0
401468215,MIL,4432179,0
401468216,IND,4397189,29
401468216,IND,3133628,24
401468216,IND,2990984,32
401468216,IND,4396909,18
401468216,IND,4396993,38
401468216,IND,4279815,6
401468216,IND,4432170,20
401468216,IND,4592402,26
401468216,IND,2530530,12
401468216,IND,4395712,9
401468216,IND,4683634,27
401468216,IND,3999,0
401468216,IND,4278031,0
401468216,IND,4348700,0
401468216,CHI,4431687,15
401468216,CHI,6478,31
401468216,CHI,3978,32
401468216,CHI,3064440,35
401468216,CHI,4397002,31
401468216,CHI,3936099,10
401468216,CHI,6585,17
401468216,CHI,3423,16
401468216,CHI,2596112,17
401468216,CHI,2991350,23
401468216,CHI,3056245,1
401468216,CHI,4395651,12
401468216,CHI,4433159,1
401468216,CHI,4065673,0
401468216,CHI,4683622,0
401468217,SA,4395723,33
401468217,SA,4610139,28
401468217,SA,3134908,29
401468217,SA,2581190,33
401468217,SA,4395626,33
401468217,SA,4066392,10
401468217,SA,2528588,24
401468217,SA,4066650,17
401468217,SA,3136779,15
401468217,SA,2534781,2
401468217,SA,4397008,16
401468217,SA,4702176,0
401468217,MIN,4431671,35
401468217,MIN,3032976,35
401468217,MIN,3136195,38
401468217,MIN,3136776,29
401468217,MIN,4594268,38
401468217,MIN,2990962,19
401468217,MIN,4396971,5
401468217,MIN,3134916,19
401468217,MIN,4278541,22
401468217,MIN,4067325,0
401468217,MIN,4592187,0
401468217,MIN,6617,0
401468217,MIN,2994526,0
401468218,HOU,3136777,20
401468218,HOU,4432639,32
401468218,HOU,3431,30
401468218,HOU,4397140,35
401468218,HOU,4437244,36
401468218,HOU,4871143,8
401468218,HOU,4431828,25
401468218,HOU,4433192,23
401468218,HOU,4376,2
401468218,HOU,4432176,12
401468218,HOU,3913180,16
401468218,HOU,4432168,0
401468218,HOU,5075393,0
401468218,UTAH,2489663,29
401468218,UTAH,4066336,34
401468218,UTAH,4278077,19
401468218,UTAH,3195,28
401468218,UTAH,2528426,29
401468218,UTAH,3899664,6
401468218,UTAH,3005,16
401468218,UTAH,4396991,28
401468218,UTAH,4433136,11
401468218,UTAH,3907822,30
401468218,UTAH,4277811,10
401468218,UTAH,4683025,0
401468218,UTAH,4278039,0
401468218,UTAH,4397018,0
401468220,MIA,6430,28
401468220,MIA,3138160,29
401468220,MIA,4066261,28
401468220,MIA,3012,26
401468220,MIA,4395725,28
401468220,MIA,2184,2
401468220,MIA,3157465,19
401468220,MIA,4291678,6
401468220,MIA,4997528,14
401468220,MIA,2580913,5
401468220,MIA,3137259,20
401468220,MIA,4065778,28
401468220,MIA,4066993,6
401468220,POR,2991070,28
401468220,POR,3102530,26
401468220,POR,6606,26
401468220,POR,3062679,31
401468220,POR,4351851,30
401468220,POR,3135047,25
401468220,POR,4432161,8
401468220,POR,3914285,11
401468220,POR,4432446,8
401468220,POR,4395652,18
401468220,POR,4432192,8
401468220,POR,4914336,21
401468219,LAL,1966,35
401468219,LAL,6583,36
401468219,LAL,3964,29
401468219,LAL,4066457,26
401468219,LAL,4277890,30
401468219,LAL,3908336,9
401468219,LAL,4066264,3
401468219,LAL,4278508,28
401468219,LAL,4401416,10
401468219,LAL,3064559,12
401468219,LAL,3056247,19
401468219,LAL,4432582,3
401468219,DEN,3064290,29
401468219,DEN,3112335,35
401468219,DEN,2581018,25
401468219,DEN,3936299,28
401468219,DEN,4065670,33
401468219,DEN,3209,22
401468219,DEN,4065653,3
401468219,DEN,4431690,3
401468219,DEN,4230557,3
401468219,DEN,3442,10
401468219,DEN,4305,3
401468219,DEN,3059262,3
401468219,DEN,4431767,25
401468219,DEN,4576087,3
401468219,DEN,4592492,17
401468221,DAL,2578185,40
401468221,DAL,2528779,42
401468221,DAL,3452,12
401468221,DAL,2580782,28
401468221,DAL,3945274,41
401468221,DAL,2960236,33
401468221,DAL,3058254,24
401468221,DAL,2528210,30
401468221,DAL,2968334,3
401468221,DAL,4432811,13
401468221,DAL,2531367,0
401468221,DAL,4278507,0
401468221,DAL,3138154,0
401468221,DAL,3915560,0
401468221,DAL,4868423,0
401468221,BKN,3202,41
401468221,BKN,2583632,41
401468221,BKN,4278067,29
401468221,BKN,6442,42
401468221,BKN,3907387,37
401468221,BKN,3133838,22
401468221,BKN,4004,17
401468221,BKN,3136485,15
401468221,BKN,4397107,21
401468221,BKN,4397693,0
401468221,BKN,4432194,0
401468221,BKN,4432174,0
401468222,LAC,4251,31
401468222,LAC,4017837,34
401468222,LAC,6443,37
401468222,LAC,2595516,31
401468222,LAC,3907823,21
401468222,LAC,2490620,15
401468222,LAC,3416,21
401468222,LAC,4433249,2
401468222,LAC,4397126,2
401468222,LAC,4237,21
401468222,LAC,3913174,17
401468222,LAC,4066387,6
401468222,LAC,4432162,2
401468222,OKC,4432813,15
401468222,OKC,4278073,34
401468222,OKC,4397020,34
401468222,OKC,4397183,35
401468222,OKC,4432819,22
401468222,OKC,4423545,22
401468222,OKC,4683018,26
401468222,OKC,4997526,13
401468222,OKC,2490089,12
401468222,OKC,3133626,26
401468222,OKC,4395702,1
401468222,OKC,4066317,0
401468222,OKC,4432823,0
401468223,MIA,6430,37
401468223,MIA,3138160,29
401468223,MIA,4066261,38
401468223,MIA,3012,33
401468223,MIA,4395725,32
401468223,MIA,3157465,13
401468223,MIA,4997528,8
401468223,MIA,3137259,18
401468223,MIA,4065778,32
401468223,MIA,2184,0
401468223,MIA,4278572,0
401468223,MIA,4291678,0
401468223,MIA,2580913,0
401468223,MIA,4066993,0
401468223,GS,6589,30
401468223,GS,3059319,37
401468223,GS,3155535,29
401468223,GS,3975,37
401468223,GS,6475,29
401468223,GS,2327577,18
401468223,GS,4432808,14
401468223,GS,4065733,8
401468223,GS,4277956,21
401468223,GS,4432171,17
401468223,GS,4433247,0
401468223,GS,4433246,0
401468223,GS,4591725,0
401468224,MEM,3155526,26
401468224,MEM,4593125,30
401468224,MEM,2991235,24
401468224,MEM,4066320,33
401468224,MEM,4279888,32
401468224,MEM,3906665,23
401468224,MEM,4585610,0
401468224,MEM,4592691,30
401468224,MEM,4593041,18
401468224,MEM,3135046,24
401468224,MEM,4432646,1
401468224,MEM,4277964,0
401468224,MEM,4397227,0
401468224,SAC,6578,37
401468224,SAC,3155942,31
401468224,SAC,4594327,39
401468224,SAC,4066259,35
401468224,SAC,4066372,19
401468224,SAC,3914283,14
401468224,SAC,2993370,8
401468224,SAC,3919347,6
401468224,SAC,4278521,1
401468224,SAC,2596107,3
401468224,SAC,2489716,1
401468224,SAC,3919454,11
401468224,SAC,4066262,22
401468224,SAC,4278053,12
401468224,SAC,3136196,0
401468225,ATL,3908845,25
401468225,ATL,4065732,18
401468225,ATL,3102529,23
401468225,ATL,3907497,32
401468225,ATL,4277905,30
401468225,ATL,2284101,26
401468225,ATL,2579294,3
401468225,ATL,4431680,22
401468225,ATL,4432585,6
401468225,ATL,4701230,21
401468225,ATL,3922230,28
401468225,ATL,4065656,2
401468225,ATL,4397179,3
401468225,ATL,4578893,2
401468225,DET,3593,30
401468225,DET,4432810,29
401468225,DET,4397136,30
401468225,DET,4432166,33
401468225,DET,4433218,23
401468225,DET,4277957,15
401468225,DET,4278075,3
401468225,DET,4433621,23
401468225,DET,6446,16
401468225,DET,2488826,3
401468225,DET,4080610,15
401468225,DET,4683024,19
401468225,DET,2991280,0
401468226,CHA,4278078,22
401468226,CHA,4249,26
401468226,CHA,2488653,21
401468226,CHA,4065697,27
401468226,CHA,3133603,22
401468226,CHA,4431699,6
401468226,CHA,4066731,22
401468226,CHA,4702233,14
401468226,CHA,4278076,20
401468226,CHA,4701232,7
401468226,CHA,4683027,21
401468226,CHA,4431712,26
401468226,CHA,4576086,5
401468226,ORL,4432573,27
401468226,ORL,4566434,23
401468226,ORL,4277847,26
401468226,ORL,4397102,27
401468226,ORL,6619,24
401468226,ORL,4278052,29
401468226,ORL,4433623,24
401468226,ORL,3918423,13
401468226,ORL,4277919,17
401468226,ORL,4067858,6
401468226,ORL,4590530,25
401468227,CLE,3912848,39
401468227,CLE,4066328,40
401468227,CLE,4432158,42
401468227,CLE,2991043,43
401468227,CLE,3908809,46
401468227,CLE,3449,21
401468227,CLE,4432822,5
401468227,CLE,3893016,22
401468227,CLE,2968361,7
401468227,CLE,4066405,0
401468227,CLE,3447,0
401468227,BOS,4065648,42
401468227,BOS,3213,41
401468227,BOS,2990992,38
401468227,BOS,3078576,22
401468227,BOS,3917376,43
401468227,BOS,3989,12
401468227,BOS,3078284,7
401468227,BOS,4065804,12
401468227,BOS,3064560,26
401468227,BOS,2566769,22
401468227,BOS,3138156,0
401468227,BOS,4066218,0
401468227,BOS,4066354,0
401468228,PHI,3033,23
401468228,PHI,6440,28
401468228,PHI,3992,34
401468228,PHI,4066436,31
401468228,PHI,4431678,40
401468228,PHI,2990969,20
401468228,PHI,4278562,2
401468228,PHI,2991155,11
401468228,PHI,2991055,17
401468228,PHI,3915195,9
401468228,PHI,3929325,2
401468228,PHI,3907498,22
401468228,PHI,4432164,2
401468228,PHI,3059318,0
401468228,TOR,3149673,36
401468228,TOR,3934719,36
401468228,TOR,4433134,29
401468228,TOR,2991230,34
401468228,TOR,4277843,33
401468228,TOR,4017839,3
401468228,TOR,3244,5
401468228,TOR,3948153,22
401468228,TOR,4397885,9
401468228,TOR,4431679,15
401468228,TOR,4432907,3
401468228,TOR,4431778,10
401468228,TOR,4066668,5
401468228,TOR,2578240,0
401468229,IND,4397189,31
401468229,IND,3133628,32
401468229,IND,2990984,33
401468229,IND,4396909,30
401468229,IND,4396993,36
401468229,IND,4432170,12
401468229,IND,4348700,2
401468229,IND,4592402,12
401468229,IND,2530530,12
401468229,IND,4395712,16
401468229,IND,4683634,23
401468229,IND,3999,0
401468229,IND,4279815,0
401468229,IND,4278031,0
401468229,WSH,3134907,37
401468229,WSH,4683021,20
401468229,WSH,3102531,31
401468229,WSH,3059310,31
401468229,WSH,6580,37
401468229,WSH,4715198,1
401468229,WSH,2581184,4
401468229,WSH,4066648,25
401468229,WSH,4278049,15
401468229,WSH,4431669,1
401468229,WSH,6579,29
401468229,WSH,4278707,1
401468229,WSH,4432356,7
401468229,WSH,3986,0
401468229,WSH,4278402,0
401468230,NY,3064514,31
401468230,NY,4395625,36
401468230,NY,4351852,20
401468230,NY,6588,20
401468230,NY,3934672,33
401468230,NY,4278355,17
401468230,NY,4395627,12
401468230,NY,4222252,28
401468230,NY,4277922,0
401468230,NY,3456,15
401468230,NY,4395724,28
401468230,NY,4431823,0
401468230,NY,2991047,0
401468230,NY,3133602,0
401468230,MIL,3032977,39
401468230,MIL,3448,33
401468230,MIL,3995,32
401468230,MIL,3133635,33
401468230,MIL,3135045,29
401468230,MIL,3439,5
401468230,MIL,3064482,25
401468230,MIL,4277883,12
401468230,MIL,3438,27
401468230,MIL,4032,4
401468230,MIL,3102533,0
401468230,MIL,4278580,0
401468230,MIL,4432179,0
401468231,LAL,1966,37
401468231,LAL,4278508,32
401468231,LAL,3064559,24
401468231,LAL,3964,30
401468231,LAL,4277890,24
401468231,LAL,4066264,21
401468231,LAL,3468,33
401468231,LAL,3056247,12
401468231,LAL,4066457,27
401468231,LAL,6583,0
401468231,LAL,3908336,0
401468231,LAL,4432582,0
401468231,MIN,4431671,29
401468231,MIN,3032976,37
401468231,MIN,3136195,37
401468231,MIN,3136776,31
401468231,MIN,4594268,38
401468231,MIN,2990962,26
401468231,MIN,6617,13
401468231,MIN,2994526,9
401468231,MIN,4278541,20
401468231,MIN,4067325,0
401468231,MIN,4396971,0
401468231,MIN,3134916,0
401468232,CHI,4431687,20
401468232,CHI,6478,25
401468232,CHI,3978,36
401468232,CHI,2991350,24
401468232,CHI,4397002,20
401468232,CHI,3936099,16
401468232,CHI,6585,23
401468232,CHI,3423,22
401468232,CHI,2596112,24
401468232,CHI,4395651,31
401468232,CHI,4065673,0
401468232,CHI,3056245,0
401468232,CHI,4433159,0
401468232,SA,4395723,35
401468232,SA,4610139,31
401468232,SA,3134908,30
401468232,SA,2581190,31
401468232,SA,4395626,33
401468232,SA,4066392,6
401468232,SA,2528588,27
401468232,SA,4066650,18
401468232,SA,3136779,15
401468232,SA,4683935,15
401468232,SA,4565201,0
401468232,SA,2534781,0
401468232,SA,4397008,0
401468233,UTAH,2489663,20
401468233,UTAH,4066336,26
401468233,UTAH,4278077,28
401468233,UTAH,3195,23
401468233,UTAH,2528426,22
401468233,UTAH,4683025,15
401468233,UTAH,4396991,21
401468233,UTAH,4066299,8
401468233,UTAH,4066399,8
401468233,UTAH,3907822,22
401468233,UTAH,4277811,17
401468233,UTAH,4278039,8
401468233,UTAH,4397018,19
401468233,DEN,3064290,21
401468233,DEN,4278104,30
401468233,DEN,3112335,25
401468233,DEN,3936299,21
401468233,DEN,4065670,30
401468233,DEN,3209,25
401468233,DEN,4065653,1
401468233,DEN,4431690,2
401468233,DEN,4230557,2
401468233,DEN,3442,21
401468233,DEN,4305,3
401468233,DEN,4431767,32
401468233,DEN,4576087,2
401468233,DEN,4592492,24
401468235,HOU,4432639,32
401468235,HOU,4871144,25
401468235,HOU,3431,33
401468235,HOU,4397140,35
401468235,HOU,4437244,32
401468235,HOU,4871143,5
401468235,HOU,3136777,18
401468235,HOU,4431828,17
401468235,HOU,4433192,15
401468235,HOU,4432168,1
401468235,HOU,4432176,13
401468235,HOU,3913180,14
401468235,HOU,4376,0
401468235,HOU,5075393,0
401468235,POR,2991070,35
401468235,POR,3102530,32
401468235,POR,3062679,34
401468235,POR,4351851,38
401468235,POR,4914336,29
401468235,POR,3135047,24
401468235,POR,4432161,1
401468235,POR,3914285,14
401468235,POR,4432446,1
401468235,POR,4395652,15
401468235,POR,4432192,17
401468235,POR,6606,0
401468234,NO,4278594,35
401468234,NO,4397688,33
401468234,NO,6477,31
401468234,NO,2490149,35
401468234,NO,4277869,29
401468234,NO,2580365,14
401468234,NO,2999409,8
401468234,NO,4397077,8
401468234,NO,3133601,28
401468234,NO,4431811,2
401468234,NO,4023,17
401468234,PHX,3138196,27
401468234,PHX,4278129,8
401468234,PHX,2779,31
401468234,PHX,3136193,33
401468234,PHX,3147657,31
401468234,PHX,2528693,17
401468234,PHX,6427,23
401468234,PHX,3146557,17
401468234,PHX,3064230,17
401468234,PHX,4397235,2
401468234,PHX,2595209,16
401468234,PHX,3914044,17
401468234,PHX,4065663,2
401468234,PHX,3032978,0
401468236,MIA,6430,37
401468236,MIA,3138160,26
401468236,MIA,4066261,38
401468236,MIA,3012,37
401468236,MIA,4395725,35
401468236,MIA,2184,8
401468236,MIA,3157465,5
401468236,MIA,4997528,1
401468236,MIA,3137259,20
401468236,MIA,4065778,34
401468236,MIA,4291678,0
401468236,MIA,4066993,0
401468236,SAC,6578,34
401468236,SAC,3155942,23
401468236,SAC,4594327,36
401468236,SAC,4066259,36
401468236,SAC,4066372,38
401468236,SAC,2993370,21
401468236,SAC,3136196,18
401468236,SAC,4278521,0
401468236,SAC,2596107,3
401468236,SAC,3919454,5
401468236,SAC,4066262,14
401468236,SAC,4278053,12
401468236,SAC,3914283,0
401468236,SAC,3919347,0
401468236,SAC,2489716,0
401468237,GS,6589,35
401468237,GS,3059319,41
401468237,GS,3155535,28
401468237,GS,3975,39
401468237,GS,6475,32
401468237,GS,2327577,17
401468237,GS,4433247,3
401468237,GS,4432808,5
401468237,GS,4065733,16
401468237,GS,4277956,37
401468237,GS,4432171,14
401468237,GS,4433246,0
401468237,GS,4591725,0
401468237,CHA,4278078,40
401468237,CHA,4249,35
401468237,CHA,2488653,23
401468237,CHA,4065697,37
401468237,CHA,3133603,38
401468237,CHA,4066731,32
401468237,CHA,4702233,9
401468237,CHA,4278076,20
401468237,CHA,4683027,16
401468237,CHA,4431712,15
401468237,CHA,4431699,0
401468237,CHA,4701232,0
401468237,CHA,4576086,0
401468238,IND,4397189,34
401468238,IND,4432170,32
401468238,IND,4592402,23
401468238,IND,2990984,38
401468238,IND,4396993,33
401468238,IND,3999,14
401468238,IND,4279815,0
401468238,IND,4278031,3
401468238,IND,4348700,13
401468238,IND,4395712,17
401468238,IND,4683634,33
401468238,IND,3133628,0
401468238,IND,2530530,0
401468238,IND,4396909,0
401468238,BKN,3202,39
401468238,BKN,2583632,38
401468238,BKN,4278067,22
401468238,BKN,6442,40
401468238,BKN,3907387,36
401468238,BKN,6461,5
401468238,BKN,2528794,24
401468238,BKN,3133838,13
401468238,BKN,4004,7
401468238,BKN,2326307,18
401468238,BKN,4397693,0
401468238,BKN,4432194,0
401468238,BKN,3136485,0
401468238,BKN,4432174,0
401468239,PHI,3033,23
401468239,PHI,6440,31
401468239,PHI,3059318,32
401468239,PHI,3992,36
401468239,PHI,4431678,29
401468239,PHI,2990969,18
401468239,PHI,2991155,10
401468239,PHI,2991055,12
401468239,PHI,3915195,7
401468239,PHI,3907498,21
401468239,PHI,4066436,22
401468239,PHI,4278562,0
401468239,PHI,3929325,0
401468239,PHI,4432164,0
401468239,CHI,4431687,32
401468239,CHI,6478,36
401468239,CHI,3978,34
401468239,CHI,2991350,35
401468239,CHI,3064440,34
401468239,CHI,3936099,12
401468239,CHI,3423,13
401468239,CHI,2596112,19
401468239,CHI,4395651,22
401468239,CHI,4433159,3
401468239,CHI,4065673,0
401468239,CHI,4683622,0
401468239,CHI,3056245,0
401468240,ATL,3908845,31
401468240,ATL,4065732,31
401468240,ATL,3102529,29
401468240,ATL,3907497,34
401468240,ATL,4277905,36
401468240,ATL,2284101,13
401468240,ATL,4431680,19
401468240,ATL,4432585,5
401468240,ATL,4701230,17
401468240,ATL,3922230,24
401468240,ATL,2579294,0
401468240,ATL,4277928,0
401468240,ATL,4397179,0
401468240,ATL,4578893,0
401468240,MIL,3032977,33
401468240,MIL,3448,34
401468240,MIL,3995,37
401468240,MIL,3133635,26
401468240,MIL,3135045,20
401468240,MIL,3439,11
401468240,MIL,3064482,24
401468240,MIL,4432179,7
401468240,MIL,4277883,15
401468240,MIL,3438,17
401468240,MIL,4032,18
401468240,MIL,3102533,0
401468240,MIL,4278580,0
401468241,OKC,4683018,24
401468241,OKC,4278073,41
401468241,OKC,4397020,40
401468241,OKC,4397183,28
401468241,OKC,4432819,26
401468241,OKC,4066410,9
401468241,OKC,4423545,26
401468241,OKC,4432813,5
401468241,OKC,2490089,12
401468241,OKC,3133626,18
401468241,OKC,4395702,9
401468241,OKC,4593803,27
401468241,OKC,4432823,0
401468241,OKC,4997526,0
401468241,DAL,2531367,18
401468241,DAL,2578185,35
401468241,DAL,2528779,38
401468241,DAL,2580782,35
401468241,DAL,3945274,40
401468241,DAL,2960236,28
401468241,DAL,3058254,29
401468241,DAL,4278507,0
401468241,DAL,2528210,22
401468241,DAL,4432811,15
401468241,DAL,4868423,4
401468241,DAL,2968334,0
401468241,DAL,3138154,0
401468241,DAL,3915560,0
401468242,MEM,3155526,29
401468242,MEM,4593125,30
401468242,MEM,2991235,19
401468242,MEM,3135046,33
401468242,MEM,4066320,34
401468242,MEM,3906665,15
401468242,MEM,4277964,11
401468242,MEM,4593041,27
401468242,MEM,3134932,28
401468242,MEM,4432646,14
401468242,MEM,4585610,0
401468242,MEM,4397227,0
401468242,UTAH,2489663,34
401468242,UTAH,4066336,38
401468242,UTAH,4278077,23
401468242,UTAH,2528426,33
401468242,UTAH,4277811,32
401468242,UTAH,4396991,10
401468242,UTAH,3907822,32
401468242,UTAH,4278039,21
401468242,UTAH,4397018,18
401468242,UTAH,4683025,0
401468242,UTAH,4066299,0
401468242,UTAH,4066399,0
401468242,UTAH,4432817,0
401468243,NO,4278594,39
401468243,NO,4395628,31
401468243,NO,4397688,37
401468243,NO,6477,24
401468243,NO,2490149,32
401468243,NO,2580365,23
401468243,NO,4397077,8
401468243,NO,3133601,24
401468243,NO,4431811,1
401468243,NO,4023,4
401468243,NO,4277869,19
401468243,NO,2999409,0
401468243,LAC,4251,28
401468243,LAC,6462,27
401468243,LAC,4017837,23
401468243,LAC,6443,27
401468243,LAC,3907823,22
401468243,LAC,3416,16
401468243,LAC,4433249,5
401468243,LAC,4397126,5
401468243,LAC,4237,21
401468243,LAC,2595516,25
401468243,LAC,3913174,23
401468243,LAC,4066387,14
401468243,LAC,4432162,5
401468244,WSH,3134907,28
401468244,WSH,4683021,11
401468244,WSH,3102531,28
401468244,WSH,3059310,27
401468244,WSH,6580,37
401468244,WSH,4715198,5
401468244,WSH,3986,5
401468244,WSH,2581184,19
401468244,WSH,4066648,22
401468244,WSH,4278049,10
401468244,WSH,6579,14
401468244,WSH,4278402,18
401468244,WSH,4278707,5
401468244,WSH,4432356,8
401468244,WSH,4431669,0
401468244,BOS,4065648,27
401468244,BOS,3213,24
401468244,BOS,2990992,29
401468244,BOS,3078576,24
401468244,BOS,3917376,30
401468244,BOS,3078284,5
401468244,BOS,3138156,4
401468244,BOS,4065804,23
401468244,BOS,4066218,25
401468244,BOS,3064560,19
401468244,BOS,2566769,23
401468244,BOS,4066354,7
401468244,BOS,3989,0
401468245,NY,3064514,33
401468245,NY,4395625,33
401468245,NY,4351852,21
401468245,NY,6588,28
401468245,NY,3934672,34
401468245,NY,4278355,15
401468245,NY,4395627,16
401468245,NY,4222252,27
401468245,NY,3456,14
401468245,NY,4395724,19
401468245,NY,4277922,0
401468245,NY,2991047,0
401468245,NY,3133602,0
401468245,NY,4431823,0
401468245,CLE,3912848,33
401468245,CLE,4066328,26
401468245,CLE,4432158,34
401468245,CLE,2991043,29
401468245,CLE,3908809,37
401468245,CLE,3449,22
401468245,CLE,3947156,0
401468245,CLE,4066405,0
401468245,CLE,4432822,22
401468245,CLE,3893016,15
401468245,CLE,3447,9
401468245,CLE,2968361,11
401468246,GS,6589,26
401468246,GS,3059319,25
401468246,GS,3155535,22
401468246,GS,3975,35
401468246,GS,4277956,36
401468246,GS,2327577,16
401468246,GS,4066790,9
401468246,GS,4433247,19
401468246,GS,4432808,13
401468246,GS,4065733,14
401468246,GS,4432171,24
401468246,GS,4433246,1
401468246,GS,4591725,1
401468246,GS,6475,0
401468246,DET,3593,35
401468246,DET,4432810,33
401468246,DET,4397136,35
401468246,DET,4432166,39
401468246,DET,4433218,31
401468246,DET,4277957,17
401468246,DET,4433621,15
401468246,DET,6446,5
401468246,DET,4080610,12
401468246,DET,4683024,18
401468246,DET,4066240,0
401468246,DET,4278075,0
401468246,DET,2991280,0
401468246,DET,2488826,0
401468247,MIN,4431671,35
401468247,MIN,3032976,27
401468247,MIN,3136195,34
401468247,MIN,3136776,28
401468247,MIN,4594268,36
401468247,MIN,2990962,23
401468247,MIN,2993874,13
401468247,MIN,4396971,9
401468247,MIN,6617,5
401468247,MIN,2994526,19
401468247,MIN,4278541,10
401468247,MIN,4067325,0
401468247,SA,4395723,38
401468247,SA,3136779,23
401468247,SA,3134908,34
401468247,SA,4397008,34
401468247,SA,4395626,32
401468247,SA,2528588,25
401468247,SA,4066650,23
401468247,SA,4565201,19
401468247,SA,2534781,4
401468247,SA,4683935,8
401468247,SA,4066392,0
401468248,ORL,4432573,32
401468248,ORL,4566434,35
401468248,ORL,4277847,33
401468248,ORL,4397102,30
401468248,ORL,6619,25
401468248,ORL,4278052,25
401468248,ORL,3918423,4
401468248,ORL,4277919,17
401468248,ORL,4067858,17
401468248,ORL,4590530,21
401468248,ORL,4433623,0
401468248,DAL,2578185,29
401468248,DAL,2528779,29
401468248,DAL,3452,9
401468248,DAL,2580782,32
401468248,DAL,3945274,37
401468248,DAL,2531367,12
401468248,DAL,2960236,25
401468248,DAL,3058254,24
401468248,DAL,2528210,27
401468248,DAL,4432811,17
401468248,DAL,4278507,0
401468248,DAL,2968334,0
401468248,DAL,3138154,0
401468248,DAL,3915560,0
401468248,DAL,4868423,0
401468249,HOU,3136777,30
401468249,HOU,4432639,25
401468249,HOU,4871144,29
401468249,HOU,4397140,34
401468249,HOU,4437244,31
401468249,HOU,4871143,12
401468249,HOU,4431828,24
401468249,HOU,4433192,12
401468249,HOU,4432168,13
401468249,HOU,4432176,12
401468249,HOU,3913180,17
401468249,HOU,4376,0
401468249,HOU,5075393,0
401468249,PHX,3138196,31
401468249,PHX,6427,22
401468249,PHX,2779,31
401468249,PHX,3136193,35
401468249,PHX,3147657,33
401468249,PHX,2528693,18
401468249,PHX,3146557,23
401468249,PHX,3064230,17
401468249,PHX,4397235,1
401468249,PHX,2595209,12
401468249,PHX,3914044,15
401468249,PHX,4065663,1
401468249,PHX,3032978,0
401468250,DEN,3064290,31
401468250,DEN,4278104,28
401468250,DEN,3112335,36
401468250,DEN,2581018,33
401468250,DEN,3936299,32
401468250,DEN,3209,17
401468250,DEN,3442,12
401468250,DEN,4305,8
401468250,DEN,3059262,3
401468250,DEN,4065670,28
401468250,DEN,4431767,13
401468250,DEN,4431690,0
401468250,DEN,4230557,0
401468250,DEN,4576087,0
401468250,DEN,4592492,0
401468250,LAL,1966,35
401468250,LAL,6583,37
401468250,LAL,4278508,26
401468250,LAL,3964,21
401468250,LAL,4277890,35
401468250,LAL,3908336,12
401468250,LAL,4066264,9
401468250,LAL,3064559,2
401468250,LAL,3468,32
401468250,LAL,3056247,3
401468250,LAL,4066457,28
401468250,LAL,4431785,0
401468250,LAL,4432582,0
401468251,SAC,6578,37
401468251,SAC,3155942,31
401468251,SAC,4594327,32
401468251,SAC,4066259,9
401468251,SAC,4066372,36
401468251,SAC,2993370,12
401468251,SAC,3136196,21
401468251,SAC,4278521,0
401468251,SAC,2596107,2
401468251,SAC,2489716,8
401468251,SAC,3919454,4
401468251,SAC,4066262,15
401468251,SAC,4278053,31
401468251,SAC,3914283,0
401468251,CHA,4278078,37
401468251,CHA,4249,34
401468251,CHA,2488653,28
401468251,CHA,4065697,37
401468251,CHA,3133603,25
401468251,CHA,4066731,27
401468251,CHA,4702233,5
401468251,CHA,4278076,19
401468251,CHA,4683027,11
401468251,CHA,4431712,16
401468251,CHA,4431699,0
401468251,CHA,4701232,0
401468251,CHA,4576086,0
401468252,PHI,3033,32
401468252,PHI,6440,34
401468252,PHI,3992,38
401468252,PHI,4066436,33
401468252,PHI,4431678,34
401468252,PHI,2990969,14
401468252,PHI,4278562,2
401468252,PHI,2991155,15
401468252,PHI,2991055,14
401468252,PHI,3915195,7
401468252,PHI,3907498,16
401468252,PHI,3929325,0
401468252,PHI,4432164,0
401468252,WSH,2581184,26
401468252,WSH,3134907,33
401468252,WSH,3102531,35
401468252,WSH,3059310,35
401468252,WSH,6580,38
401468252,WSH,3986,3
401468252,WSH,4066648,18
401468252,WSH,4278049,11
401468252,WSH,4683021,17
401468252,WSH,6579,21
401468252,WSH,4432356,4
401468252,WSH,4715198,0
401468252,WSH,4431669,0
401468252,WSH,4278402,0
401468252,WSH,4278707,0
401468253,IND,4397189,26
401468253,IND,3133628,20
401468253,IND,4592402,38
401468253,IND,2990984,36
401468253,IND,4396993,33
401468253,IND,3999,18
401468253,IND,4432170,13
401468253,IND,4278031,4
401468253,IND,4348700,8
401468253,IND,2530530,16
401468253,IND,4395712,7
401468253,IND,4683634,22
401468253,IND,4279815,0
401468253,IND,4396909,0
401468253,BKN,3202,39
401468253,BKN,2583632,37
401468253,BKN,2528794,29
401468253,BKN,4278067,31
401468253,BKN,6442,43
401468253,BKN,6461,10
401468253,BKN,3133838,22
401468253,BKN,4432194,11
401468253,BKN,4004,6
401468253,BKN,3136485,12
401468253,BKN,4397693,0
401468253,BKN,4432174,0
401468254,ATL,3908845,30
401468254,ATL,4065732,22
401468254,ATL,3102529,25
401468254,ATL,3907497,31
401468254,ATL,4277905,32
401468254,ATL,2284101,24
401468254,ATL,2579294,6
401468254,ATL,4431680,16
401468254,ATL,4432585,14
401468254,ATL,4701230,11
401468254,ATL,3922230,9
401468254,ATL,4065656,6
401468254,ATL,4397179,6
401468254,ATL,4578893,6
401468254,TOR,3149673,35
401468254,TOR,3934719,32
401468254,TOR,4433134,33
401468254,TOR,4431778,21
401468254,TOR,4277843,37
401468254,TOR,4017839,5
401468254,TOR,3948153,21
401468254,TOR,4397885,5
401468254,TOR,4431679,18
401468254,TOR,4432907,5
401468254,TOR,2578240,9
401468254,TOR,4066668,9
401468254,TOR,4066786,5
401468254,TOR,4397251,3
401468254,TOR,3244,0
401468255,DET,3593,35
401468255,DET,4432810,30
401468255,DET,4397136,27
401468255,DET,4432166,36
401468255,DET,4433218,40
401468255,DET,4277957,17
401468255,DET,2991280,19
401468255,DET,4080610,20
401468255,DET,4683024,17
401468255,DET,4066240,0
401468255,DET,4278075,0
401468255,DET,6446,0
401468255,DET,2488826,0
401468255,MIL,3032977,32
401468255,MIL,3448,34
401468255,MIL,3995,37
401468255,MIL,3133635,24
401468255,MIL,3135045,20
401468255,MIL,3439,10
401468255,MIL,3064482,28
401468255,MIL,4432179,4
401468255,MIL,4277883,13
401468255,MIL,3438,17
401468255,MIL,4032,21
401468255,MIL,3102533,0
401468255,MIL,4278580,0
401468256,MEM,3155526,30
401468256,MEM,4593125,24
401468256,MEM,2991235,19
401468256,MEM,3134932,26
401468256,MEM,4279888,31
401468256,MEM,3906665,16
401468256,MEM,4277964,17
401468256,MEM,4585610,5
401468256,MEM,4593041,29
401468256,MEM,3135046,27
401468256,MEM,4397227,5
401468256,MEM,4432646,12
401468256,UTAH,2489663,21
401468256,UTAH,4066336,32
401468256,UTAH,4278077,22
401468256,UTAH,3195,30
401468256,UTAH,2528426,33
401468256,UTAH,4396991,20
401468256,UTAH,4066299,3
401468256,UTAH,4066399,3
401468256,UTAH,3907822,26
401468256,UTAH,4277811,24
401468256,UTAH,4278039,3
401468256,UTAH,4397018,21
401468257,HOU,4432639,30
401468257,HOU,4871144,30
401468257,HOU,3431,30
401468257,HOU,4397140,34
401468257,HOU,4437244,36
401468257,HOU,4871143,10
401468257,HOU,4431828,29
401468257,HOU,4433192,12
401468257,HOU,4432168,4
401468257,HOU,4432176,9
401468257,HOU,3913180,15
401468257,HOU,4376,0
401468257,HOU,5075393,0
401468257,LAC,4251,38
401468257,LAC,6462,37
401468257,LAC,4017837,32
401468257,LAC,6443,30
401468257,LAC,3913174,34
401468257,LAC,3416,16
401468257,LAC,2595516,21
401468257,LAC,3907823,15
401468257,LAC,4066387,12
401468257,LAC,4432162,5
401468257,LAC,4433249,0
401468257,LAC,4397126,0
401468257,LAC,4397916,0
401468258,CHI,4431687,30
401468258,CHI,6478,32
401468258,CHI,3978,33
401468258,CHI,3064440,37
401468258,CHI,4397002,33
401468258,CHI,3936099,16
401468258,CHI,3423,20
401468258,CHI,2596112,15
401468258,CHI,2991350,25
401468258,CHI,6585,0
401468258,CHI,4065673,0
401468258,CHI,4683622,0
401468258,CHI,3056245,0
401468258,CHI,4433159,0
401468258,BKN,3202,38
401468258,BKN,2583632,34
401468258,BKN,2528794,21
401468258,BKN,4278067,35
401468258,BKN,6442,33
401468258,BKN,4397693,1
401468258,BKN,3133838,28
401468258,BKN,4004,10
401468258,BKN,3136485,22
401468258,BKN,4397107,19
401468258,BKN,4432174,1
401468258,BKN,6461,0
401468258,BKN,4432194,0
401468259,GS,6589,32
401468259,GS,3059319,35
401468259,GS,3155535,24
401468259,GS,3975,34
401468259,GS,6475,31
401468259,GS,2327577,18
401468259,GS,4432808,9
401468259,GS,4065733,13
401468259,GS,4277956,29
401468259,GS,4432171,15
401468259,GS,4433247,0
401468259,GS,4433246,0
401468259,GS,4591725,0
401468259,MIA,6430,37
401468259,MIA,3138160,19
401468259,MIA,4066261,37
401468259,MIA,3012,37
401468259,MIA,4395725,10
401468259,MIA,3157465,26
401468259,MIA,2580913,11
401468259,MIA,3137259,31
401468259,MIA,4065778,33
401468259,MIA,2184,0
401468259,MIA,4291678,0
401468259,MIA,4997528,0
401468259,MIA,4066993,0
401468260,ORL,4432573,37
401468260,ORL,4566434,37
401468260,ORL,4277847,35
401468260,ORL,4397102,31
401468260,ORL,6619,4
401468260,ORL,4278052,13
401468260,ORL,4433623,15
401468260,ORL,4277919,13
401468260,ORL,4067858,6
401468260,ORL,4432165,28
401468260,ORL,4590530,21
401468260,ORL,3918423,0
401468260,OKC,4432813,22
401468260,OKC,4278073,33
401468260,OKC,4397020,32
401468260,OKC,4593803,22
401468260,OKC,4871145,25
401468260,OKC,4423545,18
401468260,OKC,4683018,31
401468260,OKC,4997526,17
401468260,OKC,4395702,2
401468260,OKC,4397183,13
401468260,OKC,4432819,26
401468260,OKC,4432823,0
401468260,OKC,2490089,0
401468260,OKC,3133626,0
401468261,MIN,4431671,17
401468261,MIN,3032976,32
401468261,MIN,3136195,37
401468261,MIN,3136776,23
401468261,MIN,4594268,40
401468261,MIN,2990962,17
401468261,MIN,2993874,14
401468261,MIN,4396971,16
401468261,MIN,3134916,22
401468261,MIN,4278541,22
401468261,MIN,4067325,0
401468261,MIN,6617,0
401468261,MIN,2994526,0
401468261,PHX,3138196,33
401468261,PHX,6427,30
401468261,PHX,2779,34
401468261,PHX,3136193,30
401468261,PHX,3147657,38
401468261,PHX,3032978,5
401468261,PHX,2528693,12
401468261,PHX,3146557,16
401468261,PHX,3064230,14
401468261,PHX,2595209,10
401468261,PHX,3914044,17
401468261,PHX,4397235,0
401468261,PHX,4065663,0
401468263,WSH,2581184,17
401468263,WSH,3134907,31
401468263,WSH,3102531,34
401468263,WSH,3059310,24
401468263,WSH,6580,37
401468263,WSH,4066648,33
401468263,WSH,4278049,11
401468263,WSH,4683021,29
401468263,WSH,6579,24
401468263,WSH,3986,0
401468263,WSH,4278402,0
401468263,WSH,4432356,0
401468263,PHI,3033,28
401468263,PHI,6440,34
401468263,PHI,3992,35
401468263,PHI,3907498,16
401468263,PHI,4431678,43
401468263,PHI,2990969,27
401468263,PHI,4278562,6
401468263,PHI,2991155,24
401468263,PHI,2991055,12
401468263,PHI,3915195,15
401468263,PHI,3929325,0
401468263,PHI,4066436,0
401468263,PHI,4432164,0
401468262,BOS,4065648,43
401468262,BOS,3213,40
401468262,BOS,2990992,37
401468262,BOS,3078576,32
401468262,BOS,3917376,45
401468262,BOS,4065804,10
401468262,BOS,4066218,32
401468262,BOS,3064560,3
401468262,BOS,2566769,24
401468262,BOS,3989,0
401468262,BOS,3078284,0
401468262,BOS,3138156,0
401468262,BOS,4066354,0
401468262,CLE,4066328,36
401468262,CLE,4432158,32
401468262,CLE,2991043,46
401468262,CLE,3908809,44
401468262,CLE,4396907,42
401468262,CLE,3449,15
401468262,CLE,3912848,24
401468262,CLE,4432822,8
401468262,CLE,3893016,13
401468262,CLE,3447,5
401468262,CLE,3947156,0
401468262,CLE,4066405,0
401468262,CLE,3906786,0
401468264,SAC,6578,35
401468264,SAC,3155942,37
401468264,SAC,4594327,27
401468264,SAC,4066372,38
401468264,SAC,4278053,29
401468264,SAC,2993370,11
401468264,SAC,3136196,13
401468264,SAC,2489716,20
401468264,SAC,3919454,8
401468264,SAC,4066262,22
401468264,SAC,3914283,0
401468264,SAC,4278521,0
401468264,SAC,2596107,0
401468264,MIA,3138160,30
401468264,MIA,4066261,32
401468264,MIA,3012,38
401468264,MIA,4065778,33
401468264,MIA,4395725,38
401468264,MIA,3157465,25
401468264,MIA,2580913,16
401468264,MIA,3137259,29
401468264,MIA,2184,0
401468264,MIA,4291678,0
401468264,MIA,4997528,0
401468264,MIA,4066993,0
401468265,ATL,3908845,31
401468265,ATL,4065732,35
401468265,ATL,3102529,25
401468265,ATL,3907497,38
401468265,ATL,4277905,28
401468265,ATL,2284101,15
401468265,ATL,2579294,1
401468265,ATL,4431680,19
401468265,ATL,4432585,9
401468265,ATL,4701230,12
401468265,ATL,3922230,24
401468265,ATL,4397179,1
401468265,ATL,4578893,1
401468265,ATL,4277928,0
401468265,NY,3064514,30
401468265,NY,4395625,33
401468265,NY,4351852,18
401468265,NY,6588,19
401468265,NY,3934672,31
401468265,NY,4278355,18
401468265,NY,4395627,15
401468265,NY,4222252,25
401468265,NY,3456,17
401468265,NY,4395724,29
401468265,NY,4397014,5
401468265,NY,4277922,0
401468265,NY,2991047,0
401468265,NY,3133602,0
401468265,NY,4431823,0
401468266,CHA,4278078,31
401468266,CHA,4249,16
401468266,CHA,2488653,25
401468266,CHA,4065697,32
401468266,CHA,3133603,30
401468266,CHA,4431699,6
401468266,CHA,4066731,36
401468266,CHA,4702233,13
401468266,CHA,4278076,14
401468266,CHA,4683027,16
401468266,CHA,4431712,21
401468266,CHI,4431687,33
401468266,CHI,6478,32
401468266,CHI,3978,28
401468266,CHI,3064440,32
401468266,CHI,4397002,31
401468266,CHI,3936099,16
401468266,CHI,3423,15
401468266,CHI,2596112,27
401468266,CHI,2991350,24
401468266,CHI,4433159,2
401468266,CHI,4065673,0
401468266,CHI,4683622,0
401468266,CHI,3056245,0
401468267,LAC,4251,37
401468267,LAC,6462,35
401468267,LAC,4017837,25
401468267,LAC,6443,33
401468267,LAC,3913174,24
401468267,LAC,3416,14
401468267,LAC,4397126,12
401468267,LAC,4237,15
401468267,LAC,2595516,24
401468267,LAC,3907823,15
401468267,LAC,4066387,7
401468267,LAC,4432162,0
401468267,HOU,4432639,27
401468267,HOU,4871144,33
401468267,HOU,3431,33
401468267,HOU,4397140,38
401468267,HOU,4437244,30
401468267,HOU,4871143,12
401468267,HOU,4431828,20
401468267,HOU,4433192,18
401468267,HOU,4432176,21
401468267,HOU,3913180,7
401468267,HOU,4376,0
401468267,HOU,4432168,0
401468268,DET,3593,28
401468268,DET,4432810,33
401468268,DET,4397136,35
401468268,DET,4432166,31
401468268,DET,4433218,30
401468268,DET,4066240,2
401468268,DET,4277957,17
401468268,DET,4278075,5
401468268,DET,2991280,13
401468268,DET,6446,10
401468268,DET,2488826,2
401468268,DET,4080610,11
401468268,DET,4683024,22
401468268,MIL,3032977,30
401468268,MIL,3448,27
401468268,MIL,3995,30
401468268,MIL,3133635,18
401468268,MIL,3135045,25
401468268,MIL,3439,6
401468268,MIL,3064482,24
401468268,MIL,3102533,6
401468268,MIL,4432179,16
401468268,MIL,4277883,26
401468268,MIL,3438,18
401468268,MIL,4032,15
401468269,TOR,3149673,28
401468269,TOR,3934719,24
401468269,TOR,4433134,28
401468269,TOR,4431778,23
401468269,TOR,4277843,26
401468269,TOR,4017839,8
401468269,TOR,3244,8
401468269,TOR,3948153,25
401468269,TOR,4397885,13
401468269,TOR,4431679,21
401468269,TOR,2594922,11
401468269,TOR,2578240,12
401468269,TOR,4066668,10
401468269,TOR,4066786,3
401468269,SA,4610139,10
401468269,SA,3136779,25
401468269,SA,3134908,21
401468269,SA,4397008,16
401468269,SA,4395626,22
401468269,SA,2528588,22
401468269,SA,4066650,24
401468269,SA,4565201,23
401468269,SA,4870562,10
401468269,SA,2534781,17
401468269,SA,4397886,12
401468269,SA,2581190,19
401468269,SA,4701031,21
401468270,UTAH,2489663,23
401468270,UTAH,4066336,34
401468270,UTAH,4278077,33
401468270,UTAH,3195,33
401468270,UTAH,2528426,33
401468270,UTAH,3005,13
401468270,UTAH,4396991,14
401468270,UTAH,4433136,4
401468270,UTAH,3907822,23
401468270,UTAH,4277811,31
401468270,UTAH,4066299,0
401468270,UTAH,4278039,0
401468270,UTAH,4397018,0
401468270,DAL,2578185,26
401468270,DAL,2528779,29
401468270,DAL,3452,8
401468270,DAL,2580782,35
401468270,DAL,3945274,35
401468270,DAL,2531367,19
401468270,DAL,2960236,25
401468270,DAL,3058254,23
401468270,DAL,2528210,21
401468270,DAL,4432811,19
401468270,DAL,2968334,0
401468270,DAL,3138154,0
401468270,DAL,4868423,0
401468271,MEM,3155526,30
401468271,MEM,4593125,29
401468271,MEM,2991235,34
401468271,MEM,4066320,37
401468271,MEM,4279888,32
401468271,MEM,3906665,14
401468271,MEM,4593041,19
401468271,MEM,3134932,22
401468271,MEM,3135046,24
401468271,MEM,4277964,0
401468271,MEM,4585610,0
401468271,MEM,4592691,0
401468271,MEM,4397227,0
401468271,MEM,4432646,0
401468271,POR,2991070,38
401468271,POR,3102530,35
401468271,POR,3062679,40
401468271,POR,4351851,40
401468271,POR,4914336,24
401468271,POR,3135047,23
401468271,POR,3914285,10
401468271,POR,4395652,12
401468271,POR,4432192,18
401468271,POR,4432161,0
401468271,POR,4432446,0
401468271,POR,6606,0
401468272,NO,4278594,39
401468272,NO,4395628,37
401468272,NO,4397688,40
401468272,NO,6477,22
401468272,NO,2490149,41
401468272,NO,2580365,31
401468272,NO,4397077,4
401468272,NO,3133601,18
401468272,NO,4277869,18
401468272,NO,4869342,16
401468272,NO,2999409,0
401468272,NO,4431811,0
401468272,NO,4023,0
401468272,LAL,1966,40
401468272,LAL,6583,37
401468272,LAL,4278508,27
401468272,LAL,3964,27
401468272,LAL,4277890,40
401468272,LAL,3908336,18
401468272,LAL,4066264,16
401468272,LAL,3468,25
401468272,LAL,4066457,34
401468272,LAL,4401416,0
401468272,LAL,3064559,0
401468272,LAL,3056247,0
401468272,LAL,4432582,0
401468273,GS,6589,30
401468273,GS,3059319,33
401468273,GS,3155535,29
401468273,GS,3975,38
401468273,GS,6475,34
401468273,GS,2327577,16
401468273,GS,4432808,10
401468273,GS,4065733,14
401468273,GS,4277956,24
401468273,GS,4432171,12
401468273,GS,4433247,0
401468273,GS,4433246,0
401468273,GS,4591725,0
401468273,ORL,4432573,36
401468273,ORL,4566434,37
401468273,ORL,4277847,33
401468273,ORL,4397102,19
401468273,ORL,4432165,36
401468273,ORL,4278052,27
401468273,ORL,4433623,5
401468273,ORL,4277919,6
401468273,ORL,4067858,21
401468273,ORL,4590530,20
401468273,ORL,3918423,0
401468274,DEN,3064290,36
401468274,DEN,4278104,29
401468274,DEN,3112335,36
401468274,DEN,2581018,35
401468274,DEN,3936299,33
401468274,DEN,3209,19
401468274,DEN,4431690,5
401468274,DEN,3059262,8
401468274,DEN,4065670,32
401468274,DEN,4431767,7
401468274,DEN,4230557,0
401468274,DEN,3442,0
401468274,OKC,4432813,23
401468274,OKC,4683018,28
401468274,OKC,4278073,35
401468274,OKC,4397020,31
401468274,OKC,4871145,32
401468274,OKC,4423545,13
401468274,OKC,4997526,12
401468274,OKC,2490089,13
401468274,OKC,3133626,22
401468274,OKC,4432819,17
401468274,OKC,4593803,14
401468274,OKC,4395702,0
401468274,OKC,4397183,0
401468275,CLE,3912848,23
401468275,CLE,4432822,23
401468275,CLE,4066328,32
401468275,CLE,4432158,30
401468275,CLE,2991043,30
401468275,CLE,3449,23
401468275,CLE,3947156,5
401468275,CLE,4066405,19
401468275,CLE,3893016,25
401468275,CLE,3447,5
401468275,CLE,2968361,24
401468275,DET,3593,27
401468275,DET,4432810,24
401468275,DET,4397136,32
401468275,DET,4432166,31
401468275,DET,4433218,34
401468275,DET,4277957,21
401468275,DET,4278075,18
401468275,DET,2991280,19
401468275,DET,6446,6
401468275,DET,2488826,6
401468275,DET,4080610,4
401468275,DET,4683024,18
401468276,MIA,3138160,28
401468276,MIA,4066261,34
401468276,MIA,3012,38
401468276,MIA,4065778,40
401468276,MIA,4395725,38
401468276,MIA,3157465,17
401468276,MIA,4291678,6
401468276,MIA,2580913,14
401468276,MIA,3137259,26
401468276,MIA,2184,0
401468276,MIA,4278572,0
401468276,MIA,4066993,0
401468276,IND,4397189,11
401468276,IND,3133628,31
401468276,IND,4592402,5
401468276,IND,2990984,40
401468276,IND,4396993,36
401468276,IND,4432170,17
401468276,IND,4278031,12
401468276,IND,2530530,23
401468276,IND,4395712,28
401468276,IND,4683634,37
401468276,IND,3999,0
401468276,IND,4279815,0
401468276,IND,4348700,0
401468276,IND,4396909,0
401468277,NY,3064514,37
401468277,NY,4395625,37
401468277,NY,4351852,12
401468277,NY,3934672,36
401468277,NY,4397014,15
401468277,NY,4278355,20
401468277,NY,4395627,15
401468277,NY,4222252,21
401468277,NY,4277922,5
401468277,NY,3456,7
401468277,NY,6588,14
401468277,NY,4395724,21
401468277,NY,2991047,0
401468277,NY,3133602,0
401468277,NY,4431823,0
401468277,PHI,3033,25
401468277,PHI,6440,37
401468277,PHI,2991055,29
401468277,PHI,4066436,30
401468277,PHI,4431678,39
401468277,PHI,2990969,19
401468277,PHI,4278562,18
401468277,PHI,3915195,17
401468277,PHI,3929325,11
401468277,PHI,3907498,13
401468277,PHI,2991155,0
401468277,PHI,3059318,0
401468277,PHI,3992,0
401468278,BKN,3202,33
401468278,BKN,2583632,29
401468278,BKN,2528794,24
401468278,BKN,4278067,28
401468278,BKN,3136485,25
401468278,BKN,6461,8
401468278,BKN,3133838,24
401468278,BKN,4432194,8
401468278,BKN,4004,16
401468278,BKN,4397107,13
401468278,BKN,4432174,32
401468278,WSH,2581184,28
401468278,WSH,3134907,24
401468278,WSH,3102531,26
401468278,WSH,3059310,23
401468278,WSH,6580,30
401468278,WSH,3986,8
401468278,WSH,4066648,18
401468278,WSH,4278049,10
401468278,WSH,4280151,18
401468278,WSH,4683021,22
401468278,WSH,6579,19
401468278,WSH,4278402,8
401468278,WSH,4432356,8
401468279,CHI,4431687,30
401468279,CHI,6478,35
401468279,CHI,3978,36
401468279,CHI,3064440,37
401468279,CHI,4397002,29
401468279,CHI,3936099,15
401468279,CHI,3423,19
401468279,CHI,2596112,16
401468279,CHI,2991350,23
401468279,CHI,4065673,0
401468279,CHI,3056245,0
401468279,CHI,4433159,0
401468279,BOS,4065648,40
401468279,BOS,3213,33
401468279,BOS,2990992,25
401468279,BOS,3078576,26
401468279,BOS,3917376,34
401468279,BOS,4065804,18
401468279,BOS,4066218,21
401468279,BOS,3064560,15
401468279,BOS,2566769,29
401468279,BOS,3989,0
401468279,BOS,3078284,0
401468279,BOS,3138156,0
401468279,BOS,4066354,0
401468280,CHA,4066731,21
401468280,CHA,4278078,27
401468280,CHA,2488653,22
401468280,CHA,4065697,29
401468280,CHA,3133603,25
401468280,CHA,4431699,7
401468280,CHA,4702233,26
401468280,CHA,4278076,19
401468280,CHA,4683027,19
401468280,CHA,4431712,28
401468280,CHA,4576086,17
401468280,MEM,3155526,22
401468280,MEM,4593125,21
401468280,MEM,2991235,22
401468280,MEM,4066320,24
401468280,MEM,4279888,25
401468280,MEM,3906665,16
401468280,MEM,4277964,10
401468280,MEM,4592691,19
401468280,MEM,4593041,28
401468280,MEM,3134932,21
401468280,MEM,3135046,14
401468280,MEM,4397227,7
401468280,MEM,4432646,10
401468280,MEM,4585610,0
401468281,LAC,4251,38
401468281,LAC,6462,35
401468281,LAC,4017837,36
401468281,LAC,6443,37
401468281,LAC,3913174,9
401468281,LAC,3416,20
401468281,LAC,4237,27
401468281,LAC,2595516,23
401468281,LAC,3907823,3
401468281,LAC,4066387,12
401468281,LAC,4397126,0
401468281,LAC,4432162,0
401468281,SA,4395723,34
401468281,SA,4565201,14
401468281,SA,4610139,22
401468281,SA,3134908,26
401468281,SA,4395626,33
401468281,SA,2528588,23
401468281,SA,4066650,21
401468281,SA,3136779,19
401468281,SA,2581190,22
401468281,SA,4395630,25
401468281,SA,2534781,0
401468281,SA,4701031,0
401468282,TOR,3149673,31
401468282,TOR,3934719,38
401468282,TOR,4433134,38
401468282,TOR,4431778,12
401468282,TOR,4277843,36
401468282,TOR,3244,4
401468282,TOR,3948153,30
401468282,TOR,4397885,4
401468282,TOR,4431679,27
401468282,TOR,2594922,21
401468282,TOR,4017839,0
401468282,TOR,4066668,0
401468282,TOR,4066786,0
401468282,DAL,2531367,26
401468282,DAL,2578185,31
401468282,DAL,2528779,25
401468282,DAL,2580782,38
401468282,DAL,3945274,37
401468282,DAL,2960236,17
401468282,DAL,3058254,23
401468282,DAL,3452,4
401468282,DAL,2528210,19
401468282,DAL,4432811,20
401468282,DAL,2968334,0
401468282,DAL,3138154,0
401468283,GS,3155535,25
401468283,GS,4066790,37
401468283,GS,4433247,38
401468283,GS,4277956,38
401468283,GS,4432171,32
401468283,GS,2327577,9
401468283,GS,4432808,17
401468283,GS,4065733,32
401468283,GS,4433246,4
401468283,GS,4591725,9
401468283,GS,3059319,0
401468283,NO,3913176,36
401468283,NO,4277813,29
401468283,NO,4395628,28
401468283,NO,6477,19
401468283,NO,2490149,34
401468283,NO,2580365,29
401468283,NO,4278594,9
401468283,NO,4397688,28
401468283,NO,3133601,9
401468283,NO,4277869,18
401468283,NO,2999409,0
401468283,NO,4397077,0
401468283,NO,4023,0
401468283,NO,4869342,0
401468284,MIL,3032977,34
401468284,MIL,3448,33
401468284,MIL,3995,34
401468284,MIL,3133635,20
401468284,MIL,3135045,30
401468284,MIL,3064482,30
401468284,MIL,3102533,1
401468284,MIL,4432179,18
401468284,MIL,4277883,13
401468284,MIL,3438,18
401468284,MIL,4032,10
401468284,MIL,3439,0
401468284,MIN,4431671,18
401468284,MIN,3032976,30
401468284,MIN,3136195,37
401468284,MIN,3136776,27
401468284,MIN,4594268,37
401468284,MIN,2990962,15
401468284,MIN,2993874,21
401468284,MIN,4396971,22
401468284,MIN,3134916,15
401468284,MIN,4278541,17
401468284,MIN,4067325,0
401468284,MIN,6617,0
401468284,MIN,2994526,0
401468285,POR,3135047,32
401468285,POR,2991070,39
401468285,POR,3102530,25
401468285,POR,3062679,38
401468285,POR,4914336,28
401468285,POR,3914285,23
401468285,POR,4432446,9
401468285,POR,4395652,23
401468285,POR,4432192,23
401468285,POR,4432161,0
401468285,POR,4432588,0
401468285,POR,6606,0
401468285,PHX,3138196,5
401468285,PHX,4278129,30
401468285,PHX,2779,34
401468285,PHX,3136193,38
401468285,PHX,3147657,38
401468285,PHX,3032978,9
401468285,PHX,2528693,23
401468285,PHX,6427,4
401468285,PHX,3146557,15
401468285,PHX,2595209,20
401468285,PHX,3914044,19
401468285,PHX,4065663,5
401468286,UTAH,2489663,30
401468286,UTAH,4066336,33
401468286,UTAH,4278077,25
401468286,UTAH,3195,31
401468286,UTAH,2528426,29
401468286,UTAH,3899664,1
401468286,UTAH,3005,10
401468286,UTAH,4396991,16
401468286,UTAH,4066299,1
401468286,UTAH,4433136,11
401468286,UTAH,3907822,15
401468286,UTAH,4277811,29
401468286,UTAH,4278039,8
401468286,UTAH,4397018,1
401468286,LAL,1966,34
401468286,LAL,6583,35
401468286,LAL,4278508,22
401468286,LAL,3964,28
401468286,LAL,4277890,30
401468286,LAL,3908336,10
401468286,LAL,4066264,11
401468286,LAL,4401416,15
401468286,LAL,3064559,1
401468286,LAL,3468,29
401468286,LAL,3056247,1
401468286,LAL,4066457,22
401468286,LAL,4432582,1
401468287,SAC,6578,35
401468287,SAC,3155942,38
401468287,SAC,4594327,24
401468287,SAC,4066259,40
401468287,SAC,4066372,32
401468287,SAC,3914283,11
401468287,SAC,2993370,5
401468287,SAC,3136196,30
401468287,SAC,3919454,8
401468287,SAC,4066262,29
401468287,SAC,4278053,13
401468287,SAC,4278521,0
401468287,SAC,2596107,0
401468287,SAC,2489716,0
401468287,ORL,4432573,40
401468287,ORL,4566434,40
401468287,ORL,4277847,39
401468287,ORL,4397102,37
401468287,ORL,4432165,35
401468287,ORL,4278052,23
401468287,ORL,3918423,3
401468287,ORL,6619,16
401468287,ORL,4067858,16
401468287,ORL,4590530,17
401468287,ORL,4433623,0
401468287,ORL,4277919,0
401468288,BKN,3202,37
401468288,BKN,2583632,38
401468288,BKN,2528794,31
401468288,BKN,4278067,25
401468288,BKN,3136485,18
401468288,BKN,6461,6
401468288,BKN,3133838,23
401468288,BKN,4004,13
401468288,BKN,2326307,15
401468288,BKN,4397107,4
401468288,BKN,4432174,29
401468288,BKN,4432194,0
401468288,CHA,4278078,34
401468288,CHA,2488653,30
401468288,CHA,4065697,7
401468288,CHA,3074752,36
401468288,CHA,3133603,31
401468288,CHA,4066731,28
401468288,CHA,4702233,16
401468288,CHA,4278076,18
401468288,CHA,4683027,11
401468288,CHA,4431712,29
401468288,CHA,4431699,0
401468288,CHA,4576086,0
401468289,NO,3913176,38
401468289,NO,4277813,34
401468289,NO,4395628,37
401468289,NO,6477,26
401468289,NO,2490149,41
401468289,NO,2580365,27
401468289,NO,4278594,12
401468289,NO,4397688,17
401468289,NO,3133601,11
401468289,NO,4277869,16
401468289,NO,4869342,5
401468289,NO,2999409,0
401468289,NO,4397077,0
401468289,NO,4023,0
401468289,ATL,3908845,36
401468289,ATL,4065732,39
401468289,ATL,3102529,35
401468289,ATL,3907497,42
401468289,ATL,4277905,42
401468289,ATL,2284101,16
401468289,ATL,4431680,18
401468289,ATL,4701230,15
401468289,ATL,3922230,22
401468289,ATL,2579294,0
401468289,ATL,4432585,0
401468289,ATL,4065656,0
401468289,ATL,4397179,0
401468289,ATL,4578893,0
401468290,BOS,3989,15
401468290,BOS,4065648,37
401468290,BOS,2990992,36
401468290,BOS,3078576,22
401468290,BOS,3917376,37
401468290,BOS,3078284,16
401468290,BOS,4065804,21
401468290,BOS,4066218,28
401468290,BOS,2566769,28
401468290,BOS,3138156,0
401468290,BOS,3064560,0
401468290,BOS,4066354,0
401468290,NY,3064514,40
401468290,NY,4395625,37
401468290,NY,4395627,37
401468290,NY,4222252,38
401468290,NY,3934672,33
401468290,NY,4278355,15
401468290,NY,4277922,3
401468290,NY,3456,14
401468290,NY,6588,11
401468290,NY,4395724,13
401468290,NY,2991047,0
401468290,NY,3133602,0
401468290,NY,4431823,0
401468291,OKC,4432813,18
401468291,OKC,2490089,17
401468291,OKC,4278073,32
401468291,OKC,4397020,24
401468291,OKC,4871145,26
401468291,OKC,4066410,3
401468291,OKC,4423545,19
401468291,OKC,4432823,5
401468291,OKC,4997526,22
401468291,OKC,3133626,17
401468291,OKC,4395702,15
401468291,OKC,4397183,9
401468291,OKC,4432819,14
401468291,OKC,4593803,20
401468291,MIL,3064482,29
401468291,MIL,4432179,25
401468291,MIL,3448,24
401468291,MIL,3995,29
401468291,MIL,3133635,31
401468291,MIL,3439,24
401468291,MIL,3102533,1
401468291,MIL,4277883,22
401468291,MIL,3438,21
401468291,MIL,4032,13
401468291,MIL,3135045,21
401468292,HOU,4431828,31
401468292,HOU,4871144,20
401468292,HOU,3431,27
401468292,HOU,4397140,29
401468292,HOU,4437244,29
401468292,HOU,4871143,25
401468292,HOU,4433192,24
401468292,HOU,4376,3
401468292,HOU,4432168,15
401468292,HOU,4432176,19
401468292,HOU,3913180,18
401468292,MIN,2993874,31
401468292,MIN,4431671,35
401468292,MIN,3136195,30
401468292,MIN,3136776,27
401468292,MIN,4594268,33
401468292,MIN,2990962,32
401468292,MIN,4067325,2
401468292,MIN,4396971,13
401468292,MIN,6617,0
401468292,MIN,3134916,22
401468292,MIN,4278541,16
401468292,MIN,2994526,0
401468293,SA,4395723,31
401468293,SA,4565201,23
401468293,SA,4610139,24
401468293,SA,3134908,29
401468293,SA,4395626,24
401468293,SA,4066392,16
401468293,SA,2528588,16
401468293,SA,3136779,18
401468293,SA,2534781,10
401468293,SA,2581190,19
401468293,SA,4395630,25
401468293,SA,4701031,5
401468293,DEN,3064290,23
401468293,DEN,4278104,30
401468293,DEN,3112335,27
401468293,DEN,2581018,27
401468293,DEN,3936299,23
401468293,DEN,3209,25
401468293,DEN,4230557,5
401468293,DEN,3442,17
401468293,DEN,3059262,5
401468293,DEN,4065670,20
401468293,DEN,4431767,14
401468293,DEN,4592492,25
401468294,POR,3135047,21
401468294,POR,2991070,26
401468294,POR,3102530,23
401468294,POR,3062679,32
401468294,POR,4914336,27
401468294,POR,4432161,9
401468294,POR,3914285,16
401468294,POR,4431675,16
401468294,POR,4432446,16
401468294,POR,4432588,9
401468294,POR,4395652,15
401468294,POR,4432192,31
401468294,PHX,2528693,22
401468294,PHX,4278129,16
401468294,PHX,2779,24
401468294,PHX,3136193,29
401468294,PHX,3147657,27
401468294,PHX,3032978,21
401468294,PHX,6427,14
401468294,PHX,3146557,18
401468294,PHX,4397235,5
401468294,PHX,2595209,28
401468294,PHX,3914044,19
401468294,PHX,4065663,16
401468295,CLE,4066328,28
401468295,CLE,4432158,30
401468295,CLE,2991043,30
401468295,CLE,3908809,37
401468295,CLE,4396907,39
401468295,CLE,3449,20
401468295,CLE,3912848,25
401468295,CLE,4432822,6
401468295,CLE,3893016,19
401468295,CLE,3447,6
401468295,CLE,3947156,0
401468295,CLE,4066405,0
401468295,CLE,2968361,0
401468295,LAL,1966,34
401468295,LAL,6583,33
401468295,LAL,4278508,30
401468295,LAL,3056247,18
401468295,LAL,4277890,19
401468295,LAL,3908336,17
401468295,LAL,4066264,15
401468295,LAL,4401416,12
401468295,LAL,3468,32
401468295,LAL,4066457,25
401468295,LAL,4432582,5
401468295,LAL,3064559,0
401468295,LAL,3964,0
401468296,CHI,4431687,29
401468296,CHI,6478,35
401468296,CHI,3978,37
401468296,CHI,2991350,32
401468296,CHI,4397002,38
401468296,CHI,3936099,17
401468296,CHI,3423,21
401468296,CHI,2596112,21
401468296,CHI,4433159,10
401468296,CHI,4065673,0
401468296,CHI,3056245,0
401468296,TOR,3934719,38
401468296,TOR,4433134,40
401468296,TOR,4431778,31
401468296,TOR,2991230,39
401468296,TOR,4277843,21
401468296,TOR,3244,16
401468296,TOR,3948153,22
401468296,TOR,4431679,14
401468296,TOR,2594922,19
401468296,TOR,4017839,0
401468296,TOR,4397885,0
401468296,TOR,4066668,0
401468297,WSH,3134907,34
401468297,WSH,4280151,24
401468297,WSH,4683021,26
401468297,WSH,3102531,31
401468297,WSH,3059310,33
401468297,WSH,3986,4
401468297,WSH,2581184,3
401468297,WSH,4066648,22
401468297,WSH,4278049,14
401468297,WSH,6579,24
401468297,WSH,4278402,26
401468297,MEM,3155526,30
401468297,MEM,4593125,27
401468297,MEM,2991235,22
401468297,MEM,4066320,35
401468297,MEM,4279888,33
401468297,MEM,3906665,21
401468297,MEM,4277964,4
401468297,MEM,4592691,16
401468297,MEM,4593041,16
401468297,MEM,3134932,15
401468297,MEM,3135046,19
401468297,MEM,4397227,0
401468297,MEM,4432646,0
401468298,UTAH,2489663,29
401468298,UTAH,4066336,33
401468298,UTAH,3907822,31
401468298,UTAH,3195,33
401468298,UTAH,2528426,30
401468298,UTAH,3005,16
401468298,UTAH,4396991,15
401468298,UTAH,4433136,16
401468298,UTAH,4277811,27
401468298,UTAH,4278039,9
401468298,UTAH,3899664,0
401468298,UTAH,4066299,0
401468298,UTAH,4397018,0
401468298,LAC,4251,38
401468298,LAC,6462,38
401468298,LAC,4017837,35
401468298,LAC,6443,20
401468298,LAC,3907823,30
401468298,LAC,2490620,6
401468298,LAC,3416,23
401468298,LAC,4237,28
401468298,LAC,2595516,21
401468298,LAC,4066387,1
401468298,LAC,4397126,0
401468298,LAC,4432162,0
401468299,WSH,3134907,31
401468299,WSH,4280151,19
401468299,WSH,4683021,18
401468299,WSH,3102531,31
401468299,WSH,3059310,32
401468299,WSH,3986,5
401468299,WSH,2581184,17
401468299,WSH,4066648,26
401468299,WSH,4278049,11
401468299,WSH,6579,27
401468299,WSH,4278402,21
401468299,WSH,4432356,0
401468299,CHA,4278078,30
401468299,CHA,2488653,22
401468299,CHA,4065697,34
401468299,CHA,3074752,38
401468299,CHA,3133603,29
401468299,CHA,4066731,27
401468299,CHA,4702233,10
401468299,CHA,4278076,24
401468299,CHA,4683027,5
401468299,CHA,4431712,20
401468299,CHA,4431699,0
401468299,CHA,4701232,0
401468299,CHA,4576086,0
401468300,HOU,4432639,22
401468300,HOU,4871144,29
401468300,HOU,3431,29
401468300,HOU,4397140,38
401468300,HOU,4437244,38
401468300,HOU,4871143,19
401468300,HOU,4431828,26
401468300,HOU,4433192,20
401468300,HOU,4432176,11
401468300,HOU,3913180,8
401468300,HOU,4376,0
401468300,HOU,4432168,0
401468300,HOU,4683749,0
401468300,ORL,4432573,35
401468300,ORL,4566434,33
401468300,ORL,4277847,27
401468300,ORL,4397102,21
401468300,ORL,4432165,33
401468300,ORL,4278052,16
401468300,ORL,4433623,9
401468300,ORL,4277919,20
401468300,ORL,6619,31
401468300,ORL,4067858,15
401468300,ORL,3918423,0
401468300,ORL,4590530,0
401468301,OKC,4432813,15
401468301,OKC,4278073,38
401468301,OKC,4397020,26
401468301,OKC,4593803,31
401468301,OKC,4871145,25
401468301,OKC,4423545,20
401468301,OKC,4997526,20
401468301,OKC,2490089,15
401468301,OKC,3133626,26
401468301,OKC,4432819,24
401468301,OKC,4066317,0
401468301,OKC,4432823,0
401468301,OKC,4395702,0
401468301,OKC,4397183,0
401468301,DET,3593,30
401468301,DET,4432810,26
401468301,DET,4397136,37
401468301,DET,4432166,36
401468301,DET,4433218,34
401468301,DET,4277957,21
401468301,DET,4433621,21
401468301,DET,4080610,18
401468301,DET,4683024,17
401468301,DET,4278075,0
401468301,DET,2991280,0
401468301,DET,6446,0
401468301,DET,2488826,0
401468302,NO,3913176,37
401468302,NO,4277813,29
401468302,NO,4395628,34
401468302,NO,6477,22
401468302,NO,2490149,36
401468302,NO,2580365,14
401468302,NO,4278594,6
401468302,NO,4397688,28
401468302,NO,3133601,20
401468302,NO,4277869,14
401468302,NO,2999409,0
401468302,NO,4397077,0
401468302,NO,4869342,0
401468302,IND,4397189,29
401468302,IND,3133628,37
401468302,IND,2990984,36
401468302,IND,4395712,34
401468302,IND,4396993,34
401468302,IND,4279815,6
401468302,IND,4432170,18
401468302,IND,2530530,17
401468302,IND,4683634,30
401468302,IND,3999,0
401468302,IND,4278031,0
401468302,IND,4348700,0
401468302,IND,4409222,0
401468302,IND,4396909,0
401468303,PHX,2528693,23
401468303,PHX,4278129,31
401468303,PHX,2779,14
401468303,PHX,3136193,43
401468303,PHX,3147657,44
401468303,PHX,3032978,3
401468303,PHX,6427,11
401468303,PHX,3146557,7
401468303,PHX,3064230,28
401468303,PHX,2595209,26
401468303,PHX,3914044,11
401468303,PHX,4065663,1
401468303,PHI,3033,30
401468303,PHI,6440,38
401468303,PHI,3059318,37
401468303,PHI,4066436,34
401468303,PHI,4431678,40
401468303,PHI,2990969,27
401468303,PHI,4278562,11
401468303,PHI,3915195,12
401468303,PHI,3907498,11
401468303,PHI,2991055,0
401468303,PHI,3929325,0
401468303,PHI,3992,0
401468303,PHI,4432164,0
401468304,MIL,3032977,27
401468304,MIL,3448,28
401468304,MIL,3995,29
401468304,MIL,3133635,26
401468304,MIL,3135045,28
401468304,MIL,3439,12
401468304,MIL,3064482,23
401468304,MIL,3102533,4
401468304,MIL,4278580,6
401468304,MIL,4432179,11
401468304,MIL,4277883,17
401468304,MIL,3438,17
401468304,MIL,4032,13
401468304,ATL,3908845,24
401468304,ATL,4065732,24
401468304,ATL,3102529,22
401468304,ATL,3907497,32
401468304,ATL,3922230,25
401468304,ATL,2284101,23
401468304,ATL,2579294,4
401468304,ATL,4431680,22
401468304,ATL,4432585,31
401468304,ATL,4701230,22
401468304,ATL,4065656,4
401468304,ATL,4277928,3
401468304,ATL,4397179,3
401468304,ATL,4578893,3
401468304,ATL,4277905,0
401468305,POR,2991070,35
401468305,POR,3102530,29
401468305,POR,6606,35
401468305,POR,3062679,37
401468305,POR,4351851,32
401468305,POR,3135047,29
401468305,POR,3914285,13
401468305,POR,4431675,13
401468305,POR,4395652,7
401468305,POR,4914336,12
401468305,POR,4432161,0
401468305,POR,4432446,0
401468305,POR,4432192,0
401468305,MIA,6430,33
401468305,MIA,3138160,35
401468305,MIA,4066261,33
401468305,MIA,3012,35
401468305,MIA,4065778,25
401468305,MIA,3157465,29
401468305,MIA,2580913,15
401468305,MIA,3137259,36
401468305,MIA,4291678,0
401468305,MIA,4997528,0
401468305,MIA,4066993,0
401468306,TOR,3934719,39
401468306,TOR,4433134,30
401468306,TOR,4431778,21
401468306,TOR,2991230,34
401468306,TOR,4277843,33
401468306,TOR,4017839,11
401468306,TOR,3244,10
401468306,TOR,3948153,14
401468306,TOR,4397885,10
401468306,TOR,4431679,14
401468306,TOR,2594922,17
401468306,TOR,4066668,6
401468306,CHI,4431687,25
401468306,CHI,6478,35
401468306,CHI,3978,36
401468306,CHI,3064440,32
401468306,CHI,4397002,27
401468306,CHI,3936099,13
401468306,CHI,4065673,0
401468306,CHI,3423,25
401468306,CHI,2596112,19
401468306,CHI,2991350,28
401468306,CHI,3056245,0
401468306,CHI,4433159,0
401468307,BOS,4065648,40
401468307,BOS,4066218,38
401468307,BOS,3213,32
401468307,BOS,2990992,36
401468307,BOS,3917376,38
401468307,BOS,3078284,8
401468307,BOS,4065804,11
401468307,BOS,2566769,19
401468307,BOS,3078576,18
401468307,BOS,3989,0
401468307,BOS,3138156,0
401468307,BOS,4065660,0
401468307,BOS,4066354,0
401468307,MEM,3155526,32
401468307,MEM,3906665,31
401468307,MEM,4593125,18
401468307,MEM,4066320,35
401468307,MEM,4279888,35
401468307,MEM,4277964,17
401468307,MEM,4592691,25
401468307,MEM,4593041,5
401468307,MEM,3134932,26
401468307,MEM,3135046,15
401468307,MEM,4397227,0
401468307,MEM,4432646,0
401468308,NY,3064514,33
401468308,NY,4395625,37
401468308,NY,4395627,29
401468308,NY,4277922,17
401468308,NY,3934672,34
401468308,NY,4278355,26
401468308,NY,4222252,21
401468308,NY,3456,14
401468308,NY,6588,12
401468308,NY,2991047,1
401468308,NY,3133602,1
401468308,NY,4395724,17
401468308,NY,4431823,1
401468308,MIN,2993874,25
401468308,MIN,4431671,17
401468308,MIN,3136195,38
401468308,MIN,3136776,31
401468308,MIN,4594268,37
401468308,MIN,2990962,22
401468308,MIN,4067325,3
401468308,MIN,4396971,18
401468308,MIN,6617,16
401468308,MIN,2994526,9
401468308,MIN,3134916,16
401468308,MIN,4278541,11
401468309,DEN,3064290,30
401468309,DEN,4278104,30
401468309,DEN,3112335,34
401468309,DEN,2581018,32
401468309,DEN,3936299,32
401468309,DEN,3209,18
401468309,DEN,3442,14
401468309,DEN,4065670,25
401468309,DEN,4431767,3
401468309,DEN,4592492,23
401468309,DEN,4230557,0
401468309,DEN,3059262,0
401468309,SA,4395723,36
401468309,SA,4610139,28
401468309,SA,3134908,32
401468309,SA,4395626,33
401468309,SA,4395630,34
401468309,SA,4066392,2
401468309,SA,2528588,19
401468309,SA,3136779,12
401468309,SA,4397886,16
401468309,SA,2581190,28
401468309,SA,4565201,0
401468309,SA,2534781,0
401468309,SA,4701031,0
401468310,BKN,3202,39
401468310,BKN,2583632,41
401468310,BKN,2528794,33
401468310,BKN,4278067,32
401468310,BKN,3136485,20
401468310,BKN,3133838,5
401468310,BKN,4432194,0
401468310,BKN,4004,8
401468310,BKN,2326307,13
401468310,BKN,3907387,16
401468310,BKN,4397107,4
401468310,BKN,4432174,30
401468310,BKN,6461,0
401468310,DAL,2578185,35
401468310,DAL,2528779,22
401468310,DAL,3452,3
401468310,DAL,2580782,28
401468310,DAL,3945274,38
401468310,DAL,2531367,23
401468310,DAL,2960236,29
401468310,DAL,3058254,21
401468310,DAL,2528210,14
401468310,DAL,4432811,27
401468310,DAL,4230547,0
401468310,DAL,2968334,0
401468310,DAL,3138154,0
401468310,DAL,4868423,0
401468311,SAC,6578,22
401468311,SAC,3155942,33
401468311,SAC,4594327,27
401468311,SAC,4066259,37
401468311,SAC,4066372,32
401468311,SAC,3914283,15
401468311,SAC,3136196,4
401468311,SAC,3919454,18
401468311,SAC,4066262,31
401468311,SAC,4278053,21
401468311,SAC,2993370,0
401468311,SAC,3919347,0
401468311,SAC,4278521,0
401468311,SAC,2596107,0
401468311,SAC,2489716,0
401468311,GS,6589,36
401468311,GS,3059319,40
401468311,GS,3155535,21
401468311,GS,3975,38
401468311,GS,6475,38
401468311,GS,4066790,16
401468311,GS,4433247,9
401468311,GS,4065733,12
401468311,GS,4277956,22
401468311,GS,4432171,9
401468311,GS,2327577,0
401468311,GS,4432808,0
401468312,LAL,6583,29
401468312,LAL,4066264,24
401468312,LAL,4278508,25
401468312,LAL,3056247,27
401468312,LAL,4066457,30
401468312,LAL,3908336,18
401468312,LAL,4401416,13
401468312,LAL,3064559,15
401468312,LAL,3468,24
401468312,LAL,4431785,6
401468312,LAL,4432582,29
401468312,UTAH,2489663,23
401468312,UTAH,4066336,28
401468312,UTAH,3907822,22
401468312,UTAH,3195,24
401468312,UTAH,2528426,29
401468312,UTAH,3899664,5
401468312,UTAH,4683025,5
401468312,UTAH,3005,16
401468312,UTAH,4396991,20
401468312,UTAH,4066299,4
401468312,UTAH,4433136,18
401468312,UTAH,4277811,28
401468312,UTAH,4278039,12
401468312,UTAH,4397018,6
401468313,CLE,4066328,33
401468313,CLE,4432158,34
401468313,CLE,2991043,36
401468313,CLE,3908809,39
401468313,CLE,4396907,38
401468313,CLE,3449,25
401468313,CLE,3912848,15
401468313,CLE,4432822,18
401468313,CLE,3893016,3
401468313,CLE,3947156,0
401468313,CLE,4066405,0
401468313,CLE,3447,0
401468313,CLE,2968361,0
401468313,LAC,4251,40
401468313,LAC,6462,38
401468313,LAC,4017837,33
401468313,LAC,6443,36
401468313,LAC,3907823,30
401468313,LAC,2490620,7
401468313,LAC,3416,15
401468313,LAC,2595516,28
401468313,LAC,3913174,13
401468313,LAC,4397126,0
401468313,LAC,4066387,0
401468313,LAC,4397916,0
401468313,LAC,4432162,0
401468316,DAL,2531367,19
401468316,DAL,2578185,31
401468316,DAL,2528779,26
401468316,DAL,2580782,38
401468316,DAL,3945274,35
401468316,DAL,2960236,33
401468316,DAL,3452,11
401468316,DAL,2528210,22
401468316,DAL,4432811,25
401468316,DAL,4230547,0
401468316,DAL,2968334,0
401468316,DAL,3138154,0
401468316,DAL,4868423,0
401468316,ORL,4278052,32
401468316,ORL,4566434,33
401468316,ORL,4277847,34
401468316,ORL,4397102,25
401468316,ORL,4432165,26
401468316,ORL,4433623,26
401468316,ORL,3918423,1
401468316,ORL,4277919,24
401468316,ORL,6619,30
401468316,ORL,4590530,9
401468316,ORL,4432573,0
401468314,POR,3135047,26
401468314,POR,3914285,22
401468314,POR,6606,36
401468314,POR,3062679,35
401468314,POR,4351851,33
401468314,POR,4431675,26
401468314,POR,4432446,18
401468314,POR,4395652,15
401468314,POR,4914336,29
401468314,POR,4432161,0
401468314,POR,4432588,0
401468314,POR,3102530,0
401468314,CHA,4278078,33
401468314,CHA,2488653,32
401468314,CHA,4065697,33
401468314,CHA,3074752,35
401468314,CHA,3133603,36
401468314,CHA,4066731,20
401468314,CHA,4702233,8
401468314,CHA,4278076,15
401468314,CHA,4683027,11
401468314,CHA,4431712,17
401468314,CHA,4431699,0
401468314,CHA,4701232,0
401468314,CHA,4576086,0
401468315,DEN,3064290,34
401468315,DEN,4278104,36
401468315,DEN,3112335,21
401468315,DEN,2581018,31
401468315,DEN,3936299,30
401468315,DEN,3209,18
401468315,DEN,3442,18
401468315,DEN,4065670,22
401468315,DEN,4592492,30
401468315,DEN,4431690,0
401468315,DEN,4230557,0
401468315,DEN,3059262,0
401468315,DEN,4431767,0
401468315,IND,4397189,18
401468315,IND,3133628,26
401468315,IND,2990984,34
401468315,IND,4395712,29
401468315,IND,4396993,33
401468315,IND,4432170,18
401468315,IND,4278031,12
401468315,IND,4348700,7
401468315,IND,2530530,17
401468315,IND,4396909,22
401468315,IND,4683634,25
401468315,IND,3999,0
401468315,IND,4279815,0
401468317,UTAH,2489663,21
401468317,UTAH,4066336,31
401468317,UTAH,4278077,28
401468317,UTAH,3195,29
401468317,UTAH,2528426,35
401468317,UTAH,3005,18
401468317,UTAH,4396991,19
401468317,UTAH,4433136,16
401468317,UTAH,3907822,29
401468317,UTAH,4277811,13
401468317,UTAH,3899664,0
401468317,UTAH,4066299,0
401468317,UTAH,4278039,0
401468317,ATL,3908845,28
401468317,ATL,4065732,33
401468317,ATL,3102529,26
401468317,ATL,3907497,38
401468317,ATL,4277905,36
401468317,ATL,2284101,19
401468317,ATL,4431680,20
401468317,ATL,4432585,10
401468317,ATL,4701230,20
401468317,ATL,3922230,10
401468317,ATL,2579294,0
401468317,ATL,4277928,0
401468317,ATL,4397179,0
401468317,ATL,4578893,0
401468318,DET,3593,26
401468318,DET,4432810,20
401468318,DET,4397136,33
401468318,DET,4432166,24
401468318,DET,4433218,31
401468318,DET,4277957,18
401468318,DET,4278075,6
401468318,DET,2991280,3
401468318,DET,4433621,30
401468318,DET,6446,6
401468318,DET,2488826,6
401468318,DET,4080610,14
401468318,DET,4683024,22
401468318,BOS,4065648,32
401468318,BOS,4066218,20
401468318,BOS,3213,26
401468318,BOS,2990992,23
401468318,BOS,3917376,30
401468318,BOS,3078284,6
401468318,BOS,3138156,6
401468318,BOS,4065804,32
401468318,BOS,3064560,18
401468318,BOS,2566769,14
401468318,BOS,3078576,20
401468318,BOS,4066354,13
401468318,BOS,3989,0
401468318,BOS,4065660,0
401468319,NY,3064514,31
401468319,NY,4395625,30
401468319,NY,4395627,18
401468319,NY,4277922,27
401468319,NY,3934672,31
401468319,NY,4278355,21
401468319,NY,4222252,15
401468319,NY,3456,11
401468319,NY,6588,20
401468319,NY,2991047,3
401468319,NY,3133602,3
401468319,NY,4395724,20
401468319,NY,4397014,5
401468319,NY,4431823,6
401468319,BKN,3202,35
401468319,BKN,2583632,34
401468319,BKN,2528794,32
401468319,BKN,4278067,20
401468319,BKN,3136485,19
401468319,BKN,6461,5
401468319,BKN,4397693,5
401468319,BKN,4432194,5
401468319,BKN,4004,9
401468319,BKN,2326307,23
401468319,BKN,3907387,24
401468319,BKN,4397107,9
401468319,BKN,4432174,22
401468320,HOU,4432639,31
401468320,HOU,4871144,30
401468320,HOU,3431,29
401468320,HOU,4397140,40
401468320,HOU,4437244,40
401468320,HOU,4871143,14
401468320,HOU,4431828,23
401468320,HOU,4433192,21
401468320,HOU,4432176,8
401468320,HOU,3913180,4
401468320,HOU,4376,0
401468320,HOU,4432168,0
401468320,HOU,4683749,0
401468320,TOR,3934719,39
401468320,TOR,4433134,34
401468320,TOR,4431778,14
401468320,TOR,2991230,35
401468320,TOR,4277843,30
401468320,TOR,3244,27
401468320,TOR,3948153,13
401468320,TOR,4397885,12
401468320,TOR,4431679,12
401468320,TOR,2594922,23
401468320,TOR,4017839,0
401468320,TOR,4066668,0
401468320,TOR,4066786,0
401468320,TOR,4397251,0
401468321,NO,3913176,33
401468321,NO,4277813,28
401468321,NO,4395628,31
401468321,NO,6477,30
401468321,NO,2490149,34
401468321,NO,4278594,22
401468321,NO,4397688,20
401468321,NO,2999409,12
401468321,NO,3133601,16
401468321,NO,4277869,13
401468321,NO,4397077,0
401468321,NO,4869342,0
401468321,CHI,4431687,26
401468321,CHI,6478,27
401468321,CHI,3978,37
401468321,CHI,3064440,36
401468321,CHI,4397002,26
401468321,CHI,3936099,11
401468321,CHI,6585,12
401468321,CHI,3423,26
401468321,CHI,2596112,16
401468321,CHI,2991350,23
401468321,CHI,4065673,0
401468321,CHI,4433159,0
401468322,PHX,2528693,26
401468322,PHX,4278129,33
401468322,PHX,3064230,35
401468322,PHX,3136193,38
401468322,PHX,3147657,42
401468322,PHX,3032978,13
401468322,PHX,6427,3
401468322,PHX,3146557,12
401468322,PHX,2595209,16
401468322,PHX,3914044,19
401468322,PHX,4065663,3
401468322,PHX,4397235,0
401468322,PHX,2779,0
401468322,MIN,4431671,38
401468322,MIN,3032976,30
401468322,MIN,3136195,28
401468322,MIN,3136776,33
401468322,MIN,4594268,35
401468322,MIN,2990962,19
401468322,MIN,2993874,22
401468322,MIN,4067325,5
401468322,MIN,3134916,7
401468322,MIN,4278541,23
401468322,MIN,4396971,0
401468322,MIN,6617,0
401468322,MIN,2994526,0
401468323,MIL,3064482,34
401468323,MIL,4432179,30
401468323,MIL,3448,46
401468323,MIL,3133635,45
401468323,MIL,3135045,35
401468323,MIL,3439,12
401468323,MIL,4278580,6
401468323,MIL,4277883,17
401468323,MIL,3438,35
401468323,MIL,4032,29
401468323,MIL,3102533,0
401468323,OKC,4432813,13
401468323,OKC,4683018,39
401468323,OKC,4278073,46
401468323,OKC,4397020,40
401468323,OKC,4871145,44
401468323,OKC,4423545,4
401468323,OKC,2490089,17
401468323,OKC,3133626,17
401468323,OKC,4395702,5
401468323,OKC,4397183,7
401468323,OKC,4432819,36
401468323,OKC,4593803,23
401468324,MEM,3155526,36
401468324,MEM,4593125,23
401468324,MEM,2991235,37
401468324,MEM,4066320,39
401468324,MEM,4279888,40
401468324,MEM,3906665,15
401468324,MEM,4592691,17
401468324,MEM,4593041,9
401468324,MEM,3134932,28
401468324,MEM,3135046,20
401468324,MEM,4277964,0
401468324,MEM,4397227,0
401468324,MEM,4432646,0
401468324,SA,4395723,40
401468324,SA,4610139,30
401468324,SA,3134908,37
401468324,SA,4395626,37
401468324,SA,4395630,39
401468324,SA,2528588,24
401468324,SA,4397886,16
401468324,SA,2581190,22
401468324,SA,4397008,21
401468324,SA,4066392,0
401468324,SA,3136779,0
401468324,SA,2534781,0
401468324,SA,4701031,0
401468325,LAL,1966,32
401468325,LAL,6583,35
401468325,LAL,4278508,32
401468325,LAL,3964,35
401468325,LAL,4066457,35
401468325,LAL,3908336,1
401468325,LAL,4066264,9
401468325,LAL,4401416,4
401468325,LAL,3064559,1
401468325,LAL,3468,30
401468325,LAL,3056247,13
401468325,LAL,4432582,14
401468325,LAC,4251,36
401468325,LAC,6462,32
401468325,LAC,4017837,36
401468325,LAC,6443,24
401468325,LAC,3913174,25
401468325,LAC,3416,16
401468325,LAC,4397126,1
401468325,LAC,4237,23
401468325,LAC,2595516,24
401468325,LAC,3907823,21
401468325,LAC,4066387,1
401468325,LAC,2490620,0
401468326,CLE,4066328,33
401468326,CLE,4432158,36
401468326,CLE,2991043,38
401468326,CLE,3908809,39
401468326,CLE,4396907,34
401468326,CLE,3449,21
401468326,CLE,3912848,14
401468326,CLE,4432822,6
401468326,CLE,3893016,15
401468326,CLE,3447,3
401468326,CLE,4066405,0
401468326,CLE,2968361,0
401468326,SAC,6578,35
401468326,SAC,3155942,35
401468326,SAC,4594327,33
401468326,SAC,4066259,29
401468326,SAC,4066372,30
401468326,SAC,3914283,13
401468326,SAC,3136196,19
401468326,SAC,4066262,27
401468326,SAC,4278053,20
401468326,SAC,2993370,0
401468326,SAC,3919347,0
401468326,SAC,4278521,0
401468326,SAC,2596107,0
401468326,SAC,2489716,0
401468326,SAC,3919454,0
401468327,DAL,2531367,26
401468327,DAL,2578185,30
401468327,DAL,2528779,27
401468327,DAL,2580782,38
401468327,DAL,3945274,39
401468327,DAL,2960236,21
401468327,DAL,3452,8
401468327,DAL,4230547,4
401468327,DAL,2528210,28
401468327,DAL,2968334,0
401468327,DAL,3138154,0
401468327,DAL,4432811,19
401468327,DAL,4868423,0
401468327,DAL,3058254,0
401468327,DAL,6426,0
401468327,WSH,2581184,15
401468327,WSH,3134907,41
401468327,WSH,4280151,23
401468327,WSH,4683021,32
401468327,WSH,3059310,19
401468327,WSH,4066648,26
401468327,WSH,4278049,25
401468327,WSH,6579,29
401468327,WSH,4278402,29
401468327,WSH,3986,0
401468327,WSH,4431669,0
401468327,WSH,4432356,0
401468328,PHI,3033,24
401468328,PHI,6440,34
401468328,PHI,3059318,32
401468328,PHI,4066436,28
401468328,PHI,4431678,33
401468328,PHI,2990969,23
401468328,PHI,4278562,9
401468328,PHI,2991155,19
401468328,PHI,2991055,3
401468328,PHI,3915195,18
401468328,PHI,3929325,8
401468328,PHI,3907498,8
401468328,ATL,3908845,26
401468328,ATL,4065732,32
401468328,ATL,3102529,26
401468328,ATL,3907497,35
401468328,ATL,4277905,33
401468328,ATL,2284101,23
401468328,ATL,4431680,21
401468328,ATL,4432585,14
401468328,ATL,4701230,6
401468328,ATL,3922230,24
401468328,ATL,2579294,0
401468328,ATL,4065656,0
401468328,ATL,4397179,0
401468328,ATL,4578893,0
401468329,CHA,4278078,35
401468329,CHA,2488653,39
401468329,CHA,4065697,34
401468329,CHA,3074752,43
401468329,CHA,3133603,39
401468329,CHA,4066731,34
401468329,CHA,4702233,3
401468329,CHA,4278076,14
401468329,CHA,4683027,8
401468329,CHA,4431712,17
401468329,CHA,4431699,0
401468329,CHA,4701232,0
401468329,CHA,4576086,0
401468329,MIA,6430,42
401468329,MIA,3138160,31
401468329,MIA,4066261,39
401468329,MIA,3012,39
401468329,MIA,4065778,40
401468329,MIA,3157465,23
401468329,MIA,2580913,14
401468329,MIA,3137259,38
401468329,MIA,2184,0
401468329,MIA,4291678,0
401468329,MIA,4997528,0
401468329,MIA,4066993,0
401468330,POR,3135047,38
401468330,POR,2991070,42
401468330,POR,3914285,27
401468330,POR,3062679,38
401468330,POR,4351851,37
401468330,POR,4431675,26
401468330,POR,4432446,8
401468330,POR,4395652,24
401468330,POR,4432161,0
401468330,POR,4432588,0
401468330,POR,3102530,0
401468330,POR,4432192,0
401468330,NO,3913176,31
401468330,NO,4277813,34
401468330,NO,4395628,32
401468330,NO,6477,20
401468330,NO,2490149,38
401468330,NO,2580365,23
401468330,NO,4278594,6
401468330,NO,4397688,31
401468330,NO,3133601,8
401468330,NO,4277869,17
401468330,NO,2999409,0
401468330,NO,4397077,0
401468330,NO,4023,0
401468330,NO,4869342,0
401468331,DEN,3064290,30
401468331,DEN,4278104,25
401468331,DEN,3112335,30
401468331,DEN,2581018,34
401468331,DEN,3936299,35
401468331,DEN,3209,21
401468331,DEN,4431690,2
401468331,DEN,4230557,2
401468331,DEN,3442,9
401468331,DEN,3059262,2
401468331,DEN,4065670,37
401468331,DEN,4431767,13
401468331,DEN,4592492,0
401468331,BOS,4065648,37
401468331,BOS,4066218,32
401468331,BOS,3213,34
401468331,BOS,2990992,24
401468331,BOS,3917376,35
401468331,BOS,3078284,2
401468331,BOS,4065804,20
401468331,BOS,3064560,13
401468331,BOS,3078576,24
401468331,BOS,4066354,16
401468331,BOS,4576085,2
401468331,BOS,3989,0
401468331,BOS,3138156,0
401468332,PHX,2528693,35
401468332,PHX,4278129,26
401468332,PHX,3064230,35
401468332,PHX,3136193,34
401468332,PHX,3147657,38
401468332,PHX,3032978,10
401468332,PHX,6427,11
401468332,PHX,3146557,13
401468332,PHX,4397235,7
401468332,PHX,2595209,22
401468332,PHX,4065663,8
401468332,PHX,2779,0
401468332,ORL,4278052,30
401468332,ORL,4566434,31
401468332,ORL,4277847,32
401468332,ORL,4397102,31
401468332,ORL,4432165,32
401468332,ORL,4433623,19
401468332,ORL,3918423,11
401468332,ORL,4277919,19
401468332,ORL,6619,24
401468332,ORL,4590530,11
401468332,ORL,4067858,0
401468333,DET,3593,34
401468333,DET,4432810,29
401468333,DET,6446,6
401468333,DET,4397136,27
401468333,DET,4433218,25
401468333,DET,4277957,22
401468333,DET,4433621,21
401468333,DET,6429,25
401468333,DET,4080610,15
401468333,DET,4683024,34
401468333,DET,4278075,0
401468333,DET,2991280,0
401468333,DET,2488826,0
401468333,NY,3064514,33
401468333,NY,4395625,38
401468333,NY,4395627,18
401468333,NY,4222252,33
401468333,NY,3934672,33
401468333,NY,4278355,22
401468333,NY,4277922,8
401468333,NY,3456,15
401468333,NY,6588,12
401468333,NY,4395724,21
401468333,NY,4397014,8
401468333,NY,4351852,0
401468333,NY,2991047,0
401468333,NY,3133602,0
401468333,NY,4431823,0
401468334,TOR,3934719,31
401468334,TOR,4433134,29
401468334,TOR,4431778,24
401468334,TOR,2991230,29
401468334,TOR,4277843,24
401468334,TOR,4017839,17
401468334,TOR,3244,9
401468334,TOR,3948153,31
401468334,TOR,4397885,17
401468334,TOR,2594922,17
401468334,TOR,4066668,12
401468334,TOR,2578240,0
401468334,OKC,4683018,23
401468334,OKC,4278073,28
401468334,OKC,4397020,23
401468334,OKC,4397183,34
401468334,OKC,4871145,23
401468334,OKC,4066410,27
401468334,OKC,3133626,19
401468334,OKC,4395702,5
401468334,OKC,4432819,28
401468334,OKC,4593803,30
401468334,OKC,4432813,0
401468334,OKC,2490089,0
401468335,MIL,3064482,31
401468335,MIL,4432179,34
401468335,MIL,4277883,29
401468335,MIL,3448,30
401468335,MIL,3133635,33
401468335,MIL,3439,19
401468335,MIL,3102533,6
401468335,MIL,4278580,8
401468335,MIL,3438,28
401468335,MIL,4032,22
401468335,MIL,3135045,0
401468335,SA,4395723,32
401468335,SA,4610139,30
401468335,SA,3134908,30
401468335,SA,4395626,30
401468335,SA,4395630,31
401468335,SA,4066392,2
401468335,SA,2528588,24
401468335,SA,3136779,2
401468335,SA,4397886,18
401468335,SA,2581190,23
401468335,SA,4397008,17
401468335,SA,4701031,2
401468335,SA,2534781,0
401468336,MIN,4431671,34
401468336,MIN,3032976,35
401468336,MIN,3136195,26
401468336,MIN,3136776,27
401468336,MIN,4594268,38
401468336,MIN,2990962,20
401468336,MIN,2993874,25
401468336,MIN,2994526,18
401468336,MIN,3134916,8
401468336,MIN,4278541,11
401468336,MIN,4067325,0
401468336,MIN,4277951,0
401468336,MIN,6617,0
401468336,MEM,3155526,33
401468336,MEM,4593125,34
401468336,MEM,2991235,27
401468336,MEM,4066320,33
401468336,MEM,4279888,34
401468336,MEM,3906665,19
401468336,MEM,4592691,12
401468336,MEM,4593041,6
401468336,MEM,3134932,23
401468336,MEM,3135046,19
401468336,MEM,4277964,0
401468336,MEM,4397227,0
401468336,MEM,4432646,0
401468337,CLE,4066328,33
401468337,CLE,4432158,39
401468337,CLE,2991043,34
401468337,CLE,3908809,37
401468337,CLE,4396907,36
401468337,CLE,3449,22
401468337,CLE,4432822,18
401468337,CLE,3893016,21
401468337,CLE,4066405,0
401468337,CLE,3447,0
401468337,CLE,2968361,0
401468337,GS,6589,32
401468337,GS,3059319,37
401468337,GS,3155535,30
401468337,GS,3975,34
401468337,GS,6475,29
401468337,GS,4066790,24
401468337,GS,4433247,4
401468337,GS,3934673,16
401468337,GS,4277956,34
401468337,GS,2327577,0
401468337,GS,4432808,0
401468337,GS,4065733,0
401468337,GS,4432171,0
401468338,SAC,6578,31
401468338,SAC,3155942,32
401468338,SAC,4594327,26
401468338,SAC,4066259,36
401468338,SAC,4066372,32
401468338,SAC,3914283,16
401468338,SAC,3136196,15
401468338,SAC,3919454,13
401468338,SAC,4066262,21
401468338,SAC,4278053,20
401468338,SAC,2993370,0
401468338,SAC,4278521,0
401468338,SAC,2596107,0
401468338,SAC,2489716,0
401468338,LAL,6583,34
401468338,LAL,4066264,19
401468338,LAL,4278508,23
401468338,LAL,3964,26
401468338,LAL,4277890,33
401468338,LAL,4401416,13
401468338,LAL,3064559,7
401468338,LAL,3468,34
401468338,LAL,4066457,33
401468338,LAL,4432582,17
401468338,LAL,3908336,0
401468338,LAL,3056247,0
401468339,BKN,3202,35
401468339,BKN,2583632,35
401468339,BKN,2528794,32
401468339,BKN,4278067,32
401468339,BKN,3136485,23
401468339,BKN,4397693,2
401468339,BKN,4432194,2
401468339,BKN,4004,12
401468339,BKN,2326307,28
401468339,BKN,3907387,14
401468339,BKN,4397107,2
401468339,BKN,4432174,25
401468339,BKN,6461,0
401468339,LAC,4251,34
401468339,LAC,6462,28
401468339,LAC,4017837,28
401468339,LAC,6443,33
401468339,LAC,3913174,24
401468339,LAC,3416,18
401468339,LAC,4397126,2
401468339,LAC,4237,24
401468339,LAC,2595516,27
401468339,LAC,3907823,19
401468339,LAC,4066387,2
401468339,LAC,2490620,0
401468340,UTAH,2489663,28
401468340,UTAH,4066336,31
401468340,UTAH,4278077,17
401468340,UTAH,3195,30
401468340,UTAH,2528426,25
401468340,UTAH,3899664,2
401468340,UTAH,3005,17
401468340,UTAH,4396991,17
401468340,UTAH,4066299,2
401468340,UTAH,4433136,15
401468340,UTAH,3907822,29
401468340,UTAH,4277811,22
401468340,UTAH,4278039,2
401468340,WSH,3134907,33
401468340,WSH,4280151,29
401468340,WSH,4683021,34
401468340,WSH,3102531,33
401468340,WSH,3059310,29
401468340,WSH,2581184,1
401468340,WSH,4066648,29
401468340,WSH,4278049,14
401468340,WSH,4431669,1
401468340,WSH,6579,16
401468340,WSH,4278402,21
401468341,BOS,3989,21
401468341,BOS,4065648,41
401468341,BOS,4066218,45
401468341,BOS,2990992,43
401468341,BOS,3078576,25
401468341,BOS,3078284,20
401468341,BOS,4065804,21
401468341,BOS,3064560,9
401468341,BOS,4066354,15
401468341,BOS,3138156,0
401468341,BOS,3917376,0
401468341,DET,3593,33
401468341,DET,4432810,28
401468341,DET,4397136,30
401468341,DET,4433218,34
401468341,DET,4683024,35
401468341,DET,4277848,18
401468341,DET,4277957,18
401468341,DET,4433621,17
401468341,DET,6446,11
401468341,DET,4080610,15
401468341,DET,4278075,0
401468341,DET,2991280,0
401468341,DET,2488826,0
401468342,TOR,3244,34
401468342,TOR,3934719,36
401468342,TOR,4433134,39
401468342,TOR,2594922,27
401468342,TOR,4277843,20
401468342,TOR,4017839,15
401468342,TOR,3948153,28
401468342,TOR,4397885,13
401468342,TOR,4431778,6
401468342,TOR,4066668,23
401468342,TOR,2578240,0
401468342,TOR,4066786,0
401468342,IND,4397189,25
401468342,IND,3133628,27
401468342,IND,2990984,28
401468342,IND,4395712,22
401468342,IND,4396993,39
401468342,IND,4279815,0
401468342,IND,4432170,21
401468342,IND,4278031,15
401468342,IND,2530530,18
401468342,IND,4396909,15
401468342,IND,4683634,30
401468342,IND,3999,0
401468342,IND,4348700,0
401468343,ATL,3908845,33
401468343,ATL,4065732,27
401468343,ATL,3102529,33
401468343,ATL,3907497,38
401468343,ATL,4277905,38
401468343,ATL,2284101,15
401468343,ATL,2579294,13
401468343,ATL,4432585,12
401468343,ATL,4701230,11
401468343,ATL,3922230,19
401468343,ATL,4065656,0
401468343,ATL,4277928,0
401468343,ATL,4397179,0
401468343,ATL,4578893,0
401468343,PHI,3033,31
401468343,PHI,6440,39
401468343,PHI,3059318,40
401468343,PHI,3907498,30
401468343,PHI,4431678,36
401468343,PHI,2990969,14
401468343,PHI,4278562,8
401468343,PHI,2991155,18
401468343,PHI,3915195,21
401468343,PHI,3929325,4
401468343,PHI,2991055,0
401468343,PHI,4066436,0
401468343,PHI,4432164,0
401468344,CHA,4278078,28
401468344,CHA,2488653,27
401468344,CHA,3074752,34
401468344,CHA,3133603,34
401468344,CHA,4432816,28
401468344,CHA,4431699,2
401468344,CHA,4066731,28
401468344,CHA,4702233,5
401468344,CHA,4278076,21
401468344,CHA,4683027,20
401468344,CHA,4431712,14
401468344,MIA,6430,31
401468344,MIA,3138160,34
401468344,MIA,4066261,33
401468344,MIA,3012,32
401468344,MIA,4065778,38
401468344,MIA,3157465,23
401468344,MIA,4278572,2
401468344,MIA,4291678,2
401468344,MIA,4997528,2
401468344,MIA,2580913,13
401468344,MIA,3137259,30
401468344,MIA,2184,0
401468345,POR,2991070,39
401468345,POR,3914285,33
401468345,POR,6606,38
401468345,POR,3062679,36
401468345,POR,4351851,39
401468345,POR,4431675,12
401468345,POR,4432446,8
401468345,POR,4395652,15
401468345,POR,4914336,19
401468345,POR,4432161,0
401468345,POR,4432588,0
401468345,POR,3102530,0
401468345,DAL,2531367,15
401468345,DAL,2578185,34
401468345,DAL,2528779,17
401468345,DAL,2580782,33
401468345,DAL,3945274,38
401468345,DAL,2960236,23
401468345,DAL,3058254,25
401468345,DAL,2528210,31
401468345,DAL,4432811,24
401468345,DAL,3452,0
401468345,DAL,4230547,0
401468345,DAL,2968334,0
401468345,DAL,3138154,0
401468346,HOU,4432639,28
401468346,HOU,4871144,19
401468346,HOU,3431,30
401468346,HOU,4397140,34
401468346,HOU,4437244,38
401468346,HOU,4871143,23
401468346,HOU,4431828,26
401468346,HOU,4433192,21
401468346,HOU,4376,4
401468346,HOU,4432168,6
401468346,HOU,4432176,11
401468346,HOU,3913180,0
401468346,NO,3913176,38
401468346,NO,4277813,19
401468346,NO,4395628,35
401468346,NO,6477,20
401468346,NO,2490149,37
401468346,NO,2580365,28
401468346,NO,4278594,15
401468346,NO,4397688,18
401468346,NO,3133601,9
401468346,NO,4277869,20
401468346,NO,4869342,0
401468346,NO,2999409,0
401468346,NO,4397077,0
401468346,NO,4023,0
401468347,OKC,4432813,31
401468347,OKC,4683018,18
401468347,OKC,4278073,36
401468347,OKC,4397020,24
401468347,OKC,4871145,37
401468347,OKC,2490089,12
401468347,OKC,3133626,20
401468347,OKC,4395702,17
401468347,OKC,4397183,21
401468347,OKC,4432819,3
401468347,OKC,4593803,20
401468347,OKC,4066317,0
401468347,OKC,4432823,0
401468347,NY,3064514,33
401468347,NY,4395625,19
401468347,NY,4395627,33
401468347,NY,4222252,23
401468347,NY,3934672,24
401468347,NY,4278355,15
401468347,NY,4277922,25
401468347,NY,3456,17
401468347,NY,6588,20
401468347,NY,4395724,23
401468347,NY,4397014,8
401468347,NY,2991047,0
401468347,NY,3133602,0
401468347,NY,4431823,0
401468348,MIN,4431671,31
401468348,MIN,3032976,33
401468348,MIN,3136195,37
401468348,MIN,3136776,35
401468348,MIN,4594268,31
401468348,MIN,2990962,22
401468348,MIN,2993874,21
401468348,MIN,6617,0
401468348,MIN,3134916,15
401468348,MIN,4278541,15
401468348,MIN,4067325,0
401468348,MIN,4277951,0
401468348,MIN,2994526,0
401468348,CLE,3449,29
401468348,CLE,4066405,30
401468348,CLE,4432158,32
401468348,CLE,2991043,28
401468348,CLE,4396907,40
401468348,CLE,3947156,3
401468348,CLE,4432822,29
401468348,CLE,3893016,28
401468348,CLE,3447,16
401468348,CLE,2968361,5
401468348,CLE,4432815,0
401468349,MEM,3155526,28
401468349,MEM,4593125,29
401468349,MEM,2991235,29
401468349,MEM,3134932,37
401468349,MEM,3135046,36
401468349,MEM,3906665,15
401468349,MEM,4592691,26
401468349,MEM,4593041,28
401468349,MEM,4432646,12
401468349,MEM,4277964,0
401468349,MEM,4397227,0
401468349,WSH,3134907,34
401468349,WSH,4280151,32
401468349,WSH,4683021,34
401468349,WSH,3102531,31
401468349,WSH,3059310,27
401468349,WSH,4066648,15
401468349,WSH,4278049,17
401468349,WSH,6579,23
401468349,WSH,4278402,26
401468349,WSH,4715198,0
401468349,WSH,2581184,0
401468349,WSH,4431669,0
401468349,WSH,4278707,0
401468349,WSH,4432356,0
401468350,UTAH,2489663,29
401468350,UTAH,4066336,34
401468350,UTAH,4278077,24
401468350,UTAH,3195,32
401468350,UTAH,2528426,27
401468350,UTAH,3005,14
401468350,UTAH,4396991,14
401468350,UTAH,4433136,12
401468350,UTAH,3907822,29
401468350,UTAH,4277811,25
401468350,UTAH,3899664,0
401468350,UTAH,4066299,0
401468350,UTAH,4278039,0
401468350,PHI,3033,30
401468350,PHI,6440,32
401468350,PHI,3059318,37
401468350,PHI,3907498,27
401468350,PHI,4431678,37
401468350,PHI,2990969,19
401468350,PHI,4278562,5
401468350,PHI,2991155,17
401468350,PHI,2991055,6
401468350,PHI,3915195,11
401468350,PHI,4066436,20
401468350,PHI,3929325,0
401468350,PHI,4432164,0
401468351,DEN,3064290,26
401468351,DEN,4278104,24
401468351,DEN,3112335,28
401468351,DEN,2581018,25
401468351,DEN,3936299,32
401468351,DEN,3209,19
401468351,DEN,4431690,3
401468351,DEN,4230557,3
401468351,DEN,3442,17
401468351,DEN,3059262,5
401468351,DEN,4065670,32
401468351,DEN,4431767,26
401468351,CHI,4431687,30
401468351,CHI,6478,23
401468351,CHI,3978,26
401468351,CHI,3064440,34
401468351,CHI,4397002,30
401468351,CHI,3936099,15
401468351,CHI,6585,22
401468351,CHI,4065673,3
401468351,CHI,3423,23
401468351,CHI,2596112,8
401468351,CHI,2991350,21
401468351,CHI,4433159,6
401468352,GS,6589,34
401468352,GS,3059319,34
401468352,GS,3155535,29
401468352,GS,3975,37
401468352,GS,6475,32
401468352,GS,4066790,14
401468352,GS,4433247,14
401468352,GS,3934673,24
401468352,GS,4277956,20
401468352,GS,2327577,0
401468352,GS,4432808,0
401468352,GS,4432171,0
401468352,GS,4591725,0
401468352,SAC,6578,27
401468352,SAC,3155942,34
401468352,SAC,4594327,37
401468352,SAC,4066259,34
401468352,SAC,4066372,32
401468352,SAC,3914283,13
401468352,SAC,3136196,5
401468352,SAC,3919454,18
401468352,SAC,4066262,24
401468352,SAC,4278053,14
401468352,SAC,2993370,0
401468352,SAC,4278521,0
401468352,SAC,2596107,0
401468352,SAC,2489716,0
401468353,BKN,3202,38
401468353,BKN,2583632,37
401468353,BKN,2528794,31
401468353,BKN,4278067,16
401468353,BKN,3136485,26
401468353,BKN,6461,20
401468353,BKN,4397693,4
401468353,BKN,3133838,23
401468353,BKN,4432194,4
401468353,BKN,4004,13
401468353,BKN,4397107,6
401468353,BKN,4432174,23
401468353,BKN,3907387,0
401468353,LAL,6583,34
401468353,LAL,4278508,36
401468353,LAL,3964,26
401468353,LAL,4066457,33
401468353,LAL,4277890,30
401468353,LAL,3908336,6
401468353,LAL,4066264,14
401468353,LAL,4401416,2
401468353,LAL,3468,28
401468353,LAL,3056247,11
401468353,LAL,4432582,21
401468353,LAL,3064559,0
401468354,TOR,3244,26
401468354,TOR,3934719,37
401468354,TOR,4397885,25
401468354,TOR,4433134,34
401468354,TOR,2594922,12
401468354,TOR,4017839,24
401468354,TOR,3948153,31
401468354,TOR,2578240,4
401468354,TOR,4431778,17
401468354,TOR,4066668,15
401468354,TOR,4066786,15
401468354,TOR,4277843,0
401468354,DET,4277848,29
401468354,DET,3593,33
401468354,DET,4432810,13
401468354,DET,4433218,34
401468354,DET,4683024,24
401468354,DET,4277957,23
401468354,DET,4433621,19
401468354,DET,6429,17
401468354,DET,4080610,17
401468354,DET,4397136,31
401468354,DET,4278075,0
401468354,DET,2991280,0
401468354,DET,2488826,0
401468355,CHA,4278078,36
401468355,CHA,2488653,31
401468355,CHA,3074752,34
401468355,CHA,3133603,34
401468355,CHA,4432816,34
401468355,CHA,4431699,2
401468355,CHA,4066731,26
401468355,CHA,4278076,15
401468355,CHA,4683027,25
401468355,CHA,4431712,4
401468355,CHA,4702233,0
401468355,ORL,4278052,33
401468355,ORL,4566434,34
401468355,ORL,4277847,32
401468355,ORL,4397102,31
401468355,ORL,4432165,30
401468355,ORL,4433623,15
401468355,ORL,4277919,22
401468355,ORL,6619,22
401468355,ORL,4067858,11
401468355,ORL,4590530,10
401468355,ORL,3918423,0
401468356,OKC,4683018,37
401468356,OKC,4278073,36
401468356,OKC,4397020,35
401468356,OKC,4593803,36
401468356,OKC,4871145,33
401468356,OKC,4432813,14
401468356,OKC,4432823,8
401468356,OKC,3133626,19
401468356,OKC,4395702,7
401468356,OKC,4397183,14
401468356,OKC,4066317,0
401468356,OKC,2490089,0
401468356,BOS,4065648,38
401468356,BOS,4066218,29
401468356,BOS,3213,32
401468356,BOS,2990992,29
401468356,BOS,3917376,41
401468356,BOS,3078284,2
401468356,BOS,4065804,16
401468356,BOS,3064560,5
401468356,BOS,3078576,33
401468356,BOS,4066354,14
401468356,BOS,3989,0
401468356,BOS,3138156,0
401468357,PHX,2528693,33
401468357,PHX,4278129,34
401468357,PHX,3064230,31
401468357,PHX,3136193,42
401468357,PHX,3147657,41
401468357,PHX,6427,5
401468357,PHX,3146557,8
401468357,PHX,4397235,19
401468357,PHX,2595209,21
401468357,PHX,4065663,7
401468357,PHX,3032978,0
401468357,PHX,3059307,0
401468357,PHX,2779,0
401468357,MIA,6430,35
401468357,MIA,3138160,37
401468357,MIA,4066261,36
401468357,MIA,3012,39
401468357,MIA,4065778,36
401468357,MIA,3157465,21
401468357,MIA,2580913,12
401468357,MIA,3137259,25
401468357,MIA,2184,0
401468357,MIA,4278572,0
401468357,MIA,4291678,0
401468357,MIA,4997528,0
401468358,LAC,4251,29
401468358,LAC,6462,25
401468358,LAC,4017837,26
401468358,LAC,6443,23
401468358,LAC,3913174,28
401468358,LAC,2490620,19
401468358,LAC,3416,19
401468358,LAC,4397126,5
401468358,LAC,2595516,23
401468358,LAC,3907823,24
401468358,LAC,4066387,19
401468358,LAC,4237,0
401468358,HOU,4432639,29
401468358,HOU,4871144,30
401468358,HOU,3431,26
401468358,HOU,4397140,32
401468358,HOU,4437244,35
401468358,HOU,4871143,17
401468358,HOU,4431828,21
401468358,HOU,4433192,15
401468358,HOU,4376,3
401468358,HOU,4432168,10
401468358,HOU,4432176,15
401468358,HOU,3913180,4
401468358,HOU,4683749,4
401468358,HOU,5075393,0
401468359,ATL,3908845,33
401468359,ATL,4065732,35
401468359,ATL,3102529,30
401468359,ATL,3907497,36
401468359,ATL,4277905,34
401468359,ATL,4431680,17
401468359,ATL,4432585,17
401468359,ATL,4701230,15
401468359,ATL,3922230,20
401468359,ATL,4277928,1
401468359,ATL,4397179,1
401468359,ATL,4578893,1
401468359,ATL,2284101,0
401468359,ATL,2579294,0
401468359,MIL,3032977,31
401468359,MIL,4432179,34
401468359,MIL,3448,33
401468359,MIL,3133635,33
401468359,MIL,3135045,10
401468359,MIL,3439,13
401468359,MIL,3064482,23
401468359,MIL,3102533,2
401468359,MIL,4278580,2
401468359,MIL,4277883,21
401468359,MIL,3438,26
401468359,MIL,4032,12
401468360,SA,4395723,19
401468360,SA,4610139,25
401468360,SA,3136779,31
401468360,SA,3134908,20
401468360,SA,4395630,25
401468360,SA,4066392,24
401468360,SA,2528588,23
401468360,SA,2534781,9
401468360,SA,4397886,24
401468360,SA,2581190,25
401468360,SA,4701031,16
401468360,GS,6589,26
401468360,GS,3059319,23
401468360,GS,3155535,18
401468360,GS,3975,27
401468360,GS,4277956,29
401468360,GS,2327577,15
401468360,GS,4066790,24
401468360,GS,4433247,25
401468360,GS,4432808,9
401468360,GS,3934673,9
401468360,GS,4432171,27
401468360,GS,4591725,8
401468361,MEM,3155526,37
401468361,MEM,4277961,25
401468361,MEM,2991235,13
401468361,MEM,3134932,37
401468361,MEM,4279888,36
401468361,MEM,3906665,33
401468361,MEM,4593041,15
401468361,MEM,4593125,25
401468361,MEM,3135046,20
401468361,MEM,4277964,0
401468361,MEM,4592691,0
401468361,MEM,4432646,0
401468361,NO,3913176,38
401468361,NO,4277813,23
401468361,NO,4397688,25
401468361,NO,6477,14
401468361,NO,2490149,37
401468361,NO,2580365,31
401468361,NO,4278594,25
401468361,NO,3133601,9
401468361,NO,4277869,21
401468361,NO,4869342,17
401468361,NO,2999409,0
401468361,NO,4397077,0
401468361,NO,4023,0
401468362,LAC,4251,41
401468362,LAC,6462,37
401468362,LAC,4017837,33
401468362,LAC,6443,25
401468362,LAC,3913174,3
401468362,LAC,2490620,5
401468362,LAC,3416,26
401468362,LAC,4237,26
401468362,LAC,2595516,18
401468362,LAC,3907823,15
401468362,LAC,4066387,10
401468362,LAC,4397126,0
401468362,DAL,2531367,22
401468362,DAL,2578185,36
401468362,DAL,2528779,31
401468362,DAL,2580782,41
401468362,DAL,3945274,40
401468362,DAL,2960236,10
401468362,DAL,3058254,24
401468362,DAL,2528210,22
401468362,DAL,4432811,14
401468362,DAL,4230547,0
401468362,DAL,2968334,0
401468362,DAL,3138154,0
401468363,NY,3064514,31
401468363,NY,4395625,37
401468363,NY,4395627,33
401468363,NY,4222252,22
401468363,NY,3934672,34
401468363,NY,4278355,18
401468363,NY,4277922,25
401468363,NY,3456,14
401468363,NY,4395724,26
401468363,NY,6588,0
401468363,NY,2991047,0
401468363,NY,3133602,0
401468363,NY,4397014,0
401468363,NY,4431823,0
401468363,UTAH,2489663,29
401468363,UTAH,4066336,30
401468363,UTAH,4278077,24
401468363,UTAH,3195,34
401468363,UTAH,2528426,34
401468363,UTAH,3899664,17
401468363,UTAH,4396991,14
401468363,UTAH,4433136,18
401468363,UTAH,3907822,24
401468363,UTAH,4277811,17
401468363,UTAH,4683025,0
401468363,UTAH,4066299,0
401468363,UTAH,4278039,0
401468363,UTAH,4397018,0
401468364,SA,4395723,34
401468364,SA,4610139,27
401468364,SA,3134908,32
401468364,SA,4395626,23
401468364,SA,4395630,35
401468364,SA,4066392,6
401468364,SA,2528588,17
401468364,SA,3136779,26
401468364,SA,4397886,16
401468364,SA,2581190,24
401468364,SA,2534781,0
401468364,SA,4701031,0
401468364,POR,2991070,37
401468364,POR,3102530,15
401468364,POR,6606,40
401468364,POR,3062679,34
401468364,POR,4351851,34
401468364,POR,3914285,33
401468364,POR,4431675,11
401468364,POR,4395652,14
401468364,POR,4914336,23
401468364,POR,3135047,0
401468364,POR,4432161,0
401468364,POR,4432446,0
401468365,BKN,3202,31
401468365,BKN,2583632,24
401468365,BKN,2528794,20
401468365,BKN,4278067,18
401468365,BKN,3136485,22
401468365,BKN,4397693,12
401468365,BKN,3133838,19
401468365,BKN,4432194,12
401468365,BKN,4004,4
401468365,BKN,2326307,24
401468365,BKN,3907387,20
401468365,BKN,4397107,13
401468365,BKN,4432174,21
401468365,BKN,6461,0
401468365,SAC,6578,21
401468365,SAC,3155942,28
401468365,SAC,4594327,12
401468365,SAC,4066259,24
401468365,SAC,4066372,30
401468365,SAC,3914283,15
401468365,SAC,2993370,6
401468365,SAC,3136196,18
401468365,SAC,4278521,12
401468365,SAC,2596107,5
401468365,SAC,2489716,8
401468365,SAC,3919454,26
401468365,SAC,4066262,17
401468365,SAC,4278053,17
401468366,IND,4397189,26
401468366,IND,3133628,31
401468366,IND,2990984,31
401468366,IND,4395712,22
401468366,IND,4396993,32
401468366,IND,4432170,17
401468366,IND,4278031,21
401468366,IND,2530530,21
401468366,IND,4396909,18
401468366,IND,4683634,22
401468366,IND,3999,0
401468366,IND,4279815,0
401468366,IND,4348700,0
401468366,CHA,4278078,36
401468366,CHA,2488653,29
401468366,CHA,3074752,33
401468366,CHA,3133603,36
401468366,CHA,4432816,37
401468366,CHA,4066731,20
401468366,CHA,4702233,3
401468366,CHA,4278076,19
401468366,CHA,4683027,22
401468366,CHA,4431712,6
401468366,CHA,4431699,0
401468366,CHA,4576086,0
401468367,MIN,4431671,35
401468367,MIN,3032976,32
401468367,MIN,3136195,36
401468367,MIN,3136776,32
401468367,MIN,4594268,39
401468367,MIN,2990962,14
401468367,MIN,2993874,20
401468367,MIN,4067325,2
401468367,MIN,4396971,2
401468367,MIN,3134916,20
401468367,MIN,4067017,2
401468367,MIN,4278541,7
401468367,MIN,6617,0
401468367,MIN,2994526,0
401468367,ORL,4278052,32
401468367,ORL,4566434,35
401468367,ORL,4277919,29
401468367,ORL,4397102,35
401468367,ORL,4432165,33
401468367,ORL,4433623,22
401468367,ORL,3918423,12
401468367,ORL,6619,27
401468367,ORL,4067858,6
401468367,ORL,4590530,10
401468367,ORL,4277847,0
401468368,OKC,4683018,14
401468368,OKC,4278073,35
401468368,OKC,4397020,34
401468368,OKC,4397183,27
401468368,OKC,4871145,20
401468368,OKC,4066317,27
401468368,OKC,4432813,13
401468368,OKC,4432823,6
401468368,OKC,2490089,11
401468368,OKC,3133626,26
401468368,OKC,4593803,28
401468368,OKC,4395702,0
401468368,WSH,3134907,39
401468368,WSH,4683021,30
401468368,WSH,3102531,36
401468368,WSH,3059310,27
401468368,WSH,6580,37
401468368,WSH,4066648,18
401468368,WSH,4278049,6
401468368,WSH,4280151,11
401468368,WSH,6579,16
401468368,WSH,4278402,20
401468368,WSH,3986,0
401468368,WSH,2581184,0
401468369,BOS,4065648,33
401468369,BOS,4066218,28
401468369,BOS,3213,27
401468369,BOS,3078576,31
401468369,BOS,3917376,23
401468369,BOS,3989,7
401468369,BOS,3138156,10
401468369,BOS,4065804,27
401468369,BOS,3064560,25
401468369,BOS,4066354,24
401468369,BOS,4576085,4
401468369,BOS,3078284,0
401468369,ATL,3908845,32
401468369,ATL,4065732,34
401468369,ATL,3102529,18
401468369,ATL,3907497,34
401468369,ATL,4277905,31
401468369,ATL,2284101,7
401468369,ATL,2579294,5
401468369,ATL,4431680,21
401468369,ATL,4432585,21
401468369,ATL,4701230,11
401468369,ATL,3922230,11
401468369,ATL,4065656,5
401468369,ATL,4397179,5
401468369,ATL,4578893,5
401468370,MIA,6430,38
401468370,MIA,3138160,38
401468370,MIA,4997528,24
401468370,MIA,3012,36
401468370,MIA,4065778,35
401468370,MIA,3157465,15
401468370,MIA,4278572,6
401468370,MIA,2580913,16
401468370,MIA,3137259,32
401468370,MIA,4291678,0
401468370,MIA,4066261,0
401468370,MIA,4593049,0
401468370,TOR,3244,28
401468370,TOR,3934719,43
401468370,TOR,4397885,21
401468370,TOR,4433134,42
401468370,TOR,2991230,39
401468370,TOR,4017839,23
401468370,TOR,3948153,25
401468370,TOR,2578240,7
401468370,TOR,4431778,13
401468370,TOR,4432907,0
401468370,TOR,4066668,0
401468370,TOR,4066786,0
401468371,CLE,4066405,34
401468371,CLE,4432158,31
401468371,CLE,2991043,20
401468371,CLE,3908809,34
401468371,CLE,4396907,35
401468371,CLE,3449,20
401468371,CLE,3947156,5
401468371,CLE,4432815,5
401468371,CLE,4432822,25
401468371,CLE,3893016,13
401468371,CLE,3447,14
401468371,CLE,2968361,5
401468371,MIL,3032977,32
401468371,MIL,3064482,30
401468371,MIL,4432179,27
401468371,MIL,3448,30
401468371,MIL,3133635,32
401468371,MIL,3439,18
401468371,MIL,3102533,2
401468371,MIL,4278580,8
401468371,MIL,4277883,29
401468371,MIL,3438,19
401468371,MIL,4397475,15
401468372,CHI,4431687,23
401468372,CHI,6478,30
401468372,CHI,3978,31
401468372,CHI,3064440,36
401468372,CHI,4397002,28
401468372,CHI,3936099,11
401468372,CHI,6585,15
401468372,CHI,4065673,2
401468372,CHI,3423,20
401468372,CHI,2596112,15
401468372,CHI,2991350,27
401468372,CHI,4433159,2
401468372,NO,3913176,32
401468372,NO,4277813,32
401468372,NO,4397688,25
401468372,NO,6477,27
401468372,NO,2490149,37
401468372,NO,2580365,19
401468372,NO,4278594,18
401468372,NO,2999409,2
401468372,NO,3133601,8
401468372,NO,4277869,21
401468372,NO,4869342,19
401468372,NO,4397077,0
401468372,NO,4023,0
401468373,HOU,4432639,30
401468373,HOU,4871144,26
401468373,HOU,3431,31
401468373,HOU,4397140,37
401468373,HOU,4437244,36
401468373,HOU,4871143,22
401468373,HOU,4431828,25
401468373,HOU,4433192,18
401468373,HOU,4432168,5
401468373,HOU,4432176,12
401468373,HOU,4376,0
401468373,HOU,3913180,0
401468373,DAL,2531367,17
401468373,DAL,2578185,38
401468373,DAL,2528779,33
401468373,DAL,2580782,32
401468373,DAL,4432811,17
401468373,DAL,3058254,31
401468373,DAL,6426,3
401468373,DAL,4230547,12
401468373,DAL,2528210,34
401468373,DAL,2968334,23
401468373,DAL,3138154,0
401468374,NY,3064514,32
401468374,NY,4395625,31
401468374,NY,4395627,37
401468374,NY,4222252,22
401468374,NY,3934672,31
401468374,NY,4278355,23
401468374,NY,4277922,19
401468374,NY,3456,17
401468374,NY,4395724,28
401468374,NY,6588,0
401468374,NY,2991047,0
401468374,NY,3133602,0
401468374,NY,4397014,0
401468374,NY,4431823,0
401468374,DEN,3209,28
401468374,DEN,4278104,28
401468374,DEN,3442,26
401468374,DEN,2581018,31
401468374,DEN,3936299,33
401468374,DEN,4431690,26
401468374,DEN,4230557,9
401468374,DEN,4065670,22
401468374,DEN,4431767,15
401468374,DEN,4592492,23
401468374,DEN,4065653,0
401468374,DEN,3059262,0
401468374,DEN,4576087,0
401468375,GS,6589,29
401468375,GS,3059319,32
401468375,GS,3155535,20
401468375,GS,3975,36
401468375,GS,6475,30
401468375,GS,2327577,17
401468375,GS,4066790,24
401468375,GS,3934673,19
401468375,GS,4277956,27
401468375,GS,4432171,6
401468375,GS,4433247,0
401468375,PHX,2528693,30
401468375,PHX,4278129,32
401468375,PHX,3064230,33
401468375,PHX,3136193,37
401468375,PHX,3147657,42
401468375,PHX,3059307,1
401468375,PHX,3146557,16
401468375,PHX,4397235,14
401468375,PHX,2595209,27
401468375,PHX,4065663,9
401468375,PHX,3032978,0
401468375,PHX,6427,0
401468375,PHX,2779,0
401468376,BKN,3202,39
401468376,BKN,2583632,37
401468376,BKN,2528794,33
401468376,BKN,4278067,25
401468376,BKN,3136485,6
401468376,BKN,3133838,29
401468376,BKN,4004,4
401468376,BKN,2326307,28
401468376,BKN,3907387,32
401468376,BKN,4432174,7
401468376,BKN,6461,0
401468376,BKN,4397693,0
401468376,BKN,4432194,0
401468376,BKN,4397107,0
401468376,POR,2991070,37
401468376,POR,3102530,25
401468376,POR,6606,38
401468376,POR,3062679,30
401468376,POR,4351851,29
401468376,POR,3135047,28
401468376,POR,3914285,18
401468376,POR,4395652,13
401468376,POR,4914336,21
401468376,POR,4431675,0
401468376,POR,4432446,0
401468376,POR,4432192,0
401468377,SA,4610139,31
401468377,SA,3136779,31
401468377,SA,3134908,27
401468377,SA,4395626,29
401468377,SA,4395630,36
401468377,SA,4066392,22
401468377,SA,2534781,12
401468377,SA,4397886,11
401468377,SA,2581190,23
401468377,SA,4701031,16
401468377,SA,4395723,0
401468377,SAC,6578,29
401468377,SAC,3155942,32
401468377,SAC,3919454,15
401468377,SAC,4066259,32
401468377,SAC,4066372,34
401468377,SAC,3914283,14
401468377,SAC,3136196,20
401468377,SAC,3919347,2
401468377,SAC,4278521,2
401468377,SAC,2596107,2
401468377,SAC,2489716,2
401468377,SAC,4066262,28
401468377,SAC,4278053,28
401468377,SAC,4702177,2
401468378,DET,4277848,23
401468378,DET,3593,35
401468378,DET,4397136,32
401468378,DET,4433218,38
401468378,DET,4683024,28
401468378,DET,4277957,17
401468378,DET,4278075,9
401468378,DET,4433621,25
401468378,DET,6429,18
401468378,DET,4080610,16
401468378,DET,4066240,0
401468378,DET,2991280,0
401468378,DET,6446,0
401468378,DET,2488826,0
401468378,LAC,4251,36
401468378,LAC,6450,25
401468378,LAC,6462,36
401468378,LAC,4017837,40
401468378,LAC,6443,35
401468378,LAC,3416,14
401468378,LAC,4397126,5
401468378,LAC,4237,13
401468378,LAC,2595516,23
401468378,LAC,3907823,15
401468378,LAC,2490620,0
401468378,LAC,4066387,0
401468378,LAC,4397916,0
401468378,LAC,4432162,0
401468379,MIA,3138160,47
401468379,MIA,4291678,42
401468379,MIA,4997528,30
401468379,MIA,3012,51
401468379,MIA,4065778,45
401468379,MIA,4278572,18
401468379,MIA,4593049,32
401468379,MIA,6430,0
401468379,MIA,3157465,0
401468379,MIA,4066261,0
401468379,MIA,3137259,0
401468379,WSH,3134907,40
401468379,WSH,4683021,14
401468379,WSH,3102531,39
401468379,WSH,3059310,26
401468379,WSH,6580,49
401468379,WSH,3986,16
401468379,WSH,4066648,28
401468379,WSH,4278049,5
401468379,WSH,4280151,38
401468379,WSH,6579,8
401468379,WSH,4715198,0
401468379,WSH,2581184,0
401468380,CHA,4278078,46
401468380,CHA,4249,42
401468380,CHA,2488653,28
401468380,CHA,3074752,49
401468380,CHA,3133603,39
401468380,CHA,4431699,7
401468380,CHA,4066731,23
401468380,CHA,4278076,30
401468380,CHA,4683027,13
401468380,CHA,4431712,12
401468380,CHA,4702233,0
401468380,CHA,4576086,0
401468380,CLE,4066405,29
401468380,CLE,4066328,46
401468380,CLE,4432158,45
401468380,CLE,3908809,44
401468380,CLE,4396907,48
401468380,CLE,3449,24
401468380,CLE,4432822,16
401468380,CLE,3893016,7
401468380,CLE,2991043,30
401468380,CLE,4432815,0
401468380,CLE,3447,0
401468380,CLE,2968361,0
401468381,MIL,3032977,34
401468381,MIL,3064482,34
401468381,MIL,4432179,15
401468381,MIL,3448,34
401468381,MIL,3133635,27
401468381,MIL,3439,7
401468381,MIL,4277883,25
401468381,MIL,3438,14
401468381,MIL,3995,23
401468381,MIL,3135045,27
401468381,MIL,3102533,0
401468381,MIL,4278580,0
401468381,MIL,4397475,0
401468381,PHI,3033,32
401468381,PHI,2991155,31
401468381,PHI,3059318,37
401468381,PHI,4066436,36
401468381,PHI,4431678,21
401468381,PHI,2990969,30
401468381,PHI,4278562,12
401468381,PHI,2991055,5
401468381,PHI,3915195,31
401468381,PHI,3907498,4
401468381,PHI,6440,0
401468381,PHI,4592479,0
401468381,PHI,3929325,0
401468382,ORL,4278052,29
401468382,ORL,4566434,33
401468382,ORL,4277847,34
401468382,ORL,4397102,31
401468382,ORL,4432165,35
401468382,ORL,3918423,7
401468382,ORL,4277919,24
401468382,ORL,6619,23
401468382,ORL,2999547,24
401468382,ORL,4433623,0
401468382,ORL,4067858,0
401468382,ORL,4590530,0
401468382,CHI,4431687,33
401468382,CHI,6478,33
401468382,CHI,3978,44
401468382,CHI,3064440,25
401468382,CHI,4397002,24
401468382,CHI,3936099,5
401468382,CHI,6585,15
401468382,CHI,3423,16
401468382,CHI,2596112,18
401468382,CHI,2991350,23
401468382,CHI,4395651,4
401468382,CHI,4065673,0
401468383,IND,4397189,30
401468383,IND,3133628,26
401468383,IND,2990984,33
401468383,IND,4395712,21
401468383,IND,4396993,36
401468383,IND,3999,2
401468383,IND,4432170,18
401468383,IND,4278031,18
401468383,IND,4348700,2
401468383,IND,2530530,16
401468383,IND,4396909,9
401468383,IND,4683634,29
401468383,IND,4279815,0
401468383,HOU,4431828,26
401468383,HOU,4432639,36
401468383,HOU,4871144,28
401468383,HOU,3431,36
401468383,HOU,4437244,32
401468383,HOU,4871143,20
401468383,HOU,4433192,19
401468383,HOU,4432168,4
401468383,HOU,4432176,25
401468383,HOU,3913180,14
401468383,HOU,4376,0
401468384,OKC,4683018,14
401468384,OKC,4278073,34
401468384,OKC,4397020,27
401468384,OKC,4593803,34
401468384,OKC,4871145,37
401468384,OKC,4066317,19
401468384,OKC,4432813,28
401468384,OKC,4432823,8
401468384,OKC,2490089,9
401468384,OKC,3133626,11
401468384,OKC,4397183,21
401468384,MEM,3155526,36
401468384,MEM,4277961,25
401468384,MEM,2991235,25
401468384,MEM,3134932,29
401468384,MEM,4279888,32
401468384,MEM,3906665,23
401468384,MEM,4592691,9
401468384,MEM,4593041,15
401468384,MEM,4593125,23
401468384,MEM,3135046,23
401468384,MEM,4277964,0
401468384,MEM,4432646,0
401468385,DEN,3209,27
401468385,DEN,4278104,24
401468385,DEN,3442,20
401468385,DEN,2581018,34
401468385,DEN,4065670,30
401468385,DEN,4065653,4
401468385,DEN,4431690,21
401468385,DEN,4230557,23
401468385,DEN,3059262,12
401468385,DEN,4431767,13
401468385,DEN,4576087,4
401468385,DEN,4592492,27
401468385,DAL,2531367,13
401468385,DAL,2578185,30
401468385,DAL,2528779,31
401468385,DAL,2580782,26
401468385,DAL,3945274,35
401468385,DAL,3058254,26
401468385,DAL,6426,4
401468385,DAL,3452,17
401468385,DAL,4230547,8
401468385,DAL,2528210,24
401468385,DAL,2968334,4
401468385,DAL,3138154,4
401468385,DAL,4432811,18
401468386,BOS,4065648,39
401468386,BOS,4066218,35
401468386,BOS,3213,34
401468386,BOS,3078576,35
401468386,BOS,3917376,37
401468386,BOS,4065804,21
401468386,BOS,3064560,15
401468386,BOS,2566769,18
401468386,BOS,4066354,5
401468386,BOS,3989,0
401468386,BOS,3078284,0
401468386,BOS,3138156,0
401468386,NO,3913176,38
401468386,NO,4277813,36
401468386,NO,4397688,12
401468386,NO,6477,21
401468386,NO,2490149,34
401468386,NO,2580365,27
401468386,NO,4278594,22
401468386,NO,3133601,8
401468386,NO,4277869,24
401468386,NO,4869342,18
401468386,NO,2999409,0
401468386,NO,4397077,0
401468386,NO,4023,0
401468387,PHX,2528693,28
401468387,PHX,4278129,37
401468387,PHX,3064230,34
401468387,PHX,3136193,41
401468387,PHX,3147657,35
401468387,PHX,3032978,13
401468387,PHX,3146557,11
401468387,PHX,4397235,13
401468387,PHX,2595209,27
401468387,PHX,4065663,3
401468387,PHX,3059307,0
401468387,PHX,6427,0
401468387,PHX,2779,0
401468387,UTAH,2489663,20
401468387,UTAH,4066336,35
401468387,UTAH,4278077,27
401468387,UTAH,3195,30
401468387,UTAH,2528426,31
401468387,UTAH,3899664,10
401468387,UTAH,4396991,15
401468387,UTAH,4433136,20
401468387,UTAH,3907822,31
401468387,UTAH,4277811,22
401468387,UTAH,4066299,0
401468387,UTAH,4278039,0
401468388,NY,3064514,30
401468388,NY,4395625,40
401468388,NY,4395627,25
401468388,NY,4222252,17
401468388,NY,3934672,32
401468388,NY,4278355,19
401468388,NY,4277922,27
401468388,NY,3456,14
401468388,NY,2991047,2
401468388,NY,3133602,2
401468388,NY,4395724,27
401468388,NY,4397014,2
401468388,NY,4431823,3
401468388,NY,6588,0
401468388,GS,6589,32
401468388,GS,3059319,30
401468388,GS,3155535,24
401468388,GS,3975,34
401468388,GS,6475,31
401468388,GS,2327577,17
401468388,GS,4066790,14
401468388,GS,4433247,9
401468388,GS,3934673,20
401468388,GS,4277956,26
401468388,GS,4432171,3
401468389,DET,4277848,23
401468389,DET,3593,35
401468389,DET,4397136,21
401468389,DET,4433218,34
401468389,DET,4683024,35
401468389,DET,4277957,16
401468389,DET,4278075,5
401468389,DET,2991280,6
401468389,DET,4433621,22
401468389,DET,6429,24
401468389,DET,4080610,20
401468389,DET,4066240,0
401468389,DET,6446,0
401468389,DET,2488826,0
401468389,LAL,6583,34
401468389,LAL,4278508,18
401468389,LAL,3964,25
401468389,LAL,4066457,36
401468389,LAL,4277890,34
401468389,LAL,4066264,18
401468389,LAL,3934723,13
401468389,LAL,3468,30
401468389,LAL,3032979,15
401468389,LAL,3056247,17
401468389,LAL,1966,0
401468389,LAL,3908336,0
401468389,LAL,3064559,0
401468390,TOR,4017839,32
401468390,TOR,3244,35
401468390,TOR,3934719,42
401468390,TOR,4433134,46
401468390,TOR,2991230,44
401468390,TOR,2578240,4
401468390,TOR,4431778,30
401468390,TOR,4066668,28
401468390,TOR,4066786,4
401468390,TOR,4397885,0
401468390,TOR,2594922,0
401468390,TOR,4397251,0
401468390,ATL,3908845,34
401468390,ATL,4065732,45
401468390,ATL,3102529,34
401468390,ATL,3907497,40
401468390,ATL,4277905,42
401468390,ATL,2284101,7
401468390,ATL,4431680,19
401468390,ATL,4432585,30
401468390,ATL,4701230,5
401468390,ATL,3922230,8
401468390,ATL,2579294,0
401468390,ATL,4578893,0
401468391,ORL,4278052,25
401468391,ORL,4566434,31
401468391,ORL,4277919,33
401468391,ORL,4397102,34
401468391,ORL,4432165,33
401468391,ORL,4433623,19
401468391,ORL,3918423,13
401468391,ORL,6619,24
401468391,ORL,4067858,4
401468391,ORL,4590530,25
401468391,ORL,4277847,0
401468391,ORL,2999547,0
401468391,IND,4397189,25
401468391,IND,3133628,34
401468391,IND,2990984,30
401468391,IND,4395712,18
401468391,IND,4396993,34
401468391,IND,4279815,5
401468391,IND,4432170,7
401468391,IND,4278031,20
401468391,IND,2530530,14
401468391,IND,4396909,25
401468391,IND,4683634,27
401468391,IND,3999,0
401468391,IND,4348700,0
401468392,MIN,4431671,32
401468392,MIN,3032976,28
401468392,MIN,3136195,32
401468392,MIN,3136776,34
401468392,MIN,4594268,36
401468392,MIN,2990962,19
401468392,MIN,2993874,22
401468392,MIN,4396971,10
401468392,MIN,3134916,14
401468392,MIN,4278541,14
401468392,MIN,4067325,0
401468392,MIN,6617,0
401468392,MIN,2994526,0
401468392,MIN,4067017,0
401468392,PHI,3033,33
401468392,PHI,2991155,39
401468392,PHI,3059318,36
401468392,PHI,3915195,38
401468392,PHI,4066436,37
401468392,PHI,2990969,32
401468392,PHI,4278562,12
401468392,PHI,2991055,7
401468392,PHI,3907498,5
401468392,PHI,6440,0
401468392,PHI,4592479,0
401468393,UTAH,2489663,31
401468393,UTAH,4066336,32
401468393,UTAH,4278077,28
401468393,UTAH,3195,9
401468393,UTAH,2528426,36
401468393,UTAH,3899664,12
401468393,UTAH,4396991,32
401468393,UTAH,4433136,11
401468393,UTAH,3907822,29
401468393,UTAH,4277811,20
401468393,UTAH,4066299,0
401468393,UTAH,4278039,0
401468393,POR,2991070,37
401468393,POR,3102530,27
401468393,POR,6606,27
401468393,POR,3062679,30
401468393,POR,4351851,36
401468393,POR,3135047,26
401468393,POR,3914285,21
401468393,POR,4431675,5
401468393,POR,4395652,10
401468393,POR,4914336,22
401468393,POR,4432446,0
401468393,POR,4432192,0
401468394,SA,4395723,28
401468394,SA,4610139,28
401468394,SA,3136779,28
401468394,SA,3134908,25
401468394,SA,4395626,26
401468394,SA,4066392,21
401468394,SA,2528588,17
401468394,SA,4565201,10
401468394,SA,4870562,7
401468394,SA,4397886,23
401468394,SA,2581190,18
401468394,SA,4701031,10
401468394,SA,2534781,0
401468394,LAC,4251,15
401468394,LAC,6450,22
401468394,LAC,6462,25
401468394,LAC,4017837,24
401468394,LAC,6443,30
401468394,LAC,2490620,7
401468394,LAC,3416,16
401468394,LAC,4397126,10
401468394,LAC,4237,24
401468394,LAC,2595516,31
401468394,LAC,3907823,28
401468394,LAC,4066387,8
401468395,NY,3064514,27
401468395,NY,4395625,27
401468395,NY,4222252,15
401468395,NY,3934672,29
401468395,NY,4397014,32
401468395,NY,4278355,16
401468395,NY,4277922,16
401468395,NY,4351852,17
401468395,NY,3456,8
401468395,NY,2991047,6
401468395,NY,3133602,5
401468395,NY,4395724,28
401468395,NY,4431823,14
401468395,NY,6588,0
401468395,PHX,2528693,25
401468395,PHX,4278129,27
401468395,PHX,3064230,32
401468395,PHX,3136193,30
401468395,PHX,3147657,33
401468395,PHX,3059307,20
401468395,PHX,6427,21
401468395,PHX,4397235,16
401468395,PHX,2595209,23
401468395,PHX,4065663,13
401468395,PHX,3032978,0
401468395,PHX,3146557,0
401468395,PHX,2779,0
401468396,CHA,4278078,34
401468396,CHA,4249,37
401468396,CHA,2488653,31
401468396,CHA,3074752,38
401468396,CHA,3133603,29
401468396,CHA,4431699,8
401468396,CHA,4066731,21
401468396,CHA,4278076,17
401468396,CHA,4065697,25
401468396,CHA,4702233,0
401468396,CHA,4701232,0
401468396,CHA,4683027,0
401468396,CHA,4431712,0
401468396,CHA,4576086,0
401468396,WSH,3134907,38
401468396,WSH,4280151,32
401468396,WSH,4683021,31
401468396,WSH,3102531,34
401468396,WSH,6580,41
401468396,WSH,3986,6
401468396,WSH,4278049,8
401468396,WSH,6579,21
401468396,WSH,4278402,24
401468396,WSH,4432356,5
401468396,WSH,4715198,0
401468396,WSH,2581184,0
401468396,WSH,4431669,0
401468396,WSH,4397016,0
401468397,DET,4277848,21
401468397,DET,4277957,16
401468397,DET,3593,34
401468397,DET,4433218,32
401468397,DET,4683024,29
401468397,DET,4278075,23
401468397,DET,4433621,27
401468397,DET,6446,16
401468397,DET,6429,25
401468397,DET,4080610,18
401468397,DET,4066240,0
401468397,DET,2991280,0
401468397,DET,2488826,0
401468397,SAC,6578,36
401468397,SAC,3155942,34
401468397,SAC,4594327,35
401468397,SAC,4066259,36
401468397,SAC,4066372,38
401468397,SAC,3914283,14
401468397,SAC,3136196,10
401468397,SAC,3919454,3
401468397,SAC,4066262,19
401468397,SAC,4278053,14
401468397,SAC,2993370,0
401468397,SAC,3919347,0
401468397,SAC,4278521,0
401468397,SAC,2596107,0
401468397,SAC,2489716,0
401468398,MEM,3155526,34
401468398,MEM,4593125,21
401468398,MEM,2991235,29
401468398,MEM,3134932,33
401468398,MEM,3135046,34
401468398,MEM,3906665,17
401468398,MEM,4277964,3
401468398,MEM,4592691,29
401468398,MEM,4593041,24
401468398,MEM,4397227,3
401468398,MEM,4432646,14
401468398,BKN,3202,36
401468398,BKN,2583632,31
401468398,BKN,2528794,28
401468398,BKN,6442,26
401468398,BKN,3907387,35
401468398,BKN,6461,17
401468398,BKN,4397693,2
401468398,BKN,3133838,25
401468398,BKN,4432194,3
401468398,BKN,4004,6
401468398,BKN,2326307,25
401468398,BKN,4397107,2
401468398,BKN,4432174,4
401468398,BKN,3136485,0
401468399,MIA,3138160,34
401468399,MIA,4997528,32
401468399,MIA,4066261,27
401468399,MIA,3012,31
401468399,MIA,4065778,33
401468399,MIA,3157465,21
401468399,MIA,4278572,12
401468399,MIA,4291678,29
401468399,MIA,2580913,13
401468399,MIA,4593049,8
401468399,MIA,3137259,0
401468399,CLE,4066405,22
401468399,CLE,4066328,27
401468399,CLE,4432158,30
401468399,CLE,3908809,27
401468399,CLE,4396907,28
401468399,CLE,3947156,6
401468399,CLE,4432815,4
401468399,CLE,4432822,29
401468399,CLE,3893016,37
401468399,CLE,3447,8
401468399,CLE,2968361,8
401468399,CLE,2991043,14
401468400,GS,6589,32
401468400,GS,3059319,37
401468400,GS,3155535,29
401468400,GS,3975,37
401468400,GS,6475,36
401468400,GS,2327577,15
401468400,GS,4066790,4
401468400,GS,4433247,6
401468400,GS,3934673,16
401468400,GS,4277956,25
401468400,GS,4432171,5
401468400,GS,4065733,0
401468400,HOU,4432639,32
401468400,HOU,4871144,23
401468400,HOU,3431,30
401468400,HOU,4397140,35
401468400,HOU,4437244,38
401468400,HOU,4871143,22
401468400,HOU,4431828,24
401468400,HOU,4433192,23
401468400,HOU,4432176,13
401468400,HOU,4376,0
401468400,HOU,4432168,0
401468400,HOU,3913180,0
401468401,DEN,3209,5
401468401,DEN,4278104,31
401468401,DEN,3442,34
401468401,DEN,2581018,38
401468401,DEN,4065670,36
401468401,DEN,4431690,16
401468401,DEN,4230557,11
401468401,DEN,3059262,18
401468401,DEN,4431767,16
401468401,DEN,4592492,35
401468401,DEN,4065653,0
401468401,DEN,4576087,0
401468401,DAL,2531367,20
401468401,DAL,2578185,36
401468401,DAL,2528779,26
401468401,DAL,2580782,30
401468401,DAL,3945274,36
401468401,DAL,3058254,17
401468401,DAL,6426,14
401468401,DAL,3452,11
401468401,DAL,2528210,21
401468401,DAL,4432811,30
401468401,DAL,4230547,0
401468401,DAL,2968334,0
401468401,DAL,3138154,0
401468401,DAL,4868423,0
401468402,SA,4395723,31
401468402,SA,4610139,26
401468402,SA,2534781,21
401468402,SA,4395626,26
401468402,SA,4395630,29
401468402,SA,4066392,15
401468402,SA,2528588,19
401468402,SA,4565201,6
401468402,SA,4870562,6
401468402,SA,3136779,16
401468402,SA,4397886,21
401468402,SA,2581190,19
401468402,SA,4701031,6
401468402,LAL,6583,28
401468402,LAL,4278508,23
401468402,LAL,3964,20
401468402,LAL,4066457,27
401468402,LAL,4277890,28
401468402,LAL,3908336,6
401468402,LAL,4066264,16
401468402,LAL,3064559,4
401468402,LAL,3934723,23
401468402,LAL,3468,22
401468402,LAL,3032979,23
401468402,LAL,3056247,21
401468403,ATL,3908845,34
401468403,ATL,4432585,36
401468403,ATL,3102529,27
401468403,ATL,3907497,37
401468403,ATL,4277905,35
401468403,ATL,2284101,16
401468403,ATL,2579294,1
401468403,ATL,4431680,20
401468403,ATL,4701230,14
401468403,ATL,3922230,19
401468403,ATL,4578893,1
401468403,CLE,4066405,29
401468403,CLE,4066328,33
401468403,CLE,4432158,36
401468403,CLE,3908809,39
401468403,CLE,4396907,38
401468403,CLE,3449,12
401468403,CLE,4432822,15
401468403,CLE,3893016,29
401468403,CLE,3447,10
401468403,CLE,3947156,0
401468403,CLE,2968361,0
401468404,ORL,4278052,12
401468404,ORL,4566434,31
401468404,ORL,4277919,33
401468404,ORL,4397102,27
401468404,ORL,4432165,24
401468404,ORL,4433623,13
401468404,ORL,3918423,21
401468404,ORL,6619,22
401468404,ORL,2999547,23
401468404,ORL,4067858,14
401468404,ORL,4590530,21
401468404,IND,4397189,18
401468404,IND,3133628,26
401468404,IND,2990984,22
401468404,IND,4396909,31
401468404,IND,4396993,27
401468404,IND,4279815,5
401468404,IND,4432170,22
401468404,IND,4278031,27
401468404,IND,4348700,5
401468404,IND,2530530,32
401468404,IND,4683634,27
401468404,IND,3999,0
401468404,IND,4395712,0
401468405,BOS,4065648,36
401468405,BOS,4066218,35
401468405,BOS,3213,35
401468405,BOS,2990992,35
401468405,BOS,3917376,38
401468405,BOS,4065804,12
401468405,BOS,3064560,6
401468405,BOS,2566769,25
401468405,BOS,3078576,18
401468405,BOS,3989,0
401468405,BOS,3078284,0
401468405,BOS,3138156,0
401468405,BOS,4066354,0
401468405,CHI,4431687,26
401468405,CHI,6478,35
401468405,CHI,3978,35
401468405,CHI,3064440,34
401468405,CHI,4397002,36
401468405,CHI,6585,13
401468405,CHI,3423,7
401468405,CHI,2596112,12
401468405,CHI,2991350,29
401468405,CHI,4395651,14
401468405,CHI,3936099,0
401468405,CHI,4065673,0
401468405,CHI,4433159,0
401468406,POR,2991070,35
401468406,POR,3102530,32
401468406,POR,3062679,40
401468406,POR,4351851,37
401468406,POR,4914336,27
401468406,POR,3135047,18
401468406,POR,3914285,15
401468406,POR,4431675,13
401468406,POR,4432446,1
401468406,POR,4432588,1
401468406,POR,4395652,21
401468406,POR,6606,0
401468406,MIL,3032977,35
401468406,MIL,3448,30
401468406,MIL,3995,28
401468406,MIL,3133635,26
401468406,MIL,3135045,32
401468406,MIL,3439,4
401468406,MIL,3064482,24
401468406,MIL,4278580,1
401468406,MIL,4432179,5
401468406,MIL,4277883,18
401468406,MIL,3438,20
401468406,MIL,2578239,16
401468406,MIL,4397475,1
401468406,MIL,3102533,0
401468407,MIA,3138160,40
401468407,MIA,4997528,23
401468407,MIA,4066261,35
401468407,MIA,3012,44
401468407,MIA,4065778,40
401468407,MIA,4278572,25
401468407,MIA,4291678,20
401468407,MIA,2580913,12
401468407,MIA,3157465,0
401468407,MIA,4593049,0
401468407,MIA,3137259,0
401468407,MIN,4431671,32
401468407,MIN,3032976,31
401468407,MIN,3136195,34
401468407,MIN,3136776,28
401468407,MIN,4594268,39
401468407,MIN,2990962,30
401468407,MIN,4396971,16
401468407,MIN,2994526,4
401468407,MIN,3134916,16
401468407,MIN,4278541,9
401468407,MIN,2993874,0
401468407,MIN,4067325,0
401468407,MIN,4592187,0
401468407,MIN,4687718,0
401468407,MIN,6617,0
401468408,GS,3155535,5
401468408,GS,4066790,34
401468408,GS,4433247,40
401468408,GS,3934673,19
401468408,GS,4277956,27
401468408,GS,2327577,23
401468408,GS,4065733,26
401468408,GS,4432171,33
401468408,GS,4433246,16
401468408,GS,4591725,17
401468408,GS,3059319,0
401468408,NO,3913176,31
401468408,NO,4277813,20
401468408,NO,4395628,23
401468408,NO,6477,23
401468408,NO,2490149,22
401468408,NO,2580365,18
401468408,NO,4278594,23
401468408,NO,2999409,7
401468408,NO,4397077,7
401468408,NO,3133601,22
401468408,NO,4023,7
401468408,NO,4277869,16
401468408,NO,4869342,20
401468409,NY,3064514,33
401468409,NY,4395625,37
401468409,NY,4351852,13
401468409,NY,3934672,34
401468409,NY,4397014,33
401468409,NY,4278355,18
401468409,NY,4222252,16
401468409,NY,4277922,15
401468409,NY,4395724,25
401468409,NY,4431823,15
401468409,NY,6588,0
401468409,NY,2991047,0
401468409,NY,3133602,0
401468409,OKC,4432813,22
401468409,OKC,3133626,17
401468409,OKC,4278073,35
401468409,OKC,4397020,32
401468409,OKC,4871145,34
401468409,OKC,4066317,8
401468409,OKC,4066410,15
401468409,OKC,4423545,18
401468409,OKC,2490089,8
401468409,OKC,4395702,3
401468409,OKC,4397183,11
401468409,OKC,4432819,12
401468409,OKC,4593803,26
401468409,OKC,4432823,0
401468410,UTAH,2489663,32
401468410,UTAH,4066336,39
401468410,UTAH,4278077,24
401468410,UTAH,2528426,39
401468410,UTAH,4277811,28
401468410,UTAH,3899664,7
401468410,UTAH,4396991,20
401468410,UTAH,4433136,12
401468410,UTAH,3907822,30
401468410,UTAH,4278039,9
401468410,UTAH,4066299,0
401468410,LAC,6450,23
401468410,LAC,6462,27
401468410,LAC,4017837,35
401468410,LAC,6443,36
401468410,LAC,3907823,21
401468410,LAC,3416,25
401468410,LAC,4237,22
401468410,LAC,2595516,28
401468410,LAC,4066387,22
401468410,LAC,2490620,0
401468410,LAC,4397126,0
401468411,BKN,3202,37
401468411,BKN,2583632,39
401468411,BKN,4278067,21
401468411,BKN,6442,31
401468411,BKN,3907387,32
401468411,BKN,6461,4
401468411,BKN,4397693,3
401468411,BKN,2528794,23
401468411,BKN,4432194,3
401468411,BKN,4004,13
401468411,BKN,3136485,3
401468411,BKN,2326307,24
401468411,BKN,4397107,3
401468411,BKN,4432174,3
401468411,PHI,3033,37
401468411,PHI,6440,34
401468411,PHI,2991055,16
401468411,PHI,3915195,36
401468411,PHI,4066436,32
401468411,PHI,2990969,18
401468411,PHI,4278562,31
401468411,PHI,4592479,1
401468411,PHI,4820852,1
401468411,PHI,2991155,9
401468411,PHI,3929325,21
401468411,PHI,3907498,3
401468412,SAC,6578,33
401468412,SAC,3155942,37
401468412,SAC,4594327,24
401468412,SAC,4066259,35
401468412,SAC,4066372,33
401468412,SAC,3914283,11
401468412,SAC,3136196,15
401468412,SAC,3919454,9
401468412,SAC,4066262,23
401468412,SAC,4278053,19
401468412,SAC,2993370,0
401468412,SAC,3919347,0
401468412,SAC,4278521,0
401468412,SAC,2596107,0
401468412,SAC,2489716,0
401468412,MEM,3155526,32
401468412,MEM,4277961,27
401468412,MEM,2991235,30
401468412,MEM,3134932,31
401468412,MEM,4279888,34
401468412,MEM,3906665,18
401468412,MEM,4592691,10
401468412,MEM,4593041,15
401468412,MEM,4593125,16
401468412,MEM,3135046,27
401468412,MEM,4277964,0
401468412,MEM,4432646,0
401468413,DET,4277848,22
401468413,DET,4277957,24
401468413,DET,3593,35
401468413,DET,4433218,26
401468413,DET,4683024,28
401468413,DET,4278075,25
401468413,DET,4433621,26
401468413,DET,6446,18
401468413,DET,6429,21
401468413,DET,4080610,16
401468413,DET,4066240,0
401468413,DET,2991280,0
401468413,DET,2488826,0
401468413,DEN,3064290,29
401468413,DEN,4278104,33
401468413,DEN,3112335,37
401468413,DEN,2581018,30
401468413,DEN,3936299,34
401468413,DEN,4431690,19
401468413,DEN,3442,11
401468413,DEN,3059262,8
401468413,DEN,4065670,25
401468413,DEN,4431767,3
401468413,DEN,4592492,9
401468413,DEN,4065653,0
401468413,DEN,4230557,0
401468414,LAL,6583,38
401468414,LAL,4278508,21
401468414,LAL,3964,29
401468414,LAL,4066457,36
401468414,LAL,4277890,38
401468414,LAL,4066264,7
401468414,LAL,3934723,11
401468414,LAL,3468,31
401468414,LAL,3032979,20
401468414,LAL,3056247,9
401468414,LAL,3908336,0
401468414,LAL,3064559,0
401468414,PHX,2528693,30
401468414,PHX,4278129,32
401468414,PHX,3064230,28
401468414,PHX,3136193,35
401468414,PHX,3147657,41
401468414,PHX,3059307,12
401468414,PHX,6427,16
401468414,PHX,4397235,18
401468414,PHX,2595209,21
401468414,PHX,4065663,7
401468414,PHX,3032978,0
401468414,PHX,3146557,0
401468414,PHX,2779,0
401468415,PHI,3033,34
401468415,PHI,6440,37
401468415,PHI,2991055,22
401468415,PHI,3915195,39
401468415,PHI,4066436,37
401468415,PHI,2990969,19
401468415,PHI,4278562,22
401468415,PHI,2991155,11
401468415,PHI,3929325,20
401468415,PHI,4592479,0
401468415,PHI,3907498,0
401468415,CHA,4278078,34
401468415,CHA,4249,29
401468415,CHA,2488653,26
401468415,CHA,3074752,40
401468415,CHA,3133603,33
401468415,CHA,4431699,8
401468415,CHA,4066731,21
401468415,CHA,4278076,21
401468415,CHA,4065697,11
401468415,CHA,4683027,16
401468415,CHA,4702233,0
401468415,CHA,4701232,0
401468415,CHA,4431712,0
401468415,CHA,4576086,0
401468416,POR,3135047,28
401468416,POR,2991070,36
401468416,POR,3102530,28
401468416,POR,3062679,33
401468416,POR,4351851,38
401468416,POR,3914285,17
401468416,POR,4431675,17
401468416,POR,4432446,3
401468416,POR,4432588,3
401468416,POR,4395652,22
401468416,POR,4914336,15
401468416,POR,6606,0
401468416,CLE,4066405,28
401468416,CLE,4066328,36
401468416,CLE,4432158,35
401468416,CLE,3908809,31
401468416,CLE,4396907,36
401468416,CLE,3912848,18
401468416,CLE,4432815,2
401468416,CLE,4432822,21
401468416,CLE,3893016,27
401468416,CLE,3447,5
401468416,CLE,2968361,2
401468417,MIN,4431671,31
401468417,MIN,3032976,32
401468417,MIN,3136195,37
401468417,MIN,3136776,36
401468417,MIN,4594268,36
401468417,MIN,2990962,11
401468417,MIN,2993874,24
401468417,MIN,4067325,1
401468417,MIN,4592187,1
401468417,MIN,4277951,1
401468417,MIN,6617,20
401468417,MIN,4278541,11
401468417,MIN,4687718,0
401468417,MIN,4396971,0
401468417,MIN,2994526,0
401468417,IND,4397189,22
401468417,IND,3133628,33
401468417,IND,2990984,34
401468417,IND,4396909,26
401468417,IND,4396993,35
401468417,IND,4279815,2
401468417,IND,4278031,20
401468417,IND,4348700,15
401468417,IND,2530530,19
401468417,IND,4433254,2
401468417,IND,4683634,33
401468417,IND,3999,0
401468417,IND,4432170,0
401468417,IND,4395712,0
401468418,SAC,6578,32
401468418,SAC,3155942,34
401468418,SAC,4594327,21
401468418,SAC,4066259,32
401468418,SAC,4066372,29
401468418,SAC,3914283,14
401468418,SAC,3136196,20
401468418,SAC,4278521,0
401468418,SAC,2489716,2
401468418,SAC,3919454,9
401468418,SAC,4066262,26
401468418,SAC,4278053,19
401468418,SAC,2993370,0
401468418,SAC,2596107,0
401468418,SAC,4702177,0
401468418,ATL,3908845,32
401468418,ATL,4065732,35
401468418,ATL,3102529,28
401468418,ATL,3907497,35
401468418,ATL,4277905,35
401468418,ATL,4431680,19
401468418,ATL,4432585,24
401468418,ATL,4701230,16
401468418,ATL,3922230,17
401468418,ATL,2284101,0
401468418,ATL,2579294,0
401468418,ATL,4065656,0
401468418,ATL,4578893,0
401468419,DAL,2531367,11
401468419,DAL,2578185,37
401468419,DAL,2528779,27
401468419,DAL,2580782,32
401468419,DAL,3945274,40
401468419,DAL,3058254,34
401468419,DAL,6426,5
401468419,DAL,3452,5
401468419,DAL,4230547,2
401468419,DAL,2528210,22
401468419,DAL,2968334,2
401468419,DAL,3138154,2
401468419,DAL,4432811,22
401468419,BOS,4065648,37
401468419,BOS,3213,35
401468419,BOS,2990992,34
401468419,BOS,3078576,29
401468419,BOS,3917376,36
401468419,BOS,3138156,2
401468419,BOS,4065804,17
401468419,BOS,4066218,26
401468419,BOS,2566769,24
401468419,BOS,4066354,2
401468419,BOS,3989,0
401468419,BOS,3078284,0
401468419,BOS,3064560,0
401468419,BOS,4065660,0
401468420,WSH,3134907,40
401468420,WSH,4280151,39
401468420,WSH,4683021,41
401468420,WSH,3102531,33
401468420,WSH,4278402,25
401468420,WSH,3986,5
401468420,WSH,2581184,13
401468420,WSH,4278049,10
401468420,WSH,6579,29
401468420,WSH,4432356,6
401468420,WSH,4715198,0
401468420,WSH,4431669,0
401468420,WSH,4397016,0
401468420,MIA,3138160,40
401468420,MIA,4997528,12
401468420,MIA,4066261,35
401468420,MIA,3012,35
401468420,MIA,4395725,29
401468420,MIA,4278572,18
401468420,MIA,4291678,38
401468420,MIA,2580913,13
401468420,MIA,3137259,19
401468420,MIA,2184,0
401468420,MIA,4593049,0
401468421,BKN,3202,33
401468421,BKN,2583632,27
401468421,BKN,4278067,30
401468421,BKN,6442,28
401468421,BKN,3907387,33
401468421,BKN,6461,18
401468421,BKN,4397693,4
401468421,BKN,2528794,14
401468421,BKN,4432194,4
401468421,BKN,4004,6
401468421,BKN,3136485,21
401468421,BKN,4397107,4
401468421,BKN,4432174,17
401468421,TOR,3244,28
401468421,TOR,3934719,36
401468421,TOR,4431778,18
401468421,TOR,4066668,30
401468421,TOR,4277843,31
401468421,TOR,4017839,33
401468421,TOR,3948153,29
401468421,TOR,2578240,11
401468421,TOR,4066786,21
401468421,TOR,4397251,5
401468421,TOR,4397885,0
401468421,TOR,4432907,0
401468422,CHI,4431687,26
401468422,CHI,6478,30
401468422,CHI,3978,38
401468422,CHI,3064440,34
401468422,CHI,4397002,24
401468422,CHI,6585,17
401468422,CHI,2596112,19
401468422,CHI,2991350,27
401468422,CHI,4395651,25
401468422,CHI,3936099,0
401468422,CHI,4066490,0
401468422,CHI,4065673,0
401468422,CHI,4683622,0
401468422,CHI,3056245,0
401468422,CHI,4433159,0
401468422,MIL,3032977,34
401468422,MIL,3448,32
401468422,MIL,3995,36
401468422,MIL,3133635,25
401468422,MIL,3135045,33
401468422,MIL,3064482,25
401468422,MIL,4277883,6
401468422,MIL,3438,17
401468422,MIL,4032,17
401468422,MIL,2578239,14
401468422,MIL,3439,0
401468422,MIL,3102533,0
401468422,MIL,4278580,0
401468422,MIL,4432179,0
401468422,MIL,4397475,0
401468423,DEN,3064290,38
401468423,DEN,3112335,43
401468423,DEN,3059262,25
401468423,DEN,2581018,41
401468423,DEN,4065670,45
401468423,DEN,4065653,10
401468423,DEN,4431690,15
401468423,DEN,4230557,35
401468423,DEN,4431767,14
401468423,DEN,3442,0
401468423,DEN,4305,0
401468423,OKC,4432813,35
401468423,OKC,4683018,29
401468423,OKC,4278073,43
401468423,OKC,4397020,37
401468423,OKC,4871145,29
401468423,OKC,4066410,12
401468423,OKC,4423545,13
401468423,OKC,4395702,21
401468423,OKC,4432819,18
401468423,OKC,4593803,30
401468423,OKC,3133626,0
401468423,OKC,4397183,0
401468424,NO,3913176,32
401468424,NO,4277813,19
401468424,NO,4395628,27
401468424,NO,6477,26
401468424,NO,4277869,30
401468424,NO,2580365,17
401468424,NO,4278594,24
401468424,NO,2999409,5
401468424,NO,4397077,5
401468424,NO,3133601,28
401468424,NO,4023,5
401468424,NO,4869342,22
401468424,SA,4395723,16
401468424,SA,4610139,24
401468424,SA,3134908,26
401468424,SA,4395626,31
401468424,SA,4395630,32
401468424,SA,4066392,16
401468424,SA,2528588,23
401468424,SA,3136779,24
401468424,SA,2534781,7
401468424,SA,4397886,12
401468424,SA,4397008,23
401468424,SA,4701031,7
401468425,DET,4277848,21
401468425,DET,4277957,20
401468425,DET,3593,34
401468425,DET,4433218,32
401468425,DET,4683024,17
401468425,DET,4278075,26
401468425,DET,4433621,27
401468425,DET,6446,23
401468425,DET,6429,19
401468425,DET,4080610,23
401468425,DET,4066240,0
401468425,DET,2991280,0
401468425,DET,2488826,0
401468425,UTAH,2489663,35
401468425,UTAH,4066336,34
401468425,UTAH,4278077,22
401468425,UTAH,2528426,37
401468425,UTAH,4277811,35
401468425,UTAH,3899664,12
401468425,UTAH,4396991,13
401468425,UTAH,4066299,1
401468425,UTAH,4433136,21
401468425,UTAH,3907822,29
401468425,UTAH,4278039,0
401468425,UTAH,4397018,0
401468426,LAC,6462,28
401468426,LAC,4017837,26
401468426,LAC,6443,22
401468426,LAC,3907823,33
401468426,LAC,4066387,36
401468426,LAC,2490620,21
401468426,LAC,3416,11
401468426,LAC,4397126,12
401468426,LAC,4237,21
401468426,LAC,2595516,29
401468426,LAC,3913174,0
401468426,GS,6589,33
401468426,GS,3059319,32
401468426,GS,3155535,17
401468426,GS,3975,32
401468426,GS,6475,27
401468426,GS,2327577,12
401468426,GS,4066790,21
401468426,GS,4433247,14
401468426,GS,3934673,17
401468426,GS,4277956,22
401468426,GS,4432171,5
401468426,GS,4433246,4
401468426,GS,4591725,5
401468427,MIN,4431671,24
401468427,MIN,3032976,34
401468427,MIN,3136195,37
401468427,MIN,3136776,36
401468427,MIN,4594268,37
401468427,MIN,2993874,23
401468427,MIN,4396971,13
401468427,MIN,6617,18
401468427,MIN,4278541,18
401468427,MIN,4067325,0
401468427,MIN,4592187,0
401468427,MIN,2994526,0
401468427,CHA,4066731,31
401468427,CHA,4278078,20
401468427,CHA,2488653,28
401468427,CHA,3074752,38
401468427,CHA,3133603,34
401468427,CHA,4431699,28
401468427,CHA,4278076,20
401468427,CHA,4683027,26
401468427,CHA,4431712,15
401468427,CHA,4702233,0
401468427,CHA,4701232,0
401468427,CHA,4576086,0
401468428,PHI,3033,25
401468428,PHI,6440,35
401468428,PHI,2991055,28
401468428,PHI,3915195,42
401468428,PHI,4066436,37
401468428,PHI,2990969,23
401468428,PHI,4278562,20
401468428,PHI,2991155,14
401468428,PHI,3929325,17
401468428,PHI,4592479,0
401468428,PHI,4278124,0
401468428,ORL,4432573,36
401468428,ORL,4566434,36
401468428,ORL,4277919,27
401468428,ORL,4397102,35
401468428,ORL,4432165,19
401468428,ORL,4433623,14
401468428,ORL,3150844,17
401468428,ORL,2999547,27
401468428,ORL,4590530,29
401468428,ORL,3918423,0
401468428,ORL,6619,0
401468428,ORL,4067858,0
401468429,POR,3135047,46
401468429,POR,2991070,40
401468429,POR,3102530,38
401468429,POR,3062679,42
401468429,POR,4351851,47
401468429,POR,4431675,21
401468429,POR,4395652,18
401468429,POR,4914336,13
401468429,POR,4432446,0
401468429,POR,4432588,0
401468429,POR,4871140,0
401468429,POR,6606,0
401468429,NY,3064514,39
401468429,NY,4395625,44
401468429,NY,4351852,23
401468429,NY,3934672,41
401468429,NY,4397014,30
401468429,NY,4278355,14
401468429,NY,4222252,17
401468429,NY,4277922,13
401468429,NY,4395724,32
401468429,NY,4431823,12
401468429,NY,6588,0
401468429,NY,2991047,0
401468429,NY,3133602,0
401468430,SAC,6578,23
401468430,SAC,3155942,33
401468430,SAC,4594327,23
401468430,SAC,4066259,31
401468430,SAC,4066372,32
401468430,SAC,3914283,10
401468430,SAC,2993370,5
401468430,SAC,3136196,8
401468430,SAC,4278521,21
401468430,SAC,2489716,5
401468430,SAC,3919454,14
401468430,SAC,4066262,23
401468430,SAC,4278053,14
401468430,SAC,2596107,0
401468430,BOS,4065648,31
401468430,BOS,3213,28
401468430,BOS,2990992,29
401468430,BOS,3078576,26
401468430,BOS,3917376,27
401468430,BOS,3078284,4
401468430,BOS,3138156,4
401468430,BOS,4065804,22
401468430,BOS,4066218,18
401468430,BOS,3064560,13
401468430,BOS,2566769,21
401468430,BOS,4066354,15
401468430,BOS,4576085,3
401468430,BOS,3989,0
401468430,BOS,4065660,0
401468431,BKN,3202,39
401468431,BKN,2583632,41
401468431,BKN,4278067,28
401468431,BKN,6442,38
401468431,BKN,3907387,34
401468431,BKN,6461,13
401468431,BKN,4397693,1
401468431,BKN,2528794,12
401468431,BKN,4004,5
401468431,BKN,2326307,28
401468431,BKN,4397107,1
401468431,BKN,4432194,0
401468431,BKN,3136485,0
401468431,BKN,4432174,0
401468431,IND,4397189,21
401468431,IND,3133628,34
401468431,IND,2990984,39
401468431,IND,4396909,26
401468431,IND,4396993,34
401468431,IND,3999,10
401468431,IND,4432170,14
401468431,IND,4278031,12
401468431,IND,2530530,21
401468431,IND,4683634,30
401468431,IND,4279815,0
401468431,IND,4348700,0
401468431,IND,4395712,0
401468432,WSH,3134907,39
401468432,WSH,4280151,35
401468432,WSH,4683021,31
401468432,WSH,3102531,36
401468432,WSH,6580,38
401468432,WSH,2581184,13
401468432,WSH,4278049,8
401468432,WSH,6579,16
401468432,WSH,4278402,25
401468432,WSH,4715198,0
401468432,WSH,3986,0
401468432,WSH,4431669,0
401468432,WSH,4397016,0
401468432,MIA,3138160,38
401468432,MIA,4997528,14
401468432,MIA,4066261,35
401468432,MIA,3012,39
401468432,MIA,4395725,39
401468432,MIA,4278572,12
401468432,MIA,4291678,34
401468432,MIA,2580913,13
401468432,MIA,4066993,16
401468432,MIA,2184,0
401468432,MIA,3137259,0
401468433,ATL,3908845,34
401468433,ATL,4065732,38
401468433,ATL,4431680,33
401468433,ATL,3907497,36
401468433,ATL,4277905,38
401468433,ATL,2284101,1
401468433,ATL,2579294,8
401468433,ATL,4432585,24
401468433,ATL,4701230,13
401468433,ATL,3922230,16
401468433,ATL,4277928,0
401468433,ATL,4578893,0
401468433,HOU,4277952,17
401468433,HOU,4431828,34
401468433,HOU,4432639,38
401468433,HOU,4397140,37
401468433,HOU,4437244,33
401468433,HOU,4871143,19
401468433,HOU,4433192,19
401468433,HOU,4432168,5
401468433,HOU,4432176,16
401468433,HOU,3913180,23
401468433,HOU,4376,0
401468434,NO,3913176,18
401468434,NO,4277813,23
401468434,NO,4395628,30
401468434,NO,6477,17
401468434,NO,4277869,22
401468434,NO,2580365,15
401468434,NO,4278594,14
401468434,NO,4397688,26
401468434,NO,2999409,12
401468434,NO,4397077,12
401468434,NO,3133601,14
401468434,NO,4023,12
401468434,NO,4869342,25
401468434,MEM,3155526,29
401468434,MEM,4277961,22
401468434,MEM,2991235,25
401468434,MEM,3134932,25
401468434,MEM,4279888,28
401468434,MEM,3906665,21
401468434,MEM,4585610,5
401468434,MEM,4592691,26
401468434,MEM,4593041,24
401468434,MEM,3135046,21
401468434,MEM,4397227,5
401468434,MEM,4432646,8
401468435,CLE,3912848,36
401468435,CLE,4066328,12
401468435,CLE,4432158,29
401468435,CLE,3908809,32
401468435,CLE,4396907,38
401468435,CLE,3947156,3
401468435,CLE,4432815,3
401468435,CLE,4432822,32
401468435,CLE,3893016,32
401468435,CLE,3447,19
401468435,CLE,2968361,3
401468435,MIL,3032977,31
401468435,MIL,3448,28
401468435,MIL,3995,23
401468435,MIL,3133635,25
401468435,MIL,3135045,28
401468435,MIL,3064482,25
401468435,MIL,3102533,3
401468435,MIL,4278580,9
401468435,MIL,4432179,3
401468435,MIL,4277883,24
401468435,MIL,3438,20
401468435,MIL,4032,17
401468435,MIL,4397475,3
401468436,CHI,4431687,32
401468436,CHI,6478,40
401468436,CHI,3978,42
401468436,CHI,3064440,45
401468436,CHI,4397002,25
401468436,CHI,3936099,6
401468436,CHI,6585,7
401468436,CHI,3423,11
401468436,CHI,2596112,11
401468436,CHI,2991350,28
401468436,CHI,4395651,18
401468436,CHI,4065673,0
401468436,CHI,3056245,0
401468436,CHI,4433159,0
401468436,OKC,4683018,32
401468436,OKC,4278073,40
401468436,OKC,4397020,34
401468436,OKC,4593803,20
401468436,OKC,4871145,38
401468436,OKC,4423545,20
401468436,OKC,4432813,20
401468436,OKC,3133626,33
401468436,OKC,4395702,15
401468436,OKC,4432819,13
401468436,OKC,4066410,0
401468436,OKC,4397183,0
401468437,LAL,1966,33
401468437,LAL,6583,35
401468437,LAL,4278508,29
401468437,LAL,3032979,29
401468437,LAL,4277890,34
401468437,LAL,4066264,13
401468437,LAL,4401416,1
401468437,LAL,3468,19
401468437,LAL,3056247,16
401468437,LAL,4066457,29
401468437,LAL,4432582,2
401468437,LAL,3908336,0
401468437,LAL,3064559,0
401468437,LAL,3934723,0
401468437,LAL,3964,0
401468437,SA,4395723,35
401468437,SA,4610139,36
401468437,SA,3134908,25
401468437,SA,4395626,33
401468437,SA,4395630,36
401468437,SA,4066392,12
401468437,SA,4066650,21
401468437,SA,4565201,14
401468437,SA,3136779,3
401468437,SA,4397886,2
401468437,SA,4397008,22
401468437,SA,4701031,2
401468437,SA,2534781,0
401468438,DET,4277848,31
401468438,DET,4277957,30
401468438,DET,3593,33
401468438,DET,2488826,20
401468438,DET,4683024,38
401468438,DET,4066240,2
401468438,DET,4278075,29
401468438,DET,2991280,2
401468438,DET,4433621,14
401468438,DET,6429,18
401468438,DET,4080610,22
401468438,DET,4433218,0
401468438,PHX,2528693,33
401468438,PHX,4278129,30
401468438,PHX,3064230,32
401468438,PHX,3136193,36
401468438,PHX,3147657,35
401468438,PHX,6427,18
401468438,PHX,4397235,17
401468438,PHX,2595209,25
401468438,PHX,4065663,14
401468438,PHX,3032978,0
401468438,PHX,3059307,0
401468438,PHX,3146557,0
401468438,PHX,2779,0
401468439,UTAH,2489663,33
401468439,UTAH,4066336,37
401468439,UTAH,4278077,27
401468439,UTAH,2528426,35
401468439,UTAH,4277811,24
401468439,UTAH,4396991,12
401468439,UTAH,4433136,21
401468439,UTAH,3907822,20
401468439,UTAH,4278039,30
401468439,UTAH,3899664,0
401468439,UTAH,4066299,0
401468439,UTAH,4397018,0
401468439,GS,6589,31
401468439,GS,3059319,34
401468439,GS,3155535,28
401468439,GS,3975,36
401468439,GS,6475,35
401468439,GS,2327577,10
401468439,GS,4066790,8
401468439,GS,4433247,13
401468439,GS,3934673,19
401468439,GS,4277956,26
401468439,GS,4065733,0
401468439,GS,4432171,0
401468440,DEN,3064290,28
401468440,DEN,3112335,32
401468440,DEN,2581018,31
401468440,DEN,3936299,34
401468440,DEN,4065670,31
401468440,DEN,4065653,2
401468440,DEN,4431690,16
401468440,DEN,4230557,25
401468440,DEN,4305,13
401468440,DEN,3059262,20
401468440,DEN,4431767,7
401468440,DEN,4576087,2
401468440,DEN,3442,0
401468440,LAC,6462,27
401468440,LAC,4017837,29
401468440,LAC,6443,31
401468440,LAC,3907823,30
401468440,LAC,4066387,25
401468440,LAC,2490620,20
401468440,LAC,3416,24
401468440,LAC,4397126,6
401468440,LAC,4237,24
401468440,LAC,2595516,24
401468440,LAC,3913174,0
401468441,DAL,2531367,14
401468441,DAL,2578185,32
401468441,DAL,2528779,27
401468441,DAL,2580782,28
401468441,DAL,3945274,43
401468441,DAL,2960236,29
401468441,DAL,3058254,23
401468441,DAL,3452,6
401468441,DAL,2528210,17
401468441,DAL,2968334,4
401468441,DAL,4432811,17
401468441,DAL,6426,0
401468441,DAL,4230547,0
401468441,DAL,3138154,0
401468441,TOR,4017839,30
401468441,TOR,3244,27
401468441,TOR,3934719,43
401468441,TOR,2991230,41
401468441,TOR,4277843,27
401468441,TOR,3948153,36
401468441,TOR,2578240,13
401468441,TOR,4431778,5
401468441,TOR,4066668,6
401468441,TOR,4066786,12
401468441,TOR,4432907,0
401468441,TOR,4397251,0
401468442,OKC,4683018,9
401468442,OKC,4278073,28
401468442,OKC,4397020,14
401468442,OKC,4593803,29
401468442,OKC,4871145,28
401468442,OKC,4423545,11
401468442,OKC,4432813,24
401468442,OKC,4997526,21
401468442,OKC,3133626,16
401468442,OKC,4395702,14
401468442,OKC,4397183,23
401468442,OKC,4432819,25
401468442,HOU,4432639,31
401468442,HOU,4871144,35
401468442,HOU,3431,27
401468442,HOU,4397140,33
401468442,HOU,4437244,34
401468442,HOU,4871143,13
401468442,HOU,4431828,14
401468442,HOU,4433192,17
401468442,HOU,4432168,2
401468442,HOU,4432176,15
401468442,HOU,3913180,18
401468442,HOU,4376,0
401468443,LAL,1966,35
401468443,LAL,4278508,23
401468443,LAL,3934723,18
401468443,LAL,3032979,31
401468443,LAL,4277890,39
401468443,LAL,4066264,22
401468443,LAL,3468,27
401468443,LAL,3056247,15
401468443,LAL,4066457,31
401468443,LAL,3908336,0
401468443,LAL,4401416,0
401468443,LAL,3064559,0
401468443,LAL,3964,0
401468443,LAL,4432582,0
401468443,SA,4395723,37
401468443,SA,4610139,14
401468443,SA,3134908,10
401468443,SA,4395626,36
401468443,SA,4395630,38
401468443,SA,4066392,16
401468443,SA,2528588,26
401468443,SA,4066650,19
401468443,SA,4565201,17
401468443,SA,4397886,2
401468443,SA,4397008,26
401468443,SA,2534781,0
401468443,SA,4701031,0
401468444,UTAH,2489663,33
401468444,UTAH,4066336,36
401468444,UTAH,4278077,23
401468444,UTAH,2528426,34
401468444,UTAH,4277811,30
401468444,UTAH,4396991,17
401468444,UTAH,4433136,17
401468444,UTAH,3907822,35
401468444,UTAH,4278039,16
401468444,UTAH,3899664,0
401468444,UTAH,4066299,0
401468444,UTAH,4397018,0
401468444,PHX,2528693,27
401468444,PHX,4278129,34
401468444,PHX,3064230,30
401468444,PHX,3136193,39
401468444,PHX,3147657,41
401468444,PHX,3059307,18
401468444,PHX,6427,8
401468444,PHX,3146557,5
401468444,PHX,4397235,4
401468444,PHX,2595209,18
401468444,PHX,3914044,15
401468444,PHX,3032978,0
401468444,PHX,4065663,0
401468445,POR,3135047,37
401468445,POR,2991070,40
401468445,POR,3102530,34
401468445,POR,3062679,36
401468445,POR,4351851,40
401468445,POR,3914285,14
401468445,POR,4431675,15
401468445,POR,4395652,10
401468445,POR,4914336,15
401468445,POR,4432446,0
401468445,POR,4432588,0
401468445,POR,6606,0
401468445,BKN,3202,37
401468445,BKN,2583632,38
401468445,BKN,4278067,32
401468445,BKN,6442,38
401468445,BKN,3907387,34
401468445,BKN,2528794,16
401468445,BKN,3136485,11
401468445,BKN,2326307,29
401468445,BKN,4432174,6
401468445,BKN,6461,0
401468445,BKN,4397693,0
401468445,BKN,4432194,0
401468445,BKN,4004,0
401468446,GS,6589,33
401468446,GS,3059319,31
401468446,GS,3155535,22
401468446,GS,3975,33
401468446,GS,6475,30
401468446,GS,2327577,14
401468446,GS,4066790,9
401468446,GS,4433247,20
401468446,GS,3934673,18
401468446,GS,4277956,27
401468446,GS,4432171,3
401468446,MIN,3032976,30
401468446,MIN,3136195,31
401468446,MIN,6617,29
401468446,MIN,3136776,31
401468446,MIN,4594268,36
401468446,MIN,2993874,19
401468446,MIN,4067325,3
401468446,MIN,4592187,3
401468446,MIN,4396971,16
401468446,MIN,2994526,17
401468446,MIN,4278541,24
401468447,IND,4397189,29
401468447,IND,3133628,20
401468447,IND,2990984,31
401468447,IND,4396909,23
401468447,IND,4396993,31
401468447,IND,4279815,6
401468447,IND,4432170,16
401468447,IND,4278031,23
401468447,IND,4348700,8
401468447,IND,2530530,22
401468447,IND,4433254,6
401468447,IND,4683634,25
401468447,IND,3999,0
401468447,IND,4395712,0
401468447,LAC,6462,29
401468447,LAC,4017837,36
401468447,LAC,6443,26
401468447,LAC,3907823,38
401468447,LAC,4066387,28
401468447,LAC,3416,24
401468447,LAC,4397126,11
401468447,LAC,4237,22
401468447,LAC,2595516,26
401468447,LAC,2490620,0
401468447,LAC,3913174,0
401468448,MIA,3138160,41
401468448,MIA,4066261,34
401468448,MIA,3012,33
401468448,MIA,4065778,33
401468448,MIA,4395725,40
401468448,MIA,4278572,2
401468448,MIA,4291678,23
401468448,MIA,2580913,14
401468448,MIA,4066993,21
401468448,MIA,2184,0
401468448,MIA,4997528,0
401468448,MIA,3137259,0
401468448,ATL,3908845,37
401468448,ATL,4065732,35
401468448,ATL,4431680,34
401468448,ATL,3907497,39
401468448,ATL,4277905,38
401468448,ATL,2579294,12
401468448,ATL,4432585,21
401468448,ATL,4701230,11
401468448,ATL,4065656,13
401468448,ATL,2284101,0
401468448,ATL,3102529,0
401468448,ATL,3922230,0
401468448,ATL,4578893,0
401468449,WSH,4280151,22
401468449,WSH,4683021,27
401468449,WSH,3102531,26
401468449,WSH,3059310,24
401468449,WSH,6580,35
401468449,WSH,3986,12
401468449,WSH,2581184,15
401468449,WSH,4278049,6
401468449,WSH,6579,31
401468449,WSH,4278402,24
401468449,WSH,4397016,18
401468449,BOS,4066218,32
401468449,BOS,3213,26
401468449,BOS,2990992,27
401468449,BOS,3078576,31
401468449,BOS,3917376,34
401468449,BOS,3078284,2
401468449,BOS,3138156,5
401468449,BOS,4065804,21
401468449,BOS,3064560,22
401468449,BOS,2566769,23
401468449,BOS,4066354,17
401468449,BOS,3989,0
401468450,CLE,3912848,35
401468450,CLE,3447,4
401468450,CLE,4432158,40
401468450,CLE,3908809,39
401468450,CLE,4396907,40
401468450,CLE,3947156,14
401468450,CLE,4432815,0
401468450,CLE,4432822,30
401468450,CLE,3893016,27
401468450,CLE,2968361,13
401468450,CLE,2991043,0
401468450,DET,4277848,28
401468450,DET,4277957,27
401468450,DET,2488826,18
401468450,DET,4397136,35
401468450,DET,4683024,33
401468450,DET,4278075,17
401468450,DET,4433621,20
401468450,DET,6446,17
401468450,DET,6429,25
401468450,DET,4080610,19
401468450,DET,4066240,0
401468450,DET,2991280,0
401468451,MEM,3155526,33
401468451,MEM,4277961,30
401468451,MEM,2991235,31
401468451,MEM,3134932,29
401468451,MEM,4279888,35
401468451,MEM,3906665,17
401468451,MEM,4592691,15
401468451,MEM,4593041,13
401468451,MEM,4593125,18
401468451,MEM,3135046,19
401468451,MEM,4277964,0
401468451,MEM,4585610,0
401468451,MEM,4432646,0
401468451,NY,3064514,35
401468451,NY,4395625,36
401468451,NY,4351852,32
401468451,NY,3934672,36
401468451,NY,4397014,26
401468451,NY,4278355,15
401468451,NY,4395627,24
401468451,NY,4222252,15
401468451,NY,3456,12
401468451,NY,4395724,10
401468451,NY,4431823,1
401468451,NY,4277922,0
401468451,NY,6588,0
401468451,NY,2991047,0
401468451,NY,3133602,0
401468452,PHI,3033,16
401468452,PHI,6440,30
401468452,PHI,2991055,18
401468452,PHI,3915195,38
401468452,PHI,4066436,30
401468452,PHI,2990969,20
401468452,PHI,4278562,30
401468452,PHI,4592479,5
401468452,PHI,2991155,25
401468452,PHI,3929325,25
401468452,PHI,4278124,4
401468452,ORL,4432573,31
401468452,ORL,4566434,27
401468452,ORL,4277919,12
401468452,ORL,4397102,32
401468452,ORL,2999547,29
401468452,ORL,4433623,26
401468452,ORL,3918423,22
401468452,ORL,3150844,26
401468452,ORL,6619,9
401468452,ORL,4590530,26
401468452,ORL,4067858,0
401468453,DAL,2531367,8
401468453,DAL,2578185,38
401468453,DAL,2580782,31
401468453,DAL,2528210,21
401468453,DAL,3945274,35
401468453,DAL,2960236,24
401468453,DAL,3058254,32
401468453,DAL,6426,17
401468453,DAL,3452,4
401468453,DAL,4230547,3
401468453,DAL,2968334,3
401468453,DAL,3138154,3
401468453,DAL,4432811,20
401468453,MIL,3032977,29
401468453,MIL,3448,23
401468453,MIL,3995,34
401468453,MIL,3133635,31
401468453,MIL,3135045,32
401468453,MIL,3064482,32
401468453,MIL,3102533,1
401468453,MIL,4278580,7
401468453,MIL,4432179,2
401468453,MIL,4277883,11
401468453,MIL,3438,15
401468453,MIL,4032,9
401468453,MIL,2578239,11
401468453,MIL,4397475,2
401468454,ATL,3908845,32
401468454,ATL,4065732,34
401468454,ATL,3102529,33
401468454,ATL,3907497,40
401468454,ATL,4277905,34
401468454,ATL,2284101,21
401468454,ATL,4431680,15
401468454,ATL,4432585,16
401468454,ATL,4065656,15
401468454,ATL,2579294,0
401468454,ATL,3922230,0
401468454,ATL,4277928,0
401468454,ATL,4578893,0
401468454,PHI,3033,28
401468454,PHI,6440,36
401468454,PHI,3059318,35
401468454,PHI,3915195,40
401468454,PHI,4066436,32
401468454,PHI,2990969,18
401468454,PHI,4278562,13
401468454,PHI,2991155,12
401468454,PHI,3929325,19
401468454,PHI,3907498,8
401468454,PHI,4592479,0
401468454,PHI,2991055,0
401468454,PHI,4278124,0
401468455,MIN,3032976,29
401468455,MIN,3136195,22
401468455,MIN,6617,24
401468455,MIN,3136776,33
401468455,MIN,4594268,37
401468455,MIN,2993874,28
401468455,MIN,4067325,5
401468455,MIN,4592187,5
401468455,MIN,4687718,5
401468455,MIN,4396971,18
401468455,MIN,2994526,12
401468455,MIN,4278541,25
401468455,WSH,3134907,31
401468455,WSH,4683021,19
401468455,WSH,3102531,31
401468455,WSH,3059310,22
401468455,WSH,6580,34
401468455,WSH,4715198,4
401468455,WSH,2581184,11
401468455,WSH,4278049,17
401468455,WSH,4280151,20
401468455,WSH,4431669,3
401468455,WSH,6579,18
401468455,WSH,4278402,23
401468455,WSH,4397016,3
401468455,WSH,4432356,4
401468455,WSH,3986,0
401468456,CHA,4066731,30
401468456,CHA,4278078,26
401468456,CHA,2488653,27
401468456,CHA,4683027,39
401468456,CHA,3133603,26
401468456,CHA,4431699,22
401468456,CHA,4278076,21
401468456,CHA,4431712,24
401468456,CHA,4576086,24
401468456,CHA,4065697,0
401468456,CHA,3074752,0
401468456,BOS,3989,22
401468456,BOS,4065648,30
401468456,BOS,4066218,22
401468456,BOS,2990992,31
401468456,BOS,3078576,25
401468456,BOS,3078284,8
401468456,BOS,3138156,9
401468456,BOS,4065804,27
401468456,BOS,3064560,18
401468456,BOS,4065660,8
401468456,BOS,2566769,23
401468456,BOS,4066354,17
401468457,ORL,4432573,39
401468457,ORL,4433623,31
401468457,ORL,4566434,31
401468457,ORL,4397102,39
401468457,ORL,2999547,36
401468457,ORL,3918423,17
401468457,ORL,3150844,11
401468457,ORL,4067858,16
401468457,ORL,4590530,21
401468457,ORL,4278052,0
401468457,ORL,4277919,0
401468457,BKN,3202,39
401468457,BKN,2583632,36
401468457,BKN,4278067,36
401468457,BKN,6442,39
401468457,BKN,3907387,11
401468457,BKN,2528794,36
401468457,BKN,3136485,7
401468457,BKN,2326307,25
401468457,BKN,4432174,10
401468457,BKN,6461,0
401468457,BKN,4397693,0
401468457,BKN,4432194,0
401468457,BKN,4004,0
401468458,CLE,3912848,28
401468458,CLE,4432822,32
401468458,CLE,4432158,33
401468458,CLE,3908809,25
401468458,CLE,4396907,33
401468458,CLE,4432815,7
401468458,CLE,3893016,28
401468458,CLE,3447,18
401468458,CLE,2968361,7
401468458,CLE,2991043,29
401468458,CLE,4066328,0
401468458,TOR,4017839,20
401468458,TOR,3244,26
401468458,TOR,3149673,30
401468458,TOR,3934719,37
401468458,TOR,2991230,32
401468458,TOR,3948153,22
401468458,TOR,4397885,4
401468458,TOR,4433134,27
401468458,TOR,2578240,4
401468458,TOR,4431778,7
401468458,TOR,4066668,2
401468458,TOR,4066786,2
401468458,TOR,4277843,26
401468458,TOR,4432907,0
401468458,TOR,4397251,0
401468459,OKC,4432813,34
401468459,OKC,4683018,27
401468459,OKC,4278073,36
401468459,OKC,4397020,32
401468459,OKC,4871145,28
401468459,OKC,4423545,6
401468459,OKC,4997526,11
401468459,OKC,3133626,19
401468459,OKC,4432819,23
401468459,OKC,4593803,25
401468459,OKC,4395702,0
401468459,OKC,4397183,0
401468459,NO,4277813,39
401468459,NO,4395628,35
401468459,NO,4397688,37
401468459,NO,6477,20
401468459,NO,4277869,30
401468459,NO,2999409,17
401468459,NO,4397077,5
401468459,NO,3133601,18
401468459,NO,4023,11
401468459,NO,4869342,28
401468459,NO,4431811,0
401468459,NO,4395698,0
401468460,HOU,4432639,17
401468460,HOU,4871144,23
401468460,HOU,3431,28
401468460,HOU,4397140,29
401468460,HOU,4437244,31
401468460,HOU,4871143,11
401468460,HOU,4277952,8
401468460,HOU,4431828,28
401468460,HOU,4433192,19
401468460,HOU,4376,6
401468460,HOU,4432168,6
401468460,HOU,4432176,19
401468460,HOU,3913180,15
401468460,DEN,3064290,14
401468460,DEN,3112335,27
401468460,DEN,2581018,23
401468460,DEN,3936299,25
401468460,DEN,4065670,35
401468460,DEN,4065653,2
401468460,DEN,4431690,18
401468460,DEN,4230557,19
401468460,DEN,3442,19
401468460,DEN,4305,26
401468460,DEN,3059262,25
401468460,DEN,4431767,6
401468461,CHI,4431687,25
401468461,CHI,6478,34
401468461,CHI,3978,36
401468461,CHI,3064440,34
401468461,CHI,4397002,22
401468461,CHI,6585,14
401468461,CHI,3423,14
401468461,CHI,2596112,13
401468461,CHI,2991350,27
401468461,CHI,4395651,23
401468461,CHI,3936099,0
401468461,CHI,4065673,0
401468461,CHI,4433159,0
401468461,UTAH,2489663,33
401468461,UTAH,4066336,38
401468461,UTAH,4278077,22
401468461,UTAH,2528426,37
401468461,UTAH,4277811,36
401468461,UTAH,4396991,12
401468461,UTAH,4066299,9
401468461,UTAH,4433136,5
401468461,UTAH,3907822,33
401468461,UTAH,4278039,14
401468461,UTAH,3899664,0
401468461,UTAH,4397018,0
401468462,PHX,2528693,32
401468462,PHX,4278129,35
401468462,PHX,3064230,24
401468462,PHX,3136193,41
401468462,PHX,3147657,40
401468462,PHX,3059307,3
401468462,PHX,6427,9
401468462,PHX,3146557,4
401468462,PHX,4397235,9
401468462,PHX,2595209,25
401468462,PHX,3914044,18
401468462,PHX,3032978,0
401468462,PHX,4065663,0
401468462,SAC,6578,28
401468462,SAC,3155942,37
401468462,SAC,4594327,23
401468462,SAC,4066259,29
401468462,SAC,4066372,32
401468462,SAC,3914283,11
401468462,SAC,4278521,5
401468462,SAC,3919454,19
401468462,SAC,4066262,30
401468462,SAC,4278053,25
401468462,SAC,2993370,0
401468462,SAC,2596107,0
401468462,SAC,4397424,0
401468462,SAC,2489716,0
401468462,SAC,4702177,0
401468463,IND,4397189,24
401468463,IND,3133628,35
401468463,IND,2990984,32
401468463,IND,4396909,23
401468463,IND,4396993,35
401468463,IND,3999,2
401468463,IND,4432170,4
401468463,IND,4278031,8
401468463,IND,4348700,3
401468463,IND,2530530,13
401468463,IND,4395712,29
401468463,IND,4683634,32
401468463,IND,4279815,0
401468463,IND,4433254,0
401468463,LAL,1966,36
401468463,LAL,6583,37
401468463,LAL,4278508,29
401468463,LAL,3032979,30
401468463,LAL,4277890,22
401468463,LAL,4066264,13
401468463,LAL,3934723,3
401468463,LAL,3468,27
401468463,LAL,3056247,11
401468463,LAL,4066457,31
401468463,LAL,3908336,0
401468463,LAL,4401416,0
401468463,LAL,3064559,0
401468463,LAL,3964,0
401468463,LAL,4432582,0
401468464,NY,3064514,31
401468464,NY,4395625,24
401468464,NY,4351852,26
401468464,NY,3934672,18
401468464,NY,4397014,28
401468464,NY,4278355,18
401468464,NY,4395627,17
401468464,NY,4222252,14
401468464,NY,4277922,6
401468464,NY,3456,25
401468464,NY,2991047,2
401468464,NY,3133602,3
401468464,NY,4395724,22
401468464,NY,4431823,5
401468464,NY,6588,0
401468464,DET,4277848,23
401468464,DET,4277957,23
401468464,DET,3593,19
401468464,DET,4432810,26
401468464,DET,4683024,26
401468464,DET,4278075,17
401468464,DET,4433621,27
401468464,DET,6446,22
401468464,DET,6429,15
401468464,DET,2488826,8
401468464,DET,4080610,15
401468464,DET,4397136,18
401468465,GS,6589,33
401468465,GS,3059319,27
401468465,GS,3155535,18
401468465,GS,3975,38
401468465,GS,6475,31
401468465,GS,2327577,8
401468465,GS,4066790,16
401468465,GS,4433247,26
401468465,GS,3934673,17
401468465,GS,4277956,27
401468465,GS,4432171,0
401468465,DAL,2531367,18
401468465,DAL,2578185,29
401468465,DAL,2580782,23
401468465,DAL,2528210,31
401468465,DAL,3945274,39
401468465,DAL,2960236,25
401468465,DAL,3058254,26
401468465,DAL,6426,7
401468465,DAL,2528779,14
401468465,DAL,4432811,27
401468465,DAL,3452,0
401468465,DAL,4230547,0
401468465,DAL,3138154,0
401468465,DAL,4868423,0
401468466,LAC,6462,32
401468466,LAC,4017837,28
401468466,LAC,6443,41
401468466,LAC,3907823,26
401468466,LAC,4066387,25
401468466,LAC,2490620,18
401468466,LAC,3416,25
401468466,LAC,4433249,12
401468466,LAC,4397126,3
401468466,LAC,2595516,24
401468466,LAC,4397916,6
401468466,POR,3135047,34
401468466,POR,2991070,38
401468466,POR,3102530,32
401468466,POR,3062679,33
401468466,POR,4351851,43
401468466,POR,3914285,9
401468466,POR,4431675,22
401468466,POR,4395652,15
401468466,POR,4914336,14
401468466,POR,4432161,0
401468466,POR,4432446,0
401468466,POR,6606,0
401468467,PHI,3033,20
401468467,PHI,6440,23
401468467,PHI,3059318,29
401468467,PHI,3915195,32
401468467,PHI,4066436,28
401468467,PHI,2990969,24
401468467,PHI,4278562,14
401468467,PHI,2991155,23
401468467,PHI,2991055,8
401468467,PHI,3929325,13
401468467,PHI,3907498,18
401468467,PHI,4278124,6
401468467,CLE,3912848,31
401468467,CLE,3947156,23
401468467,CLE,4432158,24
401468467,CLE,3908809,26
401468467,CLE,4396907,32
401468467,CLE,4432822,22
401468467,CLE,3893016,29
401468467,CLE,3447,14
401468467,CLE,2968361,6
401468467,CLE,2991043,33
401468467,CLE,4066328,0
401468468,ATL,3908845,17
401468468,ATL,4065732,7
401468468,ATL,3102529,29
401468468,ATL,3907497,39
401468468,ATL,4277905,36
401468468,ATL,2579294,7
401468468,ATL,4431680,17
401468468,ATL,4432585,23
401468468,ATL,3922230,1
401468468,ATL,4065656,15
401468468,ATL,4277928,30
401468468,ATL,4578893,18
401468468,ORL,4432573,35
401468468,ORL,4566434,32
401468468,ORL,4397102,27
401468468,ORL,2999547,17
401468468,ORL,4066636,17
401468468,ORL,4433623,15
401468468,ORL,3918423,10
401468468,ORL,3150844,26
401468468,ORL,6619,22
401468468,ORL,4067858,13
401468468,ORL,4432809,24
401468468,ORL,4590530,2
401468469,MIA,3138160,24
401468469,MIA,4066261,38
401468469,MIA,3012,38
401468469,MIA,4065778,36
401468469,MIA,4395725,37
401468469,MIA,2184,10
401468469,MIA,3157465,12
401468469,MIA,4291678,26
401468469,MIA,3137259,19
401468469,MIA,4278572,0
401468469,MIA,4997528,0
401468469,MIA,4066993,0
401468469,BOS,4065648,39
401468469,BOS,3213,33
401468469,BOS,2990992,35
401468469,BOS,3078576,25
401468469,BOS,3917376,28
401468469,BOS,4065804,7
401468469,BOS,4066218,31
401468469,BOS,3064560,15
401468469,BOS,2566769,26
401468469,BOS,3989,0
401468469,BOS,3078284,0
401468469,BOS,3138156,0
401468469,BOS,4065660,0
401468469,BOS,4066354,0
401468470,WSH,3134907,40
401468470,WSH,4683021,26
401468470,WSH,3102531,38
401468470,WSH,3059310,29
401468470,WSH,6580,39
401468470,WSH,2581184,3
401468470,WSH,4278049,10
401468470,WSH,4280151,22
401468470,WSH,6579,14
401468470,WSH,4278402,19
401468470,WSH,3986,0
401468470,BKN,3202,37
401468470,BKN,2583632,39
401468470,BKN,2528794,37
401468470,BKN,4278067,28
401468470,BKN,6442,38
401468470,BKN,6461,4
401468470,BKN,3136485,15
401468470,BKN,2326307,23
401468470,BKN,4432174,19
401468470,BKN,4397693,0
401468470,BKN,4004,0
401468470,BKN,4397107,0
401468471,MIL,3032977,37
401468471,MIL,3448,34
401468471,MIL,3995,34
401468471,MIL,3133635,32
401468471,MIL,3135045,30
401468471,MIL,3064482,25
401468471,MIL,3438,10
401468471,MIL,4032,13
401468471,MIL,2578239,24
401468471,MIL,4397475,0
401468471,MIL,3102533,0
401468471,MIL,4277883,0
401468471,NY,3064514,39
401468471,NY,4395625,33
401468471,NY,4351852,33
401468471,NY,3934672,34
401468471,NY,4397014,34
401468471,NY,4278355,14
401468471,NY,4395627,14
401468471,NY,4222252,10
401468471,NY,3456,11
401468471,NY,4395724,18
401468471,NY,4277922,0
401468471,NY,6588,0
401468471,NY,3133602,0
401468471,NY,4431823,0
401468472,MEM,3155526,34
401468472,MEM,4277961,25
401468472,MEM,2991235,29
401468472,MEM,3134932,30
401468472,MEM,4279888,34
401468472,MEM,3906665,16
401468472,MEM,4593041,25
401468472,MEM,4593125,17
401468472,MEM,3135046,30
401468472,MEM,4277964,0
401468472,MEM,4585610,0
401468472,MEM,4397227,0
401468472,MEM,4432646,0
401468472,MIN,2993874,39
401468472,MIN,4592187,20
401468472,MIN,3032976,26
401468472,MIN,3136776,37
401468472,MIN,4594268,40
401468472,MIN,4396971,22
401468472,MIN,6617,19
401468472,MIN,2994526,4
401468472,MIN,4278541,31
401468472,MIN,4067325,0
401468472,MIN,4431671,0
401468472,MIN,4687718,0
401468472,MIN,4277951,0
401468472,MIN,4067017,0
401468473,TOR,3244,15
401468473,TOR,3149673,34
401468473,TOR,3934719,31
401468473,TOR,4433134,21
401468473,TOR,2991230,20
401468473,TOR,4017839,23
401468473,TOR,3948153,26
401468473,TOR,4397885,9
401468473,TOR,2578240,5
401468473,TOR,4431778,18
401468473,TOR,4066668,3
401468473,TOR,4066786,3
401468473,TOR,4277843,33
401468473,NO,4277813,20
401468473,NO,4395628,37
401468473,NO,4397688,37
401468473,NO,6477,26
401468473,NO,4277869,27
401468473,NO,2580365,20
401468473,NO,2999409,11
401468473,NO,3133601,20
401468473,NO,4023,11
401468473,NO,4869342,31
401468473,NO,4397077,0
401468473,NO,4431811,0
401468473,NO,4395698,0
401468474,SA,4066650,27
401468474,SA,4395723,36
401468474,SA,3136779,28
401468474,SA,4395626,32
401468474,SA,4395630,37
401468474,SA,4066392,17
401468474,SA,2528588,16
401468474,SA,4067045,7
401468474,SA,4565201,19
401468474,SA,4397008,21
401468474,SA,2534781,0
401468474,SA,4397886,0
401468474,OKC,4432813,26
401468474,OKC,4683018,18
401468474,OKC,4397020,34
401468474,OKC,4593803,33
401468474,OKC,4871145,33
401468474,OKC,4423545,14
401468474,OKC,4997526,23
401468474,OKC,3133626,19
401468474,OKC,4395702,9
401468474,OKC,4397183,6
401468474,OKC,4432819,27
401468475,HOU,4432639,31
401468475,HOU,4871144,29
401468475,HOU,3431,19
401468475,HOU,4397140,32
401468475,HOU,4437244,35
401468475,HOU,4871143,15
401468475,HOU,4277952,7
401468475,HOU,4431828,19
401468475,HOU,4433192,14
401468475,HOU,4432168,3
401468475,HOU,4432176,16
401468475,HOU,3913180,21
401468475,HOU,4376,0
401468475,DEN,3064290,31
401468475,DEN,3112335,28
401468475,DEN,2581018,25
401468475,DEN,3936299,31
401468475,DEN,4065670,34
401468475,DEN,4065653,2
401468475,DEN,4431690,3
401468475,DEN,4230557,21
401468475,DEN,3442,19
401468475,DEN,4305,23
401468475,DEN,3059262,21
401468475,DEN,4431767,3
401468475,DEN,4592492,0
401468476,CHI,4431687,28
401468476,CHI,6478,29
401468476,CHI,3978,32
401468476,CHI,3064440,34
401468476,CHI,4397002,27
401468476,CHI,3936099,8
401468476,CHI,6585,15
401468476,CHI,4065673,3
401468476,CHI,3423,14
401468476,CHI,2596112,7
401468476,CHI,2991350,21
401468476,CHI,4395651,19
401468476,CHI,4433159,4
401468476,PHX,2528693,30
401468476,PHX,4278129,31
401468476,PHX,3064230,32
401468476,PHX,3136193,31
401468476,PHX,3147657,38
401468476,PHX,3059307,9
401468476,PHX,6427,8
401468476,PHX,3146557,9
401468476,PHX,4397235,5
401468476,PHX,2595209,25
401468476,PHX,3914044,19
401468476,PHX,4065663,3
401468476,PHX,3032978,0
401468477,LAC,6462,23
401468477,LAC,4017837,30
401468477,LAC,6443,25
401468477,LAC,3907823,27
401468477,LAC,4066387,19
401468477,LAC,2490620,23
401468477,LAC,3416,22
401468477,LAC,4433249,16
401468477,LAC,4397126,3
401468477,LAC,4237,25
401468477,LAC,4397916,3
401468477,LAC,4432162,22
401468477,UTAH,2489663,36
401468477,UTAH,4066336,36
401468477,UTAH,4278077,25
401468477,UTAH,2528426,40
401468477,UTAH,4277811,31
401468477,UTAH,3899664,11
401468477,UTAH,4683025,2
401468477,UTAH,4066299,2
401468477,UTAH,4433136,22
401468477,UTAH,3907822,19
401468477,UTAH,4278039,15
401468477,UTAH,4397018,2
401468477,UTAH,4396991,0
401468478,IND,4397189,19
401468478,IND,3133628,28
401468478,IND,2990984,27
401468478,IND,4395712,27
401468478,IND,4396993,25
401468478,IND,4279815,9
401468478,IND,4432170,13
401468478,IND,4278031,15
401468478,IND,4348700,4
401468478,IND,2530530,23
401468478,IND,4396909,24
401468478,IND,4683634,26
401468478,IND,3999,0
401468478,SAC,6578,26
401468478,SAC,3155942,23
401468478,SAC,4594327,26
401468478,SAC,4066259,27
401468478,SAC,4066372,28
401468478,SAC,3914283,17
401468478,SAC,2993370,7
401468478,SAC,4278521,15
401468478,SAC,2596107,5
401468478,SAC,2489716,7
401468478,SAC,3919454,17
401468478,SAC,4066262,20
401468478,SAC,4278053,20
401468479,POR,3135047,36
401468479,POR,2991070,35
401468479,POR,4431675,31
401468479,POR,3102530,32
401468479,POR,4351851,39
401468479,POR,4432161,8
401468479,POR,3914285,14
401468479,POR,4432446,14
401468479,POR,4432588,2
401468479,POR,4914336,28
401468479,POR,6606,0
401468479,POR,4432192,0
401468479,LAL,1966,33
401468479,LAL,6583,29
401468479,LAL,3964,22
401468479,LAL,3032979,29
401468479,LAL,4066457,35
401468479,LAL,3908336,2
401468479,LAL,4066264,11
401468479,LAL,4401416,2
401468479,LAL,3064559,2
401468479,LAL,3934723,20
401468479,LAL,3468,23
401468479,LAL,3056247,14
401468479,LAL,4432582,19
401468479,LAL,4278508,0
401468479,LAL,4277890,0
401468480,DAL,2531367,18
401468480,DAL,2578185,32
401468480,DAL,2580782,28
401468480,DAL,2528210,40
401468480,DAL,3945274,41
401468480,DAL,2960236,32
401468480,DAL,3058254,35
401468480,DAL,6426,3
401468480,DAL,2528779,22
401468480,DAL,4432811,15
401468480,DAL,3452,0
401468480,DAL,4230547,0
401468480,DAL,3138154,0
401468480,DAL,4868423,0
401468480,DET,4277848,34
401468480,DET,4277957,7
401468480,DET,3593,41
401468480,DET,4432810,37
401468480,DET,4683024,33
401468480,DET,4278075,12
401468480,DET,4433621,18
401468480,DET,6446,10
401468480,DET,6429,20
401468480,DET,4397136,19
401468480,DET,4433218,35
401468480,DET,2991280,0
401468480,DET,2488826,0
401468480,DET,4080610,0
401468481,WSH,3134907,33
401468481,WSH,4683021,9
401468481,WSH,3102531,36
401468481,WSH,3059310,26
401468481,WSH,6580,40
401468481,WSH,3986,2
401468481,WSH,2581184,5
401468481,WSH,4278049,24
401468481,WSH,4280151,31
401468481,WSH,6579,21
401468481,WSH,4278402,14
401468481,CHA,4066731,25
401468481,CHA,4278078,38
401468481,CHA,2488653,35
401468481,CHA,3074752,41
401468481,CHA,3133603,38
401468481,CHA,4431699,10
401468481,CHA,4278076,13
401468481,CHA,4683027,20
401468481,CHA,4576086,20
401468481,CHA,4065697,0
401468481,CHA,4431712,0
401468482,DEN,3064290,31
401468482,DEN,3112335,35
401468482,DEN,2581018,30
401468482,DEN,3936299,33
401468482,DEN,4065670,34
401468482,DEN,4230557,17
401468482,DEN,3442,13
401468482,DEN,4305,18
401468482,DEN,3059262,6
401468482,DEN,4592492,22
401468482,DEN,4065653,0
401468482,DEN,4431690,0
401468482,DEN,4431767,0
401468482,ATL,4432585,35
401468482,ATL,4701230,33
401468482,ATL,3102529,31
401468482,ATL,3907497,35
401468482,ATL,4277928,33
401468482,ATL,4431680,17
401468482,ATL,3037789,22
401468482,ATL,3922230,19
401468482,ATL,4578893,15
401468482,ATL,2579294,0
401468482,ATL,4277905,0
401468482,ATL,4397179,0
401468483,MIA,6430,35
401468483,MIA,3138160,26
401468483,MIA,4066261,38
401468483,MIA,3012,39
401468483,MIA,4395725,39
401468483,MIA,2184,4
401468483,MIA,4291678,28
401468483,MIA,2580913,9
401468483,MIA,3137259,25
401468483,MIA,4065778,21
401468483,MIA,3157465,0
401468483,MIA,4997528,0
401468483,MIA,4066993,0
401468483,BOS,4065648,41
401468483,BOS,3213,34
401468483,BOS,2990992,42
401468483,BOS,3078576,28
401468483,BOS,3917376,46
401468483,BOS,4065804,10
401468483,BOS,4066218,33
401468483,BOS,3064560,10
401468483,BOS,2566769,21
401468483,BOS,3989,0
401468483,BOS,3078284,0
401468483,BOS,3138156,0
401468483,BOS,4065660,0
401468483,BOS,4066354,0
401468484,TOR,3149673,32
401468484,TOR,3934719,38
401468484,TOR,4433134,37
401468484,TOR,4431778,22
401468484,TOR,2991230,41
401468484,TOR,4017839,16
401468484,TOR,3244,4
401468484,TOR,3948153,19
401468484,TOR,2578240,4
401468484,TOR,4277843,26
401468484,TOR,4397885,0
401468484,TOR,4066668,0
401468484,BKN,3202,38
401468484,BKN,2583632,32
401468484,BKN,2528794,25
401468484,BKN,4278067,31
401468484,BKN,6442,39
401468484,BKN,6461,12
401468484,BKN,2982334,17
401468484,BKN,3136485,14
401468484,BKN,2326307,20
401468484,BKN,4432174,11
401468484,BKN,4397693,0
401468484,BKN,4432194,0
401468484,BKN,4004,0
401468485,ORL,4432573,37
401468485,ORL,4566434,38
401468485,ORL,3150844,36
401468485,ORL,4397102,23
401468485,ORL,4066636,30
401468485,ORL,4433623,19
401468485,ORL,6619,21
401468485,ORL,4067858,7
401468485,ORL,4432809,29
401468485,ORL,3918423,0
401468485,ORL,4590530,0
401468485,CLE,3912848,10
401468485,CLE,4066405,15
401468485,CLE,4432158,38
401468485,CLE,3908809,37
401468485,CLE,4396907,37
401468485,CLE,3449,23
401468485,CLE,3947156,12
401468485,CLE,4432822,21
401468485,CLE,3893016,20
401468485,CLE,3447,3
401468485,CLE,2991043,24
401468485,CLE,2968361,0
401468486,LAL,1966,37
401468486,LAL,6583,40
401468486,LAL,4278508,24
401468486,LAL,3964,23
401468486,LAL,4277890,34
401468486,LAL,4066264,14
401468486,LAL,3934723,4
401468486,LAL,3468,29
401468486,LAL,3056247,2
401468486,LAL,4066457,32
401468486,LAL,4401416,0
401468486,LAL,3064559,0
401468486,LAL,4432582,0
401468486,MIL,6609,27
401468486,MIL,3032977,35
401468486,MIL,3448,32
401468486,MIL,3995,39
401468486,MIL,3135045,28
401468486,MIL,3064482,22
401468486,MIL,3438,9
401468486,MIL,4032,10
401468486,MIL,2578239,19
401468486,MIL,3133635,20
401468486,MIL,3102533,0
401468486,MIL,4277883,0
401468486,MIL,4397475,0
401468487,PHI,3033,21
401468487,PHI,6440,38
401468487,PHI,3059318,41
401468487,PHI,3915195,40
401468487,PHI,4066436,34
401468487,PHI,2990969,16
401468487,PHI,4278562,6
401468487,PHI,2991155,18
401468487,PHI,3929325,13
401468487,PHI,3907498,13
401468487,PHI,2991055,0
401468487,PHI,4278124,0
401468487,MEM,3155526,36
401468487,MEM,4277961,26
401468487,MEM,2991235,34
401468487,MEM,3134932,32
401468487,MEM,4279888,36
401468487,MEM,3906665,14
401468487,MEM,4593041,25
401468487,MEM,4593125,22
401468487,MEM,3135046,16
401468487,MEM,4277964,0
401468487,MEM,4585610,0
401468487,MEM,4432646,0
401468488,NO,4395628,34
401468488,NO,4397688,33
401468488,NO,6477,26
401468488,NO,2490149,32
401468488,NO,4869342,32
401468488,NO,2580365,22
401468488,NO,4278594,20
401468488,NO,3133601,16
401468488,NO,4023,2
401468488,NO,4277869,24
401468488,NO,2999409,0
401468488,NO,4397077,0
401468488,SA,4066650,22
401468488,SA,4395723,36
401468488,SA,3136779,34
401468488,SA,4395626,34
401468488,SA,4395630,35
401468488,SA,4066392,15
401468488,SA,4067045,2
401468488,SA,4565201,20
401468488,SA,4397886,21
401468488,SA,4397008,22
401468488,SA,2534781,0
401468489,HOU,4432639,30
401468489,HOU,4871144,24
401468489,HOU,3431,28
401468489,HOU,4397140,33
401468489,HOU,4437244,37
401468489,HOU,4871143,11
401468489,HOU,4277952,14
401468489,HOU,4431828,18
401468489,HOU,4433192,18
401468489,HOU,4432176,16
401468489,HOU,3913180,12
401468489,HOU,4376,0
401468489,HOU,4432168,0
401468489,PHX,3032978,21
401468489,PHX,4278129,30
401468489,PHX,3064230,37
401468489,PHX,3136193,34
401468489,PHX,3147657,37
401468489,PHX,3059307,19
401468489,PHX,6427,11
401468489,PHX,3146557,7
401468489,PHX,2595209,25
401468489,PHX,3914044,19
401468489,PHX,4397235,0
401468489,PHX,4065663,0
401468490,IND,4397189,20
401468490,IND,3133628,26
401468490,IND,2990984,25
401468490,IND,4395712,35
401468490,IND,4396993,31
401468490,IND,4279815,4
401468490,IND,4432170,13
401468490,IND,4278031,15
401468490,IND,2530530,21
401468490,IND,4396909,18
401468490,IND,4433254,7
401468490,IND,4683634,25
401468490,IND,3999,0
401468490,IND,4348700,0
401468490,UTAH,2489663,22
401468490,UTAH,4066336,33
401468490,UTAH,4278077,20
401468490,UTAH,2528426,29
401468490,UTAH,4277811,28
401468490,UTAH,3899664,21
401468490,UTAH,4396991,22
401468490,UTAH,4066299,3
401468490,UTAH,4433136,25
401468490,UTAH,3907822,30
401468490,UTAH,4278039,3
401468490,UTAH,4397018,3
401468490,UTAH,4683025,0
401468491,CHI,6478,32
401468491,CHI,3978,36
401468491,CHI,2596112,23
401468491,CHI,2991350,28
401468491,CHI,3064440,36
401468491,CHI,3936099,10
401468491,CHI,4431687,19
401468491,CHI,6585,5
401468491,CHI,3423,23
401468491,CHI,4395651,7
401468491,CHI,4397002,21
401468491,CHI,4065673,0
401468491,CHI,4433159,0
401468491,GS,6589,36
401468491,GS,3059319,30
401468491,GS,3155535,27
401468491,GS,3975,33
401468491,GS,6475,37
401468491,GS,2327577,10
401468491,GS,4066790,16
401468491,GS,4433247,11
401468491,GS,3934673,17
401468491,GS,4277956,23
401468491,GS,4432171,0
401468492,DAL,2531367,18
401468492,DAL,2578185,31
401468492,DAL,2580782,30
401468492,DAL,2528210,28
401468492,DAL,3945274,29
401468492,DAL,2960236,23
401468492,DAL,6426,8
401468492,DAL,2528779,25
401468492,DAL,3452,5
401468492,DAL,4230547,6
401468492,DAL,3138154,5
401468492,DAL,4432811,27
401468492,DAL,4868423,7
401468492,NY,3064514,30
401468492,NY,4395625,20
401468492,NY,4351852,23
401468492,NY,3934672,27
401468492,NY,4397014,29
401468492,NY,4278355,22
401468492,NY,4395627,9
401468492,NY,4222252,13
401468492,NY,4277922,8
401468492,NY,3456,13
401468492,NY,3133602,7
401468492,NY,4395724,30
401468492,NY,4431823,7
401468492,NY,6588,0
401468493,SAC,6578,26
401468493,SAC,3155942,26
401468493,SAC,4594327,28
401468493,SAC,4066259,28
401468493,SAC,4066372,30
401468493,SAC,3914283,15
401468493,SAC,2993370,7
401468493,SAC,3136196,8
401468493,SAC,4278521,18
401468493,SAC,2596107,4
401468493,SAC,2489716,7
401468493,SAC,3919454,11
401468493,SAC,4066262,16
401468493,SAC,4278053,17
401468493,LAC,6462,24
401468493,LAC,4017837,27
401468493,LAC,6443,23
401468493,LAC,3907823,27
401468493,LAC,4066387,33
401468493,LAC,2490620,21
401468493,LAC,3416,11
401468493,LAC,4433249,19
401468493,LAC,4397126,8
401468493,LAC,4237,12
401468493,LAC,4397916,15
401468493,LAC,4432162,20
401468494,MIL,3064482,31
401468494,MIL,4277883,32
401468494,MIL,3448,32
401468494,MIL,3133635,28
401468494,MIL,3135045,25
401468494,MIL,3102533,18
401468494,MIL,4278580,15
401468494,MIL,3438,26
401468494,MIL,2578239,20
401468494,MIL,4397475,14
401468494,MIL,4032,0
401468494,CHA,4066731,33
401468494,CHA,4278078,33
401468494,CHA,2488653,30
401468494,CHA,3074752,36
401468494,CHA,3133603,39
401468494,CHA,4431699,15
401468494,CHA,4278076,18
401468494,CHA,4683027,19
401468494,CHA,4576086,18
401468494,CHA,4702233,0
401468494,CHA,4431712,0
401468495,ORL,4432573,27
401468495,ORL,4566434,22
401468495,ORL,3150844,22
401468495,ORL,4397102,28
401468495,ORL,4066636,19
401468495,ORL,4433623,25
401468495,ORL,3918423,20
401468495,ORL,6619,25
401468495,ORL,4067858,21
401468495,ORL,4432809,24
401468495,ORL,4590530,8
401468495,TOR,3149673,31
401468495,TOR,3934719,33
401468495,TOR,4433134,33
401468495,TOR,4431778,18
401468495,TOR,2991230,37
401468495,TOR,4017839,5
401468495,TOR,3244,14
401468495,TOR,3948153,18
401468495,TOR,4397885,11
401468495,TOR,2578240,6
401468495,TOR,4066668,6
401468495,TOR,4277843,28
401468496,OKC,4432813,29
401468496,OKC,4683018,20
401468496,OKC,4278073,35
401468496,OKC,4397020,32
401468496,OKC,4871145,33
401468496,OKC,4423545,15
401468496,OKC,4997526,11
401468496,OKC,3133626,21
401468496,OKC,4432819,17
401468496,OKC,4593803,27
401468496,OKC,4432823,0
401468496,OKC,2490089,0
401468496,OKC,4395702,0
401468496,OKC,4397183,0
401468496,MIN,4431671,18
401468496,MIN,4592187,16
401468496,MIN,3032976,9
401468496,MIN,3136776,36
401468496,MIN,4594268,37
401468496,MIN,2993874,31
401468496,MIN,4396971,30
401468496,MIN,6617,15
401468496,MIN,3134916,24
401468496,MIN,4278541,23
401468496,MIN,4067325,0
401468496,MIN,4687718,0
401468496,MIN,4277951,0
401468496,MIN,2994526,0
401468496,MIN,4067017,0
401468497,HOU,4431828,28
401468497,HOU,4432639,23
401468497,HOU,4871144,20
401468497,HOU,4397140,32
401468497,HOU,4437244,31
401468497,HOU,4871143,17
401468497,HOU,4277952,11
401468497,HOU,4433192,29
401468497,HOU,4432168,11
401468497,HOU,4432176,20
401468497,HOU,3913180,19
401468497,HOU,4376,0
401468497,GS,6589,32
401468497,GS,3059319,34
401468497,GS,3155535,27
401468497,GS,3975,35
401468497,GS,4277956,28
401468497,GS,2327577,10
401468497,GS,4066790,17
401468497,GS,4433247,18
401468497,GS,3934673,20
401468497,GS,4065733,2
401468497,GS,4432171,17
401468498,POR,3135047,39
401468498,POR,2991070,37
401468498,POR,4431675,35
401468498,POR,3102530,39
401468498,POR,4351851,41
401468498,POR,4432161,18
401468498,POR,4432446,13
401468498,POR,4914336,17
401468498,POR,3914285,0
401468498,POR,4871140,0
401468498,POR,6606,0
401468498,POR,4432192,0
401468498,UTAH,2489663,35
401468498,UTAH,4066336,35
401468498,UTAH,4278077,32
401468498,UTAH,2528426,36
401468498,UTAH,4277811,31
401468498,UTAH,3899664,12
401468498,UTAH,4396991,17
401468498,UTAH,4433136,17
401468498,UTAH,3907822,26
401468498,UTAH,4683025,0
401468498,UTAH,4066299,0
401468498,UTAH,4278039,0
401468498,UTAH,4397018,0
401468499,DEN,3064290,37
401468499,DEN,3112335,37
401468499,DEN,2581018,31
401468499,DEN,3936299,33
401468499,DEN,4065670,38
401468499,DEN,4065653,2
401468499,DEN,4431690,2
401468499,DEN,4230557,15
401468499,DEN,3442,9
401468499,DEN,4305,17
401468499,DEN,3059262,13
401468499,DEN,4431767,2
401468499,DEN,4592492,5
401468499,NO,4395628,36
401468499,NO,4397688,29
401468499,NO,6477,14
401468499,NO,2490149,34
401468499,NO,4869342,21
401468499,NO,2580365,20
401468499,NO,4278594,24
401468499,NO,2999409,20
401468499,NO,3133601,14
401468499,NO,4023,1
401468499,NO,4277869,27
401468499,NO,4397077,0
401468500,PHX,3032978,21
401468500,PHX,4278129,25
401468500,PHX,3064230,25
401468500,PHX,3136193,28
401468500,PHX,3147657,26
401468500,PHX,3059307,28
401468500,PHX,6427,6
401468500,PHX,3146557,14
401468500,PHX,4397235,3
401468500,PHX,2595209,24
401468500,PHX,3914044,14
401468500,PHX,4065663,26
401468500,SA,4066650,17
401468500,SA,4395723,33
401468500,SA,3136779,31
401468500,SA,4395626,29
401468500,SA,4395630,31
401468500,SA,4066392,18
401468500,SA,4067045,15
401468500,SA,4565201,25
401468500,SA,2534781,13
401468500,SA,4397886,20
401468500,SA,4397008,8
401468501,BOS,4065648,37
401468501,BOS,4066218,36
401468501,BOS,3213,33
401468501,BOS,3078576,22
401468501,BOS,3917376,40
401468501,BOS,3078284,2
401468501,BOS,3138156,2
401468501,BOS,4065804,18
401468501,BOS,3064560,3
401468501,BOS,2566769,32
401468501,BOS,4066354,16
401468501,BOS,3989,0
401468501,BKN,3202,40
401468501,BKN,2583632,41
401468501,BKN,2528794,36
401468501,BKN,4278067,38
401468501,BKN,6442,40
401468501,BKN,4397693,2
401468501,BKN,2982334,18
401468501,BKN,4432194,2
401468501,BKN,2326307,14
401468501,BKN,4432174,9
401468501,BKN,6461,0
401468501,BKN,4004,0
401468502,MEM,3155526,33
401468502,MEM,3906665,30
401468502,MEM,4277961,30
401468502,MEM,3134932,32
401468502,MEM,4279888,35
401468502,MEM,4277964,18
401468502,MEM,4593041,24
401468502,MEM,4593125,18
401468502,MEM,3135046,20
401468502,MEM,4585610,0
401468502,MEM,4397227,0
401468502,MEM,4432646,0
401468502,DET,4277848,21
401468502,DET,3593,24
401468502,DET,4432810,27
401468502,DET,4433218,28
401468502,DET,4683024,29
401468502,DET,4278075,12
401468502,DET,4433621,15
401468502,DET,6446,20
401468502,DET,6429,19
401468502,DET,4080610,12
401468502,DET,4397136,33
401468502,DET,2991280,0
401468502,DET,2488826,0
401468503,CLE,3947156,11
401468503,CLE,4066405,27
401468503,CLE,4432158,39
401468503,CLE,3908809,40
401468503,CLE,4396907,39
401468503,CLE,3449,22
401468503,CLE,4432822,13
401468503,CLE,3893016,30
401468503,CLE,3447,3
401468503,CLE,2991043,16
401468503,CLE,2968361,0
401468503,NY,3064514,35
401468503,NY,4395625,31
401468503,NY,4351852,34
401468503,NY,3934672,32
401468503,NY,4397014,40
401468503,NY,4278355,13
401468503,NY,4222252,14
401468503,NY,4395724,24
401468503,NY,4431823,16
401468503,NY,4395627,0
401468503,NY,4277922,0
401468503,NY,3456,0
401468503,NY,6588,0
401468503,NY,3133602,0
401468504,LAL,1966,34
401468504,LAL,6583,38
401468504,LAL,3964,24
401468504,LAL,3032979,30
401468504,LAL,4277890,25
401468504,LAL,4066264,9
401468504,LAL,4278508,17
401468504,LAL,3934723,10
401468504,LAL,3468,29
401468504,LAL,4066457,25
401468504,LAL,4401416,0
401468504,LAL,3064559,0
401468504,LAL,3056247,0
401468504,LAL,4432582,0
401468504,WSH,3134907,32
401468504,WSH,4683021,25
401468504,WSH,3102531,34
401468504,WSH,3059310,31
401468504,WSH,6580,3
401468504,WSH,3986,8
401468504,WSH,2581184,8
401468504,WSH,4278049,21
401468504,WSH,4280151,30
401468504,WSH,6579,22
401468504,WSH,4278402,26
401468505,CHI,4431687,33
401468505,CHI,6478,37
401468505,CHI,3978,35
401468505,CHI,2991350,30
401468505,CHI,3064440,36
401468505,CHI,3936099,17
401468505,CHI,6585,6
401468505,CHI,3423,8
401468505,CHI,4395651,16
401468505,CHI,4397002,23
401468505,CHI,4065673,0
401468505,CHI,4433159,0
401468505,SAC,6578,38
401468505,SAC,3155942,36
401468505,SAC,4594327,24
401468505,SAC,4066259,32
401468505,SAC,4066372,32
401468505,SAC,3914283,12
401468505,SAC,4278521,18
401468505,SAC,4066262,24
401468505,SAC,4278053,24
401468505,SAC,2993370,0
401468505,SAC,3136196,0
401468505,SAC,2596107,0
401468505,SAC,2489716,0
401468505,SAC,3919454,0
401468505,SAC,4702177,0
401468506,IND,4397189,17
401468506,IND,3133628,28
401468506,IND,2990984,38
401468506,IND,4395712,37
401468506,IND,4396909,24
401468506,IND,3999,4
401468506,IND,4279815,2
401468506,IND,4432170,16
401468506,IND,4278031,27
401468506,IND,4409222,13
401468506,IND,4433254,2
401468506,IND,4683634,32
401468506,IND,4348700,0
401468506,POR,2991070,33
401468506,POR,3102530,28
401468506,POR,6606,32
401468506,POR,3062679,33
401468506,POR,4351851,36
401468506,POR,3135047,24
401468506,POR,4432161,2
401468506,POR,3914285,16
401468506,POR,4431675,17
401468506,POR,4432446,2
401468506,POR,4914336,18
401468506,POR,4432192,0
401468507,LAC,4251,28
401468507,LAC,6450,28
401468507,LAC,6462,30
401468507,LAC,4017837,29
401468507,LAC,6443,32
401468507,LAC,3416,20
401468507,LAC,4397126,10
401468507,LAC,4237,27
401468507,LAC,3907823,15
401468507,LAC,3913174,20
401468507,LAC,2490620,0
401468507,LAC,4066387,0
401468507,LAC,4432162,0
401468507,CHA,4066731,34
401468507,CHA,4278078,34
401468507,CHA,2488653,28
401468507,CHA,3074752,38
401468507,CHA,3133603,40
401468507,CHA,4431699,14
401468507,CHA,4278076,20
401468507,CHA,4683027,15
401468507,CHA,4576086,17
401468507,CHA,4065697,0
401468507,CHA,4431712,0
401468508,MIL,6609,26
401468508,MIL,3032977,33
401468508,MIL,3064482,27
401468508,MIL,4277883,19
401468508,MIL,3995,35
401468508,MIL,4278580,23
401468508,MIL,3438,19
401468508,MIL,2578239,22
401468508,MIL,3133635,25
401468508,MIL,4397475,10
401468508,MIL,3102533,0
401468508,MIL,4032,0
401468508,ORL,4432573,33
401468508,ORL,4566434,36
401468508,ORL,3150844,32
401468508,ORL,4397102,19
401468508,ORL,4066636,32
401468508,ORL,4433623,24
401468508,ORL,3918423,14
401468508,ORL,6619,23
401468508,ORL,4432809,21
401468508,ORL,4590530,6
401468508,ORL,4067858,0
401468509,OKC,4432813,29
401468509,OKC,4278073,35
401468509,OKC,4397020,32
401468509,OKC,4593803,31
401468509,OKC,4871145,28
401468509,OKC,4683018,13
401468509,OKC,4997526,19
401468509,OKC,2490089,14
401468509,OKC,4395702,10
401468509,OKC,4397183,13
401468509,OKC,4432819,16
401468509,OKC,4066410,0
401468509,OKC,4423545,0
401468509,OKC,4432823,0
401468509,ATL,4432585,30
401468509,ATL,4701230,29
401468509,ATL,3102529,30
401468509,ATL,3907497,38
401468509,ATL,4277905,37
401468509,ATL,4431680,18
401468509,ATL,3037789,22
401468509,ATL,4277928,24
401468509,ATL,4578893,11
401468509,ATL,2284101,0
401468509,ATL,2579294,0
401468509,ATL,3922230,0
401468509,ATL,4397179,0
401468510,BOS,3989,32
401468510,BOS,4065648,39
401468510,BOS,2990992,39
401468510,BOS,3078576,27
401468510,BOS,3917376,39
401468510,BOS,4065804,16
401468510,BOS,4066218,32
401468510,BOS,3064560,16
401468510,BOS,3078284,0
401468510,BOS,3138156,0
401468510,BOS,4066354,0
401468510,TOR,3149673,39
401468510,TOR,3934719,42
401468510,TOR,4433134,41
401468510,TOR,4431778,22
401468510,TOR,2991230,38
401468510,TOR,3244,16
401468510,TOR,3948153,16
401468510,TOR,4277843,26
401468510,TOR,4397885,0
401468510,TOR,4432907,0
401468510,TOR,2578240,0
401468510,TOR,4066668,0
401468510,TOR,4066786,0
401468510,TOR,4397251,0
401468511,PHI,3033,42
401468511,PHI,6440,46
401468511,PHI,3059318,35
401468511,PHI,3992,38
401468511,PHI,4066436,40
401468511,PHI,4278562,16
401468511,PHI,2991155,20
401468511,PHI,2991055,5
401468511,PHI,3915195,26
401468511,PHI,3929325,13
401468511,PHI,3907498,7
401468511,PHI,4278124,0
401468511,PHI,4432164,0
401468511,HOU,4432639,39
401468511,HOU,4871144,34
401468511,HOU,3431,40
401468511,HOU,4397140,44
401468511,HOU,4437244,44
401468511,HOU,4871143,6
401468511,HOU,4277952,16
401468511,HOU,4431828,20
401468511,HOU,4433192,21
401468511,HOU,4432176,14
401468511,HOU,3913180,11
401468511,HOU,4376,0
401468511,HOU,4432168,0
401468511,HOU,4683749,0
401468512,MIA,6430,33
401468512,MIA,3138160,34
401468512,MIA,4066261,39
401468512,MIA,3012,34
401468512,MIA,4395725,40
401468512,MIA,4291678,14
401468512,MIA,2580913,9
401468512,MIA,3137259,14
401468512,MIA,4065778,23
401468512,MIA,2184,0
401468512,MIA,3157465,0
401468512,MIA,4997528,0
401468512,MEM,3155526,34
401468512,MEM,4593041,34
401468512,MEM,4593125,34
401468512,MEM,2991235,28
401468512,MEM,3135046,36
401468512,MEM,3906665,20
401468512,MEM,4277964,14
401468512,MEM,4397227,14
401468512,MEM,4432646,26
401468512,MEM,4585610,0
401468512,MEM,3134932,0
401468513,PHX,3059307,14
401468513,PHX,4278129,27
401468513,PHX,3064230,34
401468513,PHX,3136193,30
401468513,PHX,3147657,30
401468513,PHX,3032978,16
401468513,PHX,6427,15
401468513,PHX,3146557,6
401468513,PHX,2595209,23
401468513,PHX,3914044,19
401468513,PHX,4065663,28
401468513,DAL,2531367,17
401468513,DAL,2578185,23
401468513,DAL,2580782,28
401468513,DAL,2528210,23
401468513,DAL,3945274,29
401468513,DAL,2960236,25
401468513,DAL,3058254,27
401468513,DAL,6426,2
401468513,DAL,2528779,25
401468513,DAL,4230547,5
401468513,DAL,3138154,2
401468513,DAL,4432811,31
401468513,DAL,4868423,2
401468513,DAL,3452,0
401468513,DAL,6479,0
401468514,IND,4397189,28
401468514,IND,2990984,40
401468514,IND,4395712,41
401468514,IND,4396909,15
401468514,IND,4683634,40
401468514,IND,4432170,19
401468514,IND,4278031,32
401468514,IND,4409222,7
401468514,IND,4433254,18
401468514,IND,4279815,0
401468514,IND,4348700,0
401468514,GS,6589,34
401468514,GS,3155535,14
401468514,GS,3975,38
401468514,GS,6475,37
401468514,GS,4277956,32
401468514,GS,2327577,8
401468514,GS,4066790,24
401468514,GS,4433247,23
401468514,GS,3934673,22
401468514,GS,4432171,8
401468514,GS,4433246,0
401468514,GS,4591725,0
401468515,LAL,1966,36
401468515,LAL,6583,8
401468515,LAL,3964,21
401468515,LAL,3032979,27
401468515,LAL,4277890,25
401468515,LAL,4278508,21
401468515,LAL,4401416,3
401468515,LAL,3064559,12
401468515,LAL,3934723,28
401468515,LAL,3468,26
401468515,LAL,3056247,7
401468515,LAL,4066457,26
401468515,CLE,4066405,26
401468515,CLE,4066328,38
401468515,CLE,4432158,30
401468515,CLE,3908809,40
401468515,CLE,4396907,38
401468515,CLE,3449,9
401468515,CLE,3947156,2
401468515,CLE,4432822,10
401468515,CLE,3893016,23
401468515,CLE,2968361,2
401468515,CLE,2991043,23
401468515,CLE,3447,0
401468516,DET,4277848,19
401468516,DET,3593,30
401468516,DET,4432810,28
401468516,DET,4433218,26
401468516,DET,4683024,23
401468516,DET,4278075,18
401468516,DET,4433621,18
401468516,DET,6446,25
401468516,DET,6429,22
401468516,DET,4397136,31
401468516,DET,2991280,0
401468516,DET,2488826,0
401468516,DET,4080610,0
401468516,MIA,3138160,32
401468516,MIA,4066261,34
401468516,MIA,3012,34
401468516,MIA,4065778,30
401468516,MIA,4395725,37
401468516,MIA,3157465,15
401468516,MIA,4291678,28
401468516,MIA,4997528,9
401468516,MIA,2527963,19
401468516,MIA,4066993,3
401468516,MIA,2184,0
401468517,DAL,2531367,21
401468517,DAL,2578185,35
401468517,DAL,2580782,31
401468517,DAL,2528210,31
401468517,DAL,3945274,37
401468517,DAL,2960236,26
401468517,DAL,3058254,27
401468517,DAL,2528779,14
401468517,DAL,4432811,17
401468517,DAL,6426,0
401468517,DAL,3452,0
401468517,DAL,6479,0
401468517,DAL,4230547,0
401468517,DAL,3138154,0
401468517,DAL,4868423,0
401468517,DEN,3064290,32
401468517,DEN,3112335,34
401468517,DEN,2581018,30
401468517,DEN,3936299,30
401468517,DEN,4065670,30
401468517,DEN,3209,18
401468517,DEN,4431690,14
401468517,DEN,4230557,7
401468517,DEN,4431767,16
401468517,DEN,4592492,30
401468517,DEN,3442,0
401468517,DEN,4305,0
401468517,DEN,3059262,0
401468517,DEN,4576087,0
401468518,LAC,3416,38
401468518,LAC,4251,33
401468518,LAC,6450,30
401468518,LAC,4017837,37
401468518,LAC,6443,31
401468518,LAC,2490620,25
401468518,LAC,4397126,15
401468518,LAC,3907823,37
401468518,LAC,4066387,19
401468518,LAC,3913174,0
401468518,LAC,4432162,0
401468518,ORL,4432573,38
401468518,ORL,4566434,37
401468518,ORL,3150844,36
401468518,ORL,4397102,34
401468518,ORL,4066636,28
401468518,ORL,4433623,12
401468518,ORL,3918423,15
401468518,ORL,4277919,17
401468518,ORL,6619,11
401468518,ORL,4067858,10
401468518,ORL,4432809,27
401468518,ORL,4590530,0
401468519,CHA,4066731,36
401468519,CHA,4278078,30
401468519,CHA,2488653,34
401468519,CHA,3074752,40
401468519,CHA,3133603,41
401468519,CHA,4431699,10
401468519,CHA,4702233,8
401468519,CHA,4278076,10
401468519,CHA,4683027,11
401468519,CHA,4576086,20
401468519,CHA,4431712,0
401468519,BKN,3202,36
401468519,BKN,2583632,37
401468519,BKN,2528794,31
401468519,BKN,4278067,29
401468519,BKN,6442,34
401468519,BKN,6461,15
401468519,BKN,2982334,11
401468519,BKN,3136485,13
401468519,BKN,2326307,28
401468519,BKN,4432174,5
401468519,BKN,4004,0
401468520,ATL,4432585,29
401468520,ATL,4701230,14
401468520,ATL,3102529,22
401468520,ATL,3907497,4
401468520,ATL,4277905,30
401468520,ATL,2284101,24
401468520,ATL,2579294,7
401468520,ATL,4431680,24
401468520,ATL,3037789,25
401468520,ATL,3922230,30
401468520,ATL,4277928,18
401468520,ATL,4578893,14
401468520,NY,3064514,33
401468520,NY,4395625,36
401468520,NY,4351852,26
401468520,NY,3934672,26
401468520,NY,4397014,31
401468520,NY,4278355,8
401468520,NY,4222252,19
401468520,NY,4277922,5
401468520,NY,3133602,4
401468520,NY,4395724,25
401468520,NY,4431823,27
401468520,NY,4395627,0
401468520,NY,3456,0
401468520,NY,6588,0
401468521,LAL,4401416,16
401468521,LAL,3934723,32
401468521,LAL,3032979,28
401468521,LAL,4066457,28
401468521,LAL,4277890,26
401468521,LAL,4278508,23
401468521,LAL,3064559,25
401468521,LAL,3468,28
401468521,LAL,3056247,21
401468521,LAL,4432582,13
401468521,LAL,4066264,0
401468521,LAL,3964,0
401468521,TOR,3149673,32
401468521,TOR,3934719,34
401468521,TOR,4433134,31
401468521,TOR,4431778,22
401468521,TOR,2991230,30
401468521,TOR,3244,19
401468521,TOR,3948153,25
401468521,TOR,4397885,4
401468521,TOR,4432907,2
401468521,TOR,4066668,5
401468521,TOR,4066786,2
401468521,TOR,4277843,33
401468521,TOR,2578240,0
401468521,TOR,4397251,0
401468522,WSH,3134907,38
401468522,WSH,4280151,30
401468522,WSH,4683021,39
401468522,WSH,3102531,35
401468522,WSH,3059310,37
401468522,WSH,3986,10
401468522,WSH,2581184,3
401468522,WSH,4278049,18
401468522,WSH,6579,18
401468522,WSH,4278402,13
401468522,WSH,6580,0
401468522,CHI,4431687,30
401468522,CHI,6478,36
401468522,CHI,3978,37
401468522,CHI,2991350,32
401468522,CHI,3064440,34
401468522,CHI,3936099,14
401468522,CHI,6585,8
401468522,CHI,3423,11
401468522,CHI,4395651,17
401468522,CHI,4397002,20
401468522,CHI,4065673,0
401468522,CHI,3056245,0
401468522,CHI,4433159,0
401468523,OKC,4432813,27
401468523,OKC,4683018,21
401468523,OKC,4278073,34
401468523,OKC,4593803,26
401468523,OKC,4871145,27
401468523,OKC,4066410,24
401468523,OKC,4432823,11
401468523,OKC,2490089,12
401468523,OKC,4395702,19
401468523,OKC,4397183,16
401468523,OKC,4432819,24
401468523,OKC,4423545,0
401468523,MEM,3155526,30
401468523,MEM,4277961,26
401468523,MEM,2991235,21
401468523,MEM,3134932,28
401468523,MEM,4279888,30
401468523,MEM,3906665,25
401468523,MEM,4277964,2
401468523,MEM,4433137,19
401468523,MEM,4593041,15
401468523,MEM,4593125,22
401468523,MEM,3135046,22
401468524,SAC,6578,33
401468524,SAC,3155942,36
401468524,SAC,4594327,27
401468524,SAC,4066259,32
401468524,SAC,4066372,33
401468524,SAC,3914283,10
401468524,SAC,2993370,1
401468524,SAC,3136196,7
401468524,SAC,4278521,8
401468524,SAC,2596107,1
401468524,SAC,2489716,1
401468524,SAC,4066262,29
401468524,SAC,4278053,20
401468524,SAC,4702177,1
401468524,MIL,6609,29
401468524,MIL,3032977,33
401468524,MIL,3448,34
401468524,MIL,3995,35
401468524,MIL,3135045,29
401468524,MIL,3064482,20
401468524,MIL,3102533,1
401468524,MIL,4278580,1
401468524,MIL,3438,14
401468524,MIL,2578239,24
401468524,MIL,3133635,19
401468524,MIL,4397475,1
401468524,MIL,3439,0
401468524,MIL,4432179,0
401468524,MIL,4277883,0
401468525,IND,3133628,34
401468525,IND,2990984,37
401468525,IND,4395712,32
401468525,IND,4396909,33
401468525,IND,4396993,36
401468525,IND,4432170,12
401468525,IND,4278031,7
401468525,IND,4348700,2
401468525,IND,2530530,10
401468525,IND,4433254,5
401468525,IND,4683634,32
401468525,IND,3999,0
401468525,IND,4279815,0
401468525,IND,4397189,0
401468525,IND,4409222,0
401468525,MIN,2993874,22
401468525,MIN,4431671,37
401468525,MIN,3032976,31
401468525,MIN,3136776,28
401468525,MIN,4594268,35
401468525,MIN,4592187,3
401468525,MIN,4277951,4
401468525,MIN,4396971,12
401468525,MIN,6617,20
401468525,MIN,3134916,22
401468525,MIN,4278541,26
401468525,MIN,4067325,0
401468525,MIN,4687718,0
401468525,MIN,2994526,0
401468526,DET,4277848,20
401468526,DET,3593,20
401468526,DET,4432810,30
401468526,DET,4433218,22
401468526,DET,4683024,32
401468526,DET,4278075,15
401468526,DET,4433621,27
401468526,DET,6446,21
401468526,DET,6429,22
401468526,DET,4080610,9
401468526,DET,4397136,24
401468526,DET,2991280,0
401468526,DET,2488826,0
401468526,NO,4395628,33
401468526,NO,4397688,35
401468526,NO,6477,28
401468526,NO,2490149,27
401468526,NO,4869342,25
401468526,NO,2580365,29
401468526,NO,4278594,30
401468526,NO,3133601,12
401468526,NO,4277869,21
401468526,NO,2999409,0
401468526,NO,4397077,0
401468526,NO,4023,0
401468527,GS,2327577,17
401468527,GS,3155535,29
401468527,GS,6475,36
401468527,GS,4065733,24
401468527,GS,4277956,37
401468527,GS,4066790,16
401468527,GS,4433247,30
401468527,GS,4432808,5
401468527,GS,3934673,28
401468527,GS,4432171,19
401468527,GS,4433246,0
401468527,GS,4591725,0
401468527,UTAH,2489663,30
401468527,UTAH,4433136,24
401468527,UTAH,3907822,34
401468527,UTAH,2528426,37
401468527,UTAH,4277811,27
401468527,UTAH,3899664,20
401468527,UTAH,4278077,24
401468527,UTAH,3005,15
401468527,UTAH,4278039,29
401468527,UTAH,4397018,0
401468527,UTAH,4683025,0
401468527,UTAH,4396991,0
401468527,UTAH,4066299,0
401468528,BOS,3989,22
401468528,BOS,4065648,29
401468528,BOS,4066218,22
401468528,BOS,2990992,26
401468528,BOS,3917376,28
401468528,BOS,3078284,8
401468528,BOS,3138156,10
401468528,BOS,4065804,21
401468528,BOS,3064560,26
401468528,BOS,2566769,19
401468528,BOS,3078576,18
401468528,BOS,4066354,10
401468528,PHX,2528693,24
401468528,PHX,4278129,24
401468528,PHX,2779,24
401468528,PHX,3136193,25
401468528,PHX,3147657,28
401468528,PHX,3032978,12
401468528,PHX,3059307,10
401468528,PHX,6427,5
401468528,PHX,3146557,14
401468528,PHX,3064230,16
401468528,PHX,2595209,14
401468528,PHX,3914044,21
401468528,PHX,4065663,23
401468529,LAC,3416,32
401468529,LAC,4251,32
401468529,LAC,6462,37
401468529,LAC,4017837,34
401468529,LAC,6443,34
401468529,LAC,2490620,7
401468529,LAC,4397126,5
401468529,LAC,4237,20
401468529,LAC,3913174,24
401468529,LAC,4432162,14
401468529,LAC,4066387,0
401468529,MIA,6430,34
401468529,MIA,3138160,40
401468529,MIA,4066261,36
401468529,MIA,4066993,22
401468529,MIA,4395725,39
401468529,MIA,4291678,4
401468529,MIA,2580913,12
401468529,MIA,2527963,21
401468529,MIA,4065778,32
401468529,MIA,2184,0
401468529,MIA,3157465,0
401468529,MIA,4997528,0
401468530,HOU,4432639,34
401468530,HOU,4871144,29
401468530,HOU,3431,32
401468530,HOU,4397140,31
401468530,HOU,4437244,30
401468530,HOU,4871143,10
401468530,HOU,4431828,21
401468530,HOU,4433192,23
401468530,HOU,4376,5
401468530,HOU,4432168,5
401468530,HOU,4432176,18
401468530,HOU,4683749,5
401468530,HOU,3913180,0
401468530,SA,4066650,27
401468530,SA,4395723,35
401468530,SA,4565201,25
401468530,SA,4397008,28
401468530,SA,4395626,35
401468530,SA,4066392,14
401468530,SA,2528588,23
401468530,SA,4067045,6
401468530,SA,4397886,21
401468530,SA,2581190,27
401468530,SA,2534781,0
401468531,DEN,3064290,31
401468531,DEN,3112335,34
401468531,DEN,2581018,28
401468531,DEN,3936299,35
401468531,DEN,4065670,28
401468531,DEN,3209,17
401468531,DEN,4230557,7
401468531,DEN,3442,14
401468531,DEN,4431767,20
401468531,DEN,4592492,26
401468531,DEN,4431690,0
401468531,DEN,4305,0
401468531,DEN,3059262,0
401468531,DEN,4576087,0
401468531,POR,2991070,38
401468531,POR,3102530,31
401468531,POR,6606,38
401468531,POR,3062679,37
401468531,POR,4351851,34
401468531,POR,3135047,22
401468531,POR,3914285,17
401468531,POR,4431675,8
401468531,POR,4432192,0
401468531,POR,4914336,14
401468531,POR,4432161,0
401468531,POR,4432446,0
401468532,NY,3064514,36
401468532,NY,4395625,35
401468532,NY,4351852,30
401468532,NY,3934672,27
401468532,NY,4397014,28
401468532,NY,4222252,18
401468532,NY,4277922,12
401468532,NY,3133602,2
401468532,NY,4395724,28
401468532,NY,4431823,24
401468532,NY,4395627,0
401468532,NY,3456,0
401468532,NY,6588,0
401468532,CHA,4066731,21
401468532,CHA,4278078,22
401468532,CHA,2488653,30
401468532,CHA,3074752,32
401468532,CHA,3133603,37
401468532,CHA,4431699,20
401468532,CHA,4702233,3
401468532,CHA,4278076,15
401468532,CHA,4683027,26
401468532,CHA,4431712,3
401468532,CHA,4576086,30
401468533,WSH,3134907,36
401468533,WSH,4280151,32
401468533,WSH,4683021,40
401468533,WSH,3102531,35
401468533,WSH,3059310,34
401468533,WSH,3986,9
401468533,WSH,2581184,2
401468533,WSH,4278049,19
401468533,WSH,4278402,34
401468533,WSH,6579,0
401468533,WSH,6580,0
401468533,IND,4397189,12
401468533,IND,3133628,30
401468533,IND,2990984,35
401468533,IND,4395712,29
401468533,IND,4396993,32
401468533,IND,4279815,1
401468533,IND,4278031,26
401468533,IND,4348700,14
401468533,IND,2530530,16
401468533,IND,4396909,13
401468533,IND,4683634,32
401468533,IND,3999,0
401468533,IND,4432170,0
401468534,TOR,3149673,38
401468534,TOR,3934719,44
401468534,TOR,4433134,32
401468534,TOR,4431778,13
401468534,TOR,2991230,37
401468534,TOR,3244,12
401468534,TOR,3948153,22
401468534,TOR,2578240,7
401468534,TOR,4277843,35
401468534,TOR,4397885,0
401468534,TOR,4431679,0
401468534,TOR,4066668,0
401468534,ORL,4432573,38
401468534,ORL,4566434,33
401468534,ORL,3150844,31
401468534,ORL,4397102,30
401468534,ORL,4066636,25
401468534,ORL,3918423,15
401468534,ORL,4277919,17
401468534,ORL,6619,20
401468534,ORL,4067858,7
401468534,ORL,4432809,23
401468534,ORL,4433623,0
401468534,ORL,4590530,0
401468535,ATL,4432585,20
401468535,ATL,4701230,33
401468535,ATL,3102529,29
401468535,ATL,3922230,19
401468535,ATL,4277905,37
401468535,ATL,2284101,11
401468535,ATL,4431680,19
401468535,ATL,3037789,34
401468535,ATL,4065656,28
401468535,ATL,4277928,10
401468535,ATL,2579294,0
401468535,ATL,4397179,0
401468535,ATL,4578893,0
401468535,BKN,3202,36
401468535,BKN,2583632,37
401468535,BKN,2528794,30
401468535,BKN,6442,39
401468535,BKN,3907387,21
401468535,BKN,2982334,21
401468535,BKN,4432194,6
401468535,BKN,3136485,15
401468535,BKN,2326307,33
401468535,BKN,6461,0
401468535,BKN,4397693,0
401468535,BKN,4004,0
401468535,BKN,4432174,0
401468536,SAC,6578,36
401468536,SAC,3155942,37
401468536,SAC,4594327,30
401468536,SAC,4066372,34
401468536,SAC,4278053,33
401468536,SAC,3914283,11
401468536,SAC,3136196,17
401468536,SAC,4278521,4
401468536,SAC,2489716,16
401468536,SAC,4066262,22
401468536,SAC,2993370,0
401468536,SAC,2596107,0
401468536,SAC,4702177,0
401468536,CLE,4066405,26
401468536,CLE,4066328,32
401468536,CLE,4432158,41
401468536,CLE,2991043,37
401468536,CLE,4396907,35
401468536,CLE,4432822,18
401468536,CLE,3893016,35
401468536,CLE,2968361,17
401468536,CLE,3947156,0
401468536,CLE,3447,0
401468536,CLE,3908809,0
401468537,LAL,1966,44
401468537,LAL,6583,36
401468537,LAL,3964,38
401468537,LAL,3032979,21
401468537,LAL,4277890,33
401468537,LAL,4278508,9
401468537,LAL,3934723,6
401468537,LAL,3468,36
401468537,LAL,4066457,41
401468537,LAL,3064559,0
401468537,LAL,3056247,0
401468537,LAL,4432582,0
401468537,PHI,3033,33
401468537,PHI,6440,41
401468537,PHI,3059318,46
401468537,PHI,3992,47
401468537,PHI,4066436,43
401468537,PHI,4278562,4
401468537,PHI,2991055,3
401468537,PHI,3915195,24
401468537,PHI,3929325,9
401468537,PHI,3907498,13
401468537,PHI,4432164,0
401468538,DET,3593,22
401468538,DET,4432810,28
401468538,DET,4433621,28
401468538,DET,4433218,27
401468538,DET,4683024,19
401468538,DET,4277848,20
401468538,DET,4278075,17
401468538,DET,6446,17
401468538,DET,6429,17
401468538,DET,2488826,15
401468538,DET,4397136,29
401468538,DET,2991280,0
401468538,DET,4080610,0
401468538,MEM,3155526,32
401468538,MEM,4277961,30
401468538,MEM,2991235,23
401468538,MEM,3134932,25
401468538,MEM,4279888,33
401468538,MEM,3906665,24
401468538,MEM,4277964,1
401468538,MEM,4433137,17
401468538,MEM,4593041,15
401468538,MEM,4593125,18
401468538,MEM,3135046,22
401468538,MEM,4432646,1
401468539,PHX,2528693,30
401468539,PHX,4278129,40
401468539,PHX,2779,34
401468539,PHX,3136193,36
401468539,PHX,3147657,35
401468539,PHX,3032978,1
401468539,PHX,3146557,12
401468539,PHX,3064230,16
401468539,PHX,2595209,19
401468539,PHX,3914044,5
401468539,PHX,4065663,13
401468539,PHX,3059307,0
401468539,PHX,6427,0
401468539,NO,4395628,37
401468539,NO,4397688,27
401468539,NO,6477,28
401468539,NO,2490149,33
401468539,NO,4869342,19
401468539,NO,2580365,24
401468539,NO,4278594,31
401468539,NO,3133601,15
401468539,NO,4277869,25
401468539,NO,2999409,0
401468539,NO,4397077,0
401468539,NO,4023,0
401468539,NO,4395698,0
401468540,MIN,2993874,35
401468540,MIN,4431671,32
401468540,MIN,3032976,37
401468540,MIN,3136776,36
401468540,MIN,4594268,34
401468540,MIN,4592187,4
401468540,MIN,4396971,17
401468540,MIN,6617,20
401468540,MIN,3134916,4
401468540,MIN,4278541,21
401468540,MIN,3908336,0
401468540,MIN,4067325,0
401468540,MIN,4277951,0
401468540,MIN,2994526,0
401468540,UTAH,2489663,32
401468540,UTAH,4433136,21
401468540,UTAH,3907822,36
401468540,UTAH,2528426,36
401468540,UTAH,4278039,25
401468540,UTAH,4278077,27
401468540,UTAH,3005,16
401468540,UTAH,4396991,10
401468540,UTAH,3195,25
401468540,UTAH,4397018,12
401468540,UTAH,4683025,0
401468540,UTAH,4066299,0
401468540,UTAH,4066399,0
401468541,MIL,6609,31
401468541,MIL,3032977,35
401468541,MIL,3448,29
401468541,MIL,3995,37
401468541,MIL,3135045,33
401468541,MIL,3064482,16
401468541,MIL,3438,21
401468541,MIL,2578239,25
401468541,MIL,3133635,12
401468541,MIL,3439,0
401468541,MIL,3102533,0
401468541,MIL,4432179,0
401468541,MIL,4277883,0
401468541,MIL,4397475,0
401468541,DAL,2531367,19
401468541,DAL,2578185,28
401468541,DAL,2580782,32
401468541,DAL,2528210,28
401468541,DAL,3945274,37
401468541,DAL,2960236,28
401468541,DAL,3058254,23
401468541,DAL,2528779,19
401468541,DAL,4432811,26
401468541,DAL,6426,0
401468541,DAL,3452,0
401468541,DAL,6479,0
401468541,DAL,4230547,0
401468541,DAL,3138154,0
401468542,SA,4066650,30
401468542,SA,4395723,36
401468542,SA,4565201,14
401468542,SA,4397008,29
401468542,SA,4395626,36
401468542,SA,4066392,3
401468542,SA,2528588,25
401468542,SA,4397886,18
401468542,SA,2581190,23
401468542,SA,4395630,26
401468542,SA,4067045,0
401468542,SA,2534781,0
401468542,MIA,6430,32
401468542,MIA,3138160,36
401468542,MIA,4066261,32
401468542,MIA,3012,39
401468542,MIA,4395725,36
401468542,MIA,3157465,8
401468542,MIA,2580913,16
401468542,MIA,2527963,23
401468542,MIA,4065778,16
401468542,MIA,2184,0
401468542,MIA,4291678,0
401468542,MIA,4066993,0
401468543,BKN,6461,32
401468543,BKN,4397693,35
401468543,BKN,4432194,32
401468543,BKN,4004,34
401468543,BKN,3136485,27
401468543,BKN,3133838,21
401468543,BKN,4397107,25
401468543,BKN,4432174,29
401468543,BKN,4592216,5
401468543,BKN,2528794,0
401468543,BKN,2326307,0
401468543,IND,4397189,13
401468543,IND,3133628,30
401468543,IND,2990984,33
401468543,IND,4395712,32
401468543,IND,4396993,37
401468543,IND,4432170,12
401468543,IND,4278031,19
401468543,IND,2530530,23
401468543,IND,4396909,15
401468543,IND,4683634,26
401468543,IND,3999,0
401468543,IND,4279815,0
401468543,IND,4348700,0
401468544,LAC,4251,41
401468544,LAC,6450,30
401468544,LAC,6462,30
401468544,LAC,4017837,20
401468544,LAC,4237,29
401468544,LAC,3416,33
401468544,LAC,4397126,7
401468544,LAC,3907823,12
401468544,LAC,3913174,24
401468544,LAC,4432162,15
401468544,LAC,2490620,0
401468544,LAC,4066387,0
401468544,LAC,4397916,0
401468544,WSH,3134907,38
401468544,WSH,4280151,43
401468544,WSH,4683021,39
401468544,WSH,3102531,37
401468544,WSH,4278402,38
401468544,WSH,3986,3
401468544,WSH,2581184,16
401468544,WSH,4278049,11
401468544,WSH,4397016,15
401468544,WSH,4715198,0
401468544,WSH,4431669,0
401468545,OKC,4432813,17
401468545,OKC,4683018,34
401468545,OKC,4278073,31
401468545,OKC,4397020,22
401468545,OKC,4871145,38
401468545,OKC,4423545,26
401468545,OKC,2490089,8
401468545,OKC,4395702,19
401468545,OKC,4397183,7
401468545,OKC,4432819,8
401468545,OKC,4593803,29
401468545,OKC,4066410,0
401468545,OKC,4432823,0
401468545,CLE,4066405,31
401468545,CLE,4066328,37
401468545,CLE,4432158,37
401468545,CLE,2991043,38
401468545,CLE,4396907,34
401468545,CLE,4432822,19
401468545,CLE,3893016,26
401468545,CLE,3447,5
401468545,CLE,2968361,14
401468545,CLE,3947156,0
401468545,CLE,4432815,0
401468546,DAL,2531367,18
401468546,DAL,2578185,20
401468546,DAL,3058254,28
401468546,DAL,2580782,29
401468546,DAL,2528210,22
401468546,DAL,6426,11
401468546,DAL,2528779,23
401468546,DAL,3452,17
401468546,DAL,6479,20
401468546,DAL,4230547,25
401468546,DAL,3138154,4
401468546,DAL,4868423,23
401468546,CHI,4431687,31
401468546,CHI,6478,26
401468546,CHI,3978,32
401468546,CHI,2991350,6
401468546,CHI,3064440,27
401468546,CHI,3936099,20
401468546,CHI,6585,18
401468546,CHI,4065673,4
401468546,CHI,3423,16
401468546,CHI,4395651,26
401468546,CHI,4397002,31
401468546,CHI,4433159,4
401468547,BOS,3989,20
401468547,BOS,4065648,40
401468547,BOS,4066218,31
401468547,BOS,2990992,35
401468547,BOS,3917376,37
401468547,BOS,3078284,2
401468547,BOS,3138156,2
401468547,BOS,4065804,11
401468547,BOS,3064560,10
401468547,BOS,2566769,23
401468547,BOS,3078576,22
401468547,BOS,4066354,7
401468547,GS,6589,36
401468547,GS,3155535,27
401468547,GS,3975,37
401468547,GS,6475,36
401468547,GS,4277956,33
401468547,GS,2327577,9
401468547,GS,4066790,10
401468547,GS,4433247,21
401468547,GS,3934673,17
401468547,GS,4065733,2
401468547,GS,4432171,12
401468548,UTAH,2489663,33
401468548,UTAH,4278077,26
401468548,UTAH,4396991,34
401468548,UTAH,3907822,33
401468548,UTAH,4278039,40
401468548,UTAH,4683025,17
401468548,UTAH,3005,15
401468548,UTAH,4433136,22
401468548,UTAH,4397018,20
401468548,UTAH,4066299,0
401468548,UTAH,4066399,0
401468548,DEN,3064290,30
401468548,DEN,3112335,35
401468548,DEN,2581018,34
401468548,DEN,3936299,36
401468548,DEN,4065670,28
401468548,DEN,3209,18
401468548,DEN,3442,13
401468548,DEN,4431767,25
401468548,DEN,4592492,21
401468548,DEN,4431690,0
401468548,DEN,4230557,0
401468548,DEN,4305,0
401468548,DEN,3059262,0
401468548,DEN,4576087,0
401468549,MIN,2993874,39
401468549,MIN,4431671,29
401468549,MIN,3032976,36
401468549,MIN,3136776,39
401468549,MIN,4594268,41
401468549,MIN,4592187,4
401468549,MIN,4396971,14
401468549,MIN,6617,21
401468549,MIN,4278541,16
401468549,MIN,3908336,0
401468549,MIN,4067325,0
401468549,MIN,4277951,0
401468549,MIN,2994526,0
401468549,POR,2991070,39
401468549,POR,3102530,26
401468549,POR,6606,41
401468549,POR,3062679,33
401468549,POR,4351851,35
401468549,POR,3135047,14
401468549,POR,3914285,20
401468549,POR,4431675,12
401468549,POR,4914336,20
401468549,POR,4432161,0
401468549,POR,4432446,0
401468549,POR,4432192,0
401468550,PHX,3032978,21
401468550,PHX,2528693,36
401468550,PHX,4278129,33
401468550,PHX,2779,34
401468550,PHX,3147657,45
401468550,PHX,3146557,20
401468550,PHX,3064230,24
401468550,PHX,2595209,34
401468550,PHX,3914044,13
401468550,PHX,4065663,6
401468550,PHX,3059307,0
401468550,PHX,6427,0
401468550,NO,4395628,42
401468550,NO,4397688,34
401468550,NO,6477,18
401468550,NO,2490149,45
401468550,NO,4869342,36
401468550,NO,2580365,34
401468550,NO,4278594,36
401468550,NO,2999409,1
401468550,NO,3133601,9
401468550,NO,4277869,10
401468550,NO,4397077,0
401468550,NO,4023,0
401468550,NO,4395698,0
401468551,LAL,1966,37
401468551,LAL,6583,36
401468551,LAL,3964,24
401468551,LAL,3032979,33
401468551,LAL,4277890,30
401468551,LAL,4278508,15
401468551,LAL,3934723,12
401468551,LAL,3468,21
401468551,LAL,3056247,3
401468551,LAL,4066457,29
401468551,LAL,3064559,0
401468551,LAL,4432582,0
401468551,DET,3593,35
401468551,DET,4432810,24
401468551,DET,4433621,24
401468551,DET,4433218,25
401468551,DET,4683024,25
401468551,DET,4277848,24
401468551,DET,4278075,13
401468551,DET,6446,20
401468551,DET,6429,24
401468551,DET,4397136,26
401468551,DET,2991280,0
401468551,DET,2488826,0
401468551,DET,4080610,0
401468552,SAC,6578,35
401468552,SAC,3155942,39
401468552,SAC,4594327,35
401468552,SAC,4066372,39
401468552,SAC,4278053,25
401468552,SAC,3914283,9
401468552,SAC,3136196,9
401468552,SAC,4278521,4
401468552,SAC,2489716,13
401468552,SAC,3919454,9
401468552,SAC,4066262,23
401468552,SAC,2993370,0
401468552,SAC,4702177,0
401468552,NY,3064514,27
401468552,NY,4395625,44
401468552,NY,4351852,19
401468552,NY,3934672,27
401468552,NY,4397014,42
401468552,NY,4222252,26
401468552,NY,4277922,8
401468552,NY,4395724,25
401468552,NY,4431823,21
401468552,NY,4395627,0
401468552,NY,3456,0
401468552,NY,6588,0
401468552,NY,3133602,0
401468553,TOR,3149673,38
401468553,TOR,4433134,41
401468553,TOR,4431778,7
401468553,TOR,2991230,42
401468553,TOR,4277843,44
401468553,TOR,3244,16
401468553,TOR,3948153,28
401468553,TOR,4397885,7
401468553,TOR,2578240,18
401468553,TOR,3934719,0
401468553,TOR,4431679,0
401468553,TOR,4066668,0
401468553,ORL,4432573,37
401468553,ORL,4566434,36
401468553,ORL,3150844,21
401468553,ORL,4397102,22
401468553,ORL,4066636,23
401468553,ORL,3918423,9
401468553,ORL,4277919,23
401468553,ORL,6619,23
401468553,ORL,4067858,16
401468553,ORL,4432809,29
401468553,ORL,4433623,0
401468553,ORL,4590530,0
401468554,CHA,4066731,31
401468554,CHA,4278078,35
401468554,CHA,2488653,26
401468554,CHA,3074752,34
401468554,CHA,3133603,37
401468554,CHA,4431699,13
401468554,CHA,4702233,2
401468554,CHA,4278076,21
401468554,CHA,4683027,16
401468554,CHA,4431712,3
401468554,CHA,4576086,23
401468554,PHI,3033,32
401468554,PHI,6440,33
401468554,PHI,3059318,34
401468554,PHI,3992,38
401468554,PHI,4066436,28
401468554,PHI,2990969,13
401468554,PHI,4278562,2
401468554,PHI,2991055,13
401468554,PHI,3915195,21
401468554,PHI,3929325,11
401468554,PHI,3907498,13
401468554,PHI,4432164,2
401468554,PHI,2991155,0
401468555,CHI,4431687,25
401468555,CHI,6478,37
401468555,CHI,3978,45
401468555,CHI,3064440,39
401468555,CHI,4397002,14
401468555,CHI,3936099,26
401468555,CHI,6585,16
401468555,CHI,3423,17
401468555,CHI,2596112,14
401468555,CHI,4395651,31
401468555,CHI,4065673,0
401468555,CHI,3056245,0
401468555,CHI,4433159,0
401468555,ATL,4065732,26
401468555,ATL,4432585,40
401468555,ATL,3102529,31
401468555,ATL,4065656,34
401468555,ATL,4277905,42
401468555,ATL,2284101,5
401468555,ATL,4431680,22
401468555,ATL,4701230,15
401468555,ATL,3037789,36
401468555,ATL,3922230,14
401468555,ATL,2579294,0
401468555,ATL,4277928,0
401468555,ATL,4397179,0
401468555,ATL,4578893,0
401468556,MIL,6609,6
401468556,MIL,3032977,37
401468556,MIL,3448,33
401468556,MIL,3995,35
401468556,MIL,3135045,29
401468556,MIL,3064482,28
401468556,MIL,4277883,5
401468556,MIL,3438,14
401468556,MIL,2578239,25
401468556,MIL,3133635,28
401468556,MIL,3439,0
401468556,MIL,3102533,0
401468556,MIL,4432179,0
401468556,HOU,4432639,35
401468556,HOU,4871144,27
401468556,HOU,3431,30
401468556,HOU,4397140,36
401468556,HOU,4437244,34
401468556,HOU,4871143,11
401468556,HOU,4277952,10
401468556,HOU,4431828,22
401468556,HOU,4433192,13
401468556,HOU,4432176,12
401468556,HOU,3913180,10
401468556,HOU,4376,0
401468556,HOU,4432168,0
401468556,HOU,4683749,0
401468556,HOU,5075393,0
401468557,MIA,6430,34
401468557,MIA,3138160,40
401468557,MIA,4066261,35
401468557,MIA,3012,34
401468557,MIA,4395725,34
401468557,MIA,2580913,13
401468557,MIA,2527963,19
401468557,MIA,4065778,32
401468557,MIA,2184,0
401468557,MIA,3157465,0
401468557,MIA,4291678,0
401468557,MIA,4593049,0
401468557,IND,3133628,35
401468557,IND,2990984,36
401468557,IND,4395712,34
401468557,IND,4396909,30
401468557,IND,4396993,33
401468557,IND,4397189,13
401468557,IND,4278031,15
401468557,IND,2530530,17
401468557,IND,4683634,28
401468557,IND,3999,0
401468557,IND,4279815,0
401468557,IND,4432170,0
401468557,IND,4348700,0
401468558,BKN,3202,33
401468558,BKN,2528794,23
401468558,BKN,4278067,26
401468558,BKN,6442,36
401468558,BKN,3907387,23
401468558,BKN,6461,6
401468558,BKN,2982334,19
401468558,BKN,3133838,21
401468558,BKN,3136485,12
401468558,BKN,2326307,22
401468558,BKN,4432174,19
401468558,BKN,4432194,0
401468558,BKN,4004,0
401468558,WSH,3134907,39
401468558,WSH,4280151,36
401468558,WSH,4683021,27
401468558,WSH,3102531,24
401468558,WSH,4278402,36
401468558,WSH,3986,5
401468558,WSH,2581184,8
401468558,WSH,4278049,20
401468558,WSH,6579,33
401468558,WSH,4397016,12
401468558,WSH,3059310,0
401468559,ATL,4065732,21
401468559,ATL,4431680,28
401468559,ATL,4432585,25
401468559,ATL,4701230,29
401468559,ATL,4065656,29
401468559,ATL,2284101,19
401468559,ATL,2579294,20
401468559,ATL,3922230,29
401468559,ATL,4277928,13
401468559,ATL,4397179,12
401468559,ATL,4578893,16
401468559,ATL,3102529,0
401468559,MEM,3155526,29
401468559,MEM,3906665,23
401468559,MEM,4277961,24
401468559,MEM,3134932,24
401468559,MEM,3135046,25
401468559,MEM,4277964,20
401468559,MEM,4433137,21
401468559,MEM,4585610,4
401468559,MEM,4592691,4
401468559,MEM,4593041,22
401468559,MEM,4593125,21
401468559,MEM,4432646,23
401468560,OKC,4683018,22
401468560,OKC,4278073,38
401468560,OKC,4397020,34
401468560,OKC,4593803,38
401468560,OKC,4871145,31
401468560,OKC,4066410,13
401468560,OKC,4423545,19
401468560,OKC,4432813,14
401468560,OKC,4395702,21
401468560,OKC,4432819,10
401468560,OKC,2490089,0
401468560,OKC,4397183,0
401468560,DAL,2531367,15
401468560,DAL,2578185,23
401468560,DAL,2580782,35
401468560,DAL,2528210,29
401468560,DAL,3945274,37
401468560,DAL,2960236,31
401468560,DAL,3058254,20
401468560,DAL,2528779,32
401468560,DAL,4230547,18
401468560,DAL,3452,0
401468560,DAL,6479,0
401468560,DAL,3138154,0
401468560,DAL,3915560,0
401468560,DAL,4868423,0
401468561,CLE,4066405,25
401468561,CLE,4066328,36
401468561,CLE,4432158,38
401468561,CLE,3908809,37
401468561,CLE,4396907,39
401468561,CLE,3449,14
401468561,CLE,4432822,16
401468561,CLE,3893016,7
401468561,CLE,2991043,29
401468561,CLE,4432815,0
401468561,CLE,3447,0
401468561,CLE,2968361,0
401468561,SA,4066392,15
401468561,SA,4066650,28
401468561,SA,4395723,34
401468561,SA,4397008,25
401468561,SA,4395626,29
401468561,SA,2528588,18
401468561,SA,4610139,18
401468561,SA,4397886,20
401468561,SA,2581190,27
401468561,SA,4395630,28
401468561,SA,4067045,0
401468561,SA,4565201,0
401468561,SA,4870562,0
401468561,SA,2534781,0
401468562,MIN,2993874,28
401468562,MIN,4431671,28
401468562,MIN,3032976,32
401468562,MIN,3136776,30
401468562,MIN,4594268,33
401468562,MIN,3908336,4
401468562,MIN,4067325,4
401468562,MIN,4592187,4
401468562,MIN,4687718,4
401468562,MIN,4277951,4
401468562,MIN,4396971,18
401468562,MIN,6617,14
401468562,MIN,2994526,15
401468562,MIN,4278541,23
401468562,POR,2991070,32
401468562,POR,3102530,25
401468562,POR,6606,29
401468562,POR,3062679,28
401468562,POR,4351851,33
401468562,POR,3135047,30
401468562,POR,3914285,17
401468562,POR,4431675,13
401468562,POR,4432446,6
401468562,POR,4432192,6
401468562,POR,4914336,20
401468562,POR,3134903,0
401468563,BOS,3989,21
401468563,BOS,4065648,37
401468563,BOS,2990992,32
401468563,BOS,3078576,15
401468563,BOS,3917376,30
401468563,BOS,3078284,6
401468563,BOS,3138156,3
401468563,BOS,4065804,13
401468563,BOS,4066218,29
401468563,BOS,3064560,15
401468563,BOS,2566769,31
401468563,BOS,4066354,7
401468563,BOS,4065660,0
401468563,LAC,4251,35
401468563,LAC,6450,29
401468563,LAC,6462,27
401468563,LAC,4017837,17
401468563,LAC,6443,27
401468563,LAC,3416,27
401468563,LAC,4433249,3
401468563,LAC,4397126,4
401468563,LAC,4237,19
401468563,LAC,3907823,20
401468563,LAC,3913174,26
401468563,LAC,4066387,4
401468563,LAC,4432162,3
401468563,LAC,2490620,0
401468564,SAC,6578,31
401468564,SAC,3155942,30
401468564,SAC,4594327,21
401468564,SAC,4066259,29
401468564,SAC,4066372,24
401468564,SAC,3914283,10
401468564,SAC,2993370,6
401468564,SAC,3136196,17
401468564,SAC,4278521,8
401468564,SAC,4397424,2
401468564,SAC,3919454,14
401468564,SAC,4066262,24
401468564,SAC,4278053,19
401468564,SAC,4702177,6
401468564,SAC,2489716,0
401468564,PHI,3033,24
401468564,PHI,6440,34
401468564,PHI,3059318,30
401468564,PHI,3992,36
401468564,PHI,3907498,22
401468564,PHI,2990969,26
401468564,PHI,4278562,6
401468564,PHI,2991055,12
401468564,PHI,3915195,33
401468564,PHI,3929325,12
401468564,PHI,4432164,6
401468564,PHI,2991155,0
401468565,GS,6589,23
401468565,GS,3155535,19
401468565,GS,3975,27
401468565,GS,6475,27
401468565,GS,4277956,32
401468565,GS,2327577,13
401468565,GS,4066790,26
401468565,GS,4433247,27
401468565,GS,3934673,27
401468565,GS,4432171,10
401468565,GS,4433246,8
401468565,MIL,6609,29
401468565,MIL,3032977,30
401468565,MIL,3448,28
401468565,MIL,3133635,28
401468565,MIL,3135045,27
401468565,MIL,3064482,32
401468565,MIL,3102533,3
401468565,MIL,4432179,5
401468565,MIL,4277883,3
401468565,MIL,3438,19
401468565,MIL,4032,14
401468565,MIL,2578239,19
401468565,MIL,4397475,3
401468565,MIL,3439,0
401468566,PHX,2528693,29
401468566,PHX,4278129,15
401468566,PHX,2779,38
401468566,PHX,3147657,38
401468566,PHX,3914044,32
401468566,PHX,3059307,4
401468566,PHX,6427,22
401468566,PHX,3146557,12
401468566,PHX,3064230,8
401468566,PHX,2595209,22
401468566,PHX,4065663,20
401468566,PHX,3032978,0
401468566,HOU,4432639,29
401468566,HOU,4871144,29
401468566,HOU,3431,23
401468566,HOU,4397140,33
401468566,HOU,4437244,37
401468566,HOU,4871143,10
401468566,HOU,4277952,9
401468566,HOU,4431828,20
401468566,HOU,4433192,19
401468566,HOU,4432176,15
401468566,HOU,3913180,17
401468566,HOU,4376,0
401468566,HOU,4432168,0
401468566,HOU,4683749,0
401468566,HOU,5075393,0
401468567,NO,4277813,20
401468567,NO,4395628,26
401468567,NO,4397688,25
401468567,NO,6477,19
401468567,NO,2490149,30
401468567,NO,2580365,23
401468567,NO,4278594,23
401468567,NO,2999409,6
401468567,NO,4397077,6
401468567,NO,3133601,6
401468567,NO,4023,6
401468567,NO,4277869,17
401468567,NO,4395698,6
401468567,NO,4869342,26
401468567,UTAH,2489663,16
401468567,UTAH,4066336,31
401468567,UTAH,4278077,23
401468567,UTAH,3195,29
401468567,UTAH,2528426,29
401468567,UTAH,4683025,2
401468567,UTAH,3005,19
401468567,UTAH,4396991,5
401468567,UTAH,4066299,4
401468567,UTAH,4433136,23
401468567,UTAH,3907822,31
401468567,UTAH,4278039,25
401468567,UTAH,4397018,4
401468568,BOS,3989,23
401468568,BOS,4065648,44
401468568,BOS,2990992,42
401468568,BOS,3078576,26
401468568,BOS,3917376,43
401468568,BOS,4065804,11
401468568,BOS,4066218,31
401468568,BOS,3064560,24
401468568,BOS,2566769,21
401468568,BOS,3078284,0
401468568,BOS,3138156,0
401468568,BOS,4065660,0
401468568,BOS,4066354,0
401468568,LAL,1966,43
401468568,LAL,6583,46
401468568,LAL,3964,19
401468568,LAL,3032979,19
401468568,LAL,4277890,23
401468568,LAL,4278508,31
401468568,LAL,3934723,7
401468568,LAL,3468,35
401468568,LAL,3056247,6
401468568,LAL,4066457,36
401468568,LAL,3064559,0
401468568,LAL,4432582,0
401468569,DET,3593,37
401468569,DET,4432810,41
401468569,DET,4433621,36
401468569,DET,4433218,29
401468569,DET,4683024,34
401468569,DET,4277848,10
401468569,DET,4278075,19
401468569,DET,6446,14
401468569,DET,6429,26
401468569,DET,4397136,18
401468569,DET,2991280,0
401468569,DET,2488826,0
401468569,DET,4080610,0
401468569,CHA,4278078,31
401468569,CHA,2488653,34
401468569,CHA,3074752,42
401468569,CHA,3133603,40
401468569,CHA,4432816,34
401468569,CHA,4431699,14
401468569,CHA,4066731,35
401468569,CHA,4278076,19
401468569,CHA,4683027,16
401468569,CHA,4702233,0
401468569,CHA,4431712,0
401468569,CHA,4576086,0
401468570,GS,6589,27
401468570,GS,3155535,21
401468570,GS,3975,30
401468570,GS,3934673,38
401468570,GS,4277956,33
401468570,GS,2327577,19
401468570,GS,4066790,12
401468570,GS,4433247,24
401468570,GS,4065733,13
401468570,GS,4432171,23
401468570,GS,4433246,0
401468570,IND,3133628,31
401468570,IND,2990984,35
401468570,IND,4395712,31
401468570,IND,4396909,20
401468570,IND,4396993,34
401468570,IND,4397189,17
401468570,IND,4278031,20
401468570,IND,2530530,16
401468570,IND,4683634,36
401468570,IND,3999,0
401468570,IND,4279815,0
401468570,IND,4432170,0
401468570,IND,4348700,0
401468571,ATL,4065732,38
401468571,ATL,4432585,27
401468571,ATL,4701230,19
401468571,ATL,3102529,22
401468571,ATL,4277905,39
401468571,ATL,2284101,20
401468571,ATL,4431680,26
401468571,ATL,3037789,31
401468571,ATL,4065656,14
401468571,ATL,4277928,4
401468571,ATL,2579294,0
401468571,ATL,3922230,0
401468571,ATL,4397179,0
401468571,ATL,4578893,0
401468571,ORL,4432573,34
401468571,ORL,4566434,36
401468571,ORL,3150844,30
401468571,ORL,4397102,27
401468571,ORL,4066636,32
401468571,ORL,3918423,14
401468571,ORL,4277919,18
401468571,ORL,6619,24
401468571,ORL,4067858,4
401468571,ORL,4432809,20
401468571,ORL,4433623,0
401468572,SAC,6578,36
401468572,SAC,3155942,40
401468572,SAC,4594327,32
401468572,SAC,3919454,25
401468572,SAC,4066259,41
401468572,SAC,3914283,5
401468572,SAC,2993370,3
401468572,SAC,3136196,12
401468572,SAC,4066262,33
401468572,SAC,4278053,12
401468572,SAC,4278521,0
401468572,SAC,4397424,0
401468572,SAC,2489716,0
401468572,SAC,4066372,0
401468572,SAC,4702177,0
401468572,TOR,3244,28
401468572,TOR,3149673,43
401468572,TOR,4433134,40
401468572,TOR,2991230,38
401468572,TOR,4277843,25
401468572,TOR,4017839,24
401468572,TOR,3948153,17
401468572,TOR,4397885,5
401468572,TOR,2578240,7
401468572,TOR,4431778,13
401468572,TOR,4431679,0
401468572,TOR,4066668,0
401468573,NY,3064514,46
401468573,NY,4395625,34
401468573,NY,4351852,36
401468573,NY,3934672,39
401468573,NY,4397014,37
401468573,NY,4222252,16
401468573,NY,4277922,8
401468573,NY,4395724,35
401468573,NY,4431823,14
401468573,NY,4395627,0
401468573,NY,3456,0
401468573,NY,6588,0
401468573,NY,3133602,0
401468573,CHI,4431687,40
401468573,CHI,6478,41
401468573,CHI,3978,40
401468573,CHI,2991350,32
401468573,CHI,3064440,41
401468573,CHI,3936099,11
401468573,CHI,6585,12
401468573,CHI,3423,10
401468573,CHI,2596112,10
401468573,CHI,4395651,28
401468573,CHI,4065673,0
401468573,CHI,4433159,0
401468574,MIA,3138160,34
401468574,MIA,4066261,33
401468574,MIA,3012,29
401468574,MIA,4065778,18
401468574,MIA,4395725,40
401468574,MIA,3157465,23
401468574,MIA,4291678,18
401468574,MIA,2580913,15
401468574,MIA,2527963,31
401468574,MIA,2184,0
401468574,MIA,4593049,0
401468574,OKC,4423545,31
401468574,OKC,4278073,36
401468574,OKC,4397020,34
401468574,OKC,4593803,31
401468574,OKC,4871145,36
401468574,OKC,4066410,8
401468574,OKC,4683018,8
401468574,OKC,2490089,10
401468574,OKC,4395702,17
401468574,OKC,4397183,25
401468574,OKC,4432819,5
401468575,POR,2991070,35
401468575,POR,3102530,30
401468575,POR,6606,36
401468575,POR,3062679,33
401468575,POR,4351851,33
401468575,POR,3135047,15
401468575,POR,3914285,14
401468575,POR,4431675,13
401468575,POR,4432446,3
401468575,POR,4432192,3
401468575,POR,4914336,23
401468575,POR,3134903,0
401468575,SA,4395723,33
401468575,SA,3136779,24
401468575,SA,4397886,20
401468575,SA,2581190,23
401468575,SA,4395626,25
401468575,SA,4066392,8
401468575,SA,2528588,21
401468575,SA,4565201,8
401468575,SA,4610139,21
401468575,SA,4870562,3
401468575,SA,3134881,4
401468575,SA,2534781,24
401468575,SA,4395630,26
401468576,CLE,4066405,38
401468576,CLE,4066328,36
401468576,CLE,4432158,35
401468576,CLE,3908809,38
401468576,CLE,4396907,34
401468576,CLE,3449,16
401468576,CLE,4432815,1
401468576,CLE,4432822,10
401468576,CLE,3447,1
401468576,CLE,2968361,1
401468576,CLE,2991043,29
401468576,CLE,3893016,0
401468576,DAL,2531367,12
401468576,DAL,2578185,25
401468576,DAL,2580782,32
401468576,DAL,2528210,31
401468576,DAL,3945274,39
401468576,DAL,3058254,35
401468576,DAL,6426,7
401468576,DAL,2528779,36
401468576,DAL,4230547,12
401468576,DAL,4278507,3
401468576,DAL,3138154,3
401468576,DAL,3915560,3
401468576,DAL,4868423,3
401468576,DAL,3452,0
401468576,DAL,6479,0
401468577,WSH,3986,18
401468577,WSH,3134907,36
401468577,WSH,4280151,35
401468577,WSH,4683021,29
401468577,WSH,3059310,28
401468577,WSH,2581184,12
401468577,WSH,4278049,26
401468577,WSH,6579,36
401468577,WSH,4278402,21
401468577,WSH,4397016,2
401468577,WSH,3102531,0
401468577,DEN,3064290,31
401468577,DEN,3112335,33
401468577,DEN,2581018,31
401468577,DEN,3936299,30
401468577,DEN,4065670,28
401468577,DEN,3209,15
401468577,DEN,4431690,2
401468577,DEN,4230557,2
401468577,DEN,3442,13
401468577,DEN,4305,2
401468577,DEN,3059262,2
401468577,DEN,4431767,24
401468577,DEN,4592492,28
401468578,MIN,2993874,32
401468578,MIN,4431671,36
401468578,MIN,3032976,32
401468578,MIN,6617,29
401468578,MIN,4594268,37
401468578,MIN,3908336,3
401468578,MIN,4067325,3
401468578,MIN,4592187,15
401468578,MIN,4687718,3
401468578,MIN,4277951,3
401468578,MIN,4396971,20
401468578,MIN,2994526,4
401468578,MIN,4278541,25
401468578,LAC,4251,33
401468578,LAC,6450,31
401468578,LAC,6462,29
401468578,LAC,4017837,17
401468578,LAC,6443,26
401468578,LAC,2490620,19
401468578,LAC,3416,31
401468578,LAC,4397126,3
401468578,LAC,3907823,24
401468578,LAC,3913174,23
401468578,LAC,4066387,3
401468578,LAC,4432162,3
401468579,MIA,2184,12
401468579,MIA,6430,36
401468579,MIA,3138160,31
401468579,MIA,4065778,33
401468579,MIA,4395725,38
401468579,MIA,3157465,24
401468579,MIA,4291678,30
401468579,MIA,4593049,36
401468579,MIA,4278572,0
401468579,MIA,4997528,0
401468579,MIA,4066261,0
401468579,HOU,4432639,32
401468579,HOU,4871144,24
401468579,HOU,3431,32
401468579,HOU,4397140,36
401468579,HOU,4437244,36
401468579,HOU,4871143,20
401468579,HOU,4277952,4
401468579,HOU,4431828,21
401468579,HOU,4433192,16
401468579,HOU,3913180,7
401468579,HOU,4683749,12
401468579,HOU,4376,0
401468579,HOU,4432168,0
401468579,HOU,4432176,0
401468579,HOU,5075393,0
401468580,MIL,6609,22
401468580,MIL,3032977,26
401468580,MIL,3448,18
401468580,MIL,3133635,22
401468580,MIL,3135045,22
401468580,MIL,3064482,22
401468580,MIL,3102533,16
401468580,MIL,4432179,22
401468580,MIL,4277883,16
401468580,MIL,3438,20
401468580,MIL,4032,5
401468580,MIL,2578239,15
401468580,MIL,4397475,14
401468580,MEM,3155526,21
401468580,MEM,4277961,13
401468580,MEM,2991235,21
401468580,MEM,3134932,17
401468580,MEM,4279888,26
401468580,MEM,3906665,15
401468580,MEM,4277964,12
401468580,MEM,4433137,22
401468580,MEM,4592691,12
401468580,MEM,4593041,24
401468580,MEM,4593125,27
401468580,MEM,3135046,19
401468580,MEM,4432646,12
401468581,NO,4277813,21
401468581,NO,4395628,42
401468581,NO,4397688,33
401468581,NO,6477,26
401468581,NO,2490149,42
401468581,NO,2580365,29
401468581,NO,4278594,33
401468581,NO,3133601,20
401468581,NO,4869342,19
401468581,NO,2999409,0
401468581,NO,4397077,0
401468581,NO,4023,0
401468581,NO,4395698,0
401468581,UTAH,2489663,35
401468581,UTAH,4066336,42
401468581,UTAH,4278077,21
401468581,UTAH,3195,32
401468581,UTAH,2528426,39
401468581,UTAH,3005,18
401468581,UTAH,4066299,3
401468581,UTAH,4433136,28
401468581,UTAH,3907822,26
401468581,UTAH,4278039,21
401468581,UTAH,4683025,0
401468581,UTAH,4396991,0
401468581,UTAH,4397018,0
401468582,PHX,2528693,18
401468582,PHX,6427,18
401468582,PHX,2779,36
401468582,PHX,3136193,35
401468582,PHX,3147657,39
401468582,PHX,3059307,7
401468582,PHX,3146557,27
401468582,PHX,2595209,15
401468582,PHX,3914044,20
401468582,PHX,4065663,25
401468582,PHX,3032978,0
401468582,LAC,6462,30
401468582,LAC,4397126,23
401468582,LAC,4237,26
401468582,LAC,3907823,34
401468582,LAC,4066387,38
401468582,LAC,2490620,23
401468582,LAC,3416,10
401468582,LAC,4433249,16
401468582,LAC,4397916,16
401468582,LAC,4432162,24
401468582,LAC,3913174,0
401468583,ATL,4065732,27
401468583,ATL,4431680,23
401468583,ATL,3037789,29
401468583,ATL,4065656,28
401468583,ATL,4277905,34
401468583,ATL,2579294,22
401468583,ATL,4432585,28
401468583,ATL,4701230,21
401468583,ATL,3922230,19
401468583,ATL,4277928,3
401468583,ATL,4397179,3
401468583,ATL,4578893,3
401468583,ATL,2284101,0
401468583,CHA,4066731,17
401468583,CHA,4249,29
401468583,CHA,2488653,21
401468583,CHA,3074752,32
401468583,CHA,4432816,33
401468583,CHA,4431699,14
401468583,CHA,4702233,19
401468583,CHA,4278076,23
401468583,CHA,4683027,15
401468583,CHA,4431712,4
401468583,CHA,3133603,30
401468583,CHA,4576086,4
401468584,SAC,6578,37
401468584,SAC,3155942,41
401468584,SAC,4594327,35
401468584,SAC,4066259,39
401468584,SAC,4066372,29
401468584,SAC,3914283,4
401468584,SAC,2993370,3
401468584,SAC,2489716,9
401468584,SAC,3919454,17
401468584,SAC,4066262,26
401468584,SAC,3136196,0
401468584,SAC,4278521,0
401468584,SAC,4397424,0
401468584,SAC,4278053,0
401468584,SAC,4702177,0
401468584,DET,3593,30
401468584,DET,4432810,26
401468584,DET,4433621,30
401468584,DET,4433218,20
401468584,DET,4683024,29
401468584,DET,4277848,18
401468584,DET,4278075,16
401468584,DET,6446,19
401468584,DET,6429,24
401468584,DET,4397136,27
401468584,DET,2991280,0
401468584,DET,2488826,0
401468584,DET,4080610,0
401468585,ORL,4432573,37
401468585,ORL,4566434,34
401468585,ORL,3150844,23
401468585,ORL,4397102,19
401468585,ORL,4066636,28
401468585,ORL,3918423,11
401468585,ORL,4277919,25
401468585,ORL,6619,28
401468585,ORL,4067858,5
401468585,ORL,4432809,29
401468585,ORL,4433623,0
401468585,BOS,4065648,38
401468585,BOS,3213,16
401468585,BOS,2990992,34
401468585,BOS,3078576,26
401468585,BOS,3917376,37
401468585,BOS,3989,5
401468585,BOS,4065804,10
401468585,BOS,4066218,19
401468585,BOS,3064560,7
401468585,BOS,4066211,18
401468585,BOS,2566769,30
401468585,BOS,3078284,0
401468585,BOS,3138156,0
401468585,BOS,4066354,0
401468585,BOS,4576085,0
401468586,IND,4397189,14
401468586,IND,3133628,30
401468586,IND,2990984,28
401468586,IND,4395712,29
401468586,IND,4396993,35
401468586,IND,4432170,18
401468586,IND,4278031,14
401468586,IND,2530530,15
401468586,IND,4396909,29
401468586,IND,4683634,29
401468586,IND,3999,0
401468586,IND,4279815,0
401468586,IND,4348700,0
401468586,CLE,4066405,22
401468586,CLE,4066328,39
401468586,CLE,4432158,31
401468586,CLE,3908809,37
401468586,CLE,4396907,36
401468586,CLE,3449,19
401468586,CLE,4432822,10
401468586,CLE,3893016,21
401468586,CLE,2991043,26
401468586,CLE,3447,0
401468586,CLE,2968361,0
401468587,GS,3155535,26
401468587,GS,4433247,29
401468587,GS,6475,35
401468587,GS,3934673,35
401468587,GS,4277956,37
401468587,GS,2327577,11
401468587,GS,4066790,20
401468587,GS,4432808,11
401468587,GS,4065733,19
401468587,GS,4432171,16
401468587,GS,4433246,1
401468587,GS,4591725,1
401468587,PHI,3033,27
401468587,PHI,3059318,36
401468587,PHI,3992,37
401468587,PHI,3907498,21
401468587,PHI,4066436,38
401468587,PHI,2990969,23
401468587,PHI,4278562,1
401468587,PHI,2991155,16
401468587,PHI,2991055,11
401468587,PHI,3915195,31
401468587,PHI,6440,0
401468588,BKN,3202,37
401468588,BKN,2583632,32
401468588,BKN,4278067,26
401468588,BKN,6442,35
401468588,BKN,3907387,32
401468588,BKN,2528794,23
401468588,BKN,2982334,17
401468588,BKN,3133838,21
401468588,BKN,3136485,4
401468588,BKN,2326307,7
401468588,BKN,4432174,5
401468588,BKN,6461,0
401468588,TOR,4017839,41
401468588,TOR,3149673,37
401468588,TOR,4433134,40
401468588,TOR,4431778,21
401468588,TOR,2991230,43
401468588,TOR,3244,14
401468588,TOR,3948153,16
401468588,TOR,4066668,28
401468588,TOR,4397885,0
401468588,TOR,4431679,0
401468588,TOR,2578240,0
401468588,TOR,4066786,0
401468589,NY,3064514,36
401468589,NY,4395625,38
401468589,NY,4351852,28
401468589,NY,3934672,31
401468589,NY,4397014,29
401468589,NY,4222252,14
401468589,NY,4277922,16
401468589,NY,3456,4
401468589,NY,2991047,2
401468589,NY,3133602,3
401468589,NY,4395724,26
401468589,NY,4431823,14
401468589,NY,4395627,0
401468589,NY,6588,0
401468589,CHI,4431687,30
401468589,CHI,6478,29
401468589,CHI,3978,31
401468589,CHI,2991350,25
401468589,CHI,3064440,30
401468589,CHI,3936099,9
401468589,CHI,6585,10
401468589,CHI,4065673,4
401468589,CHI,3423,16
401468589,CHI,2596112,18
401468589,CHI,4395651,22
401468589,CHI,4397002,15
401468589,CHI,4433159,0
401468590,MIN,2993874,32
401468590,MIN,4431671,30
401468590,MIN,4396971,37
401468590,MIN,6617,31
401468590,MIN,4594268,35
401468590,MIN,3908336,7
401468590,MIN,4067325,11
401468590,MIN,4592187,7
401468590,MIN,2994526,16
401468590,MIN,4278541,34
401468590,MIN,4687718,0
401468590,MIN,4277951,0
401468590,OKC,4683018,24
401468590,OKC,4278073,38
401468590,OKC,4397020,23
401468590,OKC,4593803,33
401468590,OKC,4871145,30
401468590,OKC,4066317,11
401468590,OKC,4066410,21
401468590,OKC,2490089,11
401468590,OKC,4395702,13
401468590,OKC,4397183,28
401468590,OKC,4432819,8
401468590,OKC,4432823,0
401468591,POR,2991070,21
401468591,POR,3102530,22
401468591,POR,6606,24
401468591,POR,3062679,22
401468591,POR,4351851,24
401468591,POR,3135047,18
401468591,POR,4432161,12
401468591,POR,3914285,13
401468591,POR,4431675,24
401468591,POR,4432446,12
401468591,POR,4432192,19
401468591,POR,4914336,29
401468591,DAL,2531367,12
401468591,DAL,2578185,28
401468591,DAL,2580782,25
401468591,DAL,2528210,26
401468591,DAL,3945274,29
401468591,DAL,3058254,30
401468591,DAL,2528779,29
401468591,DAL,3452,7
401468591,DAL,6479,13
401468591,DAL,4230547,28
401468591,DAL,3138154,7
401468591,DAL,4868423,7
401468592,DEN,3064290,32
401468592,DEN,3112335,35
401468592,DEN,2581018,30
401468592,DEN,3936299,36
401468592,DEN,4065670,35
401468592,DEN,3209,17
401468592,DEN,4431690,2
401468592,DEN,4230557,2
401468592,DEN,3442,7
401468592,DEN,4305,2
401468592,DEN,3059262,17
401468592,DEN,4431767,9
401468592,DEN,4592492,15
401468592,LAL,1966,36
401468592,LAL,6583,17
401468592,LAL,3964,21
401468592,LAL,3032979,31
401468592,LAL,4277890,20
401468592,LAL,4278508,14
401468592,LAL,3064559,1
401468592,LAL,3934723,24
401468592,LAL,3468,30
401468592,LAL,3056247,1
401468592,LAL,4066457,30
401468592,LAL,4432582,16
401468593,WSH,3134907,39
401468593,WSH,4280151,33
401468593,WSH,4683021,37
401468593,WSH,3102531,35
401468593,WSH,3059310,32
401468593,WSH,2581184,9
401468593,WSH,4278049,10
401468593,WSH,6579,23
401468593,WSH,4278402,21
401468593,WSH,3986,0
401468593,WSH,4431669,0
401468593,WSH,4397016,0
401468593,WSH,4432356,0
401468593,LAC,3416,33
401468593,LAC,6450,32
401468593,LAC,6462,33
401468593,LAC,4433249,18
401468593,LAC,4237,28
401468593,LAC,4397126,4
401468593,LAC,3907823,35
401468593,LAC,3913174,29
401468593,LAC,4066387,20
401468593,LAC,4432162,7
401468593,LAC,2490620,0
401468593,LAC,4397916,0
401468594,MIA,6430,34
401468594,MIA,4997528,15
401468594,MIA,4066261,36
401468594,MIA,4065778,27
401468594,MIA,4395725,38
401468594,MIA,3157465,26
401468594,MIA,4291678,18
401468594,MIA,2580913,8
401468594,MIA,4593049,4
401468594,MIA,2527963,34
401468594,MIA,4066993,0
401468594,MIA,2184,0
401468594,SA,4395723,33
401468594,SA,4610139,16
401468594,SA,3134908,21
401468594,SA,4395626,32
401468594,SA,4395630,32
401468594,SA,4066392,3
401468594,SA,2528588,21
401468594,SA,4066650,24
401468594,SA,4565201,20
401468594,SA,3134881,3
401468594,SA,3136779,32
401468594,SA,4397886,3
401468594,SA,2534781,0
401468595,DAL,2578185,40
401468595,DAL,3058254,43
401468595,DAL,2528779,46
401468595,DAL,6479,42
401468595,DAL,2528210,44
401468595,DAL,3452,7
401468595,DAL,4230547,22
401468595,DAL,3138154,9
401468595,DAL,4868423,13
401468595,DAL,2531367,0
401468595,DAL,6426,0
401468595,CLE,4432822,26
401468595,CLE,4066328,40
401468595,CLE,4432158,36
401468595,CLE,3908809,42
401468595,CLE,4396907,44
401468595,CLE,3449,15
401468595,CLE,3893016,17
401468595,CLE,2968361,7
401468595,CLE,2991043,38
401468595,CLE,4066405,0
401468595,CLE,3447,0
401468596,POR,3135047,28
401468596,POR,3102530,27
401468596,POR,6606,33
401468596,POR,3062679,31
401468596,POR,4351851,33
401468596,POR,4432161,4
401468596,POR,3914285,17
401468596,POR,4431675,26
401468596,POR,4432446,4
401468596,POR,4432192,17
401468596,POR,4914336,21
401468596,POR,3134903,0
401468596,HOU,4432639,25
401468596,HOU,4871144,21
401468596,HOU,3431,20
401468596,HOU,4397140,29
401468596,HOU,4437244,31
401468596,HOU,4871143,11
401468596,HOU,4277952,11
401468596,HOU,4431828,31
401468596,HOU,4433192,23
401468596,HOU,4376,4
401468596,HOU,4432176,16
401468596,HOU,4683749,15
401468597,UTAH,2489663,27
401468597,UTAH,4066336,28
401468597,UTAH,4278077,21
401468597,UTAH,3195,25
401468597,UTAH,2528426,26
401468597,UTAH,3899664,15
401468597,UTAH,4683025,4
401468597,UTAH,3005,13
401468597,UTAH,4396991,7
401468597,UTAH,4066299,5
401468597,UTAH,4433136,14
401468597,UTAH,3907822,28
401468597,UTAH,4278039,19
401468597,UTAH,4397018,7
401468597,UTAH,4066399,0
401468597,MIL,3064482,30
401468597,MIL,3448,26
401468597,MIL,3995,27
401468597,MIL,3133635,17
401468597,MIL,3135045,28
401468597,MIL,3439,11
401468597,MIL,3102533,3
401468597,MIL,4278580,23
401468597,MIL,4432179,19
401468597,MIL,4277883,4
401468597,MIL,3438,17
401468597,MIL,4032,14
401468597,MIL,2578239,16
401468597,MIL,4397475,4
401468598,MEM,3155526,37
401468598,MEM,4277961,28
401468598,MEM,2991235,29
401468598,MEM,3134932,23
401468598,MEM,4279888,16
401468598,MEM,3906665,19
401468598,MEM,4433137,13
401468598,MEM,4593041,19
401468598,MEM,4593125,17
401468598,MEM,3135046,34
401468598,MEM,4432646,5
401468598,MEM,4277964,0
401468598,OKC,4066410,16
401468598,OKC,4683018,22
401468598,OKC,4395702,26
401468598,OKC,4397020,31
401468598,OKC,4593803,30
401468598,OKC,4066317,18
401468598,OKC,4432823,15
401468598,OKC,2490089,11
401468598,OKC,3133626,32
401468598,OKC,4397183,21
401468598,OKC,4432819,18
401468599,NO,4277813,31
401468599,NO,4395628,39
401468599,NO,4397688,22
401468599,NO,6477,26
401468599,NO,2490149,36
401468599,NO,2580365,22
401468599,NO,4278594,18
401468599,NO,3133601,8
401468599,NO,4277869,15
401468599,NO,4869342,23
401468599,NO,2999409,0
401468599,NO,4397077,0
401468599,NO,4023,0
401468599,NO,4395698,0
401468599,PHX,2528693,20
401468599,PHX,6427,31
401468599,PHX,2779,35
401468599,PHX,3136193,42
401468599,PHX,3147657,37
401468599,PHX,3059307,6
401468599,PHX,3146557,16
401468599,PHX,2595209,14
401468599,PHX,3914044,15
401468599,PHX,4065663,23
401468599,PHX,3032978,0
401468600,ORL,4432573,34
401468600,ORL,4566434,32
401468600,ORL,3150844,29
401468600,ORL,4397102,20
401468600,ORL,4066636,30
401468600,ORL,3918423,17
401468600,ORL,4277919,19
401468600,ORL,6619,19
401468600,ORL,4067858,19
401468600,ORL,4432809,22
401468600,ORL,4433623,0
401468600,ORL,4590530,0
401468600,BOS,4066218,31
401468600,BOS,3213,33
401468600,BOS,2990992,31
401468600,BOS,3078576,30
401468600,BOS,3917376,39
401468600,BOS,4065804,16
401468600,BOS,3064560,8
401468600,BOS,4066211,18
401468600,BOS,2566769,31
401468600,BOS,4066354,4
401468600,BOS,3989,0
401468600,BOS,3078284,0
401468600,BOS,3138156,0
401468601,NY,3064514,39
401468601,NY,4395625,42
401468601,NY,4351852,32
401468601,NY,3934672,35
401468601,NY,4397014,32
401468601,NY,4222252,16
401468601,NY,4277922,9
401468601,NY,4395724,22
401468601,NY,4431823,13
401468601,NY,4395627,0
401468601,NY,3456,0
401468601,NY,6588,0
401468601,NY,2991047,0
401468601,NY,3133602,0
401468601,IND,3133628,33
401468601,IND,2990984,28
401468601,IND,4395712,27
401468601,IND,4396909,31
401468601,IND,4396993,32
401468601,IND,4397189,11
401468601,IND,4432170,15
401468601,IND,4278031,3
401468601,IND,4592402,15
401468601,IND,2530530,16
401468601,IND,4683634,29
401468601,IND,3999,0
401468601,IND,4279815,0
401468601,IND,4348700,0
401468602,BKN,3202,36
401468602,BKN,2583632,32
401468602,BKN,4278067,26
401468602,BKN,6442,34
401468602,BKN,3907387,25
401468602,BKN,6461,6
401468602,BKN,2528794,18
401468602,BKN,2982334,9
401468602,BKN,3133838,26
401468602,BKN,3136485,17
401468602,BKN,2326307,9
401468602,BKN,4432174,0
401468602,DET,3593,31
401468602,DET,4432810,29
401468602,DET,4433621,29
401468602,DET,4433218,28
401468602,DET,4683024,31
401468602,DET,4277848,19
401468602,DET,4278075,17
401468602,DET,6446,16
401468602,DET,6429,22
401468602,DET,4397136,19
401468602,DET,2991280,0
401468602,DET,2488826,0
401468602,DET,4080610,0
401468603,GS,6589,37
401468603,GS,3155535,28
401468603,GS,6475,35
401468603,GS,3934673,33
401468603,GS,4277956,35
401468603,GS,2327577,17
401468603,GS,4066790,15
401468603,GS,4433247,5
401468603,GS,4432808,2
401468603,GS,4065733,18
401468603,GS,4432171,11
401468603,GS,4433246,2
401468603,GS,4591725,2
401468603,TOR,4017839,23
401468603,TOR,3149673,37
401468603,TOR,4433134,32
401468603,TOR,4431778,20
401468603,TOR,2991230,35
401468603,TOR,3244,17
401468603,TOR,3948153,25
401468603,TOR,4397885,13
401468603,TOR,2578240,1
401468603,TOR,4066668,37
401468603,TOR,4431679,0
401468603,TOR,4277843,0
401468604,CHI,4431687,32
401468604,CHI,6478,32
401468604,CHI,3978,39
401468604,CHI,2991350,26
401468604,CHI,3064440,31
401468604,CHI,3936099,20
401468604,CHI,4065673,2
401468604,CHI,3423,19
401468604,CHI,4395651,19
401468604,CHI,4397002,19
401468604,CHI,6585,0
401468604,MIN,2993874,21
401468604,MIN,4431671,34
401468604,MIN,4396971,12
401468604,MIN,3136776,37
401468604,MIN,4594268,38
401468604,MIN,3908336,2
401468604,MIN,4067325,26
401468604,MIN,4592187,2
401468604,MIN,4687718,2
401468604,MIN,4277951,10
401468604,MIN,6617,26
401468604,MIN,2994526,9
401468604,MIN,4278541,22
401468605,CHA,4278078,31
401468605,CHA,4249,35
401468605,CHA,2488653,19
401468605,CHA,3074752,14
401468605,CHA,4432816,36
401468605,CHA,4431699,3
401468605,CHA,4066731,20
401468605,CHA,4702233,11
401468605,CHA,4278076,24
401468605,CHA,4683027,12
401468605,CHA,3133603,35
401468605,CHA,4431712,0
401468605,CHA,4576086,0
401468605,DEN,3064290,28
401468605,DEN,3112335,40
401468605,DEN,2581018,32
401468605,DEN,3936299,35
401468605,DEN,4065670,37
401468605,DEN,3209,20
401468605,DEN,4230557,3
401468605,DEN,3442,8
401468605,DEN,4431767,21
401468605,DEN,4592492,17
401468605,DEN,4431690,0
401468605,DEN,4305,0
401468605,DEN,3059262,0
401468606,WSH,3134907,40
401468606,WSH,4683021,21
401468606,WSH,3102531,38
401468606,WSH,3059310,29
401468606,WSH,6580,32
401468606,WSH,3986,4
401468606,WSH,4278049,21
401468606,WSH,4280151,17
401468606,WSH,6579,20
401468606,WSH,4278402,19
401468606,WSH,2581184,0
401468606,WSH,4431669,0
401468606,WSH,4397016,0
401468606,WSH,4432356,0
401468606,LAL,1966,37
401468606,LAL,3934723,33
401468606,LAL,3032979,30
401468606,LAL,4066457,34
401468606,LAL,4277890,34
401468606,LAL,4278508,10
401468606,LAL,3064559,17
401468606,LAL,3468,23
401468606,LAL,4432582,24
401468606,LAL,3964,0
401468606,LAL,3056247,0
401468606,LAL,4431785,0
401468607,UTAH,4066336,32
401468607,UTAH,4278077,24
401468607,UTAH,4433136,25
401468607,UTAH,3195,28
401468607,UTAH,2528426,32
401468607,UTAH,3899664,10
401468607,UTAH,4683025,6
401468607,UTAH,3005,12
401468607,UTAH,4396991,15
401468607,UTAH,4066299,6
401468607,UTAH,3907822,23
401468607,UTAH,4278039,19
401468607,UTAH,4397018,6
401468607,UTAH,4066399,0
401468607,CLE,4432822,30
401468607,CLE,4066328,30
401468607,CLE,4432158,31
401468607,CLE,3908809,23
401468607,CLE,4396907,30
401468607,CLE,3449,24
401468607,CLE,3893016,24
401468607,CLE,3447,5
401468607,CLE,2968361,12
401468607,CLE,2991043,31
401468607,CLE,4066405,0
401468608,TOR,4017839,14
401468608,TOR,3149673,48
401468608,TOR,3934719,40
401468608,TOR,4433134,30
401468608,TOR,2991230,41
401468608,TOR,3244,19
401468608,TOR,3948153,30
401468608,TOR,2578240,23
401468608,TOR,4066668,19
401468608,TOR,4397885,0
401468608,TOR,4431778,0
401468608,TOR,4277843,0
401468608,PHI,3033,39
401468608,PHI,6440,42
401468608,PHI,3059318,42
401468608,PHI,3992,42
401468608,PHI,4066436,41
401468608,PHI,2990969,11
401468608,PHI,2991155,11
401468608,PHI,2991055,11
401468608,PHI,3915195,19
401468608,PHI,3907498,7
401468608,PHI,4278562,0
401468608,PHI,4432164,0
401468609,ORL,4432573,35
401468609,ORL,4566434,35
401468609,ORL,3150844,30
401468609,ORL,4397102,22
401468609,ORL,4066636,33
401468609,ORL,3918423,13
401468609,ORL,4277919,19
401468609,ORL,6619,25
401468609,ORL,4067858,9
401468609,ORL,4432809,20
401468609,ORL,4433623,0
401468609,ORL,4590530,0
401468609,ATL,3908845,20
401468609,ATL,4065732,36
401468609,ATL,3037789,35
401468609,ATL,3907497,38
401468609,ATL,4277905,36
401468609,ATL,4431680,28
401468609,ATL,4432585,25
401468609,ATL,4701230,12
401468609,ATL,3922230,10
401468609,ATL,2284101,0
401468609,ATL,2579294,0
401468609,ATL,4065656,0
401468609,ATL,4397179,0
401468609,ATL,4578893,0
401468610,SA,3136779,27
401468610,SA,3134908,23
401468610,SA,4397008,19
401468610,SA,4395626,28
401468610,SA,4395630,29
401468610,SA,4066392,3
401468610,SA,2528588,23
401468610,SA,4066650,23
401468610,SA,4565201,22
401468610,SA,4610139,23
401468610,SA,3134881,19
401468610,SA,4397886,3
401468610,SA,2534781,0
401468610,HOU,4432639,30
401468610,HOU,4871144,24
401468610,HOU,3431,28
401468610,HOU,4397140,27
401468610,HOU,4437244,31
401468610,HOU,4871143,15
401468610,HOU,4277952,10
401468610,HOU,4431828,20
401468610,HOU,4433192,24
401468610,HOU,4376,4
401468610,HOU,4432176,24
401468610,HOU,4683749,4
401468611,DAL,2578185,28
401468611,DAL,3058254,34
401468611,DAL,2528779,33
401468611,DAL,2580782,38
401468611,DAL,3945274,28
401468611,DAL,6426,16
401468611,DAL,3452,9
401468611,DAL,6479,24
401468611,DAL,4230547,26
401468611,DAL,3138154,3
401468611,DAL,2531367,0
401468611,MIN,4431671,37
401468611,MIN,4396971,40
401468611,MIN,6617,37
401468611,MIN,3136776,35
401468611,MIN,4594268,38
401468611,MIN,3908336,1
401468611,MIN,4067325,6
401468611,MIN,4592187,5
401468611,MIN,4687718,1
401468611,MIN,4277951,3
401468611,MIN,2994526,13
401468611,MIN,4278541,25
401468611,MIN,2993874,0
401468612,MIL,3032977,34
401468612,MIL,4432179,16
401468612,MIL,3448,35
401468612,MIL,3995,34
401468612,MIL,3135045,25
401468612,MIL,2968436,15
401468612,MIL,3064482,22
401468612,MIL,4032,17
401468612,MIL,2578239,22
401468612,MIL,3133635,20
401468612,MIL,3439,0
401468612,MIL,3102533,0
401468612,MIL,4277883,0
401468612,MIL,3438,0
401468612,NO,4277813,31
401468612,NO,4395628,40
401468612,NO,4397688,28
401468612,NO,6477,37
401468612,NO,2490149,41
401468612,NO,4278594,15
401468612,NO,2999409,10
401468612,NO,3133601,7
401468612,NO,4277869,20
401468612,NO,4869342,12
401468612,NO,4397077,0
401468612,NO,4023,0
401468613,POR,2991070,42
401468613,POR,3914285,32
401468613,POR,6606,39
401468613,POR,3062679,32
401468613,POR,4351851,35
401468613,POR,3135047,22
401468613,POR,4431675,14
401468613,POR,4432192,14
401468613,POR,4914336,10
401468613,POR,4432161,0
401468613,POR,4432446,0
401468613,POR,3134903,0
401468613,OKC,4683018,23
401468613,OKC,4278073,36
401468613,OKC,4397020,31
401468613,OKC,4397183,25
401468613,OKC,4593803,33
401468613,OKC,4066317,11
401468613,OKC,4066410,12
401468613,OKC,2490089,16
401468613,OKC,3133626,29
401468613,OKC,4395702,23
401468613,OKC,4423545,0
401468614,LAL,4278508,21
401468614,LAL,3934723,27
401468614,LAL,3964,23
401468614,LAL,3032979,29
401468614,LAL,4277890,30
401468614,LAL,4066264,27
401468614,LAL,3064559,22
401468614,LAL,3056247,20
401468614,LAL,4431785,15
401468614,LAL,4432582,27
401468614,LAL,4401416,0
401468614,LAL,3468,0
401468614,PHX,2528693,31
401468614,PHX,4278129,26
401468614,PHX,2595209,38
401468614,PHX,2779,31
401468614,PHX,3147657,30
401468614,PHX,3032978,5
401468614,PHX,3059307,22
401468614,PHX,6427,17
401468614,PHX,3914044,29
401468614,PHX,4065663,10
401468614,PHX,3136193,0
401468615,CHA,4278078,29
401468615,CHA,4249,37
401468615,CHA,2488653,25
401468615,CHA,3133603,38
401468615,CHA,4432816,27
401468615,CHA,4066731,26
401468615,CHA,4702233,8
401468615,CHA,4278076,23
401468615,CHA,4683027,26
401468615,CHA,4431699,0
401468615,CHA,4431712,0
401468615,SAC,6578,29
401468615,SAC,3155942,41
401468615,SAC,4594327,31
401468615,SAC,4066259,34
401468615,SAC,4066372,32
401468615,SAC,3136196,5
401468615,SAC,4397424,7
401468615,SAC,3919454,15
401468615,SAC,4066262,25
401468615,SAC,4278053,21
401468615,SAC,3914283,0
401468615,SAC,2993370,0
401468615,SAC,4278521,0
401468615,SAC,2596107,0
401468615,SAC,2489716,0
401468616,UTAH,4066336,36
401468616,UTAH,4278077,32
401468616,UTAH,4433136,27
401468616,UTAH,3195,26
401468616,UTAH,2528426,30
401468616,UTAH,3899664,5
401468616,UTAH,4683025,3
401468616,UTAH,3005,22
401468616,UTAH,4396991,3
401468616,UTAH,4066299,7
401468616,UTAH,4066399,3
401468616,UTAH,3907822,25
401468616,UTAH,4278039,19
401468616,UTAH,4397018,3
401468616,DET,3593,31
401468616,DET,4432810,27
401468616,DET,4433621,30
401468616,DET,4433218,33
401468616,DET,4683024,26
401468616,DET,4277848,18
401468616,DET,4278075,19
401468616,DET,6446,13
401468616,DET,6429,17
401468616,DET,2488826,3
401468616,DET,4080610,3
401468616,DET,4397136,20
401468616,DET,2991280,0
401468617,CHI,4431687,32
401468617,CHI,6478,37
401468617,CHI,3978,40
401468617,CHI,2991350,23
401468617,CHI,3064440,37
401468617,CHI,3936099,15
401468617,CHI,6585,7
401468617,CHI,3423,20
401468617,CHI,4395651,24
401468617,CHI,4397002,5
401468617,CHI,4065673,0
401468617,MIA,4291678,41
401468617,MIA,4066261,37
401468617,MIA,2527963,34
401468617,MIA,4065778,29
401468617,MIA,4395725,42
401468617,MIA,3157465,36
401468617,MIA,4278572,8
401468617,MIA,4997528,1
401468617,MIA,2580913,10
401468617,MIA,4593049,1
401468617,MIA,2184,0
401468618,GS,6589,26
401468618,GS,3155535,21
401468618,GS,6475,26
401468618,GS,4277956,29
401468618,GS,4432171,32
401468618,GS,4066790,18
401468618,GS,4433247,27
401468618,GS,4432808,22
401468618,GS,4065733,24
401468618,GS,4433246,8
401468618,GS,4591725,8
401468618,NY,3064514,30
401468618,NY,4395625,31
401468618,NY,4351852,29
401468618,NY,3934672,30
401468618,NY,4397014,32
401468618,NY,4222252,19
401468618,NY,4277922,18
401468618,NY,2991047,3
401468618,NY,3133602,6
401468618,NY,4395724,23
401468618,NY,4431823,19
401468618,NY,4395627,0
401468618,NY,3456,0
401468618,NY,6588,0
401468619,WSH,3134907,37
401468619,WSH,4278049,29
401468619,WSH,4683021,36
401468619,WSH,3059310,36
401468619,WSH,6580,35
401468619,WSH,3986,19
401468619,WSH,4280151,18
401468619,WSH,6579,17
401468619,WSH,4278402,12
401468619,WSH,2581184,0
401468619,WSH,3102531,0
401468619,PHX,2528693,30
401468619,PHX,4278129,32
401468619,PHX,2595209,18
401468619,PHX,2779,36
401468619,PHX,3147657,39
401468619,PHX,3059307,21
401468619,PHX,6427,16
401468619,PHX,4397235,12
401468619,PHX,3914044,35
401468619,PHX,3032978,0
401468619,PHX,3136193,0
401468620,MEM,3155526,29
401468620,MEM,4277961,22
401468620,MEM,2991235,30
401468620,MEM,3134932,16
401468620,MEM,4279888,38
401468620,MEM,3906665,16
401468620,MEM,4277964,2
401468620,MEM,4433137,17
401468620,MEM,4592691,2
401468620,MEM,4593041,23
401468620,MEM,4593125,14
401468620,MEM,3135046,30
401468620,MEM,4432646,2
401468620,DEN,3064290,28
401468620,DEN,3112335,37
401468620,DEN,2581018,38
401468620,DEN,4065670,35
401468620,DEN,4431767,29
401468620,DEN,3209,24
401468620,DEN,4431690,11
401468620,DEN,4230557,20
401468620,DEN,4305,2
401468620,DEN,3059262,2
401468620,DEN,4592492,15
401468620,DEN,3442,0
401468621,MIL,3032977,40
401468621,MIL,4432179,20
401468621,MIL,3448,28
401468621,MIL,3995,37
401468621,MIL,3135045,34
401468621,MIL,2968436,16
401468621,MIL,3064482,19
401468621,MIL,4032,4
401468621,MIL,2578239,20
401468621,MIL,3133635,22
401468621,MIL,3439,0
401468621,MIL,3102533,0
401468621,MIL,4277883,0
401468621,MIL,3438,0
401468621,CLE,4432822,25
401468621,CLE,4066328,40
401468621,CLE,4432158,23
401468621,CLE,3908809,37
401468621,CLE,4396907,37
401468621,CLE,3449,29
401468621,CLE,3893016,17
401468621,CLE,2991043,32
401468621,CLE,3947156,0
401468621,CLE,3447,0
401468621,CLE,2968361,0
401468622,DET,3593,24
401468622,DET,4432810,22
401468622,DET,4433621,28
401468622,DET,4433218,34
401468622,DET,4683024,34
401468622,DET,4277848,20
401468622,DET,4278075,18
401468622,DET,6446,4
401468622,DET,6429,12
401468622,DET,2488826,6
401468622,DET,4080610,12
401468622,DET,4397136,27
401468622,DET,2991280,0
401468622,PHI,3033,21
401468622,PHI,6440,21
401468622,PHI,3059318,34
401468622,PHI,3992,33
401468622,PHI,4066436,24
401468622,PHI,2990969,27
401468622,PHI,4278562,4
401468622,PHI,2991155,18
401468622,PHI,2991055,10
401468622,PHI,3915195,32
401468622,PHI,3929325,4
401468622,PHI,3907498,13
401468623,CHI,4431687,37
401468623,CHI,6478,33
401468623,CHI,3978,38
401468623,CHI,2991350,11
401468623,CHI,3064440,37
401468623,CHI,6585,15
401468623,CHI,4395651,30
401468623,CHI,4397002,34
401468623,CHI,4433159,5
401468623,CHI,4065673,0
401468623,CHI,3056245,0
401468623,ATL,3908845,21
401468623,ATL,4065732,38
401468623,ATL,4431680,40
401468623,ATL,3907497,40
401468623,ATL,4277905,38
401468623,ATL,2579294,5
401468623,ATL,4432585,21
401468623,ATL,4701230,4
401468623,ATL,3037789,30
401468623,ATL,3922230,3
401468623,ATL,2284101,0
401468623,ATL,4065656,0
401468623,ATL,4397179,0
401468623,ATL,4578893,0
401468624,IND,3133628,27
401468624,IND,2990984,30
401468624,IND,4395712,34
401468624,IND,4396909,28
401468624,IND,4396993,34
401468624,IND,4397189,21
401468624,IND,4278031,17
401468624,IND,4592402,15
401468624,IND,2530530,10
401468624,IND,4683634,24
401468624,IND,3999,0
401468624,IND,4432170,0
401468624,IND,4348700,0
401468624,BOS,4065648,41
401468624,BOS,3213,28
401468624,BOS,3078576,26
401468624,BOS,3917376,36
401468624,BOS,4066354,17
401468624,BOS,4065804,18
401468624,BOS,4066218,16
401468624,BOS,3064560,5
401468624,BOS,4066211,22
401468624,BOS,2566769,30
401468624,BOS,3989,0
401468624,BOS,3078284,0
401468624,BOS,3138156,0
401468625,GS,6589,23
401468625,GS,3155535,17
401468625,GS,4433247,30
401468625,GS,4277956,26
401468625,GS,4432171,31
401468625,GS,4066790,29
401468625,GS,4432808,28
401468625,GS,4065733,26
401468625,GS,4433246,23
401468625,GS,4591725,6
401468625,GS,6475,0
401468625,BKN,3202,29
401468625,BKN,2583632,27
401468625,BKN,2528794,19
401468625,BKN,4278067,26
401468625,BKN,3907387,19
401468625,BKN,6461,13
401468625,BKN,2982334,22
401468625,BKN,3133838,20
401468625,BKN,4004,13
401468625,BKN,3136485,27
401468625,BKN,2326307,19
401468625,BKN,4432174,9
401468625,BKN,6442,0
401468626,TOR,4017839,28
401468626,TOR,3149673,41
401468626,TOR,3934719,36
401468626,TOR,4433134,27
401468626,TOR,2991230,40
401468626,TOR,3244,24
401468626,TOR,3948153,13
401468626,TOR,4431778,6
401468626,TOR,4066668,26
401468626,TOR,4397885,0
401468626,TOR,2578240,0
401468626,TOR,4277843,0
401468626,NY,3064514,40
401468626,NY,4395625,46
401468626,NY,4351852,25
401468626,NY,3934672,39
401468626,NY,4395724,35
401468626,NY,4222252,23
401468626,NY,4277922,10
401468626,NY,3456,8
401468626,NY,4431823,14
401468626,NY,4395627,0
401468626,NY,6588,0
401468626,NY,2991047,0
401468626,NY,3133602,0
401468626,NY,4397014,0
401468627,ORL,4432573,32
401468627,ORL,4566434,32
401468627,ORL,3150844,28
401468627,ORL,4397102,25
401468627,ORL,4066636,29
401468627,ORL,3918423,16
401468627,ORL,4277919,20
401468627,ORL,6619,19
401468627,ORL,4067858,16
401468627,ORL,4432809,23
401468627,ORL,4433623,0
401468627,ORL,4590530,0
401468627,HOU,4432639,28
401468627,HOU,4871144,32
401468627,HOU,3431,32
401468627,HOU,4397140,35
401468627,HOU,4437244,35
401468627,HOU,4871143,13
401468627,HOU,4277952,3
401468627,HOU,4431828,28
401468627,HOU,4433192,21
401468627,HOU,4432176,13
401468627,HOU,4376,0
401468627,HOU,4683749,0
401468628,DAL,3058254,27
401468628,DAL,2528779,35
401468628,DAL,2580782,41
401468628,DAL,2528210,36
401468628,DAL,3945274,37
401468628,DAL,2531367,21
401468628,DAL,6426,12
401468628,DAL,6479,20
401468628,DAL,4230547,11
401468628,DAL,3452,0
401468628,DAL,3138154,0
401468628,MIN,4431671,32
401468628,MIN,3032976,38
401468628,MIN,6617,36
401468628,MIN,3136776,38
401468628,MIN,4594268,38
401468628,MIN,4592187,5
401468628,MIN,4396971,13
401468628,MIN,2994526,14
401468628,MIN,4278541,26
401468628,MIN,3908336,0
401468628,MIN,4067325,0
401468628,MIN,4687718,0
401468628,MIN,4277951,0
401468629,POR,2991070,35
401468629,POR,3102530,23
401468629,POR,6606,36
401468629,POR,3062679,35
401468629,POR,4351851,30
401468629,POR,3135047,16
401468629,POR,3914285,20
401468629,POR,4431675,18
401468629,POR,4432192,8
401468629,POR,4914336,19
401468629,POR,4432161,0
401468629,POR,4432446,0
401468629,OKC,4683018,20
401468629,OKC,4278073,35
401468629,OKC,4397020,38
401468629,OKC,4593803,30
401468629,OKC,4871145,31
401468629,OKC,4066317,7
401468629,OKC,4066410,4
401468629,OKC,2490089,20
401468629,OKC,3133626,27
401468629,OKC,4395702,18
401468629,OKC,4397183,10
401468629,OKC,4423545,0
401468630,LAL,1966,34
401468630,LAL,3934723,31
401468630,LAL,3964,37
401468630,LAL,3032979,30
401468630,LAL,4277890,36
401468630,LAL,4066264,13
401468630,LAL,4278508,15
401468630,LAL,3064559,6
401468630,LAL,3056247,11
401468630,LAL,4432582,26
401468630,LAL,4401416,0
401468630,LAL,4066457,0
401468630,SAC,6578,34
401468630,SAC,3155942,37
401468630,SAC,4594327,35
401468630,SAC,4066259,30
401468630,SAC,4066372,32
401468630,SAC,3136196,8
401468630,SAC,4278521,2
401468630,SAC,4397424,11
401468630,SAC,2489716,2
401468630,SAC,3919454,15
401468630,SAC,4066262,18
401468630,SAC,4278053,16
401468630,SAC,3914283,0
401468630,SAC,2993370,0
401468630,SAC,2596107,0
401468631,CHA,4278078,32
401468631,CHA,4249,35
401468631,CHA,2488653,26
401468631,CHA,3133603,29
401468631,CHA,4432816,37
401468631,CHA,4431699,3
401468631,CHA,4066731,29
401468631,CHA,4702233,14
401468631,CHA,4278076,13
401468631,CHA,4683027,17
401468631,CHA,4431712,3
401468631,LAC,4251,31
401468631,LAC,6450,31
401468631,LAC,6462,27
401468631,LAC,4017837,23
401468631,LAC,6443,22
401468631,LAC,2490620,3
401468631,LAC,3416,20
401468631,LAC,4397126,3
401468631,LAC,4237,19
401468631,LAC,2595516,19
401468631,LAC,3907823,14
401468631,LAC,3913174,24
401468631,LAC,4066387,3
401468632,SA,4610139,31
401468632,SA,3134908,22
401468632,SA,4397008,18
401468632,SA,4395626,28
401468632,SA,4395630,30
401468632,SA,4066392,4
401468632,SA,2528588,17
401468632,SA,4066650,18
401468632,SA,4565201,21
401468632,SA,3134881,13
401468632,SA,3136779,9
401468632,SA,4397886,8
401468632,SA,2581190,21
401468632,SA,2534781,0
401468632,NO,4277813,34
401468632,NO,4278594,25
401468632,NO,4397688,28
401468632,NO,6477,26
401468632,NO,2490149,37
401468632,NO,2999409,22
401468632,NO,4397077,12
401468632,NO,3133601,9
401468632,NO,4023,2
401468632,NO,4277869,25
401468632,NO,4869342,20
401468633,WSH,3134907,34
401468633,WSH,4278049,20
401468633,WSH,4280151,37
401468633,WSH,3059310,30
401468633,WSH,6580,31
401468633,WSH,3986,25
401468633,WSH,2581184,3
401468633,WSH,4066648,24
401468633,WSH,6579,14
401468633,WSH,4278402,16
401468633,WSH,4397016,3
401468633,WSH,4432356,3
401468633,UTAH,4066336,29
401468633,UTAH,4278077,28
401468633,UTAH,4433136,32
401468633,UTAH,3195,27
401468633,UTAH,2528426,30
401468633,UTAH,3899664,3
401468633,UTAH,4683025,3
401468633,UTAH,3005,14
401468633,UTAH,4396991,3
401468633,UTAH,4066299,3
401468633,UTAH,3907822,26
401468633,UTAH,4277811,17
401468633,UTAH,4278039,22
401468633,UTAH,4397018,3
401468633,UTAH,4066399,0
401468634,SA,4395723,31
401468634,SA,4610139,26
401468634,SA,3134908,21
401468634,SA,4395626,27
401468634,SA,4395630,27
401468634,SA,4066392,4
401468634,SA,2528588,19
401468634,SA,4066650,22
401468634,SA,4565201,17
401468634,SA,3134881,23
401468634,SA,4397886,5
401468634,SA,2581190,18
401468634,SA,3136779,0
401468634,SA,2534781,0
401468634,SA,4397008,0
401468634,ORL,4432573,29
401468634,ORL,4566434,31
401468634,ORL,3150844,26
401468634,ORL,4397102,24
401468634,ORL,4066636,24
401468634,ORL,4433623,6
401468634,ORL,4277847,19
401468634,ORL,4277919,19
401468634,ORL,6619,7
401468634,ORL,2999547,21
401468634,ORL,4432809,31
401468634,ORL,4590530,5
401468634,ORL,3918423,0
401468634,ORL,4067858,0
401468635,LAC,4251,36
401468635,LAC,6450,34
401468635,LAC,6462,30
401468635,LAC,4017837,34
401468635,LAC,6443,25
401468635,LAC,3416,25
401468635,LAC,2595516,23
401468635,LAC,3907823,13
401468635,LAC,3913174,21
401468635,LAC,2490620,0
401468635,LAC,4397126,0
401468635,LAC,4066387,0
401468635,PHI,3033,20
401468635,PHI,6440,39
401468635,PHI,3059318,38
401468635,PHI,3992,41
401468635,PHI,4066436,34
401468635,PHI,2990969,25
401468635,PHI,4278562,5
401468635,PHI,2991155,9
401468635,PHI,2991055,5
401468635,PHI,3915195,23
401468635,PHI,3929325,0
401468635,PHI,3907498,1
401468635,PHI,4432164,0
401468636,DET,3593,30
401468636,DET,4432810,28
401468636,DET,4433621,28
401468636,DET,4433218,28
401468636,DET,4683024,31
401468636,DET,4277848,20
401468636,DET,4278075,16
401468636,DET,6446,6
401468636,DET,6429,21
401468636,DET,4080610,10
401468636,DET,4397136,21
401468636,DET,2991280,0
401468636,DET,2488826,0
401468636,ATL,3908845,29
401468636,ATL,4065732,27
401468636,ATL,3102529,25
401468636,ATL,3907497,37
401468636,ATL,4277905,31
401468636,ATL,2284101,3
401468636,ATL,2579294,3
401468636,ATL,4431680,21
401468636,ATL,4432585,21
401468636,ATL,4701230,3
401468636,ATL,3037789,34
401468636,ATL,3922230,3
401468636,ATL,4397179,3
401468636,ATL,4578893,3
401468637,MIN,4431671,39
401468637,MIN,3032976,36
401468637,MIN,6617,25
401468637,MIN,3136776,39
401468637,MIN,4594268,40
401468637,MIN,3908336,1
401468637,MIN,4067325,1
401468637,MIN,4592187,1
401468637,MIN,4687718,1
401468637,MIN,4277951,1
401468637,MIN,4396971,25
401468637,MIN,2994526,8
401468637,MIN,4278541,22
401468637,BOS,4065648,35
401468637,BOS,3213,36
401468637,BOS,2990992,38
401468637,BOS,3078576,33
401468637,BOS,3917376,37
401468637,BOS,3078284,1
401468637,BOS,3138156,1
401468637,BOS,4065804,7
401468637,BOS,4066218,23
401468637,BOS,3064560,10
401468637,BOS,2566769,17
401468637,BOS,4066354,1
401468637,BOS,3989,0
401468637,BOS,4065660,0
401468637,BOS,4576085,0
401468638,MIL,3032977,36
401468638,MIL,3448,30
401468638,MIL,3995,34
401468638,MIL,3133635,27
401468638,MIL,3135045,25
401468638,MIL,2968436,17
401468638,MIL,3064482,26
401468638,MIL,3102533,3
401468638,MIL,4432179,15
401468638,MIL,4277883,3
401468638,MIL,2578239,23
401468638,MIL,3439,0
401468638,MIL,3438,0
401468638,MIL,4032,0
401468638,BKN,3202,34
401468638,BKN,2583632,28
401468638,BKN,4278067,30
401468638,BKN,6442,35
401468638,BKN,3907387,28
401468638,BKN,2982334,21
401468638,BKN,3133838,23
401468638,BKN,4432194,3
401468638,BKN,3136485,10
401468638,BKN,2326307,25
401468638,BKN,4432174,3
401468638,BKN,6461,0
401468638,BKN,4004,0
401468639,TOR,4017839,24
401468639,TOR,3149673,42
401468639,TOR,3934719,38
401468639,TOR,4433134,40
401468639,TOR,2991230,39
401468639,TOR,3244,16
401468639,TOR,4066668,23
401468639,TOR,4277843,20
401468639,TOR,3948153,0
401468639,TOR,4397885,0
401468639,TOR,4432907,0
401468639,TOR,4431778,0
401468639,TOR,4066786,0
401468639,TOR,4397251,0
401468639,CLE,4432822,20
401468639,CLE,4066328,31
401468639,CLE,4432158,32
401468639,CLE,3908809,35
401468639,CLE,4396907,31
401468639,CLE,3449,19
401468639,CLE,4066405,15
401468639,CLE,3893016,21
401468639,CLE,3447,9
401468639,CLE,2968361,9
401468639,CLE,2991043,18
401468639,CLE,3947156,0
401468640,CHI,4431687,37
401468640,CHI,6478,39
401468640,CHI,3978,37
401468640,CHI,3064440,37
401468640,CHI,4397002,33
401468640,CHI,6585,20
401468640,CHI,3423,18
401468640,CHI,4395651,19
401468640,CHI,4065673,0
401468640,CHI,4683622,0
401468640,CHI,3056245,0
401468640,CHI,4067735,0
401468640,CHI,4433159,0
401468640,NY,3064514,38
401468640,NY,4395625,39
401468640,NY,4351852,29
401468640,NY,3934672,38
401468640,NY,4397014,36
401468640,NY,4222252,19
401468640,NY,4277922,10
401468640,NY,4395724,21
401468640,NY,4431823,10
401468640,NY,4395627,0
401468640,NY,3456,0
401468640,NY,6588,0
401468640,NY,2991047,0
401468640,NY,3133602,0
401468641,IND,3133628,25
401468641,IND,2990984,35
401468641,IND,4395712,34
401468641,IND,4396993,37
401468641,IND,4683634,20
401468641,IND,4397189,23
401468641,IND,4278031,26
401468641,IND,4592402,19
401468641,IND,2530530,20
401468641,IND,3999,0
401468641,IND,4432170,0
401468641,IND,4348700,0
401468641,MIA,6430,28
401468641,MIA,3138160,19
401468641,MIA,4066261,38
401468641,MIA,3012,34
401468641,MIA,4395725,39
401468641,MIA,4291678,23
401468641,MIA,4593049,10
401468641,MIA,2527963,28
401468641,MIA,4065778,21
401468641,MIA,2184,0
401468641,MIA,3157465,0
401468641,MIA,4997528,0
401468641,MIA,3137259,0
401468642,DAL,3058254,28
401468642,DAL,2528779,27
401468642,DAL,2580782,37
401468642,DAL,2528210,32
401468642,DAL,3945274,42
401468642,DAL,2531367,18
401468642,DAL,6426,17
401468642,DAL,3452,2
401468642,DAL,4230547,13
401468642,DAL,4278507,10
401468642,DAL,3138154,14
401468642,DAL,3915560,0
401468642,HOU,4431828,30
401468642,HOU,4432639,34
401468642,HOU,4871144,27
401468642,HOU,4397140,32
401468642,HOU,4437244,39
401468642,HOU,4871143,13
401468642,HOU,4277952,8
401468642,HOU,4433192,21
401468642,HOU,4432168,4
401468642,HOU,4432176,9
401468642,HOU,3913180,12
401468642,HOU,4683749,12
401468642,HOU,4396978,0
401468642,HOU,4376,0
401468643,NO,4277813,37
401468643,NO,4278594,34
401468643,NO,4397688,40
401468643,NO,6477,27
401468643,NO,2490149,36
401468643,NO,2999409,9
401468643,NO,4397077,28
401468643,NO,3133601,18
401468643,NO,4277869,22
401468643,NO,4869342,15
401468643,NO,4023,0
401468643,NO,4395698,0
401468643,OKC,4683018,32
401468643,OKC,4278073,43
401468643,OKC,4397020,40
401468643,OKC,4593803,30
401468643,OKC,4871145,34
401468643,OKC,4066317,9
401468643,OKC,4423545,4
401468643,OKC,2490089,15
401468643,OKC,3133626,26
401468643,OKC,4395702,12
401468643,OKC,4397183,6
401468643,OKC,4432819,14
401468643,OKC,4066410,0
401468644,POR,2991070,37
401468644,POR,3102530,21
401468644,POR,6606,39
401468644,POR,3062679,37
401468644,POR,4351851,39
401468644,POR,3914285,27
401468644,POR,4431675,11
401468644,POR,4432192,16
401468644,POR,4914336,14
401468644,POR,4432161,0
401468644,POR,4432446,0
401468644,POR,3134903,0
401468644,DEN,3064290,32
401468644,DEN,4278104,27
401468644,DEN,3112335,36
401468644,DEN,2581018,34
401468644,DEN,3936299,39
401468644,DEN,3209,16
401468644,DEN,4431690,12
401468644,DEN,4065670,27
401468644,DEN,4592492,16
401468644,DEN,4230557,0
401468644,DEN,3442,0
401468644,DEN,4305,0
401468644,DEN,3059262,0
401468644,DEN,4431767,0
401468644,DEN,4576087,0
401468645,MEM,3155526,25
401468645,MEM,4277961,28
401468645,MEM,2991235,22
401468645,MEM,4066320,24
401468645,MEM,4279888,28
401468645,MEM,3906665,21
401468645,MEM,4277964,5
401468645,MEM,4433137,23
401468645,MEM,4592691,5
401468645,MEM,4593041,5
401468645,MEM,4593125,20
401468645,MEM,3134932,19
401468645,MEM,3135046,15
401468645,MEM,4432646,0
401468645,PHX,2528693,19
401468645,PHX,4278129,21
401468645,PHX,2779,25
401468645,PHX,3147657,28
401468645,PHX,3914044,31
401468645,PHX,3032978,4
401468645,PHX,3059307,16
401468645,PHX,6427,21
401468645,PHX,3146557,11
401468645,PHX,4397235,19
401468645,PHX,2595209,22
401468645,PHX,4065663,24
401468646,WSH,3134907,37
401468646,WSH,4278049,20
401468646,WSH,3102531,34
401468646,WSH,3059310,33
401468646,WSH,6580,34
401468646,WSH,3986,13
401468646,WSH,4066648,27
401468646,WSH,4280151,26
401468646,WSH,3064447,15
401468646,WSH,2581184,0
401468646,WSH,4278402,0
401468646,WSH,4397016,0
401468646,WSH,4432356,0
401468646,SAC,6578,38
401468646,SAC,3155942,34
401468646,SAC,4594327,22
401468646,SAC,4066259,35
401468646,SAC,4066372,24
401468646,SAC,3914283,3
401468646,SAC,2993370,6
401468646,SAC,3136196,23
401468646,SAC,4278521,3
401468646,SAC,4397424,4
401468646,SAC,3919454,4
401468646,SAC,4066262,27
401468646,SAC,4278053,17
401468646,SAC,2596107,0
401468646,SAC,2489716,0
401468647,CHA,4278078,31
401468647,CHA,4249,31
401468647,CHA,2488653,31
401468647,CHA,3074752,38
401468647,CHA,4432816,37
401468647,CHA,4066731,19
401468647,CHA,4278076,12
401468647,CHA,4683027,11
401468647,CHA,3133603,31
401468647,CHA,4431699,0
401468647,CHA,4702233,0
401468647,CHA,4701232,0
401468647,CHA,4431712,0
401468647,LAL,1966,34
401468647,LAL,3934723,33
401468647,LAL,3964,30
401468647,LAL,3032979,27
401468647,LAL,4277890,27
401468647,LAL,4066264,16
401468647,LAL,4278508,9
401468647,LAL,3468,25
401468647,LAL,4066457,29
401468647,LAL,4432582,10
401468647,LAL,4397134,0
401468647,LAL,3064559,0
401468647,LAL,3056247,0
401468647,LAL,4431785,0
401468648,PHI,3033,24
401468648,PHI,6440,37
401468648,PHI,3059318,34
401468648,PHI,3992,43
401468648,PHI,4066436,27
401468648,PHI,2990969,23
401468648,PHI,2991155,10
401468648,PHI,2991055,14
401468648,PHI,3915195,23
401468648,PHI,3907498,4
401468648,PHI,4278562,0
401468648,PHI,3929325,0
401468648,PHI,4432164,0
401468648,NY,3064514,40
401468648,NY,4395625,43
401468648,NY,4351852,31
401468648,NY,3934672,35
401468648,NY,4397014,39
401468648,NY,4222252,13
401468648,NY,4277922,12
401468648,NY,4395724,22
401468648,NY,4431823,6
401468648,NY,4395627,0
401468648,NY,3456,0
401468648,NY,6588,0
401468648,NY,2991047,0
401468648,NY,3133602,0
401468649,LAL,1966,34
401468649,LAL,3934723,19
401468649,LAL,3964,32
401468649,LAL,3032979,28
401468649,LAL,4277890,29
401468649,LAL,4066264,18
401468649,LAL,4278508,18
401468649,LAL,3064559,2
401468649,LAL,3468,24
401468649,LAL,3056247,3
401468649,LAL,4066457,29
401468649,LAL,4432582,5
401468649,DAL,3058254,38
401468649,DAL,2528779,35
401468649,DAL,2580782,40
401468649,DAL,2528210,39
401468649,DAL,3945274,39
401468649,DAL,2531367,15
401468649,DAL,6426,11
401468649,DAL,4278507,13
401468649,DAL,3138154,7
401468649,DAL,3915560,1
401468649,DAL,4868423,1
401468649,DAL,3452,0
401468649,DAL,4230547,0
401468650,MIL,3032977,35
401468650,MIL,3448,32
401468650,MIL,3995,37
401468650,MIL,2578239,30
401468650,MIL,3135045,29
401468650,MIL,2968436,19
401468650,MIL,3064482,23
401468650,MIL,4278580,4
401468650,MIL,4432179,4
401468650,MIL,4032,15
401468650,MIL,3133635,13
401468650,MIL,3439,0
401468650,MIL,3102533,0
401468650,MIL,4277883,0
401468650,MIL,3438,0
401468650,BOS,4065648,36
401468650,BOS,3213,30
401468650,BOS,2990992,30
401468650,BOS,3078576,30
401468650,BOS,3917376,37
401468650,BOS,3989,6
401468650,BOS,4065804,7
401468650,BOS,4066218,26
401468650,BOS,3064560,4
401468650,BOS,4066211,14
401468650,BOS,2566769,17
401468650,BOS,4066354,3
401468650,BOS,3078284,0
401468650,BOS,3138156,0
401468650,BOS,4065660,0
401468651,MEM,3155526,30
401468651,MEM,4277961,21
401468651,MEM,2991235,21
401468651,MEM,4066320,24
401468651,MEM,4279888,41
401468651,MEM,3906665,27
401468651,MEM,4433137,15
401468651,MEM,4593125,21
401468651,MEM,3134932,20
401468651,MEM,3135046,20
401468651,MEM,4277964,0
401468651,MEM,4592691,0
401468651,MEM,4593041,0
401468651,MEM,4432646,0
401468651,GS,6589,35
401468651,GS,3155535,23
401468651,GS,6475,40
401468651,GS,3934673,31
401468651,GS,4277956,29
401468651,GS,4066790,17
401468651,GS,4433247,17
401468651,GS,4432808,8
401468651,GS,4065733,22
401468651,GS,4432171,17
401468651,GS,4433246,0
401468651,GS,4591725,0
401468652,PHX,2528693,36
401468652,PHX,4278129,38
401468652,PHX,2779,41
401468652,PHX,3136193,4
401468652,PHX,3147657,40
401468652,PHX,3059307,11
401468652,PHX,6427,15
401468652,PHX,2595209,30
401468652,PHX,3914044,39
401468652,PHX,4065663,10
401468652,PHX,3032978,0
401468652,PHX,3146557,0
401468652,PHX,4397235,0
401468652,DEN,3064290,41
401468652,DEN,4278104,35
401468652,DEN,3112335,44
401468652,DEN,2581018,39
401468652,DEN,3936299,43
401468652,DEN,4431690,9
401468652,DEN,4065670,26
401468652,DEN,4431767,13
401468652,DEN,4592492,14
401468652,DEN,4065653,0
401468652,DEN,4230557,0
401468652,DEN,3442,0
401468652,DEN,4305,0
401468652,DEN,3059262,0
401468652,DEN,4576087,0
401468653,BKN,3202,36
401468653,BKN,2583632,36
401468653,BKN,4278067,30
401468653,BKN,6442,39
401468653,BKN,3907387,34
401468653,BKN,2982334,27
401468653,BKN,3133838,20
401468653,BKN,4004,6
401468653,BKN,3136485,11
401468653,BKN,6461,0
401468653,BKN,4432174,0
401468653,CLE,4066405,23
401468653,CLE,4066328,32
401468653,CLE,4432158,39
401468653,CLE,3908809,34
401468653,CLE,4396907,40
401468653,CLE,3449,13
401468653,CLE,4432822,10
401468653,CLE,3893016,30
401468653,CLE,2991043,20
401468653,CLE,3947156,0
401468653,CLE,2968361,0
401468654,LAC,3416,31
401468654,LAC,4251,38
401468654,LAC,6462,28
401468654,LAC,4017837,41
401468654,LAC,6443,19
401468654,LAC,4397126,3
401468654,LAC,4237,26
401468654,LAC,2595516,22
401468654,LAC,3907823,21
401468654,LAC,3913174,32
401468654,LAC,4066387,3
401468654,LAC,2490620,0
401468654,DET,3593,39
401468654,DET,4432810,40
401468654,DET,4433621,39
401468654,DET,4433218,30
401468654,DET,4683024,39
401468654,DET,4278075,7
401468654,DET,6429,28
401468654,DET,4080610,16
401468654,DET,4397136,26
401468654,DET,2991280,0
401468654,DET,6446,0
401468654,DET,2488826,0
401468655,MIN,4431671,30
401468655,MIN,3032976,31
401468655,MIN,6617,32
401468655,MIN,3136776,36
401468655,MIN,4594268,40
401468655,MIN,3908336,14
401468655,MIN,4396971,29
401468655,MIN,2994526,7
401468655,MIN,4278541,20
401468655,MIN,4067325,0
401468655,MIN,4592187,0
401468655,MIN,4687718,0
401468655,MIN,4277951,0
401468655,MIA,3138160,28
401468655,MIA,4997528,19
401468655,MIA,3012,34
401468655,MIA,4065778,25
401468655,MIA,4395725,35
401468655,MIA,3157465,14
401468655,MIA,4291678,22
401468655,MIA,4593049,27
401468655,MIA,2527963,19
401468655,MIA,3137259,18
401468655,MIA,4066993,0
401468655,MIA,2184,0
401468655,MIA,4278572,0
401468656,HOU,4432639,31
401468656,HOU,4871144,32
401468656,HOU,3431,36
401468656,HOU,4397140,39
401468656,HOU,4437244,35
401468656,HOU,4871143,10
401468656,HOU,4277952,6
401468656,HOU,4431828,22
401468656,HOU,4433192,17
401468656,HOU,3913180,5
401468656,HOU,4683749,8
401468656,HOU,4396978,0
401468656,HOU,4376,0
401468656,HOU,4432168,0
401468656,HOU,4432176,0
401468656,CHI,4431687,40
401468656,CHI,6478,30
401468656,CHI,3978,41
401468656,CHI,3064440,36
401468656,CHI,4397002,23
401468656,CHI,6585,18
401468656,CHI,3423,17
401468656,CHI,4395651,29
401468656,CHI,4433159,7
401468656,CHI,4065673,0
401468656,CHI,4683622,0
401468656,CHI,3056245,0
401468656,CHI,4067735,0
401468657,IND,3133628,25
401468657,IND,2990984,23
401468657,IND,4395712,22
401468657,IND,4396909,22
401468657,IND,4396993,31
401468657,IND,3999,7
401468657,IND,4279815,7
401468657,IND,4397189,7
401468657,IND,4432170,15
401468657,IND,4278031,12
401468657,IND,4348700,11
401468657,IND,4592402,22
401468657,IND,2530530,15
401468657,IND,4683634,22
401468657,NO,4278594,29
401468657,NO,6477,29
401468657,NO,4397077,31
401468657,NO,2490149,30
401468657,NO,4277869,30
401468657,NO,2580365,19
401468657,NO,2999409,18
401468657,NO,3133601,20
401468657,NO,4023,19
401468657,NO,4395698,17
401468657,NO,4869342,0
401468658,UTAH,4066336,38
401468658,UTAH,4278077,26
401468658,UTAH,4433136,21
401468658,UTAH,3195,33
401468658,UTAH,2528426,34
401468658,UTAH,3899664,5
401468658,UTAH,3005,15
401468658,UTAH,3907822,30
401468658,UTAH,4277811,23
401468658,UTAH,4278039,15
401468658,UTAH,4683025,0
401468658,UTAH,4396991,0
401468658,UTAH,4066299,0
401468658,UTAH,4397018,0
401468658,SA,4395723,36
401468658,SA,4610139,31
401468658,SA,3134908,24
401468658,SA,4395626,27
401468658,SA,4395630,35
401468658,SA,2528588,18
401468658,SA,4066650,23
401468658,SA,4565201,26
401468658,SA,3134881,14
401468658,SA,3136779,6
401468658,SA,4066392,0
401468658,SA,2534781,0
401468658,SA,4397886,0
401468658,SA,2581190,0
401468658,SA,4397008,0
401468659,CHA,4278078,33
401468659,CHA,4249,35
401468659,CHA,2488653,27
401468659,CHA,3074752,37
401468659,CHA,4432816,36
401468659,CHA,4066731,15
401468659,CHA,4701232,16
401468659,CHA,4683027,8
401468659,CHA,3133603,33
401468659,CHA,4431699,0
401468659,CHA,4702233,0
401468659,CHA,4431712,0
401468659,POR,2991070,37
401468659,POR,3102530,36
401468659,POR,6606,38
401468659,POR,3062679,38
401468659,POR,4351851,39
401468659,POR,4432161,0
401468659,POR,3914285,12
401468659,POR,4431675,16
401468659,POR,4432446,0
401468659,POR,4432192,18
401468659,POR,4914336,7
401468659,POR,3134903,0
401468660,LAL,1966,31
401468660,LAL,3934723,31
401468660,LAL,3964,30
401468660,LAL,3032979,28
401468660,LAL,4277890,25
401468660,LAL,4066264,15
401468660,LAL,4278508,17
401468660,LAL,3468,29
401468660,LAL,3056247,2
401468660,LAL,4066457,26
401468660,LAL,4432582,5
401468660,LAL,3064559,0
401468660,ORL,4432573,22
401468660,ORL,4566434,31
401468660,ORL,3150844,22
401468660,ORL,4397102,22
401468660,ORL,4066636,28
401468660,ORL,4433623,9
401468660,ORL,4277847,19
401468660,ORL,4277919,20
401468660,ORL,6619,21
401468660,ORL,2999547,18
401468660,ORL,4432809,26
401468660,ORL,4590530,2
401468661,PHI,3033,19
401468661,PHI,6440,39
401468661,PHI,3059318,36
401468661,PHI,3992,40
401468661,PHI,4066436,35
401468661,PHI,2990969,28
401468661,PHI,4278562,3
401468661,PHI,2991155,9
401468661,PHI,2991055,10
401468661,PHI,3915195,17
401468661,PHI,3907498,5
401468661,PHI,3929325,0
401468661,WSH,3134907,38
401468661,WSH,4278049,19
401468661,WSH,3102531,35
401468661,WSH,3059310,30
401468661,WSH,6580,30
401468661,WSH,3986,14
401468661,WSH,4066648,21
401468661,WSH,4280151,17
401468661,WSH,4683021,20
401468661,WSH,3064447,17
401468661,WSH,2581184,0
401468661,WSH,6579,0
401468661,WSH,4278402,0
401468662,HOU,4431828,31
401468662,HOU,4432639,29
401468662,HOU,4871144,22
401468662,HOU,4397140,35
401468662,HOU,4437244,33
401468662,HOU,4871143,13
401468662,HOU,4277952,15
401468662,HOU,4433192,17
401468662,HOU,4432168,8
401468662,HOU,3913180,17
401468662,HOU,4683749,20
401468662,HOU,4376,0
401468662,HOU,4432176,0
401468662,BOS,4065648,34
401468662,BOS,3213,25
401468662,BOS,2990992,29
401468662,BOS,3078576,30
401468662,BOS,3917376,35
401468662,BOS,3078284,3
401468662,BOS,3138156,3
401468662,BOS,4065804,13
401468662,BOS,4066218,25
401468662,BOS,3064560,3
401468662,BOS,4066211,21
401468662,BOS,2566769,21
401468662,BOS,3989,0
401468663,ATL,3908845,30
401468663,ATL,4431680,21
401468663,ATL,3037789,32
401468663,ATL,3907497,35
401468663,ATL,4277905,34
401468663,ATL,2284101,7
401468663,ATL,2579294,8
401468663,ATL,4432585,27
401468663,ATL,4701230,21
401468663,ATL,3922230,11
401468663,ATL,4065656,5
401468663,ATL,4397179,4
401468663,ATL,4578893,4
401468663,IND,3133628,25
401468663,IND,2990984,30
401468663,IND,4395712,27
401468663,IND,4396909,19
401468663,IND,4396993,30
401468663,IND,3999,3
401468663,IND,4279815,3
401468663,IND,4397189,20
401468663,IND,4432170,3
401468663,IND,4278031,20
401468663,IND,4592402,15
401468663,IND,2530530,21
401468663,IND,4683634,26
401468663,IND,4348700,0
401468664,LAC,4251,34
401468664,LAC,6450,35
401468664,LAC,6462,28
401468664,LAC,4017837,31
401468664,LAC,6443,31
401468664,LAC,3416,27
401468664,LAC,2595516,24
401468664,LAC,3907823,12
401468664,LAC,3913174,18
401468664,LAC,4066387,1
401468664,LAC,2490620,0
401468664,LAC,4397126,0
401468664,TOR,4017839,9
401468664,TOR,3149673,41
401468664,TOR,3934719,44
401468664,TOR,4433134,37
401468664,TOR,2991230,23
401468664,TOR,3244,10
401468664,TOR,3948153,9
401468664,TOR,2578240,3
401468664,TOR,4431778,9
401468664,TOR,4066668,26
401468664,TOR,4277843,30
401468664,TOR,4397885,0
401468664,TOR,4432907,0
401468664,TOR,4066786,0
401468664,TOR,4397251,0
401468665,PHX,2528693,21
401468665,PHX,3146557,24
401468665,PHX,4278129,27
401468665,PHX,2779,24
401468665,PHX,3147657,25
401468665,PHX,3032978,3
401468665,PHX,3059307,26
401468665,PHX,6427,14
401468665,PHX,4397235,24
401468665,PHX,2595209,26
401468665,PHX,4065663,26
401468665,MEM,3155526,26
401468665,MEM,4277961,26
401468665,MEM,2991235,25
401468665,MEM,4066320,27
401468665,MEM,4279888,31
401468665,MEM,3906665,16
401468665,MEM,4277964,7
401468665,MEM,4433137,18
401468665,MEM,4592691,7
401468665,MEM,4593041,7
401468665,MEM,4593125,15
401468665,MEM,3134932,14
401468665,MEM,3135046,13
401468665,MEM,4432646,7
401468666,SA,4395723,31
401468666,SA,4610139,30
401468666,SA,3134908,26
401468666,SA,4395626,29
401468666,SA,4395630,30
401468666,SA,4066392,3
401468666,SA,4066650,19
401468666,SA,4565201,23
401468666,SA,3134881,14
401468666,SA,4397886,3
401468666,SA,2581190,26
401468666,SA,4397008,8
401468666,SA,3136779,0
401468666,SA,2534781,0
401468666,OKC,4683018,2
401468666,OKC,4278073,33
401468666,OKC,4397020,22
401468666,OKC,4593803,31
401468666,OKC,4871145,23
401468666,OKC,4423545,22
401468666,OKC,2490089,21
401468666,OKC,3133626,18
401468666,OKC,4395702,15
401468666,OKC,4397183,24
401468666,OKC,4432819,28
401468667,NY,3064514,45
401468667,NY,4395625,2
401468667,NY,4351852,36
401468667,NY,4395724,51
401468667,NY,4397014,48
401468667,NY,4222252,12
401468667,NY,4277922,13
401468667,NY,3456,12
401468667,NY,4431823,46
401468667,NY,4395627,0
401468667,NY,6588,0
401468667,NY,2991047,0
401468667,NY,3133602,0
401468667,NY,3934672,0
401468667,DAL,2531367,31
401468667,DAL,3058254,40
401468667,DAL,2580782,44
401468667,DAL,2528210,42
401468667,DAL,3945274,47
401468667,DAL,6426,14
401468667,DAL,2528779,26
401468667,DAL,3452,3
401468667,DAL,6479,5
401468667,DAL,4230547,7
401468667,DAL,4278507,6
401468667,DAL,3138154,0
401468667,DAL,4067017,0
401468667,DAL,4868423,0
401468668,CHA,4278078,33
401468668,CHA,4249,37
401468668,CHA,2488653,29
401468668,CHA,3074752,34
401468668,CHA,4432816,35
401468668,CHA,4066731,26
401468668,CHA,4702233,16
401468668,CHA,4701232,18
401468668,CHA,4683027,12
401468668,CHA,4431699,0
401468668,CHA,4431712,0
401468668,CHA,4576086,0
401468668,GS,6589,35
401468668,GS,3155535,18
401468668,GS,6475,39
401468668,GS,3934673,30
401468668,GS,4277956,35
401468668,GS,4066790,19
401468668,GS,4433247,23
401468668,GS,4432808,10
401468668,GS,4065733,20
401468668,GS,4432171,13
401468668,GS,4433246,0
401468668,GS,4591725,0
401468669,DEN,4278104,30
401468669,DEN,4431690,15
401468669,DEN,3112335,37
401468669,DEN,2581018,31
401468669,DEN,3936299,38
401468669,DEN,4230557,30
401468669,DEN,3442,7
401468669,DEN,4305,3
401468669,DEN,3059262,9
401468669,DEN,4065670,9
401468669,DEN,4431767,14
401468669,DEN,4592492,19
401468669,SAC,6578,33
401468669,SAC,4594327,31
401468669,SAC,2596107,14
401468669,SAC,4066259,31
401468669,SAC,4066372,37
401468669,SAC,2993370,23
401468669,SAC,3136196,24
401468669,SAC,4278521,3
401468669,SAC,4066262,26
401468669,SAC,4278053,18
401468669,SAC,3914283,0
401468669,SAC,3919347,0
401468669,SAC,4397424,0
401468669,SAC,2489716,0
401468669,SAC,3919454,0
401468670,ORL,4432573,32
401468670,ORL,4566434,29
401468670,ORL,3150844,13
401468670,ORL,4397102,25
401468670,ORL,4066636,28
401468670,ORL,4433623,10
401468670,ORL,3918423,10
401468670,ORL,4277847,24
401468670,ORL,4277919,16
401468670,ORL,2999547,22
401468670,ORL,4432809,28
401468670,ORL,4590530,3
401468670,ORL,6619,0
401468670,DET,3593,36
401468670,DET,4432810,27
401468670,DET,4433621,34
401468670,DET,4433218,28
401468670,DET,4683024,16
401468670,DET,4278075,6
401468670,DET,2991280,1
401468670,DET,6446,15
401468670,DET,6429,31
401468670,DET,4080610,14
401468670,DET,4397136,35
401468670,DET,2488826,0
401468671,PHX,2528693,29
401468671,PHX,3146557,16
401468671,PHX,4278129,36
401468671,PHX,2779,32
401468671,PHX,3147657,40
401468671,PHX,3032978,3
401468671,PHX,3059307,13
401468671,PHX,6427,8
401468671,PHX,4397235,17
401468671,PHX,2595209,25
401468671,PHX,4065663,21
401468671,WSH,3134907,36
401468671,WSH,4278049,25
401468671,WSH,4280151,28
401468671,WSH,3102531,34
401468671,WSH,3059310,31
401468671,WSH,3986,10
401468671,WSH,2581184,2
401468671,WSH,4066648,28
401468671,WSH,4683021,27
401468671,WSH,4431669,2
401468671,WSH,3064447,15
401468671,WSH,4278402,2
401468671,WSH,4432356,2
401468671,WSH,6579,0
401468672,BKN,3202,36
401468672,BKN,2583632,35
401468672,BKN,4278067,35
401468672,BKN,6442,37
401468672,BKN,3907387,25
401468672,BKN,2982334,26
401468672,BKN,3133838,23
401468672,BKN,4004,12
401468672,BKN,3136485,4
401468672,BKN,2326307,7
401468672,BKN,6461,0
401468672,BKN,4432174,0
401468672,ATL,3908845,34
401468672,ATL,4431680,37
401468672,ATL,4432585,24
401468672,ATL,3907497,40
401468672,ATL,3922230,33
401468672,ATL,2284101,8
401468672,ATL,4701230,25
401468672,ATL,3037789,29
401468672,ATL,4065656,10
401468672,ATL,2579294,0
401468672,ATL,4277928,0
401468672,ATL,4397179,0
401468672,ATL,4578893,0
401468673,LAL,1966,33
401468673,LAL,3934723,23
401468673,LAL,3964,28
401468673,LAL,3032979,35
401468673,LAL,4277890,21
401468673,LAL,4066264,14
401468673,LAL,4278508,21
401468673,LAL,4401416,13
401468673,LAL,3468,32
401468673,LAL,4066457,20
401468673,LAL,4432582,0
401468673,LAL,3064559,0
401468673,LAL,3056247,0
401468673,MIA,6430,34
401468673,MIA,3138160,31
401468673,MIA,4066261,39
401468673,MIA,3137259,31
401468673,MIA,4395725,36
401468673,MIA,3157465,16
401468673,MIA,4291678,0
401468673,MIA,4997528,0
401468673,MIA,4593049,9
401468673,MIA,2527963,26
401468673,MIA,4065778,17
401468673,MIA,2184,0
401468674,MIL,3032977,42
401468674,MIL,3448,37
401468674,MIL,2578239,21
401468674,MIL,3133635,25
401468674,MIL,3135045,31
401468674,MIL,2968436,19
401468674,MIL,3064482,28
401468674,MIL,4432179,2
401468674,MIL,3438,28
401468674,MIL,4032,31
401468674,MIL,3439,0
401468674,MIL,3102533,0
401468674,MIL,4278580,0
401468674,MIL,4277883,0
401468674,MIL,4397475,0
401468674,CHI,4431687,41
401468674,CHI,6478,37
401468674,CHI,3978,44
401468674,CHI,3064440,43
401468674,CHI,4397002,38
401468674,CHI,6585,16
401468674,CHI,3423,20
401468674,CHI,2596112,17
401468674,CHI,4395651,6
401468674,CHI,4433159,4
401468674,CHI,4065673,0
401468674,CHI,3056245,0
401468675,MIN,4431671,34
401468675,MIN,3032976,29
401468675,MIN,6617,33
401468675,MIN,3136776,38
401468675,MIN,4594268,39
401468675,MIN,4067325,3
401468675,MIN,4396971,25
401468675,MIN,2994526,13
401468675,MIN,4278541,25
401468675,MIN,3908336,0
401468675,MIN,4592187,0
401468675,MIN,4687718,0
401468675,MIN,4277951,0
401468675,NO,4278594,35
401468675,NO,4395628,34
401468675,NO,4397688,27
401468675,NO,6477,29
401468675,NO,2490149,37
401468675,NO,2580365,16
401468675,NO,4397077,17
401468675,NO,3133601,16
401468675,NO,4277869,11
401468675,NO,4869342,18
401468675,NO,2999409,0
401468675,NO,4431811,0
401468675,NO,4023,0
401468675,NO,4395698,0
401468676,UTAH,2489663,26
401468676,UTAH,4066336,36
401468676,UTAH,4278077,28
401468676,UTAH,3195,32
401468676,UTAH,2528426,34
401468676,UTAH,3005,15
401468676,UTAH,4433136,20
401468676,UTAH,3907822,23
401468676,UTAH,4277811,16
401468676,UTAH,4278039,10
401468676,UTAH,3899664,0
401468676,UTAH,4683025,0
401468676,UTAH,4396991,0
401468676,UTAH,4066299,0
401468676,UTAH,4397018,0
401468676,GS,6589,30
401468676,GS,3155535,26
401468676,GS,4066790,26
401468676,GS,3934673,39
401468676,GS,4277956,36
401468676,GS,4433247,21
401468676,GS,4432808,7
401468676,GS,4065733,30
401468676,GS,4432171,13
401468676,GS,4433246,13
401468676,GS,4591725,0
401468677,DEN,4278104,35
401468677,DEN,4431690,31
401468677,DEN,3112335,32
401468677,DEN,2581018,31
401468677,DEN,4592492,33
401468677,DEN,4230557,15
401468677,DEN,3442,16
401468677,DEN,4305,15
401468677,DEN,3059262,8
401468677,DEN,4431767,24
401468677,DEN,4065653,0
401468677,SAC,6578,24
401468677,SAC,3155942,38
401468677,SAC,4594327,21
401468677,SAC,4066259,37
401468677,SAC,4066372,18
401468677,SAC,2993370,10
401468677,SAC,3136196,24
401468677,SAC,4278521,18
401468677,SAC,4066262,30
401468677,SAC,4278053,21
401468677,SAC,3914283,0
401468677,SAC,2596107,0
401468677,SAC,4397424,0
401468677,SAC,2489716,0
401468677,SAC,3919454,0
401468678,OKC,4432823,24
401468678,OKC,4278073,36
401468678,OKC,4397020,28
401468678,OKC,4593803,27
401468678,OKC,4871145,33
401468678,OKC,4066410,4
401468678,OKC,2490089,19
401468678,OKC,3133626,15
401468678,OKC,4395702,13
401468678,OKC,4397183,17
401468678,OKC,4432819,23
401468678,OKC,4423545,0
401468678,CHA,4278078,31
401468678,CHA,4249,36
401468678,CHA,2488653,26
401468678,CHA,3074752,34
401468678,CHA,4432816,36
401468678,CHA,4066731,22
401468678,CHA,4702233,7
401468678,CHA,4701232,21
401468678,CHA,4683027,12
401468678,CHA,3133603,14
401468678,CHA,4431699,0
401468678,CHA,4278076,0
401468678,CHA,4431712,0
401468679,CLE,4066405,21
401468679,CLE,4066328,38
401468679,CLE,4432158,32
401468679,CLE,3908809,37
401468679,CLE,4396907,35
401468679,CLE,3449,21
401468679,CLE,4432822,21
401468679,CLE,2991043,35
401468679,CLE,3893016,0
401468679,CLE,3447,0
401468679,CLE,2968361,0
401468679,IND,3133628,35
401468679,IND,2990984,33
401468679,IND,4395712,28
401468679,IND,4396909,28
401468679,IND,4396993,34
401468679,IND,4397189,13
401468679,IND,4278031,14
401468679,IND,4592402,11
401468679,IND,2530530,14
401468679,IND,4683634,31
401468679,IND,3999,0
401468679,IND,4279815,0
401468679,IND,4432170,0
401468679,IND,4348700,0
401468680,LAC,4251,40
401468680,LAC,6450,37
401468680,LAC,6462,32
401468680,LAC,4017837,30
401468680,LAC,6443,24
401468680,LAC,3416,8
401468680,LAC,4237,16
401468680,LAC,2595516,31
401468680,LAC,3907823,5
401468680,LAC,3913174,17
401468680,LAC,2490620,0
401468680,LAC,4397126,0
401468680,LAC,4066387,0
401468680,BOS,4065648,36
401468680,BOS,3213,32
401468680,BOS,2990992,37
401468680,BOS,3078576,37
401468680,BOS,3917376,33
401468680,BOS,4065804,15
401468680,BOS,4066218,23
401468680,BOS,4066211,21
401468680,BOS,4066354,6
401468680,BOS,3078284,0
401468680,BOS,3138156,0
401468680,BOS,3064560,0
401468681,MEM,3155526,34
401468681,MEM,4277961,29
401468681,MEM,2991235,32
401468681,MEM,4066320,29
401468681,MEM,4279888,36
401468681,MEM,3906665,16
401468681,MEM,4433137,8
401468681,MEM,4593125,14
401468681,MEM,3134932,24
401468681,MEM,3135046,20
401468681,MEM,4277964,0
401468681,MEM,4432646,0
401468681,TOR,4017839,11
401468681,TOR,3149673,38
401468681,TOR,3934719,35
401468681,TOR,4433134,35
401468681,TOR,4431778,13
401468681,TOR,3948153,22
401468681,TOR,2578240,11
401468681,TOR,4066668,30
401468681,TOR,4066786,13
401468681,TOR,4277843,32
401468681,TOR,3244,0
401468681,TOR,4432907,0
401468682,NY,3064514,43
401468682,NY,4351852,28
401468682,NY,4395724,43
401468682,NY,4397014,37
401468682,NY,4431823,31
401468682,NY,4222252,15
401468682,NY,4277922,11
401468682,NY,3456,16
401468682,NY,6588,17
401468682,NY,4395627,0
401468682,NY,2991047,0
401468682,NY,3133602,0
401468682,SA,4395723,32
401468682,SA,4610139,27
401468682,SA,3134908,29
401468682,SA,4397008,28
401468682,SA,4395626,33
401468682,SA,2528588,16
401468682,SA,4066650,18
401468682,SA,4565201,19
401468682,SA,3134881,17
401468682,SA,3136779,2
401468682,SA,2581190,19
401468682,SA,4066392,0
401468682,SA,2534781,0
401468683,HOU,4432639,27
401468683,HOU,4871144,17
401468683,HOU,3431,27
401468683,HOU,4397140,34
401468683,HOU,4437244,32
401468683,HOU,4871143,20
401468683,HOU,4277952,10
401468683,HOU,4431828,17
401468683,HOU,4433192,18
401468683,HOU,4376,4
401468683,HOU,4432176,4
401468683,HOU,3913180,16
401468683,HOU,4683749,14
401468683,HOU,4432168,0
401468683,DAL,3058254,21
401468683,DAL,2580782,35
401468683,DAL,4230547,19
401468683,DAL,2528210,33
401468683,DAL,3945274,34
401468683,DAL,2531367,21
401468683,DAL,6426,16
401468683,DAL,3452,6
401468683,DAL,6479,13
401468683,DAL,4278507,23
401468683,DAL,3138154,6
401468683,DAL,4067017,1
401468683,DAL,4868423,12
401468684,WSH,3134907,31
401468684,WSH,4278049,26
401468684,WSH,4280151,38
401468684,WSH,3102531,35
401468684,WSH,3059310,28
401468684,WSH,2581184,3
401468684,WSH,4066648,29
401468684,WSH,4683021,28
401468684,WSH,6579,3
401468684,WSH,3064447,18
401468684,WSH,4278402,3
401468684,ORL,4432573,38
401468684,ORL,4566434,38
401468684,ORL,4397102,31
401468684,ORL,6619,24
401468684,ORL,4066636,26
401468684,ORL,4433623,28
401468684,ORL,3918423,27
401468684,ORL,4067858,29
401468684,ORL,3150844,0
401468684,ORL,4277847,0
401468684,ORL,4277919,0
401468684,ORL,2999547,0
401468684,ORL,4432809,0
401468684,ORL,4590530,0
401468685,LAL,1966,40
401468685,LAL,3934723,34
401468685,LAL,3964,25
401468685,LAL,3032979,32
401468685,LAL,4066457,26
401468685,LAL,4066264,14
401468685,LAL,4278508,25
401468685,LAL,4401416,15
401468685,LAL,3468,29
401468685,LAL,3064559,0
401468685,LAL,3056247,0
401468685,LAL,4277890,0
401468685,ATL,3908845,23
401468685,ATL,4431680,43
401468685,ATL,4432585,25
401468685,ATL,3907497,39
401468685,ATL,4277905,36
401468685,ATL,2579294,4
401468685,ATL,4701230,24
401468685,ATL,3037789,34
401468685,ATL,3922230,13
401468685,ATL,2284101,0
401468685,ATL,4065656,0
401468685,ATL,4578893,0
401468686,PHX,2528693,30
401468686,PHX,4278129,31
401468686,PHX,2779,35
401468686,PHX,3147657,37
401468686,PHX,4065663,12
401468686,PHX,3032978,20
401468686,PHX,3059307,23
401468686,PHX,3146557,17
401468686,PHX,4397235,13
401468686,PHX,2595209,21
401468686,PHX,6427,0
401468686,TOR,3149673,41
401468686,TOR,3934719,29
401468686,TOR,4433134,38
401468686,TOR,4431778,21
401468686,TOR,4277843,39
401468686,TOR,4017839,5
401468686,TOR,3244,23
401468686,TOR,3948153,20
401468686,TOR,4066668,18
401468686,TOR,4066786,4
401468686,TOR,4431679,0
401468686,TOR,2578240,0
401468687,DET,3593,31
401468687,DET,4432810,33
401468687,DET,4433621,31
401468687,DET,4397136,31
401468687,DET,4433218,29
401468687,DET,4277848,13
401468687,DET,4278075,14
401468687,DET,6446,19
401468687,DET,6429,22
401468687,DET,2488826,17
401468687,DET,2991280,0
401468687,DET,4080610,0
401468687,DET,4683024,0
401468687,CHI,4431687,31
401468687,CHI,6478,33
401468687,CHI,3978,35
401468687,CHI,3064440,38
401468687,CHI,4397002,25
401468687,CHI,6585,15
401468687,CHI,3423,15
401468687,CHI,2596112,13
401468687,CHI,2991350,20
401468687,CHI,4395651,14
401468687,CHI,4065673,0
401468687,CHI,3056245,0
401468687,CHI,4433159,0
401468688,MIN,2993874,23
401468688,MIN,4431671,27
401468688,MIN,4396971,30
401468688,MIN,3136776,35
401468688,MIN,4594268,40
401468688,MIN,3908336,17
401468688,MIN,4067325,5
401468688,MIN,4277951,18
401468688,MIN,6617,20
401468688,MIN,4278541,24
401468688,MIN,4592187,0
401468688,MIN,4687718,0
401468688,MIN,2994526,0
401468688,MIL,3032977,38
401468688,MIL,3448,26
401468688,MIL,2578239,22
401468688,MIL,3133635,32
401468688,MIL,3135045,25
401468688,MIL,2968436,24
401468688,MIL,3064482,31
401468688,MIL,4278580,4
401468688,MIL,4432179,15
401468688,MIL,4397475,22
401468688,MIL,3439,0
401468688,MIL,3102533,0
401468688,MIL,4277883,0
401468688,MIL,4032,0
401468689,PHI,3033,28
401468689,PHI,6440,33
401468689,PHI,3059318,34
401468689,PHI,3992,35
401468689,PHI,4066436,30
401468689,PHI,2990969,25
401468689,PHI,4278562,1
401468689,PHI,2991055,12
401468689,PHI,3915195,13
401468689,PHI,3929325,1
401468689,PHI,3907498,8
401468689,PHI,4431678,19
401468689,PHI,2991155,0
401468689,NO,4278594,31
401468689,NO,4395628,31
401468689,NO,4397688,20
401468689,NO,6477,28
401468689,NO,2490149,35
401468689,NO,2999409,17
401468689,NO,4397077,19
401468689,NO,3133601,17
401468689,NO,4277869,20
401468689,NO,4869342,21
401468689,NO,4277813,0
401468689,NO,4023,0
401468689,NO,4395698,0
401468690,MIA,6430,38
401468690,MIA,4291678,21
401468690,MIA,4066261,30
401468690,MIA,3012,32
401468690,MIA,4395725,33
401468690,MIA,3157465,19
401468690,MIA,4593049,18
401468690,MIA,3137259,16
401468690,MIA,4065778,33
401468690,MIA,2184,0
401468690,MIA,4278572,0
401468690,DEN,3064290,33
401468690,DEN,4278104,25
401468690,DEN,3112335,36
401468690,DEN,2581018,30
401468690,DEN,3936299,34
401468690,DEN,4230557,18
401468690,DEN,3442,12
401468690,DEN,4065670,26
401468690,DEN,4431767,3
401468690,DEN,4592492,23
401468690,DEN,4065653,0
401468690,DEN,4431690,0
401468690,DEN,4305,0
401468690,DEN,3059262,0
401468691,POR,2991070,41
401468691,POR,3914285,32
401468691,POR,6606,42
401468691,POR,3062679,41
401468691,POR,4351851,35
401468691,POR,4431675,16
401468691,POR,4432446,14
401468691,POR,4914336,19
401468691,POR,3135047,0
401468691,POR,4432588,0
401468691,POR,4871140,0
401468691,POR,3134903,0
401468691,GS,6589,33
401468691,GS,3155535,26
401468691,GS,6475,37
401468691,GS,3934673,34
401468691,GS,4277956,36
401468691,GS,4066790,19
401468691,GS,4433247,26
401468691,GS,4065733,21
401468691,GS,4432171,8
401468691,GS,4432808,0
401468691,GS,4433246,0
401468692,UTAH,2489663,29
401468692,UTAH,4066336,34
401468692,UTAH,4278077,24
401468692,UTAH,3195,30
401468692,UTAH,2528426,35
401468692,UTAH,3005,12
401468692,UTAH,4433136,24
401468692,UTAH,3907822,23
401468692,UTAH,4277811,29
401468692,UTAH,3899664,0
401468692,UTAH,4683025,0
401468692,UTAH,4396991,0
401468692,UTAH,4066299,0
401468692,UTAH,4278039,0
401468692,UTAH,4397018,0
401468692,SAC,6578,32
401468692,SAC,3155942,37
401468692,SAC,4594327,27
401468692,SAC,4066259,39
401468692,SAC,4066372,30
401468692,SAC,2993370,11
401468692,SAC,3136196,19
401468692,SAC,4278521,3
401468692,SAC,4066262,19
401468692,SAC,4278053,23
401468692,SAC,3914283,0
401468692,SAC,2596107,0
401468692,SAC,4397424,0
401468692,SAC,2489716,0
401468692,SAC,3919454,0
401468693,LAC,4251,40
401468693,LAC,6450,35
401468693,LAC,6462,29
401468693,LAC,4017837,27
401468693,LAC,6443,33
401468693,LAC,2490620,9
401468693,LAC,4237,15
401468693,LAC,2595516,24
401468693,LAC,3907823,9
401468693,LAC,3913174,20
401468693,LAC,4397126,0
401468693,LAC,4066387,0
401468693,IND,3133628,34
401468693,IND,2990984,34
401468693,IND,4395712,35
401468693,IND,4396909,34
401468693,IND,4396993,33
401468693,IND,4397189,14
401468693,IND,4278031,7
401468693,IND,4592402,14
401468693,IND,2530530,16
401468693,IND,4683634,20
401468693,IND,3999,0
401468693,IND,4279815,0
401468693,IND,4432170,0
401468693,IND,4348700,0
401468694,BKN,3202,30
401468694,BKN,2583632,32
401468694,BKN,4278067,33
401468694,BKN,6442,33
401468694,BKN,3907387,19
401468694,BKN,2982334,31
401468694,BKN,3133838,19
401468694,BKN,4432194,3
401468694,BKN,3136485,15
401468694,BKN,2326307,20
401468694,BKN,4432174,3
401468694,BKN,6461,0
401468694,BKN,4004,0
401468694,CHA,4278078,33
401468694,CHA,4249,29
401468694,CHA,2488653,30
401468694,CHA,3074752,32
401468694,CHA,4432816,36
401468694,CHA,4431699,3
401468694,CHA,4066731,28
401468694,CHA,4702233,16
401468694,CHA,4278076,3
401468694,CHA,4701232,15
401468694,CHA,4683027,12
401468694,CHA,4431712,3
401468695,CLE,3449,34
401468695,CLE,4066405,20
401468695,CLE,4066328,35
401468695,CLE,2991043,37
401468695,CLE,3908809,37
401468695,CLE,3947156,3
401468695,CLE,4432822,23
401468695,CLE,3893016,25
401468695,CLE,3447,13
401468695,CLE,2968361,15
401468695,CLE,4432815,0
401468695,CHI,4431687,21
401468695,CHI,6478,35
401468695,CHI,3978,38
401468695,CHI,3064440,36
401468695,CHI,4397002,34
401468695,CHI,6585,13
401468695,CHI,2596112,16
401468695,CHI,2991350,25
401468695,CHI,4395651,21
401468695,CHI,3936099,0
401468695,CHI,4065673,0
401468695,CHI,3056245,0
401468695,CHI,4433159,0
401468696,NY,3064514,39
401468696,NY,4351852,33
401468696,NY,4395724,40
401468696,NY,4397014,36
401468696,NY,4431823,35
401468696,NY,4222252,15
401468696,NY,4277922,9
401468696,NY,3456,11
401468696,NY,6588,20
401468696,NY,2991047,2
401468696,NY,4395627,0
401468696,NY,3133602,0
401468696,HOU,4277952,21
401468696,HOU,4432639,20
401468696,HOU,3431,27
401468696,HOU,4397140,35
401468696,HOU,4437244,35
401468696,HOU,4871143,20
401468696,HOU,4431828,20
401468696,HOU,4433192,24
401468696,HOU,4376,8
401468696,HOU,4432168,3
401468696,HOU,4432176,3
401468696,HOU,3913180,12
401468696,HOU,4683749,13
401468697,DAL,3058254,29
401468697,DAL,2528779,33
401468697,DAL,2580782,36
401468697,DAL,2528210,37
401468697,DAL,3945274,37
401468697,DAL,2531367,19
401468697,DAL,6426,10
401468697,DAL,4230547,18
401468697,DAL,4278507,21
401468697,DAL,3138154,0
401468697,DAL,3452,0
401468697,DAL,6479,0
401468697,DAL,4067017,0
401468697,DAL,4868423,0
401468697,SA,4395723,36
401468697,SA,4610139,33
401468697,SA,3134908,30
401468697,SA,4397008,17
401468697,SA,4395626,32
401468697,SA,2528588,20
401468697,SA,4066650,18
401468697,SA,4565201,21
401468697,SA,3134881,17
401468697,SA,2581190,17
401468697,SA,4066392,0
401468697,SA,2534781,0
401468698,NO,4277813,28
401468698,NO,4395628,28
401468698,NO,4397688,24
401468698,NO,6477,22
401468698,NO,2490149,31
401468698,NO,4278594,21
401468698,NO,2999409,17
401468698,NO,4397077,21
401468698,NO,3133601,17
401468698,NO,4277869,20
401468698,NO,4869342,10
401468698,NO,4023,0
401468698,NO,4395698,0
401468698,MEM,3155526,27
401468698,MEM,4277961,30
401468698,MEM,2991235,27
401468698,MEM,4066320,28
401468698,MEM,4279888,31
401468698,MEM,3906665,19
401468698,MEM,4277964,1
401468698,MEM,4592691,1
401468698,MEM,4593041,28
401468698,MEM,3134932,23
401468698,MEM,3135046,21
401468698,MEM,4432646,1
401468698,MEM,4433137,0
401468699,DET,3593,31
401468699,DET,4432810,24
401468699,DET,4433621,14
401468699,DET,4397136,18
401468699,DET,4433218,20
401468699,DET,4277848,29
401468699,DET,6446,28
401468699,DET,6429,29
401468699,DET,2488826,23
401468699,DET,4080610,24
401468699,DET,4278075,0
401468699,DET,2991280,0
401468699,DET,4683024,0
401468699,MIN,2993874,34
401468699,MIN,4431671,33
401468699,MIN,3032976,28
401468699,MIN,3136776,34
401468699,MIN,4594268,39
401468699,MIN,3908336,11
401468699,MIN,4396971,24
401468699,MIN,6617,19
401468699,MIN,4278541,18
401468699,MIN,4067325,0
401468699,MIN,4592187,0
401468699,MIN,4687718,0
401468699,MIN,4277951,0
401468699,MIN,2994526,0
401468700,PHI,6440,31
401468700,PHI,3059318,28
401468700,PHI,3915195,38
401468700,PHI,3907498,22
401468700,PHI,4066436,31
401468700,PHI,2990969,13
401468700,PHI,4278562,4
401468700,PHI,2991155,28
401468700,PHI,2991055,16
401468700,PHI,3929325,25
401468700,PHI,4432164,4
401468700,OKC,4432823,18
401468700,OKC,4278073,32
401468700,OKC,4397020,25
401468700,OKC,4593803,28
401468700,OKC,4871145,32
401468700,OKC,4066317,5
401468700,OKC,4066410,2
401468700,OKC,4423545,14
401468700,OKC,2490089,17
401468700,OKC,3133626,23
401468700,OKC,4395702,19
401468700,OKC,4432819,25
401468700,OKC,4397183,0
401468701,MIA,4291678,17
401468701,MIA,4066261,36
401468701,MIA,3012,26
401468701,MIA,4065778,31
401468701,MIA,4395725,34
401468701,MIA,3157465,21
401468701,MIA,4278572,4
401468701,MIA,4593049,12
401468701,MIA,2527963,35
401468701,MIA,3137259,24
401468701,MIA,2184,0
401468701,MIA,4066993,0
401468701,UTAH,2489663,33
401468701,UTAH,4066336,36
401468701,UTAH,4278077,17
401468701,UTAH,3195,31
401468701,UTAH,2528426,35
401468701,UTAH,3005,15
401468701,UTAH,4433136,30
401468701,UTAH,3907822,18
401468701,UTAH,4277811,24
401468701,UTAH,3899664,0
401468701,UTAH,4683025,0
401468701,UTAH,4396991,0
401468701,UTAH,4066299,0
401468701,UTAH,4278039,0
401468701,UTAH,4397018,0
401468702,SAC,6578,29
401468702,SAC,3155942,33
401468702,SAC,4594327,28
401468702,SAC,4066259,36
401468702,SAC,4066372,32
401468702,SAC,3914283,1
401468702,SAC,2993370,14
401468702,SAC,3136196,18
401468702,SAC,4278521,4
401468702,SAC,2596107,1
401468702,SAC,2489716,1
401468702,SAC,3919454,1
401468702,SAC,4066262,26
401468702,SAC,4278053,15
401468702,SAC,4397424,0
401468702,MEM,3155526,36
401468702,MEM,4277961,29
401468702,MEM,2991235,35
401468702,MEM,3134932,28
401468702,MEM,4279888,33
401468702,MEM,4277964,13
401468702,MEM,4585610,1
401468702,MEM,4592691,4
401468702,MEM,4593041,15
401468702,MEM,3135046,32
401468702,MEM,4397227,1
401468702,MEM,4432646,14
401468703,WSH,3134907,33
401468703,WSH,4278049,28
401468703,WSH,4280151,30
401468703,WSH,3102531,29
401468703,WSH,3059310,25
401468703,WSH,2581184,3
401468703,WSH,4066648,32
401468703,WSH,4683021,29
401468703,WSH,4431669,4
401468703,WSH,6579,4
401468703,WSH,3064447,19
401468703,WSH,4278402,4
401468703,WSH,6580,0
401468703,WSH,4432356,0
401468703,MIL,3064482,30
401468703,MIL,3448,24
401468703,MIL,2578239,29
401468703,MIL,3133635,31
401468703,MIL,3135045,26
401468703,MIL,3439,16
401468703,MIL,2968436,17
401468703,MIL,3102533,4
401468703,MIL,4278580,13
401468703,MIL,4432179,25
401468703,MIL,4277883,5
401468703,MIL,4397475,19
401468703,MIL,4032,0
401468704,BOS,4065648,36
401468704,BOS,3213,30
401468704,BOS,2990992,31
401468704,BOS,3078576,23
401468704,BOS,3917376,34
401468704,BOS,3078284,2
401468704,BOS,3138156,2
401468704,BOS,4065804,11
401468704,BOS,4066218,28
401468704,BOS,3064560,2
401468704,BOS,4066211,19
401468704,BOS,2566769,20
401468704,BOS,4066354,2
401468704,BOS,3989,0
401468704,DEN,3064290,37
401468704,DEN,4278104,33
401468704,DEN,3112335,32
401468704,DEN,2581018,30
401468704,DEN,4065670,30
401468704,DEN,4065653,2
401468704,DEN,4431690,12
401468704,DEN,4230557,17
401468704,DEN,4305,2
401468704,DEN,3059262,2
401468704,DEN,4431767,25
401468704,DEN,4592492,19
401468704,DEN,3442,0
401468705,PHX,2528693,23
401468705,PHX,4278129,29
401468705,PHX,2779,30
401468705,PHX,3147657,35
401468705,PHX,3914044,25
401468705,PHX,3032978,9
401468705,PHX,3059307,16
401468705,PHX,3146557,19
401468705,PHX,3064230,18
401468705,PHX,4397235,12
401468705,PHX,2595209,20
401468705,PHX,4065663,4
401468705,PHX,6427,0
401468705,NY,3064514,40
401468705,NY,4351852,35
401468705,NY,3934672,39
401468705,NY,4395724,36
401468705,NY,4397014,36
401468705,NY,4222252,12
401468705,NY,4277922,9
401468705,NY,6588,14
401468705,NY,2991047,1
401468705,NY,3133602,0
401468705,NY,4431823,18
401468705,NY,4395627,0
401468706,LAL,1966,40
401468706,LAL,4278508,35
401468706,LAL,3934723,37
401468706,LAL,3964,32
401468706,LAL,3032979,37
401468706,LAL,4066264,11
401468706,LAL,4401416,9
401468706,LAL,3468,11
401468706,LAL,3056247,6
401468706,LAL,4066457,22
401468706,LAL,3064559,0
401468706,LAL,4277890,0
401468706,LAL,4432582,0
401468706,CHA,4278078,35
401468706,CHA,4249,26
401468706,CHA,2488653,33
401468706,CHA,3074752,35
401468706,CHA,4432816,38
401468706,CHA,4066731,31
401468706,CHA,4702233,9
401468706,CHA,4701232,15
401468706,CHA,4065697,18
401468706,CHA,4431699,0
401468706,CHA,4278076,0
401468706,CHA,4431712,0
401468707,CHI,4431687,30
401468707,CHI,6478,44
401468707,CHI,3978,46
401468707,CHI,3064440,40
401468707,CHI,4397002,33
401468707,CHI,3936099,22
401468707,CHI,6585,7
401468707,CHI,3423,11
401468707,CHI,2991350,22
401468707,CHI,4395651,10
401468707,CHI,3056245,0
401468707,CHI,4433159,0
401468707,CLE,3449,38
401468707,CLE,4066405,19
401468707,CLE,4066328,39
401468707,CLE,2991043,39
401468707,CLE,3908809,50
401468707,CLE,4432822,20
401468707,CLE,3893016,36
401468707,CLE,3447,7
401468707,CLE,2968361,17
401468707,CLE,4432815,0
401468707,CLE,4432158,0
401468708,TOR,3149673,39
401468708,TOR,3934719,40
401468708,TOR,4433134,40
401468708,TOR,2991230,36
401468708,TOR,4277843,40
401468708,TOR,3244,8
401468708,TOR,3948153,4
401468708,TOR,4431679,12
401468708,TOR,4431778,11
401468708,TOR,4066668,9
401468708,TOR,4017839,0
401468708,TOR,2578240,0
401468708,TOR,4066786,0
401468708,IND,3133628,31
401468708,IND,2990984,30
401468708,IND,4395712,20
401468708,IND,4396909,30
401468708,IND,4396993,32
401468708,IND,4397189,17
401468708,IND,4278031,16
401468708,IND,4592402,16
401468708,IND,2530530,21
401468708,IND,4683634,27
401468708,IND,3999,0
401468708,IND,4279815,0
401468708,IND,4432170,0
401468708,IND,4348700,0
401468709,NO,4277813,29
401468709,NO,4395628,28
401468709,NO,4397688,31
401468709,NO,6477,28
401468709,NO,2490149,39
401468709,NO,4278594,15
401468709,NO,2999409,17
401468709,NO,4397077,19
401468709,NO,3133601,13
401468709,NO,4277869,12
401468709,NO,4869342,7
401468709,NO,2580365,0
401468709,NO,4023,0
401468709,NO,4395698,0
401468709,PHI,3033,18
401468709,PHI,6440,31
401468709,PHI,3059318,36
401468709,PHI,3992,38
401468709,PHI,4066436,31
401468709,PHI,2990969,27
401468709,PHI,2991055,12
401468709,PHI,3915195,12
401468709,PHI,3907498,8
401468709,PHI,4431678,27
401468709,PHI,4278562,0
401468709,PHI,2991155,0
401468709,PHI,3929325,0
401468709,PHI,4432164,0
401468710,SA,4395723,25
401468710,SA,4610139,22
401468710,SA,3134908,20
401468710,SA,4395626,23
401468710,SA,4395630,26
401468710,SA,4066392,15
401468710,SA,2528588,9
401468710,SA,4066650,19
401468710,SA,4565201,26
401468710,SA,3134881,9
401468710,SA,2534781,10
401468710,SA,2581190,22
401468710,SA,4397008,17
401468710,BKN,3202,29
401468710,BKN,4278067,20
401468710,BKN,6442,29
401468710,BKN,2326307,22
401468710,BKN,3907387,24
401468710,BKN,2528794,16
401468710,BKN,2982334,23
401468710,BKN,3133838,12
401468710,BKN,4432194,21
401468710,BKN,4004,23
401468710,BKN,3136485,10
401468710,BKN,4432174,12
401468710,BKN,2583632,0
401468711,DAL,3058254,29
401468711,DAL,2528779,42
401468711,DAL,2580782,38
401468711,DAL,2528210,37
401468711,DAL,3945274,41
401468711,DAL,2531367,15
401468711,DAL,6426,5
401468711,DAL,6479,5
401468711,DAL,4230547,17
401468711,DAL,4278507,6
401468711,DAL,3138154,5
401468711,DAL,3452,0
401468711,DAL,4067017,0
401468711,DAL,4868423,0
401468711,HOU,4432639,32
401468711,HOU,4871144,26
401468711,HOU,3431,33
401468711,HOU,4397140,42
401468711,HOU,4437244,32
401468711,HOU,4871143,11
401468711,HOU,4277952,8
401468711,HOU,4431828,20
401468711,HOU,4433192,16
401468711,HOU,3913180,12
401468711,HOU,4683749,8
401468711,HOU,4376,0
401468711,HOU,4432168,0
401468711,HOU,4432176,0
401468712,DEN,3064290,33
401468712,DEN,4278104,27
401468712,DEN,3112335,33
401468712,DEN,2581018,33
401468712,DEN,3936299,36
401468712,DEN,4431690,12
401468712,DEN,4230557,17
401468712,DEN,4065670,22
401468712,DEN,4431767,3
401468712,DEN,4592492,22
401468712,DEN,4065653,0
401468712,DEN,3442,0
401468712,DEN,4305,0
401468712,DEN,3059262,0
401468712,MIN,2993874,31
401468712,MIN,4431671,25
401468712,MIN,3032976,27
401468712,MIN,4278541,31
401468712,MIN,4594268,36
401468712,MIN,3908336,21
401468712,MIN,4067325,22
401468712,MIN,4277951,14
401468712,MIN,6617,32
401468712,MIN,4592187,0
401468712,MIN,4687718,0
401468712,MIN,4396971,0
401468712,MIN,2994526,0
401468713,ATL,3908845,40
401468713,ATL,4065732,38
401468713,ATL,4431680,38
401468713,ATL,3907497,51
401468713,ATL,4277905,44
401468713,ATL,2284101,5
401468713,ATL,4432585,15
401468713,ATL,4701230,0
401468713,ATL,3037789,43
401468713,ATL,3922230,16
401468713,ATL,2579294,0
401468713,ATL,4065656,0
401468713,ATL,4578893,0
401468713,GS,6589,45
401468713,GS,3155535,32
401468713,GS,6475,46
401468713,GS,3934673,44
401468713,GS,4277956,45
401468713,GS,4066790,33
401468713,GS,4065733,22
401468713,GS,4432171,12
401468713,GS,4433246,11
401468713,GS,4432808,0
401468713,GS,4591725,0
401468714,DET,3593,25
401468714,DET,4432810,28
401468714,DET,4433621,22
401468714,DET,4397136,27
401468714,DET,4433218,27
401468714,DET,4277848,8
401468714,DET,4278075,12
401468714,DET,2991280,6
401468714,DET,6446,21
401468714,DET,6429,24
401468714,DET,2488826,18
401468714,DET,4080610,21
401468714,DET,4683024,0
401468714,POR,2991070,28
401468714,POR,3102530,14
401468714,POR,6606,29
401468714,POR,3062679,28
401468714,POR,4351851,33
401468714,POR,4432161,6
401468714,POR,3914285,29
401468714,POR,4431675,11
401468714,POR,4432446,20
401468714,POR,3134903,13
401468714,POR,4432192,9
401468714,POR,4914336,20
401468715,MIA,6430,32
401468715,MIA,3138160,14
401468715,MIA,4066261,37
401468715,MIA,3012,28
401468715,MIA,4395725,39
401468715,MIA,3157465,5
401468715,MIA,4593049,11
401468715,MIA,2527963,30
401468715,MIA,3137259,19
401468715,MIA,4065778,25
401468715,MIA,2184,0
401468715,MIA,4291678,0
401468715,LAC,4251,34
401468715,LAC,6462,30
401468715,LAC,4017837,34
401468715,LAC,6443,30
401468715,LAC,3907823,23
401468715,LAC,3416,23
401468715,LAC,4237,22
401468715,LAC,2595516,26
401468715,LAC,3913174,18
401468715,LAC,2490620,0
401468715,LAC,4397126,0
401468715,LAC,4066387,0
401468716,WSH,3134907,34
401468716,WSH,4278049,29
401468716,WSH,3102531,35
401468716,WSH,3059310,30
401468716,WSH,6580,13
401468716,WSH,2581184,1
401468716,WSH,4066648,25
401468716,WSH,4280151,23
401468716,WSH,4683021,28
401468716,WSH,4431669,1
401468716,WSH,6579,1
401468716,WSH,3064447,17
401468716,WSH,4278402,1
401468716,MIL,3032977,37
401468716,MIL,3448,28
401468716,MIL,2578239,32
401468716,MIL,3133635,23
401468716,MIL,3135045,29
401468716,MIL,2968436,18
401468716,MIL,3064482,28
401468716,MIL,4432179,16
401468716,MIL,3995,19
401468716,MIL,4397475,9
401468716,MIL,3439,0
401468716,MIL,3102533,0
401468716,MIL,4277883,0
401468716,MIL,4032,0
401468717,BOS,4065648,30
401468717,BOS,3213,22
401468717,BOS,2990992,26
401468717,BOS,3078576,22
401468717,BOS,3917376,25
401468717,BOS,3989,12
401468717,BOS,3078284,6
401468717,BOS,3138156,6
401468717,BOS,4065804,23
401468717,BOS,4066218,16
401468717,BOS,3064560,11
401468717,BOS,2566769,26
401468717,BOS,4066354,15
401468717,OKC,3133626,24
401468717,OKC,4397020,28
401468717,OKC,4397183,32
401468717,OKC,4593803,33
401468717,OKC,4871145,24
401468717,OKC,4423545,9
401468717,OKC,4432823,16
401468717,OKC,2490089,13
401468717,OKC,4395702,28
401468717,OKC,4432819,32
401468717,OKC,4278073,0
401468718,SAC,6578,37
401468718,SAC,3155942,39
401468718,SAC,4594327,37
401468718,SAC,4066259,38
401468718,SAC,4066372,32
401468718,SAC,2993370,9
401468718,SAC,3136196,9
401468718,SAC,4278521,7
401468718,SAC,4066262,15
401468718,SAC,4278053,18
401468718,SAC,3914283,0
401468718,SAC,2596107,0
401468718,SAC,4397424,0
401468718,SAC,2489716,0
401468718,SAC,3919454,0
401468718,UTAH,2489663,28
401468718,UTAH,4066336,36
401468718,UTAH,4278077,25
401468718,UTAH,3195,33
401468718,UTAH,2528426,35
401468718,UTAH,3005,13
401468718,UTAH,4433136,17
401468718,UTAH,3907822,31
401468718,UTAH,4278039,15
401468718,UTAH,4397018,7
401468718,UTAH,3899664,0
401468718,UTAH,4683025,0
401468718,UTAH,4396991,0
401468718,UTAH,4066299,0
401468719,MEM,3155526,25
401468719,MEM,4277961,24
401468719,MEM,2991235,27
401468719,MEM,4066320,26
401468719,MEM,4279888,27
401468719,MEM,4277964,21
401468719,MEM,4433137,7
401468719,MEM,4593041,19
401468719,MEM,4593125,20
401468719,MEM,3134932,19
401468719,MEM,3135046,15
401468719,MEM,4397227,4
401468719,MEM,4432646,7
401468719,CHA,4066731,27
401468719,CHA,4278078,34
401468719,CHA,2488653,23
401468719,CHA,3074752,29
401468719,CHA,4432816,35
401468719,CHA,4431699,5
401468719,CHA,4702233,9
401468719,CHA,3138161,21
401468719,CHA,4278076,5
401468719,CHA,4701232,20
401468719,CHA,4065697,23
401468719,CHA,4431712,5
401468719,CHA,4576086,5
401468720,PHX,3032978,19
401468720,PHX,4278129,37
401468720,PHX,2779,40
401468720,PHX,3147657,36
401468720,PHX,3914044,36
401468720,PHX,3059307,12
401468720,PHX,2528693,24
401468720,PHX,6427,9
401468720,PHX,3064230,9
401468720,PHX,4397235,2
401468720,PHX,2595209,16
401468720,PHX,3146557,0
401468720,PHX,4065663,0
401468720,CLE,4432822,19
401468720,CLE,4066328,33
401468720,CLE,4432158,32
401468720,CLE,2991043,38
401468720,CLE,3908809,36
401468720,CLE,3449,22
401468720,CLE,4066405,6
401468720,CLE,3893016,33
401468720,CLE,2968361,21
401468720,CLE,4432815,0
401468720,CLE,3447,0
401468721,OKC,4432823,12
401468721,OKC,4278073,35
401468721,OKC,4397020,30
401468721,OKC,4593803,28
401468721,OKC,4871145,31
401468721,OKC,4066317,12
401468721,OKC,2490089,20
401468721,OKC,3133626,20
401468721,OKC,4395702,20
401468721,OKC,4397183,11
401468721,OKC,4432819,21
401468721,OKC,4423545,0
401468721,ORL,4432573,36
401468721,ORL,4433623,28
401468721,ORL,4277847,30
401468721,ORL,2999547,27
401468721,ORL,4066636,25
401468721,ORL,4277919,18
401468721,ORL,6619,22
401468721,ORL,4432809,30
401468721,ORL,4590530,23
401468721,ORL,4566434,0
401468721,ORL,3918423,0
401468721,ORL,3150844,0
401468722,IND,3133628,38
401468722,IND,2990984,41
401468722,IND,4395712,41
401468722,IND,4396909,22
401468722,IND,4396993,40
401468722,IND,4397189,15
401468722,IND,4278031,13
401468722,IND,4592402,11
401468722,IND,2530530,13
401468722,IND,4683634,31
401468722,IND,3999,0
401468722,IND,4279815,0
401468722,IND,4348700,0
401468722,PHI,3033,25
401468722,PHI,6440,39
401468722,PHI,3992,43
401468722,PHI,4066436,37
401468722,PHI,4431678,37
401468722,PHI,2990969,17
401468722,PHI,2991055,28
401468722,PHI,3915195,19
401468722,PHI,3907498,21
401468722,PHI,4278562,0
401468722,PHI,2991155,0
401468722,PHI,3929325,0
401468722,PHI,4432164,0
401468723,SA,4395723,35
401468723,SA,4610139,30
401468723,SA,3134908,26
401468723,SA,4397008,13
401468723,SA,4395626,26
401468723,SA,2528588,23
401468723,SA,4066650,21
401468723,SA,4565201,23
401468723,SA,3134881,14
401468723,SA,2581190,29
401468723,SA,4066392,0
401468723,SA,2534781,0
401468723,NY,3064514,41
401468723,NY,4351852,13
401468723,NY,3934672,40
401468723,NY,4395724,46
401468723,NY,4397014,37
401468723,NY,4222252,19
401468723,NY,4277922,22
401468723,NY,6588,11
401468723,NY,4431823,10
401468723,NY,4278355,0
401468723,NY,4395627,0
401468723,NY,3456,0
401468723,NY,2991047,0
401468723,NY,3133602,0
401468724,MIL,3032977,40
401468724,MIL,3448,38
401468724,MIL,2578239,40
401468724,MIL,3133635,23
401468724,MIL,3135045,32
401468724,MIL,3064482,33
401468724,MIL,3102533,1
401468724,MIL,4278580,10
401468724,MIL,4432179,22
401468724,MIL,4277883,14
401468724,MIL,4397475,13
401468724,MIL,3439,0
401468724,MIL,4032,0
401468724,TOR,3149673,40
401468724,TOR,3934719,46
401468724,TOR,4433134,35
401468724,TOR,2991230,47
401468724,TOR,4277843,45
401468724,TOR,4017839,5
401468724,TOR,3948153,22
401468724,TOR,4431679,12
401468724,TOR,4066668,12
401468724,TOR,3244,0
401468724,TOR,2578240,0
401468724,TOR,4431778,0
401468724,TOR,4066786,0
401468725,BKN,3202,38
401468725,BKN,2583632,35
401468725,BKN,4278067,33
401468725,BKN,6442,38
401468725,BKN,3907387,26
401468725,BKN,2528794,19
401468725,BKN,2982334,14
401468725,BKN,3133838,6
401468725,BKN,3136485,4
401468725,BKN,2326307,27
401468725,BKN,6461,0
401468725,BKN,4004,0
401468725,BKN,4432174,0
401468725,CHI,4431687,38
401468725,CHI,6478,36
401468725,CHI,3978,35
401468725,CHI,3064440,36
401468725,CHI,4397002,34
401468725,CHI,3936099,13
401468725,CHI,3423,17
401468725,CHI,2991350,3
401468725,CHI,4395651,28
401468725,CHI,6585,0
401468725,CHI,3056245,0
401468725,CHI,4433159,0
401468726,POR,2991070,32
401468726,POR,3102530,25
401468726,POR,6606,41
401468726,POR,3062679,33
401468726,POR,4351851,30
401468726,POR,3914285,20
401468726,POR,4432446,16
401468726,POR,4432192,15
401468726,POR,4914336,28
401468726,POR,4432161,0
401468726,POR,4431675,0
401468726,POR,4871140,0
401468726,MIN,2993874,30
401468726,MIN,4431671,28
401468726,MIN,3032976,35
401468726,MIN,3136776,26
401468726,MIN,4594268,36
401468726,MIN,2990962,21
401468726,MIN,4277951,13
401468726,MIN,6617,27
401468726,MIN,4278541,25
401468726,MIN,3908336,0
401468726,MIN,4067325,0
401468726,MIN,4592187,0
401468726,MIN,4687718,0
401468726,MIN,4396971,0
401468727,HOU,4432639,31
401468727,HOU,4871144,22
401468727,HOU,3431,29
401468727,HOU,4397140,31
401468727,HOU,4437244,32
401468727,HOU,4871143,10
401468727,HOU,4277952,8
401468727,HOU,4431828,25
401468727,HOU,4433192,15
401468727,HOU,4376,4
401468727,HOU,4432168,5
401468727,HOU,4432176,5
401468727,HOU,3913180,10
401468727,HOU,4683749,13
401468727,NO,4277813,31
401468727,NO,4278594,33
401468727,NO,4397688,29
401468727,NO,6477,32
401468727,NO,2490149,35
401468727,NO,2999409,16
401468727,NO,4397077,16
401468727,NO,3133601,13
401468727,NO,4277869,21
401468727,NO,4869342,15
401468727,NO,4431811,0
401468727,NO,4023,0
401468727,NO,4395698,0
401468728,DET,3593,33
401468728,DET,4432810,31
401468728,DET,4433621,32
401468728,DET,4433218,27
401468728,DET,4683024,35
401468728,DET,6429,31
401468728,DET,2488826,5
401468728,DET,4080610,18
401468728,DET,4397136,29
401468728,DET,4278075,0
401468728,DET,2991280,0
401468728,DET,6446,0
401468728,GS,6589,30
401468728,GS,3155535,28
401468728,GS,6475,34
401468728,GS,3934673,34
401468728,GS,4277956,34
401468728,GS,4066790,28
401468728,GS,4065733,27
401468728,GS,4432171,15
401468728,GS,4433246,11
401468728,GS,4432808,0
401468728,GS,4591725,0
401468729,MIA,6430,34
401468729,MIA,3138160,21
401468729,MIA,4066261,38
401468729,MIA,3012,31
401468729,MIA,4395725,35
401468729,MIA,2580913,7
401468729,MIA,4593049,4
401468729,MIA,2527963,32
401468729,MIA,3137259,17
401468729,MIA,4065778,23
401468729,MIA,2184,0
401468729,MIA,4291678,0
401468729,LAL,4401416,23
401468729,LAL,3934723,28
401468729,LAL,3964,26
401468729,LAL,3032979,40
401468729,LAL,4066457,32
401468729,LAL,4066264,20
401468729,LAL,4278508,14
401468729,LAL,3468,36
401468729,LAL,3056247,15
401468729,LAL,4432582,7
401468729,LAL,3064559,0
401468729,LAL,4277890,0
401468730,ATL,3908845,41
401468730,ATL,4065732,36
401468730,ATL,4431680,32
401468730,ATL,3907497,35
401468730,ATL,4277905,32
401468730,ATL,2579294,2
401468730,ATL,4432585,17
401468730,ATL,4701230,4
401468730,ATL,3037789,32
401468730,ATL,3922230,9
401468730,ATL,2284101,0
401468730,ATL,4578893,0
401468730,SAC,6578,37
401468730,SAC,3155942,40
401468730,SAC,4594327,26
401468730,SAC,4066259,37
401468730,SAC,4066372,34
401468730,SAC,2993370,5
401468730,SAC,3136196,14
401468730,SAC,3919454,4
401468730,SAC,4066262,19
401468730,SAC,4278053,24
401468730,SAC,3914283,0
401468730,SAC,4278521,0
401468730,SAC,2596107,0
401468730,SAC,2489716,0
401468731,MEM,3155526,32
401468731,MEM,4277961,32
401468731,MEM,2991235,30
401468731,MEM,3134932,24
401468731,MEM,4279888,36
401468731,MEM,4277964,18
401468731,MEM,4433137,14
401468731,MEM,4593041,17
401468731,MEM,4593125,13
401468731,MEM,3135046,25
401468731,MEM,4397227,0
401468731,MEM,4432646,0
401468731,ORL,4432573,36
401468731,ORL,4566434,38
401468731,ORL,4277847,30
401468731,ORL,2999547,22
401468731,ORL,4066636,31
401468731,ORL,4433623,12
401468731,ORL,3918423,18
401468731,ORL,4277919,8
401468731,ORL,6619,18
401468731,ORL,4432165,5
401468731,ORL,4432809,22
401468731,ORL,3150844,0
401468732,BOS,4065648,35
401468732,BOS,3213,24
401468732,BOS,2990992,34
401468732,BOS,3078576,21
401468732,BOS,3917376,30
401468732,BOS,3989,3
401468732,BOS,3138156,3
401468732,BOS,4065804,11
401468732,BOS,4066218,28
401468732,BOS,3064560,4
401468732,BOS,4066211,21
401468732,BOS,2566769,25
401468732,BOS,4066354,3
401468732,DAL,3058254,29
401468732,DAL,2528779,37
401468732,DAL,2580782,40
401468732,DAL,2528210,37
401468732,DAL,3945274,31
401468732,DAL,2531367,17
401468732,DAL,6426,8
401468732,DAL,3452,4
401468732,DAL,6479,2
401468732,DAL,4230547,6
401468732,DAL,4278507,7
401468732,DAL,3138154,4
401468732,DAL,4067017,4
401468732,DAL,4868423,15
401468733,UTAH,2489663,21
401468733,UTAH,4066336,36
401468733,UTAH,4278077,31
401468733,UTAH,3195,32
401468733,UTAH,2528426,32
401468733,UTAH,3005,16
401468733,UTAH,4396991,16
401468733,UTAH,4433136,17
401468733,UTAH,3907822,20
401468733,UTAH,4397018,18
401468733,UTAH,3899664,0
401468733,UTAH,4066299,0
401468733,UTAH,4278039,0
401468733,HOU,4432639,20
401468733,HOU,4871144,32
401468733,HOU,3431,31
401468733,HOU,4397140,37
401468733,HOU,4437244,38
401468733,HOU,4871143,16
401468733,HOU,3136777,19
401468733,HOU,4431828,23
401468733,HOU,4433192,20
401468733,HOU,3913180,4
401468733,HOU,4277952,0
401468733,HOU,4376,0
401468733,HOU,4432168,0
401468733,HOU,4432176,0
401468733,HOU,4683749,0
401468734,LAC,4251,14
401468734,LAC,6450,18
401468734,LAC,6462,15
401468734,LAC,4017837,16
401468734,LAC,6443,18
401468734,LAC,2490620,23
401468734,LAC,4397126,19
401468734,LAC,2595516,20
401468734,LAC,3907823,24
401468734,LAC,3913174,24
401468734,LAC,4066387,20
401468734,LAC,4397916,15
401468734,LAC,4432162,15
401468734,DEN,3064290,21
401468734,DEN,4278104,22
401468734,DEN,3112335,24
401468734,DEN,2581018,29
401468734,DEN,3936299,21
401468734,DEN,4431690,24
401468734,DEN,4230557,27
401468734,DEN,4305,9
401468734,DEN,3059262,9
401468734,DEN,4065670,22
401468734,DEN,4431767,12
401468734,DEN,4592492,20
401468734,DEN,3442,0
401468735,POR,2991070,37
401468735,POR,3102530,33
401468735,POR,6606,36
401468735,POR,3062679,36
401468735,POR,4351851,41
401468735,POR,3914285,15
401468735,POR,4432446,15
401468735,POR,4432192,8
401468735,POR,4914336,19
401468735,POR,4432161,0
401468735,POR,4431675,0
401468735,POR,4432588,0
401468735,IND,3133628,28
401468735,IND,2990984,31
401468735,IND,4395712,36
401468735,IND,4396909,26
401468735,IND,4396993,33
401468735,IND,4432170,14
401468735,IND,4278031,20
401468735,IND,4348700,5
401468735,IND,4592402,10
401468735,IND,2530530,17
401468735,IND,4683634,21
401468735,IND,3999,0
401468735,IND,4279815,0
401468736,CHI,4431687,35
401468736,CHI,6478,36
401468736,CHI,3978,37
401468736,CHI,3064440,38
401468736,CHI,4397002,32
401468736,CHI,3936099,16
401468736,CHI,6585,8
401468736,CHI,3423,11
401468736,CHI,4395651,25
401468736,CHI,3056245,0
401468736,CHI,4433159,0
401468736,PHI,3033,20
401468736,PHI,6440,38
401468736,PHI,3992,34
401468736,PHI,4066436,26
401468736,PHI,4431678,37
401468736,PHI,2990969,20
401468736,PHI,4278562,7
401468736,PHI,2991055,23
401468736,PHI,3915195,23
401468736,PHI,3907498,12
401468736,PHI,2991155,0
401468736,PHI,3929325,0
401468737,NY,3064514,40
401468737,NY,4351852,35
401468737,NY,3934672,38
401468737,NY,4395724,37
401468737,NY,4397014,36
401468737,NY,4222252,16
401468737,NY,4277922,4
401468737,NY,6588,12
401468737,NY,4431823,21
401468737,NY,4278355,0
401468737,NY,4395627,0
401468737,NY,3456,0
401468737,NY,2991047,0
401468737,NY,3133602,0
401468737,TOR,3149673,40
401468737,TOR,3934719,40
401468737,TOR,4433134,36
401468737,TOR,2991230,41
401468737,TOR,4277843,42
401468737,TOR,3244,4
401468737,TOR,3948153,16
401468737,TOR,4431679,5
401468737,TOR,4431778,13
401468737,TOR,4066668,3
401468737,TOR,4066786,2
401468737,TOR,4017839,0
401468737,TOR,2578240,0
401468741,BKN,3202,38
401468741,BKN,2583632,36
401468741,BKN,4278067,31
401468741,BKN,6442,38
401468741,BKN,3907387,34
401468741,BKN,2528794,14
401468741,BKN,2982334,24
401468741,BKN,3133838,9
401468741,BKN,2326307,16
401468741,BKN,6461,0
401468741,BKN,4004,0
401468741,BKN,3136485,0
401468741,BKN,4432174,0
401468741,NO,4277813,26
401468741,NO,4278594,33
401468741,NO,4397688,31
401468741,NO,6477,26
401468741,NO,2490149,37
401468741,NO,2580365,21
401468741,NO,4397077,13
401468741,NO,3133601,12
401468741,NO,4277869,32
401468741,NO,4869342,10
401468741,NO,2999409,0
401468741,NO,4431811,0
401468741,NO,4023,0
401468741,NO,4395698,0
401468738,CHA,4066731,32
401468738,CHA,4278078,28
401468738,CHA,2488653,31
401468738,CHA,3074752,34
401468738,CHA,4432816,36
401468738,CHA,4702233,17
401468738,CHA,3138161,22
401468738,CHA,4278076,2
401468738,CHA,4701232,14
401468738,CHA,4065697,20
401468738,CHA,4576086,2
401468738,MIL,3032977,22
401468738,MIL,3448,19
401468738,MIL,3995,19
401468738,MIL,2578239,16
401468738,MIL,3135045,21
401468738,MIL,2968436,19
401468738,MIL,3064482,23
401468738,MIL,3102533,9
401468738,MIL,4432179,23
401468738,MIL,4277883,12
401468738,MIL,3438,12
401468738,MIL,4032,9
401468738,MIL,3133635,16
401468738,MIL,4397475,18
401468738,MIL,3439,0
401468739,WSH,3134907,37
401468739,WSH,4278049,25
401468739,WSH,4280151,27
401468739,WSH,3102531,25
401468739,WSH,3059310,26
401468739,WSH,2581184,3
401468739,WSH,4066648,19
401468739,WSH,4683021,17
401468739,WSH,4431669,3
401468739,WSH,6579,17
401468739,WSH,3064447,19
401468739,WSH,4278402,22
401468739,WSH,3986,0
401468739,OKC,2490089,24
401468739,OKC,4278073,33
401468739,OKC,4397020,23
401468739,OKC,4593803,34
401468739,OKC,4871145,37
401468739,OKC,4066317,2
401468739,OKC,4066410,15
401468739,OKC,3133626,24
401468739,OKC,4395702,24
401468739,OKC,4397183,1
401468739,OKC,4432819,24
401468739,OKC,4423545,0
401468740,DET,3593,32
401468740,DET,4432810,30
401468740,DET,4433621,27
401468740,DET,4433218,33
401468740,DET,4683024,36
401468740,DET,6446,12
401468740,DET,6429,21
401468740,DET,2488826,7
401468740,DET,4080610,17
401468740,DET,4397136,26
401468740,DET,4278075,0
401468740,DET,2991280,0
401468740,SA,4395723,13
401468740,SA,4610139,27
401468740,SA,3134908,32
401468740,SA,4397008,29
401468740,SA,4395626,32
401468740,SA,4066392,7
401468740,SA,2528588,21
401468740,SA,4066650,16
401468740,SA,4565201,26
401468740,SA,3134881,17
401468740,SA,2581190,20
401468740,SA,3136779,0
401468742,LAC,6462,25
401468742,LAC,4017837,21
401468742,LAC,6443,18
401468742,LAC,3907823,24
401468742,LAC,3913174,21
401468742,LAC,2490620,25
401468742,LAC,4397126,27
401468742,LAC,4237,26
401468742,LAC,2595516,25
401468742,LAC,4066387,19
401468742,LAC,4397916,5
401468742,LAC,4432162,5
401468742,MIN,2993874,31
401468742,MIN,4431671,33
401468742,MIN,3032976,36
401468742,MIN,3136776,33
401468742,MIN,4594268,23
401468742,MIN,2990962,26
401468742,MIN,3908336,3
401468742,MIN,4067325,3
401468742,MIN,4592187,2
401468742,MIN,4687718,1
401468742,MIN,4277951,3
401468742,MIN,4396971,9
401468742,MIN,6617,21
401468742,MIN,4278541,18
401468742,MIN,2994526,0
401468743,CLE,4432822,17
401468743,CLE,4066328,36
401468743,CLE,4432158,34
401468743,CLE,2991043,33
401468743,CLE,4396907,33
401468743,CLE,3449,24
401468743,CLE,4066405,14
401468743,CLE,3893016,28
401468743,CLE,3447,1
401468743,CLE,2968361,20
401468743,CLE,3908809,0
401468743,DEN,3064290,30
401468743,DEN,4278104,33
401468743,DEN,3112335,35
401468743,DEN,2581018,30
401468743,DEN,3936299,32
401468743,DEN,4431690,7
401468743,DEN,4230557,18
401468743,DEN,3442,6
401468743,DEN,4305,1
401468743,DEN,3059262,1
401468743,DEN,4065670,28
401468743,DEN,4431767,1
401468743,DEN,4592492,17
401468744,MIA,6430,33
401468744,MIA,4291678,27
401468744,MIA,4066261,38
401468744,MIA,3012,33
401468744,MIA,4065778,38
401468744,MIA,2580913,10
401468744,MIA,2527963,34
401468744,MIA,3137259,27
401468744,MIA,2184,0
401468744,MIA,4593049,0
401468744,MIA,4395725,0
401468744,PHX,2528693,35
401468744,PHX,4278129,36
401468744,PHX,2779,12
401468744,PHX,3147657,39
401468744,PHX,3914044,33
401468744,PHX,3059307,18
401468744,PHX,3146557,12
401468744,PHX,4397235,25
401468744,PHX,2595209,24
401468744,PHX,4065663,6
401468744,PHX,3032978,0
401468744,PHX,6427,0
401468745,ATL,3908845,37
401468745,ATL,4065732,37
401468745,ATL,4431680,28
401468745,ATL,3907497,35
401468745,ATL,4277905,34
401468745,ATL,2579294,2
401468745,ATL,4432585,15
401468745,ATL,4701230,5
401468745,ATL,3037789,29
401468745,ATL,3922230,14
401468745,ATL,4578893,2
401468745,ATL,2284101,0
401468745,LAL,1966,33
401468745,LAL,4401416,21
401468745,LAL,3934723,28
401468745,LAL,3964,24
401468745,LAL,3032979,35
401468745,LAL,4066264,19
401468745,LAL,4397134,1
401468745,LAL,3057187,3
401468745,LAL,3468,31
401468745,LAL,3056247,27
401468745,LAL,4431785,1
401468745,LAL,4432582,16
401468745,LAL,3064559,0
401468746,BOS,4065648,36
401468746,BOS,3213,32
401468746,BOS,2990992,22
401468746,BOS,3078576,32
401468746,BOS,3917376,39
401468746,BOS,4065804,12
401468746,BOS,4066218,18
401468746,BOS,4066211,22
401468746,BOS,2566769,28
401468746,BOS,3989,0
401468746,BOS,3138156,0
401468746,BOS,3064560,0
401468746,BOS,4066354,0
401468746,SA,4066650,34
401468746,SA,4610139,27
401468746,SA,3136779,22
401468746,SA,4397008,31
401468746,SA,4395626,30
401468746,SA,4066392,1
401468746,SA,2528588,20
401468746,SA,4565201,20
401468746,SA,3134881,12
401468746,SA,4397886,14
401468746,SA,2581190,29
401468746,SA,4683935,0
401468747,UTAH,2489663,30
401468747,UTAH,4066336,36
401468747,UTAH,4278077,26
401468747,UTAH,3195,28
401468747,UTAH,2528426,31
401468747,UTAH,3005,18
401468747,UTAH,4396991,20
401468747,UTAH,4433136,13
401468747,UTAH,3907822,16
401468747,UTAH,4397018,21
401468747,UTAH,3899664,0
401468747,UTAH,4066299,0
401468747,UTAH,4278039,0
401468747,CHI,4431687,34
401468747,CHI,6478,34
401468747,CHI,3978,40
401468747,CHI,3064440,35
401468747,CHI,4397002,27
401468747,CHI,3936099,17
401468747,CHI,6585,12
401468747,CHI,3423,13
401468747,CHI,4395651,29
401468747,CHI,3056245,0
401468747,CHI,4433159,0
401468748,NO,4277813,34
401468748,NO,4278594,38
401468748,NO,4397688,25
401468748,NO,6477,30
401468748,NO,4277869,27
401468748,NO,2999409,16
401468748,NO,4397077,13
401468748,NO,3133601,16
401468748,NO,4023,9
401468748,NO,4395698,13
401468748,NO,4869342,21
401468748,NO,4431811,0
401468748,DAL,2531367,15
401468748,DAL,3058254,24
401468748,DAL,2580782,32
401468748,DAL,2528210,31
401468748,DAL,3945274,39
401468748,DAL,6426,13
401468748,DAL,2528779,26
401468748,DAL,3452,15
401468748,DAL,4230547,11
401468748,DAL,4278507,11
401468748,DAL,3138154,2
401468748,DAL,4067017,1
401468748,DAL,4868423,21
401468749,ORL,4432573,31
401468749,ORL,4566434,35
401468749,ORL,4277847,31
401468749,ORL,2999547,24
401468749,ORL,4066636,31
401468749,ORL,4433623,2
401468749,ORL,3150844,17
401468749,ORL,6619,23
401468749,ORL,4432165,16
401468749,ORL,4432809,30
401468749,ORL,4277919,0
401468749,GS,6589,33
401468749,GS,3059319,19
401468749,GS,3155535,26
401468749,GS,3934673,35
401468749,GS,4277956,38
401468749,GS,2386,12
401468749,GS,4066790,33
401468749,GS,4065733,18
401468749,GS,4432171,9
401468749,GS,4433246,15
401468749,GS,4591725,2
401468749,GS,6475,0
401468750,LAL,1966,38
401468750,LAL,4401416,18
401468750,LAL,3934723,34
401468750,LAL,3964,26
401468750,LAL,3032979,38
401468750,LAL,4066264,13
401468750,LAL,3057187,2
401468750,LAL,3468,34
401468750,LAL,3056247,14
401468750,LAL,4432582,24
401468750,LAL,4397134,0
401468750,LAL,3064559,0
401468750,LAL,4431785,0
401468750,SAC,6578,36
401468750,SAC,3155942,36
401468750,SAC,4594327,29
401468750,SAC,4066259,38
401468750,SAC,4066372,40
401468750,SAC,2993370,11
401468750,SAC,3136196,13
401468750,SAC,4278521,8
401468750,SAC,2489716,0
401468750,SAC,3919454,10
401468750,SAC,4278053,18
401468750,SAC,3914283,0
401468750,SAC,2596107,0
401468750,SAC,4397424,0
401468750,SAC,4702177,0
401468751,PHI,6440,27
401468751,PHI,2991055,24
401468751,PHI,3992,28
401468751,PHI,4066436,23
401468751,PHI,4431678,33
401468751,PHI,2990969,20
401468751,PHI,4278562,24
401468751,PHI,2991155,6
401468751,PHI,3915195,25
401468751,PHI,3929325,7
401468751,PHI,3907498,23
401468751,DET,3593,36
401468751,DET,4432810,35
401468751,DET,4397136,29
401468751,DET,4433218,28
401468751,DET,4683024,34
401468751,DET,4278075,16
401468751,DET,2991280,13
401468751,DET,6429,22
401468751,DET,4080610,27
401468751,DET,4433621,0
401468751,DET,6446,0
401468751,DET,2488826,0
401468752,POR,2991070,40
401468752,POR,3102530,38
401468752,POR,6606,41
401468752,POR,3062679,39
401468752,POR,4351851,42
401468752,POR,3914285,9
401468752,POR,4431675,3
401468752,POR,4432446,10
401468752,POR,4432192,4
401468752,POR,4914336,14
401468752,POR,4432161,0
401468752,POR,4432588,0
401468752,TOR,3149673,38
401468752,TOR,3934719,34
401468752,TOR,4433134,29
401468752,TOR,2991230,35
401468752,TOR,4277843,36
401468752,TOR,4017839,12
401468752,TOR,3244,9
401468752,TOR,3948153,10
401468752,TOR,4431679,11
401468752,TOR,4431778,13
401468752,TOR,4066668,13
401468752,TOR,4397033,0
401468752,TOR,2578240,0
401468752,TOR,4066786,0
401468753,CHA,4066731,34
401468753,CHA,4278078,36
401468753,CHA,2488653,32
401468753,CHA,3074752,36
401468753,CHA,4432816,25
401468753,CHA,4702233,12
401468753,CHA,3138161,26
401468753,CHA,4701232,16
401468753,CHA,4065697,23
401468753,CHA,4278076,0
401468753,CHA,4576086,0
401468753,IND,3133628,34
401468753,IND,2990984,31
401468753,IND,4395712,32
401468753,IND,4396909,31
401468753,IND,4396993,35
401468753,IND,4397189,14
401468753,IND,4278031,23
401468753,IND,4592402,4
401468753,IND,2530530,9
401468753,IND,4683634,26
401468753,IND,3999,0
401468753,IND,4279815,0
401468753,IND,4432170,0
401468753,IND,4348700,0
401468754,BKN,3202,30
401468754,BKN,2583632,35
401468754,BKN,4278067,31
401468754,BKN,6442,40
401468754,BKN,3907387,30
401468754,BKN,2528794,13
401468754,BKN,2982334,18
401468754,BKN,3133838,19
401468754,BKN,2326307,24
401468754,BKN,6461,0
401468754,BKN,4004,0
401468754,BKN,3136485,0
401468754,BKN,4432174,0
401468754,MIA,6430,34
401468754,MIA,4291678,18
401468754,MIA,4066261,28
401468754,MIA,3012,31
401468754,MIA,4395725,38
401468754,MIA,4593049,20
401468754,MIA,2527963,27
401468754,MIA,3137259,18
401468754,MIA,4065778,27
401468754,MIA,2184,0
401468754,MIA,4278572,0
401468754,MIA,2580913,0
401468755,UTAH,2489663,29
401468755,UTAH,4066336,29
401468755,UTAH,4278077,24
401468755,UTAH,3195,28
401468755,UTAH,2528426,28
401468755,UTAH,3005,13
401468755,UTAH,4433136,23
401468755,UTAH,3907822,27
401468755,UTAH,4278039,17
401468755,UTAH,4397018,21
401468755,UTAH,3899664,0
401468755,UTAH,4683025,0
401468755,UTAH,4066299,0
401468755,MEM,3155526,32
401468755,MEM,4277961,29
401468755,MEM,4277964,33
401468755,MEM,3135046,34
401468755,MEM,4066320,31
401468755,MEM,4433137,18
401468755,MEM,4593041,17
401468755,MEM,4593125,17
401468755,MEM,3134932,16
401468755,MEM,4432646,14
401468755,MEM,4397227,0
401468756,MIN,2993874,34
401468756,MIN,4431671,31
401468756,MIN,3032976,38
401468756,MIN,3136776,33
401468756,MIN,4594268,37
401468756,MIN,2990962,27
401468756,MIN,4396971,10
401468756,MIN,6617,19
401468756,MIN,4278541,11
401468756,MIN,3908336,0
401468756,MIN,4067325,0
401468756,MIN,4592187,0
401468756,MIN,4687718,0
401468756,MIN,4277951,0
401468756,MIN,2994526,0
401468756,HOU,4432639,32
401468756,HOU,4871144,35
401468756,HOU,3431,29
401468756,HOU,4397140,38
401468756,HOU,4437244,33
401468756,HOU,4871143,9
401468756,HOU,3136777,18
401468756,HOU,4431828,22
401468756,HOU,4433192,16
401468756,HOU,3913180,8
401468756,HOU,4277952,0
401468756,HOU,4376,0
401468756,HOU,4432168,0
401468756,HOU,4432176,0
401468757,DAL,2531367,25
401468757,DAL,3058254,39
401468757,DAL,2528779,33
401468757,DAL,2580782,36
401468757,DAL,2528210,34
401468757,DAL,6426,12
401468757,DAL,3452,5
401468757,DAL,4230547,12
401468757,DAL,4278507,9
401468757,DAL,3138154,7
401468757,DAL,4067017,2
401468757,DAL,4868423,27
401468757,OKC,3133626,25
401468757,OKC,4278073,36
401468757,OKC,4397020,30
401468757,OKC,4593803,25
401468757,OKC,4871145,26
401468757,OKC,4066317,21
401468757,OKC,4066410,19
401468757,OKC,2490089,11
401468757,OKC,4395702,17
401468757,OKC,4397183,16
401468757,OKC,4432819,14
401468757,OKC,4423545,0
401468757,OKC,4432823,0
401468758,CLE,4432822,23
401468758,CLE,4066328,29
401468758,CLE,4432158,34
401468758,CLE,3908809,30
401468758,CLE,4396907,35
401468758,CLE,3449,18
401468758,CLE,3947156,3
401468758,CLE,4066405,15
401468758,CLE,3893016,14
401468758,CLE,2968361,11
401468758,CLE,2991043,28
401468758,CLE,3447,0
401468758,PHX,3032978,26
401468758,PHX,2528693,24
401468758,PHX,4278129,30
401468758,PHX,3147657,38
401468758,PHX,3914044,33
401468758,PHX,3059307,11
401468758,PHX,3146557,18
401468758,PHX,4397235,25
401468758,PHX,2595209,26
401468758,PHX,4065663,9
401468758,PHX,6427,0
401468759,ATL,3908845,31
401468759,ATL,4065732,35
401468759,ATL,4431680,35
401468759,ATL,3907497,37
401468759,ATL,4277905,35
401468759,ATL,2579294,11
401468759,ATL,4432585,11
401468759,ATL,4701230,15
401468759,ATL,3037789,26
401468759,ATL,3922230,4
401468759,ATL,2284101,0
401468759,ATL,4578893,0
401468759,LAC,3416,29
401468759,LAC,6450,38
401468759,LAC,6462,30
401468759,LAC,4017837,38
401468759,LAC,3907823,35
401468759,LAC,4397126,10
401468759,LAC,4237,22
401468759,LAC,6443,8
401468759,LAC,2595516,31
401468759,LAC,2490620,0
401468759,LAC,4066387,0
401468759,LAC,4397916,0
401468759,LAC,4432162,0
401468760,NO,4277813,13
401468760,NO,4278594,34
401468760,NO,4397688,23
401468760,NO,6477,28
401468760,NO,2490149,31
401468760,NO,2580365,26
401468760,NO,4397077,18
401468760,NO,3133601,18
401468760,NO,4431811,3
401468760,NO,4023,3
401468760,NO,4277869,24
401468760,NO,4395698,3
401468760,NO,4869342,19
401468760,NO,2999409,0
401468760,WSH,3134907,23
401468760,WSH,4278049,23
401468760,WSH,4280151,34
401468760,WSH,3102531,34
401468760,WSH,3059310,27
401468760,WSH,3986,11
401468760,WSH,2581184,5
401468760,WSH,4066648,27
401468760,WSH,4683021,22
401468760,WSH,3064447,17
401468760,WSH,4278402,17
401468760,WSH,6579,0
401468761,CHI,4431687,29
401468761,CHI,6478,34
401468761,CHI,3978,23
401468761,CHI,3064440,42
401468761,CHI,4397002,28
401468761,CHI,3936099,14
401468761,CHI,6585,14
401468761,CHI,3423,16
401468761,CHI,2991350,20
401468761,CHI,4395651,20
401468761,CHI,3056245,0
401468761,CHI,4433159,0
401468761,BOS,4065648,38
401468761,BOS,3213,33
401468761,BOS,4066211,23
401468761,BOS,3078576,30
401468761,BOS,3917376,39
401468761,BOS,4065804,12
401468761,BOS,4066218,37
401468761,BOS,3064560,3
401468761,BOS,2566769,22
401468761,BOS,4066354,4
401468761,BOS,3989,0
401468761,BOS,3138156,0
401468762,MIL,3032977,36
401468762,MIL,3448,33
401468762,MIL,3995,34
401468762,MIL,2578239,31
401468762,MIL,3135045,29
401468762,MIL,2968436,28
401468762,MIL,3064482,19
401468762,MIL,4432179,11
401468762,MIL,3133635,19
401468762,MIL,3102533,0
401468762,MIL,4278580,0
401468762,MIL,4277883,0
401468762,MIL,3438,0
401468762,MIL,4032,0
401468762,MIL,4397475,0
401468762,NY,3064514,40
401468762,NY,4351852,37
401468762,NY,3934672,39
401468762,NY,4395724,43
401468762,NY,4397014,34
401468762,NY,4278355,8
401468762,NY,4222252,10
401468762,NY,6588,15
401468762,NY,4431823,14
401468762,NY,4395627,0
401468762,NY,4277922,0
401468762,NY,3456,0
401468762,NY,2991047,0
401468762,NY,3133602,0
401468763,SA,4610139,30
401468763,SA,3136779,17
401468763,SA,3134908,26
401468763,SA,4397008,28
401468763,SA,4395626,30
401468763,SA,2528588,24
401468763,SA,4066650,16
401468763,SA,4565201,25
401468763,SA,3134881,19
401468763,SA,2581190,25
401468763,SA,4066392,0
401468763,SA,2534781,0
401468763,SA,4683935,0
401468763,MEM,3155526,32
401468763,MEM,4277961,30
401468763,MEM,2991235,28
401468763,MEM,3135046,35
401468763,MEM,4066320,29
401468763,MEM,4277964,17
401468763,MEM,4433137,23
401468763,MEM,4593125,18
401468763,MEM,3134932,15
401468763,MEM,4432646,13
401468763,MEM,4592691,0
401468763,MEM,4593041,0
401468764,LAL,4401416,18
401468764,LAL,3934723,28
401468764,LAL,3964,12
401468764,LAL,3032979,34
401468764,LAL,4432582,26
401468764,LAL,4066264,19
401468764,LAL,4397134,26
401468764,LAL,3057187,18
401468764,LAL,3064559,2
401468764,LAL,3468,31
401468764,LAL,3056247,24
401468764,LAL,4431785,2
401468764,DEN,3064290,22
401468764,DEN,4278104,26
401468764,DEN,3112335,35
401468764,DEN,2581018,31
401468764,DEN,3936299,36
401468764,DEN,4431690,13
401468764,DEN,4230557,26
401468764,DEN,4305,2
401468764,DEN,3059262,2
401468764,DEN,4065670,27
401468764,DEN,4431767,2
401468764,DEN,4592492,20
401468764,DEN,3442,0
401468765,ORL,4432573,32
401468765,ORL,4566434,29
401468765,ORL,4277847,27
401468765,ORL,2999547,24
401468765,ORL,4066636,28
401468765,ORL,4433623,7
401468765,ORL,3150844,18
401468765,ORL,4277919,10
401468765,ORL,6619,13
401468765,ORL,4432165,24
401468765,ORL,4432809,29
401468765,SAC,6578,30
401468765,SAC,3155942,32
401468765,SAC,4594327,26
401468765,SAC,4066259,29
401468765,SAC,4066372,22
401468765,SAC,3914283,14
401468765,SAC,2993370,2
401468765,SAC,3136196,16
401468765,SAC,4278521,11
401468765,SAC,2489716,5
401468765,SAC,3919454,6
401468765,SAC,3923250,5
401468765,SAC,4066262,26
401468765,SAC,4278053,16
401468765,SAC,2596107,0
401468767,DET,4278075,33
401468767,DET,2991280,21
401468767,DET,4397136,34
401468767,DET,4433218,24
401468767,DET,4683024,25
401468767,DET,6446,22
401468767,DET,6429,21
401468767,DET,2488826,24
401468767,DET,4080610,25
401468767,DET,4397119,12
401468767,DET,4277957,0
401468767,DET,4432810,0
401468767,PHI,3033,21
401468767,PHI,6440,27
401468767,PHI,3059318,24
401468767,PHI,3992,26
401468767,PHI,4431678,23
401468767,PHI,2990969,11
401468767,PHI,4278562,10
401468767,PHI,2991155,11
401468767,PHI,2991055,14
401468767,PHI,3915195,24
401468767,PHI,3929325,12
401468767,PHI,3907498,10
401468767,PHI,4066436,18
401468767,PHI,4432164,9
401468766,OKC,4066410,16
401468766,OKC,4278073,39
401468766,OKC,4397020,32
401468766,OKC,4593803,32
401468766,OKC,4871145,32
401468766,OKC,4066317,13
401468766,OKC,2490089,16
401468766,OKC,3133626,24
401468766,OKC,4395702,16
401468766,OKC,4397183,13
401468766,OKC,4432819,8
401468766,OKC,4423545,0
401468766,OKC,4432823,0
401468766,MIA,6430,38
401468766,MIA,4291678,24
401468766,MIA,4593049,24
401468766,MIA,3137259,39
401468766,MIA,4065778,42
401468766,MIA,4278572,33
401468766,MIA,2580913,5
401468766,MIA,2527963,34
401468766,MIA,2184,0
401468766,MIA,4066261,0
401468766,MIA,4395725,0
401468768,CHA,4066731,29
401468768,CHA,4278078,32
401468768,CHA,2488653,33
401468768,CHA,3074752,35
401468768,CHA,4432816,38
401468768,CHA,4702233,12
401468768,CHA,3138161,22
401468768,CHA,4701232,15
401468768,CHA,4065697,24
401468768,CHA,4431699,0
401468768,CHA,4278076,0
401468768,CHA,4576086,0
401468768,TOR,3149673,36
401468768,TOR,3934719,31
401468768,TOR,4433134,31
401468768,TOR,2991230,33
401468768,TOR,4277843,31
401468768,TOR,4017839,11
401468768,TOR,3948153,15
401468768,TOR,4431679,14
401468768,TOR,4431778,21
401468768,TOR,4066668,18
401468768,TOR,3244,0
401468768,TOR,4397033,0
401468768,TOR,2578240,0
401468768,TOR,4066786,0
401468769,CLE,4432822,18
401468769,CLE,4066328,7
401468769,CLE,4432158,37
401468769,CLE,3908809,36
401468769,CLE,4396907,38
401468769,CLE,3449,18
401468769,CLE,4066405,25
401468769,CLE,3893016,11
401468769,CLE,2968361,13
401468769,CLE,2991043,37
401468769,CLE,3947156,0
401468769,CLE,3447,0
401468769,UTAH,4066336,39
401468769,UTAH,4433136,30
401468769,UTAH,3907822,34
401468769,UTAH,3195,33
401468769,UTAH,2528426,34
401468769,UTAH,3899664,5
401468769,UTAH,4278077,17
401468769,UTAH,3005,7
401468769,UTAH,4278039,22
401468769,UTAH,4397018,18
401468769,UTAH,4066399,0
401468769,UTAH,4432817,0
401468770,PHX,3032978,30
401468770,PHX,2528693,33
401468770,PHX,6427,17
401468770,PHX,4397235,27
401468770,PHX,3147657,41
401468770,PHX,3059307,14
401468770,PHX,3146557,23
401468770,PHX,2595209,31
401468770,PHX,4065663,24
401468770,PHX,4278129,0
401468770,PHX,3914044,0
401468770,GS,6589,34
401468770,GS,3059319,29
401468770,GS,3155535,21
401468770,GS,3975,31
401468770,GS,6475,35
401468770,GS,2386,13
401468770,GS,4066790,17
401468770,GS,3934673,18
401468770,GS,4065733,9
401468770,GS,4277956,34
401468770,GS,4432171,0
401468770,GS,4433246,0
401468771,ORL,4432573,38
401468771,ORL,4566434,34
401468771,ORL,4277847,31
401468771,ORL,2999547,30
401468771,ORL,4066636,37
401468771,ORL,4433623,3
401468771,ORL,3150844,17
401468771,ORL,6619,15
401468771,ORL,4432165,11
401468771,ORL,4432809,25
401468771,ORL,3918423,0
401468771,ORL,4277919,0
401468771,ORL,4397102,0
401468771,POR,2991070,41
401468771,POR,3102530,34
401468771,POR,6606,39
401468771,POR,3062679,33
401468771,POR,4351851,43
401468771,POR,3914285,14
401468771,POR,4432446,7
401468771,POR,3134903,15
401468771,POR,4432192,0
401468771,POR,4914336,15
401468771,POR,4432161,0
401468771,POR,4431675,0
401468772,DAL,2531367,8
401468772,DAL,3058254,35
401468772,DAL,2580782,40
401468772,DAL,2528210,39
401468772,DAL,3945274,43
401468772,DAL,6426,17
401468772,DAL,2528779,24
401468772,DAL,3452,3
401468772,DAL,4230547,12
401468772,DAL,4278507,1
401468772,DAL,3138154,1
401468772,DAL,4067017,1
401468772,DAL,4868423,17
401468772,LAC,3416,32
401468772,LAC,6450,36
401468772,LAC,6462,33
401468772,LAC,4017837,16
401468772,LAC,3907823,41
401468772,LAC,2490620,31
401468772,LAC,4397126,5
401468772,LAC,4237,15
401468772,LAC,2595516,31
401468772,LAC,4066387,1
401468772,LAC,6443,0
401468772,LAC,4397916,0
401468772,LAC,4432162,0
401468773,MIN,4431671,29
401468773,MIN,3032976,32
401468773,MIN,6617,29
401468773,MIN,3136776,37
401468773,MIN,4594268,24
401468773,MIN,2990962,27
401468773,MIN,3908336,10
401468773,MIN,4067325,9
401468773,MIN,4396971,13
401468773,MIN,2994526,12
401468773,MIN,4278541,17
401468773,MIN,2993874,0
401468773,MIN,4277951,0
401468773,DET,3593,32
401468773,DET,2991280,21
401468773,DET,4397136,38
401468773,DET,4433218,40
401468773,DET,4683024,34
401468773,DET,4277957,18
401468773,DET,4278075,10
401468773,DET,6429,20
401468773,DET,4080610,26
401468773,DET,4433621,0
401468773,DET,6446,0
401468773,DET,2488826,0
401468774,CHI,4431687,33
401468774,CHI,6478,39
401468774,CHI,2991350,28
401468774,CHI,3064440,41
401468774,CHI,4397002,29
401468774,CHI,3936099,18
401468774,CHI,6585,8
401468774,CHI,3423,15
401468774,CHI,4395651,29
401468774,CHI,3056245,0
401468774,CHI,4433159,0
401468774,WSH,3986,25
401468774,WSH,3134907,38
401468774,WSH,4280151,25
401468774,WSH,4683021,35
401468774,WSH,3059310,29
401468774,WSH,2581184,23
401468774,WSH,4066648,20
401468774,WSH,6579,8
401468774,WSH,3064447,25
401468774,WSH,4278402,14
401468774,WSH,4715198,0
401468774,WSH,4397016,0
401468775,MIL,3032977,35
401468775,MIL,3448,32
401468775,MIL,3995,34
401468775,MIL,2578239,29
401468775,MIL,3135045,13
401468775,MIL,2968436,22
401468775,MIL,3064482,25
401468775,MIL,4432179,21
401468775,MIL,3133635,22
401468775,MIL,4397475,6
401468775,MIL,3102533,0
401468775,MIL,4277883,0
401468775,MIL,3438,0
401468775,MIL,4032,0
401468775,ATL,3908845,33
401468775,ATL,4065732,37
401468775,ATL,4431680,33
401468775,ATL,3907497,38
401468775,ATL,3922230,14
401468775,ATL,2579294,14
401468775,ATL,4432585,16
401468775,ATL,4701230,15
401468775,ATL,3037789,40
401468775,ATL,4257,0
401468775,ATL,2284101,0
401468775,ATL,4065656,0
401468775,ATL,4578893,0
401468776,NO,4278594,37
401468776,NO,4397688,34
401468776,NO,6477,23
401468776,NO,2490149,34
401468776,NO,4869342,25
401468776,NO,2580365,20
401468776,NO,4397077,18
401468776,NO,3133601,21
401468776,NO,4431811,3
401468776,NO,4277869,22
401468776,NO,4395698,3
401468776,NO,2999409,0
401468776,NO,4023,0
401468776,BOS,4065648,36
401468776,BOS,4066218,38
401468776,BOS,3213,31
401468776,BOS,3078576,30
401468776,BOS,3917376,35
401468776,BOS,3138156,3
401468776,BOS,4065804,8
401468776,BOS,3064560,17
401468776,BOS,2566769,26
401468776,BOS,4066354,18
401468776,BOS,3989,0
401468777,IND,3999,13
401468777,IND,4397189,25
401468777,IND,2990984,32
401468777,IND,4395712,34
401468777,IND,4396993,27
401468777,IND,4279815,4
401468777,IND,4432170,19
401468777,IND,4348700,15
401468777,IND,4592402,17
401468777,IND,2530530,26
401468777,IND,4683634,28
401468777,IND,4278031,0
401468777,IND,3133628,0
401468777,NY,3064514,39
401468777,NY,4395625,41
401468777,NY,4351852,38
401468777,NY,3934672,42
401468777,NY,4397014,30
401468777,NY,4278355,9
401468777,NY,4222252,9
401468777,NY,4395724,26
401468777,NY,4431823,6
401468777,NY,4395627,0
401468777,NY,4277922,0
401468777,NY,3456,0
401468777,NY,6588,0
401468777,NY,2991047,0
401468777,NY,3133602,0
401468778,SA,4395723,35
401468778,SA,4610139,29
401468778,SA,3134908,26
401468778,SA,4397008,18
401468778,SA,4395626,30
401468778,SA,2528588,24
401468778,SA,4066650,22
401468778,SA,4565201,18
401468778,SA,3134881,14
401468778,SA,2581190,23
401468778,SA,4066392,0
401468778,SA,3136779,0
401468778,SA,2534781,0
401468778,SA,4683935,0
401468778,MEM,3155526,26
401468778,MEM,4277961,27
401468778,MEM,2991235,33
401468778,MEM,4066320,30
401468778,MEM,4279888,32
401468778,MEM,4277964,14
401468778,MEM,4433137,26
401468778,MEM,4593125,23
401468778,MEM,3134932,12
401468778,MEM,3135046,18
401468778,MEM,4593041,0
401468778,MEM,4432646,0
401468779,PHX,3032978,26
401468779,PHX,2528693,23
401468779,PHX,6427,16
401468779,PHX,4397235,24
401468779,PHX,3147657,30
401468779,PHX,3059307,22
401468779,PHX,3146557,24
401468779,PHX,2595209,26
401468779,PHX,4065663,34
401468779,PHX,4278124,15
401468779,PHX,4278129,0
401468779,PHX,3914044,0
401468779,DEN,3064290,24
401468779,DEN,4278104,23
401468779,DEN,3112335,28
401468779,DEN,2581018,27
401468779,DEN,3936299,25
401468779,DEN,4065653,5
401468779,DEN,4431690,20
401468779,DEN,4230557,19
401468779,DEN,4305,6
401468779,DEN,3059262,6
401468779,DEN,4065670,25
401468779,DEN,4431767,9
401468779,DEN,4592492,24
401468779,DEN,3442,0
401468780,HOU,4432639,28
401468780,HOU,4871144,28
401468780,HOU,3431,28
401468780,HOU,4397140,10
401468780,HOU,4437244,39
401468780,HOU,4871143,6
401468780,HOU,3136777,19
401468780,HOU,4277952,14
401468780,HOU,4431828,27
401468780,HOU,4433192,19
401468780,HOU,4432168,2
401468780,HOU,4432176,2
401468780,HOU,3913180,18
401468780,HOU,4376,0
401468780,SAC,6578,33
401468780,SAC,3155942,38
401468780,SAC,4594327,34
401468780,SAC,3919454,23
401468780,SAC,4066259,32
401468780,SAC,3914283,8
401468780,SAC,2993370,2
401468780,SAC,3136196,21
401468780,SAC,4278521,9
401468780,SAC,2489716,2
401468780,SAC,3923250,2
401468780,SAC,4066262,21
401468780,SAC,4278053,14
401468780,SAC,4702177,2
401468780,SAC,2596107,0
401468781,OKC,4432823,18
401468781,OKC,4278073,35
401468781,OKC,4397020,38
401468781,OKC,4593803,27
401468781,OKC,4871145,36
401468781,OKC,4066317,5
401468781,OKC,4423545,14
401468781,OKC,2490089,16
401468781,OKC,3133626,17
401468781,OKC,4395702,16
401468781,OKC,4432819,18
401468781,OKC,4066410,0
401468781,OKC,4397183,0
401468781,PHI,3033,21
401468781,PHI,6440,33
401468781,PHI,3059318,28
401468781,PHI,3992,36
401468781,PHI,4431678,33
401468781,PHI,2990969,16
401468781,PHI,4278562,13
401468781,PHI,2991155,2
401468781,PHI,2991055,7
401468781,PHI,3915195,15
401468781,PHI,3929325,2
401468781,PHI,3907498,11
401468781,PHI,4066436,23
401468782,BOS,4065648,38
401468782,BOS,4066218,43
401468782,BOS,4066211,29
401468782,BOS,2990992,36
401468782,BOS,3078576,37
401468782,BOS,4065804,5
401468782,BOS,3064560,17
401468782,BOS,2566769,20
401468782,BOS,4066354,15
401468782,BOS,3989,0
401468782,BOS,3138156,0
401468782,BKN,2583632,38
401468782,BKN,2528794,29
401468782,BKN,4278067,32
401468782,BKN,6442,38
401468782,BKN,3907387,26
401468782,BKN,2982334,28
401468782,BKN,3133838,21
401468782,BKN,3136485,2
401468782,BKN,2326307,25
401468782,BKN,6461,0
401468782,BKN,4397693,0
401468782,BKN,4432194,0
401468782,BKN,4004,0
401468782,BKN,4432174,0
401468783,MIL,3064482,32
401468783,MIL,4432179,18
401468783,MIL,3448,32
401468783,MIL,3995,33
401468783,MIL,2578239,31
401468783,MIL,4278580,17
401468783,MIL,4277883,28
401468783,MIL,3133635,31
401468783,MIL,4397475,19
401468783,MIL,3102533,0
401468783,MIL,3438,0
401468783,MIL,4032,0
401468783,MIA,6430,33
401468783,MIA,4291678,23
401468783,MIA,4066261,34
401468783,MIA,3137259,41
401468783,MIA,4065778,41
401468783,MIA,4278572,21
401468783,MIA,4593049,14
401468783,MIA,2527963,33
401468783,MIA,2184,0
401468783,MIA,2580913,0
401468783,MIA,4395725,0
401468784,CHA,4066731,28
401468784,CHA,4278078,35
401468784,CHA,2488653,35
401468784,CHA,3074752,38
401468784,CHA,4432816,40
401468784,CHA,4702233,9
401468784,CHA,3138161,22
401468784,CHA,4278076,13
401468784,CHA,4065697,20
401468784,CHA,4576086,0
401468784,CHA,4431699,0
401468784,CHA,4701232,0
401468784,TOR,3149673,38
401468784,TOR,3934719,38
401468784,TOR,4433134,34
401468784,TOR,2991230,35
401468784,TOR,4277843,36
401468784,TOR,4017839,12
401468784,TOR,3948153,10
401468784,TOR,4431679,18
401468784,TOR,4431778,6
401468784,TOR,4066668,14
401468784,TOR,3244,0
401468784,TOR,4397033,0
401468784,TOR,2578240,0
401468784,TOR,4066786,0
401468785,DAL,3058254,47
401468785,DAL,2528779,47
401468785,DAL,2580782,51
401468785,DAL,2528210,48
401468785,DAL,3945274,53
401468785,DAL,2531367,18
401468785,DAL,6426,7
401468785,DAL,4230547,12
401468785,DAL,4868423,6
401468785,DAL,3452,0
401468785,DAL,4278507,0
401468785,DAL,3138154,0
401468785,DAL,4067017,0
401468785,LAL,1966,47
401468785,LAL,4401416,18
401468785,LAL,3934723,24
401468785,LAL,3032979,38
401468785,LAL,4432582,29
401468785,LAL,4066264,33
401468785,LAL,4278508,38
401468785,LAL,4397134,3
401468785,LAL,3057187,2
401468785,LAL,3468,40
401468785,LAL,3056247,19
401468785,LAL,3064559,0
401468785,LAL,4431785,0
401468786,CLE,4432822,29
401468786,CLE,4066328,39
401468786,CLE,4432158,25
401468786,CLE,3908809,36
401468786,CLE,4396907,33
401468786,CLE,3449,15
401468786,CLE,4066405,14
401468786,CLE,3893016,8
401468786,CLE,4011,10
401468786,CLE,2991043,31
401468786,CLE,3447,0
401468786,CLE,2968361,0
401468786,POR,2991070,36
401468786,POR,3102530,32
401468786,POR,6606,40
401468786,POR,3062679,34
401468786,POR,4351851,32
401468786,POR,3914285,16
401468786,POR,4432446,8
401468786,POR,3134903,21
401468786,POR,4914336,21
401468786,POR,4432161,0
401468786,POR,4431675,0
401468786,POR,4432192,0
401468787,NO,4278594,35
401468787,NO,4397688,35
401468787,NO,6477,30
401468787,NO,2490149,37
401468787,NO,4869342,25
401468787,NO,2580365,18
401468787,NO,4397077,17
401468787,NO,3133601,14
401468787,NO,4277869,30
401468787,NO,2999409,0
401468787,NO,4431811,0
401468787,NO,4023,0
401468787,NO,4395698,0
401468787,DET,3593,36
401468787,DET,2991280,19
401468787,DET,4397136,31
401468787,DET,4433218,34
401468787,DET,4683024,30
401468787,DET,4277957,21
401468787,DET,4278075,17
401468787,DET,6429,19
401468787,DET,2488826,5
401468787,DET,4080610,27
401468787,DET,4432810,0
401468787,DET,4433621,0
401468788,ATL,3908845,27
401468788,ATL,4065732,34
401468788,ATL,4431680,39
401468788,ATL,3907497,36
401468788,ATL,4277905,37
401468788,ATL,4432585,14
401468788,ATL,4701230,14
401468788,ATL,3037789,27
401468788,ATL,3922230,11
401468788,ATL,4257,0
401468788,ATL,2284101,0
401468788,ATL,2579294,0
401468788,ATL,4065656,0
401468788,ATL,4578893,0
401468788,IND,4432170,28
401468788,IND,4592402,26
401468788,IND,2990984,38
401468788,IND,4395712,34
401468788,IND,4683634,39
401468788,IND,4397189,20
401468788,IND,4278031,31
401468788,IND,2530530,24
401468788,IND,3999,0
401468788,IND,4279815,0
401468788,IND,4348700,0
401468788,IND,4409222,0
401468789,NY,3064514,36
401468789,NY,4395625,32
401468789,NY,4351852,28
401468789,NY,3934672,40
401468789,NY,4397014,33
401468789,NY,4278355,12
401468789,NY,4222252,19
401468789,NY,4395724,32
401468789,NY,4431823,8
401468789,NY,4395627,0
401468789,NY,4277922,0
401468789,NY,3456,0
401468789,NY,6588,0
401468789,NY,2991047,0
401468789,NY,3133602,0
401468789,WSH,3134907,40
401468789,WSH,4278049,17
401468789,WSH,4280151,36
401468789,WSH,3102531,35
401468789,WSH,4278402,26
401468789,WSH,3986,11
401468789,WSH,4066648,25
401468789,WSH,4683021,26
401468789,WSH,3064447,25
401468789,WSH,2581184,0
401468789,WSH,6579,0
401468789,WSH,4397016,0
401468790,GS,6589,29
401468790,GS,3059319,27
401468790,GS,3155535,21
401468790,GS,3975,23
401468790,GS,6475,23
401468790,GS,2386,18
401468790,GS,4066790,24
401468790,GS,3934673,25
401468790,GS,4277956,31
401468790,GS,4432171,18
401468790,GS,4432808,0
401468790,SA,4395723,31
401468790,SA,4610139,24
401468790,SA,3134908,26
401468790,SA,4397008,18
401468790,SA,4395626,30
401468790,SA,4066392,10
401468790,SA,2528588,22
401468790,SA,4066650,12
401468790,SA,4565201,22
401468790,SA,3134881,10
401468790,SA,3136779,7
401468790,SA,2581190,21
401468790,SA,4683935,7
401468790,SA,2534781,0
401468791,OKC,2490089,24
401468791,OKC,4278073,33
401468791,OKC,4397020,25
401468791,OKC,4593803,34
401468791,OKC,4871145,32
401468791,OKC,4066317,15
401468791,OKC,4423545,22
401468791,OKC,3133626,24
401468791,OKC,4397183,16
401468791,OKC,4432819,16
401468791,OKC,4432823,0
401468791,OKC,4395702,0
401468791,CHI,4431687,27
401468791,CHI,6478,39
401468791,CHI,2991350,33
401468791,CHI,3064440,37
401468791,CHI,4397002,23
401468791,CHI,3936099,30
401468791,CHI,3423,17
401468791,CHI,4395651,33
401468791,CHI,4433159,1
401468791,CHI,6585,0
401468791,CHI,3056245,0
401468792,PHX,3032978,18
401468792,PHX,2528693,32
401468792,PHX,4278129,31
401468792,PHX,4397235,24
401468792,PHX,3147657,40
401468792,PHX,3059307,14
401468792,PHX,6427,6
401468792,PHX,3146557,10
401468792,PHX,2595209,31
401468792,PHX,4065663,20
401468792,PHX,4278124,13
401468792,MIN,2993874,32
401468792,MIN,4431671,36
401468792,MIN,3032976,32
401468792,MIN,3136776,34
401468792,MIN,4594268,37
401468792,MIN,2990962,19
401468792,MIN,4396971,15
401468792,MIN,6617,21
401468792,MIN,4278541,13
401468792,MIN,3908336,0
401468792,MIN,4067325,0
401468792,MIN,4592187,0
401468792,MIN,4277951,0
401468792,MIN,2994526,0
401468793,ORL,4432573,31
401468793,ORL,4566434,35
401468793,ORL,4277847,30
401468793,ORL,2999547,12
401468793,ORL,4066636,29
401468793,ORL,3150844,18
401468793,ORL,4277919,12
401468793,ORL,4397102,18
401468793,ORL,6619,23
401468793,ORL,4432165,14
401468793,ORL,4432809,19
401468793,ORL,4433623,0
401468793,UTAH,4066336,36
401468793,UTAH,4433136,27
401468793,UTAH,3907822,28
401468793,UTAH,2528426,35
401468793,UTAH,4278039,15
401468793,UTAH,4278077,21
401468793,UTAH,3005,12
401468793,UTAH,4396991,16
401468793,UTAH,4277811,24
401468793,UTAH,4397018,26
401468793,UTAH,3899664,0
401468793,UTAH,4683025,0
401468794,DEN,3064290,32
401468794,DEN,4278104,32
401468794,DEN,3442,26
401468794,DEN,2581018,31
401468794,DEN,3936299,39
401468794,DEN,4431690,19
401468794,DEN,4230557,16
401468794,DEN,4065670,25
401468794,DEN,4592492,20
401468794,DEN,4065653,0
401468794,DEN,4305,0
401468794,DEN,3059262,0
401468794,DEN,4431767,0
401468794,LAC,3416,27
401468794,LAC,6450,38
401468794,LAC,6462,30
401468794,LAC,4017837,28
401468794,LAC,3907823,33
401468794,LAC,2490620,16
401468794,LAC,4397126,11
401468794,LAC,4237,29
401468794,LAC,2595516,29
401468794,LAC,6443,0
401468794,LAC,4066387,0
401468795,HOU,4431828,34
401468795,HOU,4432639,34
401468795,HOU,4871144,28
401468795,HOU,3431,27
401468795,HOU,4437244,33
401468795,HOU,4871143,16
401468795,HOU,3136777,19
401468795,HOU,4433192,13
401468795,HOU,4376,4
401468795,HOU,4432168,18
401468795,HOU,4432176,4
401468795,HOU,3913180,9
401468795,HOU,4277952,0
401468795,SAC,6578,36
401468795,SAC,3155942,37
401468795,SAC,4594327,20
401468795,SAC,3919454,31
401468795,SAC,4066259,33
401468795,SAC,3914283,7
401468795,SAC,2993370,4
401468795,SAC,3136196,30
401468795,SAC,4278521,11
401468795,SAC,2489716,4
401468795,SAC,3923250,0
401468795,SAC,4066262,15
401468795,SAC,4278053,11
401468795,SAC,4702177,0
401468795,SAC,2596107,0
401468796,MIL,3064482,27
401468796,MIL,3448,33
401468796,MIL,3995,35
401468796,MIL,2578239,31
401468796,MIL,3135045,27
401468796,MIL,2968436,25
401468796,MIL,3102533,3
401468796,MIL,4278580,7
401468796,MIL,4432179,10
401468796,MIL,3133635,24
401468796,MIL,4397475,17
401468796,MIL,4277883,0
401468796,MIL,3438,0
401468796,MIL,4032,0
401468796,MIA,6430,27
401468796,MIA,4291678,26
401468796,MIA,4066261,31
401468796,MIA,3137259,40
401468796,MIA,4065778,42
401468796,MIA,4278572,22
401468796,MIA,4593049,17
401468796,MIA,2527963,36
401468796,MIA,2184,0
401468796,MIA,3138160,0
401468796,MIA,2580913,0
401468797,BOS,4065648,37
401468797,BOS,3213,33
401468797,BOS,4066211,28
401468797,BOS,2990992,36
401468797,BOS,3078576,4
401468797,BOS,3138156,4
401468797,BOS,4065804,5
401468797,BOS,4066218,23
401468797,BOS,3064560,11
401468797,BOS,2566769,31
401468797,BOS,4066354,27
401468797,BOS,4576085,2
401468797,BOS,3989,0
401468797,CHA,4066731,28
401468797,CHA,4278078,37
401468797,CHA,2488653,33
401468797,CHA,3074752,36
401468797,CHA,4432816,39
401468797,CHA,4431699,2
401468797,CHA,4702233,11
401468797,CHA,3138161,21
401468797,CHA,4278076,13
401468797,CHA,4701232,2
401468797,CHA,4065697,17
401468797,CHA,4576086,2
401468798,MEM,4277961,22
401468798,MEM,4433137,28
401468798,MEM,2991235,22
401468798,MEM,4066320,29
401468798,MEM,4279888,25
401468798,MEM,3906665,19
401468798,MEM,4277964,6
401468798,MEM,4592691,14
401468798,MEM,4593041,18
401468798,MEM,4593125,26
401468798,MEM,3135046,24
401468798,MEM,4432646,6
401468798,IND,4432170,26
401468798,IND,2990984,26
401468798,IND,4395712,24
401468798,IND,4396909,25
401468798,IND,4683634,24
401468798,IND,3999,8
401468798,IND,4279815,13
401468798,IND,4397189,12
401468798,IND,4278031,19
401468798,IND,4409222,10
401468798,IND,4592402,30
401468798,IND,2530530,24
401468798,IND,4348700,0
401468799,ATL,3908845,28
401468799,ATL,4065732,37
401468799,ATL,4431680,37
401468799,ATL,3907497,39
401468799,ATL,4277905,38
401468799,ATL,2579294,3
401468799,ATL,4432585,23
401468799,ATL,4701230,19
401468799,ATL,3922230,19
401468799,ATL,4257,0
401468799,ATL,2284101,0
401468799,ATL,3037789,0
401468799,ATL,4065656,0
401468799,ATL,4578893,0
401468799,TOR,3149673,34
401468799,TOR,3934719,35
401468799,TOR,4433134,37
401468799,TOR,2991230,26
401468799,TOR,4277843,20
401468799,TOR,4017839,16
401468799,TOR,3948153,18
401468799,TOR,4431679,28
401468799,TOR,4431778,7
401468799,TOR,4066668,19
401468799,TOR,3244,0
401468799,TOR,4397033,0
401468799,TOR,2578240,0
401468800,CLE,4432822,15
401468800,CLE,4066328,34
401468800,CLE,4432158,32
401468800,CLE,3908809,37
401468800,CLE,4396907,35
401468800,CLE,3449,20
401468800,CLE,4066405,8
401468800,CLE,3893016,16
401468800,CLE,4011,13
401468800,CLE,2991043,31
401468800,CLE,3447,0
401468800,CLE,2968361,0
401468800,MIN,2993874,28
401468800,MIN,4431671,28
401468800,MIN,3032976,13
401468800,MIN,3136776,21
401468800,MIN,4594268,35
401468800,MIN,2990962,26
401468800,MIN,4277951,10
401468800,MIN,4396971,28
401468800,MIN,6617,25
401468800,MIN,4278541,26
401468800,MIN,3908336,0
401468800,MIN,4067325,0
401468800,MIN,4592187,0
401468800,MIN,2994526,0
401468801,PHI,3033,23
401468801,PHI,3059318,36
401468801,PHI,3992,38
401468801,PHI,4066436,32
401468801,PHI,4431678,38
401468801,PHI,2990969,12
401468801,PHI,2991055,12
401468801,PHI,3915195,29
401468801,PHI,3907498,20
401468801,PHI,4278562,0
401468801,PHI,2991155,0
401468801,PHI,3929325,0
401468801,PHI,4432164,0
401468801,UTAH,4278077,25
401468801,UTAH,4433136,32
401468801,UTAH,3907822,32
401468801,UTAH,3195,29
401468801,UTAH,2528426,36
401468801,UTAH,3899664,8
401468801,UTAH,4396991,28
401468801,UTAH,4278039,29
401468801,UTAH,4397018,21
401468801,UTAH,4683025,0
401468801,UTAH,4066299,0
401468801,UTAH,4066399,0
401468802,DAL,2531367,24
401468802,DAL,2528779,29
401468802,DAL,2580782,33
401468802,DAL,2528210,32
401468802,DAL,3945274,36
401468802,DAL,6426,18
401468802,DAL,3452,8
401468802,DAL,4230547,23
401468802,DAL,4278507,7
401468802,DAL,3138154,13
401468802,DAL,4067017,7
401468802,DAL,4868423,10
401468802,POR,2991070,34
401468802,POR,3102530,23
401468802,POR,6606,29
401468802,POR,3062679,27
401468802,POR,4351851,29
401468802,POR,4432161,5
401468802,POR,3914285,20
401468802,POR,4431675,5
401468802,POR,4432446,14
401468802,POR,3134903,15
401468802,POR,4432192,6
401468802,POR,4914336,31
401468803,NY,3064514,40
401468803,NY,4395625,27
401468803,NY,4351852,34
401468803,NY,3934672,42
401468803,NY,4397014,37
401468803,NY,4278355,9
401468803,NY,4222252,12
401468803,NY,4395724,34
401468803,NY,4431823,5
401468803,NY,4395627,0
401468803,NY,4277922,0
401468803,NY,3456,0
401468803,NY,6588,0
401468803,NY,2991047,0
401468803,NY,3133602,0
401468803,DET,4277957,39
401468803,DET,4432810,29
401468803,DET,4397136,36
401468803,DET,4433218,37
401468803,DET,4683024,35
401468803,DET,4278075,19
401468803,DET,6429,21
401468803,DET,2488826,5
401468803,DET,4080610,19
401468803,DET,2991280,0
401468803,DET,4433621,0
401468803,DET,6446,0
401468804,HOU,4431828,33
401468804,HOU,4432639,30
401468804,HOU,4871144,30
401468804,HOU,4432176,36
401468804,HOU,3431,30
401468804,HOU,4871143,14
401468804,HOU,4433192,20
401468804,HOU,4376,2
401468804,HOU,4432168,18
401468804,HOU,3913180,15
401468804,HOU,4683749,12
401468804,HOU,4277952,0
401468804,LAC,3416,28
401468804,LAC,6450,32
401468804,LAC,4017837,30
401468804,LAC,3907823,41
401468804,LAC,4066387,18
401468804,LAC,2490620,23
401468804,LAC,4397126,14
401468804,LAC,6443,15
401468804,LAC,2595516,27
401468804,LAC,4397916,3
401468804,LAC,4432162,9
401468805,GS,6589,30
401468805,GS,3059319,29
401468805,GS,3155535,26
401468805,GS,3975,34
401468805,GS,6475,33
401468805,GS,4066790,23
401468805,GS,3934673,26
401468805,GS,4065733,4
401468805,GS,4277956,26
401468805,GS,4432171,6
401468805,GS,4433246,2
401468805,CHI,4431687,32
401468805,CHI,6478,39
401468805,CHI,2991350,31
401468805,CHI,3064440,40
401468805,CHI,4397002,40
401468805,CHI,3936099,22
401468805,CHI,3423,9
401468805,CHI,4395651,26
401468805,CHI,4433159,1
401468805,CHI,6585,0
401468805,CHI,4065673,0
401468805,CHI,4683622,0
401468805,CHI,3056245,0
401468805,CHI,4067735,0
401468806,OKC,4432823,12
401468806,OKC,4278073,36
401468806,OKC,4397020,36
401468806,OKC,4593803,35
401468806,OKC,4871145,37
401468806,OKC,4066317,10
401468806,OKC,4423545,18
401468806,OKC,3133626,23
401468806,OKC,4395702,19
401468806,OKC,4397183,9
401468806,OKC,4432819,7
401468806,OKC,2490089,0
401468806,BKN,2583632,33
401468806,BKN,2528794,27
401468806,BKN,4278067,33
401468806,BKN,3136485,12
401468806,BKN,6442,38
401468806,BKN,6461,6
401468806,BKN,2982334,22
401468806,BKN,3133838,21
401468806,BKN,4432194,6
401468806,BKN,4004,12
401468806,BKN,2326307,27
401468806,BKN,4397693,0
401468806,BKN,3907387,0
401468806,BKN,4432174,0
401468807,SAC,6578,39
401468807,SAC,3155942,35
401468807,SAC,4594327,28
401468807,SAC,4066259,37
401468807,SAC,4066372,23
401468807,SAC,3914283,13
401468807,SAC,3136196,22
401468807,SAC,4278521,4
401468807,SAC,3919454,5
401468807,SAC,4066262,15
401468807,SAC,4278053,20
401468807,SAC,2993370,0
401468807,SAC,2596107,0
401468807,SAC,2489716,0
401468807,SAC,3923250,0
401468807,SA,4395723,35
401468807,SA,4610139,33
401468807,SA,3134908,31
401468807,SA,4397008,17
401468807,SA,4395626,35
401468807,SA,4066650,16
401468807,SA,4565201,22
401468807,SA,3134881,12
401468807,SA,2534781,1
401468807,SA,2581190,30
401468807,SA,4683935,9
401468807,SA,4066392,0
401468807,SA,3136779,0
401468808,ORL,4432573,33
401468808,ORL,4566434,32
401468808,ORL,4277847,32
401468808,ORL,2999547,21
401468808,ORL,4066636,27
401468808,ORL,3150844,15
401468808,ORL,4277919,1
401468808,ORL,4397102,18
401468808,ORL,6619,23
401468808,ORL,4432165,13
401468808,ORL,4432809,24
401468808,ORL,4433623,0
401468808,DEN,3064290,32
401468808,DEN,4278104,28
401468808,DEN,3112335,35
401468808,DEN,2581018,35
401468808,DEN,3936299,38
401468808,DEN,4431690,16
401468808,DEN,3442,13
401468808,DEN,4065670,24
401468808,DEN,4431767,10
401468808,DEN,4592492,9
401468808,DEN,4065653,0
401468808,DEN,4305,0
401468808,DEN,3059262,0
401468809,DAL,2531367,17
401468809,DAL,3058254,36
401468809,DAL,2528779,35
401468809,DAL,2580782,35
401468809,DAL,4230547,23
401468809,DAL,6426,28
401468809,DAL,4278507,13
401468809,DAL,3138154,21
401468809,DAL,4067017,5
401468809,DAL,4868423,27
401468809,DAL,3452,0
401468809,POR,2991070,25
401468809,POR,3102530,20
401468809,POR,6606,37
401468809,POR,3062679,29
401468809,POR,4351851,33
401468809,POR,4432161,4
401468809,POR,3914285,18
401468809,POR,4431675,4
401468809,POR,4432446,13
401468809,POR,4395652,16
401468809,POR,3134903,16
401468809,POR,4432192,4
401468809,POR,4914336,20
401468810,PHI,3033,24
401468810,PHI,6440,31
401468810,PHI,3059318,36
401468810,PHI,3992,36
401468810,PHI,4066436,21
401468810,PHI,2990969,23
401468810,PHI,2991055,12
401468810,PHI,3915195,14
401468810,PHI,3907498,10
401468810,PHI,4431678,33
401468810,PHI,4278562,0
401468810,PHI,2991155,0
401468810,PHI,3929325,0
401468810,PHI,4432164,0
401468810,LAL,1966,35
401468810,LAL,4278508,37
401468810,LAL,4401416,22
401468810,LAL,3934723,20
401468810,LAL,3032979,31
401468810,LAL,4066264,26
401468810,LAL,3468,34
401468810,LAL,3056247,20
401468810,LAL,4432582,15
401468810,LAL,4397134,0
401468810,LAL,3057187,0
401468810,LAL,3064559,0
401468810,LAL,4431785,0
401468811,BOS,4065648,40
401468811,BOS,3213,31
401468811,BOS,4066211,27
401468811,BOS,2990992,31
401468811,BOS,3078576,30
401468811,BOS,4065804,8
401468811,BOS,4066218,21
401468811,BOS,3064560,11
401468811,BOS,2566769,27
401468811,BOS,4066354,13
401468811,BOS,3989,0
401468811,BOS,3138156,0
401468811,BOS,4576085,0
401468811,CHA,4066731,35
401468811,CHA,4278078,37
401468811,CHA,2488653,31
401468811,CHA,3074752,36
401468811,CHA,4432816,35
401468811,CHA,4702233,11
401468811,CHA,4701232,17
401468811,CHA,4065697,25
401468811,CHA,4576086,13
401468811,CHA,4431699,0
401468811,CHA,4278076,0
401468811,CHA,4431712,0
401468812,IND,3133628,36
401468812,IND,2990984,38
401468812,IND,4395712,33
401468812,IND,4396909,24
401468812,IND,4683634,28
401468812,IND,4397189,11
401468812,IND,4432170,1
401468812,IND,4278031,17
401468812,IND,4592402,20
401468812,IND,2530530,32
401468812,IND,3999,0
401468812,IND,4279815,0
401468812,IND,4348700,0
401468812,IND,4409222,0
401468812,MIL,3064482,34
401468812,MIL,3448,34
401468812,MIL,3995,37
401468812,MIL,2578239,28
401468812,MIL,3135045,32
401468812,MIL,4277883,23
401468812,MIL,3438,22
401468812,MIL,4032,6
401468812,MIL,3133635,11
401468812,MIL,4397475,12
401468812,MIL,3102533,0
401468812,MIL,4278580,0
401468812,MIL,4432179,0
401468813,NO,4278594,36
401468813,NO,4397688,33
401468813,NO,6477,35
401468813,NO,2490149,36
401468813,NO,4869342,29
401468813,NO,2580365,15
401468813,NO,4397077,9
401468813,NO,3133601,14
401468813,NO,4277869,34
401468813,NO,2999409,0
401468813,NO,4023,0
401468813,NO,4395698,0
401468813,CLE,4432822,29
401468813,CLE,4066328,37
401468813,CLE,4432158,40
401468813,CLE,3908809,22
401468813,CLE,4396907,40
401468813,CLE,3449,16
401468813,CLE,4066405,20
401468813,CLE,3893016,5
401468813,CLE,4011,17
401468813,CLE,2991043,15
401468813,CLE,3947156,0
401468813,CLE,3447,0
401468813,CLE,2968361,0
401468814,TOR,3149673,46
401468814,TOR,3934719,40
401468814,TOR,4433134,45
401468814,TOR,2991230,45
401468814,TOR,4277843,42
401468814,TOR,4017839,7
401468814,TOR,3948153,18
401468814,TOR,4431679,20
401468814,TOR,4066668,3
401468814,TOR,3244,0
401468814,TOR,4397033,0
401468814,TOR,2578240,0
401468814,TOR,4431778,0
401468814,TOR,4066786,0
401468814,NY,3064514,42
401468814,NY,4395625,49
401468814,NY,4351852,37
401468814,NY,3934672,43
401468814,NY,4397014,40
401468814,NY,4278355,11
401468814,NY,4222252,16
401468814,NY,4395724,21
401468814,NY,4431823,6
401468814,NY,4395627,0
401468814,NY,4277922,0
401468814,NY,3456,0
401468814,NY,6588,0
401468814,NY,2991047,0
401468814,NY,3133602,0
401468815,GS,6589,35
401468815,GS,3059319,32
401468815,GS,3155535,27
401468815,GS,3975,38
401468815,GS,4277956,37
401468815,GS,4066790,25
401468815,GS,3934673,27
401468815,GS,4065733,14
401468815,GS,4432171,5
401468815,GS,6475,0
401468815,GS,4433246,0
401468815,WSH,3134907,40
401468815,WSH,4278049,22
401468815,WSH,4280151,28
401468815,WSH,3102531,37
401468815,WSH,3059310,31
401468815,WSH,4066648,26
401468815,WSH,4683021,14
401468815,WSH,3064447,28
401468815,WSH,4278402,14
401468815,WSH,3986,0
401468815,WSH,2581184,0
401468815,WSH,6579,0
401468815,WSH,4432356,0
401468816,MIA,6430,34
401468816,MIA,3138160,26
401468816,MIA,4066261,36
401468816,MIA,3137259,26
401468816,MIA,4395725,31
401468816,MIA,4291678,13
401468816,MIA,4593049,12
401468816,MIA,2527963,34
401468816,MIA,4065778,28
401468816,MIA,2184,0
401468816,MIA,2580913,0
401468816,ATL,3908845,32
401468816,ATL,4065732,33
401468816,ATL,4431680,27
401468816,ATL,3907497,35
401468816,ATL,4277905,36
401468816,ATL,4432585,20
401468816,ATL,3102529,21
401468816,ATL,3037789,31
401468816,ATL,3922230,5
401468816,ATL,4257,0
401468816,ATL,2284101,0
401468816,ATL,2579294,0
401468816,ATL,4701230,0
401468816,ATL,4578893,0
401468817,UTAH,4278077,26
401468817,UTAH,4433136,31
401468817,UTAH,3907822,33
401468817,UTAH,3195,30
401468817,UTAH,2528426,33
401468817,UTAH,3005,10
401468817,UTAH,4396991,8
401468817,UTAH,4277811,26
401468817,UTAH,4278039,10
401468817,UTAH,4397018,31
401468817,UTAH,3899664,0
401468817,UTAH,4683025,0
401468817,UTAH,4066299,0
401468817,UTAH,4066399,0
401468817,MIN,2993874,34
401468817,MIN,4431671,21
401468817,MIN,3032976,5
401468817,MIN,3136776,31
401468817,MIN,4594268,36
401468817,MIN,2990962,22
401468817,MIN,4067325,9
401468817,MIN,4277951,11
401468817,MIN,4396971,22
401468817,MIN,6617,27
401468817,MIN,4278541,22
401468817,MIN,3908336,0
401468817,MIN,4592187,0
401468817,MIN,4687718,0
401468817,MIN,2994526,0
401468818,PHX,3032978,23
401468818,PHX,2528693,25
401468818,PHX,4278129,30
401468818,PHX,3147657,30
401468818,PHX,3914044,26
401468818,PHX,3059307,16
401468818,PHX,6427,12
401468818,PHX,3146557,14
401468818,PHX,2595209,26
401468818,PHX,4065663,9
401468818,PHX,4278124,28
401468818,PHX,4397235,0
401468818,MEM,3155526,24
401468818,MEM,4277961,26
401468818,MEM,2991235,24
401468818,MEM,4066320,27
401468818,MEM,4279888,27
401468818,MEM,3906665,18
401468818,MEM,4277964,6
401468818,MEM,4433137,17
401468818,MEM,4592691,4
401468818,MEM,4593041,18
401468818,MEM,4593125,22
401468818,MEM,3135046,22
401468818,MEM,4432646,5
401468819,HOU,4431828,30
401468819,HOU,4432639,28
401468819,HOU,4871144,37
401468819,HOU,3431,32
401468819,HOU,4437244,39
401468819,HOU,4871143,11
401468819,HOU,3136777,18
401468819,HOU,4433192,20
401468819,HOU,4432168,10
401468819,HOU,3913180,14
401468819,HOU,4277952,0
401468819,HOU,4376,0
401468819,HOU,4432176,0
401468819,HOU,4683749,0
401468819,LAL,1966,36
401468819,LAL,4278508,30
401468819,LAL,3934723,18
401468819,LAL,3964,22
401468819,LAL,3032979,33
401468819,LAL,4066264,24
401468819,LAL,4401416,16
401468819,LAL,3468,32
401468819,LAL,3056247,24
401468819,LAL,4432582,5
401468819,LAL,4397134,0
401468819,LAL,3064559,0
401468819,LAL,4431785,0
401468820,TOR,3149673,40
401468820,TOR,3934719,35
401468820,TOR,4433134,37
401468820,TOR,2991230,37
401468820,TOR,4277843,43
401468820,TOR,4017839,8
401468820,TOR,3948153,14
401468820,TOR,4431679,26
401468820,TOR,3244,0
401468820,TOR,4397033,0
401468820,TOR,2578240,0
401468820,TOR,4431778,0
401468820,TOR,4066668,0
401468820,TOR,4066786,0
401468820,TOR,4397251,0
401468820,MIL,3064482,35
401468820,MIL,3448,29
401468820,MIL,3995,35
401468820,MIL,2578239,30
401468820,MIL,3135045,33
401468820,MIL,2968436,31
401468820,MIL,4277883,19
401468820,MIL,3438,14
401468820,MIL,3133635,7
401468820,MIL,4397475,6
401468820,MIL,3102533,0
401468820,MIL,4278580,0
401468820,MIL,4432179,0
401468820,MIL,4032,0
401468821,BKN,2583632,21
401468821,BKN,2528794,17
401468821,BKN,4278067,28
401468821,BKN,2326307,31
401468821,BKN,3907387,34
401468821,BKN,6461,13
401468821,BKN,2982334,24
401468821,BKN,3133838,12
401468821,BKN,4432194,5
401468821,BKN,4004,6
401468821,BKN,3136485,18
401468821,BKN,4432174,30
401468821,SA,4395723,38
401468821,SA,4610139,26
401468821,SA,3134908,22
401468821,SA,4397008,17
401468821,SA,4395626,33
401468821,SA,2528588,21
401468821,SA,4066650,24
401468821,SA,4565201,20
401468821,SA,3134881,6
401468821,SA,3136779,7
401468821,SA,2581190,27
401468821,SA,4066392,0
401468821,SA,2534781,0
401468821,SA,4683935,0
401468822,POR,2991070,33
401468822,POR,3102530,29
401468822,POR,6606,34
401468822,POR,3062679,29
401468822,POR,4351851,37
401468822,POR,4432161,2
401468822,POR,3914285,16
401468822,POR,4431675,2
401468822,POR,4432446,6
401468822,POR,4395652,12
401468822,POR,3134903,18
401468822,POR,4432192,2
401468822,POR,4914336,18
401468822,DEN,3064290,32
401468822,DEN,4278104,31
401468822,DEN,3112335,34
401468822,DEN,2581018,32
401468822,DEN,3936299,30
401468822,DEN,4065653,2
401468822,DEN,4431690,14
401468822,DEN,4230557,16
401468822,DEN,3059262,2
401468822,DEN,4065670,29
401468822,DEN,4431767,2
401468822,DEN,4592492,16
401468822,DEN,3442,0
401468822,DEN,4305,0
401468823,PHI,3033,27
401468823,PHI,6440,35
401468823,PHI,3059318,33
401468823,PHI,3992,32
401468823,PHI,4066436,21
401468823,PHI,2990969,19
401468823,PHI,4278562,3
401468823,PHI,2991155,2
401468823,PHI,2991055,12
401468823,PHI,3915195,16
401468823,PHI,3929325,3
401468823,PHI,3907498,8
401468823,PHI,4431678,28
401468823,PHI,4432164,2
401468823,LAC,4251,29
401468823,LAC,6450,36
401468823,LAC,6462,27
401468823,LAC,4017837,35
401468823,LAC,3907823,32
401468823,LAC,2490620,7
401468823,LAC,3416,20
401468823,LAC,4397126,9
401468823,LAC,6443,14
401468823,LAC,2595516,25
401468823,LAC,4066387,3
401468823,LAC,4397916,3
401468824,WSH,3134907,36
401468824,WSH,4278049,17
401468824,WSH,3102531,33
401468824,WSH,3059310,31
401468824,WSH,6580,29
401468824,WSH,3986,9
401468824,WSH,4066648,20
401468824,WSH,4280151,15
401468824,WSH,4683021,29
401468824,WSH,3064447,22
401468824,WSH,2581184,0
401468824,WSH,6579,0
401468824,WSH,4278402,0
401468824,NY,3064514,34
401468824,NY,4395625,38
401468824,NY,4351852,9
401468824,NY,3934672,38
401468824,NY,4397014,31
401468824,NY,4278355,14
401468824,NY,4222252,13
401468824,NY,4277922,21
401468824,NY,4395724,32
401468824,NY,4431823,11
401468824,NY,4395627,0
401468824,NY,3456,0
401468824,NY,6588,0
401468824,NY,2991047,0
401468824,NY,3133602,0
401468825,ATL,3908845,34
401468825,ATL,4065732,25
401468825,ATL,4431680,25
401468825,ATL,3907497,38
401468825,ATL,4277905,35
401468825,ATL,4432585,22
401468825,ATL,4701230,6
401468825,ATL,3102529,23
401468825,ATL,3037789,33
401468825,ATL,4257,0
401468825,ATL,2284101,0
401468825,ATL,2579294,0
401468825,ATL,3922230,0
401468825,ATL,4397179,0
401468825,ATL,4578893,0
401468825,DAL,2531367,22
401468825,DAL,2578185,35
401468825,DAL,3058254,35
401468825,DAL,2580782,39
401468825,DAL,3945274,39
401468825,DAL,6426,6
401468825,DAL,2528779,36
401468825,DAL,3452,3
401468825,DAL,4432811,20
401468825,DAL,4868423,4
401468825,DAL,4230547,0
401468825,DAL,3138154,0
401468825,DAL,4067017,0
401468826,CHA,4066731,35
401468826,CHA,4278078,37
401468826,CHA,2488653,29
401468826,CHA,3074752,38
401468826,CHA,4432816,20
401468826,CHA,4702233,11
401468826,CHA,4701232,19
401468826,CHA,4065697,29
401468826,CHA,4576086,21
401468826,CHA,3138161,0
401468826,CHA,4278076,0
401468826,HOU,4431828,32
401468826,HOU,4432639,23
401468826,HOU,4871144,39
401468826,HOU,3431,31
401468826,HOU,4437244,40
401468826,HOU,4871143,9
401468826,HOU,3136777,24
401468826,HOU,4433192,19
401468826,HOU,4432168,11
401468826,HOU,3913180,13
401468826,HOU,4277952,0
401468826,HOU,4376,0
401468826,HOU,4432176,0
401468826,HOU,4683749,0
401468827,CLE,4432822,34
401468827,CLE,4066328,36
401468827,CLE,4432158,39
401468827,CLE,2991043,42
401468827,CLE,4396907,39
401468827,CLE,3449,9
401468827,CLE,4066405,17
401468827,CLE,3893016,6
401468827,CLE,4011,12
401468827,CLE,2968361,7
401468827,CLE,3947156,0
401468827,CLE,3447,0
401468827,MEM,3155526,31
401468827,MEM,4277961,28
401468827,MEM,2991235,28
401468827,MEM,4066320,33
401468827,MEM,4279888,33
401468827,MEM,3906665,20
401468827,MEM,4433137,17
401468827,MEM,4593125,20
401468827,MEM,3134932,13
401468827,MEM,3135046,18
401468827,MEM,4277964,0
401468827,MEM,4397227,0
401468827,MEM,4432646,0
401468828,MIA,6430,27
401468828,MIA,3138160,35
401468828,MIA,4066261,31
401468828,MIA,3012,22
401468828,MIA,4395725,24
401468828,MIA,4291678,6
401468828,MIA,4593049,17
401468828,MIA,2527963,25
401468828,MIA,3137259,26
401468828,MIA,4065778,27
401468828,MIA,2184,0
401468828,MIA,2580913,0
401468828,NO,4278594,32
401468828,NO,4397688,29
401468828,NO,6477,25
401468828,NO,2490149,31
401468828,NO,4869342,33
401468828,NO,2580365,17
401468828,NO,2999409,11
401468828,NO,4397077,6
401468828,NO,3133601,20
401468828,NO,4023,6
401468828,NO,4277869,25
401468828,NO,4395698,6
401468829,IND,3133628,20
401468829,IND,2990984,19
401468829,IND,4395712,27
401468829,IND,4396909,18
401468829,IND,4683634,22
401468829,IND,4279815,16
401468829,IND,4432170,17
401468829,IND,4278031,22
401468829,IND,4348700,6
401468829,IND,4409222,23
401468829,IND,4592402,22
401468829,IND,2530530,25
401468829,IND,3999,0
401468829,IND,4397189,0
401468829,OKC,3133626,22
401468829,OKC,4278073,30
401468829,OKC,4397020,28
401468829,OKC,4593803,34
401468829,OKC,4871145,30
401468829,OKC,4423545,6
401468829,OKC,4432823,17
401468829,OKC,2490089,10
401468829,OKC,4395702,22
401468829,OKC,4397183,26
401468829,OKC,4432819,17
401468830,LAC,3416,23
401468830,LAC,6462,23
401468830,LAC,4017837,26
401468830,LAC,2595516,30
401468830,LAC,3907823,26
401468830,LAC,2490620,19
401468830,LAC,4433249,22
401468830,LAC,6443,20
401468830,LAC,4066387,25
401468830,LAC,4397916,5
401468830,LAC,4432162,23
401468830,UTAH,4066336,33
401468830,UTAH,4433136,28
401468830,UTAH,3907822,27
401468830,UTAH,3195,29
401468830,UTAH,2528426,31
401468830,UTAH,3899664,3
401468830,UTAH,4278077,17
401468830,UTAH,4683025,3
401468830,UTAH,3005,13
401468830,UTAH,4396991,3
401468830,UTAH,4066299,3
401468830,UTAH,4277811,22
401468830,UTAH,4278039,8
401468830,UTAH,4397018,21
401468831,MIN,2993874,34
401468831,MIN,4431671,34
401468831,MIN,4396971,26
401468831,MIN,3136776,32
401468831,MIN,4594268,37
401468831,MIN,2990962,32
401468831,MIN,4067325,4
401468831,MIN,4592187,9
401468831,MIN,4277951,17
401468831,MIN,4278541,14
401468831,MIN,3908336,0
401468831,MIN,4687718,0
401468831,MIN,2994526,0
401468831,DEN,3064290,29
401468831,DEN,4278104,22
401468831,DEN,3112335,31
401468831,DEN,2581018,35
401468831,DEN,3936299,33
401468831,DEN,4431690,16
401468831,DEN,4230557,16
401468831,DEN,4065670,33
401468831,DEN,4431767,6
401468831,DEN,4592492,19
401468831,DEN,4065653,0
401468831,DEN,3442,0
401468831,DEN,4305,0
401468831,DEN,3059262,0
401468832,SAC,6578,40
401468832,SAC,2993370,31
401468832,SAC,4594327,37
401468832,SAC,4066259,39
401468832,SAC,4066372,33
401468832,SAC,3914283,17
401468832,SAC,3136196,21
401468832,SAC,4278521,1
401468832,SAC,4066262,11
401468832,SAC,4278053,10
401468832,SAC,3919454,0
401468832,SAC,3923250,0
401468832,LAL,1966,37
401468832,LAL,4278508,22
401468832,LAL,3934723,19
401468832,LAL,3964,27
401468832,LAL,3032979,26
401468832,LAL,4066264,24
401468832,LAL,4401416,11
401468832,LAL,3468,32
401468832,LAL,3056247,16
401468832,LAL,4432582,27
401468832,LAL,4397134,0
401468832,LAL,3064559,0
401468833,CHI,4431687,31
401468833,CHI,6478,35
401468833,CHI,3978,38
401468833,CHI,3064440,35
401468833,CHI,4397002,25
401468833,CHI,3936099,17
401468833,CHI,4065673,1
401468833,CHI,4683622,1
401468833,CHI,3423,14
401468833,CHI,2991350,22
401468833,CHI,3056245,1
401468833,CHI,4067735,1
401468833,CHI,4395651,17
401468833,CHI,4433159,1
401468833,CHI,6585,0
401468833,DET,3593,35
401468833,DET,4432810,30
401468833,DET,4397136,28
401468833,DET,4433218,33
401468833,DET,4683024,31
401468833,DET,4277957,22
401468833,DET,4433621,18
401468833,DET,6429,21
401468833,DET,4080610,21
401468833,DET,4278075,0
401468833,DET,2991280,0
401468833,DET,2488826,0
401468834,GS,6589,37
401468834,GS,3059319,40
401468834,GS,3975,43
401468834,GS,6475,36
401468834,GS,4277956,43
401468834,GS,3155535,20
401468834,GS,4066790,18
401468834,GS,3934673,28
401468834,GS,4432808,0
401468834,GS,4432171,0
401468834,GS,4433246,0
401468834,BOS,4065648,48
401468834,BOS,3213,37
401468834,BOS,4066211,27
401468834,BOS,2990992,38
401468834,BOS,3917376,41
401468834,BOS,4066218,13
401468834,BOS,3064560,8
401468834,BOS,2566769,36
401468834,BOS,3078576,17
401468834,BOS,3989,0
401468834,BOS,3138156,0
401468834,BOS,4065804,0
401468834,BOS,4065660,0
401468834,BOS,4066354,0
401468834,BOS,4576085,0
401468835,TOR,3149673,41
401468835,TOR,3934719,36
401468835,TOR,4433134,39
401468835,TOR,2991230,36
401468835,TOR,4277843,36
401468835,TOR,4017839,12
401468835,TOR,3244,7
401468835,TOR,4431679,21
401468835,TOR,4397033,12
401468835,TOR,3948153,0
401468835,TOR,2578240,0
401468835,TOR,4431778,0
401468835,TOR,4066668,0
401468835,TOR,4066786,0
401468835,TOR,4397251,0
401468835,MIN,2993874,34
401468835,MIN,4431671,37
401468835,MIN,4396971,22
401468835,MIN,3136776,34
401468835,MIN,4594268,40
401468835,MIN,2990962,24
401468835,MIN,3908336,6
401468835,MIN,4067325,9
401468835,MIN,4592187,3
401468835,MIN,4277951,14
401468835,MIN,4278541,18
401468835,MIN,4687718,0
401468835,MIN,2994526,0
401468836,BKN,2583632,34
401468836,BKN,2528794,32
401468836,BKN,4278067,35
401468836,BKN,6442,39
401468836,BKN,3907387,18
401468836,BKN,6461,6
401468836,BKN,2982334,7
401468836,BKN,3133838,16
401468836,BKN,4432194,4
401468836,BKN,2326307,36
401468836,BKN,4432174,13
401468836,BKN,4004,0
401468836,BKN,3136485,0
401468836,PHX,3032978,8
401468836,PHX,2528693,25
401468836,PHX,4278129,32
401468836,PHX,2595209,38
401468836,PHX,3147657,42
401468836,PHX,3059307,22
401468836,PHX,3138196,22
401468836,PHX,6427,16
401468836,PHX,4397235,6
401468836,PHX,4278124,29
401468836,PHX,3146557,0
401468837,PHI,3033,19
401468837,PHI,6440,33
401468837,PHI,3059318,33
401468837,PHI,3992,34
401468837,PHI,4066436,30
401468837,PHI,2990969,17
401468837,PHI,2991055,15
401468837,PHI,3915195,14
401468837,PHI,3907498,17
401468837,PHI,4431678,29
401468837,PHI,4278562,0
401468837,PHI,2991155,0
401468837,PHI,3929325,0
401468837,PHI,4432164,0
401468837,POR,2991070,39
401468837,POR,3102530,24
401468837,POR,6606,40
401468837,POR,3062679,35
401468837,POR,4351851,36
401468837,POR,3914285,24
401468837,POR,4432446,5
401468837,POR,4395652,17
401468837,POR,4914336,21
401468837,POR,4432161,0
401468837,POR,4431675,0
401468837,POR,4432192,0
401468838,NO,4277813,19
401468838,NO,4397688,40
401468838,NO,6477,28
401468838,NO,2490149,36
401468838,NO,4869342,31
401468838,NO,2580365,27
401468838,NO,4397077,17
401468838,NO,3133601,13
401468838,NO,4277869,30
401468838,NO,2999409,0
401468838,NO,4023,0
401468838,NO,4395698,0
401468838,ORL,4432573,25
401468838,ORL,4566434,32
401468838,ORL,4277847,24
401468838,ORL,2999547,27
401468838,ORL,4066636,24
401468838,ORL,3150844,16
401468838,ORL,4277919,7
401468838,ORL,4397102,20
401468838,ORL,6619,22
401468838,ORL,4432165,15
401468838,ORL,4432809,26
401468838,ORL,4590530,1
401468839,NY,3064514,33
401468839,NY,4395625,39
401468839,NY,4277922,28
401468839,NY,3934672,36
401468839,NY,4397014,16
401468839,NY,4278355,16
401468839,NY,4222252,17
401468839,NY,2991047,1
401468839,NY,3133602,1
401468839,NY,4395724,36
401468839,NY,4431823,16
401468839,NY,4395627,0
401468839,NY,3456,0
401468839,NY,6588,0
401468839,ATL,3908845,35
401468839,ATL,4065732,31
401468839,ATL,3102529,20
401468839,ATL,3907497,36
401468839,ATL,4277905,33
401468839,ATL,2579294,1
401468839,ATL,4431680,27
401468839,ATL,4432585,17
401468839,ATL,4701230,5
401468839,ATL,3037789,24
401468839,ATL,3922230,8
401468839,ATL,4397179,1
401468839,ATL,4578893,1
401468839,ATL,4257,0
401468839,ATL,2284101,0
401468840,GS,3155535,32
401468840,GS,4433247,27
401468840,GS,3934673,35
401468840,GS,4065733,41
401468840,GS,4277956,41
401468840,GS,2327577,16
401468840,GS,4066790,25
401468840,GS,4432171,14
401468840,GS,4433246,9
401468840,GS,4432808,0
401468840,GS,4591725,0
401468840,CLE,4432822,22
401468840,CLE,4066328,31
401468840,CLE,4432158,37
401468840,CLE,2991043,31
401468840,CLE,4396907,40
401468840,CLE,3449,21
401468840,CLE,4066405,16
401468840,CLE,3893016,25
401468840,CLE,2968361,17
401468840,CLE,3947156,0
401468840,CLE,4432815,0
401468840,CLE,3447,0
401468841,MIA,6430,26
401468841,MIA,3138160,33
401468841,MIA,4066261,35
401468841,MIA,3012,21
401468841,MIA,4395725,30
401468841,MIA,4291678,6
401468841,MIA,4593049,11
401468841,MIA,2527963,28
401468841,MIA,3137259,27
401468841,MIA,4065778,24
401468841,MIA,2184,0
401468841,MIA,2580913,0
401468841,DAL,2531367,33
401468841,DAL,2578185,25
401468841,DAL,2580782,31
401468841,DAL,2528210,27
401468841,DAL,3945274,38
401468841,DAL,6426,10
401468841,DAL,2528779,28
401468841,DAL,4230547,5
401468841,DAL,3138154,4
401468841,DAL,4067017,4
401468841,DAL,4432811,27
401468841,DAL,4868423,8
401468841,DAL,3452,0
401468842,LAC,4251,32
401468842,LAC,6450,38
401468842,LAC,6462,29
401468842,LAC,4017837,36
401468842,LAC,3907823,21
401468842,LAC,2490620,7
401468842,LAC,3416,22
401468842,LAC,4433249,6
401468842,LAC,6443,23
401468842,LAC,2595516,27
401468842,LAC,4066387,0
401468842,SA,4395723,35
401468842,SA,4610139,32
401468842,SA,3134908,24
401468842,SA,4397008,27
401468842,SA,4395626,30
401468842,SA,2528588,14
401468842,SA,4066650,24
401468842,SA,4565201,18
401468842,SA,3134881,15
401468842,SA,2581190,22
401468842,SA,4066392,0
401468842,SA,3136779,0
401468842,SA,2534781,0
401468843,IND,4278031,16
401468843,IND,3133628,23
401468843,IND,2990984,25
401468843,IND,4395712,25
401468843,IND,4396909,24
401468843,IND,3999,5
401468843,IND,4279815,16
401468843,IND,4397189,16
401468843,IND,4432170,9
401468843,IND,4348700,7
401468843,IND,4409222,7
401468843,IND,4592402,17
401468843,IND,2530530,19
401468843,IND,4683634,32
401468843,DEN,3064290,30
401468843,DEN,4278104,31
401468843,DEN,4431690,26
401468843,DEN,2581018,26
401468843,DEN,3936299,29
401468843,DEN,3209,18
401468843,DEN,3442,18
401468843,DEN,4305,4
401468843,DEN,3059262,5
401468843,DEN,4065670,27
401468843,DEN,4431767,15
401468843,DEN,4592492,9
401468844,BKN,2583632,34
401468844,BKN,2528794,21
401468844,BKN,4278067,38
401468844,BKN,6442,39
401468844,BKN,3907387,37
401468844,BKN,2982334,18
401468844,BKN,3133838,13
401468844,BKN,3136485,9
401468844,BKN,2326307,25
401468844,BKN,4432174,6
401468844,BKN,6461,0
401468844,BKN,4397693,0
401468844,BKN,4432194,0
401468844,BKN,4004,0
401468844,BKN,4397107,0
401468844,UTAH,4066336,37
401468844,UTAH,4433136,25
401468844,UTAH,3907822,32
401468844,UTAH,3195,32
401468844,UTAH,2528426,33
401468844,UTAH,4278077,18
401468844,UTAH,3005,16
401468844,UTAH,4396991,6
401468844,UTAH,4277811,29
401468844,UTAH,4397018,13
401468844,UTAH,3899664,0
401468844,UTAH,4683025,0
401468844,UTAH,4066299,0
401468844,UTAH,4278039,0
401468845,MEM,3155526,31
401468845,MEM,4277961,33
401468845,MEM,2991235,26
401468845,MEM,4066320,33
401468845,MEM,4279888,34
401468845,MEM,3906665,22
401468845,MEM,4433137,18
401468845,MEM,4593125,15
401468845,MEM,3134932,9
401468845,MEM,3135046,20
401468845,MEM,4277964,0
401468845,MEM,4592691,0
401468845,MEM,4593041,0
401468845,MEM,4432646,0
401468845,LAL,1966,37
401468845,LAL,4278508,28
401468845,LAL,3934723,22
401468845,LAL,3964,23
401468845,LAL,3032979,33
401468845,LAL,4066264,22
401468845,LAL,4401416,10
401468845,LAL,3468,31
401468845,LAL,3056247,21
401468845,LAL,4432582,14
401468845,LAL,3064559,0
401468845,LAL,4277890,0
401468846,OKC,4432823,25
401468846,OKC,4278073,38
401468846,OKC,4397020,35
401468846,OKC,4593803,32
401468846,OKC,4871145,30
401468846,OKC,4066317,7
401468846,OKC,2490089,11
401468846,OKC,3133626,26
401468846,OKC,4395702,29
401468846,OKC,4432819,7
401468846,OKC,4423545,0
401468846,OKC,4397183,0
401468846,SAC,6578,39
401468846,SAC,3155942,38
401468846,SAC,4594327,37
401468846,SAC,4066259,38
401468846,SAC,4066372,35
401468846,SAC,3914283,10
401468846,SAC,3136196,14
401468846,SAC,4278521,2
401468846,SAC,4066262,16
401468846,SAC,4278053,11
401468846,SAC,2993370,0
401468846,SAC,2596107,0
401468846,SAC,2489716,0
401468846,SAC,3919454,0
401468846,SAC,3923250,0
401468847,BOS,3213,28
401468847,BOS,4066211,15
401468847,BOS,2990992,16
401468847,BOS,3078576,29
401468847,BOS,3917376,42
401468847,BOS,3989,8
401468847,BOS,4066218,34
401468847,BOS,3064560,8
401468847,BOS,2566769,35
401468847,BOS,4066354,26
401468847,BOS,3138156,0
401468847,BOS,4065804,0
401468847,TOR,3149673,43
401468847,TOR,3934719,21
401468847,TOR,4431679,37
401468847,TOR,4433134,42
401468847,TOR,4277843,38
401468847,TOR,4017839,10
401468847,TOR,3244,24
401468847,TOR,3948153,19
401468847,TOR,4066668,5
401468847,TOR,4397033,0
401468847,TOR,2578240,0
401468847,TOR,2991230,0
401468848,ORL,4432573,28
401468848,ORL,4566434,27
401468848,ORL,4277847,31
401468848,ORL,2999547,20
401468848,ORL,4066636,29
401468848,ORL,3918423,2
401468848,ORL,3150844,8
401468848,ORL,4277919,20
401468848,ORL,4397102,16
401468848,ORL,6619,24
401468848,ORL,4432165,13
401468848,ORL,4432809,22
401468848,WSH,3134907,32
401468848,WSH,4278049,24
401468848,WSH,3102531,23
401468848,WSH,3059310,24
401468848,WSH,6580,28
401468848,WSH,3986,13
401468848,WSH,2581184,2
401468848,WSH,4066648,30
401468848,WSH,4280151,16
401468848,WSH,4683021,25
401468848,WSH,3064447,24
401468848,WSH,6579,0
401468849,CHA,4066731,24
401468849,CHA,4278078,37
401468849,CHA,4249,25
401468849,CHA,2488653,29
401468849,CHA,3074752,39
401468849,CHA,4702233,13
401468849,CHA,4701232,19
401468849,CHA,4065697,27
401468849,CHA,4576086,26
401468849,CHA,3138161,0
401468849,CHA,4278076,0
401468849,CHA,4432816,0
401468849,ATL,3908845,33
401468849,ATL,4065732,37
401468849,ATL,3102529,24
401468849,ATL,3907497,37
401468849,ATL,4277905,38
401468849,ATL,4431680,24
401468849,ATL,4432585,23
401468849,ATL,4701230,9
401468849,ATL,3922230,15
401468849,ATL,2284101,0
401468849,ATL,2579294,0
401468849,ATL,4065656,0
401468849,ATL,4397179,0
401468849,ATL,4578893,0
401468850,MIL,3064482,31
401468850,MIL,3448,34
401468850,MIL,3995,37
401468850,MIL,2578239,36
401468850,MIL,3135045,28
401468850,MIL,2968436,28
401468850,MIL,4277883,12
401468850,MIL,3438,18
401468850,MIL,3133635,12
401468850,MIL,4397475,4
401468850,MIL,3102533,0
401468850,MIL,4278580,0
401468850,MIL,4432179,0
401468850,MIL,4032,0
401468850,CLE,4432822,24
401468850,CLE,4066328,27
401468850,CLE,4432158,38
401468850,CLE,2991043,29
401468850,CLE,4396907,36
401468850,CLE,3449,18
401468850,CLE,3912848,10
401468850,CLE,4066405,17
401468850,CLE,3893016,22
401468850,CLE,4011,19
401468850,CLE,3447,0
401468850,CLE,2968361,0
401468851,HOU,4431828,30
401468851,HOU,4433192,27
401468851,HOU,4871144,37
401468851,HOU,3431,34
401468851,HOU,4437244,33
401468851,HOU,4871143,11
401468851,HOU,3136777,21
401468851,HOU,4432168,15
401468851,HOU,3913180,18
401468851,HOU,4683749,15
401468851,HOU,4277952,0
401468851,HOU,4376,0
401468851,HOU,4432176,0
401468851,MIN,2993874,33
401468851,MIN,4431671,31
401468851,MIN,4396971,15
401468851,MIN,3136776,31
401468851,MIN,4594268,41
401468851,MIN,2990962,22
401468851,MIN,4067325,25
401468851,MIN,4277951,5
401468851,MIN,6617,23
401468851,MIN,4278541,15
401468851,MIN,3908336,0
401468851,MIN,3032976,0
401468852,IND,3133628,36
401468852,IND,2530530,39
401468852,IND,2990984,36
401468852,IND,4395712,21
401468852,IND,4396909,29
401468852,IND,4397189,12
401468852,IND,4278031,12
401468852,IND,4592402,17
401468852,IND,4683634,38
401468852,IND,3999,0
401468852,IND,4279815,0
401468852,IND,4432170,0
401468852,IND,4348700,0
401468852,IND,4409222,0
401468852,PHX,3032978,8
401468852,PHX,2528693,20
401468852,PHX,6427,31
401468852,PHX,2595209,27
401468852,PHX,3147657,37
401468852,PHX,3059307,19
401468852,PHX,3146557,17
401468852,PHX,4397235,17
401468852,PHX,4065663,34
401468852,PHX,4278124,29
401468852,PHX,3138196,0
401468852,PHX,4278129,0
401468853,PHI,3033,19
401468853,PHI,6440,25
401468853,PHI,2991055,33
401468853,PHI,4066436,31
401468853,PHI,4431678,41
401468853,PHI,2990969,27
401468853,PHI,4278562,15
401468853,PHI,2991155,5
401468853,PHI,3915195,30
401468853,PHI,3907498,13
401468853,PHI,3059318,0
401468853,PHI,3929325,0
401468853,PHI,4432164,0
401468853,SAC,6578,38
401468853,SAC,3155942,38
401468853,SAC,4594327,41
401468853,SAC,4066259,38
401468853,SAC,4066372,31
401468853,SAC,3914283,5
401468853,SAC,2993370,6
401468853,SAC,3136196,11
401468853,SAC,4278521,0
401468853,SAC,2596107,0
401468853,SAC,4066262,20
401468853,SAC,4278053,12
401468853,SAC,2489716,0
401468853,SAC,3919454,0
401468853,SAC,3923250,0
401468856,LAC,4251,34
401468856,LAC,6450,39
401468856,LAC,6462,32
401468856,LAC,4017837,23
401468856,LAC,3907823,18
401468856,LAC,2490620,21
401468856,LAC,3416,28
401468856,LAC,6443,15
401468856,LAC,2595516,30
401468856,LAC,4433249,0
401468856,LAC,4066387,0
401468856,DAL,2531367,21
401468856,DAL,2578185,38
401468856,DAL,2580782,36
401468856,DAL,2528210,38
401468856,DAL,3945274,39
401468856,DAL,6426,7
401468856,DAL,2528779,32
401468856,DAL,4230547,0
401468856,DAL,4432811,29
401468856,DAL,3452,0
401468856,DAL,4278507,0
401468856,DAL,3138154,0
401468856,DAL,4067017,0
401468856,DAL,4868423,0
401468854,NO,4277813,30
401468854,NO,4397688,34
401468854,NO,6477,25
401468854,NO,2490149,37
401468854,NO,4869342,30
401468854,NO,2580365,26
401468854,NO,4397077,17
401468854,NO,3133601,17
401468854,NO,4277869,23
401468854,NO,4432821,0
401468854,NO,2999409,0
401468854,NO,4023,0
401468854,NO,4395698,0
401468854,MIA,6430,34
401468854,MIA,3138160,27
401468854,MIA,4066261,35
401468854,MIA,3012,30
401468854,MIA,4395725,36
401468854,MIA,4593049,13
401468854,MIA,2527963,33
401468854,MIA,3137259,18
401468854,MIA,4065778,15
401468854,MIA,2184,0
401468854,MIA,4291678,0
401468854,MIA,2580913,0
401468855,NY,3064514,37
401468855,NY,4395625,41
401468855,NY,4277922,33
401468855,NY,3934672,38
401468855,NY,4397014,33
401468855,NY,4278355,11
401468855,NY,4222252,15
401468855,NY,6588,21
401468855,NY,4431823,10
401468855,NY,4395627,0
401468855,NY,3456,0
401468855,NY,2991047,0
401468855,NY,3133602,0
401468855,NY,4395724,0
401468855,TOR,3149673,34
401468855,TOR,4431679,36
401468855,TOR,4433134,37
401468855,TOR,2991230,34
401468855,TOR,4277843,35
401468855,TOR,4017839,16
401468855,TOR,3244,15
401468855,TOR,3948153,23
401468855,TOR,4397033,6
401468855,TOR,4066786,6
401468855,TOR,2578240,0
401468855,TOR,4431778,0
401468855,TOR,4066668,0
401468855,TOR,4397251,0
401468857,OKC,2490089,16
401468857,OKC,4278073,37
401468857,OKC,4397020,30
401468857,OKC,4593803,29
401468857,OKC,4871145,31
401468857,OKC,4423545,16
401468857,OKC,4432823,7
401468857,OKC,3133626,25
401468857,OKC,4395702,21
401468857,OKC,4397183,16
401468857,OKC,4432819,13
401468857,OKC,4066317,0
401468857,OKC,4997526,0
401468857,DEN,3064290,38
401468857,DEN,4431690,28
401468857,DEN,2581018,37
401468857,DEN,3936299,38
401468857,DEN,4065670,36
401468857,DEN,3209,20
401468857,DEN,4230557,10
401468857,DEN,4431767,22
401468857,DEN,4592492,11
401468857,DEN,3442,0
401468857,DEN,4305,0
401468857,DEN,3059262,0
401468858,MEM,3155526,30
401468858,MEM,4277961,23
401468858,MEM,2991235,33
401468858,MEM,4066320,34
401468858,MEM,4279888,37
401468858,MEM,3906665,15
401468858,MEM,4433137,26
401468858,MEM,4593125,12
401468858,MEM,3134932,6
401468858,MEM,3135046,25
401468858,MEM,4277964,0
401468858,MEM,4592691,0
401468858,MEM,4593041,0
401468858,MEM,4432646,0
401468858,PHX,3138196,29
401468858,PHX,2528693,32
401468858,PHX,6427,16
401468858,PHX,2779,38
401468858,PHX,3147657,41
401468858,PHX,3032978,21
401468858,PHX,3059307,3
401468858,PHX,3146557,23
401468858,PHX,2595209,14
401468858,PHX,4065663,13
401468858,PHX,4278124,10
401468858,PHX,4278129,0
401468858,PHX,4397235,0
401468859,BKN,2583632,39
401468859,BKN,2528794,31
401468859,BKN,4278067,36
401468859,BKN,6442,41
401468859,BKN,3907387,29
401468859,BKN,2982334,11
401468859,BKN,3133838,10
401468859,BKN,3136485,11
401468859,BKN,2326307,31
401468859,BKN,6461,0
401468859,BKN,4397693,0
401468859,BKN,4432194,0
401468859,BKN,4004,0
401468859,BKN,4397107,0
401468859,BKN,4432174,0
401468859,GS,6589,33
401468859,GS,3059319,27
401468859,GS,3975,38
401468859,GS,6475,34
401468859,GS,4277956,29
401468859,GS,3155535,20
401468859,GS,4433247,25
401468859,GS,3934673,27
401468859,GS,4065733,9
401468859,GS,2327577,0
401468859,GS,4432171,0
401468859,GS,4433246,0
401468859,GS,4591725,0
401468860,LAL,1966,36
401468860,LAL,4278508,32
401468860,LAL,3934723,33
401468860,LAL,3964,29
401468860,LAL,3032979,36
401468860,LAL,4066264,12
401468860,LAL,4401416,4
401468860,LAL,3468,26
401468860,LAL,3056247,16
401468860,LAL,4432582,16
401468860,LAL,3064559,0
401468860,LAL,4277890,0
401468860,POR,2991070,35
401468860,POR,3102530,16
401468860,POR,6606,40
401468860,POR,3062679,33
401468860,POR,4351851,39
401468860,POR,3914285,31
401468860,POR,4395652,13
401468860,POR,3134903,17
401468860,POR,4914336,17
401468860,POR,4432161,0
401468860,POR,4431675,0
401468860,POR,4432446,0
401468860,POR,4432192,0
401468861,MIL,3032977,27
401468861,MIL,3448,24
401468861,MIL,3995,30
401468861,MIL,2578239,26
401468861,MIL,3135045,23
401468861,MIL,6609,15
401468861,MIL,2968436,19
401468861,MIL,3064482,23
401468861,MIL,3102533,5
401468861,MIL,4432179,8
401468861,MIL,4277883,14
401468861,MIL,4032,7
401468861,MIL,3133635,16
401468861,MIL,4397475,5
401468861,MIL,3438,0
401468861,DET,4277957,22
401468861,DET,3593,28
401468861,DET,4433621,31
401468861,DET,4397136,29
401468861,DET,4433218,30
401468861,DET,4278075,19
401468861,DET,2991280,6
401468861,DET,6446,18
401468861,DET,6429,19
401468861,DET,2488826,19
401468861,DET,4080610,21
401468861,DET,4683024,0
401468862,BOS,3989,12
401468862,BOS,4065648,38
401468862,BOS,3213,30
401468862,BOS,3078576,27
401468862,BOS,3917376,37
401468862,BOS,3138156,1
401468862,BOS,4065804,19
401468862,BOS,4066218,24
401468862,BOS,3064560,15
401468862,BOS,4065660,6
401468862,BOS,4066354,31
401468862,BOS,4576085,1
401468862,ORL,4432573,36
401468862,ORL,4566434,33
401468862,ORL,4277847,33
401468862,ORL,2999547,25
401468862,ORL,4066636,32
401468862,ORL,4065654,10
401468862,ORL,3150844,15
401468862,ORL,4397102,17
401468862,ORL,4432165,16
401468862,ORL,4432809,23
401468862,ORL,4277919,0
401468862,ORL,6619,0
401468862,ORL,4590530,0
401468863,ATL,3908845,36
401468863,ATL,3102529,36
401468863,ATL,3037789,33
401468863,ATL,3907497,36
401468863,ATL,4277905,38
401468863,ATL,2579294,5
401468863,ATL,4432585,31
401468863,ATL,4701230,15
401468863,ATL,3922230,11
401468863,ATL,2284101,0
401468863,ATL,4065732,0
401468863,ATL,4397179,0
401468863,ATL,4578893,0
401468863,CHI,4431687,31
401468863,CHI,6478,39
401468863,CHI,3978,37
401468863,CHI,3064440,35
401468863,CHI,4397002,29
401468863,CHI,3936099,16
401468863,CHI,6585,3
401468863,CHI,2991350,28
401468863,CHI,4395651,22
401468863,CHI,4065673,0
401468863,CHI,4683622,0
401468863,CHI,3056245,0
401468863,CHI,4067735,0
401468863,CHI,4433159,0
401468864,MIN,2993874,12
401468864,MIN,4431671,35
401468864,MIN,3032976,36
401468864,MIN,3136776,42
401468864,MIN,4594268,37
401468864,MIN,3908336,7
401468864,MIN,4067325,16
401468864,MIN,4396971,9
401468864,MIN,6617,27
401468864,MIN,4278541,19
401468864,MIN,4592187,0
401468864,MIN,4277951,0
401468864,MIN,2994526,0
401468864,HOU,4431828,33
401468864,HOU,4433192,26
401468864,HOU,4871144,35
401468864,HOU,3431,30
401468864,HOU,4437244,35
401468864,HOU,4871143,2
401468864,HOU,3136777,22
401468864,HOU,4277952,11
401468864,HOU,4432168,4
401468864,HOU,3913180,28
401468864,HOU,4683749,13
401468864,HOU,4376,0
401468864,HOU,4432176,0
401468865,CHA,4066731,28
401468865,CHA,4278078,27
401468865,CHA,4249,24
401468865,CHA,2488653,26
401468865,CHA,3074752,35
401468865,CHA,4431699,4
401468865,CHA,4702233,17
401468865,CHA,4278076,4
401468865,CHA,4701232,18
401468865,CHA,4065697,29
401468865,CHA,4576086,28
401468865,CHA,4431712,0
401468865,UTAH,4066336,32
401468865,UTAH,4433136,22
401468865,UTAH,3907822,20
401468865,UTAH,3195,27
401468865,UTAH,2528426,29
401468865,UTAH,3899664,4
401468865,UTAH,4278077,21
401468865,UTAH,4683025,3
401468865,UTAH,3005,10
401468865,UTAH,4396991,22
401468865,UTAH,4066299,4
401468865,UTAH,4277811,20
401468865,UTAH,4278039,4
401468865,UTAH,4397018,20
401468866,SA,4395723,30
401468866,SA,4610139,28
401468866,SA,3134908,16
401468866,SA,4397008,25
401468866,SA,4395626,24
401468866,SA,4066392,6
401468866,SA,2528588,17
401468866,SA,4066650,22
401468866,SA,4565201,23
401468866,SA,3134881,17
401468866,SA,3136779,8
401468866,SA,2534781,6
401468866,SA,2581190,19
401468866,POR,2991070,28
401468866,POR,3102530,27
401468866,POR,6606,31
401468866,POR,3062679,26
401468866,POR,4351851,29
401468866,POR,4432161,5
401468866,POR,3914285,16
401468866,POR,4431675,5
401468866,POR,4432446,5
401468866,POR,4432588,1
401468866,POR,4395652,18
401468866,POR,3134903,17
401468866,POR,4432192,5
401468866,POR,4914336,27
401468867,MEM,3155526,30
401468867,MEM,4277961,28
401468867,MEM,4277964,30
401468867,MEM,3135046,31
401468867,MEM,4066320,29
401468867,MEM,3906665,13
401468867,MEM,4433137,17
401468867,MEM,4585610,5
401468867,MEM,4592691,5
401468867,MEM,4593041,18
401468867,MEM,4593125,14
401468867,MEM,3134932,10
401468867,MEM,4397227,4
401468867,MEM,4432646,5
401468867,SAC,6578,30
401468867,SAC,3155942,30
401468867,SAC,4594327,34
401468867,SAC,4066259,33
401468867,SAC,4066372,21
401468867,SAC,2993370,14
401468867,SAC,3136196,25
401468867,SAC,4278521,3
401468867,SAC,2596107,3
401468867,SAC,2489716,3
401468867,SAC,3919454,3
401468867,SAC,3923250,3
401468867,SAC,4066262,24
401468867,SAC,4278053,12
401468867,SAC,4702177,0
401468868,CHI,4431687,28
401468868,CHI,6478,33
401468868,CHI,3978,40
401468868,CHI,3064440,38
401468868,CHI,4397002,25
401468868,CHI,3936099,20
401468868,CHI,6585,6
401468868,CHI,2991350,28
401468868,CHI,4395651,23
401468868,CHI,4065673,0
401468868,CHI,4067735,0
401468868,CHI,4433159,0
401468868,IND,3133628,32
401468868,IND,4592402,26
401468868,IND,2530530,41
401468868,IND,2990984,39
401468868,IND,4396909,29
401468868,IND,4279815,20
401468868,IND,4397189,6
401468868,IND,4432170,7
401468868,IND,4409222,6
401468868,IND,4683634,34
401468868,IND,3999,0
401468868,IND,4278031,0
401468868,IND,4348700,0
401468869,BOS,4065648,40
401468869,BOS,4066218,36
401468869,BOS,4066211,31
401468869,BOS,3078576,34
401468869,BOS,4066354,42
401468869,BOS,3989,4
401468869,BOS,3138156,14
401468869,BOS,4065804,26
401468869,BOS,3064560,13
401468869,BOS,4065660,0
401468869,BOS,4576085,0
401468869,MIA,3138160,11
401468869,MIA,4066261,37
401468869,MIA,3012,29
401468869,MIA,4065778,37
401468869,MIA,4395725,36
401468869,MIA,4291678,30
401468869,MIA,4593049,11
401468869,MIA,2527963,23
401468869,MIA,3137259,25
401468869,MIA,2184,0
401468869,MIA,4278572,0
401468869,MIA,2580913,0
401468870,CLE,4432822,31
401468870,CLE,4066328,39
401468870,CLE,4432158,38
401468870,CLE,3908809,38
401468870,CLE,4396907,35
401468870,CLE,3449,12
401468870,CLE,3912848,4
401468870,CLE,4066405,6
401468870,CLE,3893016,3
401468870,CLE,4011,13
401468870,CLE,2991043,21
401468870,CLE,3447,0
401468870,CLE,2968361,0
401468870,NY,3064514,38
401468870,NY,4395625,33
401468870,NY,4277922,25
401468870,NY,3934672,36
401468870,NY,4397014,36
401468870,NY,4278355,10
401468870,NY,4222252,23
401468870,NY,4395724,27
401468870,NY,4431823,12
401468870,NY,4395627,0
401468870,NY,3456,0
401468870,NY,2991047,0
401468870,NY,3133602,0
401468871,DEN,3064290,24
401468871,DEN,3112335,36
401468871,DEN,2581018,31
401468871,DEN,3936299,40
401468871,DEN,4065670,34
401468871,DEN,3209,17
401468871,DEN,4431690,24
401468871,DEN,4230557,14
401468871,DEN,4431767,20
401468871,DEN,3442,0
401468871,DEN,4305,0
401468871,DEN,3059262,0
401468871,DEN,4576087,0
401468871,NO,4277813,24
401468871,NO,4397688,33
401468871,NO,6477,18
401468871,NO,4397077,23
401468871,NO,2490149,36
401468871,NO,2580365,23
401468871,NO,2999409,23
401468871,NO,3133601,19
401468871,NO,4023,7
401468871,NO,4277869,27
401468871,NO,4869342,8
401468872,WSH,3134907,37
401468872,WSH,4278049,19
401468872,WSH,4280151,34
401468872,WSH,3059310,27
401468872,WSH,6580,30
401468872,WSH,3986,6
401468872,WSH,2581184,19
401468872,WSH,4683021,32
401468872,WSH,6579,15
401468872,WSH,3064447,22
401468872,WSH,4431669,0
401468872,WSH,3056247,0
401468872,DAL,2531367,34
401468872,DAL,2578185,31
401468872,DAL,2580782,35
401468872,DAL,2528210,34
401468872,DAL,3945274,38
401468872,DAL,6426,13
401468872,DAL,2528779,24
401468872,DAL,4432811,32
401468872,DAL,3452,0
401468872,DAL,4230547,0
401468872,DAL,4278507,0
401468872,DAL,3138154,0
401468872,DAL,4067017,0
401468872,DAL,4868423,0
401468873,CHA,4066731,34
401468873,CHA,4278078,33
401468873,CHA,2488653,25
401468873,CHA,3074752,36
401468873,CHA,4576086,22
401468873,CHA,4431699,6
401468873,CHA,4702233,9
401468873,CHA,4278076,17
401468873,CHA,4701232,6
401468873,CHA,4065697,27
401468873,CHA,4683027,19
401468873,CHA,4431712,6
401468873,PHX,3138196,18
401468873,PHX,2528693,22
401468873,PHX,6427,31
401468873,PHX,2779,27
401468873,PHX,3147657,30
401468873,PHX,3032978,24
401468873,PHX,3059307,6
401468873,PHX,3146557,15
401468873,PHX,4397235,6
401468873,PHX,2595209,16
401468873,PHX,4065663,24
401468873,PHX,4278124,21
401468873,PHX,4278129,0
401468874,LAC,4251,36
401468874,LAC,6450,35
401468874,LAC,6462,10
401468874,LAC,4017837,34
401468874,LAC,3907823,26
401468874,LAC,2490620,19
401468874,LAC,3416,24
401468874,LAC,4433249,2
401468874,LAC,6443,26
401468874,LAC,2595516,25
401468874,LAC,4066387,3
401468874,LAL,1966,33
401468874,LAL,4278508,28
401468874,LAL,3934723,29
401468874,LAL,3964,35
401468874,LAL,3032979,32
401468874,LAL,4066264,14
401468874,LAL,4397134,5
401468874,LAL,4401416,12
401468874,LAL,3064559,5
401468874,LAL,3468,25
401468874,LAL,4431785,5
401468874,LAL,4432582,17
401468875,IND,3133628,33
401468875,IND,4592402,39
401468875,IND,2530530,33
401468875,IND,2990984,39
401468875,IND,4396909,13
401468875,IND,4279815,15
401468875,IND,4432170,13
401468875,IND,4278031,19
401468875,IND,4409222,4
401468875,IND,4683634,33
401468875,IND,3999,0
401468875,IND,4397189,0
401468875,IND,4348700,0
401468875,ORL,4432573,36
401468875,ORL,4566434,34
401468875,ORL,4277847,28
401468875,ORL,2999547,26
401468875,ORL,4066636,31
401468875,ORL,4065654,8
401468875,ORL,3150844,8
401468875,ORL,4277919,12
401468875,ORL,4397102,15
401468875,ORL,4432165,17
401468875,ORL,4432809,25
401468875,ORL,4433623,0
401468875,ORL,6619,0
401468875,ORL,4590530,0
401468876,BKN,2583632,35
401468876,BKN,2528794,20
401468876,BKN,4278067,38
401468876,BKN,6442,38
401468876,BKN,3907387,29
401468876,BKN,6461,7
401468876,BKN,2982334,9
401468876,BKN,3133838,25
401468876,BKN,3136485,4
401468876,BKN,2326307,35
401468876,BKN,4397693,0
401468876,BKN,4004,0
401468876,BKN,4397107,0
401468876,BKN,4432174,0
401468876,PHI,3033,18
401468876,PHI,6440,33
401468876,PHI,3059318,35
401468876,PHI,3992,35
401468876,PHI,4066436,34
401468876,PHI,2990969,17
401468876,PHI,2991055,12
401468876,PHI,3915195,15
401468876,PHI,3907498,12
401468876,PHI,4431678,30
401468876,PHI,4278562,0
401468876,PHI,2991155,0
401468876,PHI,4432164,0
401468877,WSH,3134907,41
401468877,WSH,4278049,33
401468877,WSH,4280151,20
401468877,WSH,6580,30
401468877,WSH,3064447,26
401468877,WSH,3986,8
401468877,WSH,4683021,30
401468877,WSH,4431669,6
401468877,WSH,6579,9
401468877,WSH,3056247,22
401468877,WSH,4278402,15
401468877,WSH,2581184,0
401468877,HOU,4431828,34
401468877,HOU,4432639,29
401468877,HOU,4871144,37
401468877,HOU,3431,31
401468877,HOU,4437244,38
401468877,HOU,3136777,21
401468877,HOU,4277952,11
401468877,HOU,4433192,19
401468877,HOU,4432168,9
401468877,HOU,3913180,11
401468877,HOU,4871143,0
401468877,HOU,4376,0
401468877,HOU,4432176,0
401468877,HOU,4683749,0
401468878,DEN,3064290,37
401468878,DEN,4431690,22
401468878,DEN,4230557,20
401468878,DEN,4065670,36
401468878,DEN,4431767,26
401468878,DEN,3209,28
401468878,DEN,3442,11
401468878,DEN,4305,19
401468878,DEN,3059262,16
401468878,DEN,4592492,25
401468878,DEN,4576087,0
401468878,MIL,3032977,31
401468878,MIL,3448,32
401468878,MIL,3995,36
401468878,MIL,2578239,38
401468878,MIL,3135045,28
401468878,MIL,6609,15
401468878,MIL,2968436,27
401468878,MIL,4277883,7
401468878,MIL,4032,15
401468878,MIL,3133635,11
401468878,MIL,3102533,0
401468878,MIL,4278580,0
401468878,MIL,3438,0
401468879,MIN,2993874,33
401468879,MIN,4431671,34
401468879,MIN,3032976,35
401468879,MIN,3136776,39
401468879,MIN,4594268,37
401468879,MIN,3908336,9
401468879,MIN,4067325,3
401468879,MIN,4396971,14
401468879,MIN,6617,24
401468879,MIN,4278541,13
401468879,MIN,4592187,0
401468879,MIN,4277951,0
401468879,MIN,2994526,0
401468879,NO,3913176,26
401468879,NO,4277813,26
401468879,NO,4397688,21
401468879,NO,6477,29
401468879,NO,2490149,34
401468879,NO,2580365,22
401468879,NO,4278594,27
401468879,NO,2999409,15
401468879,NO,3133601,16
401468879,NO,4277869,24
401468879,NO,4397077,0
401468879,NO,4023,0
401468880,ATL,3908845,30
401468880,ATL,3102529,28
401468880,ATL,3037789,34
401468880,ATL,3907497,38
401468880,ATL,4277905,35
401468880,ATL,4431680,20
401468880,ATL,4432585,23
401468880,ATL,4701230,17
401468880,ATL,3922230,14
401468880,ATL,2284101,0
401468880,ATL,2579294,0
401468880,ATL,4065732,0
401468880,ATL,4065656,0
401468880,ATL,4397179,0
401468880,ATL,4578893,0
401468880,OKC,3133626,30
401468880,OKC,4278073,36
401468880,OKC,4397020,28
401468880,OKC,4593803,38
401468880,OKC,4871145,30
401468880,OKC,4423545,16
401468880,OKC,4997526,11
401468880,OKC,2490089,11
401468880,OKC,4395702,14
401468880,OKC,4397183,14
401468880,OKC,4432819,12
401468880,OKC,4432823,0
401468881,MEM,3155526,31
401468881,MEM,3906665,32
401468881,MEM,4277961,28
401468881,MEM,4066320,34
401468881,MEM,4279888,35
401468881,MEM,4277964,13
401468881,MEM,4433137,24
401468881,MEM,4593041,3
401468881,MEM,4593125,21
401468881,MEM,3135046,19
401468881,MEM,4585610,0
401468881,MEM,4592691,0
401468881,MEM,4397227,0
401468881,MEM,4432646,0
401468881,GS,6589,32
401468881,GS,4433247,24
401468881,GS,3975,35
401468881,GS,6475,34
401468881,GS,4277956,31
401468881,GS,2327577,10
401468881,GS,3155535,20
401468881,GS,4066790,19
401468881,GS,3934673,34
401468881,GS,4432808,0
401468881,GS,4432171,0
401468881,GS,4433246,0
401468881,GS,4591725,0
401468882,UTAH,4066336,34
401468882,UTAH,4433136,18
401468882,UTAH,3907822,29
401468882,UTAH,3195,32
401468882,UTAH,2528426,30
401468882,UTAH,3899664,1
401468882,UTAH,4278077,27
401468882,UTAH,4683025,1
401468882,UTAH,3005,18
401468882,UTAH,4396991,14
401468882,UTAH,4066299,1
401468882,UTAH,4277811,22
401468882,UTAH,4278039,1
401468882,UTAH,4397018,12
401468882,POR,2991070,42
401468882,POR,3102530,18
401468882,POR,6606,40
401468882,POR,3062679,9
401468882,POR,4351851,39
401468882,POR,3914285,26
401468882,POR,4431675,4
401468882,POR,4395652,32
401468882,POR,3134903,12
401468882,POR,4914336,18
401468882,POR,4432161,0
401468882,POR,4432446,0
401468882,POR,4432588,0
401468882,POR,4432192,0
401468883,TOR,3149673,35
401468883,TOR,3934719,31
401468883,TOR,4433134,38
401468883,TOR,2991230,38
401468883,TOR,4277843,36
401468883,TOR,4017839,12
401468883,TOR,3948153,22
401468883,TOR,4431679,28
401468883,TOR,3244,0
401468883,TOR,4397033,0
401468883,TOR,2578240,0
401468883,TOR,4066668,0
401468883,SAC,6578,30
401468883,SAC,3155942,35
401468883,SAC,4594327,33
401468883,SAC,4066259,30
401468883,SAC,4066372,32
401468883,SAC,3914283,16
401468883,SAC,2993370,3
401468883,SAC,3136196,23
401468883,SAC,4066262,20
401468883,SAC,4278053,18
401468883,SAC,4278521,0
401468883,SAC,2596107,0
401468883,SAC,2489716,0
401468883,SAC,3919454,0
401468883,SAC,3923250,0
401468884,SA,4395723,33
401468884,SA,4610139,27
401468884,SA,3136779,25
401468884,SA,3134908,23
401468884,SA,4395626,26
401468884,SA,2528588,23
401468884,SA,4066650,24
401468884,SA,4565201,19
401468884,SA,3134881,14
401468884,SA,2534781,1
401468884,SA,2581190,25
401468884,SA,4066392,0
401468884,LAL,1966,35
401468884,LAL,4278508,21
401468884,LAL,3934723,21
401468884,LAL,3964,24
401468884,LAL,3032979,38
401468884,LAL,6583,26
401468884,LAL,4066264,1
401468884,LAL,4066648,22
401468884,LAL,4401416,1
401468884,LAL,3064559,0
401468884,LAL,3468,28
401468884,LAL,4432582,24
401468885,NY,3064514,37
401468885,NY,4395625,40
401468885,NY,4277922,36
401468885,NY,3934672,40
401468885,NY,4397014,38
401468885,NY,4278355,16
401468885,NY,4222252,17
401468885,NY,4395724,28
401468885,NY,4431823,13
401468885,NY,4395627,0
401468885,NY,3456,0
401468885,NY,2991047,0
401468885,NY,3133602,0
401468885,BOS,4065648,43
401468885,BOS,3213,35
401468885,BOS,4066211,36
401468885,BOS,3078576,28
401468885,BOS,3917376,42
401468885,BOS,4065804,8
401468885,BOS,4066218,22
401468885,BOS,3064560,4
401468885,BOS,2566769,35
401468885,BOS,4066354,13
401468885,BOS,3989,0
401468885,BOS,3138156,0
401468886,DET,3593,32
401468886,DET,4433621,27
401468886,DET,6429,30
401468886,DET,4397136,32
401468886,DET,4433218,32
401468886,DET,4277957,23
401468886,DET,4432810,21
401468886,DET,4080610,19
401468886,DET,4683024,25
401468886,DET,4278075,0
401468886,DET,2991280,0
401468886,DET,2488826,0
401468886,BKN,2583632,29
401468886,BKN,2528794,22
401468886,BKN,4278067,33
401468886,BKN,6442,38
401468886,BKN,3907387,20
401468886,BKN,6461,16
401468886,BKN,2982334,18
401468886,BKN,3133838,24
401468886,BKN,4004,19
401468886,BKN,3136485,19
401468886,BKN,4432174,2
401468886,BKN,4397693,0
401468886,BKN,4397107,0
401468887,CHI,4431687,32
401468887,CHI,6478,35
401468887,CHI,3978,35
401468887,CHI,3064440,36
401468887,CHI,4397002,28
401468887,CHI,3936099,23
401468887,CHI,2991350,24
401468887,CHI,4395651,26
401468887,CHI,4433159,1
401468887,CHI,6585,0
401468887,CHI,4065673,0
401468887,CHI,4067735,0
401468887,CHA,4278078,30
401468887,CHA,4249,25
401468887,CHA,2488653,30
401468887,CHA,3074752,35
401468887,CHA,4432816,37
401468887,CHA,4066731,26
401468887,CHA,4702233,18
401468887,CHA,4701232,18
401468887,CHA,4065697,21
401468887,CHA,4278076,0
401468887,CHA,4431712,0
401468887,CHA,4576086,0
401468888,CLE,4432822,26
401468888,CLE,4066328,35
401468888,CLE,4432158,33
401468888,CLE,2991043,32
401468888,CLE,4396907,33
401468888,CLE,3912848,23
401468888,CLE,3947156,3
401468888,CLE,4066405,11
401468888,CLE,3893016,24
401468888,CLE,4011,17
401468888,CLE,2968361,3
401468888,CLE,3447,0
401468888,HOU,4431828,27
401468888,HOU,4432639,19
401468888,HOU,4871144,30
401468888,HOU,4432168,19
401468888,HOU,4437244,28
401468888,HOU,4277952,15
401468888,HOU,4433192,25
401468888,HOU,4376,6
401468888,HOU,4432176,21
401468888,HOU,3913180,20
401468888,HOU,4683749,29
401468888,HOU,4871143,0
401468889,DAL,2531367,36
401468889,DAL,2578185,35
401468889,DAL,2580782,40
401468889,DAL,2528210,40
401468889,DAL,3945274,3
401468889,DAL,6426,10
401468889,DAL,2528779,31
401468889,DAL,4230547,8
401468889,DAL,4432811,32
401468889,DAL,4868423,5
401468889,DAL,3452,0
401468889,DAL,4278507,0
401468889,DAL,3138154,0
401468889,PHX,3138196,33
401468889,PHX,2528693,28
401468889,PHX,4278129,31
401468889,PHX,2779,38
401468889,PHX,3147657,42
401468889,PHX,3032978,3
401468889,PHX,3059307,13
401468889,PHX,6427,10
401468889,PHX,3146557,5
401468889,PHX,4397235,5
401468889,PHX,2595209,18
401468889,PHX,4065663,9
401468889,PHX,4278124,4
401468890,SA,4395723,31
401468890,SA,4565201,26
401468890,SA,3136779,27
401468890,SA,3134908,22
401468890,SA,4395626,27
401468890,SA,4066392,21
401468890,SA,2528588,22
401468890,SA,4066650,19
401468890,SA,3134881,17
401468890,SA,2534781,7
401468890,SA,4683935,21
401468890,LAC,4251,35
401468890,LAC,6450,31
401468890,LAC,4017837,21
401468890,LAC,3907823,24
401468890,LAC,3913174,17
401468890,LAC,2490620,21
401468890,LAC,3416,26
401468890,LAC,4433249,7
401468890,LAC,6443,16
401468890,LAC,2595516,21
401468890,LAC,4066387,7
401468890,LAC,4397916,6
401468890,LAC,4432162,7
401468891,MIL,3032977,34
401468891,MIL,3448,24
401468891,MIL,3995,35
401468891,MIL,2578239,33
401468891,MIL,3135045,32
401468891,MIL,6609,15
401468891,MIL,2968436,23
401468891,MIL,4277883,12
401468891,MIL,4032,20
401468891,MIL,3133635,12
401468891,MIL,3102533,0
401468891,MIL,4278580,0
401468891,MIL,4432179,0
401468891,MIL,3438,0
401468891,IND,3133628,36
401468891,IND,4592402,34
401468891,IND,2530530,32
401468891,IND,2990984,36
401468891,IND,4396909,27
401468891,IND,4279815,1
401468891,IND,4397189,11
401468891,IND,4278031,12
401468891,IND,4395712,20
401468891,IND,4683634,31
401468891,IND,3999,0
401468891,IND,4432170,0
401468891,IND,4348700,0
401468891,IND,4409222,0
401468892,MEM,3155526,37
401468892,MEM,3906665,28
401468892,MEM,4277961,28
401468892,MEM,4433137,26
401468892,MEM,4279888,38
401468892,MEM,4277964,16
401468892,MEM,4592691,13
401468892,MEM,4593041,16
401468892,MEM,4593125,19
401468892,MEM,3135046,20
401468892,MEM,4397227,0
401468892,MEM,4432646,0
401468892,MIN,2993874,27
401468892,MIN,4431671,31
401468892,MIN,3032976,31
401468892,MIN,3136776,37
401468892,MIN,4594268,36
401468892,MIN,4067325,20
401468892,MIN,4396971,17
401468892,MIN,6617,21
401468892,MIN,4278541,20
401468892,MIN,4592187,0
401468892,MIN,4687718,0
401468892,MIN,4277951,0
401468892,MIN,2994526,0
401468893,ORL,4432573,36
401468893,ORL,4566434,33
401468893,ORL,4277847,31
401468893,ORL,2999547,28
401468893,ORL,4066636,31
401468893,ORL,3150844,16
401468893,ORL,4397102,20
401468893,ORL,4432165,17
401468893,ORL,4432809,28
401468893,ORL,4277919,0
401468893,ORL,6619,0
401468893,MIA,6430,33
401468893,MIA,3138160,27
401468893,MIA,4066261,37
401468893,MIA,3012,25
401468893,MIA,4395725,30
401468893,MIA,4291678,7
401468893,MIA,4593049,11
401468893,MIA,2527963,22
401468893,MIA,3137259,19
401468893,MIA,4065778,30
401468893,MIA,2184,0
401468893,MIA,2580913,0
401468894,CLE,4432822,26
401468894,CLE,4066328,36
401468894,CLE,4432158,38
401468894,CLE,2991043,38
401468894,CLE,4396907,37
401468894,CLE,3912848,26
401468894,CLE,4066405,15
401468894,CLE,3893016,13
401468894,CLE,2968361,12
401468894,CLE,3947156,0
401468894,CLE,3447,0
401468894,OKC,4432823,19
401468894,OKC,4278073,35
401468894,OKC,4397183,31
401468894,OKC,4593803,33
401468894,OKC,4871145,28
401468894,OKC,4423545,14
401468894,OKC,4997526,10
401468894,OKC,2490089,20
401468894,OKC,3133626,20
401468894,OKC,4395702,21
401468894,OKC,4432819,9
401468895,TOR,3149673,40
401468895,TOR,3934719,10
401468895,TOR,4433134,37
401468895,TOR,2991230,40
401468895,TOR,4277843,37
401468895,TOR,4017839,11
401468895,TOR,3244,10
401468895,TOR,3948153,19
401468895,TOR,4431679,36
401468895,TOR,2578240,0
401468895,TOR,4431778,0
401468895,TOR,4066668,0
401468895,TOR,4066786,0
401468895,TOR,4397251,0
401468895,GS,6589,33
401468895,GS,3155535,24
401468895,GS,3975,39
401468895,GS,6475,38
401468895,GS,4277956,24
401468895,GS,2327577,16
401468895,GS,4066790,11
401468895,GS,4433247,23
401468895,GS,3934673,33
401468895,GS,3059319,0
401468895,GS,4432808,0
401468896,DEN,3064290,29
401468896,DEN,4278104,29
401468896,DEN,3112335,38
401468896,DEN,2581018,34
401468896,DEN,3936299,39
401468896,DEN,3209,19
401468896,DEN,4431690,10
401468896,DEN,4065670,22
401468896,DEN,4592492,21
401468896,DEN,4230557,0
401468896,DEN,3442,0
401468896,DEN,4305,0
401468896,DEN,3059262,0
401468896,DEN,4431767,0
401468896,PHI,3033,24
401468896,PHI,6440,32
401468896,PHI,3059318,38
401468896,PHI,3992,36
401468896,PHI,4066436,23
401468896,PHI,2990969,19
401468896,PHI,2991055,10
401468896,PHI,3915195,15
401468896,PHI,3907498,12
401468896,PHI,4431678,31
401468896,PHI,4278562,0
401468896,PHI,2991155,0
401468896,PHI,3929325,0
401468896,PHI,4432164,0
401468897,NY,3064514,38
401468897,NY,4395625,31
401468897,NY,4277922,27
401468897,NY,3934672,37
401468897,NY,4397014,38
401468897,NY,4278355,10
401468897,NY,4222252,20
401468897,NY,4395724,28
401468897,NY,4431823,11
401468897,NY,4395627,0
401468897,NY,3456,0
401468897,NY,6588,0
401468897,NY,2991047,0
401468897,NY,3133602,0
401468897,BKN,2583632,36
401468897,BKN,2528794,31
401468897,BKN,4278067,35
401468897,BKN,6442,41
401468897,BKN,2326307,33
401468897,BKN,3133838,17
401468897,BKN,4432194,14
401468897,BKN,4004,11
401468897,BKN,3136485,10
401468897,BKN,4432174,13
401468897,BKN,6461,0
401468897,BKN,4397693,0
401468897,BKN,4397107,0
401468898,HOU,4431828,27
401468898,HOU,4432639,34
401468898,HOU,4433192,31
401468898,HOU,4432176,27
401468898,HOU,3431,34
401468898,HOU,4871143,19
401468898,HOU,3136777,20
401468898,HOU,4277952,16
401468898,HOU,4432168,16
401468898,HOU,3913180,13
401468898,HOU,4683749,4
401468898,HOU,4376,0
401468898,HOU,4871144,0
401468898,DET,3593,37
401468898,DET,4433621,24
401468898,DET,6429,27
401468898,DET,4397136,27
401468898,DET,4433218,28
401468898,DET,4277957,25
401468898,DET,4278075,7
401468898,DET,4432810,24
401468898,DET,4080610,20
401468898,DET,4683024,21
401468898,DET,2991280,0
401468898,DET,2488826,0
401468899,CHI,4431687,37
401468899,CHI,6478,39
401468899,CHI,3978,38
401468899,CHI,3064440,37
401468899,CHI,4397002,22
401468899,CHI,3936099,15
401468899,CHI,3423,13
401468899,CHI,2991350,21
401468899,CHI,4395651,19
401468899,CHI,6585,0
401468899,CHI,4065673,0
401468899,CHI,4067735,0
401468899,CHI,4433159,0
401468899,ORL,4432573,25
401468899,ORL,4566434,23
401468899,ORL,4277847,25
401468899,ORL,2999547,20
401468899,ORL,4066636,22
401468899,ORL,4065654,9
401468899,ORL,3918423,15
401468899,ORL,3150844,23
401468899,ORL,4397102,23
401468899,ORL,4432165,26
401468899,ORL,4432809,30
401468899,ORL,4277919,0
401468899,ORL,6619,0
401468900,LAC,4251,37
401468900,LAC,6450,39
401468900,LAC,4017837,37
401468900,LAC,3907823,35
401468900,LAC,3913174,21
401468900,LAC,3416,21
401468900,LAC,4433249,5
401468900,LAC,6443,22
401468900,LAC,2595516,24
401468900,LAC,4066387,0
401468900,LAC,4397916,0
401468900,LAC,4432162,0
401468900,ATL,3908845,34
401468900,ATL,4065732,37
401468900,ATL,3102529,28
401468900,ATL,3907497,39
401468900,ATL,4277905,36
401468900,ATL,4431680,20
401468900,ATL,4432585,12
401468900,ATL,4701230,7
401468900,ATL,3037789,24
401468900,ATL,3922230,3
401468900,ATL,2284101,0
401468900,ATL,2579294,0
401468900,ATL,4578893,0
401468900,ATL,4592304,0
401468901,SAC,6578,37
401468901,SAC,3155942,39
401468901,SAC,4594327,32
401468901,SAC,4066259,35
401468901,SAC,4066372,36
401468901,SAC,3914283,9
401468901,SAC,2993370,0
401468901,SAC,3136196,12
401468901,SAC,4278521,4
401468901,SAC,4066262,19
401468901,SAC,4278053,18
401468901,SAC,2596107,0
401468901,SAC,2489716,0
401468901,SAC,3919454,0
401468901,SAC,3923250,0
401468901,MIN,2993874,27
401468901,MIN,4431671,35
401468901,MIN,3032976,36
401468901,MIN,3136776,37
401468901,MIN,4594268,38
401468901,MIN,4067325,8
401468901,MIN,4592187,1
401468901,MIN,4277951,4
401468901,MIN,4396971,13
401468901,MIN,6617,23
401468901,MIN,4278541,18
401468901,MIN,4687718,0
401468901,MIN,2994526,0
401468902,WSH,3134907,38
401468902,WSH,4278049,29
401468902,WSH,4280151,26
401468902,WSH,3059310,28
401468902,WSH,6580,33
401468902,WSH,3986,17
401468902,WSH,4683021,27
401468902,WSH,3056247,18
401468902,WSH,3064447,24
401468902,WSH,4431669,0
401468902,WSH,6579,0
401468902,NO,3913176,29
401468902,NO,4277813,31
401468902,NO,4397688,27
401468902,NO,6477,9
401468902,NO,2490149,36
401468902,NO,2580365,28
401468902,NO,4278594,18
401468902,NO,2999409,20
401468902,NO,3133601,17
401468902,NO,4277869,25
401468902,NO,4397077,0
401468902,NO,4023,0
401468902,NO,4395698,0
401468903,PHX,3138196,32
401468903,PHX,2528693,31
401468903,PHX,4278129,37
401468903,PHX,2779,39
401468903,PHX,3147657,41
401468903,PHX,3032978,23
401468903,PHX,6427,16
401468903,PHX,2595209,21
401468903,PHX,4065663,12
401468903,PHX,4278124,14
401468903,PHX,3059307,0
401468903,PHX,3146557,0
401468903,PHX,4397235,0
401468903,SA,4395723,41
401468903,SA,4610139,40
401468903,SA,3136779,32
401468903,SA,3134908,33
401468903,SA,4395626,28
401468903,SA,2528588,20
401468903,SA,4066650,20
401468903,SA,4565201,21
401468903,SA,3134881,26
401468903,SA,4683935,4
401468903,SA,4066392,0
401468903,SA,2534781,0
401468904,LAL,1966,44
401468904,LAL,4278508,27
401468904,LAL,3934723,19
401468904,LAL,3964,36
401468904,LAL,3032979,38
401468904,LAL,6583,34
401468904,LAL,4066648,24
401468904,LAL,3468,25
401468904,LAL,4277890,18
401468904,LAL,4066264,0
401468904,LAL,4401416,0
401468904,LAL,3064559,0
401468904,LAL,4432582,0
401468904,BOS,4065648,47
401468904,BOS,4066218,39
401468904,BOS,3213,38
401468904,BOS,3078576,36
401468904,BOS,3917376,39
401468904,BOS,4065804,5
401468904,BOS,3064560,16
401468904,BOS,2566769,39
401468904,BOS,4066354,6
401468904,BOS,3989,0
401468904,BOS,3138156,0
401468905,DAL,2531367,23
401468905,DAL,2578185,41
401468905,DAL,2580782,42
401468905,DAL,2528210,31
401468905,DAL,4432811,38
401468905,DAL,6426,14
401468905,DAL,2528779,33
401468905,DAL,4230547,12
401468905,DAL,4278507,1
401468905,DAL,3138154,1
401468905,DAL,4067017,1
401468905,DAL,4868423,5
401468905,DAL,3452,0
401468905,UTAH,2489663,15
401468905,UTAH,4066336,36
401468905,UTAH,4433136,25
401468905,UTAH,3195,34
401468905,UTAH,2528426,31
401468905,UTAH,4278077,22
401468905,UTAH,3005,10
401468905,UTAH,3907822,30
401468905,UTAH,4277811,19
401468905,UTAH,4397018,18
401468905,UTAH,3899664,0
401468905,UTAH,4683025,0
401468905,UTAH,4396991,0
401468905,UTAH,4066299,0
401468905,UTAH,4278039,0
401468906,TOR,3149673,39
401468906,TOR,4431679,33
401468906,TOR,4433134,38
401468906,TOR,2991230,41
401468906,TOR,4277843,36
401468906,TOR,4017839,12
401468906,TOR,3244,9
401468906,TOR,3948153,17
401468906,TOR,4431778,2
401468906,TOR,4066668,10
401468906,TOR,4066786,2
401468906,TOR,4397251,2
401468906,TOR,2578240,0
401468906,POR,2991070,41
401468906,POR,3914285,22
401468906,POR,4395652,30
401468906,POR,6606,37
401468906,POR,4351851,40
401468906,POR,4431675,26
401468906,POR,4432446,5
401468906,POR,4432588,2
401468906,POR,3134903,17
401468906,POR,4432192,2
401468906,POR,4914336,19
401468906,POR,3062679,0
401468907,MIA,6430,33
401468907,MIA,3138160,27
401468907,MIA,4066261,36
401468907,MIA,3012,30
401468907,MIA,4395725,35
401468907,MIA,4593049,12
401468907,MIA,2527963,32
401468907,MIA,3137259,18
401468907,MIA,4065778,17
401468907,MIA,2184,0
401468907,MIA,4291678,0
401468907,MIA,2580913,0
401468907,CHA,4278078,36
401468907,CHA,4249,26
401468907,CHA,2488653,28
401468907,CHA,3074752,37
401468907,CHA,4432816,36
401468907,CHA,4066731,25
401468907,CHA,4702233,12
401468907,CHA,4701232,20
401468907,CHA,4065697,20
401468907,CHA,4431699,0
401468907,CHA,4278076,0
401468907,CHA,4431712,0
401468907,CHA,4576086,0
401468908,IND,3133628,27
401468908,IND,4592402,26
401468908,IND,2530530,23
401468908,IND,2990984,34
401468908,IND,4396909,32
401468908,IND,4432170,21
401468908,IND,4278031,18
401468908,IND,4395712,28
401468908,IND,4683634,31
401468908,IND,3999,0
401468908,IND,4279815,0
401468908,IND,4397189,0
401468908,IND,4348700,0
401468908,IND,4409222,0
401468908,MEM,3155526,31
401468908,MEM,3906665,18
401468908,MEM,4277961,38
401468908,MEM,4433137,20
401468908,MEM,4279888,42
401468908,MEM,4277964,25
401468908,MEM,4592691,5
401468908,MEM,4593041,16
401468908,MEM,4593125,15
401468908,MEM,3135046,30
401468908,MEM,4585610,0
401468908,MEM,4397227,0
401468908,MEM,4432646,0
401468909,LAC,3416,7
401468909,LAC,4017837,22
401468909,LAC,2595516,16
401468909,LAC,3907823,20
401468909,LAC,4066387,38
401468909,LAC,4433249,30
401468909,LAC,4397126,26
401468909,LAC,3913174,10
401468909,LAC,4397916,37
401468909,LAC,4432162,34
401468909,LAC,6443,0
401468909,CLE,4432822,18
401468909,CLE,4066328,26
401468909,CLE,4432158,27
401468909,CLE,3908809,20
401468909,CLE,4396907,23
401468909,CLE,3912848,27
401468909,CLE,4066405,12
401468909,CLE,3893016,22
401468909,CLE,3447,10
401468909,CLE,4011,19
401468909,CLE,2968361,8
401468909,CLE,2991043,28
401468910,NO,4277813,27
401468910,NO,4278594,34
401468910,NO,4397688,36
401468910,NO,6477,22
401468910,NO,4277869,29
401468910,NO,2580365,24
401468910,NO,4397077,22
401468910,NO,3133601,18
401468910,NO,4395698,27
401468910,NO,2999409,0
401468910,NO,4431811,0
401468910,NO,4023,0
401468910,MIL,3032977,30
401468910,MIL,3448,32
401468910,MIL,3995,30
401468910,MIL,2578239,26
401468910,MIL,3135045,26
401468910,MIL,6609,18
401468910,MIL,2968436,26
401468910,MIL,3102533,1
401468910,MIL,4278580,3
401468910,MIL,4432179,1
401468910,MIL,4277883,14
401468910,MIL,4032,20
401468910,MIL,3133635,13
401468910,MIL,3438,0
401468911,ORL,4432573,37
401468911,ORL,4566434,38
401468911,ORL,4277847,21
401468911,ORL,2999547,29
401468911,ORL,4066636,32
401468911,ORL,4065654,10
401468911,ORL,3150844,22
401468911,ORL,4277919,6
401468911,ORL,4397102,10
401468911,ORL,4432165,20
401468911,ORL,4432809,16
401468911,ORL,4433623,0
401468911,ORL,6619,0
401468911,ORL,4590530,0
401468911,PHI,3033,28
401468911,PHI,6440,33
401468911,PHI,3059318,33
401468911,PHI,3992,35
401468911,PHI,4066436,21
401468911,PHI,2990969,20
401468911,PHI,4278562,1
401468911,PHI,2991055,14
401468911,PHI,3915195,17
401468911,PHI,3907498,11
401468911,PHI,4431678,28
401468911,PHI,2991155,0
401468911,PHI,3929325,0
401468911,PHI,4432164,0
401468912,LAL,4066648,28
401468912,LAL,4278508,31
401468912,LAL,3934723,27
401468912,LAL,3964,35
401468912,LAL,3032979,34
401468912,LAL,4066264,16
401468912,LAL,4401416,8
401468912,LAL,3064559,2
401468912,LAL,3468,30
401468912,LAL,4277890,22
401468912,LAL,4432582,8
401468912,BKN,2583632,28
401468912,BKN,2528794,18
401468912,BKN,4278067,27
401468912,BKN,6442,39
401468912,BKN,2326307,22
401468912,BKN,6461,7
401468912,BKN,3133838,21
401468912,BKN,4432194,21
401468912,BKN,4004,26
401468912,BKN,3136485,8
401468912,BKN,4432174,23
401468913,SAC,6578,41
401468913,SAC,3155942,36
401468913,SAC,4594327,39
401468913,SAC,4066259,41
401468913,SAC,4066372,22
401468913,SAC,3914283,11
401468913,SAC,3136196,16
401468913,SAC,3919454,16
401468913,SAC,4066262,32
401468913,SAC,4278053,12
401468913,SAC,2993370,0
401468913,SAC,3059358,0
401468913,SAC,4278521,0
401468913,SAC,2596107,0
401468913,SAC,2489716,0
401468913,MIN,2993874,36
401468913,MIN,4431671,33
401468913,MIN,3032976,40
401468913,MIN,3136776,40
401468913,MIN,4594268,41
401468913,MIN,2990962,13
401468913,MIN,3908336,3
401468913,MIN,4396971,16
401468913,MIN,6617,20
401468913,MIN,4278541,22
401468913,MIN,4067325,0
401468913,MIN,4592187,0
401468913,MIN,4687718,0
401468913,MIN,4277951,0
401468913,MIN,2994526,0
401468914,GS,6589,31
401468914,GS,3059319,32
401468914,GS,3975,37
401468914,GS,6475,37
401468914,GS,4277956,31
401468914,GS,3155535,23
401468914,GS,4066790,11
401468914,GS,4433247,12
401468914,GS,3934673,26
401468914,GS,2327577,0
401468914,GS,4432808,0
401468914,GS,4432171,0
401468914,GS,4433246,0
401468914,OKC,3133626,33
401468914,OKC,4278073,37
401468914,OKC,4397183,23
401468914,OKC,4593803,31
401468914,OKC,4871145,29
401468914,OKC,4423545,10
401468914,OKC,4432823,18
401468914,OKC,4997526,7
401468914,OKC,2490089,14
401468914,OKC,4395702,25
401468914,OKC,4432819,13
401468915,WSH,3134907,32
401468915,WSH,4280151,27
401468915,WSH,3102531,30
401468915,WSH,3059310,24
401468915,WSH,6580,30
401468915,WSH,3986,18
401468915,WSH,4683021,33
401468915,WSH,4431669,2
401468915,WSH,3056247,20
401468915,WSH,3064447,23
401468915,WSH,6579,0
401468915,SA,4395723,34
401468915,SA,4610139,27
401468915,SA,3136779,34
401468915,SA,3134908,22
401468915,SA,4395626,31
401468915,SA,4066392,2
401468915,SA,2528588,22
401468915,SA,4066650,22
401468915,SA,4565201,18
401468915,SA,3134881,22
401468915,SA,4683935,7
401468916,DET,3593,36
401468916,DET,4433621,28
401468916,DET,6429,30
401468916,DET,4397136,32
401468916,DET,4433218,21
401468916,DET,4277957,29
401468916,DET,4278075,15
401468916,DET,4432810,20
401468916,DET,4683024,29
401468916,DET,2991280,0
401468916,DET,2488826,0
401468916,DET,4080610,0
401468916,DAL,2531367,27
401468916,DAL,2578185,35
401468916,DAL,2580782,32
401468916,DAL,2528210,29
401468916,DAL,3945274,36
401468916,DAL,6426,8
401468916,DAL,2528779,29
401468916,DAL,3452,10
401468916,DAL,4432811,29
401468916,DAL,4868423,6
401468916,DAL,4230547,0
401468916,DAL,4278507,0
401468916,DAL,3138154,0
401468917,TOR,3149673,38
401468917,TOR,4431679,34
401468917,TOR,4433134,36
401468917,TOR,2991230,39
401468917,TOR,4277843,37
401468917,TOR,4017839,7
401468917,TOR,3244,14
401468917,TOR,3948153,24
401468917,TOR,4431778,2
401468917,TOR,4066668,7
401468917,TOR,4397885,0
401468917,TOR,2578240,0
401468917,TOR,4066786,0
401468917,TOR,4397251,0
401468917,PHX,3138196,26
401468917,PHX,2528693,26
401468917,PHX,4278129,31
401468917,PHX,2779,35
401468917,PHX,3147657,39
401468917,PHX,3032978,14
401468917,PHX,3059307,20
401468917,PHX,6427,7
401468917,PHX,3146557,9
401468917,PHX,2595209,19
401468917,PHX,4065663,6
401468917,PHX,4278124,8
401468917,PHX,4397235,0
401468918,ATL,3908845,38
401468918,ATL,4065732,38
401468918,ATL,3102529,29
401468918,ATL,3907497,38
401468918,ATL,3922230,15
401468918,ATL,4431680,19
401468918,ATL,4432585,21
401468918,ATL,3037789,32
401468918,ATL,4065656,10
401468918,ATL,2284101,0
401468918,ATL,2579294,0
401468918,ATL,4701230,0
401468918,ATL,4578893,0
401468918,POR,2991070,35
401468918,POR,3102530,26
401468918,POR,6606,38
401468918,POR,3062679,35
401468918,POR,4351851,33
401468918,POR,3914285,22
401468918,POR,4395652,13
401468918,POR,3134903,14
401468918,POR,4914336,24
401468918,POR,4431675,0
401468918,POR,4432446,0
401468918,POR,4432588,0
401468918,POR,4432192,0
401468919,MIA,6430,34
401468919,MIA,3138160,34
401468919,MIA,4066261,37
401468919,MIA,3012,24
401468919,MIA,4395725,38
401468919,MIA,4593049,11
401468919,MIA,2527963,27
401468919,MIA,3137259,21
401468919,MIA,4065778,14
401468919,MIA,2184,0
401468919,MIA,4291678,0
401468919,MIA,2580913,0
401468919,CLE,4432822,25
401468919,CLE,4066328,34
401468919,CLE,4432158,38
401468919,CLE,3908809,37
401468919,CLE,4396907,31
401468919,CLE,3912848,21
401468919,CLE,3893016,7
401468919,CLE,4011,17
401468919,CLE,2991043,29
401468919,CLE,3449,0
401468919,CLE,4066405,0
401468919,CLE,3447,0
401468919,CLE,2968361,0
401468920,LAL,1966,43
401468920,LAL,6583,37
401468920,LAL,4066648,40
401468920,LAL,4278508,34
401468920,LAL,3032979,32
401468920,LAL,3934723,16
401468920,LAL,3468,36
401468920,LAL,4277890,13
401468920,LAL,4432582,13
401468920,LAL,4066264,0
401468920,LAL,4401416,0
401468920,LAL,3064559,0
401468920,NY,3064514,43
401468920,NY,4395625,27
401468920,NY,4277922,13
401468920,NY,3934672,44
401468920,NY,4397014,40
401468920,NY,4278355,10
401468920,NY,4222252,40
401468920,NY,4395724,39
401468920,NY,4431823,9
401468920,NY,4395627,0
401468920,NY,3456,0
401468920,NY,6588,0
401468920,NY,2991047,0
401468920,NY,3133602,0
401468921,LAC,4251,40
401468921,LAC,6450,40
401468921,LAC,4017837,28
401468921,LAC,3907823,21
401468921,LAC,3913174,17
401468921,LAC,2490620,8
401468921,LAC,3416,27
401468921,LAC,6443,27
401468921,LAC,2595516,33
401468921,LAC,4433249,0
401468921,LAC,4066387,0
401468921,LAC,4397916,0
401468921,LAC,4432162,0
401468921,CHI,4431687,33
401468921,CHI,6478,39
401468921,CHI,3978,36
401468921,CHI,3064440,39
401468921,CHI,4397002,27
401468921,CHI,3936099,16
401468921,CHI,6585,4
401468921,CHI,3423,6
401468921,CHI,2991350,23
401468921,CHI,4395651,18
401468921,CHI,4065673,0
401468921,CHI,4683622,0
401468921,CHI,3056245,0
401468921,CHI,4067735,0
401468921,CHI,4433159,0
401468922,CHA,4278078,38
401468922,CHA,4249,27
401468922,CHA,2488653,31
401468922,CHA,3074752,35
401468922,CHA,4432816,40
401468922,CHA,4066731,25
401468922,CHA,4702233,10
401468922,CHA,4701232,17
401468922,CHA,4065697,17
401468922,CHA,4278076,0
401468922,CHA,3133603,0
401468922,CHA,4576086,0
401468922,MIL,3032977,36
401468922,MIL,3448,28
401468922,MIL,3995,36
401468922,MIL,2578239,29
401468922,MIL,3135045,31
401468922,MIL,6609,20
401468922,MIL,2968436,22
401468922,MIL,4277883,6
401468922,MIL,4032,16
401468922,MIL,3133635,17
401468922,MIL,3102533,0
401468922,MIL,4278580,0
401468922,MIL,4432179,0
401468922,MIL,3438,0
401468923,NO,3913176,33
401468923,NO,4277813,37
401468923,NO,4397688,32
401468923,NO,6477,19
401468923,NO,2490149,39
401468923,NO,2580365,21
401468923,NO,4278594,24
401468923,NO,2999409,9
401468923,NO,3133601,13
401468923,NO,4277869,14
401468923,NO,4397077,0
401468923,NO,4023,0
401468923,NO,4395698,0
401468923,DEN,3064290,36
401468923,DEN,4278104,30
401468923,DEN,3112335,38
401468923,DEN,2581018,38
401468923,DEN,3936299,36
401468923,DEN,3209,19
401468923,DEN,4431690,3
401468923,DEN,4065670,21
401468923,DEN,4431767,14
401468923,DEN,4592492,5
401468923,DEN,4230557,0
401468923,DEN,3442,0
401468923,DEN,4305,0
401468923,DEN,3059262,0
401468923,DEN,4576087,0
401468925,ORL,4432573,36
401468925,ORL,4566434,36
401468925,ORL,4277847,33
401468925,ORL,2999547,28
401468925,ORL,4066636,33
401468925,ORL,3150844,15
401468925,ORL,4397102,15
401468925,ORL,4432165,26
401468925,ORL,4432809,18
401468925,ORL,4433623,0
401468925,ORL,4277919,0
401468925,ORL,6619,0
401468925,ORL,4590530,0
401468925,PHI,3033,13
401468925,PHI,6440,37
401468925,PHI,3059318,35
401468925,PHI,3992,38
401468925,PHI,4066436,20
401468925,PHI,2990969,29
401468925,PHI,4278562,3
401468925,PHI,2991055,10
401468925,PHI,3915195,14
401468925,PHI,3907498,10
401468925,PHI,4431678,31
401468925,PHI,2991155,0
401468925,PHI,3929325,0
401468925,PHI,4432164,0
401468926,POR,2991070,20
401468926,POR,3102530,2
401468926,POR,6606,40
401468926,POR,3062679,32
401468926,POR,4351851,33
401468926,POR,3914285,24
401468926,POR,4431675,22
401468926,POR,4432446,6
401468926,POR,4395652,14
401468926,POR,3134903,29
401468926,POR,4914336,19
401468926,POR,4432588,0
401468926,POR,4432192,0
401468926,MEM,3155526,38
401468926,MEM,4277961,34
401468926,MEM,4277964,28
401468926,MEM,4066320,26
401468926,MEM,4279888,34
401468926,MEM,3988,10
401468926,MEM,3906665,17
401468926,MEM,4433137,19
401468926,MEM,4593125,18
401468926,MEM,3135046,17
401468926,MEM,4585610,0
401468926,MEM,4592691,0
401468926,MEM,4593041,0
401468926,MEM,4432646,0
401468927,BKN,2583632,27
401468927,BKN,2528794,24
401468927,BKN,4278067,26
401468927,BKN,6442,31
401468927,BKN,2326307,25
401468927,BKN,6461,7
401468927,BKN,3133838,19
401468927,BKN,4432194,27
401468927,BKN,4004,18
401468927,BKN,3136485,12
401468927,BKN,4432174,24
401468927,BOS,4065648,29
401468927,BOS,3213,25
401468927,BOS,4066211,19
401468927,BOS,3078576,32
401468927,BOS,3917376,32
401468927,BOS,3989,9
401468927,BOS,3138156,8
401468927,BOS,4065804,12
401468927,BOS,4066218,17
401468927,BOS,3064560,19
401468927,BOS,2566769,22
401468927,BOS,4066354,16
401468928,OKC,4432823,12
401468928,OKC,4278073,34
401468928,OKC,4395702,21
401468928,OKC,4593803,29
401468928,OKC,4871145,38
401468928,OKC,4423545,15
401468928,OKC,4997526,15
401468928,OKC,2490089,12
401468928,OKC,3133626,30
401468928,OKC,4397183,17
401468928,OKC,4432819,17
401468928,HOU,4431828,32
401468928,HOU,4432639,27
401468928,HOU,4871144,33
401468928,HOU,4432176,33
401468928,HOU,3431,35
401468928,HOU,3136777,20
401468928,HOU,4277952,10
401468928,HOU,4433192,19
401468928,HOU,4432168,14
401468928,HOU,3913180,19
401468928,HOU,4871143,0
401468928,HOU,4376,0
401468928,HOU,4683749,0
401468929,GS,6589,39
401468929,GS,3059319,35
401468929,GS,3975,42
401468929,GS,6475,40
401468929,GS,4277956,32
401468929,GS,3155535,29
401468929,GS,4066790,7
401468929,GS,4433247,15
401468929,GS,3934673,25
401468929,GS,2327577,0
401468929,GS,4432808,0
401468929,GS,4432171,0
401468929,GS,4433246,0
401468929,MIN,2993874,39
401468929,MIN,4431671,38
401468929,MIN,4396971,35
401468929,MIN,3136776,35
401468929,MIN,4594268,39
401468929,MIN,2990962,21
401468929,MIN,4277951,13
401468929,MIN,6617,28
401468929,MIN,4278541,17
401468929,MIN,3908336,0
401468929,MIN,4067325,0
401468929,MIN,4592187,0
401468929,MIN,4687718,0
401468929,MIN,3032976,0
401468930,SAC,6578,36
401468930,SAC,3155942,37
401468930,SAC,4594327,27
401468930,SAC,4066259,38
401468930,SAC,4066372,19
401468930,SAC,3914283,11
401468930,SAC,3136196,20
401468930,SAC,3919454,9
401468930,SAC,4066262,33
401468930,SAC,4278053,10
401468930,SAC,2993370,0
401468930,SAC,3059358,0
401468930,SAC,4278521,0
401468930,SAC,2596107,0
401468930,SAC,2489716,0
401468930,SA,4395723,37
401468930,SA,4610139,7
401468930,SA,3136779,27
401468930,SA,3134908,29
401468930,SA,4395626,9
401468930,SA,4066392,8
401468930,SA,2528588,23
401468930,SA,4066650,19
401468930,SA,4565201,32
401468930,SA,3134881,16
401468930,SA,2581190,29
401468930,SA,4683935,4
401468931,TOR,3149673,39
401468931,TOR,4431679,25
401468931,TOR,4433134,41
401468931,TOR,2991230,38
401468931,TOR,4277843,38
401468931,TOR,3244,14
401468931,TOR,3948153,20
401468931,TOR,4397885,9
401468931,TOR,4431778,9
401468931,TOR,4066668,6
401468931,TOR,4017839,0
401468931,TOR,2578240,0
401468931,UTAH,2489663,20
401468931,UTAH,4066336,36
401468931,UTAH,4433136,30
401468931,UTAH,3195,31
401468931,UTAH,2528426,32
401468931,UTAH,4278077,18
401468931,UTAH,3005,11
401468931,UTAH,3907822,27
401468931,UTAH,4277811,20
401468931,UTAH,4397018,17
401468931,UTAH,4683025,0
401468931,UTAH,4396991,0
401468931,UTAH,4066299,0
401468931,UTAH,4278039,0
401468932,ATL,3908845,24
401468932,ATL,4065732,25
401468932,ATL,3102529,22
401468932,ATL,3907497,30
401468932,ATL,4277905,27
401468932,ATL,2284101,6
401468932,ATL,2579294,6
401468932,ATL,4431680,20
401468932,ATL,4432585,19
401468932,ATL,4701230,17
401468932,ATL,3037789,25
401468932,ATL,3922230,7
401468932,ATL,4065656,7
401468932,ATL,4578893,6
401468932,PHX,3138196,15
401468932,PHX,2528693,23
401468932,PHX,4278129,27
401468932,PHX,2779,27
401468932,PHX,3147657,30
401468932,PHX,3032978,22
401468932,PHX,3059307,19
401468932,PHX,6427,10
401468932,PHX,3146557,11
401468932,PHX,2595209,21
401468932,PHX,4065663,15
401468932,PHX,4278124,21
401468933,LAL,1966,33
401468933,LAL,6583,35
401468933,LAL,4066648,28
401468933,LAL,3964,29
401468933,LAL,3032979,36
401468933,LAL,4278508,18
401468933,LAL,3934723,12
401468933,LAL,3468,32
401468933,LAL,4277890,18
401468933,LAL,4066264,0
401468933,LAL,4401416,0
401468933,LAL,3064559,0
401468933,LAL,4432582,0
401468933,IND,3133628,31
401468933,IND,2990984,37
401468933,IND,4395712,33
401468933,IND,4396909,35
401468933,IND,4396993,36
401468933,IND,4432170,9
401468933,IND,4278031,9
401468933,IND,2451037,7
401468933,IND,4592402,6
401468933,IND,2530530,17
401468933,IND,4683634,20
401468933,IND,3999,0
401468933,IND,4279815,0
401468933,IND,4397189,0
401468933,IND,4348700,0
401468934,MEM,3155526,22
401468934,MEM,4277964,27
401468934,MEM,4593125,34
401468934,MEM,4066320,32
401468934,MEM,4279888,30
401468934,MEM,3906665,21
401468934,MEM,4433137,4
401468934,MEM,4592691,7
401468934,MEM,4593041,11
401468934,MEM,3134932,28
401468934,MEM,3135046,24
401468934,CLE,4432822,29
401468934,CLE,4066328,38
401468934,CLE,4432158,33
401468934,CLE,3908809,22
401468934,CLE,4396907,33
401468934,CLE,3912848,17
401468934,CLE,4066405,13
401468934,CLE,3893016,32
401468934,CLE,4011,21
401468934,CLE,2968361,2
401468934,CLE,3449,0
401468934,CLE,3447,0
401468935,MIA,6430,33
401468935,MIA,3138160,24
401468935,MIA,4066261,38
401468935,MIA,3012,24
401468935,MIA,4395725,40
401468935,MIA,2184,10
401468935,MIA,4291678,17
401468935,MIA,3137259,25
401468935,MIA,4065778,29
401468935,MIA,2580913,0
401468935,MIA,2527963,0
401468935,NY,3064514,34
401468935,NY,4395625,41
401468935,NY,4277922,19
401468935,NY,4395724,37
401468935,NY,4397014,37
401468935,NY,4278355,14
401468935,NY,4222252,29
401468935,NY,6588,18
401468935,NY,4431823,11
401468935,NY,4395627,0
401468935,NY,3456,0
401468935,NY,2991047,0
401468935,NY,3133602,0
401468935,NY,3934672,0
401468936,CHA,4278078,39
401468936,CHA,4249,25
401468936,CHA,2488653,31
401468936,CHA,3074752,37
401468936,CHA,4432816,36
401468936,CHA,4066731,26
401468936,CHA,4702233,9
401468936,CHA,4701232,17
401468936,CHA,4065697,20
401468936,CHA,4278076,0
401468936,CHA,4576086,0
401468936,CHI,4431687,27
401468936,CHI,6478,33
401468936,CHI,3978,38
401468936,CHI,3064440,36
401468936,CHI,4397002,35
401468936,CHI,3936099,8
401468936,CHI,6585,15
401468936,CHI,3423,14
401468936,CHI,2991350,7
401468936,CHI,4395651,27
401468936,CHI,4065673,0
401468936,CHI,4433159,0
401468937,NO,3913176,36
401468937,NO,4277813,35
401468937,NO,4397688,34
401468937,NO,6477,22
401468937,NO,2490149,37
401468937,NO,2580365,26
401468937,NO,4278594,25
401468937,NO,4277869,14
401468937,NO,4395698,11
401468937,NO,2999409,0
401468937,NO,4397077,0
401468937,NO,3133601,0
401468937,NO,4023,0
401468937,DAL,2531367,27
401468937,DAL,2578185,34
401468937,DAL,2580782,36
401468937,DAL,2528210,40
401468937,DAL,3945274,23
401468937,DAL,6426,6
401468937,DAL,2528779,34
401468937,DAL,4230547,1
401468937,DAL,4432811,30
401468937,DAL,4868423,10
401468937,DAL,3923253,0
401468937,DAL,3452,0
401468937,DAL,4278507,0
401468937,DAL,3138154,0
401468938,GS,3059319,31
401468938,GS,3155535,24
401468938,GS,4433247,32
401468938,GS,3975,33
401468938,GS,4277956,26
401468938,GS,2327577,16
401468938,GS,4432808,17
401468938,GS,3934673,22
401468938,GS,4065733,24
401468938,GS,4432171,16
401468938,GS,6589,0
401468938,GS,4433246,0
401468938,DEN,4278104,27
401468938,DEN,4230557,32
401468938,DEN,3112335,33
401468938,DEN,2581018,32
401468938,DEN,3936299,30
401468938,DEN,3209,14
401468938,DEN,4431690,17
401468938,DEN,4305,1
401468938,DEN,3059262,1
401468938,DEN,4065670,31
401468938,DEN,4431767,19
401468938,DEN,4576087,1
401468938,DEN,3442,0
401468938,DEN,4592492,0
401468939,LAC,4251,36
401468939,LAC,6450,40
401468939,LAC,6462,32
401468939,LAC,4017837,29
401468939,LAC,3907823,24
401468939,LAC,2490620,6
401468939,LAC,3416,17
401468939,LAC,6443,25
401468939,LAC,2595516,31
401468939,LAC,4433249,0
401468939,LAC,4397126,0
401468939,LAC,3913174,0
401468939,LAC,4066387,0
401468939,LAC,4397916,0
401468939,LAC,4432162,0
401468939,MIL,3032977,36
401468939,MIL,3448,23
401468939,MIL,3995,34
401468939,MIL,2578239,32
401468939,MIL,3135045,24
401468939,MIL,6609,20
401468939,MIL,2968436,27
401468939,MIL,3438,1
401468939,MIL,4032,25
401468939,MIL,3133635,17
401468939,MIL,3102533,0
401468939,MIL,4278580,0
401468939,MIL,4432179,0
401468939,MIL,4277883,0
401468940,CHA,4278078,37
401468940,CHA,4249,26
401468940,CHA,2488653,31
401468940,CHA,3074752,35
401468940,CHA,4432816,40
401468940,CHA,4066731,23
401468940,CHA,4702233,11
401468940,CHA,4278076,15
401468940,CHA,4701232,1
401468940,CHA,4065697,20
401468940,CHA,4576086,0
401468940,DET,3593,35
401468940,DET,4432810,28
401468940,DET,4433621,33
401468940,DET,6429,26
401468940,DET,4433218,29
401468940,DET,4277957,14
401468940,DET,4080610,20
401468940,DET,4397136,30
401468940,DET,4683024,24
401468940,DET,4278075,0
401468940,DET,2991280,0
401468940,DET,2488826,0
401468941,SAC,6578,35
401468941,SAC,3155942,38
401468941,SAC,4594327,25
401468941,SAC,4066372,36
401468941,SAC,4278053,22
401468941,SAC,3914283,10
401468941,SAC,3136196,20
401468941,SAC,2489716,9
401468941,SAC,3919454,18
401468941,SAC,4066262,28
401468941,SAC,2993370,0
401468941,SAC,3059358,0
401468941,SAC,2596107,0
401468941,SAC,4702177,0
401468941,IND,3133628,33
401468941,IND,2990984,37
401468941,IND,4395712,35
401468941,IND,4396909,33
401468941,IND,4396993,34
401468941,IND,4278031,13
401468941,IND,2451037,15
401468941,IND,2530530,14
401468941,IND,4683634,28
401468941,IND,3999,0
401468941,IND,4279815,0
401468941,IND,4397189,0
401468941,IND,4432170,0
401468941,IND,4348700,0
401468941,IND,4592402,0
401468942,POR,2991070,36
401468942,POR,3914285,18
401468942,POR,6606,40
401468942,POR,3062679,39
401468942,POR,4351851,37
401468942,POR,4431675,30
401468942,POR,4432446,5
401468942,POR,4395652,16
401468942,POR,4914336,20
401468942,POR,4432588,0
401468942,POR,3134903,0
401468942,POR,4432192,0
401468942,WSH,3134907,37
401468942,WSH,4278049,26
401468942,WSH,3102531,35
401468942,WSH,3059310,27
401468942,WSH,6580,32
401468942,WSH,4280151,23
401468942,WSH,4683021,15
401468942,WSH,3056247,18
401468942,WSH,3064447,27
401468942,WSH,3986,0
401468942,WSH,6579,0
401468942,WSH,4278402,0
401468943,PHX,3032978,30
401468943,PHX,2528693,19
401468943,PHX,4278129,35
401468943,PHX,2779,35
401468943,PHX,3147657,38
401468943,PHX,3059307,31
401468943,PHX,3146557,12
401468943,PHX,2595209,27
401468943,PHX,4278124,13
401468943,PHX,3138196,0
401468943,PHX,6427,0
401468943,PHX,4065663,0
401468943,BOS,4065648,38
401468943,BOS,3213,31
401468943,BOS,4066211,30
401468943,BOS,3078576,35
401468943,BOS,3917376,39
401468943,BOS,3138156,1
401468943,BOS,4065804,1
401468943,BOS,4066218,22
401468943,BOS,3064560,9
401468943,BOS,2566769,22
401468943,BOS,4066354,12
401468943,BOS,3989,0
401468944,TOR,3149673,36
401468944,TOR,4431679,29
401468944,TOR,4433134,37
401468944,TOR,2991230,37
401468944,TOR,4277843,38
401468944,TOR,4017839,5
401468944,TOR,3948153,23
401468944,TOR,4397885,2
401468944,TOR,4431778,17
401468944,TOR,4066668,16
401468944,TOR,3244,0
401468944,TOR,2578240,0
401468944,HOU,4431828,35
401468944,HOU,4432639,33
401468944,HOU,4871144,33
401468944,HOU,4432176,33
401468944,HOU,3431,34
401468944,HOU,3136777,17
401468944,HOU,4277952,14
401468944,HOU,4433192,13
401468944,HOU,4432168,19
401468944,HOU,3913180,7
401468944,HOU,4683749,2
401468944,HOU,4871143,0
401468944,HOU,4376,0
401468945,ORL,4432573,33
401468945,ORL,4566434,34
401468945,ORL,4277919,21
401468945,ORL,2999547,25
401468945,ORL,4066636,30
401468945,ORL,4065654,10
401468945,ORL,3150844,21
401468945,ORL,4397102,16
401468945,ORL,4067858,8
401468945,ORL,4432165,16
401468945,ORL,4432809,27
401468945,ORL,4433623,0
401468945,ORL,6619,0
401468945,ORL,4590530,0
401468945,MIN,2993874,5
401468945,MIN,4431671,23
401468945,MIN,3032976,26
401468945,MIN,3136776,38
401468945,MIN,4594268,38
401468945,MIN,2990962,19
401468945,MIN,3908336,15
401468945,MIN,4067325,11
401468945,MIN,4277951,10
401468945,MIN,4396971,21
401468945,MIN,6617,10
401468945,MIN,2994526,6
401468945,MIN,4278541,17
401468945,MIN,4592187,0
401468945,MIN,4687718,0
401468946,PHI,3033,22
401468946,PHI,6440,26
401468946,PHI,3059318,28
401468946,PHI,3992,25
401468946,PHI,4066436,22
401468946,PHI,2990969,23
401468946,PHI,4278562,4
401468946,PHI,2991155,7
401468946,PHI,2991055,16
401468946,PHI,3915195,22
401468946,PHI,3929325,2
401468946,PHI,3907498,16
401468946,PHI,4431678,27
401468946,SA,4395723,31
401468946,SA,4565201,35
401468946,SA,3136779,26
401468946,SA,3134908,24
401468946,SA,2581190,26
401468946,SA,4066392,10
401468946,SA,2528588,18
401468946,SA,4066650,17
401468946,SA,4870562,7
401468946,SA,3134881,29
401468946,SA,4683935,18
401468947,ATL,3908845,28
401468947,ATL,4065732,36
401468947,ATL,3102529,26
401468947,ATL,3907497,37
401468947,ATL,4277905,34
401468947,ATL,4431680,22
401468947,ATL,4432585,14
401468947,ATL,4701230,17
401468947,ATL,3037789,25
401468947,ATL,4257,0
401468947,ATL,2284101,0
401468947,ATL,2579294,0
401468947,ATL,3922230,0
401468947,ATL,4065656,0
401468947,ATL,4578893,0
401468947,UTAH,2489663,30
401468947,UTAH,4066336,37
401468947,UTAH,4433136,18
401468947,UTAH,3195,30
401468947,UTAH,2528426,31
401468947,UTAH,4278077,18
401468947,UTAH,3005,10
401468947,UTAH,3907822,18
401468947,UTAH,4277811,20
401468947,UTAH,4278039,5
401468947,UTAH,4397018,24
401468947,UTAH,3899664,0
401468947,UTAH,4683025,0
401468947,UTAH,4396991,0
401468947,UTAH,4066299,0
401468948,WSH,3134907,11
401468948,WSH,4278049,30
401468948,WSH,4280151,37
401468948,WSH,3102531,33
401468948,WSH,3059310,33
401468948,WSH,3986,0
401468948,WSH,4683021,34
401468948,WSH,3056247,21
401468948,WSH,3064447,28
401468948,WSH,4278402,13
401468948,WSH,6579,0
401468948,BKN,2583632,28
401468948,BKN,2528794,17
401468948,BKN,4278067,37
401468948,BKN,3136485,39
401468948,BKN,2326307,20
401468948,BKN,6461,6
401468948,BKN,3133838,25
401468948,BKN,4432194,9
401468948,BKN,4004,30
401468948,BKN,4432174,29
401468948,BKN,2982334,0
401468953,LAL,1966,40
401468953,LAL,6583,38
401468953,LAL,4066648,19
401468953,LAL,3964,27
401468953,LAL,3032979,37
401468953,LAL,4066264,6
401468953,LAL,4278508,31
401468953,LAL,3934723,3
401468953,LAL,3468,23
401468953,LAL,4277890,16
401468953,LAL,4401416,0
401468953,LAL,3064559,0
401468953,LAL,4432582,0
401468953,NO,3913176,32
401468953,NO,4277813,40
401468953,NO,4397688,28
401468953,NO,6477,24
401468953,NO,2490149,39
401468953,NO,2580365,24
401468953,NO,4278594,22
401468953,NO,2999409,0
401468953,NO,4277869,24
401468953,NO,4395698,6
401468953,NO,4397077,0
401468953,NO,3133601,0
401468953,NO,4023,0
401468949,PHX,3138196,23
401468949,PHX,2528693,28
401468949,PHX,4278129,31
401468949,PHX,2779,33
401468949,PHX,3147657,35
401468949,PHX,3032978,23
401468949,PHX,3059307,21
401468949,PHX,3146557,14
401468949,PHX,2595209,18
401468949,PHX,4278124,15
401468949,PHX,6427,0
401468949,PHX,4065663,0
401468949,DET,3593,35
401468949,DET,4432810,37
401468949,DET,4433621,28
401468949,DET,6429,25
401468949,DET,4433218,33
401468949,DET,4277957,7
401468949,DET,4278075,7
401468949,DET,4080610,16
401468949,DET,4397136,34
401468949,DET,4683024,18
401468949,DET,2991280,0
401468949,DET,2488826,0
401468950,LAC,4251,42
401468950,LAC,6450,41
401468950,LAC,6462,36
401468950,LAC,4017837,40
401468950,LAC,3907823,29
401468950,LAC,3416,27
401468950,LAC,6443,15
401468950,LAC,2595516,35
401468950,LAC,2490620,0
401468950,LAC,4433249,0
401468950,LAC,3913174,0
401468950,LAC,4066387,0
401468950,LAC,4397916,0
401468950,LAC,4432162,0
401468950,NY,3064514,41
401468950,NY,4395625,44
401468950,NY,4277922,21
401468950,NY,3934672,38
401468950,NY,4397014,39
401468950,NY,4278355,12
401468950,NY,4222252,32
401468950,NY,4395724,27
401468950,NY,4431823,11
401468950,NY,4395627,0
401468950,NY,3456,0
401468950,NY,6588,0
401468950,NY,2991047,0
401468950,NY,3133602,0
401468951,POR,2991070,40
401468951,POR,3914285,26
401468951,POR,6606,41
401468951,POR,3062679,34
401468951,POR,4351851,38
401468951,POR,4431675,22
401468951,POR,4395652,11
401468951,POR,3134903,13
401468951,POR,4914336,17
401468951,POR,4432446,0
401468951,POR,4432588,0
401468951,POR,4432192,0
401468951,CHI,4431687,31
401468951,CHI,6478,35
401468951,CHI,3978,40
401468951,CHI,3064440,37
401468951,CHI,4397002,30
401468951,CHI,3936099,17
401468951,CHI,6585,13
401468951,CHI,3423,12
401468951,CHI,4395651,21
401468951,CHI,4433159,4
401468951,CHI,4065673,0
401468952,MIA,6430,34
401468952,MIA,3138160,31
401468952,MIA,4066261,36
401468952,MIA,3137259,34
401468952,MIA,4395725,38
401468952,MIA,4291678,31
401468952,MIA,2580913,12
401468952,MIA,4065778,24
401468952,MIA,2184,0
401468952,MIA,2527963,0
401468952,MIA,3012,0
401468952,MIL,3032977,36
401468952,MIL,3448,33
401468952,MIL,3995,34
401468952,MIL,2578239,31
401468952,MIL,3135045,33
401468952,MIL,6609,20
401468952,MIL,2968436,19
401468952,MIL,4032,19
401468952,MIL,3133635,14
401468952,MIL,3102533,0
401468952,MIL,4278580,0
401468952,MIL,4432179,0
401468952,MIL,4277883,0
401468952,MIL,3438,0
401468954,HOU,4431828,31
401468954,HOU,4432639,31
401468954,HOU,4871144,15
401468954,HOU,4432176,17
401468954,HOU,4437244,22
401468954,HOU,4871143,15
401468954,HOU,4277952,18
401468954,HOU,4433192,25
401468954,HOU,4376,6
401468954,HOU,4432168,28
401468954,HOU,4683749,25
401468954,HOU,5075393,6
401468954,HOU,3913180,0
401468954,OKC,2490089,18
401468954,OKC,4278073,30
401468954,OKC,4397183,23
401468954,OKC,4593803,30
401468954,OKC,4871145,28
401468954,OKC,4423545,12
401468954,OKC,4432823,25
401468954,OKC,4997526,22
401468954,OKC,3133626,11
401468954,OKC,4395702,19
401468954,OKC,4432819,23
401468955,DAL,2531367,30
401468955,DAL,2578185,34
401468955,DAL,2580782,33
401468955,DAL,2528210,35
401468955,DAL,4432811,27
401468955,DAL,2528779,35
401468955,DAL,4230547,2
401468955,DAL,4278507,14
401468955,DAL,3138154,7
401468955,DAL,4067017,11
401468955,DAL,4868423,13
401468955,DAL,3923253,0
401468955,DAL,3452,0
401468955,GS,6589,32
401468955,GS,3059319,29
401468955,GS,3155535,19
401468955,GS,3975,26
401468955,GS,6475,31
401468955,GS,2327577,16
401468955,GS,4433247,20
401468955,GS,3934673,24
401468955,GS,4065733,18
401468955,GS,4277956,27
401468955,GS,4432808,0
401468955,GS,4432171,0
401468955,GS,4433246,0
401468956,ATL,3908845,30
401468956,ATL,4065732,32
401468956,ATL,4432585,26
401468956,ATL,3102529,26
401468956,ATL,3907497,36
401468956,ATL,2579294,3
401468956,ATL,4431680,19
401468956,ATL,4701230,16
401468956,ATL,3037789,30
401468956,ATL,3922230,8
401468956,ATL,4065656,12
401468956,ATL,4578893,3
401468956,ATL,2284101,0
401468956,DEN,3064290,30
401468956,DEN,4278104,30
401468956,DEN,3112335,34
401468956,DEN,2581018,12
401468956,DEN,3936299,36
401468956,DEN,4431690,14
401468956,DEN,4230557,22
401468956,DEN,4305,2
401468956,DEN,3059262,2
401468956,DEN,4065670,24
401468956,DEN,4431767,32
401468956,DEN,4576087,2
401468956,DEN,3209,0
401468956,DEN,3442,0
401468956,DEN,4592492,0
401468957,ORL,4432573,35
401468957,ORL,4566434,31
401468957,ORL,4277847,29
401468957,ORL,2999547,28
401468957,ORL,4066636,36
401468957,ORL,4065654,11
401468957,ORL,4433623,12
401468957,ORL,3150844,19
401468957,ORL,4397102,19
401468957,ORL,4432809,20
401468957,ORL,3918423,0
401468957,ORL,4277919,0
401468957,ORL,6619,0
401468957,ORL,4067858,0
401468957,ORL,4432165,0
401468957,CHA,4278078,33
401468957,CHA,4249,31
401468957,CHA,2488653,31
401468957,CHA,3074752,36
401468957,CHA,4432816,38
401468957,CHA,4066731,25
401468957,CHA,4702233,7
401468957,CHA,4701232,17
401468957,CHA,4065697,22
401468957,CHA,4278076,0
401468957,CHA,4576086,0
401468958,CLE,4432822,29
401468958,CLE,4066328,30
401468958,CLE,4432158,31
401468958,CLE,3908809,35
401468958,CLE,4396907,35
401468958,CLE,3912848,25
401468958,CLE,3947156,2
401468958,CLE,4066405,2
401468958,CLE,3893016,25
401468958,CLE,3447,2
401468958,CLE,4011,20
401468958,CLE,2968361,2
401468958,CLE,3449,0
401468958,IND,3133628,24
401468958,IND,2990984,30
401468958,IND,4395712,28
401468958,IND,4396909,28
401468958,IND,4396993,31
401468958,IND,4279815,5
401468958,IND,4397189,6
401468958,IND,4432170,8
401468958,IND,4278031,18
401468958,IND,2451037,15
401468958,IND,2530530,19
401468958,IND,4683634,27
401468958,IND,3999,0
401468958,IND,4348700,0
401468958,IND,4592402,0
401468959,PHI,3033,27
401468959,PHI,6440,38
401468959,PHI,3059318,36
401468959,PHI,3992,38
401468959,PHI,4066436,36
401468959,PHI,2990969,9
401468959,PHI,4278562,8
401468959,PHI,2991055,3
401468959,PHI,3915195,10
401468959,PHI,3907498,10
401468959,PHI,4431678,24
401468959,PHI,2991155,0
401468959,PHI,3929325,0
401468959,NY,3064514,34
401468959,NY,4277922,22
401468959,NY,3934672,39
401468959,NY,4395724,28
401468959,NY,4397014,30
401468959,NY,4278355,14
401468959,NY,4222252,26
401468959,NY,6588,24
401468959,NY,4431823,23
401468959,NY,4395625,0
401468959,NY,4395627,0
401468959,NY,3456,0
401468959,NY,2991047,0
401468959,NY,3133602,0
401468960,TOR,3149673,28
401468960,TOR,4431679,31
401468960,TOR,4433134,35
401468960,TOR,2991230,39
401468960,TOR,4277843,37
401468960,TOR,3244,25
401468960,TOR,3948153,27
401468960,TOR,4066668,17
401468960,TOR,4017839,0
401468960,TOR,4397885,0
401468960,TOR,2578240,0
401468960,TOR,4431778,0
401468960,MEM,4277961,32
401468960,MEM,4277964,32
401468960,MEM,4593125,32
401468960,MEM,3135046,34
401468960,MEM,4066320,33
401468960,MEM,3988,19
401468960,MEM,3906665,16
401468960,MEM,4433137,11
401468960,MEM,4593041,13
401468960,MEM,3134932,18
401468960,MEM,3155526,0
401468960,MEM,4585610,0
401468960,MEM,4592691,0
401468960,MEM,4397227,0
401468960,MEM,4432646,0
401468961,DEN,4278104,32
401468961,DEN,4230557,29
401468961,DEN,3442,25
401468961,DEN,4065670,28
401468961,DEN,4431767,34
401468961,DEN,3209,18
401468961,DEN,4431690,24
401468961,DEN,4305,21
401468961,DEN,3059262,20
401468961,DEN,4576087,9
401468961,DEN,4065653,0
401468961,DEN,4592492,0
401468961,MIN,2993874,13
401468961,MIN,4431671,32
401468961,MIN,3032976,18
401468961,MIN,3136776,30
401468961,MIN,4594268,31
401468961,MIN,2990962,26
401468961,MIN,3908336,14
401468961,MIN,4067325,15
401468961,MIN,4592187,4
401468961,MIN,4687718,4
401468961,MIN,4396971,15
401468961,MIN,3134916,12
401468961,MIN,4278541,27
401468961,MIN,6617,0
401468961,MIN,2994526,0
401468962,SAC,6578,23
401468962,SAC,3155942,27
401468962,SAC,4594327,26
401468962,SAC,4066372,21
401468962,SAC,4278053,29
401468962,SAC,3914283,10
401468962,SAC,2993370,10
401468962,SAC,3059358,4
401468962,SAC,3136196,15
401468962,SAC,2489716,19
401468962,SAC,3919454,15
401468962,SAC,4066262,24
401468962,SAC,4702177,16
401468962,SAC,2596107,0
401468962,NO,2580365,20
401468962,NO,4277813,33
401468962,NO,4278594,24
401468962,NO,4397688,36
401468962,NO,2490149,23
401468962,NO,2999409,28
401468962,NO,4397077,19
401468962,NO,3133601,15
401468962,NO,4023,5
401468962,NO,4277869,15
401468962,NO,4395698,22
401468963,BOS,4065648,39
401468963,BOS,4065804,31
401468963,BOS,3213,33
401468963,BOS,4066211,29
401468963,BOS,3078576,37
401468963,BOS,3989,13
401468963,BOS,4066218,21
401468963,BOS,2566769,26
401468963,BOS,4066354,11
401468963,BOS,3138156,0
401468963,BOS,4065660,0
401468963,DET,3593,33
401468963,DET,4432810,31
401468963,DET,4433621,28
401468963,DET,6429,19
401468963,DET,4433218,27
401468963,DET,4277957,23
401468963,DET,4080610,17
401468963,DET,4397136,30
401468963,DET,4683024,32
401468963,DET,4278075,0
401468963,DET,2991280,0
401468963,DET,6446,0
401468963,DET,2488826,0
401468964,CLE,4432822,26
401468964,CLE,4066328,37
401468964,CLE,4432158,28
401468964,CLE,3908809,28
401468964,CLE,4396907,28
401468964,CLE,3912848,26
401468964,CLE,3947156,4
401468964,CLE,4066405,8
401468964,CLE,3893016,14
401468964,CLE,3447,4
401468964,CLE,2968361,9
401468964,CLE,2991043,26
401468964,CLE,3449,0
401468964,WSH,4278049,24
401468964,WSH,4280151,26
401468964,WSH,4683021,30
401468964,WSH,3102531,26
401468964,WSH,3059310,22
401468964,WSH,3986,13
401468964,WSH,2581184,21
401468964,WSH,6579,27
401468964,WSH,3056247,15
401468964,WSH,3064447,19
401468964,WSH,4278402,10
401468964,WSH,4432356,6
401468964,WSH,6580,0
401468965,LAC,4251,34
401468965,LAC,6450,34
401468965,LAC,6462,17
401468965,LAC,4017837,30
401468965,LAC,3907823,25
401468965,LAC,3416,28
401468965,LAC,6443,27
401468965,LAC,2595516,30
401468965,LAC,3913174,15
401468965,LAC,2490620,0
401468965,LAC,4433249,0
401468965,LAC,4066387,0
401468965,LAC,4397916,0
401468965,LAC,4432162,0
401468965,BKN,2583632,35
401468965,BKN,2528794,28
401468965,BKN,4278067,36
401468965,BKN,3136485,33
401468965,BKN,4432174,39
401468965,BKN,4397693,6
401468965,BKN,2982334,12
401468965,BKN,3133838,21
401468965,BKN,4432194,7
401468965,BKN,4004,12
401468965,BKN,4066993,13
401468965,BKN,4397107,0
401468966,SA,4395723,29
401468966,SA,4565201,32
401468966,SA,3136779,26
401468966,SA,3134908,30
401468966,SA,2581190,31
401468966,SA,4066392,15
401468966,SA,2528588,19
401468966,SA,4066650,13
401468966,SA,4870562,6
401468966,SA,3134881,18
401468966,SA,4683935,22
401468966,CHI,4431687,18
401468966,CHI,6478,24
401468966,CHI,3978,34
401468966,CHI,3064440,31
401468966,CHI,4397002,31
401468966,CHI,3936099,26
401468966,CHI,6585,21
401468966,CHI,4065673,4
401468966,CHI,3423,15
401468966,CHI,4395651,33
401468966,CHI,4433159,4
401468967,SAC,6578,26
401468967,SAC,3155942,32
401468967,SAC,4594327,33
401468967,SAC,4066259,29
401468967,SAC,4066372,29
401468967,SAC,3914283,13
401468967,SAC,3059358,2
401468967,SAC,3136196,16
401468967,SAC,2596107,2
401468967,SAC,2489716,2
401468967,SAC,3919454,12
401468967,SAC,4066262,22
401468967,SAC,4278053,17
401468967,SAC,4702177,3
401468967,SAC,2993370,0
401468967,HOU,4431828,32
401468967,HOU,4432639,35
401468967,HOU,4871144,36
401468967,HOU,3431,31
401468967,HOU,4437244,33
401468967,HOU,4871143,2
401468967,HOU,3136777,21
401468967,HOU,4277952,10
401468967,HOU,4396978,2
401468967,HOU,4433192,18
401468967,HOU,4432168,16
401468967,HOU,4683749,2
401468967,HOU,4376,0
401468967,HOU,4432176,0
401468967,HOU,5075393,0
401468968,DAL,2531367,28
401468968,DAL,2528779,34
401468968,DAL,4278507,20
401468968,DAL,2528210,35
401468968,DAL,4432811,37
401468968,DAL,3058254,19
401468968,DAL,3923253,3
401468968,DAL,3452,7
401468968,DAL,4230547,7
401468968,DAL,3138154,13
401468968,DAL,4067017,12
401468968,DAL,4868423,26
401468968,UTAH,2489663,28
401468968,UTAH,4066336,36
401468968,UTAH,4433136,27
401468968,UTAH,3195,31
401468968,UTAH,2528426,32
401468968,UTAH,3005,15
401468968,UTAH,4066299,9
401468968,UTAH,3907822,23
401468968,UTAH,4277811,25
401468968,UTAH,4397018,13
401468968,UTAH,3899664,0
401468968,UTAH,4683025,0
401468968,UTAH,4396991,0
401468968,UTAH,4278039,0
401468969,OKC,4432823,21
401468969,OKC,4278073,29
401468969,OKC,4397183,25
401468969,OKC,4593803,25
401468969,OKC,4871145,29
401468969,OKC,4066317,15
401468969,OKC,4066410,9
401468969,OKC,4423545,9
401468969,OKC,2490089,15
401468969,OKC,3133626,19
401468969,OKC,4395702,18
401468969,OKC,4432819,25
401468969,GS,6589,28
401468969,GS,3059319,32
401468969,GS,4433247,23
401468969,GS,6475,33
401468969,GS,4277956,29
401468969,GS,2327577,12
401468969,GS,3155535,22
401468969,GS,4432808,5
401468969,GS,3934673,28
401468969,GS,4065733,19
401468969,GS,4432171,11
401468970,MIL,3032977,23
401468970,MIL,3448,32
401468970,MIL,3995,32
401468970,MIL,2578239,22
401468970,MIL,3135045,25
401468970,MIL,6609,22
401468970,MIL,2968436,20
401468970,MIL,3102533,4
401468970,MIL,4278580,4
401468970,MIL,4432179,13
401468970,MIL,4032,22
401468970,MIL,3133635,21
401468970,MIL,4277883,0
401468970,MIL,3438,0
401468970,POR,2991070,36
401468970,POR,3914285,26
401468970,POR,6606,32
401468970,POR,3062679,26
401468970,POR,4351851,35
401468970,POR,4432161,4
401468970,POR,4431675,19
401468970,POR,4432446,5
401468970,POR,4432588,5
401468970,POR,4395652,12
401468970,POR,3134903,17
401468970,POR,4914336,24
401468971,NY,3064514,34
401468971,NY,4395625,35
401468971,NY,4277922,35
401468971,NY,3934672,39
401468971,NY,4397014,30
401468971,NY,4278355,14
401468971,NY,4222252,13
401468971,NY,4395724,32
401468971,NY,4431823,9
401468971,NY,4395627,0
401468971,NY,3456,0
401468971,NY,6588,0
401468971,NY,2991047,0
401468971,NY,3133602,0
401468971,ORL,4432573,34
401468971,ORL,4566434,32
401468971,ORL,4277847,31
401468971,ORL,2999547,27
401468971,ORL,4066636,32
401468971,ORL,4065654,12
401468971,ORL,3150844,17
401468971,ORL,4397102,14
401468971,ORL,4432165,21
401468971,ORL,4432809,21
401468971,ORL,4433623,0
401468971,ORL,4277919,0
401468971,ORL,6619,0
401468971,ORL,4590530,0
401468972,PHX,3138196,29
401468972,PHX,4278129,35
401468972,PHX,2779,34
401468972,PHX,3136193,26
401468972,PHX,3147657,37
401468972,PHX,3032978,4
401468972,PHX,3059307,6
401468972,PHX,2528693,25
401468972,PHX,3146557,13
401468972,PHX,2595209,22
401468972,PHX,4278124,10
401468972,PHX,6427,0
401468972,PHX,4065663,0
401468972,BKN,2583632,29
401468972,BKN,2528794,24
401468972,BKN,4278067,33
401468972,BKN,3907387,27
401468972,BKN,4432174,39
401468972,BKN,2982334,22
401468972,BKN,4432194,10
401468972,BKN,4004,17
401468972,BKN,3136485,16
401468972,BKN,4066993,12
401468972,BKN,4397107,11
401468973,ATL,3908845,30
401468973,ATL,4065732,27
401468973,ATL,3102529,23
401468973,ATL,3907497,40
401468973,ATL,4277905,36
401468973,ATL,4431680,20
401468973,ATL,4432585,18
401468973,ATL,4701230,15
401468973,ATL,3037789,31
401468973,ATL,2284101,0
401468973,ATL,2579294,0
401468973,ATL,3922230,0
401468973,ATL,4578893,0
401468973,NO,3913176,36
401468973,NO,4277813,40
401468973,NO,4397688,32
401468973,NO,6477,26
401468973,NO,2490149,35
401468973,NO,2580365,23
401468973,NO,4278594,25
401468973,NO,4277869,16
401468973,NO,4395698,10
401468973,NO,2999409,0
401468973,NO,4397077,0
401468973,NO,3133601,0
401468973,NO,4023,0
401468974,CHI,4431687,32
401468974,CHI,6478,37
401468974,CHI,2991350,26
401468974,CHI,3064440,40
401468974,CHI,4397002,38
401468974,CHI,3936099,14
401468974,CHI,6585,13
401468974,CHI,3423,15
401468974,CHI,4395651,25
401468974,CHI,4065673,0
401468974,CHI,4433159,0
401468974,MEM,3155526,35
401468974,MEM,4277961,32
401468974,MEM,4277964,23
401468974,MEM,4066320,35
401468974,MEM,4279888,35
401468974,MEM,3988,15
401468974,MEM,3906665,25
401468974,MEM,4593125,17
401468974,MEM,3134932,10
401468974,MEM,3135046,15
401468974,MEM,4593041,0
401468974,MEM,4397227,0
401468975,MIN,4431671,20
401468975,MIN,3032976,19
401468975,MIN,4396971,12
401468975,MIN,3136776,20
401468975,MIN,4594268,21
401468975,MIN,2990962,19
401468975,MIN,3908336,22
401468975,MIN,4067325,19
401468975,MIN,4592187,18
401468975,MIN,4687718,17
401468975,MIN,4277951,21
401468975,MIN,2994526,13
401468975,MIN,3134916,8
401468975,MIN,4278541,12
401468975,MIN,6617,0
401468975,DEN,3064290,26
401468975,DEN,4278104,29
401468975,DEN,3112335,28
401468975,DEN,2581018,24
401468975,DEN,4065670,22
401468975,DEN,3209,14
401468975,DEN,4065653,7
401468975,DEN,4230557,22
401468975,DEN,4305,29
401468975,DEN,3059262,14
401468975,DEN,4431767,18
401468975,DEN,4576087,8
401468975,DEN,3442,0
401468975,DEN,4592492,0
401468976,OKC,4432823,31
401468976,OKC,3133626,30
401468976,OKC,4278073,38
401468976,OKC,4593803,40
401468976,OKC,4871145,35
401468976,OKC,2490089,17
401468976,OKC,4395702,23
401468976,OKC,4397183,22
401468976,OKC,4432819,5
401468976,OKC,4066317,0
401468976,OKC,4066410,0
401468976,OKC,4423545,0
401468976,LAL,1966,34
401468976,LAL,6583,31
401468976,LAL,4066648,26
401468976,LAL,3964,24
401468976,LAL,3032979,32
401468976,LAL,4278508,22
401468976,LAL,3934723,17
401468976,LAL,3468,28
401468976,LAL,4066457,7
401468976,LAL,4277890,19
401468976,LAL,4066264,0
401468976,LAL,4401416,0
401468976,LAL,3064559,0
401468976,LAL,4432582,0
401468977,DET,3593,32
401468977,DET,4432810,28
401468977,DET,4433621,27
401468977,DET,4433218,26
401468977,DET,4683024,29
401468977,DET,4277957,19
401468977,DET,4278075,4
401468977,DET,2991280,3
401468977,DET,6446,18
401468977,DET,6429,16
401468977,DET,4080610,14
401468977,DET,4397136,23
401468977,DET,4395676,0
401468977,DET,2488826,0
401468977,DET,4397119,0
401468977,CLE,4432822,27
401468977,CLE,4066328,30
401468977,CLE,4432158,32
401468977,CLE,2968361,36
401468977,CLE,2991043,30
401468977,CLE,3912848,31
401468977,CLE,4066405,12
401468977,CLE,3893016,23
401468977,CLE,3447,3
401468977,CLE,4011,16
401468977,CLE,3449,0
401468977,CLE,3947156,0
401468978,CHA,4278078,36
401468978,CHA,4249,35
401468978,CHA,2488653,31
401468978,CHA,3074752,37
401468978,CHA,4432816,36
401468978,CHA,4066731,17
401468978,CHA,4702233,7
401468978,CHA,4701232,17
401468978,CHA,4065697,25
401468978,CHA,4278076,0
401468978,CHA,4576086,0
401468978,WSH,4278049,27
401468978,WSH,4683021,37
401468978,WSH,3102531,35
401468978,WSH,6580,33
401468978,WSH,3064447,32
401468978,WSH,3986,6
401468978,WSH,2581184,19
401468978,WSH,4280151,19
401468978,WSH,6579,5
401468978,WSH,3056247,11
401468978,WSH,4278402,17
401468978,WSH,4432356,0
401468979,PHI,3033,25
401468979,PHI,6440,32
401468979,PHI,3059318,39
401468979,PHI,3992,37
401468979,PHI,4066436,33
401468979,PHI,2990969,21
401468979,PHI,2991055,9
401468979,PHI,3915195,12
401468979,PHI,3907498,10
401468979,PHI,4431678,22
401468979,PHI,4278562,0
401468979,PHI,2991155,0
401468979,PHI,3929325,0
401468979,BOS,3989,18
401468979,BOS,4065648,37
401468979,BOS,4066218,39
401468979,BOS,3078576,38
401468979,BOS,3917376,18
401468979,BOS,4065804,20
401468979,BOS,3064560,29
401468979,BOS,2566769,35
401468979,BOS,4066354,5
401468979,BOS,3138156,0
401468979,BOS,4065660,0
401468980,IND,3133628,30
401468980,IND,2990984,37
401468980,IND,4395712,28
401468980,IND,4396909,30
401468980,IND,4396993,37
401468980,IND,2451037,18
401468980,IND,4592402,20
401468980,IND,2530530,27
401468980,IND,4683634,13
401468980,IND,3999,0
401468980,IND,4279815,0
401468980,IND,4397189,0
401468980,IND,4432170,0
401468980,IND,4278031,0
401468980,IND,4348700,0
401468980,MIA,6430,35
401468980,MIA,3138160,37
401468980,MIA,4066261,37
401468980,MIA,3137259,37
401468980,MIA,4395725,40
401468980,MIA,4291678,25
401468980,MIA,4593049,11
401468980,MIA,4065778,17
401468980,MIA,2184,0
401468980,MIA,4278572,0
401468980,MIA,4280245,0
401468981,SA,4395723,36
401468981,SA,4565201,29
401468981,SA,3136779,27
401468981,SA,3134908,28
401468981,SA,2581190,31
401468981,SA,4066392,19
401468981,SA,2528588,24
401468981,SA,4066650,20
401468981,SA,3134881,12
401468981,SA,4683935,14
401468981,SA,4610139,0
401468981,TOR,3149673,40
401468981,TOR,4431679,28
401468981,TOR,4433134,39
401468981,TOR,2991230,37
401468981,TOR,4277843,33
401468981,TOR,4017839,4
401468981,TOR,3244,15
401468981,TOR,3948153,30
401468981,TOR,4431778,5
401468981,TOR,4066668,10
401468981,TOR,4397885,0
401468981,TOR,2578240,0
401468981,TOR,4066786,0
401468981,TOR,4397251,0
401468982,SAC,6578,33
401468982,SAC,3155942,32
401468982,SAC,4594327,32
401468982,SAC,4066259,38
401468982,SAC,4066372,20
401468982,SAC,3914283,12
401468982,SAC,3136196,16
401468982,SAC,3919454,15
401468982,SAC,4066262,29
401468982,SAC,4278053,12
401468982,SAC,2993370,0
401468982,SAC,4397693,0
401468982,SAC,2596107,0
401468982,SAC,2489716,0
401468982,SAC,4702177,0
401468982,HOU,4431828,35
401468982,HOU,4432639,32
401468982,HOU,4871144,35
401468982,HOU,3431,31
401468982,HOU,4437244,37
401468982,HOU,3136777,25
401468982,HOU,4277952,13
401468982,HOU,4433192,20
401468982,HOU,4432168,12
401468982,HOU,4871143,0
401468982,HOU,4396978,0
401468982,HOU,4376,0
401468982,HOU,4432176,0
401468982,HOU,4683749,0
401468983,MIN,2990962,29
401468983,MIN,4431671,25
401468983,MIN,4396971,22
401468983,MIN,4278541,29
401468983,MIN,4594268,33
401468983,MIN,3908336,4
401468983,MIN,4067325,12
401468983,MIN,4592187,4
401468983,MIN,4687718,29
401468983,MIN,4277951,24
401468983,MIN,2994526,14
401468983,MIN,3134916,16
401468983,MIN,3032976,0
401468983,MIN,6617,0
401468983,UTAH,2489663,22
401468983,UTAH,4066336,23
401468983,UTAH,4433136,30
401468983,UTAH,2528426,24
401468983,UTAH,4277811,31
401468983,UTAH,3899664,24
401468983,UTAH,4683025,4
401468983,UTAH,3005,18
401468983,UTAH,4396991,24
401468983,UTAH,4066299,15
401468983,UTAH,4397018,24
401468984,DAL,2531367,24
401468984,DAL,2528779,41
401468984,DAL,6442,37
401468984,DAL,2528210,35
401468984,DAL,4432811,40
401468984,DAL,3058254,17
401468984,DAL,3452,7
401468984,DAL,4278507,11
401468984,DAL,3138154,16
401468984,DAL,4868423,12
401468984,DAL,6461,0
401468984,DAL,3923253,0
401468984,DAL,4230547,0
401468984,DAL,4067017,0
401468984,LAC,4251,34
401468984,LAC,6450,32
401468984,LAC,6462,30
401468984,LAC,4017837,29
401468984,LAC,3907823,35
401468984,LAC,2490620,12
401468984,LAC,3416,15
401468984,LAC,4433249,2
401468984,LAC,6443,17
401468984,LAC,2595516,28
401468984,LAC,3913174,6
401468984,LAC,4066387,0
401468984,LAC,4397916,0
401468984,LAC,4432162,0
401468985,GS,6589,35
401468985,GS,3059319,37
401468985,GS,3155535,14
401468985,GS,6475,38
401468985,GS,4277956,35
401468985,GS,2327577,11
401468985,GS,4433247,22
401468985,GS,3934673,30
401468985,GS,4065733,18
401468985,GS,4432808,0
401468985,GS,4432171,0
401468985,POR,2991070,40
401468985,POR,3914285,17
401468985,POR,6606,40
401468985,POR,3134903,22
401468985,POR,4351851,36
401468985,POR,4431675,31
401468985,POR,4432446,7
401468985,POR,4395652,26
401468985,POR,4914336,22
401468985,POR,4432161,0
401468985,POR,4432588,0
401468985,POR,3062679,0
401468986,DEN,3064290,38
401468986,DEN,4278104,34
401468986,DEN,3112335,38
401468986,DEN,2581018,39
401468986,DEN,4065670,33
401468986,DEN,3209,12
401468986,DEN,4230557,12
401468986,DEN,4305,14
401468986,DEN,4431767,19
401468986,DEN,4065653,0
401468986,DEN,3442,0
401468986,DEN,4576087,0
401468986,ORL,4432573,33
401468986,ORL,4566434,34
401468986,ORL,4277847,29
401468986,ORL,4066636,32
401468986,ORL,4432165,27
401468986,ORL,4065654,11
401468986,ORL,4433623,16
401468986,ORL,3150844,19
401468986,ORL,4397102,15
401468986,ORL,4432809,24
401468986,ORL,3918423,0
401468986,ORL,4277919,0
401468986,ORL,6619,0
401468986,ORL,4590530,0
401468987,PHX,2528693,35
401468987,PHX,3146557,19
401468987,PHX,4278129,30
401468987,PHX,2595209,25
401468987,PHX,2779,33
401468987,PHX,3059307,32
401468987,PHX,6427,15
401468987,PHX,4065663,32
401468987,PHX,4278124,20
401468987,PHX,3064230,0
401468987,PHX,3136193,0
401468987,PHX,3914044,0
401468987,ATL,3908845,31
401468987,ATL,4065732,36
401468987,ATL,3102529,25
401468987,ATL,3907497,37
401468987,ATL,4277905,38
401468987,ATL,4431680,23
401468987,ATL,4432585,15
401468987,ATL,4701230,12
401468987,ATL,3037789,22
401468987,ATL,4065656,0
401468987,ATL,4578893,0
401468988,CHI,4431687,14
401468988,CHI,6478,37
401468988,CHI,3978,36
401468988,CHI,3064440,40
401468988,CHI,4397002,27
401468988,CHI,3936099,7
401468988,CHI,6585,11
401468988,CHI,3423,12
401468988,CHI,2991350,30
401468988,CHI,4395651,26
401468988,CHI,4065673,0
401468988,CHI,3056245,0
401468988,CHI,4433159,0
401468988,BKN,2578185,35
401468988,BKN,2583632,28
401468988,BKN,4432194,28
401468988,BKN,2580782,39
401468988,BKN,4432174,33
401468988,BKN,2528794,21
401468988,BKN,3133838,22
401468988,BKN,4004,14
401468988,BKN,3907387,20
401468988,BKN,3136485,0
401468988,BKN,4066993,0
401468988,BKN,4397107,0
401468989,MIL,3032977,36
401468989,MIL,3448,33
401468989,MIL,3995,36
401468989,MIL,2578239,28
401468989,MIL,3135045,28
401468989,MIL,6609,25
401468989,MIL,4278580,13
401468989,MIL,4432179,5
401468989,MIL,4032,22
401468989,MIL,3133635,14
401468989,MIL,3102533,0
401468989,MIL,4397475,0
401468989,LAL,6583,35
401468989,LAL,4066648,32
401468989,LAL,4278508,39
401468989,LAL,3032979,34
401468989,LAL,4432582,12
401468989,LAL,4066264,29
401468989,LAL,4397134,3
401468989,LAL,4066457,25
401468989,LAL,4277890,31
401468989,LAL,1966,0
401468989,LAL,4431785,0
401468990,SA,4066392,25
401468990,SA,4066650,35
401468990,SA,4565201,43
401468990,SA,3136779,43
401468990,SA,4683935,24
401468990,SA,2528588,19
401468990,SA,4870562,15
401468990,SA,3134881,32
401468990,SA,2534781,18
401468990,SA,3133601,37
401468990,SA,4395723,0
401468990,DET,3593,42
401468990,DET,4432810,29
401468990,DET,4433621,42
401468990,DET,4433218,44
401468990,DET,4683024,39
401468990,DET,4277957,40
401468990,DET,6446,17
401468990,DET,6429,15
401468990,DET,2488826,4
401468990,DET,4080610,18
401468990,DET,4277848,0
401468990,DET,4279532,0
401468991,PHX,2528693,36
401468991,PHX,4278129,30
401468991,PHX,2779,30
401468991,PHX,3136193,26
401468991,PHX,4065663,35
401468991,PHX,3059307,26
401468991,PHX,6427,5
401468991,PHX,3146557,14
401468991,PHX,2595209,21
401468991,PHX,4278124,17
401468991,PHX,3064230,0
401468991,PHX,3914044,0
401468991,IND,3133628,21
401468991,IND,2990984,27
401468991,IND,4395712,26
401468991,IND,4396909,24
401468991,IND,4396993,25
401468991,IND,4397189,8
401468991,IND,4432170,12
401468991,IND,2451037,15
401468991,IND,4592402,29
401468991,IND,2530530,20
401468991,IND,4683634,33
401468991,IND,4278031,0
401468992,NY,3064514,37
401468992,NY,4395625,30
401468992,NY,4277922,23
401468992,NY,3934672,39
401468992,NY,4397014,37
401468992,NY,4278355,11
401468992,NY,4222252,25
401468992,NY,4395724,29
401468992,NY,4431823,9
401468992,NY,3456,0
401468992,NY,6588,0
401468992,NY,3913220,0
401468992,NY,4432645,0
401468992,PHI,3033,31
401468992,PHI,6440,35
401468992,PHI,3059318,38
401468992,PHI,3992,37
401468992,PHI,4066436,19
401468992,PHI,2990969,24
401468992,PHI,4278562,10
401468992,PHI,2991155,4
401468992,PHI,3915195,10
401468992,PHI,4431678,33
401468992,PHI,4066731,0
401468992,PHI,2991055,0
401468992,PHI,3929325,0
401468992,PHI,4432164,0
401468993,CHA,4278078,35
401468993,CHA,4249,30
401468993,CHA,4701232,31
401468993,CHA,3074752,36
401468993,CHA,4432816,38
401468993,CHA,4702233,10
401468993,CHA,4278076,17
401468993,CHA,4065697,23
401468993,CHA,4576086,21
401468993,CHA,3138161,0
401468993,CHA,3133603,0
401468993,BOS,4065648,37
401468993,BOS,4065804,32
401468993,BOS,4066218,32
401468993,BOS,4066211,27
401468993,BOS,3078576,37
401468993,BOS,3989,14
401468993,BOS,2490089,16
401468993,BOS,3064560,7
401468993,BOS,2566769,18
401468993,BOS,4066354,21
401468993,BOS,3213,0
401468994,UTAH,2489663,32
401468994,UTAH,4066336,38
401468994,UTAH,4433136,32
401468994,UTAH,4277811,37
401468994,UTAH,4397018,19
401468994,UTAH,3899664,22
401468994,UTAH,3005,17
401468994,UTAH,4396991,27
401468994,UTAH,4066299,16
401468994,UTAH,4683025,0
401468994,UTAH,2528426,0
401468994,TOR,3149673,39
401468994,TOR,4431679,31
401468994,TOR,4433134,39
401468994,TOR,2991230,35
401468994,TOR,4277843,39
401468994,TOR,3244,12
401468994,TOR,3948153,22
401468994,TOR,3134908,17
401468994,TOR,4066668,6
401468994,TOR,4017839,0
401468994,TOR,4397885,0
401468994,TOR,4431778,0
401468994,TOR,4066786,0
401468994,TOR,4397251,0
401468995,HOU,3136777,24
401468995,HOU,4431828,38
401468995,HOU,4432639,34
401468995,HOU,4871144,31
401468995,HOU,4437244,33
401468995,HOU,4871143,14
401468995,HOU,4433192,19
401468995,HOU,4432168,10
401468995,HOU,4432176,14
401468995,HOU,4683749,23
401468995,HOU,2284101,0
401468995,HOU,2579294,0
401468995,HOU,4396978,0
401468995,HOU,5075393,0
401468995,MIA,6430,28
401468995,MIA,3138160,20
401468995,MIA,4066261,34
401468995,MIA,3137259,35
401468995,MIA,4395725,37
401468995,MIA,4291678,24
401468995,MIA,4593049,14
401468995,MIA,4065778,34
401468995,MIA,4280245,14
401468995,MIA,2184,0
401468995,MIA,4278572,0
401468996,MIN,2993874,17
401468996,MIN,4431671,23
401468996,MIN,3032976,30
401468996,MIN,3195,26
401468996,MIN,4594268,39
401468996,MIN,2990962,18
401468996,MIN,4067325,2
401468996,MIN,4592187,2
401468996,MIN,4687718,2
401468996,MIN,4277951,2
401468996,MIN,4396971,17
401468996,MIN,6617,20
401468996,MIN,3134916,18
401468996,MIN,4278039,2
401468996,MIN,4278541,24
401468996,MEM,3155526,14
401468996,MEM,4277961,28
401468996,MEM,4277964,25
401468996,MEM,4066320,32
401468996,MEM,4279888,33
401468996,MEM,3906665,19
401468996,MEM,4433137,2
401468996,MEM,4585610,2
401468996,MEM,4592691,2
401468996,MEM,4593041,14
401468996,MEM,4593125,20
401468996,MEM,3134932,27
401468996,MEM,3135046,21
401468996,MEM,4432646,2
401468996,MEM,4397227,0
401468997,CLE,4432822,29
401468997,CLE,4066328,31
401468997,CLE,4432158,37
401468997,CLE,3908809,33
401468997,CLE,4396907,23
401468997,CLE,3912848,26
401468997,CLE,4066405,3
401468997,CLE,3893016,23
401468997,CLE,3447,3
401468997,CLE,2968361,3
401468997,CLE,2991043,31
401468997,CLE,3449,0
401468997,NO,3913176,33
401468997,NO,4277813,29
401468997,NO,4397688,34
401468997,NO,6477,24
401468997,NO,2490149,33
401468997,NO,2580365,27
401468997,NO,4278594,24
401468997,NO,4397077,3
401468997,NO,4023,3
401468997,NO,4277869,21
401468997,NO,4395698,10
401468997,NO,2999409,0
401468998,OKC,3133626,27
401468998,OKC,4278073,39
401468998,OKC,4397183,21
401468998,OKC,4593803,33
401468998,OKC,4871145,28
401468998,OKC,4066317,3
401468998,OKC,4066410,7
401468998,OKC,4432823,18
401468998,OKC,4395702,23
401468998,OKC,4397020,20
401468998,OKC,4432819,20
401468998,POR,2991070,37
401468998,POR,3914285,29
401468998,POR,4395627,17
401468998,POR,6606,36
401468998,POR,4351851,37
401468998,POR,4431675,16
401468998,POR,4432446,13
401468998,POR,4395652,25
401468998,POR,4432192,2
401468998,POR,4914336,29
401468998,POR,4432588,0
401468998,POR,2991047,0
401468999,DAL,2531367,16
401468999,DAL,2528779,37
401468999,DAL,6442,35
401468999,DAL,2528210,36
401468999,DAL,4432811,38
401468999,DAL,3058254,12
401468999,DAL,3452,19
401468999,DAL,4278507,13
401468999,DAL,3138154,15
401468999,DAL,4868423,20
401468999,DAL,6461,0
401468999,DAL,3923253,0
401468999,DAL,4230547,0
401468999,DAL,4067017,0
401468999,SAC,6578,31
401468999,SAC,3155942,37
401468999,SAC,4594327,35
401468999,SAC,4066259,39
401468999,SAC,4066372,27
401468999,SAC,3914283,11
401468999,SAC,3136196,7
401468999,SAC,3919454,21
401468999,SAC,4066262,15
401468999,SAC,4278053,12
401468999,SAC,4702177,4
401468999,SAC,2993370,0
401468999,SAC,4397693,0
401468999,SAC,2596107,0
401468999,SAC,2489716,0
401469000,MIL,3032977,30
401469000,MIL,3448,32
401469000,MIL,3995,33
401469000,MIL,2578239,24
401469000,MIL,3135045,28
401469000,MIL,2968436,25
401469000,MIL,3102533,2
401469000,MIL,4278580,10
401469000,MIL,4432179,16
401469000,MIL,4032,19
401469000,MIL,3133635,17
401469000,MIL,4397475,2
401469000,LAC,4251,32
401469000,LAC,6462,31
401469000,LAC,4017837,34
401469000,LAC,3907823,28
401469000,LAC,4432162,26
401469000,LAC,2490620,26
401469000,LAC,4433249,5
401469000,LAC,2595516,24
401469000,LAC,4066387,30
401469000,LAC,4397916,5
401469000,LAC,3416,0
401469000,LAC,4397126,0
401469001,PHI,3033,27
401469001,PHI,6440,29
401469001,PHI,3059318,37
401469001,PHI,3992,37
401469001,PHI,4066436,14
401469001,PHI,2990969,22
401469001,PHI,4066731,16
401469001,PHI,4278562,11
401469001,PHI,3915195,14
401469001,PHI,4431678,34
401469001,PHI,2991155,0
401469001,PHI,2991055,0
401469001,PHI,3929325,0
401469001,BKN,2578185,34
401469001,BKN,3138196,28
401469001,BKN,4278067,29
401469001,BKN,2580782,31
401469001,BKN,3147657,34
401469001,BKN,2583632,17
401469001,BKN,2528794,16
401469001,BKN,3133838,5
401469001,BKN,4432194,3
401469001,BKN,4004,7
401469001,BKN,3907387,16
401469001,BKN,4432174,18
401469001,BKN,3136485,0
401469001,BKN,4066993,0
401469001,BKN,4397107,0
401469002,DEN,4278104,32
401469002,DEN,4230557,24
401469002,DEN,3112335,34
401469002,DEN,2581018,32
401469002,DEN,4065670,32
401469002,DEN,3209,23
401469002,DEN,4065653,1
401469002,DEN,3442,12
401469002,DEN,3934723,2
401469002,DEN,4305,21
401469002,DEN,4431767,27
401469002,DEN,4576087,1
401469002,CHA,4278078,33
401469002,CHA,4249,36
401469002,CHA,4701232,21
401469002,CHA,3074752,31
401469002,CHA,4432816,35
401469002,CHA,4702233,16
401469002,CHA,4278076,27
401469002,CHA,4065697,27
401469002,CHA,4576086,12
401469002,CHA,3138161,0
401469002,CHA,3133603,0
401469003,MIA,6430,34
401469003,MIA,3138160,26
401469003,MIA,4066261,43
401469003,MIA,3137259,41
401469003,MIA,4395725,47
401469003,MIA,4291678,16
401469003,MIA,4593049,10
401469003,MIA,4065778,39
401469003,MIA,4280245,9
401469003,MIA,2184,0
401469003,MIA,4278572,0
401469003,ORL,4432573,34
401469003,ORL,4566434,36
401469003,ORL,4277847,32
401469003,ORL,2999547,28
401469003,ORL,4066636,33
401469003,ORL,4065654,14
401469003,ORL,3150844,21
401469003,ORL,4397102,19
401469003,ORL,4432165,28
401469003,ORL,4432809,20
401469003,ORL,4433623,0
401469003,ORL,3918423,0
401469004,IND,3133628,26
401469004,IND,2990984,30
401469004,IND,4395712,20
401469004,IND,4396909,26
401469004,IND,4396993,35
401469004,IND,4397189,8
401469004,IND,4432170,18
401469004,IND,4278031,7
401469004,IND,4592402,18
401469004,IND,2530530,21
401469004,IND,4683634,31
401469004,WSH,4278049,30
401469004,WSH,4280151,30
401469004,WSH,3102531,32
401469004,WSH,3059310,27
401469004,WSH,6580,31
401469004,WSH,2581184,3
401469004,WSH,4683021,30
401469004,WSH,4431669,3
401469004,WSH,3056247,22
401469004,WSH,3064447,23
401469004,WSH,4278402,3
401469004,WSH,4432356,3
401469004,WSH,4592829,3
401469004,WSH,3986,0
401469005,SA,4066650,23
401469005,SA,4395723,29
401469005,SA,4565201,28
401469005,SA,4610139,21
401469005,SA,4395626,25
401469005,SA,4066392,20
401469005,SA,4870562,19
401469005,SA,3134881,15
401469005,SA,3136779,20
401469005,SA,2534781,9
401469005,SA,3133601,24
401469005,SA,4683935,6
401469005,ATL,3908845,31
401469005,ATL,4065732,33
401469005,ATL,3102529,29
401469005,ATL,3907497,33
401469005,ATL,4277905,33
401469005,ATL,4431680,19
401469005,ATL,4432585,17
401469005,ATL,4701230,15
401469005,ATL,3037789,27
401469005,ATL,3922230,2
401469005,ATL,4397179,2
401469005,ATL,4277952,0
401469005,ATL,3913180,0
401469006,UTAH,2489663,26
401469006,UTAH,4066336,35
401469006,UTAH,4433136,35
401469006,UTAH,2528426,40
401469006,UTAH,4277811,31
401469006,UTAH,3899664,4
401469006,UTAH,3005,13
401469006,UTAH,4396991,27
401469006,UTAH,4066299,10
401469006,UTAH,4397018,19
401469006,UTAH,4401416,0
401469006,UTAH,4683025,0
401469006,UTAH,3064559,0
401469006,UTAH,4432817,0
401469006,NY,3064514,39
401469006,NY,4395625,34
401469006,NY,4277922,23
401469006,NY,3934672,39
401469006,NY,4397014,22
401469006,NY,4278355,9
401469006,NY,4222252,25
401469006,NY,3062679,26
401469006,NY,4395724,23
401469006,NY,3456,0
401469006,NY,6588,0
401469006,NY,3913220,0
401469006,NY,4431823,0
401469006,NY,4432645,0
401469007,CHI,4431687,33
401469007,CHI,6478,36
401469007,CHI,3978,40
401469007,CHI,3064440,36
401469007,CHI,4397002,27
401469007,CHI,3936099,11
401469007,CHI,6585,12
401469007,CHI,3423,4
401469007,CHI,2991350,21
401469007,CHI,4395651,20
401469007,CHI,4065673,0
401469007,CHI,4433159,0
401469007,CLE,4432822,27
401469007,CLE,4066328,33
401469007,CLE,4432158,36
401469007,CLE,3908809,39
401469007,CLE,4396907,37
401469007,CLE,3912848,11
401469007,CLE,3893016,14
401469007,CLE,4011,17
401469007,CLE,2991043,26
401469007,CLE,3449,0
401469007,CLE,3947156,0
401469007,CLE,4066405,0
401469007,CLE,3447,0
401469007,CLE,2968361,0
401469007,CLE,3906786,0
401469008,LAL,6583,36
401469008,LAL,4066648,31
401469008,LAL,4278508,22
401469008,LAL,3032979,30
401469008,LAL,3136776,35
401469008,LAL,4066264,12
401469008,LAL,4278077,17
401469008,LAL,3907822,16
401469008,LAL,4066457,26
401469008,LAL,4277890,15
401469008,LAL,4277919,0
401469008,LAL,3059262,0
401469008,LAL,4432582,0
401469008,GS,6589,34
401469008,GS,3059319,31
401469008,GS,3155535,23
401469008,GS,6475,36
401469008,GS,4277956,37
401469008,GS,2327577,19
401469008,GS,4433247,14
401469008,GS,3934673,26
401469008,GS,4065733,18
401469008,GS,4432171,2
401469008,GS,2386,0
401469009,DAL,2531367,25
401469009,DAL,6442,42
401469009,DAL,2528210,16
401469009,DAL,3945274,41
401469009,DAL,4432811,40
401469009,DAL,3058254,18
401469009,DAL,2528779,40
401469009,DAL,3452,11
401469009,DAL,4230547,6
401469009,DAL,3138154,10
401469009,DAL,4868423,17
401469009,DAL,6461,0
401469009,DAL,3923253,0
401469009,DAL,4278507,0
401469009,SAC,6578,37
401469009,SAC,3155942,41
401469009,SAC,4594327,28
401469009,SAC,4066259,42
401469009,SAC,4066372,39
401469009,SAC,3914283,8
401469009,SAC,3136196,25
401469009,SAC,3919454,32
401469009,SAC,4278053,12
401469009,SAC,2993370,0
401469009,SAC,4397693,0
401469009,SAC,2596107,0
401469009,SAC,2489716,0
401469009,SAC,4702177,0
401469010,MEM,3155526,36
401469010,MEM,4277961,20
401469010,MEM,4277964,24
401469010,MEM,4066320,34
401469010,MEM,4279888,34
401469010,MEM,3906665,23
401469010,MEM,4593125,28
401469010,MEM,3134932,5
401469010,MEM,3135046,14
401469010,MEM,3913174,22
401469010,MEM,4397227,0
401469010,MEM,4432646,0
401469010,BOS,4065648,38
401469010,BOS,4065804,31
401469010,BOS,3213,30
401469010,BOS,4066211,32
401469010,BOS,3078576,40
401469010,BOS,4066218,26
401469010,BOS,2490089,17
401469010,BOS,3064560,7
401469010,BOS,4066354,18
401469010,BOS,3989,0
401469010,BOS,4065660,0
401469010,BOS,4576085,0
401469011,DET,3593,38
401469011,DET,4432810,38
401469011,DET,4433621,21
401469011,DET,4433218,27
401469011,DET,4683024,21
401469011,DET,4277957,27
401469011,DET,6446,18
401469011,DET,6429,28
401469011,DET,4080610,22
401469011,DET,4277848,0
401469011,DET,2488826,0
401469011,DET,4279532,0
401469011,TOR,3149673,38
401469011,TOR,4431679,33
401469011,TOR,4433134,37
401469011,TOR,3134908,25
401469011,TOR,2991230,37
401469011,TOR,3244,24
401469011,TOR,3948153,18
401469011,TOR,4397885,9
401469011,TOR,4066668,18
401469011,TOR,4017839,0
401469011,TOR,4397033,0
401469011,TOR,4277843,0
401469012,ATL,4065732,35
401469012,ATL,3102529,29
401469012,ATL,3907497,40
401469012,ATL,4277905,35
401469012,ATL,4397136,21
401469012,ATL,4431680,19
401469012,ATL,4432585,17
401469012,ATL,4701230,13
401469012,ATL,3037789,31
401469012,ATL,4277952,0
401469012,ATL,3913180,0
401469012,ATL,3922230,0
401469012,ATL,4578893,0
401469012,CHA,4278078,36
401469012,CHA,4249,34
401469012,CHA,4701232,30
401469012,CHA,3074752,33
401469012,CHA,4432816,41
401469012,CHA,4702233,7
401469012,CHA,4278076,17
401469012,CHA,4065697,24
401469012,CHA,4576086,19
401469012,CHA,3138161,0
401469012,CHA,3133602,0
401469012,CHA,3133603,0
401469013,SA,4066650,32
401469013,SA,4395723,35
401469013,SA,4565201,29
401469013,SA,4610139,27
401469013,SA,3136779,33
401469013,SA,4066392,6
401469013,SA,4870562,17
401469013,SA,4397886,13
401469013,SA,3133601,29
401469013,SA,4683935,20
401469013,SA,2534781,0
401469013,CLE,4432822,37
401469013,CLE,4066328,39
401469013,CLE,4432158,38
401469013,CLE,3908809,37
401469013,CLE,4396907,30
401469013,CLE,3912848,6
401469013,CLE,3893016,11
401469013,CLE,4011,23
401469013,CLE,2991043,20
401469013,CLE,3449,0
401469013,CLE,3947156,0
401469013,CLE,4066405,0
401469013,CLE,3447,0
401469013,CLE,2968361,0
401469013,CLE,3906786,0
401469014,UTAH,2489663,31
401469014,UTAH,4066336,37
401469014,UTAH,4433136,19
401469014,UTAH,2528426,34
401469014,UTAH,4277811,29
401469014,UTAH,3899664,13
401469014,UTAH,3005,16
401469014,UTAH,4396991,19
401469014,UTAH,4066299,13
401469014,UTAH,4397018,29
401469014,UTAH,4401416,0
401469014,UTAH,4683025,0
401469014,UTAH,3064559,0
401469014,UTAH,4432817,0
401469014,IND,2451037,22
401469014,IND,2990984,29
401469014,IND,4395712,23
401469014,IND,4396909,30
401469014,IND,4396993,35
401469014,IND,4432170,26
401469014,IND,4277883,17
401469014,IND,3438,10
401469014,IND,2530530,16
401469014,IND,4683634,32
401469014,IND,3999,0
401469014,IND,4397189,0
401469014,IND,4278031,0
401469014,IND,4592402,0
401469015,HOU,3136777,24
401469015,HOU,4431828,31
401469015,HOU,4432639,36
401469015,HOU,4871144,33
401469015,HOU,4437244,32
401469015,HOU,4871143,9
401469015,HOU,2579294,6
401469015,HOU,4396978,4
401469015,HOU,4433192,21
401469015,HOU,4376,4
401469015,HOU,4432168,16
401469015,HOU,4683749,20
401469015,HOU,5075393,4
401469015,HOU,4432176,0
401469015,PHI,3033,7
401469015,PHI,6440,27
401469015,PHI,3059318,31
401469015,PHI,3992,32
401469015,PHI,4066436,21
401469015,PHI,2990969,18
401469015,PHI,4066731,28
401469015,PHI,4278562,17
401469015,PHI,2991155,4
401469015,PHI,2991055,3
401469015,PHI,3915195,19
401469015,PHI,4431678,35
401469016,DEN,4278104,33
401469016,DEN,4230557,28
401469016,DEN,3112335,34
401469016,DEN,2581018,36
401469016,DEN,4065670,32
401469016,DEN,3209,20
401469016,DEN,3934723,14
401469016,DEN,4305,16
401469016,DEN,4431767,26
401469016,DEN,4065653,0
401469016,DEN,3442,0
401469016,DEN,4576087,0
401469016,MIA,6430,32
401469016,MIA,3138160,28
401469016,MIA,4066261,34
401469016,MIA,3137259,34
401469016,MIA,4065778,42
401469016,MIA,4291678,28
401469016,MIA,4593049,14
401469016,MIA,4280245,28
401469016,MIA,2184,0
401469016,MIA,4278572,0
401469016,MIA,4395725,0
401469017,BKN,2578185,29
401469017,BKN,3138196,27
401469017,BKN,4278067,23
401469017,BKN,2580782,33
401469017,BKN,3147657,29
401469017,BKN,2583632,22
401469017,BKN,2528794,17
401469017,BKN,3133838,4
401469017,BKN,4432194,15
401469017,BKN,3907387,13
401469017,BKN,4066993,4
401469017,BKN,4397107,4
401469017,BKN,4432174,20
401469017,BKN,4004,0
401469017,BKN,3136485,0
401469017,NY,3064514,32
401469017,NY,4395625,24
401469017,NY,4277922,24
401469017,NY,3934672,36
401469017,NY,4397014,22
401469017,NY,4278355,16
401469017,NY,4222252,24
401469017,NY,6588,2
401469017,NY,3062679,28
401469017,NY,4395724,28
401469017,NY,4431823,4
401469017,NY,3456,0
401469018,ORL,4432573,35
401469018,ORL,4566434,33
401469018,ORL,4277847,30
401469018,ORL,2999547,28
401469018,ORL,4066636,35
401469018,ORL,4065654,13
401469018,ORL,4433623,13
401469018,ORL,3150844,18
401469018,ORL,4397102,13
401469018,ORL,4432165,23
401469018,ORL,4278052,0
401469018,ORL,3918423,0
401469018,CHI,4431687,30
401469018,CHI,6478,34
401469018,CHI,3978,36
401469018,CHI,3064440,40
401469018,CHI,4397002,34
401469018,CHI,3936099,9
401469018,CHI,6585,14
401469018,CHI,3423,11
401469018,CHI,4395651,23
401469018,CHI,4433159,9
401469018,CHI,4065673,0
401469019,NO,3913176,32
401469019,NO,4277813,24
401469019,NO,4397688,32
401469019,NO,6477,25
401469019,NO,4277869,29
401469019,NO,2580365,21
401469019,NO,4278594,23
401469019,NO,4397077,2
401469019,NO,2581190,34
401469019,NO,4395698,19
401469019,NO,2999409,0
401469019,NO,4431811,0
401469019,NO,4023,0
401469019,OKC,4432823,16
401469019,OKC,4278073,39
401469019,OKC,4397020,24
401469019,OKC,4593803,39
401469019,OKC,4871145,33
401469019,OKC,4066317,6
401469019,OKC,4432813,18
401469019,OKC,3133626,31
401469019,OKC,4395702,22
401469019,OKC,4397183,12
401469019,OKC,3032978,0
401469019,OKC,4432819,0
401469020,MIN,2990962,22
401469020,MIN,4431671,31
401469020,MIN,3032976,30
401469020,MIN,3195,32
401469020,MIN,4594268,36
401469020,MIN,2993874,24
401469020,MIN,4396971,12
401469020,MIN,6617,21
401469020,MIN,3134916,16
401469020,MIN,4278541,15
401469020,MIN,4067325,0
401469020,MIN,4592187,0
401469020,MIN,4687718,0
401469020,MIN,4278039,0
401469020,DAL,2531367,14
401469020,DAL,2528779,38
401469020,DAL,6442,40
401469020,DAL,3945274,36
401469020,DAL,4432811,38
401469020,DAL,3058254,23
401469020,DAL,3452,2
401469020,DAL,4230547,13
401469020,DAL,3138154,19
401469020,DAL,4868423,16
401469020,DAL,6461,0
401469020,DAL,3923253,0
401469020,DAL,4278507,0
401469020,DAL,4067017,0
401469021,WSH,4278049,28
401469021,WSH,4280151,22
401469021,WSH,3102531,36
401469021,WSH,3059310,29
401469021,WSH,6580,35
401469021,WSH,2581184,12
401469021,WSH,4683021,27
401469021,WSH,3056247,29
401469021,WSH,3064447,19
401469021,WSH,4592829,3
401469021,WSH,3986,0
401469021,WSH,4431669,0
401469021,WSH,4432356,0
401469021,GS,6589,24
401469021,GS,3059319,39
401469021,GS,3155535,31
401469021,GS,6475,36
401469021,GS,4277956,30
401469021,GS,2327577,16
401469021,GS,4433247,13
401469021,GS,3934673,25
401469021,GS,4065733,18
401469021,GS,4432171,8
401469021,GS,4433246,0
401469022,LAL,6583,31
401469022,LAL,4066648,22
401469022,LAL,4278508,20
401469022,LAL,3032979,30
401469022,LAL,3136776,28
401469022,LAL,4066264,13
401469022,LAL,4278077,22
401469022,LAL,3059262,7
401469022,LAL,3907822,21
401469022,LAL,4066457,25
401469022,LAL,4277890,15
401469022,LAL,4432582,7
401469022,LAL,4277919,0
401469022,POR,3914285,24
401469022,POR,4395627,19
401469022,POR,6606,34
401469022,POR,3907498,26
401469022,POR,4351851,28
401469022,POR,4278075,7
401469022,POR,4431675,18
401469022,POR,4432446,17
401469022,POR,4432588,2
401469022,POR,4395652,28
401469022,POR,2991047,7
401469022,POR,4432192,7
401469022,POR,4914336,26
401469023,ORL,4432573,32
401469023,ORL,4566434,32
401469023,ORL,4277847,32
401469023,ORL,2999547,23
401469023,ORL,4066636,36
401469023,ORL,4278052,13
401469023,ORL,4433623,12
401469023,ORL,3150844,16
401469023,ORL,4397102,16
401469023,ORL,4432165,29
401469023,ORL,3918423,0
401469023,TOR,3149673,41
401469023,TOR,4431679,34
401469023,TOR,4433134,36
401469023,TOR,3134908,37
401469023,TOR,2991230,35
401469023,TOR,3244,7
401469023,TOR,3948153,24
401469023,TOR,4397885,4
401469023,TOR,4066668,13
401469023,TOR,4066786,10
401469023,TOR,4017839,0
401469023,TOR,4397033,0
401469023,TOR,4431778,0
401469023,TOR,4397251,0
401469024,BOS,3989,24
401469024,BOS,4065804,39
401469024,BOS,4066218,48
401469024,BOS,2490089,44
401469024,BOS,3078576,43
401469024,BOS,3064560,2
401469024,BOS,4066211,13
401469024,BOS,2566769,39
401469024,BOS,4066354,14
401469024,BOS,4065660,0
401469024,BOS,4576085,0
401469024,MIL,3032977,46
401469024,MIL,3448,25
401469024,MIL,3995,43
401469024,MIL,2578239,35
401469024,MIL,3135045,36
401469024,MIL,6609,25
401469024,MIL,2968436,31
401469024,MIL,4032,10
401469024,MIL,3133635,14
401469024,MIL,3102533,0
401469024,MIL,4278580,0
401469024,MIL,4432179,0
401469024,MIL,4397475,0
401469025,SAC,6578,36
401469025,SAC,3155942,38
401469025,SAC,4594327,21
401469025,SAC,4066259,38
401469025,SAC,4066372,35
401469025,SAC,3914283,10
401469025,SAC,3136196,18
401469025,SAC,4397693,10
401469025,SAC,2489716,1
401469025,SAC,3919454,22
401469025,SAC,4278053,10
401469025,SAC,4702177,1
401469025,SAC,2993370,0
401469025,SAC,2596107,0
401469025,SAC,4397424,0
401469025,SAC,3923250,0
401469025,PHX,2528693,30
401469025,PHX,4278129,37
401469025,PHX,2779,37
401469025,PHX,3136193,29
401469025,PHX,4065663,39
401469025,PHX,3059307,20
401469025,PHX,2982334,7
401469025,PHX,3146557,11
401469025,PHX,2595209,23
401469025,PHX,4278124,6
401469025,PHX,4423545,0
401469025,PHX,6427,0
401469026,GS,6589,33
401469026,GS,3155535,27
401469026,GS,6475,28
401469026,GS,3934673,29
401469026,GS,4277956,33
401469026,GS,2327577,9
401469026,GS,4066790,25
401469026,GS,4433247,22
401469026,GS,4065733,17
401469026,GS,4432171,13
401469026,GS,4433246,2
401469026,LAC,4251,32
401469026,LAC,6450,34
401469026,LAC,6462,23
401469026,LAC,4017837,28
401469026,LAC,3907823,27
401469026,LAC,3416,8
401469026,LAC,4433249,2
401469026,LAC,2488653,17
401469026,LAC,3431,22
401469026,LAC,2595516,25
401469026,LAC,4066387,2
401469026,LAC,4432162,2
401469026,LAC,4592492,16
401469026,LAC,2490620,0
401469026,LAC,4397916,0
401469027,WSH,3134907,36
401469027,WSH,4278049,15
401469027,WSH,3102531,30
401469027,WSH,3059310,28
401469027,WSH,6580,33
401469027,WSH,3986,11
401469027,WSH,2581184,2
401469027,WSH,4280151,18
401469027,WSH,4683021,18
401469027,WSH,4431669,2
401469027,WSH,3056247,14
401469027,WSH,3064447,29
401469027,WSH,4432356,2
401469027,WSH,4592829,2
401469027,POR,3914285,27
401469027,POR,4395627,33
401469027,POR,6606,39
401469027,POR,3907498,30
401469027,POR,4351851,27
401469027,POR,4278075,8
401469027,POR,4431675,14
401469027,POR,4432446,12
401469027,POR,4395652,17
401469027,POR,2991047,3
401469027,POR,4432192,3
401469027,POR,4914336,28
401469027,POR,4432588,0
401469028,SA,4066650,32
401469028,SA,4395723,35
401469028,SA,4565201,33
401469028,SA,4610139,32
401469028,SA,3136779,28
401469028,SA,2528588,23
401469028,SA,4870562,6
401469028,SA,4397886,14
401469028,SA,3133601,22
401469028,SA,4683935,16
401469028,SA,2534781,0
401469028,CHA,4278078,32
401469028,CHA,4249,30
401469028,CHA,4701232,30
401469028,CHA,4065697,31
401469028,CHA,4432816,39
401469028,CHA,4702233,9
401469028,CHA,4278076,18
401469028,CHA,3133602,25
401469028,CHA,4576086,26
401469028,CHA,4431699,0
401469028,CHA,3138161,0
401469028,CHA,3074752,0
401469028,CHA,3133603,0
401469029,CHI,4431687,28
401469029,CHI,6478,37
401469029,CHI,2991350,30
401469029,CHI,3064440,43
401469029,CHI,4397002,43
401469029,CHI,6585,11
401469029,CHI,4395651,34
401469029,CHI,4433159,15
401469029,CHI,4065673,0
401469029,CHI,3056245,0
401469029,CHI,4067735,0
401469029,IND,3133628,36
401469029,IND,2530530,21
401469029,IND,2990984,28
401469029,IND,4396909,34
401469029,IND,4396993,35
401469029,IND,4397189,6
401469029,IND,4432170,5
401469029,IND,4277883,9
401469029,IND,4592402,20
401469029,IND,4395712,21
401469029,IND,4683634,23
401469029,IND,3999,0
401469029,IND,4278031,0
401469029,IND,3438,0
401469030,CLE,4432822,19
401469030,CLE,4066328,38
401469030,CLE,4432158,36
401469030,CLE,3908809,42
401469030,CLE,4396907,43
401469030,CLE,3988,12
401469030,CLE,3912848,9
401469030,CLE,4066405,5
401469030,CLE,2968361,10
401469030,CLE,2991043,28
401469030,CLE,3449,0
401469030,CLE,3447,0
401469030,PHI,3033,21
401469030,PHI,6440,35
401469030,PHI,3059318,39
401469030,PHI,3992,38
401469030,PHI,4066436,34
401469030,PHI,2990969,13
401469030,PHI,4066731,13
401469030,PHI,4278562,9
401469030,PHI,3915195,10
401469030,PHI,4431678,28
401469030,PHI,2991155,0
401469030,PHI,2580913,0
401469030,PHI,2991055,0
401469030,PHI,4432164,0
401469031,NY,3064514,35
401469031,NY,4395625,32
401469031,NY,4277922,22
401469031,NY,3934672,38
401469031,NY,4397014,24
401469031,NY,4278355,13
401469031,NY,4222252,26
401469031,NY,3062679,24
401469031,NY,4395724,24
401469031,NY,4431823,1
401469031,NY,3456,0
401469031,NY,6588,0
401469031,ATL,3908845,22
401469031,ATL,4065732,29
401469031,ATL,3102529,26
401469031,ATL,3907497,34
401469031,ATL,4277905,32
401469031,ATL,4277952,4
401469031,ATL,4431680,19
401469031,ATL,4432585,15
401469031,ATL,4701230,4
401469031,ATL,3037789,24
401469031,ATL,3913180,4
401469031,ATL,3922230,8
401469031,ATL,4397136,18
401469031,ATL,4578893,4
401469032,DET,3593,33
401469032,DET,4432810,26
401469032,DET,4433621,25
401469032,DET,4433218,26
401469032,DET,4683024,30
401469032,DET,4277957,22
401469032,DET,4432808,24
401469032,DET,6446,17
401469032,DET,6429,20
401469032,DET,4080610,16
401469032,DET,4279532,2
401469032,DET,2488826,0
401469032,BOS,3989,29
401469032,BOS,4065648,34
401469032,BOS,3213,28
401469032,BOS,2990992,29
401469032,BOS,3078576,27
401469032,BOS,4065804,22
401469032,BOS,4066218,20
401469032,BOS,3064560,20
401469032,BOS,2566769,29
401469032,BOS,4576085,2
401469032,BOS,4066354,0
401469033,MIA,6430,32
401469033,MIA,3138160,32
401469033,MIA,4066261,38
401469033,MIA,3137259,35
401469033,MIA,4065778,39
401469033,MIA,3157465,23
401469033,MIA,4291678,23
401469033,MIA,4593049,4
401469033,MIA,4280245,13
401469033,MIA,2184,0
401469033,MIA,4278572,0
401469033,BKN,2578185,20
401469033,BKN,3138196,34
401469033,BKN,4278067,25
401469033,BKN,2580782,36
401469033,BKN,3147657,36
401469033,BKN,2583632,25
401469033,BKN,2528794,13
401469033,BKN,2326307,10
401469033,BKN,3907387,20
401469033,BKN,4432174,21
401469033,BKN,3133838,0
401469033,BKN,4432194,0
401469033,BKN,4004,0
401469033,BKN,3136485,0
401469034,UTAH,2489663,37
401469034,UTAH,4433136,33
401469034,UTAH,2528426,35
401469034,UTAH,4277811,4
401469034,UTAH,4397018,39
401469034,UTAH,3899664,24
401469034,UTAH,4401416,25
401469034,UTAH,4396991,32
401469034,UTAH,3064559,8
401469034,UTAH,4066299,4
401469034,UTAH,4683025,0
401469034,UTAH,4432817,0
401469034,MEM,3155526,32
401469034,MEM,3906665,31
401469034,MEM,4277961,31
401469034,MEM,4066320,32
401469034,MEM,4279888,34
401469034,MEM,4277964,12
401469034,MEM,4593125,21
401469034,MEM,3134932,11
401469034,MEM,3135046,14
401469034,MEM,3913174,21
401469034,MEM,4397227,0
401469034,MEM,4432646,0
401469035,HOU,3136777,19
401469035,HOU,4431828,28
401469035,HOU,4432639,29
401469035,HOU,4871144,22
401469035,HOU,4437244,16
401469035,HOU,4871143,15
401469035,HOU,2579294,13
401469035,HOU,4396978,17
401469035,HOU,4433192,19
401469035,HOU,4376,7
401469035,HOU,4432168,22
401469035,HOU,4683749,19
401469035,HOU,5075393,14
401469035,HOU,4432176,0
401469035,OKC,4432823,26
401469035,OKC,4278073,29
401469035,OKC,4397020,24
401469035,OKC,4593803,22
401469035,OKC,4871145,25
401469035,OKC,3032978,14
401469035,OKC,4066317,18
401469035,OKC,4066410,9
401469035,OKC,4432813,18
401469035,OKC,3133626,18
401469035,OKC,4395702,17
401469035,OKC,4397183,10
401469035,OKC,4432819,10
401469036,DAL,2531367,21
401469036,DAL,2528779,30
401469036,DAL,4230547,24
401469036,DAL,3945274,35
401469036,DAL,4432811,29
401469036,DAL,3058254,22
401469036,DAL,3452,10
401469036,DAL,4278507,13
401469036,DAL,3138154,20
401469036,DAL,4067017,12
401469036,DAL,4868423,24
401469036,DAL,6461,0
401469036,DAL,2284101,0
401469036,DEN,4278104,33
401469036,DEN,4230557,25
401469036,DEN,3112335,34
401469036,DEN,2581018,32
401469036,DEN,4065670,29
401469036,DEN,3209,26
401469036,DEN,4065653,1
401469036,DEN,3934723,14
401469036,DEN,4305,19
401469036,DEN,4431767,27
401469036,DEN,4576087,1
401469036,DEN,3442,0
401469037,NO,3913176,34
401469037,NO,4277813,30
401469037,NO,4397688,20
401469037,NO,6477,31
401469037,NO,2490149,34
401469037,NO,4278594,19
401469037,NO,2999409,17
401469037,NO,4397077,4
401469037,NO,2581190,19
401469037,NO,4431811,4
401469037,NO,4277869,24
401469037,NO,4395698,4
401469037,NO,4023,0
401469037,LAL,1966,29
401469037,LAL,6583,30
401469037,LAL,4278077,28
401469037,LAL,3907822,23
401469037,LAL,3136776,28
401469037,LAL,4066264,4
401469037,LAL,4066648,16
401469037,LAL,4278508,18
401469037,LAL,4277919,16
401469037,LAL,3059262,3
401469037,LAL,3032979,20
401469037,LAL,4066457,22
401469037,LAL,4277890,3
401469038,MIL,3032977,9
401469038,MIL,3448,33
401469038,MIL,3995,28
401469038,MIL,3133635,32
401469038,MIL,3135045,28
401469038,MIL,2968436,21
401469038,MIL,3102533,4
401469038,MIL,4278580,19
401469038,MIL,4432179,22
401469038,MIL,4032,20
401469038,MIL,4397475,23
401469038,CHI,4431687,30
401469038,CHI,6478,31
401469038,CHI,3064440,32
401469038,CHI,4395651,37
401469038,CHI,4397002,36
401469038,CHI,6585,13
401469038,CHI,4065673,4
401469038,CHI,4683622,2
401469038,CHI,3056245,7
401469038,CHI,4067735,22
401469038,CHI,4433159,27
401469039,WSH,3134907,35
401469039,WSH,4278049,19
401469039,WSH,3102531,32
401469039,WSH,3059310,21
401469039,WSH,6580,35
401469039,WSH,4280151,32
401469039,WSH,4683021,24
401469039,WSH,3056247,13
401469039,WSH,3064447,29
401469039,WSH,3986,0
401469039,WSH,2581184,0
401469039,WSH,4431669,0
401469039,WSH,4432356,0
401469039,WSH,4592829,0
401469039,MIN,2993874,31
401469039,MIN,4431671,33
401469039,MIN,3032976,36
401469039,MIN,3195,33
401469039,MIN,4594268,37
401469039,MIN,2990962,22
401469039,MIN,4396971,13
401469039,MIN,6617,7
401469039,MIN,3134916,11
401469039,MIN,4278039,5
401469039,MIN,4278541,13
401469039,MIN,4067325,0
401469039,MIN,4592187,0
401469039,MIN,4687718,0
401469040,LAC,4251,36
401469040,LAC,6450,35
401469040,LAC,6462,19
401469040,LAC,4017837,29
401469040,LAC,3907823,35
401469040,LAC,3416,24
401469040,LAC,2488653,18
401469040,LAC,3431,26
401469040,LAC,4592492,16
401469040,LAC,2490620,0
401469040,LAC,4433249,0
401469040,LAC,4397126,0
401469040,LAC,4066387,0
401469040,LAC,4397916,0
401469040,LAC,4432162,0
401469040,PHX,2528693,27
401469040,PHX,4278129,32
401469040,PHX,2779,33
401469040,PHX,3136193,35
401469040,PHX,4065663,41
401469040,PHX,3059307,7
401469040,PHX,2982334,8
401469040,PHX,6427,12
401469040,PHX,3146557,4
401469040,PHX,2595209,8
401469040,PHX,6619,25
401469040,PHX,4278124,8
401469040,PHX,4423545,0
401469041,DEN,4278104,29
401469041,DEN,4230557,26
401469041,DEN,3112335,36
401469041,DEN,2581018,34
401469041,DEN,3936299,33
401469041,DEN,3209,22
401469041,DEN,3934723,12
401469041,DEN,6443,18
401469041,DEN,4065670,22
401469041,DEN,4431767,8
401469041,DEN,4065653,0
401469041,DEN,3442,0
401469041,DEN,4305,0
401469041,DEN,4576087,0
401469041,CLE,4432822,20
401469041,CLE,4066328,30
401469041,CLE,4432158,38
401469041,CLE,3908809,35
401469041,CLE,4396907,37
401469041,CLE,3912848,8
401469041,CLE,4066405,14
401469041,CLE,3893016,27
401469041,CLE,2991043,32
401469041,CLE,3988,0
401469041,CLE,3447,0
401469041,CLE,2968361,0
401469041,CLE,3906786,0
401469042,BOS,4065648,42
401469042,BOS,3213,34
401469042,BOS,4066211,26
401469042,BOS,2990992,35
401469042,BOS,3917376,43
401469042,BOS,4065804,13
401469042,BOS,4066218,6
401469042,BOS,3064560,5
401469042,BOS,2566769,37
401469042,BOS,3078576,25
401469042,BOS,3989,0
401469042,BOS,2490089,0
401469042,BOS,4066354,0
401469042,IND,3133628,37
401469042,IND,2990984,37
401469042,IND,4395712,23
401469042,IND,4396909,34
401469042,IND,4396993,39
401469042,IND,4277883,19
401469042,IND,2451037,16
401469042,IND,4592402,16
401469042,IND,2530530,14
401469042,IND,4683634,30
401469042,IND,3999,0
401469042,IND,4397189,0
401469042,IND,4432170,0
401469042,IND,4278031,0
401469042,IND,3438,0
401469043,DET,3593,29
401469043,DET,4432810,27
401469043,DET,4433621,23
401469043,DET,4433218,31
401469043,DET,4683024,32
401469043,DET,4277957,22
401469043,DET,4432808,24
401469043,DET,6446,15
401469043,DET,6429,19
401469043,DET,4080610,20
401469043,DET,2488826,0
401469043,ORL,4432573,32
401469043,ORL,4566434,31
401469043,ORL,4277847,32
401469043,ORL,2999547,28
401469043,ORL,4066636,30
401469043,ORL,4065654,16
401469043,ORL,3150844,16
401469043,ORL,4397102,16
401469043,ORL,4432165,21
401469043,ORL,4432809,18
401469043,ORL,4278052,0
401469043,ORL,3918423,0
401469043,ORL,4348700,0
401469044,MEM,3155526,32
401469044,MEM,3906665,15
401469044,MEM,4277961,33
401469044,MEM,4066320,32
401469044,MEM,4279888,32
401469044,MEM,4277964,32
401469044,MEM,4593041,14
401469044,MEM,4593125,15
401469044,MEM,3134932,17
401469044,MEM,3135046,16
401469044,MEM,4397227,0
401469044,MEM,4432646,0
401469044,PHI,3033,32
401469044,PHI,6440,34
401469044,PHI,3059318,39
401469044,PHI,3992,40
401469044,PHI,4066436,13
401469044,PHI,2990969,17
401469044,PHI,4066731,15
401469044,PHI,4278562,6
401469044,PHI,3915195,8
401469044,PHI,4431678,37
401469044,PHI,2991155,0
401469044,PHI,2991055,0
401469044,PHI,3929325,0
401469044,PHI,4432164,0
401469045,NO,3913176,37
401469045,NO,4277813,34
401469045,NO,6477,29
401469045,NO,2581190,29
401469045,NO,2490149,36
401469045,NO,2580365,19
401469045,NO,4278594,19
401469045,NO,4397688,23
401469045,NO,4277869,15
401469045,NO,2999409,0
401469045,NO,4397077,0
401469045,NO,4023,0
401469045,NO,4395698,0
401469045,TOR,3149673,38
401469045,TOR,3934719,32
401469045,TOR,4433134,41
401469045,TOR,3134908,30
401469045,TOR,4277843,37
401469045,TOR,3948153,23
401469045,TOR,4431679,20
401469045,TOR,4066786,19
401469045,TOR,4017839,0
401469045,TOR,3244,0
401469045,TOR,4397033,0
401469045,TOR,4431778,0
401469045,TOR,4066668,0
401469045,TOR,2991230,0
401469046,SA,4066650,27
401469046,SA,4395723,31
401469046,SA,4565201,35
401469046,SA,3136779,29
401469046,SA,3133601,28
401469046,SA,2528588,25
401469046,SA,4870562,16
401469046,SA,2534781,7
401469046,SA,4397886,19
401469046,SA,4683935,21
401469046,SA,4610139,0
401469046,DAL,2531367,27
401469046,DAL,2528779,26
401469046,DAL,6442,30
401469046,DAL,3945274,30
401469046,DAL,4432811,26
401469046,DAL,2284101,21
401469046,DAL,3058254,22
401469046,DAL,4230547,21
401469046,DAL,2528210,26
401469046,DAL,3138154,6
401469046,DAL,4868423,4
401469046,DAL,6461,0
401469046,DAL,3452,0
401469047,OKC,4432823,27
401469047,OKC,4278073,41
401469047,OKC,4397020,36
401469047,OKC,4593803,38
401469047,OKC,4871145,38
401469047,OKC,3032978,12
401469047,OKC,4432813,11
401469047,OKC,3133626,28
401469047,OKC,4395702,21
401469047,OKC,4432819,14
401469047,OKC,4066317,0
401469047,OKC,4066410,0
401469047,OKC,4397183,0
401469047,UTAH,2489663,32
401469047,UTAH,4066336,40
401469047,UTAH,4396991,35
401469047,UTAH,4433136,37
401469047,UTAH,2528426,36
401469047,UTAH,3899664,14
401469047,UTAH,4401416,15
401469047,UTAH,3005,4
401469047,UTAH,3064559,13
401469047,UTAH,2991139,17
401469047,UTAH,4397018,22
401469047,UTAH,4066299,0
401469047,UTAH,4065651,0
401469047,UTAH,4432817,0
401469048,GS,6589,25
401469048,GS,4433247,25
401469048,GS,6475,27
401469048,GS,3934673,24
401469048,GS,4277956,29
401469048,GS,2327577,16
401469048,GS,3155535,20
401469048,GS,4066790,24
401469048,GS,4065733,30
401469048,GS,4432171,10
401469048,GS,4433246,10
401469048,LAL,1966,26
401469048,LAL,6583,26
401469048,LAL,4278077,18
401469048,LAL,3907822,26
401469048,LAL,3136776,9
401469048,LAL,4066264,7
401469048,LAL,4066648,25
401469048,LAL,4278508,18
401469048,LAL,4277919,22
401469048,LAL,3059262,8
401469048,LAL,3032979,27
401469048,LAL,4066457,19
401469048,LAL,4277890,8
401469049,POR,3914285,24
401469049,POR,4395627,35
401469049,POR,4395652,34
401469049,POR,2991047,34
401469049,POR,3907498,27
401469049,POR,4278075,5
401469049,POR,4431675,19
401469049,POR,4432446,17
401469049,POR,4432588,5
401469049,POR,4432192,19
401469049,POR,4914336,22
401469049,SAC,6578,24
401469049,SAC,3155942,32
401469049,SAC,4594327,25
401469049,SAC,4066259,26
401469049,SAC,4066372,26
401469049,SAC,3914283,15
401469049,SAC,2993370,2
401469049,SAC,3136196,21
401469049,SAC,4397693,4
401469049,SAC,2596107,2
401469049,SAC,2489716,2
401469049,SAC,3919454,18
401469049,SAC,4066262,21
401469049,SAC,4278053,23
401469050,NY,3064514,36
401469050,NY,4395625,28
401469050,NY,4351852,28
401469050,NY,3934672,39
401469050,NY,4397014,21
401469050,NY,4278355,12
401469050,NY,4222252,20
401469050,NY,3062679,27
401469050,NY,4395724,30
401469050,NY,4277922,0
401469050,NY,3456,0
401469050,NY,4431823,0
401469050,NY,4432645,0
401469050,WSH,3134907,41
401469050,WSH,4278049,12
401469050,WSH,3102531,35
401469050,WSH,3059310,27
401469050,WSH,6580,35
401469050,WSH,3986,13
401469050,WSH,4280151,18
401469050,WSH,4683021,27
401469050,WSH,3056247,10
401469050,WSH,3064447,21
401469050,WSH,2581184,0
401469050,WSH,4431669,0
401469050,WSH,4278402,0
401469050,WSH,4432356,0
401469050,WSH,4592829,0
401469051,CLE,4432822,23
401469051,CLE,4066328,29
401469051,CLE,4432158,30
401469051,CLE,3908809,32
401469051,CLE,4396907,31
401469051,CLE,3988,10
401469051,CLE,3912848,8
401469051,CLE,4066405,26
401469051,CLE,3893016,16
401469051,CLE,3447,2
401469051,CLE,4011,12
401469051,CLE,2968361,10
401469051,CLE,2991043,9
401469051,ATL,4065732,29
401469051,ATL,3102529,21
401469051,ATL,3907497,35
401469051,ATL,4277905,32
401469051,ATL,4397136,28
401469051,ATL,4277952,2
401469051,ATL,4431680,25
401469051,ATL,4432585,18
401469051,ATL,4701230,22
401469051,ATL,3037789,22
401469051,ATL,3913180,2
401469051,ATL,3922230,2
401469051,ATL,4578893,2
401469052,MIA,3449,22
401469052,MIA,6430,21
401469052,MIA,4066261,25
401469052,MIA,3137259,23
401469052,MIA,4395725,28
401469052,MIA,3138160,26
401469052,MIA,3157465,20
401469052,MIA,4278572,5
401469052,MIA,4291678,7
401469052,MIA,2579258,16
401469052,MIA,2527963,20
401469052,MIA,4065778,27
401469052,MIA,2184,0
401469052,MIL,3032977,6
401469052,MIL,3448,27
401469052,MIL,3995,29
401469052,MIL,3133635,33
401469052,MIL,3135045,28
401469052,MIL,6581,16
401469052,MIL,6609,17
401469052,MIL,2968436,18
401469052,MIL,3064482,22
401469052,MIL,3102533,4
401469052,MIL,4432179,5
401469052,MIL,6605,15
401469052,MIL,4397475,19
401469053,CHA,4278078,35
401469053,CHA,4249,32
401469053,CHA,4701232,17
401469053,CHA,3074752,33
401469053,CHA,4432816,40
401469053,CHA,4702233,8
401469053,CHA,4278076,20
401469053,CHA,4065697,26
401469053,CHA,3133602,7
401469053,CHA,3133603,23
401469053,CHA,3138161,0
401469053,MIN,2993874,28
401469053,MIN,4431671,30
401469053,MIN,3032976,30
401469053,MIN,3195,31
401469053,MIN,4594268,40
401469053,MIN,4396971,18
401469053,MIN,6617,19
401469053,MIN,3134916,13
401469053,MIN,4278039,24
401469053,MIN,4278541,7
401469053,MIN,4067325,0
401469053,MIN,4687718,0
401469055,BKN,2578185,25
401469055,BKN,3138196,20
401469055,BKN,4278067,22
401469055,BKN,2580782,24
401469055,BKN,3147657,27
401469055,BKN,2583632,24
401469055,BKN,2528794,22
401469055,BKN,3133838,9
401469055,BKN,4432194,16
401469055,BKN,2326307,21
401469055,BKN,4432174,30
401469055,BKN,4004,0
401469055,BKN,3136485,0
401469055,CHI,6478,29
401469055,CHI,3964,22
401469055,CHI,3978,28
401469055,CHI,2991350,19
401469055,CHI,3064440,29
401469055,CHI,3936099,6
401469055,CHI,4279815,4
401469055,CHI,4431687,28
401469055,CHI,6585,14
401469055,CHI,4395651,25
401469055,CHI,4397002,26
401469055,CHI,4433159,10
401469054,OKC,4432823,27
401469054,OKC,4395702,36
401469054,OKC,4397020,36
401469054,OKC,4593803,28
401469054,OKC,4871145,24
401469054,OKC,3032978,12
401469054,OKC,4066317,5
401469054,OKC,4432813,10
401469054,OKC,3133626,28
401469054,OKC,4397183,19
401469054,OKC,4432819,16
401469054,OKC,4066410,0
401469054,OKC,4278046,0
401469054,PHX,2528693,23
401469054,PHX,4278129,31
401469054,PHX,2779,32
401469054,PHX,3136193,36
401469054,PHX,4065663,32
401469054,PHX,3059307,13
401469054,PHX,3146557,17
401469054,PHX,3064230,16
401469054,PHX,2595209,17
401469054,PHX,6619,23
401469054,PHX,4423545,0
401469054,PHX,2982334,0
401469054,PHX,6427,0
401469054,PHX,4278124,0
401469056,HOU,3136777,28
401469056,HOU,4431828,36
401469056,HOU,4432639,34
401469056,HOU,4871144,24
401469056,HOU,4683749,34
401469056,HOU,4871143,13
401469056,HOU,2579294,4
401469056,HOU,4396978,2
401469056,HOU,4433192,23
401469056,HOU,4432168,18
401469056,HOU,4432176,24
401469056,HOU,5075393,2
401469056,HOU,4376,0
401469056,GS,3155535,26
401469056,GS,4433247,24
401469056,GS,6475,36
401469056,GS,3934673,35
401469056,GS,4277956,31
401469056,GS,2327577,16
401469056,GS,4066790,20
401469056,GS,4065733,24
401469056,GS,4432171,13
401469056,GS,4433246,16
401469056,GS,4591725,0
401469057,SAC,6578,41
401469057,SAC,3155942,31
401469057,SAC,4594327,43
401469057,SAC,4066259,45
401469057,SAC,4066372,22
401469057,SAC,3914283,21
401469057,SAC,3136196,19
401469057,SAC,3919454,14
401469057,SAC,4066262,41
401469057,SAC,4278053,14
401469057,SAC,2993370,0
401469057,SAC,4397693,0
401469057,SAC,2596107,0
401469057,SAC,2489716,0
401469057,SAC,4702177,0
401469057,LAC,4251,41
401469057,LAC,6450,46
401469057,LAC,6462,25
401469057,LAC,2488653,25
401469057,LAC,3468,39
401469057,LAC,3416,38
401469057,LAC,3431,20
401469057,LAC,2595516,38
401469057,LAC,3907823,18
401469057,LAC,2490620,0
401469057,LAC,4433249,0
401469057,LAC,4066387,0
401469057,LAC,4592492,0
401469058,TOR,3149673,35
401469058,TOR,3934719,39
401469058,TOR,4433134,37
401469058,TOR,3134908,27
401469058,TOR,4277843,36
401469058,TOR,3244,4
401469058,TOR,3948153,20
401469058,TOR,4431679,22
401469058,TOR,4066786,20
401469058,TOR,4017839,0
401469058,TOR,4397033,0
401469058,TOR,4431778,0
401469058,TOR,4066668,0
401469058,DET,3593,29
401469058,DET,4432808,20
401469058,DET,4432810,19
401469058,DET,4433218,32
401469058,DET,4683024,32
401469058,DET,4277848,28
401469058,DET,4277957,29
401469058,DET,6446,10
401469058,DET,6429,17
401469058,DET,4080610,19
401469058,DET,4590530,5
401469058,DET,2488826,0
401469059,MIA,3449,26
401469059,MIA,6430,33
401469059,MIA,4066261,31
401469059,MIA,3137259,27
401469059,MIA,4395725,41
401469059,MIA,3138160,21
401469059,MIA,3157465,6
401469059,MIA,2579258,15
401469059,MIA,2527963,21
401469059,MIA,4065778,19
401469059,MIA,2184,0
401469059,MIA,4278572,0
401469059,MIA,4291678,0
401469059,CHA,4702233,26
401469059,CHA,4249,30
401469059,CHA,4701232,29
401469059,CHA,3074752,35
401469059,CHA,4432816,40
401469059,CHA,4431699,11
401469059,CHA,4278076,19
401469059,CHA,4065697,28
401469059,CHA,3133603,22
401469059,CHA,3138161,0
401469059,CHA,3133602,0
401469060,IND,3133628,28
401469060,IND,2990984,31
401469060,IND,4395712,24
401469060,IND,4396909,20
401469060,IND,4396993,33
401469060,IND,4397189,20
401469060,IND,4277883,21
401469060,IND,4592402,15
401469060,IND,2530530,19
401469060,IND,4683634,29
401469060,IND,3999,0
401469060,IND,4432170,0
401469060,IND,4278031,0
401469060,IND,2451037,0
401469060,IND,3438,0
401469060,ORL,4432573,33
401469060,ORL,4566434,34
401469060,ORL,4277847,18
401469060,ORL,2999547,26
401469060,ORL,4066636,31
401469060,ORL,3918423,3
401469060,ORL,3150844,21
401469060,ORL,4348700,9
401469060,ORL,4397102,22
401469060,ORL,4432165,26
401469060,ORL,4432809,17
401469060,ORL,4065654,0
401469060,ORL,4278052,0
401469061,NO,3913176,36
401469061,NO,4277813,13
401469061,NO,6477,32
401469061,NO,2581190,34
401469061,NO,2490149,34
401469061,NO,2580365,5
401469061,NO,4278594,15
401469061,NO,4397688,27
401469061,NO,2999409,11
401469061,NO,4397077,4
401469061,NO,4023,4
401469061,NO,4277869,16
401469061,NO,4395698,4
401469061,NO,4869342,4
401469061,NY,3064514,33
401469061,NY,4395625,29
401469061,NY,4351852,28
401469061,NY,3934672,32
401469061,NY,4397014,22
401469061,NY,4278355,15
401469061,NY,4222252,19
401469061,NY,4277922,4
401469061,NY,3456,2
401469061,NY,3062679,26
401469061,NY,4395724,27
401469061,NY,4431823,4
401469061,NY,6588,0
401469062,DEN,4278104,19
401469062,DEN,4230557,19
401469062,DEN,3112335,27
401469062,DEN,2581018,27
401469062,DEN,3936299,25
401469062,DEN,3209,25
401469062,DEN,4065653,4
401469062,DEN,3934723,21
401469062,DEN,4305,4
401469062,DEN,6443,19
401469062,DEN,4065670,25
401469062,DEN,4431767,21
401469062,DEN,4576087,4
401469062,DEN,3442,0
401469062,MEM,3155526,24
401469062,MEM,4277961,21
401469062,MEM,4277964,25
401469062,MEM,4066320,25
401469062,MEM,4279888,24
401469062,MEM,3906665,19
401469062,MEM,4433137,4
401469062,MEM,4585610,4
401469062,MEM,4592691,4
401469062,MEM,4593041,4
401469062,MEM,4593125,23
401469062,MEM,3134932,14
401469062,MEM,3135046,20
401469062,MEM,3913174,25
401469062,MEM,4432646,4
401469063,BOS,4065648,36
401469063,BOS,3213,32
401469063,BOS,4066211,31
401469063,BOS,2990992,26
401469063,BOS,3917376,37
401469063,BOS,4065804,2
401469063,BOS,4066218,29
401469063,BOS,2566769,21
401469063,BOS,3078576,25
401469063,BOS,3989,0
401469063,BOS,2490089,0
401469063,BOS,3064560,0
401469063,BOS,4066354,0
401469063,PHI,3033,38
401469063,PHI,6440,38
401469063,PHI,3059318,40
401469063,PHI,3992,41
401469063,PHI,4066436,25
401469063,PHI,2990969,13
401469063,PHI,4066731,15
401469063,PHI,4278562,5
401469063,PHI,3915195,2
401469063,PHI,4431678,25
401469063,PHI,2991155,0
401469063,PHI,2991055,0
401469063,PHI,3929325,0
401469064,SA,4066650,26
401469064,SA,4395723,37
401469064,SA,4565201,31
401469064,SA,4610139,32
401469064,SA,3136779,32
401469064,SA,2528588,18
401469064,SA,2534781,1
401469064,SA,4397886,15
401469064,SA,3133601,29
401469064,SA,4683935,20
401469064,SA,4870562,0
401469064,UTAH,2489663,23
401469064,UTAH,4066336,32
401469064,UTAH,4396991,24
401469064,UTAH,4433136,27
401469064,UTAH,2528426,33
401469064,UTAH,3899664,13
401469064,UTAH,4401416,9
401469064,UTAH,3005,16
401469064,UTAH,4066299,8
401469064,UTAH,2991139,23
401469064,UTAH,4397018,31
401469064,UTAH,3064559,0
401469064,UTAH,4065651,0
401469064,UTAH,4432817,0
401469065,PHX,2528693,27
401469065,PHX,4278129,35
401469065,PHX,2779,40
401469065,PHX,3136193,38
401469065,PHX,4065663,33
401469065,PHX,3059307,18
401469065,PHX,3146557,12
401469065,PHX,3064230,8
401469065,PHX,2595209,13
401469065,PHX,6619,17
401469065,PHX,4423545,0
401469065,PHX,2982334,0
401469065,PHX,6427,0
401469065,PHX,4278124,0
401469065,MIL,3064482,21
401469065,MIL,3448,36
401469065,MIL,3995,35
401469065,MIL,3133635,24
401469065,MIL,3135045,27
401469065,MIL,6581,25
401469065,MIL,6609,25
401469065,MIL,2968436,29
401469065,MIL,6605,5
401469065,MIL,2578239,13
401469065,MIL,3102533,0
401469065,MIL,4432179,0
401469065,MIL,4397475,0
401469066,BKN,2578185,32
401469066,BKN,3138196,36
401469066,BKN,4278067,30
401469066,BKN,2580782,41
401469066,BKN,3147657,38
401469066,BKN,2583632,20
401469066,BKN,2528794,6
401469066,BKN,2326307,7
401469066,BKN,4432174,29
401469066,BKN,3133838,0
401469066,BKN,4432194,0
401469066,BKN,4004,0
401469066,BKN,3136485,0
401469066,ATL,3908845,26
401469066,ATL,4065732,22
401469066,ATL,3102529,19
401469066,ATL,3907497,33
401469066,ATL,4277905,34
401469066,ATL,4431680,28
401469066,ATL,4432585,13
401469066,ATL,4701230,5
401469066,ATL,3037789,28
401469066,ATL,4397136,32
401469066,ATL,4277952,0
401469066,ATL,3913180,0
401469066,ATL,3922230,0
401469066,ATL,4578893,0
401469067,WSH,3134907,38
401469067,WSH,4278049,31
401469067,WSH,4683021,27
401469067,WSH,6580,37
401469067,WSH,3064447,28
401469067,WSH,3986,12
401469067,WSH,2581184,8
401469067,WSH,4280151,24
401469067,WSH,3056247,15
401469067,WSH,4278402,19
401469067,WSH,4431669,0
401469067,CHI,6478,32
401469067,CHI,3964,26
401469067,CHI,3978,35
401469067,CHI,2991350,26
401469067,CHI,3064440,33
401469067,CHI,3936099,2
401469067,CHI,4431687,22
401469067,CHI,6585,14
401469067,CHI,4395651,26
401469067,CHI,4397002,22
401469067,CHI,4433159,2
401469068,LAL,1966,37
401469068,LAL,6583,37
401469068,LAL,4278077,27
401469068,LAL,3907822,34
401469068,LAL,3032979,35
401469068,LAL,4066648,11
401469068,LAL,4278508,20
401469068,LAL,4277919,6
401469068,LAL,4066457,27
401469068,LAL,4277890,6
401469068,LAL,4066264,0
401469068,LAL,3059262,0
401469068,DAL,2284101,28
401469068,DAL,2531367,27
401469068,DAL,2528779,30
401469068,DAL,6442,38
401469068,DAL,3945274,36
401469068,DAL,6461,9
401469068,DAL,3058254,20
401469068,DAL,4230547,12
401469068,DAL,2528210,24
401469068,DAL,4432811,16
401469068,DAL,3452,0
401469068,DAL,3138154,0
401469068,DAL,4868423,0
401469069,TOR,3149673,33
401469069,TOR,3934719,34
401469069,TOR,4433134,31
401469069,TOR,3134908,27
401469069,TOR,4277843,27
401469069,TOR,4017839,5
401469069,TOR,3244,0
401469069,TOR,3948153,18
401469069,TOR,4397885,5
401469069,TOR,4431679,16
401469069,TOR,4397033,7
401469069,TOR,4431778,5
401469069,TOR,4066668,9
401469069,TOR,4066786,18
401469069,TOR,4397251,5
401469069,CLE,4432822,21
401469069,CLE,4066328,33
401469069,CLE,4432158,33
401469069,CLE,3908809,31
401469069,CLE,4396907,34
401469069,CLE,3988,6
401469069,CLE,3912848,25
401469069,CLE,4066405,5
401469069,CLE,3447,5
401469069,CLE,4011,20
401469069,CLE,2968361,5
401469069,CLE,2991043,23
401469069,CLE,3893016,0
401469069,CLE,3906786,0
401469070,SAC,6578,33
401469070,SAC,3155942,36
401469070,SAC,4594327,32
401469070,SAC,4066259,37
401469070,SAC,4066372,20
401469070,SAC,3914283,11
401469070,SAC,3136196,25
401469070,SAC,3919454,13
401469070,SAC,4066262,20
401469070,SAC,4278053,14
401469070,SAC,2993370,0
401469070,SAC,4397693,0
401469070,SAC,2596107,0
401469070,SAC,2489716,0
401469070,SAC,3923250,0
401469070,OKC,4432823,13
401469070,OKC,4395702,28
401469070,OKC,4397020,31
401469070,OKC,4593803,31
401469070,OKC,4871145,32
401469070,OKC,3032978,9
401469070,OKC,4066317,17
401469070,OKC,4432813,19
401469070,OKC,3133626,20
401469070,OKC,4397183,24
401469070,OKC,4432819,14
401469070,OKC,4066410,0
401469071,MIN,2993874,30
401469071,MIN,4431671,33
401469071,MIN,4396971,36
401469071,MIN,3195,34
401469071,MIN,4594268,39
401469071,MIN,4067325,8
401469071,MIN,4277951,4
401469071,MIN,6617,21
401469071,MIN,3134916,15
401469071,MIN,4278039,21
401469071,MIN,3908336,0
401469071,MIN,4687718,0
401469071,GS,3155535,32
401469071,GS,4433247,27
401469071,GS,6475,33
401469071,GS,3934673,38
401469071,GS,4277956,35
401469071,GS,2327577,12
401469071,GS,4066790,25
401469071,GS,4065733,21
401469071,GS,4432171,4
401469071,GS,4433246,13
401469071,GS,2386,0
401469071,GS,4591725,0
401469072,HOU,3136777,25
401469072,HOU,4431828,33
401469072,HOU,4432639,38
401469072,HOU,4871144,25
401469072,HOU,4683749,32
401469072,HOU,4871143,8
401469072,HOU,4433192,28
401469072,HOU,4376,6
401469072,HOU,4432168,15
401469072,HOU,4432176,30
401469072,HOU,2579294,0
401469072,HOU,4396978,0
401469072,HOU,5075393,0
401469072,POR,2991070,32
401469072,POR,3914285,22
401469072,POR,4395627,31
401469072,POR,6606,39
401469072,POR,3907498,36
401469072,POR,4278075,1
401469072,POR,4431675,24
401469072,POR,4432446,13
401469072,POR,4395652,20
401469072,POR,4432192,9
401469072,POR,4914336,13
401469073,LAC,4251,36
401469073,LAC,6450,39
401469073,LAC,6462,33
401469073,LAC,2488653,27
401469073,LAC,3468,25
401469073,LAC,3416,21
401469073,LAC,4433249,1
401469073,LAC,3431,25
401469073,LAC,2595516,17
401469073,LAC,3907823,25
401469073,LAC,4066387,1
401469073,LAC,4592492,15
401469073,LAC,2490620,0
401469073,DEN,3064290,29
401469073,DEN,4278104,39
401469073,DEN,3112335,42
401469073,DEN,2581018,38
401469073,DEN,3936299,41
401469073,DEN,4230557,17
401469073,DEN,3934723,11
401469073,DEN,6443,19
401469073,DEN,4065670,30
401469073,DEN,4431767,0
401469073,DEN,3209,0
401469073,DEN,4065653,0
401469073,DEN,3442,0
401469073,DEN,4305,0
401469073,DEN,4576087,0
401469074,DET,4277957,8
401469074,DET,4432808,27
401469074,DET,6429,30
401469074,DET,2488826,30
401469074,DET,4683024,35
401469074,DET,4277848,24
401469074,DET,6446,28
401469074,DET,4080610,33
401469074,DET,4590530,23
401469074,DET,4432810,0
401469074,DET,4433621,0
401469074,DET,4433218,0
401469074,CHA,4702233,22
401469074,CHA,4249,36
401469074,CHA,4701232,30
401469074,CHA,3074752,38
401469074,CHA,4432816,21
401469074,CHA,4431699,11
401469074,CHA,4278076,18
401469074,CHA,4065697,32
401469074,CHA,3133603,28
401469074,CHA,4576086,5
401469074,CHA,4431712,0
401469074,CHA,3133602,0
401469075,MIA,3449,21
401469075,MIA,6430,32
401469075,MIA,4066261,32
401469075,MIA,3137259,30
401469075,MIA,4395725,35
401469075,MIA,3138160,31
401469075,MIA,2579258,16
401469075,MIA,2527963,19
401469075,MIA,4065778,24
401469075,MIA,2184,0
401469075,MIA,3157465,0
401469075,MIA,4291678,0
401469075,PHI,3033,33
401469075,PHI,6440,35
401469075,PHI,3059318,34
401469075,PHI,3992,39
401469075,PHI,4066436,31
401469075,PHI,2990969,7
401469075,PHI,4066731,10
401469075,PHI,4278562,13
401469075,PHI,3915195,10
401469075,PHI,4431678,27
401469075,PHI,2991155,0
401469075,PHI,2991055,0
401469075,PHI,3929325,0
401469076,BOS,4065648,37
401469076,BOS,3213,28
401469076,BOS,4066211,29
401469076,BOS,2990992,34
401469076,BOS,3078576,32
401469076,BOS,3989,6
401469076,BOS,4065804,16
401469076,BOS,4066218,16
401469076,BOS,2490089,11
401469076,BOS,3064560,3
401469076,BOS,2566769,28
401469076,BOS,4066354,2
401469076,NY,3064514,36
401469076,NY,4395625,26
401469076,NY,4351852,32
401469076,NY,3934672,40
401469076,NY,4397014,21
401469076,NY,4278355,12
401469076,NY,4222252,16
401469076,NY,3062679,27
401469076,NY,4395724,31
401469076,NY,4431823,0
401469076,NY,4277922,0
401469076,NY,3456,0
401469076,NY,6588,0
401469076,NY,4432645,0
401469077,ORL,4432573,34
401469077,ORL,4566434,36
401469077,ORL,4277847,25
401469077,ORL,2999547,28
401469077,ORL,4066636,30
401469077,ORL,3150844,23
401469077,ORL,4397102,14
401469077,ORL,4432165,23
401469077,ORL,4432809,27
401469077,ORL,4278052,0
401469077,ORL,3918423,0
401469077,ORL,4348700,0
401469077,ORL,2596108,0
401469077,NO,3913176,38
401469077,NO,4277813,33
401469077,NO,6477,23
401469077,NO,2581190,27
401469077,NO,2490149,36
401469077,NO,4278594,23
401469077,NO,4397688,21
401469077,NO,4397077,25
401469077,NO,4277869,15
401469077,NO,2999409,0
401469077,NO,4023,0
401469077,NO,4395698,0
401469077,NO,4869342,0
401469078,WSH,3134907,37
401469078,WSH,4278049,34
401469078,WSH,4683021,31
401469078,WSH,6580,35
401469078,WSH,3064447,31
401469078,WSH,3986,14
401469078,WSH,4280151,25
401469078,WSH,3056247,15
401469078,WSH,4278402,18
401469078,WSH,2581184,0
401469078,WSH,3059310,0
401469078,ATL,3908845,26
401469078,ATL,4065732,33
401469078,ATL,3102529,35
401469078,ATL,3907497,35
401469078,ATL,4277905,34
401469078,ATL,4431680,13
401469078,ATL,4432585,16
401469078,ATL,3037789,20
401469078,ATL,4397136,27
401469078,ATL,4277952,0
401469078,ATL,4701230,0
401469078,ATL,3913180,0
401469078,ATL,3922230,0
401469078,ATL,4397179,0
401469078,ATL,4578893,0
401469079,MIL,3032977,28
401469079,MIL,3448,28
401469079,MIL,3995,30
401469079,MIL,2578239,22
401469079,MIL,3135045,27
401469079,MIL,6581,16
401469079,MIL,6609,23
401469079,MIL,2968436,19
401469079,MIL,3064482,16
401469079,MIL,3102533,2
401469079,MIL,4432179,4
401469079,MIL,6605,2
401469079,MIL,3133635,20
401469079,MIL,4397475,3
401469079,BKN,2578185,29
401469079,BKN,3138196,29
401469079,BKN,4278067,31
401469079,BKN,2580782,35
401469079,BKN,3147657,37
401469079,BKN,2583632,28
401469079,BKN,2528794,7
401469079,BKN,4432194,7
401469079,BKN,2326307,5
401469079,BKN,4066993,5
401469079,BKN,4397107,5
401469079,BKN,4432174,23
401469079,BKN,3133838,0
401469079,BKN,4004,0
401469080,CHI,6478,31
401469080,CHI,3964,29
401469080,CHI,3978,35
401469080,CHI,2991350,26
401469080,CHI,3064440,38
401469080,CHI,4431687,22
401469080,CHI,6585,16
401469080,CHI,4395651,23
401469080,CHI,4397002,20
401469080,CHI,3936099,0
401469080,CHI,4433159,0
401469080,TOR,3149673,34
401469080,TOR,3934719,34
401469080,TOR,4433134,35
401469080,TOR,3134908,26
401469080,TOR,2991230,35
401469080,TOR,3244,17
401469080,TOR,3948153,14
401469080,TOR,4431679,12
401469080,TOR,6579,4
401469080,TOR,4277843,28
401469080,TOR,4397033,0
401469080,TOR,4431778,0
401469080,TOR,4066668,0
401469080,TOR,4066786,0
401469080,TOR,4397251,0
401469082,LAL,6583,36
401469082,LAL,4278077,29
401469082,LAL,4278508,26
401469082,LAL,3907822,32
401469082,LAL,3032979,32
401469082,LAL,4066264,12
401469082,LAL,4066648,20
401469082,LAL,4277919,1
401469082,LAL,3059262,1
401469082,LAL,4066457,27
401469082,LAL,4277890,23
401469082,LAL,4432582,1
401469082,MEM,3155526,27
401469082,MEM,4277961,32
401469082,MEM,4277964,33
401469082,MEM,4066320,30
401469082,MEM,4279888,34
401469082,MEM,3906665,15
401469082,MEM,4433137,1
401469082,MEM,4585610,1
401469082,MEM,4593041,1
401469082,MEM,4593125,15
401469082,MEM,3134932,14
401469082,MEM,3135046,14
401469082,MEM,3913174,23
401469082,MEM,4397227,1
401469082,MEM,4432646,1
401469081,DEN,3064290,21
401469081,DEN,4278104,23
401469081,DEN,3112335,28
401469081,DEN,2581018,30
401469081,DEN,3936299,32
401469081,DEN,4230557,27
401469081,DEN,3934723,20
401469081,DEN,6443,25
401469081,DEN,4065670,27
401469081,DEN,4431767,5
401469081,DEN,4576087,2
401469081,DEN,3209,0
401469081,DEN,3442,0
401469081,DEN,4305,0
401469081,HOU,4431828,27
401469081,HOU,4432639,33
401469081,HOU,4871144,29
401469081,HOU,4432176,26
401469081,HOU,4437244,19
401469081,HOU,4871143,14
401469081,HOU,2579294,5
401469081,HOU,4433192,31
401469081,HOU,4376,5
401469081,HOU,4432168,23
401469081,HOU,4683749,28
401469081,HOU,2991282,0
401469083,SAC,6578,37
401469083,SAC,3155942,34
401469083,SAC,4594327,36
401469083,SAC,4066372,33
401469083,SAC,4278053,33
401469083,SAC,3914283,13
401469083,SAC,2993370,2
401469083,SAC,3136196,13
401469083,SAC,2489716,14
401469083,SAC,3919454,10
401469083,SAC,3923250,1
401469083,SAC,4066262,15
401469083,SAC,4397693,0
401469083,SAC,2596107,0
401469083,OKC,4432823,17
401469083,OKC,4395702,22
401469083,OKC,4397020,21
401469083,OKC,4593803,33
401469083,OKC,4871145,19
401469083,OKC,3032978,27
401469083,OKC,4432813,21
401469083,OKC,3133626,29
401469083,OKC,4397183,29
401469083,OKC,4432819,21
401469083,OKC,4683018,0
401469084,IND,3133628,32
401469084,IND,2990984,28
401469084,IND,4395712,32
401469084,IND,4396909,19
401469084,IND,4396993,35
401469084,IND,4397189,16
401469084,IND,4277883,29
401469084,IND,4592402,7
401469084,IND,2530530,17
401469084,IND,4683634,26
401469084,IND,3999,0
401469084,IND,4432170,0
401469084,IND,4278031,0
401469084,IND,2451037,0
401469084,IND,3438,0
401469084,DAL,2284101,15
401469084,DAL,2531367,12
401469084,DAL,2528779,34
401469084,DAL,6442,36
401469084,DAL,3945274,38
401469084,DAL,6461,4
401469084,DAL,2960236,24
401469084,DAL,3058254,18
401469084,DAL,2528210,37
401469084,DAL,4432811,22
401469084,DAL,3452,0
401469084,DAL,4230547,0
401469084,DAL,3138154,0
401469084,DAL,4868423,0
401469085,SA,4066650,27
401469085,SA,4395723,35
401469085,SA,4565201,21
401469085,SA,4610139,28
401469085,SA,3136779,34
401469085,SA,2528588,28
401469085,SA,4397886,21
401469085,SA,3133601,24
401469085,SA,4683935,21
401469085,SA,4870562,0
401469085,SA,2534781,0
401469085,SA,4395626,0
401469085,UTAH,2489663,30
401469085,UTAH,4066336,35
401469085,UTAH,4396991,30
401469085,UTAH,4433136,33
401469085,UTAH,4397018,19
401469085,UTAH,3899664,20
401469085,UTAH,4401416,7
401469085,UTAH,3005,17
401469085,UTAH,4066299,9
401469085,UTAH,2991139,26
401469085,UTAH,4432817,15
401469085,UTAH,3064559,0
401469085,UTAH,4065651,0
401469086,POR,2991070,37
401469086,POR,3914285,25
401469086,POR,4395627,29
401469086,POR,6606,35
401469086,POR,3907498,25
401469086,POR,4278075,3
401469086,POR,4431675,23
401469086,POR,4432446,3
401469086,POR,4395652,15
401469086,POR,4432192,13
401469086,POR,4914336,31
401469086,GS,6589,32
401469086,GS,3155535,23
401469086,GS,6475,35
401469086,GS,3934673,33
401469086,GS,4277956,33
401469086,GS,2327577,5
401469086,GS,4066790,28
401469086,GS,4433247,25
401469086,GS,4065733,17
401469086,GS,4432171,3
401469086,GS,4433246,7
401469086,GS,4591725,0
401469087,MIN,2993874,26
401469087,MIN,4431671,35
401469087,MIN,3032976,29
401469087,MIN,3195,29
401469087,MIN,4594268,37
401469087,MIN,2990962,23
401469087,MIN,4396971,19
401469087,MIN,6617,6
401469087,MIN,3134916,19
401469087,MIN,4278039,17
401469087,MIN,4067325,0
401469087,LAC,4251,35
401469087,LAC,6450,39
401469087,LAC,6462,21
401469087,LAC,4017837,28
401469087,LAC,3468,28
401469087,LAC,3416,20
401469087,LAC,2488653,14
401469087,LAC,3431,7
401469087,LAC,2595516,25
401469087,LAC,3907823,22
401469087,LAC,2490620,0
401469087,LAC,4066387,0
401469087,LAC,4592492,0
401469088,PHX,3202,27
401469088,PHX,4278129,33
401469088,PHX,2779,33
401469088,PHX,3136193,33
401469088,PHX,4065663,33
401469088,PHX,3059307,8
401469088,PHX,2528693,15
401469088,PHX,2982334,13
401469088,PHX,3146557,15
401469088,PHX,3064230,15
401469088,PHX,2595209,15
401469088,PHX,4423545,0
401469088,PHX,6427,0
401469088,PHX,4278124,0
401469088,CHA,4702233,29
401469088,CHA,4249,33
401469088,CHA,4701232,28
401469088,CHA,3074752,38
401469088,CHA,3133603,38
401469088,CHA,4431699,13
401469088,CHA,4278076,20
401469088,CHA,4065697,26
401469088,CHA,4576086,15
401469088,CHA,4278078,0
401469088,CHA,3138161,0
401469088,CHA,3133602,0
401469089,CHI,6478,35
401469089,CHI,3964,33
401469089,CHI,3978,37
401469089,CHI,2991350,20
401469089,CHI,3064440,37
401469089,CHI,4431687,28
401469089,CHI,6585,13
401469089,CHI,4395651,22
401469089,CHI,4397002,15
401469089,CHI,3936099,0
401469089,CHI,4433159,0
401469089,DET,3593,39
401469089,DET,4432808,29
401469089,DET,2488826,17
401469089,DET,4433218,31
401469089,DET,4683024,24
401469089,DET,4277848,19
401469089,DET,6446,25
401469089,DET,6429,18
401469089,DET,4080610,29
401469089,DET,4590530,7
401469089,DET,4395676,0
401469089,DET,4397119,0
401469090,CLE,4432822,16
401469090,CLE,4066328,39
401469090,CLE,4432158,39
401469090,CLE,3908809,44
401469090,CLE,4396907,41
401469090,CLE,3912848,15
401469090,CLE,3893016,5
401469090,CLE,4011,7
401469090,CLE,2991043,33
401469090,CLE,3988,0
401469090,CLE,4066405,0
401469090,CLE,3447,0
401469090,CLE,2968361,0
401469090,BOS,4065648,36
401469090,BOS,3213,33
401469090,BOS,4066211,31
401469090,BOS,2990992,36
401469090,BOS,3917376,37
401469090,BOS,4065804,9
401469090,BOS,2490089,11
401469090,BOS,2566769,23
401469090,BOS,3078576,25
401469090,BOS,3989,0
401469090,BOS,4066218,0
401469090,BOS,3064560,0
401469090,BOS,4066354,0
401469091,PHI,3033,19
401469091,PHI,6440,35
401469091,PHI,3992,37
401469091,PHI,4066436,32
401469091,PHI,4431678,38
401469091,PHI,4066731,13
401469091,PHI,4278562,29
401469091,PHI,2991155,17
401469091,PHI,3915195,21
401469091,PHI,2990969,0
401469091,PHI,2991055,0
401469091,PHI,3929325,0
401469091,MIA,3449,24
401469091,MIA,6430,27
401469091,MIA,4066261,30
401469091,MIA,3137259,28
401469091,MIA,4395725,30
401469091,MIA,3138160,25
401469091,MIA,3157465,6
401469091,MIA,4291678,3
401469091,MIA,2579258,16
401469091,MIA,2527963,22
401469091,MIA,4065778,30
401469091,MIA,2184,0
401469092,BKN,2578185,19
401469092,BKN,3138196,27
401469092,BKN,4278067,23
401469092,BKN,2580782,29
401469092,BKN,3147657,30
401469092,BKN,2583632,24
401469092,BKN,2528794,14
401469092,BKN,4432194,22
401469092,BKN,4004,6
401469092,BKN,2326307,23
401469092,BKN,4432174,24
401469092,BKN,3133838,0
401469092,BKN,4066993,0
401469092,BKN,4397107,0
401469092,NY,3064514,35
401469092,NY,4395625,28
401469092,NY,4351852,26
401469092,NY,3934672,36
401469092,NY,4397014,26
401469092,NY,4278355,13
401469092,NY,4222252,19
401469092,NY,4277922,3
401469092,NY,3062679,26
401469092,NY,4395724,22
401469092,NY,4431823,3
401469092,NY,4432645,3
401469092,NY,3456,0
401469092,NY,6588,0
401469093,MEM,3155526,27
401469093,MEM,4277961,29
401469093,MEM,4277964,27
401469093,MEM,4066320,29
401469093,MEM,4279888,27
401469093,MEM,3906665,20
401469093,MEM,4433137,5
401469093,MEM,4593125,21
401469093,MEM,3134932,15
401469093,MEM,3135046,21
401469093,MEM,3913174,20
401469093,MEM,4585610,0
401469093,MEM,4592691,0
401469093,MEM,4593041,0
401469093,MEM,4432646,0
401469093,HOU,4431828,34
401469093,HOU,4432639,21
401469093,HOU,4871144,31
401469093,HOU,4397140,26
401469093,HOU,4437244,29
401469093,HOU,4871143,13
401469093,HOU,2579294,4
401469093,HOU,3136777,18
401469093,HOU,4433192,25
401469093,HOU,4376,4
401469093,HOU,4432168,16
401469093,HOU,4432176,14
401469093,HOU,4683749,5
401469093,HOU,2991282,0
401469094,ORL,4432573,31
401469094,ORL,4566434,30
401469094,ORL,4277847,24
401469094,ORL,2999547,22
401469094,ORL,4066636,32
401469094,ORL,4278052,5
401469094,ORL,4433623,4
401469094,ORL,3918423,4
401469094,ORL,3150844,12
401469094,ORL,4348700,5
401469094,ORL,4397102,13
401469094,ORL,4432165,25
401469094,ORL,4432809,33
401469094,ORL,2596108,0
401469094,MIL,3032977,28
401469094,MIL,3448,27
401469094,MIL,3995,28
401469094,MIL,2578239,24
401469094,MIL,3135045,28
401469094,MIL,6581,20
401469094,MIL,2968436,21
401469094,MIL,3064482,17
401469094,MIL,3102533,4
401469094,MIL,4432179,5
401469094,MIL,6605,5
401469094,MIL,3133635,17
401469094,MIL,4397475,17
401469095,LAL,4278077,23
401469095,LAL,4278508,34
401469095,LAL,4277919,22
401469095,LAL,3907822,27
401469095,LAL,3032979,37
401469095,LAL,4066264,22
401469095,LAL,4066648,27
401469095,LAL,4066457,25
401469095,LAL,4277890,18
401469095,LAL,4432582,6
401469095,LAL,3059262,0
401469095,OKC,4432813,16
401469095,OKC,4432823,25
401469095,OKC,4397020,36
401469095,OKC,4593803,34
401469095,OKC,4871145,34
401469095,OKC,3032978,15
401469095,OKC,4066317,18
401469095,OKC,4395702,29
401469095,OKC,4397183,23
401469095,OKC,4432819,9
401469095,OKC,4278046,0
401469096,NO,3913176,38
401469096,NO,4277813,28
401469096,NO,2999409,21
401469096,NO,2581190,20
401469096,NO,2490149,36
401469096,NO,4278594,27
401469096,NO,4397688,32
401469096,NO,4397077,16
401469096,NO,4395698,12
401469096,NO,4869342,10
401469096,NO,4023,0
401469096,POR,2991070,38
401469096,POR,3914285,18
401469096,POR,6606,39
401469096,POR,3907498,38
401469096,POR,4351851,20
401469096,POR,4431675,30
401469096,POR,4395627,24
401469096,POR,4395652,17
401469096,POR,4432192,1
401469096,POR,4914336,14
401469096,POR,4278075,0
401469096,POR,4432446,0
401469097,TOR,3149673,39
401469097,TOR,3934719,38
401469097,TOR,4433134,36
401469097,TOR,3134908,32
401469097,TOR,2991230,40
401469097,TOR,3244,4
401469097,TOR,3948153,13
401469097,TOR,4431679,13
401469097,TOR,6579,7
401469097,TOR,4277843,18
401469097,TOR,4066668,0
401469097,WSH,3134907,35
401469097,WSH,4278049,31
401469097,WSH,3102531,36
401469097,WSH,6580,35
401469097,WSH,3064447,33
401469097,WSH,4280151,24
401469097,WSH,4683021,28
401469097,WSH,3056247,4
401469097,WSH,4278402,12
401469097,WSH,3986,0
401469097,WSH,2581184,0
401469098,PHI,3033,24
401469098,PHI,6440,35
401469098,PHI,3059318,36
401469098,PHI,3992,38
401469098,PHI,4431678,35
401469098,PHI,2990969,12
401469098,PHI,4066731,13
401469098,PHI,4278562,9
401469098,PHI,2991155,0
401469098,PHI,2991055,3
401469098,PHI,3915195,5
401469098,PHI,4066436,31
401469098,PHI,3929325,0
401469098,DAL,2531367,22
401469098,DAL,2528779,39
401469098,DAL,6442,42
401469098,DAL,3945274,40
401469098,DAL,4432811,32
401469098,DAL,2284101,11
401469098,DAL,2960236,20
401469098,DAL,3058254,14
401469098,DAL,2528210,20
401469098,DAL,6461,0
401469098,DAL,3452,0
401469098,DAL,4230547,0
401469098,DAL,3138154,0
401469098,DAL,4868423,0
401469099,IND,3133628,31
401469099,IND,3438,15
401469099,IND,2990984,34
401469099,IND,4395712,21
401469099,IND,4396909,16
401469099,IND,4432170,17
401469099,IND,4277883,26
401469099,IND,4592402,34
401469099,IND,2530530,31
401469099,IND,4683634,15
401469099,IND,3999,0
401469099,IND,4397189,0
401469099,IND,4278031,0
401469099,IND,2451037,0
401469099,SA,4066650,31
401469099,SA,4565201,24
401469099,SA,4610139,31
401469099,SA,3136779,32
401469099,SA,3133601,32
401469099,SA,2528588,7
401469099,SA,4870562,4
401469099,SA,4397886,17
401469099,SA,4395626,21
401469099,SA,4395630,23
401469099,SA,4683935,17
401469099,SA,2534781,0
401469100,LAC,4251,27
401469100,LAC,6450,32
401469100,LAC,2488653,29
401469100,LAC,3431,34
401469100,LAC,3468,28
401469100,LAC,2490620,7
401469100,LAC,3416,20
401469100,LAC,2595516,21
401469100,LAC,3907823,24
401469100,LAC,4066387,7
401469100,LAC,4279118,0
401469100,LAC,4592492,12
401469100,GS,6589,29
401469100,GS,3155535,25
401469100,GS,6475,30
401469100,GS,3934673,31
401469100,GS,4277956,32
401469100,GS,2327577,5
401469100,GS,4066790,27
401469100,GS,4433247,29
401469100,GS,4065733,20
401469100,GS,4432171,5
401469100,GS,4433246,9
401469100,GS,4591725,0
401469101,ORL,4432573,36
401469101,ORL,4566434,14
401469101,ORL,4277847,30
401469101,ORL,2999547,27
401469101,ORL,4066636,33
401469101,ORL,4433623,9
401469101,ORL,3918423,2
401469101,ORL,3150844,16
401469101,ORL,4397102,14
401469101,ORL,4432165,30
401469101,ORL,4432809,29
401469101,ORL,4278052,0
401469101,ORL,4348700,0
401469101,ORL,2596108,0
401469101,CHA,4702233,15
401469101,CHA,4249,34
401469101,CHA,4701232,28
401469101,CHA,3074752,37
401469101,CHA,3133603,41
401469101,CHA,4431699,13
401469101,CHA,4278076,20
401469101,CHA,4065697,21
401469101,CHA,3133602,16
401469101,CHA,4576086,15
401469101,CHA,4278078,0
401469101,CHA,3138161,0
401469102,POR,2991070,39
401469102,POR,3914285,22
401469102,POR,4395627,33
401469102,POR,6606,37
401469102,POR,3907498,32
401469102,POR,4278075,2
401469102,POR,4431675,23
401469102,POR,4432446,6
401469102,POR,4395652,15
401469102,POR,4432192,2
401469102,POR,4914336,28
401469102,ATL,3908845,23
401469102,ATL,4065732,32
401469102,ATL,3102529,25
401469102,ATL,3907497,34
401469102,ATL,4277905,29
401469102,ATL,4431680,23
401469102,ATL,4432585,2
401469102,ATL,4701230,22
401469102,ATL,3037789,23
401469102,ATL,3922230,2
401469102,ATL,4397136,24
401469102,ATL,4277952,0
401469102,ATL,3913180,0
401469102,ATL,4578893,0
401469103,BKN,2578185,38
401469103,BKN,3138196,31
401469103,BKN,4278067,29
401469103,BKN,2580782,36
401469103,BKN,3147657,43
401469103,BKN,2583632,34
401469103,BKN,2528794,8
401469103,BKN,2326307,14
401469103,BKN,4432174,7
401469103,BKN,4432194,0
401469103,BKN,4004,0
401469103,BKN,4066993,0
401469103,BKN,4397107,0
401469103,BOS,4065648,38
401469103,BOS,3213,34
401469103,BOS,4066211,19
401469103,BOS,2990992,30
401469103,BOS,3917376,43
401469103,BOS,4065804,18
401469103,BOS,4066218,17
401469103,BOS,2490089,4
401469103,BOS,3064560,4
401469103,BOS,3078576,24
401469103,BOS,4066354,9
401469103,BOS,3989,0
401469104,NY,3064514,36
401469104,NY,4395625,29
401469104,NY,4351852,33
401469104,NY,3934672,35
401469104,NY,4397014,25
401469104,NY,4278355,12
401469104,NY,4222252,15
401469104,NY,3062679,33
401469104,NY,4395724,22
401469104,NY,4277922,0
401469104,NY,3456,0
401469104,NY,6588,0
401469104,NY,4431823,0
401469104,MIA,3449,23
401469104,MIA,6430,33
401469104,MIA,4066261,39
401469104,MIA,3137259,27
401469104,MIA,4395725,39
401469104,MIA,3138160,25
401469104,MIA,2579258,10
401469104,MIA,2527963,26
401469104,MIA,4065778,19
401469104,MIA,2184,0
401469104,MIA,3157465,0
401469104,MIA,4291678,0
401469105,PHX,3202,31
401469105,PHX,4278129,27
401469105,PHX,2779,29
401469105,PHX,3136193,36
401469105,PHX,4065663,32
401469105,PHX,3059307,2
401469105,PHX,4423545,7
401469105,PHX,2528693,21
401469105,PHX,3146557,21
401469105,PHX,3064230,17
401469105,PHX,2595209,16
401469105,PHX,4278124,2
401469105,PHX,2982334,0
401469105,PHX,6427,0
401469105,CHI,4431687,29
401469105,CHI,6478,31
401469105,CHI,3964,29
401469105,CHI,3978,36
401469105,CHI,3064440,37
401469105,CHI,3936099,2
401469105,CHI,4279815,2
401469105,CHI,6585,15
401469105,CHI,2991350,19
401469105,CHI,4395651,21
401469105,CHI,4397002,18
401469105,CHI,4433159,2
401469106,UTAH,2489663,27
401469106,UTAH,4066336,30
401469106,UTAH,4396991,21
401469106,UTAH,4433136,25
401469106,UTAH,4397018,28
401469106,UTAH,3899664,26
401469106,UTAH,4401416,13
401469106,UTAH,3005,16
401469106,UTAH,3064559,20
401469106,UTAH,2991139,23
401469106,UTAH,4065651,5
401469106,UTAH,4432817,5
401469106,UTAH,4066299,0
401469106,OKC,4432823,31
401469106,OKC,4395702,27
401469106,OKC,4397020,34
401469106,OKC,4593803,33
401469106,OKC,4871145,32
401469106,OKC,3032978,17
401469106,OKC,4997526,21
401469106,OKC,4395695,4
401469106,OKC,4397183,27
401469106,OKC,4432819,15
401469106,OKC,4432813,0
401469107,MEM,3155526,33
401469107,MEM,4277961,31
401469107,MEM,4277964,30
401469107,MEM,4066320,30
401469107,MEM,4279888,33
401469107,MEM,3906665,2
401469107,MEM,4585610,3
401469107,MEM,4592691,3
401469107,MEM,4593041,3
401469107,MEM,4593125,23
401469107,MEM,3134932,14
401469107,MEM,3135046,12
401469107,MEM,3913174,18
401469107,MEM,4397227,3
401469107,MEM,4432646,3
401469107,DEN,3064290,28
401469107,DEN,4278104,30
401469107,DEN,3112335,35
401469107,DEN,2581018,31
401469107,DEN,3936299,37
401469107,DEN,3209,25
401469107,DEN,3442,2
401469107,DEN,3934723,6
401469107,DEN,4305,2
401469107,DEN,6443,19
401469107,DEN,4065670,23
401469107,DEN,4431767,2
401469108,NO,3913176,38
401469108,NO,4277813,36
401469108,NO,4397688,38
401469108,NO,2999409,15
401469108,NO,2490149,40
401469108,NO,4278594,29
401469108,NO,4397077,21
401469108,NO,4395698,10
401469108,NO,4869342,13
401469108,NO,2581190,0
401469108,NO,4023,0
401469108,GS,6589,24
401469108,GS,3155535,24
401469108,GS,6475,34
401469108,GS,3934673,32
401469108,GS,4277956,34
401469108,GS,2327577,15
401469108,GS,4066790,17
401469108,GS,4433247,32
401469108,GS,4065733,22
401469108,GS,4432171,6
401469108,GS,4431720,0
401469108,GS,4433246,0
401469109,LAC,3416,37
401469109,LAC,4251,34
401469109,LAC,2488653,26
401469109,LAC,3431,30
401469109,LAC,3468,36
401469109,LAC,2490620,31
401469109,LAC,3907823,22
401469109,LAC,4066387,13
401469109,LAC,4592492,12
401469109,LAC,6462,0
401469109,LAC,4017837,0
401469109,SAC,6578,37
401469109,SAC,3155942,35
401469109,SAC,4594327,33
401469109,SAC,4066259,34
401469109,SAC,4066372,22
401469109,SAC,3914283,13
401469109,SAC,3136196,22
401469109,SAC,3919454,7
401469109,SAC,3923250,0
401469109,SAC,4066262,23
401469109,SAC,4278053,15
401469109,SAC,4397693,0
401469109,SAC,2596107,0
401469109,SAC,2489716,0
401469109,SAC,4702177,0
401469110,MIN,2993874,35
401469110,MIN,4431671,33
401469110,MIN,3032976,27
401469110,MIN,3195,31
401469110,MIN,4594268,36
401469110,MIN,2990962,21
401469110,MIN,4396971,21
401469110,MIN,3134916,17
401469110,MIN,4278039,20
401469110,MIN,4067325,0
401469110,MIN,4687718,0
401469110,MIN,6617,0
401469110,LAL,6583,32
401469110,LAL,4278077,32
401469110,LAL,4278508,25
401469110,LAL,3907822,32
401469110,LAL,3032979,34
401469110,LAL,4066264,4
401469110,LAL,4066648,22
401469110,LAL,4277919,11
401469110,LAL,4066457,21
401469110,LAL,4277890,26
401469110,LAL,3059262,0
401469110,LAL,4432582,0
401469111,TOR,3149673,37
401469111,TOR,3934719,39
401469111,TOR,4433134,35
401469111,TOR,3134908,24
401469111,TOR,2991230,40
401469111,TOR,3244,6
401469111,TOR,3948153,16
401469111,TOR,4431679,19
401469111,TOR,6579,13
401469111,TOR,4277843,35
401469111,TOR,4066668,0
401469111,WSH,3134907,42
401469111,WSH,4278049,24
401469111,WSH,3102531,40
401469111,WSH,6580,42
401469111,WSH,3064447,40
401469111,WSH,2581184,7
401469111,WSH,4280151,35
401469111,WSH,4683021,7
401469111,WSH,3056247,8
401469111,WSH,4278402,21
401469111,WSH,3986,0
401469111,WSH,4280245,0
401469112,DET,4277848,34
401469112,DET,4277957,25
401469112,DET,4432808,24
401469112,DET,4433218,30
401469112,DET,4683024,18
401469112,DET,4066410,12
401469112,DET,4395676,6
401469112,DET,6446,24
401469112,DET,2488826,15
401469112,DET,4080610,27
401469112,DET,4397119,9
401469112,DET,4590530,17
401469112,CLE,4432822,19
401469112,CLE,4066328,26
401469112,CLE,4432158,30
401469112,CLE,3908809,24
401469112,CLE,4396907,24
401469112,CLE,3988,8
401469112,CLE,3912848,14
401469112,CLE,4066405,22
401469112,CLE,3893016,19
401469112,CLE,4011,20
401469112,CLE,2968361,8
401469112,CLE,2991043,22
401469112,CLE,4066757,4
401469112,CLE,3447,0
401469113,ATL,3908845,16
401469113,ATL,4065732,30
401469113,ATL,3102529,25
401469113,ATL,3907497,36
401469113,ATL,4277905,32
401469113,ATL,4431680,23
401469113,ATL,4701230,16
401469113,ATL,3037789,26
401469113,ATL,4397136,35
401469113,ATL,4277952,0
401469113,ATL,4432585,0
401469113,ATL,3913180,0
401469113,ATL,3922230,0
401469113,ATL,4578893,0
401469113,MIA,3449,18
401469113,MIA,6430,34
401469113,MIA,4066261,36
401469113,MIA,3137259,32
401469113,MIA,4395725,38
401469113,MIA,3138160,30
401469113,MIA,2579258,12
401469113,MIA,2527963,22
401469113,MIA,4065778,18
401469113,MIA,2184,0
401469113,MIA,3157465,0
401469113,MIA,4291678,0
401469114,HOU,4431828,38
401469114,HOU,4432639,27
401469114,HOU,4871144,28
401469114,HOU,4397140,30
401469114,HOU,4437244,29
401469114,HOU,4871143,9
401469114,HOU,4433192,31
401469114,HOU,4376,11
401469114,HOU,4432168,19
401469114,HOU,4432176,18
401469114,HOU,2579294,0
401469114,HOU,2991282,0
401469114,HOU,4683749,0
401469114,SA,4066650,30
401469114,SA,4610139,29
401469114,SA,3136779,30
401469114,SA,3133601,29
401469114,SA,4395626,25
401469114,SA,4278580,16
401469114,SA,4592479,12
401469114,SA,4870562,15
401469114,SA,4397886,19
401469114,SA,4397008,13
401469114,SA,4683935,23
401469114,SA,2534781,0
401469115,PHI,3033,19
401469115,PHI,6440,13
401469115,PHI,3059318,37
401469115,PHI,3992,39
401469115,PHI,4431678,41
401469115,PHI,2990969,28
401469115,PHI,4066731,20
401469115,PHI,4278562,9
401469115,PHI,3915195,9
401469115,PHI,4066436,24
401469115,PHI,2991155,0
401469115,PHI,2580913,0
401469115,PHI,2991055,0
401469115,PHI,3929325,0
401469115,MIL,3032977,35
401469115,MIL,3448,33
401469115,MIL,3995,36
401469115,MIL,2578239,17
401469115,MIL,3135045,30
401469115,MIL,6581,13
401469115,MIL,6609,27
401469115,MIL,2968436,18
401469115,MIL,3064482,16
401469115,MIL,3133635,13
401469115,MIL,3102533,0
401469115,MIL,4432179,0
401469115,MIL,6605,0
401469115,MIL,4397475,0
401469116,MIN,2993874,36
401469116,MIN,4431671,34
401469116,MIN,3032976,31
401469116,MIN,3195,30
401469116,MIN,4594268,36
401469116,MIN,2990962,18
401469116,MIN,4396971,17
401469116,MIN,3134916,14
401469116,MIN,4278039,24
401469116,MIN,4067325,0
401469116,MIN,4687718,0
401469116,MIN,6617,0
401469116,SAC,6578,37
401469116,SAC,3155942,33
401469116,SAC,4594327,20
401469116,SAC,4066259,37
401469116,SAC,4066372,33
401469116,SAC,3914283,7
401469116,SAC,3136196,19
401469116,SAC,4397693,14
401469116,SAC,2596107,0
401469116,SAC,3919454,6
401469116,SAC,3923250,2
401469116,SAC,4066262,20
401469116,SAC,4278053,11
401469116,SAC,2489716,0
401469117,PHX,3202,40
401469117,PHX,4278129,34
401469117,PHX,2779,33
401469117,PHX,3136193,40
401469117,PHX,4065663,22
401469117,PHX,3059307,14
401469117,PHX,2528693,12
401469117,PHX,2982334,3
401469117,PHX,3146557,8
401469117,PHX,3064230,15
401469117,PHX,2595209,6
401469117,PHX,6619,13
401469117,PHX,4423545,0
401469117,PHX,6427,0
401469117,PHX,4278124,0
401469117,DAL,2531367,24
401469117,DAL,2528779,39
401469117,DAL,6442,37
401469117,DAL,3945274,35
401469117,DAL,4432811,28
401469117,DAL,6461,2
401469117,DAL,2284101,13
401469117,DAL,3058254,22
401469117,DAL,4230547,9
401469117,DAL,2528210,30
401469117,DAL,6426,0
401469117,DAL,3452,0
401469117,DAL,3138154,0
401469117,DAL,4868423,0
401469118,IND,4277883,22
401469118,IND,3133628,28
401469118,IND,2990984,26
401469118,IND,4395712,20
401469118,IND,4396993,34
401469118,IND,4432170,20
401469118,IND,4278031,19
401469118,IND,4592402,22
401469118,IND,2530530,16
401469118,IND,4683634,34
401469118,IND,3999,0
401469118,IND,4397189,0
401469118,IND,2451037,0
401469118,IND,3438,0
401469118,CHI,6478,36
401469118,CHI,3964,32
401469118,CHI,3978,38
401469118,CHI,2991350,27
401469118,CHI,3064440,38
401469118,CHI,3936099,6
401469118,CHI,4431687,21
401469118,CHI,6585,6
401469118,CHI,4395651,21
401469118,CHI,4397002,15
401469118,CHI,4279815,0
401469118,CHI,4433159,0
401469119,GS,6589,31
401469119,GS,3155535,20
401469119,GS,3975,32
401469119,GS,6475,32
401469119,GS,3934673,37
401469119,GS,2386,14
401469119,GS,2327577,4
401469119,GS,4066790,27
401469119,GS,4433247,13
401469119,GS,4277956,28
401469119,GS,4431720,0
401469119,GS,4432171,0
401469119,GS,4433246,0
401469119,LAL,6583,38
401469119,LAL,4278077,24
401469119,LAL,4278508,41
401469119,LAL,3907822,31
401469119,LAL,3032979,33
401469119,LAL,4066264,8
401469119,LAL,4066648,20
401469119,LAL,4277919,2
401469119,LAL,4066457,28
401469119,LAL,4277890,15
401469119,LAL,3059262,0
401469119,LAL,4432582,0
401469120,CHA,4278078,36
401469120,CHA,4249,35
401469120,CHA,4701232,24
401469120,CHA,3074752,37
401469120,CHA,3133603,35
401469120,CHA,4431699,1
401469120,CHA,4702233,6
401469120,CHA,4278076,9
401469120,CHA,4065697,27
401469120,CHA,3133602,10
401469120,CHA,4576086,20
401469120,BKN,2578185,33
401469120,BKN,3138196,35
401469120,BKN,4278067,27
401469120,BKN,2580782,39
401469120,BKN,3147657,41
401469120,BKN,2583632,19
401469120,BKN,2528794,18
401469120,BKN,3133838,6
401469120,BKN,2326307,16
401469120,BKN,4432174,7
401469120,BKN,4432194,0
401469120,BKN,4004,0
401469121,POR,2991070,39
401469121,POR,3914285,26
401469121,POR,4395627,37
401469121,POR,6606,37
401469121,POR,3907498,32
401469121,POR,4431675,22
401469121,POR,4395652,27
401469121,POR,4914336,20
401469121,POR,4278075,0
401469121,POR,4432446,0
401469121,POR,4432192,0
401469121,ORL,4432573,33
401469121,ORL,4566434,33
401469121,ORL,3150844,33
401469121,ORL,4066636,35
401469121,ORL,4432165,35
401469121,ORL,4433623,16
401469121,ORL,3918423,8
401469121,ORL,4348700,6
401469121,ORL,4397102,17
401469121,ORL,4432809,24
401469121,ORL,4278052,0
401469121,ORL,2596108,0
401469122,SA,4395723,27
401469122,SA,4565201,29
401469122,SA,3136779,23
401469122,SA,4397886,25
401469122,SA,4395630,29
401469122,SA,4278580,17
401469122,SA,4592479,12
401469122,SA,4870562,23
401469122,SA,2534781,12
401469122,SA,3133601,24
401469122,SA,4683935,19
401469122,SA,4066650,0
401469122,HOU,4431828,27
401469122,HOU,4432639,27
401469122,HOU,4871144,27
401469122,HOU,4397140,32
401469122,HOU,4437244,27
401469122,HOU,4871143,14
401469122,HOU,3136777,23
401469122,HOU,4433192,30
401469122,HOU,4376,7
401469122,HOU,4432168,20
401469122,HOU,4683749,7
401469122,HOU,2579294,0
401469122,HOU,2991282,0
401469122,HOU,4432176,0
401469123,UTAH,2489663,31
401469123,UTAH,4396991,24
401469123,UTAH,4433136,32
401469123,UTAH,2528426,34
401469123,UTAH,4397018,31
401469123,UTAH,3899664,16
401469123,UTAH,4401416,5
401469123,UTAH,3005,14
401469123,UTAH,3064559,14
401469123,UTAH,2991139,27
401469123,UTAH,4432817,12
401469123,UTAH,4066299,0
401469123,OKC,4432823,20
401469123,OKC,4278073,37
401469123,OKC,4397020,31
401469123,OKC,4593803,34
401469123,OKC,4871145,32
401469123,OKC,3032978,14
401469123,OKC,4066317,1
401469123,OKC,4278046,11
401469123,OKC,4997526,20
401469123,OKC,4395702,26
401469123,OKC,4397183,15
401469123,OKC,4432813,0
401469123,OKC,4395695,0
401469123,OKC,4432819,0
401469124,NY,3064514,47
401469124,NY,4395625,50
401469124,NY,4351852,44
401469124,NY,4395724,55
401469124,NY,4397014,25
401469124,NY,4278355,11
401469124,NY,4222252,10
401469124,NY,3062679,40
401469124,NY,4431823,8
401469124,NY,4277922,0
401469124,NY,3456,0
401469124,NY,6588,0
401469124,BOS,4065648,49
401469124,BOS,3213,46
401469124,BOS,2990992,39
401469124,BOS,3078576,32
401469124,BOS,3917376,47
401469124,BOS,4065804,20
401469124,BOS,4066218,44
401469124,BOS,2490089,12
401469124,BOS,3989,0
401469124,BOS,3064560,0
401469124,BOS,4066354,0
401469128,MIL,3032977,36
401469128,MIL,3448,27
401469128,MIL,3995,34
401469128,MIL,2578239,25
401469128,MIL,3135045,31
401469128,MIL,6581,14
401469128,MIL,2968436,26
401469128,MIL,3064482,19
401469128,MIL,3133635,22
401469128,MIL,4397475,6
401469128,MIL,3102533,0
401469128,MIL,4432179,0
401469128,MIL,6605,0
401469128,WSH,2581184,19
401469128,WSH,4278049,24
401469128,WSH,3102531,36
401469128,WSH,6580,35
401469128,WSH,3064447,29
401469128,WSH,4280151,36
401469128,WSH,4683021,31
401469128,WSH,3056247,10
401469128,WSH,4278402,19
401469128,WSH,3986,0
401469128,WSH,4280245,0
401469125,MEM,4277961,35
401469125,MEM,4277964,34
401469125,MEM,4593041,25
401469125,MEM,3135046,36
401469125,MEM,4066320,35
401469125,MEM,4433137,6
401469125,MEM,4593125,20
401469125,MEM,3134932,20
401469125,MEM,3913174,29
401469125,MEM,3155526,0
401469125,MEM,4585610,0
401469125,MEM,4432646,0
401469125,LAC,4251,35
401469125,LAC,6450,38
401469125,LAC,6462,25
401469125,LAC,4017837,18
401469125,LAC,3468,34
401469125,LAC,3416,17
401469125,LAC,2488653,21
401469125,LAC,3431,33
401469125,LAC,3907823,18
401469125,LAC,2490620,0
401469125,LAC,4066387,0
401469125,LAC,4592492,0
401469126,BOS,3989,18
401469126,BOS,2490089,35
401469126,BOS,2990992,37
401469126,BOS,3078576,36
401469126,BOS,3917376,45
401469126,BOS,4065804,7
401469126,BOS,4066218,16
401469126,BOS,3064560,19
401469126,BOS,2566769,36
401469126,BOS,4066354,16
401469126,BOS,3213,0
401469126,CLE,4432822,23
401469126,CLE,4066328,26
401469126,CLE,4432158,41
401469126,CLE,3908809,47
401469126,CLE,4396907,42
401469126,CLE,3912848,11
401469126,CLE,4066405,17
401469126,CLE,3893016,18
401469126,CLE,4011,7
401469126,CLE,2991043,33
401469126,CLE,3988,0
401469126,CLE,3447,0
401469126,CLE,2968361,0
401469126,CLE,3906786,0
401469126,CLE,4066757,0
401469127,PHI,4066731,30
401469127,PHI,3059318,37
401469127,PHI,3992,40
401469127,PHI,4066436,27
401469127,PHI,4431678,37
401469127,PHI,2990969,11
401469127,PHI,4278562,11
401469127,PHI,2991155,18
401469127,PHI,3915195,30
401469127,PHI,3033,0
401469127,PHI,6440,0
401469127,PHI,2580913,0
401469127,PHI,2991055,0
401469127,PHI,3929325,0
401469127,IND,4277883,20
401469127,IND,3133628,17
401469127,IND,2990984,28
401469127,IND,4395712,19
401469127,IND,4396993,37
401469127,IND,4397189,21
401469127,IND,4432170,9
401469127,IND,4278031,13
401469127,IND,4592402,24
401469127,IND,2530530,22
401469127,IND,4683634,30
401469127,IND,3999,0
401469127,IND,2451037,0
401469127,IND,3438,0
401469132,POR,2991070,40
401469132,POR,3914285,19
401469132,POR,4395627,40
401469132,POR,6606,38
401469132,POR,3907498,37
401469132,POR,4431675,29
401469132,POR,4395652,15
401469132,POR,4914336,21
401469132,POR,4278075,0
401469132,POR,4432446,0
401469132,POR,4432192,0
401469132,DET,4277848,36
401469132,DET,4277957,39
401469132,DET,4432808,24
401469132,DET,6429,23
401469132,DET,4433218,31
401469132,DET,4066410,3
401469132,DET,6446,32
401469132,DET,4080610,27
401469132,DET,4397119,6
401469132,DET,4590530,20
401469132,DET,4395676,0
401469132,DET,4683024,0
401469129,ATL,3908845,20
401469129,ATL,4065732,36
401469129,ATL,3102529,34
401469129,ATL,3907497,37
401469129,ATL,4277905,34
401469129,ATL,4431680,14
401469129,ATL,4701230,8
401469129,ATL,3037789,24
401469129,ATL,4397136,32
401469129,ATL,4277952,0
401469129,ATL,4432585,0
401469129,ATL,3913180,0
401469129,ATL,3922230,0
401469129,ATL,4578893,0
401469129,MIA,6430,33
401469129,MIA,4066261,36
401469129,MIA,3137259,24
401469129,MIA,4065778,22
401469129,MIA,4395725,37
401469129,MIA,3138160,28
401469129,MIA,3157465,17
401469129,MIA,2579258,12
401469129,MIA,2527963,32
401469129,MIA,2184,0
401469129,MIA,4278572,0
401469129,MIA,4291678,0
401469129,MIA,3074213,0
401469130,TOR,3149673,37
401469130,TOR,3934719,35
401469130,TOR,4433134,34
401469130,TOR,3134908,32
401469130,TOR,2991230,35
401469130,TOR,3948153,15
401469130,TOR,4431679,19
401469130,TOR,6579,11
401469130,TOR,4277843,23
401469130,TOR,3244,0
401469130,TOR,4066668,0
401469130,DEN,3064290,30
401469130,DEN,4278104,32
401469130,DEN,3112335,36
401469130,DEN,2581018,36
401469130,DEN,3936299,33
401469130,DEN,3209,18
401469130,DEN,3934723,12
401469130,DEN,6443,23
401469130,DEN,4065670,20
401469130,DEN,4065653,0
401469130,DEN,3442,0
401469130,DEN,4305,0
401469130,DEN,4431767,0
401469131,NO,3913176,38
401469131,NO,4277813,37
401469131,NO,4397688,37
401469131,NO,6477,32
401469131,NO,2490149,31
401469131,NO,4278594,21
401469131,NO,4397077,11
401469131,NO,4395698,19
401469131,NO,4869342,13
401469131,NO,2999409,0
401469131,NO,4023,0
401469131,SAC,6578,31
401469131,SAC,3155942,34
401469131,SAC,4594327,37
401469131,SAC,4066372,37
401469131,SAC,4278053,32
401469131,SAC,3914283,13
401469131,SAC,3136196,18
401469131,SAC,4397693,0
401469131,SAC,2596107,1
401469131,SAC,2489716,16
401469131,SAC,3919454,8
401469131,SAC,3923250,1
401469131,SAC,4066262,12
401469131,SAC,4702177,1
401469131,SAC,2993370,0
401469133,MIL,6609,31
401469133,MIL,3064482,31
401469133,MIL,3448,34
401469133,MIL,3133635,35
401469133,MIL,3135045,30
401469133,MIL,6581,23
401469133,MIL,2968436,27
401469133,MIL,6605,8
401469133,MIL,2578239,21
401469133,MIL,4277887,1
401469133,MIL,3102533,0
401469133,MIL,4432179,0
401469133,MIL,4397475,0
401469133,ORL,4432573,33
401469133,ORL,4566434,37
401469133,ORL,3150844,21
401469133,ORL,4066636,31
401469133,ORL,4432165,26
401469133,ORL,4278052,1
401469133,ORL,4433623,22
401469133,ORL,4348700,20
401469133,ORL,4397102,16
401469133,ORL,4432809,33
401469133,ORL,2596108,0
401526670,WSH,3134907,35
401526670,WSH,4278049,25
401526670,WSH,3102531,32
401526670,WSH,6580,38
401526670,WSH,3064447,32
401526670,WSH,3986,4
401526670,WSH,4280151,32
401526670,WSH,4683021,21
401526670,WSH,3056247,5
401526670,WSH,4278402,16
401526670,WSH,2581184,0
401526670,WSH,4280245,0
401526670,DET,4277848,29
401526670,DET,4277957,37
401526670,DET,4432808,34
401526670,DET,2488826,30
401526670,DET,4433218,32
401526670,DET,4066410,23
401526670,DET,6446,31
401526670,DET,4397119,5
401526670,DET,4590530,18
401526670,DET,4395676,0
401526670,DET,4433621,0
401526670,DET,4683024,0
401469134,CHA,4278078,30
401469134,CHA,4249,36
401469134,CHA,4701232,28
401469134,CHA,3074752,38
401469134,CHA,3133603,36
401469134,CHA,4702233,10
401469134,CHA,4278076,19
401469134,CHA,4065697,24
401469134,CHA,4576086,19
401469134,CHA,4431699,0
401469134,CHA,3133602,0
401469134,NY,3064514,35
401469134,NY,4395625,35
401469134,NY,4351852,32
401469134,NY,4395724,35
401469134,NY,4397014,29
401469134,NY,4278355,13
401469134,NY,4222252,15
401469134,NY,3062679,33
401469134,NY,4431823,13
401469134,NY,4277922,0
401469134,NY,3456,0
401469134,NY,6588,0
401469135,PHI,3033,22
401469135,PHI,6440,34
401469135,PHI,3059318,28
401469135,PHI,4066436,32
401469135,PHI,4431678,31
401469135,PHI,2990969,19
401469135,PHI,4066731,17
401469135,PHI,4278562,20
401469135,PHI,2991155,12
401469135,PHI,3915195,22
401469135,PHI,3929325,5
401469135,PHI,2580913,0
401469135,PHI,2991055,0
401469135,PHI,3992,0
401469135,MIN,2993874,28
401469135,MIN,4431671,26
401469135,MIN,3032976,25
401469135,MIN,3195,24
401469135,MIN,4594268,34
401469135,MIN,2990962,25
401469135,MIN,4592187,5
401469135,MIN,4687718,5
401469135,MIN,4277951,5
401469135,MIN,4396971,18
401469135,MIN,6617,4
401469135,MIN,3134916,20
401469135,MIN,4278039,20
401469135,MIN,4067325,0
401469136,BKN,2578185,26
401469136,BKN,3138196,24
401469136,BKN,4278067,29
401469136,BKN,2580782,29
401469136,BKN,3147657,36
401469136,BKN,2583632,33
401469136,BKN,2528794,23
401469136,BKN,2991280,18
401469136,BKN,2326307,22
401469136,BKN,3133838,0
401469136,BKN,4432194,0
401469136,BKN,4004,0
401469136,BKN,3136485,0
401469136,BKN,4432174,0
401469136,HOU,4431828,27
401469136,HOU,4432639,32
401469136,HOU,4871144,34
401469136,HOU,4397140,29
401469136,HOU,4437244,37
401469136,HOU,4871143,8
401469136,HOU,2579294,3
401469136,HOU,3136777,22
401469136,HOU,4433192,28
401469136,HOU,4432168,16
401469136,HOU,4683749,3
401469136,HOU,4376,0
401469136,HOU,2991282,0
401469136,HOU,4432176,0
401469137,GS,6589,33
401469137,GS,4433247,28
401469137,GS,3975,35
401469137,GS,6475,40
401469137,GS,3934673,33
401469137,GS,2386,12
401469137,GS,2327577,13
401469137,GS,3155535,11
401469137,GS,4277956,32
401469137,GS,4433246,4
401469137,GS,4591725,0
401469137,OKC,4432823,27
401469137,OKC,4278073,36
401469137,OKC,4397020,36
401469137,OKC,4397183,33
401469137,OKC,4871145,38
401469137,OKC,3032978,15
401469137,OKC,4066317,6
401469137,OKC,4997526,19
401469137,OKC,4395702,30
401469137,OKC,4278046,0
401469137,OKC,4432813,0
401469137,OKC,4395695,0
401469137,OKC,4432819,0
401469138,UTAH,2489663,28
401469138,UTAH,3899664,29
401469138,UTAH,4066336,39
401469138,UTAH,4396991,34
401469138,UTAH,4397018,26
401469138,UTAH,4401416,7
401469138,UTAH,3005,17
401469138,UTAH,3064559,23
401469138,UTAH,2991139,24
401469138,UTAH,4432817,14
401469138,UTAH,4066299,0
401469138,UTAH,4066399,0
401469138,UTAH,4065651,0
401469138,DAL,2531367,19
401469138,DAL,2528779,8
401469138,DAL,6442,39
401469138,DAL,3945274,34
401469138,DAL,4432811,27
401469138,DAL,2284101,31
401469138,DAL,2960236,26
401469138,DAL,3058254,21
401469138,DAL,4230547,2
401469138,DAL,2528210,33
401469138,DAL,3138154,0
401469138,DAL,6461,0
401469138,DAL,6426,0
401469138,DAL,4868423,0
401469139,MEM,3155526,27
401469139,MEM,4277961,31
401469139,MEM,4277964,32
401469139,MEM,3135046,34
401469139,MEM,4066320,35
401469139,MEM,4433137,5
401469139,MEM,4593041,10
401469139,MEM,4593125,26
401469139,MEM,3134932,21
401469139,MEM,3913174,19
401469139,MEM,4585610,0
401469139,LAL,6583,36
401469139,LAL,4278077,24
401469139,LAL,4278508,33
401469139,LAL,3907822,22
401469139,LAL,3032979,35
401469139,LAL,4066264,14
401469139,LAL,4066648,28
401469139,LAL,4066457,33
401469139,LAL,4277890,16
401469139,LAL,3059262,0
401469139,LAL,4432582,0
401469140,ATL,3908845,29
401469140,ATL,4065732,30
401469140,ATL,3102529,25
401469140,ATL,3907497,39
401469140,ATL,4277905,33
401469140,ATL,4431680,21
401469140,ATL,4701230,19
401469140,ATL,3037789,24
401469140,ATL,4397136,21
401469140,ATL,4277952,0
401469140,ATL,4432585,0
401469140,ATL,3913180,0
401469140,ATL,3922230,0
401469140,ATL,4578893,0
401469140,WSH,3134907,35
401469140,WSH,4278049,23
401469140,WSH,3102531,38
401469140,WSH,6580,37
401469140,WSH,3064447,32
401469140,WSH,3986,4
401469140,WSH,4280151,32
401469140,WSH,4683021,23
401469140,WSH,3059310,16
401469140,WSH,4278402,0
401469140,WSH,2581184,0
401469140,WSH,4065731,0
401469140,WSH,3056247,0
401469140,WSH,4280245,0
401469140,WSH,4432356,0
401469141,POR,2991070,33
401469141,POR,4395627,35
401469141,POR,3102530,17
401469141,POR,6606,30
401469141,POR,3907498,20
401469141,POR,3914285,14
401469141,POR,4278075,6
401469141,POR,4431675,25
401469141,POR,4432446,6
401469141,POR,4395652,24
401469141,POR,4432192,6
401469141,POR,4914336,25
401469141,BOS,4065648,31
401469141,BOS,3213,24
401469141,BOS,2990992,22
401469141,BOS,3078576,36
401469141,BOS,3917376,25
401469141,BOS,3989,18
401469141,BOS,4065804,32
401469141,BOS,4066218,12
401469141,BOS,2490089,3
401469141,BOS,3064560,6
401469141,BOS,2566769,28
401469141,BOS,4576085,4
401469142,CLE,4432822,29
401469142,CLE,4066328,33
401469142,CLE,4432158,32
401469142,CLE,3908809,34
401469142,CLE,4396907,39
401469142,CLE,4066405,27
401469142,CLE,4011,23
401469142,CLE,2991043,24
401469142,CLE,3988,0
401469142,CLE,3912848,0
401469142,CLE,3893016,0
401469142,CLE,3447,0
401469142,CLE,2968361,0
401469142,CLE,4066757,0
401469142,MIA,3449,21
401469142,MIA,6430,35
401469142,MIA,4066261,29
401469142,MIA,3137259,18
401469142,MIA,4395725,36
401469142,MIA,3138160,30
401469142,MIA,2579258,19
401469142,MIA,2527963,32
401469142,MIA,4065778,21
401469142,MIA,2184,0
401469142,MIA,3157465,0
401469142,MIA,4278572,0
401469142,MIA,4291678,0
401469142,MIA,3074213,0
401469143,DAL,2531367,18
401469143,DAL,6442,41
401469143,DAL,2528210,40
401469143,DAL,3945274,28
401469143,DAL,4432811,24
401469143,DAL,6461,3
401469143,DAL,2284101,16
401469143,DAL,3058254,26
401469143,DAL,6426,14
401469143,DAL,4230547,9
401469143,DAL,3138154,3
401469143,DAL,4868423,17
401469143,NO,3913176,18
401469143,NO,4277813,37
401469143,NO,4397688,38
401469143,NO,6477,7
401469143,NO,2490149,35
401469143,NO,4278594,25
401469143,NO,2999409,15
401469143,NO,4397077,24
401469143,NO,2581190,23
401469143,NO,4869342,19
401469143,NO,4023,0
401469143,NO,4395698,0
401469144,CHI,6478,35
401469144,CHI,3964,24
401469144,CHI,3978,38
401469144,CHI,2991350,18
401469144,CHI,3064440,34
401469144,CHI,3936099,2
401469144,CHI,4431687,30
401469144,CHI,6585,11
401469144,CHI,4395651,26
401469144,CHI,4397002,20
401469144,CHI,4433159,2
401469144,DEN,3064290,29
401469144,DEN,4278104,24
401469144,DEN,3112335,35
401469144,DEN,2581018,31
401469144,DEN,3936299,35
401469144,DEN,3209,15
401469144,DEN,4065653,4
401469144,DEN,3934723,13
401469144,DEN,4305,4
401469144,DEN,6443,24
401469144,DEN,4065670,23
401469144,DEN,4431767,4
401469144,DEN,3442,0
401469145,OKC,4432823,18
401469145,OKC,4395702,19
401469145,OKC,4397020,20
401469145,OKC,4397183,18
401469145,OKC,4871145,22
401469145,OKC,3032978,6
401469145,OKC,4066317,31
401469145,OKC,4278046,11
401469145,OKC,4432813,24
401469145,OKC,4997526,28
401469145,OKC,4395695,16
401469145,OKC,4432819,28
401469145,PHX,2528693,22
401469145,PHX,4278129,24
401469145,PHX,2779,24
401469145,PHX,3136193,28
401469145,PHX,4065663,21
401469145,PHX,3059307,17
401469145,PHX,4423545,10
401469145,PHX,2982334,7
401469145,PHX,6427,6
401469145,PHX,3146557,18
401469145,PHX,3064230,18
401469145,PHX,2595209,16
401469145,PHX,6619,23
401469145,PHX,4278124,6
401469145,PHX,3202,0
401469146,TOR,3149673,41
401469146,TOR,3934719,37
401469146,TOR,4433134,37
401469146,TOR,3134908,30
401469146,TOR,2991230,39
401469146,TOR,3244,5
401469146,TOR,3948153,15
401469146,TOR,4431679,12
401469146,TOR,4277843,24
401469146,TOR,4066668,0
401469146,TOR,6579,0
401469146,LAC,4251,39
401469146,LAC,6450,40
401469146,LAC,6462,23
401469146,LAC,4017837,27
401469146,LAC,3468,23
401469146,LAC,3416,15
401469146,LAC,2488653,16
401469146,LAC,3431,27
401469146,LAC,3907823,29
401469146,LAC,2490620,0
401469146,LAC,4066387,0
401469146,LAC,4592492,0
401469147,CHA,4278078,28
401469147,CHA,4249,33
401469147,CHA,4701232,11
401469147,CHA,3074752,35
401469147,CHA,3133603,38
401469147,CHA,4431699,8
401469147,CHA,4702233,10
401469147,CHA,4278076,29
401469147,CHA,4065697,23
401469147,CHA,3133602,8
401469147,CHA,4576086,17
401469147,DET,4277848,21
401469147,DET,4277957,31
401469147,DET,4432808,27
401469147,DET,2488826,21
401469147,DET,4433218,32
401469147,DET,4066410,27
401469147,DET,4433621,21
401469147,DET,6446,24
401469147,DET,4590530,17
401469147,DET,4683024,19
401469147,DET,4432810,0
401469147,DET,4080610,0
401469148,HOU,4431828,33
401469148,HOU,4432639,47
401469148,HOU,4871144,26
401469148,HOU,4432176,35
401469148,HOU,4437244,42
401469148,HOU,4871143,10
401469148,HOU,3136777,29
401469148,HOU,4433192,27
401469148,HOU,4432168,16
401469148,HOU,2579294,0
401469148,HOU,4376,0
401469148,IND,3133628,27
401469148,IND,2990984,33
401469148,IND,4395712,26
401469148,IND,4396909,38
401469148,IND,4396993,38
401469148,IND,4397189,18
401469148,IND,4432170,8
401469148,IND,4277883,23
401469148,IND,4592402,24
401469148,IND,2530530,26
401469148,IND,4683634,3
401469148,IND,3999,0
401469148,IND,4278031,0
401469148,IND,2451037,0
401469148,IND,3438,0
401469149,UTAH,2489663,29
401469149,UTAH,4066336,34
401469149,UTAH,4396991,30
401469149,UTAH,4433136,32
401469149,UTAH,4397018,31
401469149,UTAH,3899664,22
401469149,UTAH,3005,13
401469149,UTAH,3064559,14
401469149,UTAH,2991139,23
401469149,UTAH,4432817,12
401469149,UTAH,4401416,0
401469149,UTAH,4066299,0
401469149,ORL,4432573,34
401469149,ORL,4566434,35
401469149,ORL,3150844,23
401469149,ORL,2999547,30
401469149,ORL,4066636,32
401469149,ORL,4348700,21
401469149,ORL,4397102,15
401469149,ORL,4432165,30
401469149,ORL,4432809,22
401469149,ORL,4278052,0
401469149,ORL,4433623,0
401469149,ORL,3918423,0
401469149,ORL,2596108,0
401469151,GS,6589,30
401469151,GS,3975,34
401469151,GS,6475,28
401469151,GS,3934673,21
401469151,GS,4277956,34
401469151,GS,2386,18
401469151,GS,2327577,18
401469151,GS,3155535,19
401469151,GS,4065733,23
401469151,GS,4433246,14
401469151,GS,4591725,0
401469151,MEM,3155526,35
401469151,MEM,4277961,32
401469151,MEM,4277964,22
401469151,MEM,3135046,33
401469151,MEM,4066320,32
401469151,MEM,4433137,7
401469151,MEM,4585610,2
401469151,MEM,4593041,7
401469151,MEM,4593125,30
401469151,MEM,3134932,22
401469151,MEM,3913174,17
401469151,MEM,4432646,2
401469150,BKN,2578185,11
401469150,BKN,2528794,10
401469150,BKN,2991280,18
401469150,BKN,2326307,11
401469150,BKN,3147657,12
401469150,BKN,3133838,29
401469150,BKN,4432194,30
401469150,BKN,4004,31
401469150,BKN,3136485,13
401469150,BKN,4066993,22
401469150,BKN,4397107,27
401469150,BKN,4432174,26
401469150,MIL,6609,29
401469150,MIL,3064482,30
401469150,MIL,3448,36
401469150,MIL,3995,33
401469150,MIL,3135045,32
401469150,MIL,6581,20
401469150,MIL,2968436,26
401469150,MIL,2578239,17
401469150,MIL,3133635,16
401469150,MIL,3102533,0
401469150,MIL,4432179,0
401469150,MIL,6605,0
401469150,MIL,4277887,0
401469152,NY,3064514,36
401469152,NY,4395625,33
401469152,NY,4351852,20
401469152,NY,3934672,19
401469152,NY,4397014,29
401469152,NY,4278355,12
401469152,NY,4222252,25
401469152,NY,3062679,32
401469152,NY,4395724,27
401469152,NY,4431823,7
401469152,NY,4277922,0
401469152,NY,3456,0
401469152,NY,6588,0
401469152,SAC,6578,38
401469152,SAC,3155942,37
401469152,SAC,4594327,26
401469152,SAC,4066259,31
401469152,SAC,4066372,32
401469152,SAC,3914283,7
401469152,SAC,3136196,25
401469152,SAC,4397693,0
401469152,SAC,3919454,5
401469152,SAC,4066262,20
401469152,SAC,4278053,19
401469152,SAC,2993370,0
401469152,SAC,2596107,0
401469152,SAC,2489716,0
401469152,SAC,3923250,0
401469153,POR,2991070,42
401469153,POR,3102530,26
401469153,POR,6606,39
401469153,POR,3907498,19
401469153,POR,4351851,29
401469153,POR,3914285,22
401469153,POR,4395627,36
401469153,POR,4395652,9
401469153,POR,4914336,17
401469153,POR,4278075,0
401469153,POR,4431675,0
401469153,POR,4432446,0
401469153,POR,4432192,0
401469153,PHI,3033,21
401469153,PHI,6440,25
401469153,PHI,3059318,38
401469153,PHI,3992,39
401469153,PHI,4431678,36
401469153,PHI,2990969,23
401469153,PHI,4066731,10
401469153,PHI,4278562,10
401469153,PHI,2991155,7
401469153,PHI,3915195,8
401469153,PHI,4066436,24
401469153,PHI,2580913,0
401469153,PHI,2991055,0
401469153,PHI,3929325,0
401469154,ATL,3908845,28
401469154,ATL,4065732,35
401469154,ATL,3102529,29
401469154,ATL,3907497,36
401469154,ATL,4277905,33
401469154,ATL,4431680,19
401469154,ATL,4701230,13
401469154,ATL,3037789,22
401469154,ATL,4397136,26
401469154,ATL,4277952,0
401469154,ATL,4432585,0
401469154,ATL,3913180,0
401469154,ATL,3922230,0
401469154,ATL,4578893,0
401469154,WSH,3134907,40
401469154,WSH,4278049,29
401469154,WSH,3102531,32
401469154,WSH,3059310,26
401469154,WSH,6580,37
401469154,WSH,4280151,22
401469154,WSH,4683021,18
401469154,WSH,3064447,30
401469154,WSH,4278402,7
401469154,WSH,3986,0
401469154,WSH,2581184,0
401469154,WSH,4065731,0
401469154,WSH,3056247,0
401469154,WSH,4280245,0
401469154,WSH,4432356,0
401469155,CLE,4432822,34
401469155,CLE,4066328,34
401469155,CLE,4432158,28
401469155,CLE,2991043,39
401469155,CLE,3908809,43
401469155,CLE,4066405,25
401469155,CLE,3893016,13
401469155,CLE,3447,0
401469155,CLE,4011,25
401469155,CLE,3988,0
401469155,CLE,3912848,0
401469155,CLE,2968361,0
401469155,CLE,4066757,0
401469155,MIA,3449,21
401469155,MIA,6430,35
401469155,MIA,4066261,37
401469155,MIA,3137259,22
401469155,MIA,4395725,38
401469155,MIA,3138160,27
401469155,MIA,2579258,11
401469155,MIA,2527963,22
401469155,MIA,4065778,26
401469155,MIA,2184,0
401469155,MIA,4278572,0
401469155,MIA,4291678,0
401469155,MIA,3074213,0
401469156,BKN,2578185,37
401469156,BKN,3138196,34
401469156,BKN,4278067,35
401469156,BKN,2580782,45
401469156,BKN,3147657,47
401469156,BKN,2583632,36
401469156,BKN,2528794,8
401469156,BKN,2326307,17
401469156,BKN,4432174,5
401469156,BKN,3133838,0
401469156,BKN,2991280,0
401469156,BKN,4432194,0
401469156,BKN,4004,0
401469156,BKN,3136485,0
401469156,BKN,4397107,0
401469156,MIN,2993874,39
401469156,MIN,4431671,36
401469156,MIN,3032976,42
401469156,MIN,3195,41
401469156,MIN,4594268,44
401469156,MIN,2990962,23
401469156,MIN,4396971,11
401469156,MIN,3134916,9
401469156,MIN,4278039,20
401469156,MIN,4067325,0
401469156,MIN,4592187,0
401469156,MIN,4687718,0
401469157,DEN,3064290,34
401469157,DEN,4278104,20
401469157,DEN,3112335,39
401469157,DEN,2581018,37
401469157,DEN,3936299,37
401469157,DEN,3209,16
401469157,DEN,3934723,8
401469157,DEN,6443,17
401469157,DEN,4065670,25
401469157,DEN,4431767,7
401469157,DEN,4065653,0
401469157,DEN,4230557,0
401469157,DEN,3442,0
401469157,DEN,4305,0
401469157,SA,4066650,21
401469157,SA,4395723,36
401469157,SA,4565201,26
401469157,SA,4610139,32
401469157,SA,4395630,31
401469157,SA,2528588,28
401469157,SA,4278580,12
401469157,SA,3136779,13
401469157,SA,4397886,15
401469157,SA,4395626,25
401469157,SA,2534781,0
401469157,SA,3133601,0
401469157,SA,4397008,0
401469158,TOR,3149673,37
401469158,TOR,3934719,38
401469158,TOR,4433134,38
401469158,TOR,3134908,33
401469158,TOR,2991230,36
401469158,TOR,3244,4
401469158,TOR,3948153,11
401469158,TOR,4431679,8
401469158,TOR,6579,14
401469158,TOR,4277843,21
401469158,TOR,4066668,0
401469158,LAL,6583,33
401469158,LAL,4278077,30
401469158,LAL,4278508,24
401469158,LAL,3907822,21
401469158,LAL,3136776,31
401469158,LAL,4066264,15
401469158,LAL,4066648,20
401469158,LAL,3032979,33
401469158,LAL,4066457,32
401469158,LAL,3059262,0
401469158,LAL,4277890,0
401469158,LAL,4432582,0
401469159,NY,3064514,35
401469159,NY,4395625,30
401469159,NY,4351852,28
401469159,NY,4395724,42
401469159,NY,4397014,34
401469159,NY,4278355,13
401469159,NY,4222252,19
401469159,NY,3062679,32
401469159,NY,4431823,6
401469159,NY,4277922,0
401469159,NY,3456,0
401469159,NY,6588,0
401469159,NY,3913220,0
401469159,LAC,4251,40
401469159,LAC,6450,37
401469159,LAC,6462,31
401469159,LAC,4017837,27
401469159,LAC,3468,23
401469159,LAC,3416,16
401469159,LAC,2488653,21
401469159,LAC,3431,26
401469159,LAC,3907823,19
401469159,LAC,4066387,1
401469159,LAC,2490620,0
401469159,LAC,4592492,0
401469160,UTAH,2489663,30
401469160,UTAH,4066336,36
401469160,UTAH,4396991,32
401469160,UTAH,4433136,32
401469160,UTAH,4397018,34
401469160,UTAH,3899664,14
401469160,UTAH,4401416,7
401469160,UTAH,3005,14
401469160,UTAH,3064559,14
401469160,UTAH,2991139,16
401469160,UTAH,4432817,11
401469160,UTAH,4066299,0
401469160,CHA,4278078,32
401469160,CHA,4249,35
401469160,CHA,4278076,30
401469160,CHA,3074752,34
401469160,CHA,3133603,36
401469160,CHA,4431699,18
401469160,CHA,4702233,11
401469160,CHA,4065697,24
401469160,CHA,3133602,9
401469160,CHA,4576086,12
401469160,CHA,4701232,0
401469160,CHA,4431712,0
401469161,IND,4432170,26
401469161,IND,4592402,33
401469161,IND,2990984,27
401469161,IND,4395712,33
401469161,IND,4396909,21
401469161,IND,3999,22
401469161,IND,4397189,25
401469161,IND,4277883,16
401469161,IND,4278031,19
401469161,IND,3438,18
401469161,IND,2451037,0
401469161,DET,4277848,22
401469161,DET,4277957,38
401469161,DET,4432808,26
401469161,DET,2488826,23
401469161,DET,4683024,37
401469161,DET,4066410,26
401469161,DET,4433621,20
401469161,DET,6446,27
401469161,DET,4590530,20
401469161,DET,4395676,0
401469161,DET,4080610,0
401469161,DET,4397119,0
401469162,MIA,3449,17
401469162,MIA,6430,39
401469162,MIA,4066261,42
401469162,MIA,3137259,37
401469162,MIA,4395725,27
401469162,MIA,4278572,0
401469162,MIA,2579258,4
401469162,MIA,3074213,7
401469162,MIA,2527963,24
401469162,MIA,3012,36
401469162,MIA,4065778,32
401469162,MIA,2184,0
401469162,MIA,4291678,0
401469162,ORL,4432573,43
401469162,ORL,4566434,29
401469162,ORL,4277847,42
401469162,ORL,2999547,27
401469162,ORL,4066636,38
401469162,ORL,4278052,3
401469162,ORL,4433623,1
401469162,ORL,3150844,11
401469162,ORL,4397102,12
401469162,ORL,4432165,27
401469162,ORL,4432809,33
401469162,ORL,3918423,0
401469162,ORL,4348700,0
401469162,ORL,2596108,0
401469163,BOS,4065648,35
401469163,BOS,3213,33
401469163,BOS,2990992,36
401469163,BOS,3078576,36
401469163,BOS,3917376,38
401469163,BOS,3989,15
401469163,BOS,4065804,21
401469163,BOS,2566769,25
401469163,BOS,4066218,0
401469163,BOS,2490089,0
401469163,BOS,3064560,0
401469163,BOS,4576085,0
401469163,ATL,3908845,30
401469163,ATL,4065732,39
401469163,ATL,3102529,21
401469163,ATL,3907497,39
401469163,ATL,4277905,34
401469163,ATL,4431680,23
401469163,ATL,4432585,9
401469163,ATL,4701230,19
401469163,ATL,3922230,1
401469163,ATL,4397136,26
401469163,ATL,4277952,0
401469163,ATL,3913180,0
401469163,ATL,4578893,0
401469164,CHI,6478,33
401469164,CHI,3964,34
401469164,CHI,3978,39
401469164,CHI,2991350,29
401469164,CHI,3064440,43
401469164,CHI,4431687,23
401469164,CHI,6585,14
401469164,CHI,4395651,16
401469164,CHI,4397002,10
401469164,CHI,3936099,0
401469164,CHI,4279815,0
401469164,CHI,4067735,0
401469164,CHI,4433159,0
401469164,HOU,4431828,31
401469164,HOU,4432639,36
401469164,HOU,4871144,33
401469164,HOU,4397140,34
401469164,HOU,4437244,35
401469164,HOU,4871143,12
401469164,HOU,3136777,23
401469164,HOU,4433192,21
401469164,HOU,4432168,15
401469164,HOU,2579294,0
401469164,HOU,4376,0
401469164,HOU,4432176,0
401469164,HOU,4683749,0
401469165,DAL,2531367,19
401469165,DAL,2528779,32
401469165,DAL,2528210,36
401469165,DAL,4432811,34
401469165,DAL,4868423,37
401469165,DAL,2284101,13
401469165,DAL,2960236,26
401469165,DAL,3058254,15
401469165,DAL,6426,7
401469165,DAL,4278507,21
401469165,DAL,6461,0
401469165,DAL,3452,0
401469165,DAL,4230547,0
401469165,DAL,3138154,0
401469165,MEM,3155526,34
401469165,MEM,4277961,33
401469165,MEM,4277964,28
401469165,MEM,3135046,33
401469165,MEM,4066320,35
401469165,MEM,4593041,23
401469165,MEM,4593125,23
401469165,MEM,3134932,12
401469165,MEM,3913174,21
401469165,MEM,4433137,0
401469165,MEM,4585610,0
401469165,MEM,4432646,0
401469166,OKC,4432823,19
401469166,OKC,4278073,37
401469166,OKC,4397020,38
401469166,OKC,4593803,37
401469166,OKC,4871145,33
401469166,OKC,3032978,20
401469166,OKC,4066317,17
401469166,OKC,4997526,9
401469166,OKC,4395702,28
401469166,OKC,4397183,2
401469166,OKC,4432813,0
401469166,OKC,4395695,0
401469166,OKC,4432819,0
401469166,NO,4277813,18
401469166,NO,4278594,36
401469166,NO,4397688,41
401469166,NO,6477,16
401469166,NO,2490149,39
401469166,NO,4397077,32
401469166,NO,2581190,27
401469166,NO,4395698,7
401469166,NO,4869342,25
401469166,NO,2999409,0
401469166,NO,4023,0
401469167,MIL,6609,34
401469167,MIL,3064482,32
401469167,MIL,3448,38
401469167,MIL,3995,39
401469167,MIL,3135045,31
401469167,MIL,6581,15
401469167,MIL,2968436,32
401469167,MIL,2578239,23
401469167,MIL,3133635,21
401469167,MIL,3102533,0
401469167,MIL,4432179,0
401469167,MIL,6605,0
401469167,MIL,3423,0
401469167,MIL,4397475,0
401469167,GS,6589,36
401469167,GS,3155535,36
401469167,GS,3975,43
401469167,GS,6475,33
401469167,GS,3934673,37
401469167,GS,2386,10
401469167,GS,2327577,23
401469167,GS,4065733,14
401469167,GS,4277956,25
401469167,GS,4432171,6
401469167,GS,4431720,0
401469167,GS,4433246,0
401469168,SAC,6578,37
401469168,SAC,3155942,35
401469168,SAC,4594327,15
401469168,SAC,4066259,34
401469168,SAC,4066372,19
401469168,SAC,3914283,13
401469168,SAC,3136196,21
401469168,SAC,4397693,26
401469168,SAC,4066262,25
401469168,SAC,4278053,16
401469168,SAC,2993370,0
401469168,SAC,2596107,0
401469168,SAC,2489716,0
401469168,SAC,3919454,0
401469168,SAC,3923250,0
401469168,PHX,2528693,28
401469168,PHX,4278129,37
401469168,PHX,2779,39
401469168,PHX,3136193,39
401469168,PHX,4065663,35
401469168,PHX,3059307,15
401469168,PHX,2982334,4
401469168,PHX,6427,5
401469168,PHX,3146557,5
401469168,PHX,3064230,7
401469168,PHX,2595209,4
401469168,PHX,6619,23
401469168,PHX,4423545,0
401469168,PHX,4278124,0
401469169,BKN,2578185,38
401469169,BKN,3138196,29
401469169,BKN,4278067,28
401469169,BKN,2580782,38
401469169,BKN,3147657,38
401469169,BKN,2583632,29
401469169,BKN,2528794,13
401469169,BKN,2991280,7
401469169,BKN,2326307,19
401469169,BKN,3133838,0
401469169,BKN,4432194,0
401469169,BKN,4004,0
401469169,BKN,3136485,0
401469169,BKN,4397107,0
401469169,BKN,4432174,0
401469169,DEN,3064290,29
401469169,DEN,4278104,23
401469169,DEN,3112335,39
401469169,DEN,2581018,37
401469169,DEN,3936299,28
401469169,DEN,3209,19
401469169,DEN,4230557,6
401469169,DEN,4305,0
401469169,DEN,6443,17
401469169,DEN,4065670,30
401469169,DEN,4431767,12
401469169,DEN,3442,0
401469169,DEN,3934723,0
401469170,CLE,4066405,30
401469170,CLE,4432822,28
401469170,CLE,4432158,39
401469170,CLE,3908809,33
401469170,CLE,4396907,39
401469170,CLE,3893016,8
401469170,CLE,3447,9
401469170,CLE,4011,20
401469170,CLE,2991043,34
401469170,CLE,3988,0
401469170,CLE,3912848,0
401469170,CLE,4432815,0
401469170,CLE,2968361,0
401469170,CLE,3906786,0
401469170,CLE,4066757,0
401469170,CHA,4278078,32
401469170,CHA,4249,33
401469170,CHA,4278076,32
401469170,CHA,4065697,37
401469170,CHA,3074752,39
401469170,CHA,4431699,13
401469170,CHA,4702233,19
401469170,CHA,3133602,20
401469170,CHA,4576086,15
401469170,CHA,4701232,0
401469170,CHA,4431712,0
401469170,CHA,3133603,0
401469171,WSH,3134907,30
401469171,WSH,4278049,21
401469171,WSH,3102531,25
401469171,WSH,3059310,25
401469171,WSH,6580,29
401469171,WSH,3986,6
401469171,WSH,2581184,9
401469171,WSH,4280151,33
401469171,WSH,4683021,24
401469171,WSH,3056247,4
401469171,WSH,3064447,20
401469171,WSH,4280245,6
401469171,WSH,4432356,7
401469171,WSH,4278402,0
401469171,PHI,3033,21
401469171,PHI,6440,25
401469171,PHI,3059318,31
401469171,PHI,3992,33
401469171,PHI,4431678,28
401469171,PHI,2990969,19
401469171,PHI,4066731,8
401469171,PHI,4278562,12
401469171,PHI,2991155,10
401469171,PHI,2580913,5
401469171,PHI,3915195,19
401469171,PHI,3929325,5
401469171,PHI,4066436,21
401469171,PHI,4432164,3
401469171,PHI,2991055,0
401469172,POR,2991070,19
401469172,POR,4395627,26
401469172,POR,3102530,10
401469172,POR,3907498,24
401469172,POR,4351851,25
401469172,POR,3914285,12
401469172,POR,4278075,12
401469172,POR,4431675,23
401469172,POR,4432446,12
401469172,POR,4395652,26
401469172,POR,2991047,17
401469172,POR,4432192,12
401469172,POR,4914336,22
401469172,NO,4277813,31
401469172,NO,4278594,28
401469172,NO,4397688,30
401469172,NO,6477,21
401469172,NO,2490149,30
401469172,NO,2580365,8
401469172,NO,2999409,6
401469172,NO,4397077,13
401469172,NO,2581190,28
401469172,NO,4023,9
401469172,NO,4395698,11
401469172,NO,4869342,26
401469173,OKC,4432823,26
401469173,OKC,4395702,29
401469173,OKC,4397020,30
401469173,OKC,4593803,35
401469173,OKC,4871145,32
401469173,OKC,3032978,18
401469173,OKC,4066317,23
401469173,OKC,4997526,28
401469173,OKC,4397183,20
401469173,OKC,4432813,0
401469173,OKC,4395695,0
401469173,OKC,4432819,0
401469173,SA,4066650,30
401469173,SA,4565201,6
401469173,SA,3136779,25
401469173,SA,3133601,32
401469173,SA,4395630,33
401469173,SA,2528588,26
401469173,SA,4278580,17
401469173,SA,4397886,15
401469173,SA,4397008,26
401469173,SA,4683935,30
401469173,SA,4592479,0
401469173,SA,2534781,0
401469174,NY,3064514,36
401469174,NY,4395625,39
401469174,NY,4351852,24
401469174,NY,4395724,31
401469174,NY,4397014,25
401469174,NY,4278355,12
401469174,NY,4222252,24
401469174,NY,3062679,32
401469174,NY,4431823,17
401469174,NY,4277922,0
401469174,NY,3456,0
401469174,NY,6588,0
401469174,NY,3913220,0
401469174,LAL,6583,37
401469174,LAL,4278077,24
401469174,LAL,4278508,28
401469174,LAL,3907822,26
401469174,LAL,3136776,35
401469174,LAL,4066264,11
401469174,LAL,4066648,27
401469174,LAL,3032979,26
401469174,LAL,4066457,25
401469174,LAL,3059262,0
401469174,LAL,4277890,0
401469174,LAL,4432582,0
401469175,IND,4432170,27
401469175,IND,4592402,24
401469175,IND,2990984,22
401469175,IND,4395712,36
401469175,IND,4396909,31
401469175,IND,3999,4
401469175,IND,4397189,21
401469175,IND,4277883,31
401469175,IND,4278031,28
401469175,IND,3438,15
401469175,IND,2451037,0
401469175,DET,4066410,32
401469175,DET,4277957,20
401469175,DET,4432808,24
401469175,DET,2488826,32
401469175,DET,4683024,29
401469175,DET,4395676,23
401469175,DET,4433621,24
401469175,DET,6446,32
401469175,DET,4397119,1
401469175,DET,4590530,24
401469175,DET,4277848,0
401469175,DET,4080610,0
401469176,MIN,2993874,37
401469176,MIN,4431671,26
401469176,MIN,3032976,30
401469176,MIN,3195,28
401469176,MIN,4594268,36
401469176,MIN,2990962,22
401469176,MIN,4067325,5
401469176,MIN,4592187,2
401469176,MIN,4687718,2
401469176,MIN,4277951,18
401469176,MIN,3134916,18
401469176,MIN,4278039,17
401469176,MIN,4396971,0
401469176,ATL,3908845,27
401469176,ATL,4065732,36
401469176,ATL,3102529,22
401469176,ATL,3907497,33
401469176,ATL,4277905,34
401469176,ATL,4277952,2
401469176,ATL,4431680,25
401469176,ATL,4432585,2
401469176,ATL,4701230,10
401469176,ATL,3037789,20
401469176,ATL,3913180,2
401469176,ATL,3922230,2
401469176,ATL,4397136,25
401469176,ATL,4578893,2
401469176,ATL,4065656,0
401469177,UTAH,2489663,24
401469177,UTAH,4066336,37
401469177,UTAH,4396991,27
401469177,UTAH,4433136,30
401469177,UTAH,4397018,29
401469177,UTAH,3899664,30
401469177,UTAH,4401416,11
401469177,UTAH,3005,15
401469177,UTAH,3064559,13
401469177,UTAH,2991139,21
401469177,UTAH,4432817,3
401469177,UTAH,4066299,0
401469177,MIA,3449,21
401469177,MIA,6430,31
401469177,MIA,4066261,37
401469177,MIA,3137259,27
401469177,MIA,4395725,38
401469177,MIA,3138160,27
401469177,MIA,3074213,11
401469177,MIA,2527963,21
401469177,MIA,3012,19
401469177,MIA,4065778,7
401469177,MIA,2184,0
401469177,MIA,3157465,0
401469177,MIA,4278572,0
401469177,MIA,4291678,0
401469178,MEM,3155526,33
401469178,MEM,4277961,24
401469178,MEM,4277964,25
401469178,MEM,3135046,32
401469178,MEM,4066320,29
401469178,MEM,4433137,3
401469178,MEM,4585610,3
401469178,MEM,4593041,26
401469178,MEM,4593125,22
401469178,MEM,3134932,25
401469178,MEM,3913174,17
401469178,MEM,4432646,3
401469178,DAL,2531367,17
401469178,DAL,2528779,33
401469178,DAL,2528210,28
401469178,DAL,4432811,27
401469178,DAL,4868423,41
401469178,DAL,6461,5
401469178,DAL,2284101,17
401469178,DAL,2960236,25
401469178,DAL,6426,17
401469178,DAL,4230547,4
401469178,DAL,4278507,22
401469178,DAL,3138154,4
401469178,DAL,3058254,0
401469178,DAL,3452,0
401469179,BOS,4065648,41
401469179,BOS,3213,31
401469179,BOS,2990992,28
401469179,BOS,3078576,27
401469179,BOS,3917376,39
401469179,BOS,3989,8
401469179,BOS,4065804,20
401469179,BOS,4066218,8
401469179,BOS,3064560,9
401469179,BOS,2566769,29
401469179,BOS,2490089,0
401469179,BOS,4576085,0
401469179,HOU,4431828,40
401469179,HOU,4432639,36
401469179,HOU,4433192,35
401469179,HOU,4397140,38
401469179,HOU,4437244,40
401469179,HOU,4871143,12
401469179,HOU,2579294,0
401469179,HOU,3136777,24
401469179,HOU,4432168,3
401469179,HOU,4683749,11
401469179,HOU,4376,0
401469179,HOU,4432176,0
401469180,PHX,2528693,28
401469180,PHX,4278129,35
401469180,PHX,2779,30
401469180,PHX,3136193,35
401469180,PHX,4065663,32
401469180,PHX,3059307,13
401469180,PHX,2982334,3
401469180,PHX,6427,10
401469180,PHX,3146557,3
401469180,PHX,3064230,18
401469180,PHX,2595209,18
401469180,PHX,6619,15
401469180,PHX,4423545,0
401469180,GS,6589,30
401469180,GS,3155535,27
401469180,GS,3975,33
401469180,GS,6475,34
401469180,GS,3934673,31
401469180,GS,2386,16
401469180,GS,2327577,21
401469180,GS,4277956,31
401469180,GS,4432171,15
401469180,GS,4433246,2
401469180,GS,4591725,0
401469181,MIL,6609,34
401469181,MIL,3032977,34
401469181,MIL,3448,37
401469181,MIL,3995,34
401469181,MIL,3135045,28
401469181,MIL,6581,19
401469181,MIL,3064482,19
401469181,MIL,2578239,21
401469181,MIL,3133635,13
401469181,MIL,3102533,0
401469181,MIL,4432179,0
401469181,MIL,6605,0
401469181,MIL,3423,0
401469181,MIL,4032,0
401469181,MIL,4397475,0
401469181,SAC,6578,30
401469181,SAC,3155942,39
401469181,SAC,4594327,22
401469181,SAC,4066259,37
401469181,SAC,4066372,28
401469181,SAC,3914283,9
401469181,SAC,3136196,26
401469181,SAC,4397693,18
401469181,SAC,4066262,20
401469181,SAC,4278053,11
401469181,SAC,2993370,0
401469181,SAC,2596107,0
401469181,SAC,2489716,0
401469181,SAC,3919454,0
401469181,SAC,3923250,0
401469182,CLE,4066405,26
401469182,CLE,4432822,36
401469182,CLE,4432158,31
401469182,CLE,2991043,27
401469182,CLE,4396907,28
401469182,CLE,3988,4
401469182,CLE,3912848,19
401469182,CLE,4432815,4
401469182,CLE,3893016,31
401469182,CLE,4011,21
401469182,CLE,2968361,6
401469182,CLE,3906786,4
401469182,CLE,4066757,4
401469182,CLE,3947156,0
401469182,CLE,3447,0
401469182,CHA,4278078,35
401469182,CHA,4249,29
401469182,CHA,4278076,23
401469182,CHA,3074752,35
401469182,CHA,3133603,34
401469182,CHA,4431699,16
401469182,CHA,4702233,15
401469182,CHA,4065697,32
401469182,CHA,3133602,7
401469182,CHA,4576086,13
401469182,CHA,4701232,0
401469183,DET,4066410,20
401469183,DET,4432808,31
401469183,DET,2488826,38
401469183,DET,4590530,27
401469183,DET,4683024,35
401469183,DET,4395676,23
401469183,DET,4433621,18
401469183,DET,6446,30
401469183,DET,4397119,17
401469183,DET,4277848,0
401469183,DET,4277957,0
401469183,DET,4080610,0
401469183,WSH,4278049,22
401469183,WSH,4280151,34
401469183,WSH,3102531,31
401469183,WSH,3059310,28
401469183,WSH,6580,33
401469183,WSH,3986,5
401469183,WSH,2581184,3
401469183,WSH,4683021,28
401469183,WSH,4065731,3
401469183,WSH,3064447,22
401469183,WSH,4278402,13
401469183,WSH,4432356,19
401469183,WSH,3056247,0
401469184,DEN,3064290,34
401469184,DEN,4278104,33
401469184,DEN,3112335,35
401469184,DEN,2581018,29
401469184,DEN,3936299,40
401469184,DEN,3209,19
401469184,DEN,4230557,1
401469184,DEN,3934723,8
401469184,DEN,4305,1
401469184,DEN,4065670,22
401469184,DEN,4431767,17
401469184,DEN,3442,0
401469184,DEN,6443,0
401469184,TOR,3149673,39
401469184,TOR,3934719,35
401469184,TOR,4433134,37
401469184,TOR,3134908,27
401469184,TOR,2991230,38
401469184,TOR,3948153,11
401469184,TOR,4431679,14
401469184,TOR,4431778,1
401469184,TOR,4066668,1
401469184,TOR,6579,10
401469184,TOR,4277843,25
401469184,TOR,3244,0
401469185,LAL,6583,33
401469185,LAL,4278077,28
401469185,LAL,4278508,28
401469185,LAL,3907822,31
401469185,LAL,3136776,33
401469185,LAL,4066264,15
401469185,LAL,4066648,20
401469185,LAL,3059262,2
401469185,LAL,3032979,19
401469185,LAL,4066457,29
401469185,LAL,4277890,2
401469185,LAL,4432582,2
401469185,NO,3913176,38
401469185,NO,4277813,34
401469185,NO,4397688,38
401469185,NO,6477,16
401469185,NO,2490149,37
401469185,NO,2580365,22
401469185,NO,4278594,16
401469185,NO,4397077,10
401469185,NO,2581190,17
401469185,NO,4395698,2
401469185,NO,4869342,11
401469185,NO,2999409,0
401469185,NO,4023,0
401469186,BKN,2578185,34
401469186,BKN,3138196,39
401469186,BKN,4278067,39
401469186,BKN,2580782,39
401469186,BKN,3147657,38
401469186,BKN,2583632,17
401469186,BKN,2528794,12
401469186,BKN,2326307,19
401469186,BKN,4432174,3
401469186,BKN,3133838,0
401469186,BKN,2991280,0
401469186,BKN,4432194,0
401469186,BKN,4004,0
401469186,BKN,3136485,0
401469186,OKC,4432823,18
401469186,OKC,4278073,36
401469186,OKC,4397020,35
401469186,OKC,4593803,36
401469186,OKC,4871145,37
401469186,OKC,3032978,10
401469186,OKC,4066317,20
401469186,OKC,4997526,12
401469186,OKC,4395702,24
401469186,OKC,4397183,11
401469186,OKC,4432813,0
401469186,OKC,4432819,0
401469187,ORL,4432573,32
401469187,ORL,4566434,28
401469187,ORL,4277847,29
401469187,ORL,2999547,24
401469187,ORL,4066636,31
401469187,ORL,4433623,2
401469187,ORL,3150844,19
401469187,ORL,4397102,17
401469187,ORL,4067858,7
401469187,ORL,4432165,22
401469187,ORL,4432809,29
401469187,ORL,4278052,0
401469187,ORL,3918423,0
401469187,ORL,4348700,0
401469187,ORL,2596108,0
401469187,SA,4066650,28
401469187,SA,4610139,32
401469187,SA,3136779,27
401469187,SA,3133601,25
401469187,SA,4395630,33
401469187,SA,2528588,24
401469187,SA,4278580,21
401469187,SA,4592479,7
401469187,SA,4870562,11
401469187,SA,4397886,8
401469187,SA,4683935,23
401469187,SA,4395723,0
401469187,SA,2534781,0
401469188,MIL,3032977,35
401469188,MIL,3448,34
401469188,MIL,3995,35
401469188,MIL,2578239,26
401469188,MIL,3133635,23
401469188,MIL,6581,25
401469188,MIL,2968436,27
401469188,MIL,3064482,20
401469188,MIL,4032,11
401469188,MIL,4397475,5
401469188,MIL,3102533,0
401469188,MIL,4432179,0
401469188,MIL,6605,0
401469188,PHX,2528693,22
401469188,PHX,4278129,25
401469188,PHX,2779,33
401469188,PHX,3136193,43
401469188,PHX,4065663,35
401469188,PHX,3059307,25
401469188,PHX,2982334,6
401469188,PHX,6427,8
401469188,PHX,3146557,14
401469188,PHX,3064230,17
401469188,PHX,6619,11
401469188,PHX,4423545,0
401469188,PHX,2595209,0
401469189,NY,3064514,34
401469189,NY,4395625,28
401469189,NY,4351852,21
401469189,NY,4395724,34
401469189,NY,4397014,20
401469189,NY,4278355,14
401469189,NY,4222252,27
401469189,NY,3062679,37
401469189,NY,4431823,25
401469189,NY,4277922,0
401469189,NY,3456,0
401469189,NY,6588,0
401469189,NY,3913220,0
401469189,POR,4431675,40
401469189,POR,3102530,28
401469189,POR,6606,39
401469189,POR,3907498,38
401469189,POR,4351851,34
401469189,POR,3914285,18
401469189,POR,4278075,2
401469189,POR,4432446,2
401469189,POR,4395627,19
401469189,POR,4395652,10
401469189,POR,4432192,2
401469189,POR,4914336,7
401469189,POR,4432588,0
401469189,POR,2991047,0
401469190,PHI,3033,35
401469190,PHI,6440,31
401469190,PHI,3059318,38
401469190,PHI,3992,40
401469190,PHI,4431678,35
401469190,PHI,2990969,16
401469190,PHI,4278562,4
401469190,PHI,2991155,5
401469190,PHI,3915195,21
401469190,PHI,4066436,15
401469190,PHI,4066731,0
401469190,PHI,2580913,0
401469190,PHI,2991055,0
401469190,PHI,3929325,0
401469190,CLE,4066405,12
401469190,CLE,4432822,24
401469190,CLE,4432158,39
401469190,CLE,3908809,40
401469190,CLE,4396907,36
401469190,CLE,3947156,9
401469190,CLE,3893016,30
401469190,CLE,2968361,13
401469190,CLE,2991043,36
401469190,CLE,3988,0
401469190,CLE,3912848,0
401469190,CLE,3447,0
401469190,CLE,4011,0
401469190,CLE,3906786,0
401469190,CLE,4066757,0
401469191,MEM,3155526,27
401469191,MEM,4277961,28
401469191,MEM,4277964,23
401469191,MEM,3135046,28
401469191,MEM,4066320,22
401469191,MEM,4433137,12
401469191,MEM,4585610,12
401469191,MEM,4593041,18
401469191,MEM,4593125,21
401469191,MEM,3134932,22
401469191,MEM,3913174,20
401469191,MEM,4432646,8
401469191,MIA,3449,18
401469191,MIA,6430,28
401469191,MIA,4066261,33
401469191,MIA,3137259,22
401469191,MIA,4395725,34
401469191,MIA,3138160,30
401469191,MIA,3157465,3
401469191,MIA,4291678,13
401469191,MIA,3074213,7
401469191,MIA,3012,20
401469191,MIA,4065778,33
401469191,MIA,2184,0
401469191,MIA,2527963,0
401469192,SAC,6578,36
401469192,SAC,3155942,40
401469192,SAC,4594327,30
401469192,SAC,4066259,33
401469192,SAC,4066372,28
401469192,SAC,3914283,8
401469192,SAC,4397693,18
401469192,SAC,2596107,5
401469192,SAC,3919454,5
401469192,SAC,4066262,24
401469192,SAC,4278053,15
401469192,SAC,3136196,0
401469192,SAC,4397424,0
401469192,SAC,2489716,0
401469192,SAC,3923250,0
401469192,CHI,6478,35
401469192,CHI,3964,29
401469192,CHI,3978,40
401469192,CHI,3064440,36
401469192,CHI,4397002,28
401469192,CHI,4431687,25
401469192,CHI,6585,13
401469192,CHI,4395651,28
401469192,CHI,4433159,7
401469192,CHI,3936099,0
401469192,CHI,4067735,0
401469193,LAL,4066648,17
401469193,LAL,4278077,35
401469193,LAL,4278508,25
401469193,LAL,3907822,32
401469193,LAL,3136776,34
401469193,LAL,4066264,33
401469193,LAL,3032979,25
401469193,LAL,4066457,27
401469193,LAL,4277890,11
401469193,LAL,3059262,0
401469193,LAL,4432582,0
401469193,HOU,4431828,33
401469193,HOU,4432639,37
401469193,HOU,4871144,31
401469193,HOU,4397140,39
401469193,HOU,4437244,38
401469193,HOU,4871143,10
401469193,HOU,3136777,21
401469193,HOU,4433192,18
401469193,HOU,4432168,13
401469193,HOU,2579294,0
401469193,HOU,4376,0
401469193,HOU,4432176,0
401469193,HOU,4683749,0
401469194,BOS,4065648,37
401469194,BOS,3213,32
401469194,BOS,2990992,35
401469194,BOS,3078576,25
401469194,BOS,3917376,37
401469194,BOS,3989,15
401469194,BOS,4065804,2
401469194,BOS,4066218,26
401469194,BOS,2566769,31
401469194,BOS,2490089,0
401469194,BOS,3064560,0
401469194,BOS,4576085,0
401469194,MIN,2993874,36
401469194,MIN,4431671,33
401469194,MIN,3032976,29
401469194,MIN,3195,30
401469194,MIN,4594268,38
401469194,MIN,2990962,20
401469194,MIN,4396971,19
401469194,MIN,3134916,18
401469194,MIN,4278039,16
401469194,MIN,4067325,0
401469194,MIN,4592187,0
401469194,MIN,4687718,0
401469195,DAL,2531367,29
401469195,DAL,2960236,28
401469195,DAL,2528779,46
401469195,DAL,4432811,45
401469195,DAL,4868423,38
401469195,DAL,2284101,12
401469195,DAL,3058254,28
401469195,DAL,6426,12
401469195,DAL,3452,4
401469195,DAL,4278507,23
401469195,DAL,4230547,0
401469195,DAL,3138154,0
401469195,SA,4278580,33
401469195,SA,4395723,36
401469195,SA,3133601,33
401469195,SA,4397008,21
401469195,SA,4395626,32
401469195,SA,2528588,20
401469195,SA,4565201,29
401469195,SA,4870562,22
401469195,SA,2534781,16
401469195,SA,4683935,23
401469195,SA,3136779,0
401469195,SA,4395630,0
401469196,GS,6589,35
401469196,GS,3155535,25
401469196,GS,3975,39
401469196,GS,6475,37
401469196,GS,3934673,33
401469196,GS,2327577,16
401469196,GS,4433247,19
401469196,GS,4277956,25
401469196,GS,4432171,10
401469196,GS,4433246,1
401469196,GS,4591725,0
401469196,LAC,4251,40
401469196,LAC,6450,36
401469196,LAC,6462,15
401469196,LAC,4017837,30
401469196,LAC,3468,27
401469196,LAC,3416,20
401469196,LAC,2488653,17
401469196,LAC,3431,28
401469196,LAC,3907823,25
401469196,LAC,4066387,1
401469196,LAC,2490620,0
401469196,LAC,4592492,0
401469197,DEN,3064290,29
401469197,DEN,4278104,28
401469197,DEN,3112335,33
401469197,DEN,2581018,30
401469197,DEN,3936299,39
401469197,DEN,3209,18
401469197,DEN,4230557,1
401469197,DEN,3934723,14
401469197,DEN,4305,1
401469197,DEN,4065670,26
401469197,DEN,4431767,20
401469197,DEN,3442,0
401469197,DEN,6443,0
401469197,DEN,4576087,0
401469197,DET,4066410,26
401469197,DET,4432808,30
401469197,DET,2488826,34
401469197,DET,4433218,35
401469197,DET,4683024,34
401469197,DET,4395676,7
401469197,DET,4433621,27
401469197,DET,6446,31
401469197,DET,4590530,15
401469197,DET,4277848,0
401469197,DET,4277957,0
401469197,DET,4397119,0
401469198,SAC,6578,31
401469198,SAC,3155942,39
401469198,SAC,4594327,31
401469198,SAC,4066259,35
401469198,SAC,4066372,6
401469198,SAC,3914283,6
401469198,SAC,3136196,18
401469198,SAC,4397693,24
401469198,SAC,3919454,9
401469198,SAC,4066262,29
401469198,SAC,4278053,13
401469198,SAC,2596107,0
401469198,SAC,4397424,0
401469198,SAC,2489716,0
401469198,SAC,3923250,0
401469198,BKN,2578185,24
401469198,BKN,3138196,36
401469198,BKN,4278067,32
401469198,BKN,2580782,38
401469198,BKN,3147657,35
401469198,BKN,2583632,24
401469198,BKN,2528794,7
401469198,BKN,3133838,7
401469198,BKN,3136485,9
401469198,BKN,2326307,22
401469198,BKN,4432174,6
401469198,BKN,4432194,0
401469198,BKN,4004,0
401469199,OKC,4432823,14
401469199,OKC,4278073,35
401469199,OKC,4397020,31
401469199,OKC,4593803,29
401469199,OKC,4871145,27
401469199,OKC,3032978,12
401469199,OKC,4066317,5
401469199,OKC,4278046,10
401469199,OKC,4432813,9
401469199,OKC,4997526,13
401469199,OKC,4395702,24
401469199,OKC,4397183,9
401469199,OKC,4432819,21
401469199,TOR,3149673,34
401469199,TOR,3934719,29
401469199,TOR,4433134,35
401469199,TOR,3134908,29
401469199,TOR,2991230,34
401469199,TOR,3948153,16
401469199,TOR,4397033,3
401469199,TOR,4431778,12
401469199,TOR,4066668,3
401469199,TOR,6579,11
401469199,TOR,4277843,35
401469199,TOR,3244,0
401469199,TOR,4431679,0
401469199,TOR,4397251,0
401469200,IND,4277883,33
401469200,IND,3133628,25
401469200,IND,2990984,34
401469200,IND,4395712,28
401469200,IND,4396909,31
401469200,IND,4397189,23
401469200,IND,4432170,2
401469200,IND,4278031,11
401469200,IND,3438,23
401469200,IND,2530530,30
401469200,IND,3999,0
401469200,IND,2451037,0
401469200,MIL,6609,33
401469200,MIL,3032977,27
401469200,MIL,3064482,33
401469200,MIL,3995,32
401469200,MIL,2578239,31
401469200,MIL,2968436,28
401469200,MIL,4432179,2
401469200,MIL,6605,16
401469200,MIL,4032,13
401469200,MIL,3133635,15
401469200,MIL,4277887,2
401469200,MIL,4397475,8
401469201,ORL,4432573,34
401469201,ORL,4566434,35
401469201,ORL,4277847,33
401469201,ORL,2999547,26
401469201,ORL,4066636,34
401469201,ORL,3150844,7
401469201,ORL,4348700,8
401469201,ORL,4397102,15
401469201,ORL,4432165,22
401469201,ORL,4432809,27
401469201,ORL,4278052,0
401469201,ORL,4433623,0
401469201,ORL,3918423,0
401469201,ORL,2596108,0
401469201,ORL,4067858,0
401469201,PHX,2528693,25
401469201,PHX,4278129,35
401469201,PHX,2779,31
401469201,PHX,3136193,36
401469201,PHX,4065663,30
401469201,PHX,3059307,23
401469201,PHX,3146557,13
401469201,PHX,3064230,21
401469201,PHX,2595209,10
401469201,PHX,6619,16
401469201,PHX,4423545,0
401469201,PHX,2982334,0
401469201,PHX,6427,0
401469202,PHI,3033,22
401469202,PHI,6440,23
401469202,PHI,3059318,29
401469202,PHI,3992,31
401469202,PHI,4431678,29
401469202,PHI,2990969,18
401469202,PHI,4278562,12
401469202,PHI,2991155,10
401469202,PHI,2580913,6
401469202,PHI,3915195,26
401469202,PHI,3929325,7
401469202,PHI,4066436,19
401469202,PHI,4432164,7
401469202,PHI,2991055,0
401469202,CHA,4278078,31
401469202,CHA,4249,22
401469202,CHA,4278076,13
401469202,CHA,3074752,31
401469202,CHA,3133603,31
401469202,CHA,4431699,27
401469202,CHA,4702233,25
401469202,CHA,4065697,32
401469202,CHA,3133602,9
401469202,CHA,4576086,20
401469202,CHA,4701232,0
401469203,GS,3155535,34
401469203,GS,4433247,26
401469203,GS,3975,37
401469203,GS,6475,35
401469203,GS,3934673,36
401469203,GS,2327577,14
401469203,GS,4066790,21
401469203,GS,4277956,24
401469203,GS,4432171,13
401469203,GS,6589,0
401469203,GS,4433246,0
401469203,GS,4591725,0
401469203,ATL,3908845,29
401469203,ATL,4065732,27
401469203,ATL,3102529,22
401469203,ATL,3907497,37
401469203,ATL,4277905,32
401469203,ATL,4431680,24
401469203,ATL,4432585,21
401469203,ATL,3037789,26
401469203,ATL,4397136,22
401469203,ATL,4277952,0
401469203,ATL,3913180,0
401469203,ATL,3922230,0
401469203,ATL,4578893,0
401469204,WSH,3134907,25
401469204,WSH,4278049,22
401469204,WSH,3102531,32
401469204,WSH,3059310,29
401469204,WSH,6580,33
401469204,WSH,3986,4
401469204,WSH,2581184,7
401469204,WSH,4280151,28
401469204,WSH,4683021,18
401469204,WSH,3056247,4
401469204,WSH,3064447,17
401469204,WSH,4278402,4
401469204,WSH,4432356,19
401469204,CLE,4066405,21
401469204,CLE,4432822,26
401469204,CLE,4432158,36
401469204,CLE,3908809,26
401469204,CLE,4396907,37
401469204,CLE,3988,4
401469204,CLE,3912848,4
401469204,CLE,3947156,12
401469204,CLE,3893016,18
401469204,CLE,4011,21
401469204,CLE,2968361,4
401469204,CLE,2991043,26
401469204,CLE,3906786,4
401469204,CLE,3447,0
401469205,MIN,2993874,51
401469205,MIN,4431671,45
401469205,MIN,3032976,33
401469205,MIN,3195,46
401469205,MIN,4594268,8
401469205,MIN,2990962,25
401469205,MIN,4396971,25
401469205,MIN,6617,7
401469205,MIN,3134916,22
401469205,MIN,4278039,27
401469205,MIN,4067325,0
401469205,MIN,4592187,0
401469205,MIN,4687718,0
401469205,CHI,6478,46
401469205,CHI,3964,31
401469205,CHI,3978,52
401469205,CHI,2991350,32
401469205,CHI,3064440,47
401469205,CHI,3936099,3
401469205,CHI,4431687,25
401469205,CHI,6585,10
401469205,CHI,4395651,27
401469205,CHI,4397002,18
401469205,CHI,4279815,0
401469205,CHI,4683622,0
401469205,CHI,4067735,0
401469205,CHI,4433159,0
401469206,NO,3913176,38
401469206,NO,4277813,28
401469206,NO,4397688,37
401469206,NO,6477,34
401469206,NO,2490149,39
401469206,NO,2580365,14
401469206,NO,4278594,19
401469206,NO,2581190,26
401469206,NO,4869342,4
401469206,NO,2999409,0
401469206,NO,4397077,0
401469206,NO,4023,0
401469206,NO,4395698,0
401469206,HOU,4431828,30
401469206,HOU,4432639,29
401469206,HOU,4871144,36
401469206,HOU,4397140,39
401469206,HOU,4437244,40
401469206,HOU,4871143,7
401469206,HOU,3136777,21
401469206,HOU,4433192,22
401469206,HOU,4376,2
401469206,HOU,4432168,12
401469206,HOU,2579294,0
401469206,HOU,4432176,0
401469207,MEM,3155526,40
401469207,MEM,4277961,43
401469207,MEM,4277964,21
401469207,MEM,3135046,42
401469207,MEM,4066320,39
401469207,MEM,4585610,14
401469207,MEM,4593041,13
401469207,MEM,4593125,17
401469207,MEM,3134932,5
401469207,MEM,3913174,32
401469207,MEM,4433137,0
401469207,MEM,4592691,0
401469207,MEM,4432646,0
401469207,SA,4066650,36
401469207,SA,4395723,38
401469207,SA,4565201,39
401469207,SA,4610139,8
401469207,SA,4395630,35
401469207,SA,4278580,23
401469207,SA,4870562,12
401469207,SA,3136779,13
401469207,SA,2534781,7
401469207,SA,4395626,34
401469207,SA,4683935,21
401469207,SA,3133601,0
401469208,BOS,4065648,36
401469208,BOS,3213,27
401469208,BOS,2990992,36
401469208,BOS,3078576,36
401469208,BOS,3917376,37
401469208,BOS,3989,14
401469208,BOS,4065804,20
401469208,BOS,4066218,16
401469208,BOS,3064560,18
401469208,BOS,4576085,1
401469208,BOS,2490089,0
401469208,POR,4431675,34
401469208,POR,3102530,25
401469208,POR,6606,37
401469208,POR,3907498,21
401469208,POR,4351851,39
401469208,POR,3914285,18
401469208,POR,4278075,10
401469208,POR,4432446,8
401469208,POR,4395627,29
401469208,POR,2991047,1
401469208,POR,4432192,1
401469208,POR,4914336,17
401469208,POR,4432588,0
401469209,DAL,2531367,23
401469209,DAL,2960236,29
401469209,DAL,2528779,26
401469209,DAL,6442,39
401469209,DAL,4432811,25
401469209,DAL,2284101,16
401469209,DAL,3058254,34
401469209,DAL,6426,8
401469209,DAL,4278507,7
401469209,DAL,2528210,27
401469209,DAL,3138154,0
401469209,DAL,4868423,6
401469209,DAL,3452,0
401469209,DAL,4230547,0
401469209,LAL,6583,37
401469209,LAL,4278077,20
401469209,LAL,4278508,23
401469209,LAL,3907822,23
401469209,LAL,3136776,36
401469209,LAL,4066264,23
401469209,LAL,4066648,16
401469209,LAL,3032979,30
401469209,LAL,4066457,32
401469209,LAL,3059262,0
401469209,LAL,4277890,0
401469209,LAL,4432582,0
401469210,DEN,3064290,31
401469210,DEN,4278104,30
401469210,DEN,3112335,37
401469210,DEN,2581018,37
401469210,DEN,3936299,35
401469210,DEN,3209,19
401469210,DEN,3934723,9
401469210,DEN,4065670,28
401469210,DEN,4431767,14
401469210,DEN,4431690,0
401469210,DEN,4230557,0
401469210,DEN,3442,0
401469210,DEN,4305,0
401469210,DEN,6443,0
401469210,DEN,4576087,0
401469210,NY,3064514,36
401469210,NY,4395625,34
401469210,NY,4351852,24
401469210,NY,3934672,32
401469210,NY,4397014,20
401469210,NY,4278355,12
401469210,NY,4222252,24
401469210,NY,3062679,32
401469210,NY,4395724,26
401469210,NY,4277922,0
401469210,NY,3456,0
401469210,NY,6588,0
401469210,NY,3913220,0
401469210,NY,4431823,0
401469211,ORL,4432573,36
401469211,ORL,4566434,33
401469211,ORL,4277847,33
401469211,ORL,2999547,30
401469211,ORL,4066636,35
401469211,ORL,4433623,16
401469211,ORL,4348700,15
401469211,ORL,4397102,5
401469211,ORL,4067858,8
401469211,ORL,4432809,29
401469211,ORL,4278052,0
401469211,ORL,3918423,0
401469211,ORL,3150844,0
401469211,ORL,2596108,0
401469211,LAC,4251,37
401469211,LAC,6462,31
401469211,LAC,4017837,27
401469211,LAC,3431,31
401469211,LAC,3468,37
401469211,LAC,2490620,23
401469211,LAC,3416,17
401469211,LAC,2488653,19
401469211,LAC,3907823,18
401469211,LAC,4433249,0
401469211,LAC,4066387,0
401469211,LAC,4397916,0
401469211,LAC,4592492,0
401469212,PHI,6440,32
401469212,PHI,2991155,19
401469212,PHI,3059318,30
401469212,PHI,4066436,34
401469212,PHI,4431678,35
401469212,PHI,2990969,23
401469212,PHI,4066731,16
401469212,PHI,4278562,16
401469212,PHI,2580913,3
401469212,PHI,3915195,28
401469212,PHI,3929325,2
401469212,PHI,4432164,3
401469212,PHI,2991055,0
401469212,IND,4277883,29
401469212,IND,3133628,30
401469212,IND,2990984,30
401469212,IND,4395712,37
401469212,IND,4396909,32
401469212,IND,4397189,18
401469212,IND,4278031,19
401469212,IND,3438,18
401469212,IND,2530530,27
401469212,IND,3999,0
401469212,IND,4432170,0
401469212,IND,2451037,0
401469213,MIN,2990962,30
401469213,MIN,2993874,32
401469213,MIN,4431671,31
401469213,MIN,3032976,31
401469213,MIN,3195,26
401469213,MIN,3908336,3
401469213,MIN,4067325,3
401469213,MIN,4592187,3
401469213,MIN,4687718,16
401469213,MIN,4277951,3
401469213,MIN,4396971,20
401469213,MIN,3134916,24
401469213,MIN,4278039,19
401469213,MIN,6617,0
401469213,TOR,3149673,35
401469213,TOR,3934719,35
401469213,TOR,4433134,28
401469213,TOR,3134908,25
401469213,TOR,2991230,36
401469213,TOR,3948153,19
401469213,TOR,4431679,3
401469213,TOR,4397033,3
401469213,TOR,4431778,9
401469213,TOR,4066668,3
401469213,TOR,6579,14
401469213,TOR,4277843,29
401469213,TOR,3244,0
401469213,TOR,4397251,0
401469214,SAC,6578,27
401469214,SAC,3155942,33
401469214,SAC,4397693,19
401469214,SAC,4594327,35
401469214,SAC,4066259,26
401469214,SAC,3914283,11
401469214,SAC,2596107,4
401469214,SAC,2489716,4
401469214,SAC,3919454,29
401469214,SAC,3923250,4
401469214,SAC,4066262,23
401469214,SAC,4278053,19
401469214,SAC,4702177,4
401469214,SAC,2993370,0
401469214,WSH,3134907,32
401469214,WSH,4278049,14
401469214,WSH,4280151,30
401469214,WSH,3059310,20
401469214,WSH,6580,32
401469214,WSH,3986,15
401469214,WSH,2581184,14
401469214,WSH,4683021,28
401469214,WSH,4065731,6
401469214,WSH,3056247,6
401469214,WSH,3064447,20
401469214,WSH,3129932,6
401469214,WSH,4278402,6
401469214,WSH,4432356,13
401469215,MIA,3449,20
401469215,MIA,6430,33
401469215,MIA,4066261,34
401469215,MIA,3137259,26
401469215,MIA,4395725,36
401469215,MIA,3138160,30
401469215,MIA,3157465,2
401469215,MIA,4291678,7
401469215,MIA,3074213,5
401469215,MIA,2527963,16
401469215,MIA,4065778,31
401469215,MIA,2184,0
401469215,CHI,6478,39
401469215,CHI,3964,24
401469215,CHI,3978,41
401469215,CHI,2991350,10
401469215,CHI,3064440,38
401469215,CHI,3936099,2
401469215,CHI,4431687,33
401469215,CHI,6585,6
401469215,CHI,4395651,27
401469215,CHI,4397002,18
401469215,CHI,4279815,0
401469215,CHI,4433159,0
401469216,GS,6589,30
401469216,GS,3155535,20
401469216,GS,3975,30
401469216,GS,6475,32
401469216,GS,3934673,23
401469216,GS,2327577,10
401469216,GS,4066790,18
401469216,GS,4433247,30
401469216,GS,4277956,30
401469216,GS,4432171,12
401469216,GS,4433246,4
401469216,GS,4591725,0
401469216,MEM,3155526,29
401469216,MEM,4277961,29
401469216,MEM,4277964,32
401469216,MEM,3135046,30
401469216,MEM,4066320,34
401469216,MEM,4585610,3
401469216,MEM,4592691,3
401469216,MEM,4593041,20
401469216,MEM,4593125,18
401469216,MEM,3134932,15
401469216,MEM,3913174,23
401469216,MEM,4432646,3
401469217,BOS,3989,19
401469217,BOS,4065648,39
401469217,BOS,4066218,31
401469217,BOS,3078576,25
401469217,BOS,3917376,35
401469217,BOS,4065804,14
401469217,BOS,2490089,22
401469217,BOS,3064560,26
401469217,BOS,2566769,31
401469217,BOS,3213,0
401469217,BOS,4576085,0
401469217,UTAH,2489663,29
401469217,UTAH,4066336,35
401469217,UTAH,4396991,28
401469217,UTAH,4433136,34
401469217,UTAH,4397018,36
401469217,UTAH,3899664,16
401469217,UTAH,4401416,7
401469217,UTAH,3005,17
401469217,UTAH,3064559,9
401469217,UTAH,2991139,20
401469217,UTAH,4432817,9
401469217,UTAH,3912292,0
401469217,UTAH,4066299,0
401469218,DEN,3064290,30
401469218,DEN,4278104,31
401469218,DEN,3112335,36
401469218,DEN,2581018,34
401469218,DEN,3936299,37
401469218,DEN,3209,18
401469218,DEN,4431690,12
401469218,DEN,6443,5
401469218,DEN,4065670,25
401469218,DEN,4431767,11
401469218,DEN,4230557,0
401469218,DEN,3442,0
401469218,DEN,3934723,0
401469218,DEN,4305,0
401469218,DEN,4576087,0
401469218,BKN,2578185,27
401469218,BKN,3138196,34
401469218,BKN,4278067,31
401469218,BKN,2580782,27
401469218,BKN,3147657,31
401469218,BKN,2583632,27
401469218,BKN,2528794,13
401469218,BKN,3133838,2
401469218,BKN,4432194,8
401469218,BKN,2326307,18
401469218,BKN,4432174,22
401469218,BKN,4397126,0
401469218,BKN,4004,0
401469218,BKN,3136485,0
401469219,PHX,2528693,31
401469219,PHX,6427,20
401469219,PHX,2779,33
401469219,PHX,3136193,36
401469219,PHX,4065663,21
401469219,PHX,3059307,13
401469219,PHX,4423545,7
401469219,PHX,3146557,15
401469219,PHX,3064230,14
401469219,PHX,2595209,13
401469219,PHX,6619,16
401469219,PHX,3914044,20
401469219,PHX,2982334,0
401469219,OKC,4432823,21
401469219,OKC,4278073,35
401469219,OKC,4397020,33
401469219,OKC,4593803,28
401469219,OKC,4871145,33
401469219,OKC,3032978,10
401469219,OKC,4066317,23
401469219,OKC,4432813,5
401469219,OKC,4997526,8
401469219,OKC,4395702,27
401469219,OKC,4397183,12
401469219,OKC,4432819,6
401469219,OKC,4278046,0
401469220,ATL,3908845,28
401469220,ATL,4065732,33
401469220,ATL,3102529,28
401469220,ATL,3907497,39
401469220,ATL,4277905,29
401469220,ATL,4431680,20
401469220,ATL,4432585,20
401469220,ATL,3037789,22
401469220,ATL,4397136,20
401469220,ATL,4277952,0
401469220,ATL,3913180,0
401469220,ATL,3922230,0
401469220,ATL,4578893,0
401469220,SA,4066650,31
401469220,SA,4395723,33
401469220,SA,4565201,26
401469220,SA,4395626,29
401469220,SA,4395630,32
401469220,SA,4278580,19
401469220,SA,4592479,18
401469220,SA,3136779,12
401469220,SA,4397008,21
401469220,SA,4683935,18
401469220,SA,4870562,0
401469220,SA,2534781,0
401469221,MIA,3449,24
401469221,MIA,6430,35
401469221,MIA,4066261,39
401469221,MIA,3137259,23
401469221,MIA,4395725,34
401469221,MIA,3138160,31
401469221,MIA,4291678,1
401469221,MIA,3074213,4
401469221,MIA,3012,25
401469221,MIA,4065778,24
401469221,MIA,2184,0
401469221,MIA,3157465,0
401469221,MIA,4278572,0
401469221,MIA,4997528,0
401469221,MIA,2527963,0
401469221,DET,4277848,30
401469221,DET,4432808,33
401469221,DET,2488826,37
401469221,DET,4433218,38
401469221,DET,4683024,38
401469221,DET,4066410,20
401469221,DET,4395676,7
401469221,DET,4433621,9
401469221,DET,6446,29
401469221,DET,4277957,0
401469221,DET,4397119,0
401469221,DET,4590530,0
401469222,NO,3913176,39
401469222,NO,4277813,33
401469222,NO,4397688,38
401469222,NO,6477,33
401469222,NO,2490149,39
401469222,NO,2580365,12
401469222,NO,4278594,17
401469222,NO,4397077,2
401469222,NO,2581190,17
401469222,NO,4869342,9
401469222,NO,2999409,0
401469222,NO,4023,0
401469222,NO,4395698,0
401469222,HOU,4431828,28
401469222,HOU,4432639,38
401469222,HOU,4871144,31
401469222,HOU,4397140,40
401469222,HOU,4437244,39
401469222,HOU,4871143,11
401469222,HOU,3136777,22
401469222,HOU,4433192,22
401469222,HOU,4432168,8
401469222,HOU,2579294,0
401469222,HOU,4376,0
401469222,HOU,4432176,0
401469223,TOR,3149673,38
401469223,TOR,3934719,37
401469223,TOR,4433134,13
401469223,TOR,3134908,31
401469223,TOR,2991230,38
401469223,TOR,3948153,16
401469223,TOR,4431679,20
401469223,TOR,6579,13
401469223,TOR,4277843,33
401469223,TOR,3244,0
401469223,TOR,4431778,0
401469223,TOR,4066668,0
401469223,MIL,6609,32
401469223,MIL,3032977,36
401469223,MIL,3448,32
401469223,MIL,3995,30
401469223,MIL,3135045,26
401469223,MIL,2968436,21
401469223,MIL,3064482,24
401469223,MIL,2578239,18
401469223,MIL,3133635,20
401469223,MIL,4432179,0
401469223,MIL,6605,0
401469223,MIL,4032,0
401469223,MIL,4277887,0
401469224,LAC,4251,35
401469224,LAC,6450,40
401469224,LAC,6462,24
401469224,LAC,4017837,34
401469224,LAC,3468,34
401469224,LAC,3416,16
401469224,LAC,2488653,14
401469224,LAC,3431,28
401469224,LAC,3907823,16
401469224,LAC,2490620,0
401469224,LAC,4433249,0
401469224,LAC,4066387,0
401469224,LAC,4592492,0
401469224,POR,4395627,19
401469224,POR,3102530,27
401469224,POR,6606,39
401469224,POR,3907498,23
401469224,POR,4351851,33
401469224,POR,3914285,21
401469224,POR,4431675,29
401469224,POR,4395652,25
401469224,POR,4914336,24
401469224,POR,4278075,0
401469224,POR,4432446,0
401469224,POR,4432588,0
401469224,POR,2991047,0
401469224,POR,4432192,0
401469225,ORL,4432573,36
401469225,ORL,4566434,37
401469225,ORL,4277847,33
401469225,ORL,2999547,22
401469225,ORL,4066636,34
401469225,ORL,4433623,14
401469225,ORL,4348700,15
401469225,ORL,4397102,6
401469225,ORL,4067858,16
401469225,ORL,4432809,28
401469225,ORL,4278052,0
401469225,ORL,3918423,0
401469225,ORL,3150844,0
401469225,ORL,2596108,0
401469225,LAL,6583,34
401469225,LAL,4278077,23
401469225,LAL,4278508,29
401469225,LAL,3907822,26
401469225,LAL,3136776,33
401469225,LAL,4066264,20
401469225,LAL,4066648,19
401469225,LAL,3032979,24
401469225,LAL,4066457,30
401469225,LAL,3059262,0
401469225,LAL,4277890,0
401469225,LAL,4432582,0
401469226,IND,3133628,28
401469226,IND,2990984,32
401469226,IND,4395712,29
401469226,IND,4396909,17
401469226,IND,4683634,30
401469226,IND,4397189,20
401469226,IND,4432170,20
401469226,IND,4277883,21
401469226,IND,4278031,21
401469226,IND,2530530,23
401469226,IND,3999,0
401469226,IND,2451037,0
401469226,IND,3438,0
401469226,CHA,4278078,36
401469226,CHA,4249,34
401469226,CHA,4278076,26
401469226,CHA,3074752,37
401469226,CHA,3133603,33
401469226,CHA,4431699,16
401469226,CHA,4702233,12
401469226,CHA,4065697,26
401469226,CHA,3133602,15
401469226,CHA,4576086,5
401469226,CHA,4701232,0
401469227,CHI,4431687,32
401469227,CHI,6478,46
401469227,CHI,3964,40
401469227,CHI,3978,46
401469227,CHI,3064440,47
401469227,CHI,3936099,17
401469227,CHI,6585,7
401469227,CHI,2596112,9
401469227,CHI,4395651,27
401469227,CHI,4397002,20
401469227,CHI,4433159,0
401469227,PHI,6440,47
401469227,PHI,2991155,23
401469227,PHI,3059318,44
401469227,PHI,3992,47
401469227,PHI,4431678,46
401469227,PHI,2990969,12
401469227,PHI,4066731,9
401469227,PHI,4278562,14
401469227,PHI,3915195,10
401469227,PHI,4066436,39
401469227,PHI,2580913,0
401469227,PHI,2991055,0
401469227,PHI,3929325,0
401469227,PHI,4432164,0
401469228,MIN,2990962,32
401469228,MIN,2993874,34
401469228,MIN,4431671,26
401469228,MIN,3032976,37
401469228,MIN,3195,32
401469228,MIN,4396971,20
401469228,MIN,6617,3
401469228,MIN,3134916,16
401469228,MIN,4278039,19
401469228,MIN,4278541,20
401469228,MIN,4067325,0
401469228,MIN,4592187,0
401469228,MIN,4687718,0
401469228,NY,3064514,37
401469228,NY,4395625,27
401469228,NY,4351852,28
401469228,NY,3934672,37
401469228,NY,4397014,21
401469228,NY,4278355,11
401469228,NY,4222252,20
401469228,NY,3062679,31
401469228,NY,4395724,28
401469228,NY,4277922,0
401469228,NY,3456,0
401469228,NY,6588,0
401469228,NY,3913220,0
401469228,NY,4431823,0
401469229,GS,6589,34
401469229,GS,3155535,24
401469229,GS,3975,36
401469229,GS,6475,37
401469229,GS,3934673,19
401469229,GS,2327577,13
401469229,GS,4066790,17
401469229,GS,4433247,26
401469229,GS,4277956,26
401469229,GS,4432171,8
401469229,GS,4591725,0
401469229,HOU,4431828,33
401469229,HOU,4432639,39
401469229,HOU,4433192,31
401469229,HOU,4397140,38
401469229,HOU,4437244,41
401469229,HOU,4871143,19
401469229,HOU,4432168,22
401469229,HOU,4432176,17
401469229,HOU,2579294,0
401469229,HOU,4376,0
401469229,HOU,4683749,0
401469230,DAL,2531367,12
401469230,DAL,2960236,33
401469230,DAL,2528779,31
401469230,DAL,6442,33
401469230,DAL,4432811,34
401469230,DAL,3058254,29
401469230,DAL,6426,15
401469230,DAL,4230547,7
401469230,DAL,2528210,25
401469230,DAL,4868423,19
401469230,DAL,2284101,0
401469230,DAL,3452,0
401469230,DAL,4278507,0
401469230,DAL,3138154,0
401469230,MEM,3155526,30
401469230,MEM,4277961,23
401469230,MEM,4277964,26
401469230,MEM,3135046,35
401469230,MEM,4066320,35
401469230,MEM,4593041,20
401469230,MEM,4593125,28
401469230,MEM,3134932,18
401469230,MEM,3913174,25
401469230,MEM,4585610,0
401469230,MEM,4592691,0
401469230,MEM,4432646,0
401469231,SAC,6578,30
401469231,SAC,3155942,38
401469231,SAC,4397693,19
401469231,SAC,4594327,32
401469231,SAC,4066259,36
401469231,SAC,3914283,10
401469231,SAC,3136196,26
401469231,SAC,2489716,3
401469231,SAC,3919454,5
401469231,SAC,4066262,24
401469231,SAC,4278053,14
401469231,SAC,4702177,4
401469231,SAC,2993370,0
401469231,SAC,2596107,0
401469231,SAC,3923250,0
401469231,UTAH,2489663,31
401469231,UTAH,3899664,33
401469231,UTAH,4396991,21
401469231,UTAH,4433136,30
401469231,UTAH,4397018,33
401469231,UTAH,4401416,15
401469231,UTAH,3005,17
401469231,UTAH,4066299,18
401469231,UTAH,2991139,31
401469231,UTAH,4432817,12
401469231,UTAH,3912292,0
401469231,UTAH,3064559,0
401469231,UTAH,4066399,0
401469232,WSH,4278049,24
401469232,WSH,4280151,36
401469232,WSH,3102531,38
401469232,WSH,3059310,32
401469232,WSH,6580,31
401469232,WSH,2581184,1
401469232,WSH,4683021,34
401469232,WSH,3056247,5
401469232,WSH,3064447,16
401469232,WSH,4278402,19
401469232,WSH,4432356,4
401469232,WSH,3986,0
401469232,WSH,3129932,0
401469232,ORL,4432573,37
401469232,ORL,4566434,39
401469232,ORL,4277847,34
401469232,ORL,2999547,24
401469232,ORL,4066636,31
401469232,ORL,4433623,14
401469232,ORL,3150844,14
401469232,ORL,4067858,16
401469232,ORL,4432809,30
401469232,ORL,4278052,0
401469232,ORL,3918423,0
401469232,ORL,4348700,0
401469232,ORL,4397102,0
401469232,ORL,2596108,0
401469233,DET,4277848,41
401469233,DET,4432808,19
401469233,DET,2488826,27
401469233,DET,4433218,30
401469233,DET,4683024,34
401469233,DET,4066410,24
401469233,DET,4395676,3
401469233,DET,6446,25
401469233,DET,4397119,15
401469233,DET,4590530,21
401469233,DET,4277957,0
401469233,DET,4433621,0
401469233,ATL,3908845,27
401469233,ATL,4065732,28
401469233,ATL,3102529,25
401469233,ATL,3037789,27
401469233,ATL,4277905,30
401469233,ATL,4277952,3
401469233,ATL,4431680,20
401469233,ATL,4432585,18
401469233,ATL,3913180,18
401469233,ATL,3922230,18
401469233,ATL,4065656,2
401469233,ATL,4397136,20
401469233,ATL,4578893,3
401469234,CLE,4432822,20
401469234,CLE,4066328,35
401469234,CLE,4432158,36
401469234,CLE,3908809,37
401469234,CLE,4396907,32
401469234,CLE,4066405,6
401469234,CLE,3893016,23
401469234,CLE,4011,19
401469234,CLE,2991043,31
401469234,CLE,3988,0
401469234,CLE,3912848,0
401469234,CLE,3947156,0
401469234,CLE,3447,0
401469234,CLE,2968361,0
401469234,BKN,2578185,18
401469234,BKN,3138196,34
401469234,BKN,4278067,28
401469234,BKN,2580782,38
401469234,BKN,3147657,37
401469234,BKN,2583632,25
401469234,BKN,2528794,19
401469234,BKN,3133838,11
401469234,BKN,4432194,20
401469234,BKN,2326307,10
401469234,BKN,4397126,0
401469234,BKN,4004,0
401469234,BKN,3136485,0
401469234,BKN,4432174,0
401469235,SA,4278580,25
401469235,SA,4565201,27
401469235,SA,3136779,18
401469235,SA,4397008,21
401469235,SA,4395626,32
401469235,SA,2528588,20
401469235,SA,4592479,18
401469235,SA,4870562,19
401469235,SA,2534781,16
401469235,SA,3133601,24
401469235,SA,4683935,19
401469235,SA,4395723,0
401469235,NO,3913176,31
401469235,NO,4277813,25
401469235,NO,4397688,31
401469235,NO,6477,28
401469235,NO,2490149,30
401469235,NO,2580365,15
401469235,NO,4278594,19
401469235,NO,2999409,5
401469235,NO,4397077,5
401469235,NO,2581190,25
401469235,NO,4023,5
401469235,NO,4395698,4
401469235,NO,4869342,18
401469236,BOS,4065648,35
401469236,BOS,3213,27
401469236,BOS,2990992,33
401469236,BOS,3078576,38
401469236,BOS,3917376,34
401469236,BOS,4065804,3
401469236,BOS,4066218,22
401469236,BOS,2490089,3
401469236,BOS,3064560,3
401469236,BOS,4066211,21
401469236,BOS,2566769,22
401469236,BOS,3989,0
401469236,SAC,6578,25
401469236,SAC,3155942,37
401469236,SAC,4397693,20
401469236,SAC,4594327,39
401469236,SAC,4066259,29
401469236,SAC,3914283,5
401469236,SAC,2993370,5
401469236,SAC,3136196,10
401469236,SAC,2489716,3
401469236,SAC,3919454,21
401469236,SAC,3923250,5
401469236,SAC,4066262,17
401469236,SAC,4278053,19
401469236,SAC,4702177,5
401469236,SAC,2596107,0
401469237,OKC,4432823,11
401469237,OKC,4278073,36
401469237,OKC,4397020,38
401469237,OKC,4593803,37
401469237,OKC,4871145,31
401469237,OKC,4066317,12
401469237,OKC,4278046,19
401469237,OKC,4997526,8
401469237,OKC,4395702,27
401469237,OKC,4397183,20
401469237,OKC,3032978,0
401469237,OKC,4432813,0
401469237,OKC,4432819,0
401469237,LAC,4251,35
401469237,LAC,6450,38
401469237,LAC,6462,30
401469237,LAC,4017837,19
401469237,LAC,3468,26
401469237,LAC,2490620,7
401469237,LAC,3416,24
401469237,LAC,2488653,21
401469237,LAC,3431,28
401469237,LAC,3907823,11
401469237,LAC,4066387,0
401469237,LAC,4592492,0
401469238,DEN,3064290,31
401469238,DEN,4278104,31
401469238,DEN,3112335,34
401469238,DEN,2581018,29
401469238,DEN,3936299,33
401469238,DEN,3209,15
401469238,DEN,4431690,12
401469238,DEN,4230557,3
401469238,DEN,3934723,3
401469238,DEN,4305,3
401469238,DEN,4065670,29
401469238,DEN,4431767,16
401469238,DEN,4576087,3
401469238,DEN,3442,0
401469238,DEN,6443,0
401469238,WSH,4278049,29
401469238,WSH,4280151,31
401469238,WSH,4683021,32
401469238,WSH,3102531,22
401469238,WSH,3059310,24
401469238,WSH,3986,11
401469238,WSH,2581184,10
401469238,WSH,4065731,4
401469238,WSH,3056247,8
401469238,WSH,3064447,21
401469238,WSH,3129932,4
401469238,WSH,4278402,18
401469238,WSH,4432356,23
401469238,WSH,4592829,4
401469239,NY,3064514,36
401469239,NY,4395625,36
401469239,NY,4351852,25
401469239,NY,3934672,37
401469239,NY,4397014,26
401469239,NY,4278355,12
401469239,NY,4222252,19
401469239,NY,3062679,30
401469239,NY,4395724,19
401469239,NY,4431823,0
401469239,NY,4277922,0
401469239,NY,3456,0
401469239,NY,6588,0
401469239,NY,3913220,0
401469239,MIA,3449,23
401469239,MIA,6430,37
401469239,MIA,4066261,40
401469239,MIA,3137259,25
401469239,MIA,4395725,32
401469239,MIA,3138160,23
401469239,MIA,4291678,4
401469239,MIA,3012,24
401469239,MIA,4065778,33
401469239,MIA,2184,0
401469239,MIA,3157465,0
401469239,MIA,4278572,0
401469239,MIA,4997528,0
401469239,MIA,3074213,0
401469239,MIA,2527963,0
401469240,IND,4278031,23
401469240,IND,3133628,29
401469240,IND,2990984,31
401469240,IND,4395712,35
401469240,IND,4683634,28
401469240,IND,4397189,10
401469240,IND,4432170,16
401469240,IND,4277883,18
401469240,IND,2530530,22
401469240,IND,4396909,26
401469240,IND,3999,0
401469240,IND,2451037,0
401469240,IND,3438,0
401469240,TOR,3149673,40
401469240,TOR,3934719,37
401469240,TOR,3134908,36
401469240,TOR,6579,23
401469240,TOR,2991230,43
401469240,TOR,3948153,28
401469240,TOR,4431778,10
401469240,TOR,4066668,18
401469240,TOR,4066786,6
401469240,TOR,3244,0
401469240,TOR,4431679,0
401469240,TOR,4433134,0
401469240,TOR,4397033,0
401469240,TOR,4277843,0
401469240,TOR,4397251,0
401469241,GS,6589,25
401469241,GS,3155535,28
401469241,GS,3975,35
401469241,GS,6475,35
401469241,GS,3934673,24
401469241,GS,2327577,9
401469241,GS,4066790,21
401469241,GS,4433247,31
401469241,GS,4277956,26
401469241,GS,4432171,7
401469241,GS,4591725,0
401469241,DAL,2531367,19
401469241,DAL,2960236,29
401469241,DAL,2528779,39
401469241,DAL,3945274,41
401469241,DAL,4432811,36
401469241,DAL,2284101,23
401469241,DAL,3058254,25
401469241,DAL,6426,4
401469241,DAL,4868423,25
401469241,DAL,6461,0
401469241,DAL,3452,0
401469241,DAL,4230547,0
401469241,DAL,4278507,0
401469241,DAL,3138154,0
401469242,PHI,3033,24
401469242,PHI,6440,34
401469242,PHI,3059318,16
401469242,PHI,4066436,33
401469242,PHI,4431678,38
401469242,PHI,2990969,19
401469242,PHI,4278562,19
401469242,PHI,2991155,20
401469242,PHI,2580913,10
401469242,PHI,2991055,3
401469242,PHI,3915195,18
401469242,PHI,3929325,3
401469242,PHI,4432164,3
401469242,CHI,4431687,21
401469242,CHI,6478,25
401469242,CHI,3964,19
401469242,CHI,3978,21
401469242,CHI,3064440,35
401469242,CHI,3936099,19
401469242,CHI,6585,17
401469242,CHI,2596112,6
401469242,CHI,4395651,33
401469242,CHI,4397002,32
401469242,CHI,4433159,14
401469243,HOU,4431828,39
401469243,HOU,4432639,31
401469243,HOU,4871144,32
401469243,HOU,4397140,34
401469243,HOU,4437244,37
401469243,HOU,4871143,15
401469243,HOU,4433192,27
401469243,HOU,4432168,10
401469243,HOU,4432176,14
401469243,HOU,2579294,0
401469243,HOU,4376,0
401469243,MEM,4277961,35
401469243,MEM,4277964,19
401469243,MEM,4593041,25
401469243,MEM,3135046,27
401469243,MEM,4066320,35
401469243,MEM,4585610,14
401469243,MEM,4593125,21
401469243,MEM,3134932,15
401469243,MEM,3913174,25
401469243,MEM,4279888,24
401469243,MEM,3155526,0
401469243,MEM,4592691,0
401469243,MEM,4432646,0
401469244,SA,4066650,23
401469244,SA,4565201,25
401469244,SA,4610139,23
401469244,SA,3136779,27
401469244,SA,4395630,30
401469244,SA,4278580,28
401469244,SA,4592479,28
401469244,SA,4870562,12
401469244,SA,2534781,19
401469244,SA,4683935,28
401469244,SA,4395723,0
401469244,SA,4395626,0
401469244,MIL,6609,29
401469244,MIL,3032977,24
401469244,MIL,3448,25
401469244,MIL,3995,23
401469244,MIL,3135045,19
401469244,MIL,2968436,22
401469244,MIL,3064482,25
401469244,MIL,4432179,6
401469244,MIL,4032,12
401469244,MIL,2578239,27
401469244,MIL,3133635,21
401469244,MIL,4277887,6
401469244,MIL,3102533,0
401469245,ATL,3908845,33
401469245,ATL,4065732,32
401469245,ATL,3102529,29
401469245,ATL,3037789,31
401469245,ATL,4277905,32
401469245,ATL,4431680,19
401469245,ATL,4432585,18
401469245,ATL,3913180,12
401469245,ATL,3922230,16
401469245,ATL,4397136,19
401469245,ATL,4277952,0
401469245,ATL,4065656,0
401469245,ATL,4578893,0
401469245,MIN,2993874,36
401469245,MIN,4431671,36
401469245,MIN,3032976,33
401469245,MIN,3136195,26
401469245,MIN,3195,30
401469245,MIN,2990962,28
401469245,MIN,4396971,26
401469245,MIN,4278039,17
401469245,MIN,4278541,8
401469245,MIN,4067325,0
401469245,MIN,4592187,0
401469245,MIN,4687718,0
401469245,MIN,6617,0
401469245,MIN,4594268,0
401469246,POR,4431675,35
401469246,POR,3102530,31
401469246,POR,6606,34
401469246,POR,3907498,28
401469246,POR,4914336,40
401469246,POR,3914285,6
401469246,POR,4278075,25
401469246,POR,4432588,2
401469246,POR,4395627,21
401469246,POR,2991047,20
401469246,POR,4432446,0
401469246,POR,4432192,0
401469246,UTAH,2489663,31
401469246,UTAH,4066336,33
401469246,UTAH,4396991,25
401469246,UTAH,4433136,24
401469246,UTAH,4397018,32
401469246,UTAH,3912292,2
401469246,UTAH,3899664,20
401469246,UTAH,4401416,12
401469246,UTAH,3005,10
401469246,UTAH,3064559,2
401469246,UTAH,4066299,14
401469246,UTAH,2991139,23
401469246,UTAH,4432817,13
401469247,PHX,2528693,27
401469247,PHX,6427,26
401469247,PHX,2779,30
401469247,PHX,3136193,41
401469247,PHX,4065663,20
401469247,PHX,4423545,2
401469247,PHX,2982334,20
401469247,PHX,3146557,21
401469247,PHX,3064230,14
401469247,PHX,6619,12
401469247,PHX,3914044,29
401469247,PHX,3059307,0
401469247,PHX,2595209,0
401469247,LAL,6583,38
401469247,LAL,4278077,26
401469247,LAL,4278508,25
401469247,LAL,3136776,34
401469247,LAL,4066457,39
401469247,LAL,4066264,16
401469247,LAL,4066648,13
401469247,LAL,3907822,20
401469247,LAL,3032979,29
401469247,LAL,3059262,0
401469247,LAL,4277890,0
401469247,LAL,4432582,0
401469248,NY,3064514,36
401469248,NY,4395625,30
401469248,NY,4351852,31
401469248,NY,4395724,42
401469248,NY,4397014,38
401469248,NY,4278355,12
401469248,NY,4222252,16
401469248,NY,3062679,29
401469248,NY,4431823,6
401469248,NY,4277922,0
401469248,NY,3456,0
401469248,NY,6588,0
401469248,NY,3913220,0
401469248,NY,3934672,0
401469248,ORL,4432573,34
401469248,ORL,4566434,32
401469248,ORL,4277847,31
401469248,ORL,2999547,27
401469248,ORL,4066636,34
401469248,ORL,4433623,25
401469248,ORL,3150844,17
401469248,ORL,4348700,14
401469248,ORL,4432809,26
401469248,ORL,4278052,0
401469248,ORL,3918423,0
401469248,ORL,4397102,0
401469248,ORL,2596108,0
401469248,ORL,4067858,0
401469249,CLE,4432822,30
401469249,CLE,4066328,30
401469249,CLE,4432158,40
401469249,CLE,3908809,34
401469249,CLE,4396907,39
401469249,CLE,4066405,4
401469249,CLE,3893016,22
401469249,CLE,4011,20
401469249,CLE,2991043,22
401469249,CLE,3988,0
401469249,CLE,3912848,0
401469249,CLE,3947156,0
401469249,CLE,3447,0
401469249,BKN,2578185,22
401469249,BKN,3138196,22
401469249,BKN,4278067,34
401469249,BKN,2580782,42
401469249,BKN,3147657,34
401469249,BKN,2583632,30
401469249,BKN,2528794,23
401469249,BKN,3133838,13
401469249,BKN,4432194,14
401469249,BKN,2326307,6
401469249,BKN,4397126,0
401469249,BKN,4004,0
401469249,BKN,3136485,0
401469249,BKN,4432174,0
401469250,CHA,4278078,35
401469250,CHA,4249,31
401469250,CHA,4278076,30
401469250,CHA,3074752,10
401469250,CHA,3133603,12
401469250,CHA,4431699,20
401469250,CHA,4702233,27
401469250,CHA,4065697,22
401469250,CHA,3133602,30
401469250,CHA,4576086,25
401469250,CHA,4701232,0
401469250,NO,3913176,34
401469250,NO,4277813,29
401469250,NO,4397688,33
401469250,NO,6477,34
401469250,NO,2490149,36
401469250,NO,2580365,12
401469250,NO,4278594,21
401469250,NO,2999409,2
401469250,NO,4397077,2
401469250,NO,2581190,20
401469250,NO,4023,2
401469250,NO,4395698,2
401469250,NO,4869342,12
401469251,OKC,4432823,26
401469251,OKC,4278073,27
401469251,OKC,4397020,30
401469251,OKC,4593803,32
401469251,OKC,4871145,26
401469251,OKC,3032978,3
401469251,OKC,4066317,22
401469251,OKC,4278046,8
401469251,OKC,4432813,11
401469251,OKC,4997526,16
401469251,OKC,4395702,17
401469251,OKC,4397183,13
401469251,OKC,4432819,9
401469251,LAC,6450,35
401469251,LAC,6462,25
401469251,LAC,4017837,24
401469251,LAC,3431,22
401469251,LAC,3468,30
401469251,LAC,2490620,5
401469251,LAC,3416,19
401469251,LAC,2488653,24
401469251,LAC,3907823,27
401469251,LAC,4066387,5
401469251,LAC,4592492,26
401469252,IND,3133628,24
401469252,IND,4395712,24
401469252,IND,4396909,20
401469252,IND,4396993,29
401469252,IND,4683634,25
401469252,IND,3999,7
401469252,IND,4397189,7
401469252,IND,4432170,22
401469252,IND,4277883,18
401469252,IND,4278031,7
401469252,IND,3438,7
401469252,IND,2530530,23
401469252,IND,2990984,26
401469252,IND,2451037,0
401469252,BOS,4065648,32
401469252,BOS,3213,29
401469252,BOS,2990992,27
401469252,BOS,3078576,38
401469252,BOS,3917376,33
401469252,BOS,4065804,24
401469252,BOS,4066218,29
401469252,BOS,2490089,5
401469252,BOS,3064560,6
401469252,BOS,4066211,16
401469252,BOS,4576085,2
401469252,BOS,3989,0
401469252,BOS,4065660,0
401469252,BOS,2566769,0
401469253,SA,4278580,28
401469253,SA,4395723,31
401469253,SA,4565201,29
401469253,SA,3136779,28
401469253,SA,4395626,29
401469253,SA,2528588,18
401469253,SA,4592479,18
401469253,SA,4870562,20
401469253,SA,3133601,21
401469253,SA,4683935,18
401469253,SA,4066650,0
401469253,SA,2534781,0
401469253,SA,4395630,0
401469253,WSH,4278049,31
401469253,WSH,4280151,36
401469253,WSH,4683021,34
401469253,WSH,3102531,28
401469253,WSH,3059310,19
401469253,WSH,2581184,18
401469253,WSH,3064447,29
401469253,WSH,4278402,31
401469253,WSH,4432356,15
401469253,WSH,3986,0
401469253,WSH,4065731,0
401469253,WSH,3056247,0
401469253,WSH,3129932,0
401469253,WSH,4592829,0
401469254,DET,4277848,30
401469254,DET,4277957,30
401469254,DET,4432808,23
401469254,DET,4433218,41
401469254,DET,4683024,28
401469254,DET,4066410,33
401469254,DET,4433621,25
401469254,DET,4397119,8
401469254,DET,4590530,21
401469254,DET,6446,0
401469254,DET,2488826,0
401469254,DET,4080610,0
401469254,TOR,3149673,38
401469254,TOR,3934719,25
401469254,TOR,3134908,28
401469254,TOR,6579,24
401469254,TOR,2991230,29
401469254,TOR,3948153,29
401469254,TOR,4431778,20
401469254,TOR,4066668,17
401469254,TOR,4066786,29
401469254,TOR,3244,0
401469254,TOR,4431679,0
401469255,HOU,4431828,30
401469255,HOU,4432639,29
401469255,HOU,4871144,25
401469255,HOU,4397140,29
401469255,HOU,4437244,30
401469255,HOU,4871143,19
401469255,HOU,4433192,29
401469255,HOU,4376,10
401469255,HOU,4432168,16
401469255,HOU,4432176,20
401469255,HOU,3136777,0
401469255,MEM,3155526,18
401469255,MEM,4277961,26
401469255,MEM,4277964,21
401469255,MEM,3135046,23
401469255,MEM,4066320,20
401469255,MEM,4585610,10
401469255,MEM,4593041,24
401469255,MEM,4593125,26
401469255,MEM,3134932,18
401469255,MEM,3913174,24
401469255,MEM,4279888,19
401469255,MEM,4432646,10
401469256,CHA,4278078,30
401469256,CHA,4249,32
401469256,CHA,4278076,27
401469256,CHA,4065697,30
401469256,CHA,3133602,37
401469256,CHA,4702233,18
401469256,CHA,4701232,21
401469256,CHA,4683027,21
401469256,CHA,4431712,1
401469256,CHA,4576086,23
401469256,CHA,4431699,0
401469256,CHA,3074752,0
401469256,DAL,2531367,21
401469256,DAL,2960236,20
401469256,DAL,2528779,34
401469256,DAL,6442,38
401469256,DAL,3945274,37
401469256,DAL,2284101,1
401469256,DAL,3058254,26
401469256,DAL,4230547,22
401469256,DAL,4432811,21
401469256,DAL,4868423,20
401469256,DAL,6461,0
401469256,DAL,6426,0
401469256,DAL,3452,0
401469256,DAL,4278507,0
401469256,DAL,3138154,0
401469257,MIL,3032977,25
401469257,MIL,3448,26
401469257,MIL,3995,25
401469257,MIL,2578239,29
401469257,MIL,3135045,22
401469257,MIL,2968436,22
401469257,MIL,3064482,22
401469257,MIL,3102533,12
401469257,MIL,4432179,10
401469257,MIL,4032,23
401469257,MIL,3133635,16
401469257,MIL,4277887,8
401469257,UTAH,2489663,22
401469257,UTAH,3899664,25
401469257,UTAH,4396991,26
401469257,UTAH,4433136,17
401469257,UTAH,4397018,25
401469257,UTAH,3912292,12
401469257,UTAH,4401416,17
401469257,UTAH,3064559,17
401469257,UTAH,4066299,21
401469257,UTAH,4066399,10
401469257,UTAH,2991139,27
401469257,UTAH,4432817,20
401469258,PHI,3033,25
401469258,PHI,6440,38
401469258,PHI,3059318,38
401469258,PHI,4066436,36
401469258,PHI,4431678,39
401469258,PHI,2990969,29
401469258,PHI,4278562,6
401469258,PHI,3915195,23
401469258,PHI,3929325,5
401469258,PHI,4432164,0
401469258,PHI,2991155,0
401469258,PHI,2580913,0
401469258,PHI,2991055,0
401469258,GS,6589,35
401469258,GS,3155535,30
401469258,GS,3975,38
401469258,GS,6475,36
401469258,GS,3934673,19
401469258,GS,2327577,14
401469258,GS,4066790,12
401469258,GS,4433247,16
401469258,GS,4277956,32
401469258,GS,4432171,8
401469258,GS,4431720,0
401469259,CHI,4431687,27
401469259,CHI,6478,30
401469259,CHI,3964,24
401469259,CHI,2991350,16
401469259,CHI,3064440,30
401469259,CHI,3936099,26
401469259,CHI,6585,13
401469259,CHI,4395651,32
401469259,CHI,4397002,24
401469259,CHI,4433159,18
401469259,CHI,2596112,0
401469259,POR,3914285,25
401469259,POR,4431675,28
401469259,POR,2991047,22
401469259,POR,3907498,14
401469259,POR,4914336,38
401469259,POR,4278075,17
401469259,POR,4432446,23
401469259,POR,4432588,8
401469259,POR,4395627,22
401469259,POR,4395652,17
401469259,POR,4432192,26
401469260,PHX,2528693,26
401469260,PHX,6427,17
401469260,PHX,2779,32
401469260,PHX,3136193,33
401469260,PHX,4065663,21
401469260,PHX,2982334,29
401469260,PHX,3146557,25
401469260,PHX,3064230,16
401469260,PHX,6619,27
401469260,PHX,3914044,16
401469260,PHX,3059307,0
401469260,PHX,4423545,0
401469260,PHX,2595209,0
401469260,SAC,6578,35
401469260,SAC,3155942,38
401469260,SAC,4594327,28
401469260,SAC,4066259,21
401469260,SAC,4066372,32
401469260,SAC,3914283,10
401469260,SAC,3136196,15
401469260,SAC,4397693,11
401469260,SAC,3919454,4
401469260,SAC,4066262,19
401469260,SAC,4278053,27
401469260,SAC,2993370,0
401469260,SAC,2596107,0
401469260,SAC,2489716,0
401469260,SAC,3923250,0
401469261,OKC,4432823,27
401469261,OKC,4278073,36
401469261,OKC,4397020,31
401469261,OKC,4593803,38
401469261,OKC,4871145,39
401469261,OKC,4066317,18
401469261,OKC,4432813,17
401469261,OKC,4997526,2
401469261,OKC,4395702,20
401469261,OKC,4397183,12
401469261,OKC,3032978,0
401469261,OKC,4278046,0
401469261,OKC,4683018,0
401469261,OKC,4432819,0
401469261,LAL,6583,36
401469261,LAL,4278077,28
401469261,LAL,4278508,27
401469261,LAL,3032979,37
401469261,LAL,4066457,38
401469261,LAL,4066264,18
401469261,LAL,4066648,14
401469261,LAL,3907822,18
401469261,LAL,4277890,24
401469261,LAL,3059262,0
401469261,LAL,3136776,0
401469261,LAL,4432582,0
401469262,IND,4432170,23
401469262,IND,4395712,27
401469262,IND,4396909,22
401469262,IND,4396993,32
401469262,IND,4683634,24
401469262,IND,4397189,25
401469262,IND,4277883,34
401469262,IND,4592402,5
401469262,IND,2530530,19
401469262,IND,2990984,29
401469262,IND,3999,0
401469262,IND,4278031,0
401469262,IND,2451037,0
401469262,IND,3438,0
401469262,ATL,3908845,32
401469262,ATL,3102529,30
401469262,ATL,3037789,32
401469262,ATL,3907497,34
401469262,ATL,4277905,21
401469262,ATL,4431680,18
401469262,ATL,4432585,23
401469262,ATL,3913180,14
401469262,ATL,3922230,12
401469262,ATL,4397136,25
401469262,ATL,4065732,0
401469262,ATL,4277952,0
401469262,ATL,4065656,0
401469262,ATL,4578893,0
401469263,BKN,2578185,25
401469263,BKN,3138196,25
401469263,BKN,4278067,34
401469263,BKN,2580782,36
401469263,BKN,3147657,38
401469263,BKN,2583632,27
401469263,BKN,2528794,15
401469263,BKN,3133838,6
401469263,BKN,4432194,14
401469263,BKN,3136485,15
401469263,BKN,4066993,4
401469263,BKN,4397107,3
401469263,BKN,4397126,0
401469263,BKN,4004,0
401469263,BKN,4432174,0
401469263,MIA,3449,19
401469263,MIA,6430,33
401469263,MIA,4066261,35
401469263,MIA,3137259,22
401469263,MIA,4395725,33
401469263,MIA,3138160,26
401469263,MIA,3157465,4
401469263,MIA,4291678,9
401469263,MIA,3074213,4
401469263,MIA,3012,22
401469263,MIA,4065778,34
401469263,MIA,2184,0
401469263,MIA,2527963,0
401469264,MIL,6609,29
401469264,MIL,3032977,32
401469264,MIL,3448,19
401469264,MIL,3995,30
401469264,MIL,3135045,25
401469264,MIL,2968436,19
401469264,MIL,3064482,25
401469264,MIL,3102533,3
401469264,MIL,4432179,6
401469264,MIL,4032,11
401469264,MIL,2578239,24
401469264,MIL,3133635,18
401469264,DEN,3064290,25
401469264,DEN,4278104,28
401469264,DEN,3112335,32
401469264,DEN,2581018,28
401469264,DEN,3936299,33
401469264,DEN,3209,20
401469264,DEN,4431690,13
401469264,DEN,4230557,3
401469264,DEN,3934723,3
401469264,DEN,4305,3
401469264,DEN,4065670,29
401469264,DEN,4431767,20
401469264,DEN,4576087,3
401469264,DEN,3442,0
401469264,DEN,6443,0
401469265,PHI,3033,28
401469265,PHI,6440,34
401469265,PHI,3059318,32
401469265,PHI,4066436,24
401469265,PHI,4431678,36
401469265,PHI,2990969,24
401469265,PHI,4066731,14
401469265,PHI,4278562,6
401469265,PHI,2580913,9
401469265,PHI,3915195,24
401469265,PHI,3929325,4
401469265,PHI,4432164,4
401469265,PHI,2991155,0
401469265,PHI,2991055,0
401469265,PHX,2528693,19
401469265,PHX,6427,29
401469265,PHX,2779,26
401469265,PHX,3136193,32
401469265,PHX,4065663,25
401469265,PHX,3059307,9
401469265,PHX,4423545,2
401469265,PHX,2982334,27
401469265,PHX,3146557,14
401469265,PHX,3064230,22
401469265,PHX,6619,23
401469265,PHX,3914044,13
401469265,PHX,2595209,0
401469266,UTAH,2489663,32
401469266,UTAH,3899664,29
401469266,UTAH,4396991,28
401469266,UTAH,4433136,34
401469266,UTAH,4397018,36
401469266,UTAH,3912292,16
401469266,UTAH,4401416,12
401469266,UTAH,3064559,7
401469266,UTAH,4066299,10
401469266,UTAH,2991139,26
401469266,UTAH,4432817,10
401469266,UTAH,4066399,0
401469266,SAC,6578,35
401469266,SAC,3155942,38
401469266,SAC,4594327,37
401469266,SAC,4066372,38
401469266,SAC,4278053,29
401469266,SAC,3914283,3
401469266,SAC,2993370,4
401469266,SAC,3136196,15
401469266,SAC,4397693,13
401469266,SAC,2489716,19
401469266,SAC,4066262,10
401469266,SAC,2596107,0
401469266,SAC,3919454,0
401469266,SAC,3923250,0
401469266,SAC,4702177,0
401469267,NO,3913176,34
401469267,NO,4277813,23
401469267,NO,4397688,37
401469267,NO,6477,32
401469267,NO,2490149,35
401469267,NO,2580365,13
401469267,NO,4278594,22
401469267,NO,2999409,3
401469267,NO,2581190,25
401469267,NO,4023,3
401469267,NO,4869342,13
401469267,NO,4397077,0
401469267,NO,4395698,0
401469267,LAC,6450,27
401469267,LAC,6462,22
401469267,LAC,4017837,18
401469267,LAC,3431,24
401469267,LAC,3468,26
401469267,LAC,2490620,16
401469267,LAC,3416,20
401469267,LAC,4433249,8
401469267,LAC,2488653,18
401469267,LAC,3907823,20
401469267,LAC,3914075,7
401469267,LAC,4066387,10
401469267,LAC,4592492,24
401469268,DAL,2531367,4
401469268,DAL,2528779,34
401469268,DAL,6442,36
401469268,DAL,3945274,40
401469268,DAL,4432811,14
401469268,DAL,2284101,14
401469268,DAL,2960236,32
401469268,DAL,3058254,17
401469268,DAL,2528210,36
401469268,DAL,4868423,13
401469268,DAL,6461,0
401469268,DAL,6426,0
401469268,DAL,3452,0
401469268,DAL,4230547,0
401469268,DAL,3138154,0
401469268,CHA,4278078,31
401469268,CHA,4249,32
401469268,CHA,4701232,32
401469268,CHA,4065697,28
401469268,CHA,3133602,33
401469268,CHA,4431699,15
401469268,CHA,4702233,17
401469268,CHA,4683027,20
401469268,CHA,4431712,10
401469268,CHA,4576086,20
401469268,CHA,4278076,0
401469269,CHI,6478,15
401469269,CHI,3964,23
401469269,CHI,3978,36
401469269,CHI,2991350,26
401469269,CHI,3064440,37
401469269,CHI,3936099,15
401469269,CHI,4431687,25
401469269,CHI,6585,18
401469269,CHI,4395651,26
401469269,CHI,4397002,19
401469269,CHI,4433159,0
401469269,LAL,6583,36
401469269,LAL,4278077,21
401469269,LAL,4278508,32
401469269,LAL,3032979,34
401469269,LAL,4066457,37
401469269,LAL,1966,30
401469269,LAL,4066264,9
401469269,LAL,3907822,28
401469269,LAL,4277890,13
401469269,LAL,4066648,0
401469269,LAL,3059262,0
401469269,LAL,3136776,0
401469269,LAL,4432582,0
401469270,MEM,3155526,23
401469270,MEM,4277961,34
401469270,MEM,4277964,31
401469270,MEM,4066320,34
401469270,MEM,4279888,29
401469270,MEM,4593041,12
401469270,MEM,4593125,19
401469270,MEM,3134932,12
401469270,MEM,3135046,23
401469270,MEM,3913174,23
401469270,MEM,4585610,0
401469270,MEM,4432646,0
401469270,ATL,3908845,30
401469270,ATL,4065732,32
401469270,ATL,3102529,29
401469270,ATL,3907497,38
401469270,ATL,4277905,35
401469270,ATL,4431680,19
401469270,ATL,4432585,13
401469270,ATL,3037789,22
401469270,ATL,3922230,4
401469270,ATL,4397136,18
401469270,ATL,4277952,0
401469270,ATL,3913180,0
401469270,ATL,4065656,0
401469270,ATL,4397179,0
401469270,ATL,4578893,0
401469271,SA,4066650,31
401469271,SA,4565201,24
401469271,SA,3136779,19
401469271,SA,4395626,26
401469271,SA,4395630,27
401469271,SA,2528588,21
401469271,SA,4278580,22
401469271,SA,4592479,9
401469271,SA,4870562,7
401469271,SA,2534781,7
401469271,SA,3133601,22
401469271,SA,4397008,19
401469271,SA,4683935,6
401469271,BOS,4065804,28
401469271,BOS,3213,22
401469271,BOS,2990992,28
401469271,BOS,3078576,33
401469271,BOS,3917376,36
401469271,BOS,3989,5
401469271,BOS,4066218,18
401469271,BOS,2490089,12
401469271,BOS,3064560,7
401469271,BOS,4066211,19
401469271,BOS,2566769,26
401469271,BOS,4576085,7
401469271,BOS,4065660,0
401469272,HOU,4431828,31
401469272,HOU,4432639,32
401469272,HOU,4871144,33
401469272,HOU,4397140,37
401469272,HOU,4437244,35
401469272,HOU,4871143,15
401469272,HOU,2579294,2
401469272,HOU,4433192,30
401469272,HOU,4432168,6
401469272,HOU,4432176,18
401469272,HOU,4376,0
401469272,HOU,3415,0
401469272,CLE,4432822,9
401469272,CLE,4066328,36
401469272,CLE,4432158,40
401469272,CLE,3908809,36
401469272,CLE,4396907,38
401469272,CLE,3947156,2
401469272,CLE,4066405,10
401469272,CLE,4432815,2
401469272,CLE,3893016,17
401469272,CLE,4011,16
401469272,CLE,2991043,31
401469272,CLE,3906786,2
401469272,CLE,4066757,2
401469272,CLE,3447,0
401469273,BKN,2578185,26
401469273,BKN,3138196,26
401469273,BKN,4278067,28
401469273,BKN,2580782,29
401469273,BKN,3147657,34
401469273,BKN,2528794,13
401469273,BKN,3133838,12
401469273,BKN,4397126,4
401469273,BKN,4432194,15
401469273,BKN,4004,16
401469273,BKN,4066993,4
401469273,BKN,4397107,4
401469273,BKN,4432174,28
401469273,BKN,2583632,0
401469273,ORL,4432573,29
401469273,ORL,4566434,32
401469273,ORL,4277847,25
401469273,ORL,2999547,18
401469273,ORL,4066636,28
401469273,ORL,4278052,4
401469273,ORL,4433623,22
401469273,ORL,3918423,3
401469273,ORL,3150844,17
401469273,ORL,4348700,6
401469273,ORL,4432165,24
401469273,ORL,4432809,31
401469273,ORL,4397102,0
401469273,ORL,2596108,0
401469273,ORL,4067858,0
401469274,WSH,4278049,29
401469274,WSH,4280151,40
401469274,WSH,4683021,34
401469274,WSH,3102531,34
401469274,WSH,3064447,34
401469274,WSH,2581184,8
401469274,WSH,3056247,8
401469274,WSH,3129932,2
401469274,WSH,4278402,20
401469274,WSH,4432356,30
401469274,WSH,3986,0
401469274,TOR,3149673,34
401469274,TOR,3934719,37
401469274,TOR,4433134,32
401469274,TOR,3134908,26
401469274,TOR,2991230,36
401469274,TOR,3948153,22
401469274,TOR,4431679,6
401469274,TOR,4431778,15
401469274,TOR,4066668,7
401469274,TOR,6579,4
401469274,TOR,4066786,19
401469274,TOR,4397251,2
401469274,TOR,3244,0
401469275,OKC,4432823,27
401469275,OKC,4278073,35
401469275,OKC,4397020,29
401469275,OKC,4593803,37
401469275,OKC,4871145,35
401469275,OKC,4432813,13
401469275,OKC,4997526,13
401469275,OKC,4395702,28
401469275,OKC,4397183,8
401469275,OKC,4432819,15
401469275,OKC,3032978,0
401469275,OKC,4066317,0
401469275,OKC,4683018,0
401469275,POR,3914285,33
401469275,POR,4431675,11
401469275,POR,2991047,27
401469275,POR,3907498,33
401469275,POR,4914336,35
401469275,POR,4278075,15
401469275,POR,4432446,15
401469275,POR,4395627,19
401469275,POR,4395652,31
401469275,POR,4432192,21
401469275,POR,4432588,0
401469276,MIN,4431671,10
401469276,MIN,3032976,34
401469276,MIN,3136195,32
401469276,MIN,3195,31
401469276,MIN,4594268,35
401469276,MIN,2990962,14
401469276,MIN,2993874,32
401469276,MIN,4396971,21
401469276,MIN,3134916,15
401469276,MIN,4278039,16
401469276,MIN,4067325,0
401469276,MIN,4592187,0
401469276,MIN,4687718,0
401469276,MIN,6617,0
401469276,MIN,4278541,0
401469276,GS,6589,36
401469276,GS,3155535,30
401469276,GS,3975,36
401469276,GS,6475,35
401469276,GS,3934673,21
401469276,GS,2327577,4
401469276,GS,4066790,18
401469276,GS,4433247,15
401469276,GS,3134903,15
401469276,GS,4277956,31
401469276,GS,4431720,0
401469276,GS,4432171,0
401469276,GS,4433246,0
401469277,MIL,6609,33
401469277,MIL,3064482,31
401469277,MIL,3448,35
401469277,MIL,3133635,34
401469277,MIL,3135045,30
401469277,MIL,6581,12
401469277,MIL,2968436,20
401469277,MIL,3102533,1
401469277,MIL,3423,9
401469277,MIL,4032,16
401469277,MIL,2578239,18
401469277,MIL,4277887,1
401469277,MIL,4432179,0
401469277,MIL,4397475,0
401469277,DET,4277848,36
401469277,DET,4277957,35
401469277,DET,4432808,20
401469277,DET,4433218,32
401469277,DET,4683024,37
401469277,DET,4066410,14
401469277,DET,4433621,28
401469277,DET,6446,24
401469277,DET,4590530,15
401469277,DET,4395676,0
401469277,DET,2488826,0
401469277,DET,4397119,0
401469278,DAL,2531367,12
401469278,DAL,2528779,22
401469278,DAL,6442,30
401469278,DAL,2528210,24
401469278,DAL,3945274,28
401469278,DAL,6461,11
401469278,DAL,2284101,9
401469278,DAL,3058254,12
401469278,DAL,6426,7
401469278,DAL,3452,13
401469278,DAL,4230547,16
401469278,DAL,4278507,5
401469278,DAL,3138154,7
401469278,DAL,4432811,21
401469278,DAL,4868423,24
401469278,IND,4397189,24
401469278,IND,4277883,31
401469278,IND,4395712,36
401469278,IND,4396909,34
401469278,IND,4683634,38
401469278,IND,4432170,24
401469278,IND,4278031,19
401469278,IND,3438,6
401469278,IND,2530530,28
401469278,IND,3999,0
401469278,IND,2451037,0
401469279,HOU,4431828,33
401469279,HOU,4432639,30
401469279,HOU,4871144,28
401469279,HOU,4397140,35
401469279,HOU,4437244,35
401469279,HOU,4871143,14
401469279,HOU,4433192,28
401469279,HOU,4376,11
401469279,HOU,4432168,13
401469279,HOU,4432176,13
401469279,HOU,2579294,0
401469279,HOU,3415,0
401469279,NY,3064514,28
401469279,NY,4395625,29
401469279,NY,4351852,20
401469279,NY,4395724,30
401469279,NY,4397014,38
401469279,NY,4278355,20
401469279,NY,4222252,24
401469279,NY,4277922,4
401469279,NY,3062679,25
401469279,NY,4431823,18
401469279,NY,4432645,4
401469279,NY,6588,0
401469280,PHX,2528693,17
401469280,PHX,4278129,30
401469280,PHX,2779,27
401469280,PHX,3136193,34
401469280,PHX,4065663,21
401469280,PHX,3059307,18
401469280,PHX,2982334,21
401469280,PHX,6427,18
401469280,PHX,3064230,21
401469280,PHX,2595209,4
401469280,PHX,6619,15
401469280,PHX,3914044,14
401469280,PHX,4423545,0
401469280,PHX,3146557,0
401469280,UTAH,2489663,29
401469280,UTAH,4066336,36
401469280,UTAH,4396991,35
401469280,UTAH,4433136,30
401469280,UTAH,4397018,24
401469280,UTAH,3912292,10
401469280,UTAH,4401416,23
401469280,UTAH,3064559,18
401469280,UTAH,2991139,22
401469280,UTAH,4432817,13
401469280,UTAH,4066299,0
401469281,PHI,3033,23
401469281,PHI,6440,28
401469281,PHI,2580913,10
401469281,PHI,4066436,26
401469281,PHI,4431678,34
401469281,PHI,2990969,23
401469281,PHI,4066731,22
401469281,PHI,4278562,17
401469281,PHI,2991155,17
401469281,PHI,2991055,6
401469281,PHI,3915195,22
401469281,PHI,3929325,7
401469281,PHI,4432164,6
401469281,PHI,3992,0
401469281,DEN,3064290,24
401469281,DEN,4278104,31
401469281,DEN,3112335,35
401469281,DEN,2581018,32
401469281,DEN,3936299,36
401469281,DEN,3209,24
401469281,DEN,4431690,13
401469281,DEN,4065670,29
401469281,DEN,4431767,17
401469281,DEN,4230557,0
401469281,DEN,3442,0
401469281,DEN,3934723,0
401469281,DEN,4305,0
401469281,DEN,6443,0
401469281,DEN,4576087,0
401469282,NO,3913176,31
401469282,NO,4277813,26
401469282,NO,4397688,28
401469282,NO,6477,30
401469282,NO,2490149,25
401469282,NO,2580365,11
401469282,NO,4278594,19
401469282,NO,2999409,7
401469282,NO,4397077,4
401469282,NO,2581190,22
401469282,NO,4023,7
401469282,NO,4395698,7
401469282,NO,4869342,23
401469282,NO,4431811,0
401469282,POR,3914285,23
401469282,POR,4395652,20
401469282,POR,2991047,17
401469282,POR,3907498,14
401469282,POR,4914336,35
401469282,POR,4278075,32
401469282,POR,4432446,25
401469282,POR,4432588,17
401469282,POR,4395627,26
401469282,POR,4432192,31
401469282,POR,4431675,0
401469283,MIN,2993874,36
401469283,MIN,4431671,39
401469283,MIN,3032976,35
401469283,MIN,3195,28
401469283,MIN,4594268,39
401469283,MIN,4396971,21
401469283,MIN,3134916,16
401469283,MIN,4278039,10
401469283,MIN,4278541,16
401469283,MIN,4067325,0
401469283,MIN,4592187,0
401469283,MIN,4687718,0
401469283,MIN,4277951,0
401469283,MIN,6617,0
401469283,SAC,6578,35
401469283,SAC,3155942,40
401469283,SAC,4594327,28
401469283,SAC,4066259,35
401469283,SAC,4066372,27
401469283,SAC,3136196,22
401469283,SAC,4397693,6
401469283,SAC,2596107,7
401469283,SAC,4066262,27
401469283,SAC,4278053,13
401469283,SAC,3914283,0
401469283,SAC,2993370,0
401469283,SAC,2489716,0
401469283,SAC,3919454,0
401469283,SAC,3923250,0
401469284,CHI,4431687,30
401469284,CHI,6478,30
401469284,CHI,3964,30
401469284,CHI,3978,33
401469284,CHI,3064440,32
401469284,CHI,3936099,20
401469284,CHI,6585,14
401469284,CHI,4395651,28
401469284,CHI,4397002,18
401469284,CHI,4433159,4
401469284,CHI,2596112,0
401469284,LAC,3416,31
401469284,LAC,6450,33
401469284,LAC,4017837,24
401469284,LAC,3431,28
401469284,LAC,3468,33
401469284,LAC,2490620,11
401469284,LAC,4433249,4
401469284,LAC,2488653,19
401469284,LAC,3907823,26
401469284,LAC,3914075,2
401469284,LAC,4066387,4
401469284,LAC,4592492,24
401469285,BOS,4065648,32
401469285,BOS,3213,26
401469285,BOS,2990992,30
401469285,BOS,3078576,24
401469285,BOS,3917376,27
401469285,BOS,4065804,9
401469285,BOS,4066218,26
401469285,BOS,2490089,9
401469285,BOS,3064560,9
401469285,BOS,4066211,15
401469285,BOS,2566769,23
401469285,BOS,4066354,9
401469285,BOS,3989,0
401469285,WSH,4280151,33
401469285,WSH,4683021,37
401469285,WSH,3102531,34
401469285,WSH,3059310,29
401469285,WSH,3064447,31
401469285,WSH,3986,12
401469285,WSH,2581184,12
401469285,WSH,3056247,17
401469285,WSH,3129932,2
401469285,WSH,4278402,11
401469285,WSH,4432356,23
401469286,CLE,4066405,41
401469286,CLE,4432158,40
401469286,CLE,2991043,34
401469286,CLE,3908809,40
401469286,CLE,4396907,41
401469286,CLE,3947156,13
401469286,CLE,3893016,12
401469286,CLE,4011,19
401469286,CLE,4432822,0
401469286,CLE,3447,0
401469286,CLE,4066328,0
401469286,ATL,3908845,29
401469286,ATL,4065732,39
401469286,ATL,3102529,27
401469286,ATL,3907497,35
401469286,ATL,4277905,36
401469286,ATL,4431680,20
401469286,ATL,3037789,22
401469286,ATL,4397136,21
401469286,ATL,4578893,9
401469286,ATL,4277952,0
401469286,ATL,4432585,0
401469286,ATL,3913180,0
401469286,ATL,3922230,0
401469286,ATL,4065656,0
401469286,ATL,4397179,0
401469287,MIA,3449,20
401469287,MIA,4066261,37
401469287,MIA,2527963,23
401469287,MIA,3137259,18
401469287,MIA,4395725,37
401469287,MIA,3138160,30
401469287,MIA,3157465,12
401469287,MIA,4291678,1
401469287,MIA,2579258,11
401469287,MIA,3012,24
401469287,MIA,4065778,27
401469287,MIA,2184,0
401469287,MIA,3074213,0
401469287,TOR,3149673,37
401469287,TOR,3934719,39
401469287,TOR,4433134,41
401469287,TOR,3134908,23
401469287,TOR,2991230,35
401469287,TOR,3948153,28
401469287,TOR,4431679,25
401469287,TOR,4066786,13
401469287,TOR,3244,0
401469287,TOR,4431778,0
401469287,TOR,4066668,0
401469287,TOR,4397251,0
401469288,ORL,4432573,29
401469288,ORL,4566434,32
401469288,ORL,4277847,29
401469288,ORL,2999547,26
401469288,ORL,4066636,29
401469288,ORL,4433623,9
401469288,ORL,3918423,16
401469288,ORL,3150844,6
401469288,ORL,4348700,13
401469288,ORL,4432165,24
401469288,ORL,4432809,28
401469288,ORL,4278052,0
401469288,ORL,4397102,0
401469288,ORL,2596108,0
401469288,ORL,4683023,0
401469288,MEM,3155526,32
401469288,MEM,4277961,26
401469288,MEM,4277964,35
401469288,MEM,3135046,34
401469288,MEM,4066320,36
401469288,MEM,4593041,11
401469288,MEM,4593125,24
401469288,MEM,3134932,15
401469288,MEM,3913174,28
401469288,MEM,4585610,0
401469288,MEM,4592691,0
401469288,MEM,4432646,0
401469289,CHA,4278078,37
401469289,CHA,4278076,26
401469289,CHA,4683027,39
401469289,CHA,3133602,37
401469289,CHA,4576086,24
401469289,CHA,4431699,22
401469289,CHA,4702233,36
401469289,CHA,4431712,19
401469289,CHA,4066303,0
401469289,CHA,4701232,0
401469289,CHA,4065697,0
401469289,OKC,4432823,18
401469289,OKC,4395702,32
401469289,OKC,4397020,33
401469289,OKC,4593803,34
401469289,OKC,4871145,34
401469289,OKC,3032978,3
401469289,OKC,4432813,27
401469289,OKC,4683018,10
401469289,OKC,4997526,13
401469289,OKC,4395695,7
401469289,OKC,4397183,12
401469289,OKC,4432819,18
401469289,OKC,4278046,0
401469290,NO,3913176,38
401469290,NO,4277813,35
401469290,NO,4397688,38
401469290,NO,6477,22
401469290,NO,2490149,38
401469290,NO,2580365,25
401469290,NO,4278594,13
401469290,NO,2581190,21
401469290,NO,4869342,10
401469290,NO,2999409,0
401469290,NO,4397077,0
401469290,NO,4431811,0
401469290,NO,4023,0
401469290,NO,4395698,0
401469290,GS,6589,33
401469290,GS,4433247,31
401469290,GS,3975,37
401469290,GS,6475,34
401469290,GS,3934673,23
401469290,GS,3155535,22
401469290,GS,4066790,17
401469290,GS,3134903,9
401469290,GS,4277956,29
401469290,GS,4432171,3
401469290,GS,4433246,1
401469290,GS,2327577,0
401469291,MIL,3032977,32
401469291,MIL,3448,31
401469291,MIL,3995,32
401469291,MIL,3133635,28
401469291,MIL,3135045,26
401469291,MIL,3064482,23
401469291,MIL,3102533,2
401469291,MIL,4432179,2
401469291,MIL,3423,5
401469291,MIL,4032,20
401469291,MIL,2578239,20
401469291,MIL,4397475,18
401469291,MIL,2968436,0
401469291,IND,4432170,22
401469291,IND,4277883,34
401469291,IND,4395712,28
401469291,IND,4396909,31
401469291,IND,4683634,41
401469291,IND,3999,6
401469291,IND,4397189,20
401469291,IND,4278031,24
401469291,IND,3438,14
401469291,IND,2530530,20
401469291,IND,2451037,0
401469292,HOU,4431828,34
401469292,HOU,4432639,40
401469292,HOU,4871144,33
401469292,HOU,4397140,40
401469292,HOU,4437244,32
401469292,HOU,4871143,15
401469292,HOU,4433192,22
401469292,HOU,4432168,17
401469292,HOU,4432176,7
401469292,HOU,2579294,0
401469292,HOU,4376,0
401469292,HOU,3415,0
401469292,BKN,2578185,27
401469292,BKN,3138196,36
401469292,BKN,4278067,35
401469292,BKN,2580782,38
401469292,BKN,3147657,40
401469292,BKN,2583632,26
401469292,BKN,2528794,6
401469292,BKN,3133838,7
401469292,BKN,4432194,7
401469292,BKN,3136485,4
401469292,BKN,2326307,13
401469292,BKN,4397126,0
401469292,BKN,4004,0
401469292,BKN,4432174,0
401469293,MIA,3449,16
401469293,MIA,6430,35
401469293,MIA,4066261,35
401469293,MIA,3137259,31
401469293,MIA,4395725,36
401469293,MIA,3138160,25
401469293,MIA,3157465,28
401469293,MIA,2579258,13
401469293,MIA,2527963,19
401469293,MIA,4065778,3
401469293,MIA,2184,0
401469293,MIA,4291678,0
401469293,MIA,3074213,0
401469293,MIA,3012,0
401469293,NY,3064514,15
401469293,NY,4395625,34
401469293,NY,4351852,19
401469293,NY,3934672,30
401469293,NY,4397014,36
401469293,NY,4278355,17
401469293,NY,4222252,29
401469293,NY,3062679,29
401469293,NY,4395724,32
401469293,NY,4277922,0
401469293,NY,6588,0
401469293,NY,4431823,0
401469293,NY,4432645,0
401469294,DAL,2531367,11
401469294,DAL,2528779,33
401469294,DAL,6442,40
401469294,DAL,2528210,36
401469294,DAL,3945274,37
401469294,DAL,2960236,26
401469294,DAL,3058254,12
401469294,DAL,3452,6
401469294,DAL,4432811,20
401469294,DAL,4868423,18
401469294,DAL,6461,0
401469294,DAL,2284101,0
401469294,DAL,6426,0
401469294,DAL,4278507,0
401469294,DAL,3138154,0
401469294,PHI,3033,19
401469294,PHI,6440,33
401469294,PHI,3059318,33
401469294,PHI,3992,38
401469294,PHI,4431678,34
401469294,PHI,2990969,19
401469294,PHI,4066731,15
401469294,PHI,4278562,15
401469294,PHI,2991155,0
401469294,PHI,4066436,33
401469294,PHI,2580913,0
401469294,PHI,2991055,0
401469294,PHI,3915195,0
401469294,PHI,3929325,0
401469294,PHI,4432164,0
401469295,LAL,1966,31
401469295,LAL,6583,39
401469295,LAL,4278077,25
401469295,LAL,3136776,36
401469295,LAL,4066457,29
401469295,LAL,4066264,10
401469295,LAL,4066648,16
401469295,LAL,4278508,20
401469295,LAL,3059262,1
401469295,LAL,3907822,10
401469295,LAL,3032979,21
401469295,LAL,4277890,1
401469295,CHI,6478,36
401469295,CHI,3964,25
401469295,CHI,3978,39
401469295,CHI,2991350,19
401469295,CHI,3064440,36
401469295,CHI,3936099,12
401469295,CHI,4431687,24
401469295,CHI,2596112,2
401469295,CHI,4067735,1
401469295,CHI,4395651,26
401469295,CHI,4397002,19
401469295,CHI,4433159,1
401469295,CHI,4279815,0
401469295,CHI,4683622,0
401469296,LAC,3416,19
401469296,LAC,4017837,23
401469296,LAC,3431,28
401469296,LAC,3468,36
401469296,LAC,3907823,35
401469296,LAC,2490620,32
401469296,LAC,2488653,22
401469296,LAC,2595516,24
401469296,LAC,4592492,22
401469296,LAC,4433249,0
401469296,LAC,3914075,0
401469296,LAC,4066387,0
401469296,MEM,3155526,34
401469296,MEM,4277964,31
401469296,MEM,4593125,33
401469296,MEM,3913174,33
401469296,MEM,4279888,35
401469296,MEM,4585610,9
401469296,MEM,4592691,22
401469296,MEM,4593041,31
401469296,MEM,4432646,13
401469296,MEM,4433137,0
401469296,MEM,3134932,0
401469297,DET,4277848,23
401469297,DET,4277957,21
401469297,DET,4432808,29
401469297,DET,4433218,31
401469297,DET,4683024,32
401469297,DET,4066410,28
401469297,DET,4433621,19
401469297,DET,6446,33
401469297,DET,4590530,24
401469297,DET,4395676,0
401469297,DET,2488826,0
401469297,DET,4397119,0
401469297,OKC,4432823,32
401469297,OKC,4395702,33
401469297,OKC,4397020,38
401469297,OKC,4593803,37
401469297,OKC,4871145,34
401469297,OKC,4278046,8
401469297,OKC,4432813,4
401469297,OKC,4683018,4
401469297,OKC,4997526,8
401469297,OKC,4397183,32
401469297,OKC,4432819,9
401469297,OKC,3032978,0
401469297,OKC,4395695,0
401469298,UTAH,3899664,17
401469298,UTAH,4401416,25
401469298,UTAH,4396991,30
401469298,UTAH,4433136,21
401469298,UTAH,4397018,25
401469298,UTAH,4423309,25
401469298,UTAH,3064559,23
401469298,UTAH,4066299,24
401469298,UTAH,4066399,3
401469298,UTAH,2991139,28
401469298,UTAH,4432817,21
401469298,SA,4066650,31
401469298,SA,4565201,27
401469298,SA,4592479,25
401469298,SA,3136779,26
401469298,SA,4395626,28
401469298,SA,4278580,29
401469298,SA,4870562,12
401469298,SA,3133601,24
401469298,SA,4397008,18
401469298,SA,4683935,19
401469298,SA,2528588,0
401469298,SA,2534781,0
401469300,SAC,6578,27
401469300,SAC,3155942,27
401469300,SAC,4594327,22
401469300,SAC,4066259,27
401469300,SAC,4066372,21
401469300,SAC,3914283,6
401469300,SAC,2993370,6
401469300,SAC,3136196,21
401469300,SAC,4397693,11
401469300,SAC,2596107,16
401469300,SAC,2489716,6
401469300,SAC,3919454,6
401469300,SAC,3923250,6
401469300,SAC,4066262,22
401469300,SAC,4278053,16
401469300,POR,3914285,25
401469300,POR,4278075,39
401469300,POR,4395652,40
401469300,POR,3907498,37
401469300,POR,4914336,45
401469300,POR,4432446,27
401469300,POR,4432588,26
401469300,POR,4431675,0
401469300,POR,4395627,0
401469300,POR,2991047,0
401469300,POR,4432192,0
401469299,MIN,4431671,25
401469299,MIN,3032976,35
401469299,MIN,3136195,34
401469299,MIN,3195,32
401469299,MIN,4594268,40
401469299,MIN,2993874,30
401469299,MIN,4396971,23
401469299,MIN,3134916,16
401469299,MIN,4278039,5
401469299,MIN,4067325,0
401469299,MIN,4592187,0
401469299,MIN,4687718,0
401469299,MIN,4277951,0
401469299,MIN,4278541,0
401469299,PHX,3202,29
401469299,PHX,4278129,29
401469299,PHX,2779,35
401469299,PHX,3136193,36
401469299,PHX,4065663,33
401469299,PHX,2528693,23
401469299,PHX,2982334,11
401469299,PHX,6427,19
401469299,PHX,3064230,13
401469299,PHX,6619,13
401469299,PHX,3059307,0
401469299,PHX,4423545,0
401469299,PHX,3146557,0
401469299,PHX,2595209,0
401469299,PHX,3914044,0
401469301,BOS,4065648,31
401469301,BOS,3213,22
401469301,BOS,2990992,27
401469301,BOS,3078576,26
401469301,BOS,3917376,32
401469301,BOS,3989,6
401469301,BOS,4065804,12
401469301,BOS,4066218,23
401469301,BOS,2490089,7
401469301,BOS,3064560,9
401469301,BOS,4066211,19
401469301,BOS,2566769,27
401469301,MIL,6609,20
401469301,MIL,3032977,25
401469301,MIL,3448,20
401469301,MIL,3995,24
401469301,MIL,3135045,22
401469301,MIL,6581,16
401469301,MIL,2968436,16
401469301,MIL,3064482,20
401469301,MIL,3102533,8
401469301,MIL,4432179,10
401469301,MIL,3423,7
401469301,MIL,4032,16
401469301,MIL,2578239,16
401469301,MIL,3133635,20
401469302,NO,3913176,37
401469302,NO,4277813,34
401469302,NO,4397688,39
401469302,NO,6477,25
401469302,NO,2490149,38
401469302,NO,2580365,23
401469302,NO,4278594,15
401469302,NO,2581190,19
401469302,NO,4869342,10
401469302,NO,2999409,0
401469302,NO,4397077,0
401469302,NO,4431811,0
401469302,NO,4023,0
401469302,NO,4395698,0
401469302,DEN,3064290,32
401469302,DEN,4278104,27
401469302,DEN,3934723,14
401469302,DEN,2581018,29
401469302,DEN,3936299,36
401469302,DEN,3209,30
401469302,DEN,4431690,17
401469302,DEN,4230557,2
401469302,DEN,4305,2
401469302,DEN,4065670,28
401469302,DEN,4431767,23
401469302,DEN,4576087,2
401469302,DEN,3442,0
401469302,DEN,6443,0
401469303,CHI,6478,30
401469303,CHI,3964,24
401469303,CHI,3978,33
401469303,CHI,2991350,21
401469303,CHI,3064440,29
401469303,CHI,4279815,3
401469303,CHI,4431687,24
401469303,CHI,6585,14
401469303,CHI,4683622,4
401469303,CHI,4067735,4
401469303,CHI,4395651,26
401469303,CHI,4397002,24
401469303,CHI,4433159,4
401469303,CHI,3936099,0
401469303,CHI,2596112,0
401469303,CHA,4278078,12
401469303,CHA,4701232,35
401469303,CHA,4683027,33
401469303,CHA,3133602,34
401469303,CHA,4576086,24
401469303,CHA,4431699,18
401469303,CHA,4066303,8
401469303,CHA,4702233,28
401469303,CHA,4278076,13
401469303,CHA,4431712,31
401469303,CHA,4066335,4
401469304,OKC,4432823,15
401469304,OKC,4278073,38
401469304,OKC,4397020,37
401469304,OKC,4593803,30
401469304,OKC,4871145,33
401469304,OKC,4066317,17
401469304,OKC,4683018,10
401469304,OKC,4997526,7
401469304,OKC,4395702,25
401469304,OKC,4397183,28
401469304,OKC,3032978,0
401469304,OKC,4278046,0
401469304,OKC,4432813,0
401469304,OKC,4432819,0
401469304,IND,4397189,29
401469304,IND,4277883,30
401469304,IND,4395712,31
401469304,IND,4396909,25
401469304,IND,4683634,35
401469304,IND,4432170,19
401469304,IND,4278031,18
401469304,IND,2530530,29
401469304,IND,2990984,24
401469304,IND,3999,0
401469304,IND,2451037,0
401469304,IND,3438,0
401469305,TOR,3149673,42
401469305,TOR,3934719,41
401469305,TOR,4433134,40
401469305,TOR,3134908,33
401469305,TOR,2991230,42
401469305,TOR,3948153,18
401469305,TOR,4431679,7
401469305,TOR,4431778,7
401469305,TOR,4066786,9
401469305,TOR,3244,0
401469305,TOR,4066668,0
401469305,TOR,4397251,0
401469305,PHI,3033,26
401469305,PHI,3059318,34
401469305,PHI,3992,37
401469305,PHI,4066436,33
401469305,PHI,4431678,37
401469305,PHI,2990969,12
401469305,PHI,4066731,21
401469305,PHI,4278562,14
401469305,PHI,2991155,12
401469305,PHI,3915195,15
401469305,PHI,2580913,0
401469305,PHI,2991055,0
401469305,PHI,3929325,0
401469305,PHI,4432164,0
401469306,ORL,4432573,34
401469306,ORL,4566434,33
401469306,ORL,4277847,26
401469306,ORL,2999547,20
401469306,ORL,4066636,33
401469306,ORL,4433623,14
401469306,ORL,3150844,7
401469306,ORL,4348700,22
401469306,ORL,4432165,23
401469306,ORL,4432809,28
401469306,ORL,4278052,0
401469306,ORL,3918423,0
401469306,ORL,4397102,0
401469306,ORL,2596108,0
401469306,ORL,4683023,0
401469306,WSH,4278049,33
401469306,WSH,4280151,42
401469306,WSH,4683021,32
401469306,WSH,3059310,13
401469306,WSH,3064447,32
401469306,WSH,3986,10
401469306,WSH,2581184,13
401469306,WSH,3056247,14
401469306,WSH,3129932,5
401469306,WSH,4278402,18
401469306,WSH,4432356,28
401469306,WSH,3102531,0
401469306,WSH,4065731,0
401469306,WSH,4592829,0
401469307,UTAH,2489663,31
401469307,UTAH,3899664,31
401469307,UTAH,4396991,31
401469307,UTAH,4433136,34
401469307,UTAH,4397018,30
401469307,UTAH,4401416,17
401469307,UTAH,4423309,12
401469307,UTAH,3064559,14
401469307,UTAH,2991139,23
401469307,UTAH,4432817,17
401469307,UTAH,4066299,0
401469307,UTAH,4066399,0
401469307,BOS,3989,25
401469307,BOS,4065648,36
401469307,BOS,2990992,28
401469307,BOS,3078576,29
401469307,BOS,3917376,34
401469307,BOS,4065804,13
401469307,BOS,4066218,17
401469307,BOS,2490089,12
401469307,BOS,3064560,15
401469307,BOS,2566769,32
401469307,BOS,4065660,0
401469307,BOS,4066354,0
401469307,BOS,4576085,0
401469308,ATL,3908845,28
401469308,ATL,3102529,20
401469308,ATL,3907497,36
401469308,ATL,4277905,32
401469308,ATL,4397136,30
401469308,ATL,4277952,4
401469308,ATL,4431680,19
401469308,ATL,4432585,17
401469308,ATL,4701230,14
401469308,ATL,3037789,24
401469308,ATL,3913180,4
401469308,ATL,3922230,4
401469308,ATL,4065656,4
401469308,ATL,4578893,4
401469308,ATL,4397179,0
401469308,BKN,2578185,25
401469308,BKN,3138196,35
401469308,BKN,4278067,27
401469308,BKN,2580782,33
401469308,BKN,3147657,36
401469308,BKN,2583632,32
401469308,BKN,2528794,21
401469308,BKN,3133838,3
401469308,BKN,4397126,3
401469308,BKN,4432194,9
401469308,BKN,3136485,3
401469308,BKN,2326307,10
401469308,BKN,4432174,3
401469308,BKN,4004,0
401469309,NY,4278355,19
401469309,NY,4395625,30
401469309,NY,4351852,22
401469309,NY,3934672,38
401469309,NY,4397014,36
401469309,NY,4222252,26
401469309,NY,3062679,29
401469309,NY,4395724,30
401469309,NY,4431823,10
401469309,NY,4277922,0
401469309,NY,6588,0
401469309,NY,4432645,0
401469309,CLE,4066405,24
401469309,CLE,4432158,41
401469309,CLE,2991043,37
401469309,CLE,3908809,40
401469309,CLE,4396907,38
401469309,CLE,3912848,13
401469309,CLE,3893016,21
401469309,CLE,3447,7
401469309,CLE,4011,9
401469309,CLE,2968361,10
401469309,CLE,3988,0
401469309,CLE,3947156,0
401469310,DET,4277848,34
401469310,DET,4277957,29
401469310,DET,4432808,24
401469310,DET,4433218,35
401469310,DET,4683024,28
401469310,DET,4066410,17
401469310,DET,4433621,25
401469310,DET,6446,25
401469310,DET,4397119,16
401469310,DET,4590530,8
401469310,DET,4395676,0
401469310,DET,2488826,0
401469310,HOU,4431828,35
401469310,HOU,4432639,37
401469310,HOU,4871144,35
401469310,HOU,4397140,38
401469310,HOU,4437244,37
401469310,HOU,4871143,5
401469310,HOU,4433192,24
401469310,HOU,4376,8
401469310,HOU,4432168,15
401469310,HOU,4432176,6
401469310,HOU,2579294,0
401469310,HOU,3415,0
401469311,LAC,3416,23
401469311,LAC,6450,18
401469311,LAC,4017837,26
401469311,LAC,3431,16
401469311,LAC,3468,26
401469311,LAC,2490620,20
401469311,LAC,4433249,9
401469311,LAC,2488653,13
401469311,LAC,2595516,25
401469311,LAC,3907823,19
401469311,LAC,3914075,9
401469311,LAC,4066387,12
401469311,LAC,4592492,24
401469311,MEM,3155526,26
401469311,MEM,4277961,26
401469311,MEM,4277964,32
401469311,MEM,4066320,38
401469311,MEM,4279888,26
401469311,MEM,4593041,20
401469311,MEM,4593125,16
401469311,MEM,3135046,22
401469311,MEM,3913174,33
401469311,MEM,4585610,0
401469311,MEM,4592691,0
401469311,MEM,4432646,0
401469312,LAL,1966,32
401469312,LAL,6583,37
401469312,LAL,4278077,28
401469312,LAL,3136776,34
401469312,LAL,4066457,30
401469312,LAL,4066264,15
401469312,LAL,4066648,21
401469312,LAL,4278508,9
401469312,LAL,3907822,10
401469312,LAL,3032979,23
401469312,LAL,3059262,0
401469312,LAL,4277890,0
401469312,LAL,4432582,0
401469312,MIN,4431671,37
401469312,MIN,3032976,31
401469312,MIN,3136195,36
401469312,MIN,3195,32
401469312,MIN,4594268,38
401469312,MIN,2990962,21
401469312,MIN,2993874,31
401469312,MIN,3134916,10
401469312,MIN,4278039,4
401469312,MIN,4067325,0
401469312,MIN,4592187,0
401469312,MIN,4687718,0
401469312,MIN,4277951,0
401469313,SA,4278580,29
401469313,SA,4395723,32
401469313,SA,4565201,28
401469313,SA,3136779,28
401469313,SA,4395626,30
401469313,SA,4592479,20
401469313,SA,4870562,11
401469313,SA,2534781,17
401469313,SA,3133601,23
401469313,SA,4683935,22
401469313,SA,2528588,0
401469313,SA,4395630,0
401469313,GS,6589,29
401469313,GS,4433247,27
401469313,GS,3975,33
401469313,GS,6475,34
401469313,GS,3934673,20
401469313,GS,3155535,24
401469313,GS,4066790,23
401469313,GS,3134903,18
401469313,GS,4277956,27
401469313,GS,4431720,1
401469313,GS,4432171,1
401469313,GS,4433246,1
401469313,GS,2327577,0
401469314,SAC,6578,30
401469314,SAC,3155942,33
401469314,SAC,4594327,27
401469314,SAC,4066259,27
401469314,SAC,4066372,22
401469314,SAC,3914283,2
401469314,SAC,2993370,2
401469314,SAC,3136196,16
401469314,SAC,4397693,18
401469314,SAC,2596107,13
401469314,SAC,3919454,4
401469314,SAC,3923250,2
401469314,SAC,4066262,25
401469314,SAC,4278053,19
401469314,POR,3914285,28
401469314,POR,4431675,22
401469314,POR,4066269,30
401469314,POR,3907498,24
401469314,POR,4914336,37
401469314,POR,4278075,27
401469314,POR,4432446,20
401469314,POR,4432588,16
401469314,POR,4395652,12
401469314,POR,2991274,24
401469314,POR,4395627,0
401469315,DEN,3064290,36
401469315,DEN,3442,21
401469315,DEN,6443,34
401469315,DEN,4065670,37
401469315,DEN,4431767,29
401469315,DEN,4431690,23
401469315,DEN,4230557,16
401469315,DEN,4305,15
401469315,DEN,4576087,27
401469315,DEN,3209,0
401469315,DEN,4065653,0
401469315,DEN,3934723,0
401469315,PHX,3202,33
401469315,PHX,4278129,28
401469315,PHX,2779,33
401469315,PHX,3136193,35
401469315,PHX,4065663,29
401469315,PHX,2528693,16
401469315,PHX,2982334,16
401469315,PHX,6427,20
401469315,PHX,3064230,15
401469315,PHX,6619,15
401469315,PHX,3059307,0
401469315,PHX,4423545,0
401469315,PHX,3146557,0
401469315,PHX,2595209,0
401469315,PHX,3914044,0
401469316,DAL,2531367,17
401469316,DAL,2528779,23
401469316,DAL,6442,43
401469316,DAL,2528210,41
401469316,DAL,3945274,45
401469316,DAL,2284101,4
401469316,DAL,2960236,27
401469316,DAL,3058254,13
401469316,DAL,4432811,22
401469316,DAL,4868423,6
401469316,DAL,6461,0
401469316,DAL,6426,0
401469316,DAL,3452,0
401469316,DAL,3138154,0
401469316,DAL,4067017,0
401469316,MIA,6430,37
401469316,MIA,2579258,29
401469316,MIA,3137259,26
401469316,MIA,4065778,30
401469316,MIA,4395725,36
401469316,MIA,3449,19
401469316,MIA,3138160,33
401469316,MIA,3157465,2
401469316,MIA,3012,27
401469316,MIA,2184,0
401469316,MIA,4291678,0
401469316,MIA,3074213,0
401469316,MIA,2527963,0
401469317,LAC,3416,24
401469317,LAC,6450,41
401469317,LAC,4017837,30
401469317,LAC,3468,40
401469317,LAC,2595516,32
401469317,LAC,2490620,16
401469317,LAC,2488653,18
401469317,LAC,3907823,25
401469317,LAC,4592492,15
401469317,LAC,4433249,0
401469317,LAC,3914075,0
401469317,LAC,4066387,0
401469317,LAC,4432162,0
401469317,NO,3913176,39
401469317,NO,4277813,30
401469317,NO,4397688,39
401469317,NO,6477,28
401469317,NO,2490149,38
401469317,NO,2580365,20
401469317,NO,4278594,13
401469317,NO,2581190,19
401469317,NO,4869342,14
401469317,NO,2999409,0
401469317,NO,4397077,0
401469317,NO,4431811,0
401469317,NO,4023,0
401469317,NO,4395698,0
401469318,TOR,3149673,38
401469318,TOR,3934719,34
401469318,TOR,4433134,36
401469318,TOR,3134908,30
401469318,TOR,2991230,38
401469318,TOR,3948153,16
401469318,TOR,4397885,2
401469318,TOR,4431679,13
401469318,TOR,4397033,2
401469318,TOR,4431778,16
401469318,TOR,4066668,4
401469318,TOR,4066786,10
401469318,TOR,4397251,2
401469318,TOR,3244,0
401469318,CHA,4702233,34
401469318,CHA,4701232,27
401469318,CHA,4683027,41
401469318,CHA,3133602,33
401469318,CHA,4576086,30
401469318,CHA,4431699,32
401469318,CHA,4066303,16
401469318,CHA,4431712,25
401469318,CHA,4066335,2
401469318,CHA,4278076,0
401469318,CHA,3133603,0
401469319,UTAH,2489663,33
401469319,UTAH,4066336,35
401469319,UTAH,4396991,34
401469319,UTAH,4433136,22
401469319,UTAH,4397018,29
401469319,UTAH,3899664,13
401469319,UTAH,4401416,22
401469319,UTAH,4423309,10
401469319,UTAH,4066299,14
401469319,UTAH,2991139,28
401469319,UTAH,3064559,0
401469319,UTAH,4066399,0
401469319,UTAH,4432817,0
401469319,BKN,2578185,30
401469319,BKN,3138196,32
401469319,BKN,4278067,32
401469319,BKN,2580782,35
401469319,BKN,3147657,39
401469319,BKN,2583632,19
401469319,BKN,2528794,5
401469319,BKN,3133838,8
401469319,BKN,4432194,15
401469319,BKN,2326307,17
401469319,BKN,4432174,9
401469319,BKN,4397126,0
401469319,BKN,4004,0
401469319,BKN,3136485,0
401469320,MEM,3155526,32
401469320,MEM,4277961,29
401469320,MEM,4277964,30
401469320,MEM,4066320,33
401469320,MEM,4279888,34
401469320,MEM,4585610,1
401469320,MEM,4592691,1
401469320,MEM,4593041,12
401469320,MEM,4593125,18
401469320,MEM,3134932,1
401469320,MEM,3135046,17
401469320,MEM,3913174,28
401469320,MEM,4397227,1
401469320,MEM,4432646,1
401469320,CHI,6478,32
401469320,CHI,3964,23
401469320,CHI,3978,34
401469320,CHI,2991350,24
401469320,CHI,3064440,35
401469320,CHI,3936099,9
401469320,CHI,4431687,26
401469320,CHI,6585,7
401469320,CHI,4395651,31
401469320,CHI,4397002,18
401469320,CHI,4433159,1
401469320,CHI,4279815,0
401469320,CHI,4683622,0
401469320,CHI,2596112,0
401469320,CHI,4067735,0
401469321,POR,3914285,29
401469321,POR,4431675,19
401469321,POR,4066269,30
401469321,POR,3907498,30
401469321,POR,4914336,35
401469321,POR,4278075,29
401469321,POR,4432446,19
401469321,POR,4432588,18
401469321,POR,2991274,18
401469321,POR,4397821,13
401469321,POR,4395627,0
401469321,MIN,4431671,36
401469321,MIN,3032976,35
401469321,MIN,3136195,25
401469321,MIN,3195,35
401469321,MIN,4594268,38
401469321,MIN,2990962,19
401469321,MIN,2993874,33
401469321,MIN,4277951,2
401469321,MIN,3134916,11
401469321,MIN,4278039,6
401469321,MIN,3908336,0
401469321,MIN,4067325,0
401469321,MIN,4592187,0
401469321,MIN,4687718,0
401469322,DAL,2531367,20
401469322,DAL,2528779,20
401469322,DAL,6442,44
401469322,DAL,2528210,18
401469322,DAL,3945274,44
401469322,DAL,2960236,8
401469322,DAL,3058254,30
401469322,DAL,6426,5
401469322,DAL,3452,23
401469322,DAL,4432811,40
401469322,DAL,4868423,14
401469322,DAL,6461,0
401469322,DAL,2284101,0
401469322,DAL,4230547,0
401469322,DAL,3138154,0
401469322,ATL,3908845,34
401469322,ATL,3102529,32
401469322,ATL,3907497,41
401469322,ATL,4277905,41
401469322,ATL,4397136,38
401469322,ATL,4431680,21
401469322,ATL,4432585,13
401469322,ATL,4701230,19
401469322,ATL,3037789,25
401469322,ATL,4277952,0
401469322,ATL,3913180,0
401469322,ATL,3922230,0
401469322,ATL,4065656,0
401469322,ATL,4397179,0
401469322,ATL,4578893,0
401469323,WSH,4278049,28
401469323,WSH,4280151,34
401469323,WSH,4683021,34
401469323,WSH,3064447,32
401469323,WSH,4432356,30
401469323,WSH,3986,17
401469323,WSH,2581184,4
401469323,WSH,4065731,3
401469323,WSH,3056247,13
401469323,WSH,3129932,4
401469323,WSH,4278402,25
401469323,WSH,4592829,18
401469323,NY,4278355,33
401469323,NY,4351852,26
401469323,NY,3934672,39
401469323,NY,4395724,37
401469323,NY,4397014,41
401469323,NY,4222252,22
401469323,NY,6588,7
401469323,NY,3062679,26
401469323,NY,4431823,9
401469323,NY,4277922,0
401469323,NY,3913220,0
401469323,NY,4432645,0
401469324,DET,4277848,9
401469324,DET,4277957,31
401469324,DET,4432808,23
401469324,DET,4433218,31
401469324,DET,4683024,34
401469324,DET,4066410,28
401469324,DET,4395676,5
401469324,DET,4433621,22
401469324,DET,6446,21
401469324,DET,4397119,17
401469324,DET,4590530,21
401469324,DET,2488826,0
401469324,ORL,4432573,29
401469324,ORL,4566434,31
401469324,ORL,4277847,23
401469324,ORL,2999547,19
401469324,ORL,4066636,24
401469324,ORL,4278052,11
401469324,ORL,4433623,6
401469324,ORL,3918423,3
401469324,ORL,3150844,18
401469324,ORL,4348700,18
401469324,ORL,2596108,2
401469324,ORL,4432165,26
401469324,ORL,4432809,28
401469324,ORL,4683023,3
401469324,ORL,4397102,0
401469325,SA,4066650,23
401469325,SA,4565201,31
401469325,SA,3136779,32
401469325,SA,3133601,19
401469325,SA,4395626,33
401469325,SA,2528588,28
401469325,SA,4278580,17
401469325,SA,4592479,28
401469325,SA,4870562,30
401469325,SA,4397008,8
401469325,SA,4683935,16
401469325,SA,2534781,0
401469325,SAC,6578,37
401469325,SAC,3155942,39
401469325,SAC,4594327,35
401469325,SAC,4066259,38
401469325,SAC,4066372,36
401469325,SAC,3136196,12
401469325,SAC,4397693,22
401469325,SAC,2596107,13
401469325,SAC,3919454,17
401469325,SAC,3923250,0
401469325,SAC,4278053,16
401469325,SAC,3914283,0
401469325,SAC,2993370,0
401469325,SAC,4066262,0
401469325,SAC,4702177,0
401469326,LAL,1966,29
401469326,LAL,6583,30
401469326,LAL,4278077,15
401469326,LAL,3136776,15
401469326,LAL,4066457,33
401469326,LAL,4066264,14
401469326,LAL,4066648,25
401469326,LAL,4278508,26
401469326,LAL,3059262,4
401469326,LAL,3907822,23
401469326,LAL,3032979,18
401469326,LAL,4277890,4
401469326,LAL,4432582,4
401469326,HOU,4431828,28
401469326,HOU,4432639,33
401469326,HOU,4871144,38
401469326,HOU,4397140,37
401469326,HOU,4437244,40
401469326,HOU,4871143,3
401469326,HOU,2579294,4
401469326,HOU,4433192,25
401469326,HOU,4376,4
401469326,HOU,4432168,17
401469326,HOU,4432176,11
401469326,HOU,3415,0
401469327,PHX,3202,35
401469327,PHX,4278129,31
401469327,PHX,2779,32
401469327,PHX,3136193,37
401469327,PHX,4065663,26
401469327,PHX,3059307,8
401469327,PHX,2528693,12
401469327,PHX,2982334,11
401469327,PHX,6427,15
401469327,PHX,3064230,9
401469327,PHX,6619,11
401469327,PHX,3914044,12
401469327,PHX,4423545,0
401469327,PHX,3146557,0
401469327,PHX,2595209,0
401469327,OKC,4432823,20
401469327,OKC,4278073,38
401469327,OKC,4397020,39
401469327,OKC,4593803,35
401469327,OKC,4871145,35
401469327,OKC,3032978,14
401469327,OKC,4066317,10
401469327,OKC,4997526,5
401469327,OKC,4395702,22
401469327,OKC,4397183,22
401469327,OKC,4278046,0
401469327,OKC,4432813,0
401469327,OKC,4683018,0
401469327,OKC,4432819,0
401469328,IND,4432170,21
401469328,IND,4277883,36
401469328,IND,4395712,31
401469328,IND,4396909,32
401469328,IND,4683634,33
401469328,IND,4397189,27
401469328,IND,4278031,18
401469328,IND,2530530,19
401469328,IND,2990984,23
401469328,IND,3999,0
401469328,IND,2451037,0
401469328,IND,3438,0
401469328,CLE,3912848,27
401469328,CLE,4066328,27
401469328,CLE,4432158,39
401469328,CLE,3908809,40
401469328,CLE,4396907,39
401469328,CLE,4066405,12
401469328,CLE,3893016,9
401469328,CLE,4011,14
401469328,CLE,2991043,33
401469328,CLE,3988,0
401469328,CLE,3947156,0
401469328,CLE,4432815,0
401469328,CLE,3447,0
401469328,CLE,2968361,0
401469328,CLE,4066757,0
401469329,PHI,3033,24
401469329,PHI,6440,28
401469329,PHI,3059318,32
401469329,PHI,3992,34
401469329,PHI,4431678,35
401469329,PHI,2990969,17
401469329,PHI,4066731,14
401469329,PHI,4278562,13
401469329,PHI,2991155,9
401469329,PHI,2991055,3
401469329,PHI,3915195,4
401469329,PHI,3929325,4
401469329,PHI,4066436,22
401469329,PHI,2580913,0
401469329,MIL,6609,32
401469329,MIL,3032977,32
401469329,MIL,3448,31
401469329,MIL,3995,35
401469329,MIL,3135045,20
401469329,MIL,6581,17
401469329,MIL,2968436,20
401469329,MIL,3064482,28
401469329,MIL,4432179,1
401469329,MIL,3423,1
401469329,MIL,4032,1
401469329,MIL,2578239,1
401469329,MIL,3133635,21
401469329,MIL,3102533,0
401469330,GS,6589,37
401469330,GS,3155535,27
401469330,GS,3975,37
401469330,GS,6475,39
401469330,GS,3934673,32
401469330,GS,4066790,15
401469330,GS,4433247,23
401469330,GS,3134903,11
401469330,GS,4277956,20
401469330,GS,2327577,0
401469330,GS,4431720,0
401469330,GS,4432171,0
401469330,GS,4433246,0
401469330,DEN,3209,26
401469330,DEN,3064290,39
401469330,DEN,4278104,34
401469330,DEN,2581018,21
401469330,DEN,3936299,41
401469330,DEN,4230557,3
401469330,DEN,6443,7
401469330,DEN,4065670,32
401469330,DEN,4431767,16
401469330,DEN,4576087,20
401469330,DEN,4065653,0
401469330,DEN,3442,0
401469330,DEN,3934723,0
401469330,DEN,4305,0
401469331,TOR,3149673,35
401469331,TOR,3934719,29
401469331,TOR,4433134,29
401469331,TOR,3134908,22
401469331,TOR,2991230,27
401469331,TOR,3948153,27
401469331,TOR,4397885,3
401469331,TOR,4431679,15
401469331,TOR,4397033,2
401469331,TOR,4431778,11
401469331,TOR,4066668,4
401469331,TOR,6579,20
401469331,TOR,4066786,12
401469331,TOR,4397251,4
401469331,TOR,3244,0
401469331,CHA,4702233,34
401469331,CHA,4278076,27
401469331,CHA,4683027,39
401469331,CHA,3133602,34
401469331,CHA,4576086,36
401469331,CHA,4431699,23
401469331,CHA,4066303,13
401469331,CHA,4431712,22
401469331,CHA,4066335,12
401469331,CHA,4701232,0
401469331,CHA,3133603,0
401469332,MIA,6430,35
401469332,MIA,4066261,31
401469332,MIA,3137259,36
401469332,MIA,4065778,29
401469332,MIA,4395725,38
401469332,MIA,3449,17
401469332,MIA,3138160,30
401469332,MIA,3012,23
401469332,MIA,2184,0
401469332,MIA,3157465,0
401469332,MIA,4278572,0
401469332,MIA,4291678,0
401469332,MIA,2579258,0
401469332,MIA,3074213,0
401469332,MIA,2527963,0
401469332,DET,4277957,24
401469332,DET,4432808,30
401469332,DET,4433621,36
401469332,DET,4433218,37
401469332,DET,4683024,42
401469332,DET,4066410,26
401469332,DET,6446,28
401469332,DET,4397119,3
401469332,DET,4590530,15
401469332,DET,4277848,0
401469332,DET,4395676,0
401469332,DET,2488826,0
401469333,CLE,3912848,29
401469333,CLE,4066328,34
401469333,CLE,4432158,35
401469333,CLE,3908809,41
401469333,CLE,4396907,38
401469333,CLE,4066405,10
401469333,CLE,3893016,5
401469333,CLE,4011,11
401469333,CLE,2991043,36
401469333,CLE,3988,0
401469333,CLE,3947156,0
401469333,CLE,4432815,0
401469333,CLE,3447,0
401469333,CLE,2968361,0
401469333,CLE,4066757,0
401469333,ORL,4432573,38
401469333,ORL,4566434,33
401469333,ORL,4277847,32
401469333,ORL,2999547,24
401469333,ORL,4066636,36
401469333,ORL,3150844,10
401469333,ORL,4348700,16
401469333,ORL,4432165,24
401469333,ORL,4432809,26
401469333,ORL,4278052,0
401469333,ORL,4433623,0
401469333,ORL,4397102,0
401469333,ORL,2596108,0
401469333,ORL,4067858,0
401469333,ORL,4683023,0
401469334,MIL,6581,24
401469334,MIL,3032977,33
401469334,MIL,3448,30
401469334,MIL,3995,30
401469334,MIL,2578239,6
401469334,MIL,2968436,28
401469334,MIL,3064482,31
401469334,MIL,3102533,2
401469334,MIL,4432179,13
401469334,MIL,3423,14
401469334,MIL,4032,30
401469334,MIL,6605,0
401469334,MIL,4277887,0
401469334,WSH,2581184,22
401469334,WSH,4278049,21
401469334,WSH,4280151,34
401469334,WSH,4278402,28
401469334,WSH,4432356,37
401469334,WSH,4065731,27
401469334,WSH,3056247,22
401469334,WSH,3129932,26
401469334,WSH,4592829,23
401469334,WSH,4715198,0
401469334,WSH,3986,0
401469335,MIN,4431671,41
401469335,MIN,3032976,34
401469335,MIN,3136195,31
401469335,MIN,3195,33
401469335,MIN,4594268,31
401469335,MIN,2990962,23
401469335,MIN,2993874,32
401469335,MIN,4278039,15
401469335,MIN,4067325,0
401469335,MIN,4592187,0
401469335,MIN,4687718,0
401469335,MIN,3134916,0
401469335,BKN,2578185,34
401469335,BKN,3138196,34
401469335,BKN,4278067,32
401469335,BKN,2580782,38
401469335,BKN,3147657,40
401469335,BKN,2583632,35
401469335,BKN,2528794,15
401469335,BKN,4432194,3
401469335,BKN,2326307,3
401469335,BKN,4432174,5
401469335,BKN,3133838,0
401469335,BKN,4397126,0
401469335,BKN,4004,0
401469335,BKN,3136485,0
401469335,BKN,4397107,0
401469336,BOS,4065648,38
401469336,BOS,4066218,29
401469336,BOS,3213,35
401469336,BOS,2990992,30
401469336,BOS,3078576,40
401469336,BOS,3989,8
401469336,BOS,4065804,3
401469336,BOS,2490089,13
401469336,BOS,3064560,16
401469336,BOS,2566769,28
401469336,BOS,4065660,0
401469336,BOS,4576085,0
401469336,PHI,3033,27
401469336,PHI,6440,34
401469336,PHI,3059318,39
401469336,PHI,3992,40
401469336,PHI,4431678,40
401469336,PHI,2990969,16
401469336,PHI,4066731,15
401469336,PHI,4278562,9
401469336,PHI,2991155,1
401469336,PHI,4066436,19
401469336,PHI,2580913,0
401469336,PHI,2991055,0
401469336,PHI,3915195,0
401469336,PHI,3929325,0
401469337,ATL,3908845,24
401469337,ATL,3102529,26
401469337,ATL,3037789,33
401469337,ATL,3907497,35
401469337,ATL,4397136,34
401469337,ATL,4277952,2
401469337,ATL,4431680,20
401469337,ATL,4432585,25
401469337,ATL,4701230,22
401469337,ATL,3922230,2
401469337,ATL,4065656,12
401469337,ATL,4397179,2
401469337,ATL,4578893,2
401469337,ATL,4592304,2
401469337,ATL,3913180,0
401469337,CHI,6478,34
401469337,CHI,3964,32
401469337,CHI,3978,37
401469337,CHI,2991350,19
401469337,CHI,3064440,33
401469337,CHI,3936099,6
401469337,CHI,4431687,27
401469337,CHI,6585,8
401469337,CHI,4683622,2
401469337,CHI,4395651,22
401469337,CHI,4397002,18
401469337,CHI,4433159,2
401469337,CHI,4279815,0
401469337,CHI,2596112,0
401469337,CHI,4067735,0
401469338,DEN,3064290,33
401469338,DEN,4278104,33
401469338,DEN,3112335,25
401469338,DEN,2581018,25
401469338,DEN,3936299,9
401469338,DEN,3209,17
401469338,DEN,4230557,6
401469338,DEN,3442,8
401469338,DEN,6443,14
401469338,DEN,4065670,29
401469338,DEN,4431767,23
401469338,DEN,4576087,18
401469338,DEN,4065653,0
401469338,DEN,3934723,0
401469338,DEN,4305,0
401469338,HOU,4431828,27
401469338,HOU,4432639,36
401469338,HOU,4871144,38
401469338,HOU,4397140,34
401469338,HOU,4437244,39
401469338,HOU,4871143,10
401469338,HOU,4433192,33
401469338,HOU,4432168,18
401469338,HOU,4432176,5
401469338,HOU,2579294,0
401469338,HOU,4376,0
401469338,HOU,3415,0
401469339,POR,3914285,31
401469339,POR,4278075,25
401469339,POR,4066269,36
401469339,POR,4397821,29
401469339,POR,4914336,29
401469339,POR,4278111,17
401469339,POR,4432446,20
401469339,POR,4432588,25
401469339,POR,2991274,27
401469339,POR,4431675,0
401469339,POR,4395627,0
401469339,MEM,4277961,33
401469339,MEM,4277964,13
401469339,MEM,3913174,34
401469339,MEM,4066320,36
401469339,MEM,4279888,35
401469339,MEM,4585610,4
401469339,MEM,4593041,27
401469339,MEM,4593125,23
401469339,MEM,3134932,13
401469339,MEM,3135046,22
401469339,MEM,4397227,0
401469339,MEM,4432646,0
401469340,SAC,6578,31
401469340,SAC,3155942,32
401469340,SAC,4594327,35
401469340,SAC,4066259,30
401469340,SAC,4066372,22
401469340,SAC,3914283,3
401469340,SAC,2993370,3
401469340,SAC,3136196,13
401469340,SAC,4397693,11
401469340,SAC,2596107,13
401469340,SAC,3919454,3
401469340,SAC,3923250,3
401469340,SAC,4066262,23
401469340,SAC,4278053,15
401469340,SAC,4702177,3
401469340,NO,3913176,37
401469340,NO,4277813,31
401469340,NO,4397688,36
401469340,NO,6477,27
401469340,NO,2490149,35
401469340,NO,2580365,18
401469340,NO,4278594,14
401469340,NO,4397077,3
401469340,NO,2581190,20
401469340,NO,4023,3
401469340,NO,4395698,3
401469340,NO,4869342,13
401469340,NO,2999409,0
401469340,NO,4431811,0
401469341,LAL,1966,38
401469341,LAL,6583,42
401469341,LAL,4278077,18
401469341,LAL,3032979,42
401469341,LAL,4066457,42
401469341,LAL,4066264,10
401469341,LAL,4066648,25
401469341,LAL,4278508,26
401469341,LAL,3907822,22
401469341,LAL,4397134,0
401469341,LAL,3059262,0
401469341,LAL,4277890,0
401469341,LAL,4432582,0
401469341,UTAH,2489663,35
401469341,UTAH,4423309,22
401469341,UTAH,4396991,37
401469341,UTAH,4066299,21
401469341,UTAH,4397018,38
401469341,UTAH,3899664,22
401469341,UTAH,4401416,15
401469341,UTAH,3064559,32
401469341,UTAH,2991139,27
401469341,UTAH,4277811,16
401469341,UTAH,4066399,0
401469341,UTAH,4432817,0
401469342,OKC,4432823,19
401469342,OKC,4278073,34
401469342,OKC,4397020,36
401469342,OKC,4593803,33
401469342,OKC,4871145,28
401469342,OKC,3032978,19
401469342,OKC,4278046,3
401469342,OKC,4997526,8
401469342,OKC,4395695,3
401469342,OKC,4395702,28
401469342,OKC,4397183,27
401469342,OKC,4432819,3
401469342,OKC,4066317,0
401469342,OKC,4432813,0
401469342,GS,6589,36
401469342,GS,4066790,12
401469342,GS,4433247,20
401469342,GS,3975,37
401469342,GS,4277956,31
401469342,GS,3155535,26
401469342,GS,3134903,17
401469342,GS,3934673,32
401469342,GS,4065733,2
401469342,GS,4431720,2
401469342,GS,4432171,26
401469342,GS,4433246,2
401469342,GS,2327577,0
401469343,SA,4278580,29
401469343,SA,4565201,30
401469343,SA,3136779,26
401469343,SA,3133601,27
401469343,SA,4395626,29
401469343,SA,2528588,6
401469343,SA,4592479,28
401469343,SA,4870562,21
401469343,SA,2534781,21
401469343,SA,4683935,25
401469343,SA,4066650,0
401469343,SA,4397008,0
401469343,PHX,3202,34
401469343,PHX,4278129,29
401469343,PHX,2779,33
401469343,PHX,3136193,33
401469343,PHX,4065663,20
401469343,PHX,3059307,6
401469343,PHX,2528693,25
401469343,PHX,2982334,11
401469343,PHX,6427,16
401469343,PHX,3146557,3
401469343,PHX,2595209,3
401469343,PHX,6619,12
401469343,PHX,3914044,13
401469343,PHX,4278124,3
401469343,PHX,3064230,0
401469344,BKN,2583632,37
401469344,BKN,3138196,29
401469344,BKN,4278067,36
401469344,BKN,2580782,33
401469344,BKN,3147657,38
401469344,BKN,2528794,20
401469344,BKN,3133838,7
401469344,BKN,4432194,12
401469344,BKN,3136485,18
401469344,BKN,2326307,8
401469344,BKN,4066993,1
401469344,BKN,4397107,1
401469344,BKN,4397126,0
401469344,BKN,4004,0
401469344,BKN,4432174,0
401469344,DET,4066410,14
401469344,DET,4432808,29
401469344,DET,4433621,35
401469344,DET,4433218,43
401469344,DET,4683024,35
401469344,DET,6446,30
401469344,DET,4397119,20
401469344,DET,4590530,34
401469344,DET,4277848,0
401469344,DET,4277957,0
401469344,DET,4395676,0
401469344,DET,2488826,0
401469345,NY,4278355,43
401469345,NY,4351852,30
401469345,NY,3062679,37
401469345,NY,4395724,40
401469345,NY,4397014,43
401469345,NY,4222252,18
401469345,NY,4277922,5
401469345,NY,6588,11
401469345,NY,4431823,13
401469345,NY,4395625,0
401469345,NY,3456,0
401469345,NY,4432645,0
401469345,IND,4397189,26
401469345,IND,4277883,26
401469345,IND,4395712,32
401469345,IND,4396909,26
401469345,IND,4683634,32
401469345,IND,4432170,22
401469345,IND,4278031,18
401469345,IND,2530530,22
401469345,IND,2990984,22
401469345,IND,2991011,14
401469345,IND,3999,0
401469345,IND,2451037,0
401469345,IND,3438,0
401469346,WSH,2581184,20
401469346,WSH,4278049,23
401469346,WSH,4280151,28
401469346,WSH,4278402,29
401469346,WSH,4432356,36
401469346,WSH,4715198,3
401469346,WSH,4065731,30
401469346,WSH,3056247,26
401469346,WSH,3129932,17
401469346,WSH,4592829,28
401469346,WSH,3986,0
401469346,ATL,3908845,26
401469346,ATL,3102529,15
401469346,ATL,3907497,30
401469346,ATL,4277905,39
401469346,ATL,4397136,25
401469346,ATL,4277952,3
401469346,ATL,4431680,24
401469346,ATL,4432585,23
401469346,ATL,4701230,23
401469346,ATL,3913180,2
401469346,ATL,3922230,21
401469346,ATL,4065656,3
401469346,ATL,4397179,2
401469346,ATL,4578893,3
401469346,ATL,4592304,0
401469347,TOR,3149673,35
401469347,TOR,3934719,40
401469347,TOR,4433134,39
401469347,TOR,3134908,23
401469347,TOR,2991230,37
401469347,TOR,3948153,11
401469347,TOR,4431679,20
401469347,TOR,4431778,6
401469347,TOR,6579,14
401469347,TOR,4277843,16
401469347,TOR,3244,0
401469347,TOR,4397885,0
401469347,TOR,4397033,0
401469347,TOR,4066668,0
401469347,TOR,4397251,0
401469347,BOS,4065804,28
401469347,BOS,2490089,32
401469347,BOS,4066211,31
401469347,BOS,3078576,40
401469347,BOS,3917376,39
401469347,BOS,3989,13
401469347,BOS,4066218,19
401469347,BOS,3064560,4
401469347,BOS,2566769,35
401469347,BOS,4065660,0
401469347,BOS,4576085,0
401469348,CHI,4431687,29
401469348,CHI,6478,34
401469348,CHI,3964,28
401469348,CHI,3978,36
401469348,CHI,3064440,37
401469348,CHI,3936099,19
401469348,CHI,6585,13
401469348,CHI,4683622,1
401469348,CHI,4067735,1
401469348,CHI,4395651,25
401469348,CHI,4397002,17
401469348,CHI,4433159,1
401469348,CHI,4279815,0
401469348,CHI,2596112,0
401469348,MIL,6609,8
401469348,MIL,3064482,37
401469348,MIL,3448,37
401469348,MIL,3995,36
401469348,MIL,3133635,32
401469348,MIL,6581,17
401469348,MIL,2968436,24
401469348,MIL,3102533,1
401469348,MIL,4432179,1
401469348,MIL,6605,7
401469348,MIL,4032,30
401469348,MIL,4397475,10
401469348,MIL,3423,0
401469349,MEM,3155526,38
401469349,MEM,4277961,41
401469349,MEM,4593125,7
401469349,MEM,3135046,43
401469349,MEM,4066320,43
401469349,MEM,4585610,23
401469349,MEM,4593041,38
401469349,MEM,3134932,22
401469349,MEM,4397227,1
401469349,MEM,4432646,10
401469349,MEM,4592691,0
401469349,NO,3913176,46
401469349,NO,4277813,44
401469349,NO,4397688,46
401469349,NO,6477,19
401469349,NO,2490149,44
401469349,NO,2580365,34
401469349,NO,4278594,8
401469349,NO,2581190,15
401469349,NO,4869342,8
401469349,NO,4432821,0
401469349,NO,2999409,0
401469349,NO,4397077,0
401469349,NO,4431811,0
401469349,NO,4023,0
401469349,NO,4395698,0
401469350,SAC,6578,30
401469350,SAC,3155942,35
401469350,SAC,4594327,30
401469350,SAC,4066259,32
401469350,SAC,4066372,32
401469350,SAC,3136196,19
401469350,SAC,4397693,10
401469350,SAC,2596107,13
401469350,SAC,4066262,24
401469350,SAC,4278053,16
401469350,SAC,3914283,0
401469350,SAC,2993370,0
401469350,SAC,3919454,0
401469350,SAC,3923250,0
401469350,SAC,4702177,0
401469350,DAL,2531367,12
401469350,DAL,2528779,17
401469350,DAL,6442,43
401469350,DAL,2528210,37
401469350,DAL,3945274,39
401469350,DAL,2960236,15
401469350,DAL,3058254,25
401469350,DAL,3452,9
401469350,DAL,4432811,31
401469350,DAL,4868423,14
401469350,DAL,6461,0
401469350,DAL,2284101,0
401469350,DAL,6426,0
401469350,DAL,4230547,0
401469350,DAL,3138154,0
401469351,LAL,1966,35
401469351,LAL,6583,32
401469351,LAL,4278077,25
401469351,LAL,3136776,40
401469351,LAL,4066457,31
401469351,LAL,4066264,16
401469351,LAL,4066648,17
401469351,LAL,4278508,19
401469351,LAL,3907822,13
401469351,LAL,3032979,13
401469351,LAL,4277919,0
401469351,LAL,3059262,0
401469351,LAL,4277890,0
401469351,LAL,4432582,0
401469351,LAC,3416,30
401469351,LAC,6450,43
401469351,LAC,4017837,33
401469351,LAC,3431,23
401469351,LAC,3468,21
401469351,LAC,2488653,14
401469351,LAC,2595516,35
401469351,LAC,3907823,19
401469351,LAC,4592492,21
401469351,LAC,2490620,0
401469351,LAC,4433249,0
401469351,LAC,3914075,0
401469351,LAC,4066387,0
401469351,LAC,4432162,0
401469352,CLE,3912848,23
401469352,CLE,4066405,31
401469352,CLE,3893016,22
401469352,CLE,3447,19
401469352,CLE,4011,20
401469352,CLE,3988,26
401469352,CLE,3947156,24
401469352,CLE,4432815,29
401469352,CLE,2968361,24
401469352,CLE,4066757,22
401469352,CLE,2991043,0
401469352,ORL,4278052,32
401469352,ORL,4433623,30
401469352,ORL,3150844,21
401469352,ORL,4397102,30
401469352,ORL,4432165,24
401469352,ORL,3918423,19
401469352,ORL,4348700,21
401469352,ORL,2596108,12
401469352,ORL,4067858,24
401469352,ORL,4683023,28
401469352,ORL,4432809,0
401469353,MIA,6430,29
401469353,MIA,4066261,24
401469353,MIA,3137259,21
401469353,MIA,4065778,24
401469353,MIA,4395725,32
401469353,MIA,3449,19
401469353,MIA,3138160,35
401469353,MIA,3157465,5
401469353,MIA,4278572,5
401469353,MIA,4291678,18
401469353,MIA,3074213,5
401469353,MIA,3012,22
401469353,MIA,2184,0
401469353,MIA,2579258,0
401469353,MIA,2527963,0
401469353,PHI,3033,22
401469353,PHI,6440,24
401469353,PHI,3059318,30
401469353,PHI,3992,28
401469353,PHI,4066436,21
401469353,PHI,2990969,15
401469353,PHI,4066731,25
401469353,PHI,4278562,10
401469353,PHI,2991155,20
401469353,PHI,2991055,7
401469353,PHI,3915195,27
401469353,PHI,3929325,10
401469353,PHI,2580913,0
401469354,POR,3914285,28
401469354,POR,4431675,20
401469354,POR,4432588,37
401469354,POR,4066269,23
401469354,POR,4397821,32
401469354,POR,4278075,24
401469354,POR,4278111,28
401469354,POR,4432446,26
401469354,POR,2991274,24
401469354,POR,4395627,0
401469354,POR,4914336,0
401469354,SA,4066650,30
401469354,SA,4395723,32
401469354,SA,4565201,23
401469354,SA,3136779,26
401469354,SA,4395626,31
401469354,SA,4278580,21
401469354,SA,4592479,25
401469354,SA,4870562,15
401469354,SA,4397008,18
401469354,SA,4683935,17
401469354,SA,2534781,0
401469354,SA,4395630,0
401469355,OKC,4432823,23
401469355,OKC,4278073,38
401469355,OKC,4397020,19
401469355,OKC,4593803,28
401469355,OKC,4871145,36
401469355,OKC,3032978,23
401469355,OKC,4066317,16
401469355,OKC,4278046,2
401469355,OKC,4432813,2
401469355,OKC,4997526,2
401469355,OKC,4395695,2
401469355,OKC,4395702,21
401469355,OKC,4397183,28
401469355,OKC,4432819,2
401469355,UTAH,2489663,32
401469355,UTAH,4423309,31
401469355,UTAH,4066299,25
401469355,UTAH,2991139,35
401469355,UTAH,4397018,31
401469355,UTAH,3899664,25
401469355,UTAH,4401416,20
401469355,UTAH,3064559,21
401469355,UTAH,4066399,4
401469355,UTAH,4432817,16
401469355,UTAH,4277811,0
401469356,DEN,3442,30
401469356,DEN,6443,30
401469356,DEN,4065670,38
401469356,DEN,4431767,33
401469356,DEN,4576087,26
401469356,DEN,3209,22
401469356,DEN,4431690,17
401469356,DEN,4230557,20
401469356,DEN,4305,23
401469356,DEN,4065653,0
401469356,DEN,3934723,0
401469356,PHX,3202,41
401469356,PHX,4278129,32
401469356,PHX,2779,37
401469356,PHX,3136193,37
401469356,PHX,4065663,22
401469356,PHX,3059307,3
401469356,PHX,2528693,22
401469356,PHX,6427,11
401469356,PHX,3146557,5
401469356,PHX,3064230,7
401469356,PHX,6619,15
401469356,PHX,3914044,7
401469356,PHX,4423545,0
401469356,PHX,2595209,0
401469356,PHX,4278124,0
401469357,HOU,4431828,39
401469357,HOU,4432639,33
401469357,HOU,4871144,32
401469357,HOU,4397140,38
401469357,HOU,4437244,39
401469357,HOU,4871143,9
401469357,HOU,4433192,24
401469357,HOU,4376,7
401469357,HOU,4432168,20
401469357,HOU,2579294,0
401469357,HOU,4432176,0
401469357,HOU,3415,0
401469357,CHA,4702233,28
401469357,CHA,4701232,27
401469357,CHA,4683027,38
401469357,CHA,3133602,31
401469357,CHA,4576086,35
401469357,CHA,4431699,20
401469357,CHA,4066303,11
401469357,CHA,4278076,22
401469357,CHA,4431712,26
401469357,CHA,4066335,2
401469357,CHA,3138161,0
401469357,CHA,3133603,0
401469358,DET,4432808,8
401469358,DET,4433621,23
401469358,DET,4433218,42
401469358,DET,4590530,32
401469358,DET,4683024,40
401469358,DET,4277848,23
401469358,DET,4395676,6
401469358,DET,6446,33
401469358,DET,4397119,34
401469358,DET,4066410,0
401469358,DET,4277957,0
401469358,DET,2488826,0
401469358,IND,4432170,29
401469358,IND,4277883,25
401469358,IND,4395712,30
401469358,IND,4396909,17
401469358,IND,4683634,39
401469358,IND,3999,19
401469358,IND,4278031,12
401469358,IND,3438,18
401469358,IND,2990984,22
401469358,IND,2991011,29
401469358,IND,2451037,0
401469359,MIA,3157465,28
401469359,MIA,4291678,33
401469359,MIA,2579258,22
401469359,MIA,3137259,22
401469359,MIA,4065778,26
401469359,MIA,3138160,20
401469359,MIA,4278572,31
401469359,MIA,3074213,17
401469359,MIA,4593049,16
401469359,MIA,2527963,26
401469359,MIA,2184,0
401469359,WSH,2581184,19
401469359,WSH,4278049,25
401469359,WSH,4280151,34
401469359,WSH,3064447,21
401469359,WSH,4432356,38
401469359,WSH,4065731,23
401469359,WSH,3056247,16
401469359,WSH,3129932,22
401469359,WSH,4278402,20
401469359,WSH,4592829,22
401469359,WSH,4715198,0
401469359,WSH,3986,0
401469360,PHI,2990969,31
401469360,PHI,4066731,44
401469360,PHI,4278562,25
401469360,PHI,3915195,43
401469360,PHI,4432164,34
401469360,PHI,2991155,36
401469360,PHI,2580913,14
401469360,PHI,2991055,14
401469360,PHI,3929325,17
401469360,PHI,4397071,8
401469360,PHI,4397103,0
401469360,ATL,3908845,32
401469360,ATL,4065732,27
401469360,ATL,3102529,32
401469360,ATL,3907497,40
401469360,ATL,4277905,43
401469360,ATL,4431680,21
401469360,ATL,4701230,20
401469360,ATL,3037789,18
401469360,ATL,3922230,4
401469360,ATL,4397136,27
401469360,ATL,4277952,0
401469360,ATL,4432585,0
401469360,ATL,3913180,0
401469360,ATL,4397179,0
401469360,ATL,4578893,0
401469361,TOR,3149673,30
401469361,TOR,3934719,31
401469361,TOR,4433134,30
401469361,TOR,3134908,21
401469361,TOR,2991230,31
401469361,TOR,3948153,16
401469361,TOR,4397885,4
401469361,TOR,4431679,24
401469361,TOR,4397033,1
401469361,TOR,4431778,6
401469361,TOR,4066668,6
401469361,TOR,6579,16
401469361,TOR,4277843,21
401469361,TOR,4397251,4
401469361,TOR,3244,0
401469361,BOS,4065648,20
401469361,BOS,4065804,37
401469361,BOS,3213,28
401469361,BOS,4066211,25
401469361,BOS,3078576,28
401469361,BOS,3989,19
401469361,BOS,4066218,18
401469361,BOS,4432907,4
401469361,BOS,2490089,22
401469361,BOS,3064560,9
401469361,BOS,4065660,4
401469361,BOS,4066354,24
401469361,BOS,4576085,4
401469362,ORL,4566434,24
401469362,ORL,4348700,25
401469362,ORL,4066636,18
401469362,ORL,4432165,19
401469362,ORL,4432809,30
401469362,ORL,4278052,25
401469362,ORL,4433623,26
401469362,ORL,3918423,18
401469362,ORL,4397102,18
401469362,ORL,2596108,14
401469362,ORL,4067858,23
401469362,ORL,2999547,0
401469362,BKN,2578185,22
401469362,BKN,3138196,32
401469362,BKN,4278067,34
401469362,BKN,2580782,36
401469362,BKN,3147657,37
401469362,BKN,2583632,27
401469362,BKN,2528794,13
401469362,BKN,3133838,3
401469362,BKN,4432194,10
401469362,BKN,3136485,6
401469362,BKN,2326307,15
401469362,BKN,4066993,3
401469362,BKN,4397107,3
401469362,BKN,4004,0
401469362,BKN,4432174,0
401469363,MEM,3155526,31
401469363,MEM,4277961,27
401469363,MEM,3913174,32
401469363,MEM,4066320,31
401469363,MEM,4279888,24
401469363,MEM,4277964,18
401469363,MEM,4585610,3
401469363,MEM,4593041,16
401469363,MEM,3134932,30
401469363,MEM,3135046,22
401469363,MEM,4397227,3
401469363,MEM,4432646,3
401469363,MIL,6581,24
401469363,MIL,4432179,43
401469363,MIL,6605,26
401469363,MIL,4277887,41
401469363,MIL,4397475,15
401469363,MIL,3102533,38
401469363,MIL,3423,26
401469363,MIL,4032,6
401469363,MIL,3133635,22
401469363,MIL,2968436,0
401469363,MIL,3064482,0
401469364,NY,4278355,27
401469364,NY,4395625,36
401469364,NY,4222252,19
401469364,NY,4395724,31
401469364,NY,4397014,33
401469364,NY,4277922,29
401469364,NY,6588,15
401469364,NY,3062679,33
401469364,NY,4431823,18
401469364,NY,4351852,0
401469364,NY,3456,0
401469364,NY,4432645,0
401469364,NO,3913176,40
401469364,NO,4277813,34
401469364,NO,4397688,39
401469364,NO,6477,25
401469364,NO,2490149,39
401469364,NO,2580365,23
401469364,NO,4278594,14
401469364,NO,2581190,18
401469364,NO,4869342,9
401469364,NO,2999409,0
401469364,NO,4397077,0
401469364,NO,4023,0
401469364,NO,4395698,0
401469365,CHI,4431687,37
401469365,CHI,6478,28
401469365,CHI,2991350,18
401469365,CHI,4395651,42
401469365,CHI,4397002,38
401469365,CHI,3936099,21
401469365,CHI,4279815,12
401469365,CHI,2596112,14
401469365,CHI,4067735,15
401469365,CHI,4433159,16
401469365,CHI,6585,0
401469365,CHI,4683622,0
401469365,DAL,2531367,10
401469365,DAL,2528779,34
401469365,DAL,4230547,33
401469365,DAL,3945274,13
401469365,DAL,4868423,16
401469365,DAL,6461,8
401469365,DAL,2284101,26
401469365,DAL,6426,15
401469365,DAL,3452,7
401469365,DAL,4278507,24
401469365,DAL,3138154,31
401469365,DAL,4067017,23
401469366,GS,6589,33
401469366,GS,3155535,29
401469366,GS,3975,33
401469366,GS,6475,35
401469366,GS,3934673,29
401469366,GS,4066790,4
401469366,GS,4433247,19
401469366,GS,3134903,21
401469366,GS,4277956,19
401469366,GS,4431720,4
401469366,GS,4432171,10
401469366,GS,4433246,2
401469366,GS,2327577,0
401469366,SAC,6578,29
401469366,SAC,4594327,34
401469366,SAC,2596107,16
401469366,SAC,3919454,32
401469366,SAC,4278053,28
401469366,SAC,3914283,17
401469366,SAC,2993370,15
401469366,SAC,3136196,22
401469366,SAC,4397693,23
401469366,SAC,3923250,20
401469366,SAC,4702177,4
401469366,SAC,4397424,0
401469366,SAC,4066262,0
401469367,PHX,2528693,29
401469367,PHX,6427,12
401469367,PHX,3064230,15
401469367,PHX,3914044,22
401469367,PHX,4065663,29
401469367,PHX,3059307,25
401469367,PHX,4423545,7
401469367,PHX,3146557,30
401469367,PHX,2595209,18
401469367,PHX,6619,29
401469367,PHX,4278124,24
401469367,LAL,1966,29
401469367,LAL,6583,34
401469367,LAL,4278077,17
401469367,LAL,3136776,33
401469367,LAL,4066457,31
401469367,LAL,4066264,8
401469367,LAL,4066648,23
401469367,LAL,4278508,24
401469367,LAL,4277919,6
401469367,LAL,3059262,1
401469367,LAL,3907822,25
401469367,LAL,4277890,6
401469367,LAL,4432582,1
401469367,LAL,3032979,0
401469368,DEN,3064290,28
401469368,DEN,4278104,20
401469368,DEN,3112335,27
401469368,DEN,2581018,29
401469368,DEN,3936299,28
401469368,DEN,3209,12
401469368,DEN,4431690,12
401469368,DEN,4230557,12
401469368,DEN,4305,7
401469368,DEN,6443,22
401469368,DEN,4431767,26
401469368,DEN,4576087,17
401469368,DEN,4065653,0
401469368,DEN,3442,0
401469368,DEN,3934723,0
401469368,UTAH,4401416,30
401469368,UTAH,4423309,31
401469368,UTAH,4066299,30
401469368,UTAH,2991139,37
401469368,UTAH,4397018,35
401469368,UTAH,3899664,23
401469368,UTAH,3064559,18
401469368,UTAH,4066399,21
401469368,UTAH,4432817,15
401469368,UTAH,4396991,0
401469368,UTAH,4277811,0
401469369,MIN,4431671,26
401469369,MIN,3032976,29
401469369,MIN,3136195,28
401469369,MIN,3195,24
401469369,MIN,4594268,25
401469369,MIN,2990962,25
401469369,MIN,2993874,24
401469369,MIN,3908336,4
401469369,MIN,4067325,5
401469369,MIN,4592187,4
401469369,MIN,4687718,5
401469369,MIN,4277951,6
401469369,MIN,3134916,20
401469369,MIN,4278039,16
401469369,SA,4278580,26
401469369,SA,4565201,26
401469369,SA,4592479,32
401469369,SA,3136779,25
401469369,SA,4395626,32
401469369,SA,4870562,28
401469369,SA,2534781,20
401469369,SA,4397008,19
401469369,SA,4683935,34
401469369,SA,2528588,0
401469369,SA,4066650,0
401469369,SA,4395723,0
401469370,POR,4278075,36
401469370,POR,4431675,26
401469370,POR,4066269,30
401469370,POR,4397821,21
401469370,POR,4914336,37
401469370,POR,4278111,20
401469370,POR,4432446,22
401469370,POR,4432588,22
401469370,POR,2991274,26
401469370,POR,3914285,0
401469370,POR,4395627,0
401469370,LAC,3416,24
401469370,LAC,6450,29
401469370,LAC,4017837,23
401469370,LAC,3431,18
401469370,LAC,3468,25
401469370,LAC,2490620,21
401469370,LAC,4433249,2
401469370,LAC,2488653,20
401469370,LAC,2595516,27
401469370,LAC,3907823,24
401469370,LAC,3914075,2
401469370,LAC,4066387,2
401469370,LAC,4397916,2
401469370,LAC,4432162,2
401469370,LAC,4592492,22
401469371,ATL,4065732,17
401469371,ATL,4431680,26
401469371,ATL,4432585,29
401469371,ATL,3922230,31
401469371,ATL,4397136,15
401469371,ATL,4277952,22
401469371,ATL,4701230,19
401469371,ATL,3913180,26
401469371,ATL,4065656,17
401469371,ATL,4397179,16
401469371,ATL,4578893,20
401469371,ATL,4592304,3
401469371,BOS,3989,5
401469371,BOS,4065804,38
401469371,BOS,2490089,33
401469371,BOS,3078576,5
401469371,BOS,4066354,46
401469371,BOS,4066218,6
401469371,BOS,4432907,20
401469371,BOS,3064560,33
401469371,BOS,4065660,19
401469371,BOS,4576085,35
401469371,BOS,2566769,0
401469372,PHI,4066731,18
401469372,PHI,4278562,28
401469372,PHI,2991155,23
401469372,PHI,3915195,36
401469372,PHI,4432164,2
401469372,PHI,4397103,29
401469372,PHI,2580913,19
401469372,PHI,2991055,21
401469372,PHI,3929325,30
401469372,PHI,4397071,33
401469372,PHI,2990969,0
401469372,BKN,3133838,33
401469372,BKN,4432194,25
401469372,BKN,4004,35
401469372,BKN,3147657,0
401469372,BKN,4432174,43
401469372,BKN,4277850,35
401469372,BKN,4066993,24
401469372,BKN,4397107,45
401469372,BKN,2528794,0
401469372,BKN,4278067,0
401469372,BKN,2580782,0
401469373,CHA,4702233,31
401469373,CHA,4701232,30
401469373,CHA,4683027,42
401469373,CHA,3133602,35
401469373,CHA,4576086,33
401469373,CHA,4431699,17
401469373,CHA,4278076,18
401469373,CHA,4431712,27
401469373,CHA,4066335,8
401469373,CHA,3138161,0
401469373,CHA,4065697,0
401469373,CLE,3912848,24
401469373,CLE,3893016,16
401469373,CLE,4066328,12
401469373,CLE,4432158,12
401469373,CLE,4011,26
401469373,CLE,3988,25
401469373,CLE,3947156,17
401469373,CLE,4066405,19
401469373,CLE,4432815,23
401469373,CLE,3447,19
401469373,CLE,2968361,22
401469373,CLE,4066757,26
401469374,ORL,4433623,34
401469374,ORL,4566434,15
401469374,ORL,4277847,16
401469374,ORL,4066636,11
401469374,ORL,4432165,15
401469374,ORL,4278052,33
401469374,ORL,3918423,25
401469374,ORL,4348700,20
401469374,ORL,4397102,27
401469374,ORL,2596108,17
401469374,ORL,4067858,27
401469374,ORL,2999547,0
401469374,ORL,4432809,0
401469374,MIA,4291678,27
401469374,MIA,4066261,8
401469374,MIA,3137259,7
401469374,MIA,4065778,11
401469374,MIA,4395725,9
401469374,MIA,2184,25
401469374,MIA,3449,9
401469374,MIA,3138160,10
401469374,MIA,3157465,35
401469374,MIA,4278572,19
401469374,MIA,2579258,12
401469374,MIA,3074213,24
401469374,MIA,4593049,12
401469374,MIA,2527963,23
401469374,MIA,3012,10
401469375,IND,4432170,26
401469375,IND,4277883,23
401469375,IND,4395712,38
401469375,IND,4396909,25
401469375,IND,4683634,37
401469375,IND,3999,7
401469375,IND,4278031,28
401469375,IND,3438,22
401469375,IND,2990984,23
401469375,IND,2991011,12
401469375,IND,2451037,0
401469375,NY,4278355,37
401469375,NY,4395625,37
401469375,NY,4351852,27
401469375,NY,4395724,37
401469375,NY,4397014,32
401469375,NY,4222252,21
401469375,NY,6588,12
401469375,NY,3062679,26
401469375,NY,4431823,12
401469375,NY,4277922,0
401469375,NY,3456,0
401469375,NY,3913220,0
401469376,MIL,6581,25
401469376,MIL,3064482,18
401469376,MIL,4432179,30
401469376,MIL,6605,31
401469376,MIL,3133635,20
401469376,MIL,2968436,18
401469376,MIL,3102533,28
401469376,MIL,3423,21
401469376,MIL,4032,22
401469376,MIL,4277887,27
401469376,MIL,2578239,0
401469376,TOR,4431679,28
401469376,TOR,4433134,22
401469376,TOR,3134908,11
401469376,TOR,4066668,36
401469376,TOR,4277843,27
401469376,TOR,3948153,20
401469376,TOR,4397885,19
401469376,TOR,4397033,15
401469376,TOR,4431778,25
401469376,TOR,6579,14
401469376,TOR,4397251,22
401469376,TOR,3244,0
401469377,HOU,4431828,21
401469377,HOU,4432639,31
401469377,HOU,4871144,24
401469377,HOU,4432168,30
401469377,HOU,4437244,27
401469377,HOU,4871143,12
401469377,HOU,2579294,17
401469377,HOU,4433192,27
401469377,HOU,4376,13
401469377,HOU,4432176,18
401469377,HOU,4683749,21
401469377,HOU,4396978,0
401469377,HOU,2991282,0
401469377,HOU,3415,0
401469377,HOU,5075393,0
401469377,WSH,4715198,45
401469377,WSH,4280151,12
401469377,WSH,3129932,38
401469377,WSH,4278402,30
401469377,WSH,4432356,40
401469377,WSH,2581184,21
401469377,WSH,3056247,22
401469377,WSH,4592829,32
401469377,WSH,3986,0
401469377,WSH,4278049,0
401469377,WSH,3064447,0
401469378,DET,4432808,25
401469378,DET,4433621,35
401469378,DET,4433218,37
401469378,DET,4590530,3
401469378,DET,4683024,39
401469378,DET,4277848,19
401469378,DET,4395676,10
401469378,DET,6446,37
401469378,DET,4397119,35
401469378,DET,4066410,0
401469378,DET,4277957,0
401469378,DET,2488826,0
401469378,CHI,6478,17
401469378,CHI,3964,24
401469378,CHI,3978,24
401469378,CHI,2991350,15
401469378,CHI,3064440,26
401469378,CHI,3936099,10
401469378,CHI,4279815,15
401469378,CHI,4431687,22
401469378,CHI,6585,13
401469378,CHI,4683622,8
401469378,CHI,4067735,12
401469378,CHI,4395651,15
401469378,CHI,4397002,24
401469378,CHI,4433159,15
401469378,CHI,2596112,0
401469379,SA,4278580,31
401469379,SA,4565201,24
401469379,SA,4592479,33
401469379,SA,3136779,24
401469379,SA,4395626,23
401469379,SA,4870562,34
401469379,SA,2534781,23
401469379,SA,4397008,15
401469379,SA,4683935,33
401469379,SA,4395723,0
401469379,SA,4610139,0
401469379,SA,4395630,0
401469379,DAL,6461,27
401469379,DAL,6426,28
401469379,DAL,4230547,42
401469379,DAL,3138154,40
401469379,DAL,4868423,28
401469379,DAL,2284101,23
401469379,DAL,4278507,28
401469379,DAL,4067017,23
401469379,DAL,2531367,0
401469379,DAL,3058254,0
401469379,DAL,3452,0
401469380,NO,3913176,42
401469380,NO,4277813,39
401469380,NO,4397688,40
401469380,NO,6477,22
401469380,NO,2490149,39
401469380,NO,2580365,17
401469380,NO,4278594,12
401469380,NO,2581190,29
401469380,NO,2999409,0
401469380,NO,4397077,0
401469380,NO,4431811,0
401469380,NO,4023,0
401469380,NO,4395698,0
401469380,NO,4869342,0
401469380,MIN,4431671,9
401469380,MIN,3032976,13
401469380,MIN,3136195,36
401469380,MIN,3195,34
401469380,MIN,4594268,39
401469380,MIN,2990962,35
401469380,MIN,2993874,37
401469380,MIN,4067325,2
401469380,MIN,4592187,0
401469380,MIN,3134916,18
401469380,MIN,4278039,16
401469380,MIN,4687718,0
401469380,MIN,4277951,0
401469380,MIN,6617,0
401469380,MIN,4278541,0
401469381,MEM,4433137,33
401469381,MEM,4585610,40
401469381,MEM,4593041,43
401469381,MEM,3134932,36
401469381,MEM,4397227,48
401469381,MEM,4278378,41
401469381,MEM,4277964,0
401469381,MEM,4592691,0
401469381,MEM,3135046,0
401469381,MEM,3913174,0
401469381,MEM,4066320,0
401469381,OKC,4278046,42
401469381,OKC,4432813,40
401469381,OKC,4997526,45
401469381,OKC,4395695,46
401469381,OKC,4432819,47
401469381,OKC,4066317,12
401469381,OKC,4397183,8
401469381,OKC,3032978,0
401469381,OKC,4395702,0
401469381,OKC,4397020,0
401469381,OKC,4593803,0
401469382,SAC,6578,18
401469382,SAC,3155942,19
401469382,SAC,4594327,26
401469382,SAC,4066259,18
401469382,SAC,4066372,21
401469382,SAC,3914283,12
401469382,SAC,2993370,8
401469382,SAC,3136196,20
401469382,SAC,4397693,10
401469382,SAC,2596107,12
401469382,SAC,4397424,4
401469382,SAC,3919454,18
401469382,SAC,3923250,24
401469382,SAC,4066262,18
401469382,SAC,4702177,13
401469382,DEN,4230557,22
401469382,DEN,3442,27
401469382,DEN,4065670,32
401469382,DEN,4431767,23
401469382,DEN,4576087,26
401469382,DEN,4065653,15
401469382,DEN,4431690,26
401469382,DEN,3934723,21
401469382,DEN,4305,23
401469382,DEN,6443,25
401469382,DEN,4278104,0
401469383,UTAH,2489663,29
401469383,UTAH,4423309,30
401469383,UTAH,4066299,27
401469383,UTAH,2991139,40
401469383,UTAH,4397018,27
401469383,UTAH,3899664,31
401469383,UTAH,4401416,19
401469383,UTAH,3064559,21
401469383,UTAH,4432817,16
401469383,UTAH,4066399,0
401469383,UTAH,4277811,0
401469383,LAL,1966,33
401469383,LAL,6583,34
401469383,LAL,4278077,19
401469383,LAL,3136776,33
401469383,LAL,4066457,34
401469383,LAL,4066264,16
401469383,LAL,4066648,23
401469383,LAL,4278508,18
401469383,LAL,4397134,1
401469383,LAL,4277919,1
401469383,LAL,3907822,27
401469383,LAL,4432582,1
401469383,LAL,3032979,0
401469383,LAL,4277890,0
401469384,LAC,3416,21
401469384,LAC,6450,36
401469384,LAC,4017837,25
401469384,LAC,3431,21
401469384,LAC,3468,40
401469384,LAC,2490620,5
401469384,LAC,2488653,22
401469384,LAC,2595516,32
401469384,LAC,3907823,20
401469384,LAC,4592492,18
401469384,LAC,4433249,0
401469384,LAC,3914075,0
401469384,LAC,4066387,0
401469384,LAC,4397916,0
401469384,LAC,4432162,0
401469384,PHX,3059307,32
401469384,PHX,3146557,21
401469384,PHX,3914044,18
401469384,PHX,4065663,30
401469384,PHX,4278124,44
401469384,PHX,4423545,27
401469384,PHX,2528693,6
401469384,PHX,2595209,31
401469384,PHX,6619,31
401469384,PHX,6427,0
401469384,PHX,3064230,0
401469385,GS,6589,20
401469385,GS,3155535,21
401469385,GS,3975,22
401469385,GS,6475,22
401469385,GS,3934673,21
401469385,GS,2327577,12
401469385,GS,4066790,11
401469385,GS,4433247,24
401469385,GS,3134903,20
401469385,GS,4277956,17
401469385,GS,4431720,11
401469385,GS,4432171,29
401469385,GS,4433246,10
401469385,POR,4278075,33
401469385,POR,4431675,20
401469385,POR,4066269,41
401469385,POR,4397821,31
401469385,POR,4914336,28
401469385,POR,4278111,24
401469385,POR,4432446,21
401469385,POR,4432588,22
401469385,POR,3907526,21
401469385,POR,3914285,0
401469385,POR,4395627,0
401539671,ATL,3908845,22
401539671,ATL,4065732,23
401539671,ATL,3102529,28
401539671,ATL,3907497,37
401539671,ATL,4277905,37
401539671,ATL,4431680,20
401539671,ATL,4701230,14
401539671,ATL,3037789,26
401539671,ATL,4397136,33
401539671,ATL,4277952,0
401539671,ATL,4432585,0
401539671,ATL,3913180,0
401539671,ATL,3922230,0
401539671,ATL,4397179,0
401539671,ATL,4578893,0
401539671,MIA,6430,38
401539671,MIA,4066261,41
401539671,MIA,3137259,24
401539671,MIA,4065778,24
401539671,MIA,4395725,35
401539671,MIA,3449,3
401539671,MIA,3138160,29
401539671,MIA,2579258,4
401539671,MIA,2527963,9
401539671,MIA,3012,33
401539671,MIA,2184,0
401539671,MIA,3157465,0
401539671,MIA,4291678,0
401539671,MIA,3074213,0
401539672,MIN,2990962,43
401539672,MIN,2993874,45
401539672,MIN,3136195,41
401539672,MIN,3195,44
401539672,MIN,4594268,43
401539672,MIN,4067325,2
401539672,MIN,3134916,10
401539672,MIN,4278039,23
401539672,MIN,4278541,13
401539672,MIN,4592187,0
401539672,MIN,4687718,0
401539672,MIN,6617,0
401539672,LAL,1966,45
401539672,LAL,6583,43
401539672,LAL,4278077,22
401539672,LAL,3136776,24
401539672,LAL,4066457,39
401539672,LAL,4066264,2
401539672,LAL,4066648,27
401539672,LAL,4278508,17
401539672,LAL,3907822,14
401539672,LAL,3032979,33
401539672,LAL,6474,0
401539672,LAL,4277919,0
401539672,LAL,2991274,0
401539672,LAL,4277890,0
401539672,LAL,4432582,0
401539673,CHI,6478,39
401539673,CHI,3964,26
401539673,CHI,3978,39
401539673,CHI,2991350,31
401539673,CHI,3064440,40
401539673,CHI,3936099,5
401539673,CHI,4431687,25
401539673,CHI,6585,4
401539673,CHI,4395651,25
401539673,CHI,4397002,6
401539673,CHI,4683622,0
401539673,CHI,2596112,0
401539673,CHI,4067735,0
401539673,CHI,4433159,0
401539673,TOR,3149673,42
401539673,TOR,3934719,42
401539673,TOR,4433134,40
401539673,TOR,3134908,37
401539673,TOR,2991230,42
401539673,TOR,3948153,7
401539673,TOR,4431679,9
401539673,TOR,6579,2
401539673,TOR,4277843,17
401539673,TOR,3244,0
401539673,TOR,4397885,0
401539673,TOR,4397033,0
401539673,TOR,4431778,0
401539673,TOR,4066668,0
401539674,OKC,4432823,32
401539674,OKC,4278073,41
401539674,OKC,4397020,36
401539674,OKC,4593803,40
401539674,OKC,4871145,42
401539674,OKC,3032978,11
401539674,OKC,4066317,5
401539674,OKC,4395702,19
401539674,OKC,4397183,14
401539674,OKC,4432813,0
401539674,OKC,4997526,0
401539674,OKC,4432819,0
401539674,NO,3913176,38
401539674,NO,4277813,39
401539674,NO,4397688,44
401539674,NO,6477,30
401539674,NO,2490149,41
401539674,NO,4278594,9
401539674,NO,4397077,18
401539674,NO,2581190,17
401539674,NO,4395698,5
401539674,NO,2999409,0
401539674,NO,4023,0
401539674,NO,4869342,0
401539675,CHI,6478,35
401539675,CHI,3964,27
401539675,CHI,3978,41
401539675,CHI,2991350,30
401539675,CHI,3064440,41
401539675,CHI,3936099,3
401539675,CHI,4431687,17
401539675,CHI,6585,10
401539675,CHI,4395651,31
401539675,CHI,4397002,5
401539675,CHI,4683622,0
401539675,CHI,2596112,0
401539675,CHI,4067735,0
401539675,CHI,4433159,0
401539675,MIA,6430,43
401539675,MIA,4066261,37
401539675,MIA,3137259,27
401539675,MIA,4065778,36
401539675,MIA,4395725,39
401539675,MIA,3449,11
401539675,MIA,3138160,27
401539675,MIA,3012,20
401539675,MIA,2184,0
401539675,MIA,3157465,0
401539675,MIA,4291678,0
401539675,MIA,2579258,0
401539675,MIA,3074213,0
401539675,MIA,2527963,0
401539676,OKC,4432823,23
401539676,OKC,4278073,36
401539676,OKC,4397020,36
401539676,OKC,4593803,32
401539676,OKC,4871145,30
401539676,OKC,3032978,13
401539676,OKC,4066317,16
401539676,OKC,4432813,5
401539676,OKC,4997526,7
401539676,OKC,4395702,21
401539676,OKC,4397183,15
401539676,OKC,4432819,5
401539676,MIN,3032976,33
401539676,MIN,3136195,29
401539676,MIN,3195,30
401539676,MIN,4278039,37
401539676,MIN,4594268,39
401539676,MIN,2990962,20
401539676,MIN,2993874,32
401539676,MIN,4067325,4
401539676,MIN,4592187,3
401539676,MIN,4687718,4
401539676,MIN,6617,3
401539676,MIN,3134916,7
401539676,MIN,4278541,0
401540750,BKN,2578185,18
401540750,BKN,3138196,27
401540750,BKN,4278067,30
401540750,BKN,2580782,36
401540750,BKN,3147657,34
401540750,BKN,2583632,28
401540750,BKN,2528794,14
401540750,BKN,3133838,5
401540750,BKN,4432194,17
401540750,BKN,3136485,4
401540750,BKN,2326307,16
401540750,BKN,4397107,5
401540750,BKN,4432174,4
401540750,BKN,4004,0
401540750,PHI,3033,25
401540750,PHI,6440,29
401540750,PHI,3059318,33
401540750,PHI,3992,36
401540750,PHI,4431678,33
401540750,PHI,2990969,20
401540750,PHI,4066731,17
401540750,PHI,4278562,13
401540750,PHI,2991155,3
401540750,PHI,2991055,2
401540750,PHI,3915195,3
401540750,PHI,3929325,2
401540750,PHI,4066436,22
401540750,PHI,4432164,2
401540750,PHI,2580913,0
401540751,ATL,3908845,29
401540751,ATL,4065732,30
401540751,ATL,3102529,27
401540751,ATL,3907497,36
401540751,ATL,4277905,35
401540751,ATL,4431680,19
401540751,ATL,4701230,13
401540751,ATL,3037789,28
401540751,ATL,4397136,24
401540751,ATL,4277952,0
401540751,ATL,4432585,0
401540751,ATL,3913180,0
401540751,ATL,3922230,0
401540751,ATL,4397179,0
401540751,ATL,4578893,0
401540751,BOS,4065648,40
401540751,BOS,3213,38
401540751,BOS,2990992,32
401540751,BOS,3078576,39
401540751,BOS,3917376,37
401540751,BOS,4065804,11
401540751,BOS,4066211,22
401540751,BOS,2566769,21
401540751,BOS,3989,0
401540751,BOS,4066218,0
401540751,BOS,4432907,0
401540751,BOS,2490089,0
401540751,BOS,3064560,0
401540751,BOS,4066354,0
401540752,NY,3064514,34
401540752,NY,4395625,31
401540752,NY,4351852,26
401540752,NY,3934672,30
401540752,NY,4397014,27
401540752,NY,4278355,14
401540752,NY,4222252,22
401540752,NY,3062679,33
401540752,NY,4395724,24
401540752,NY,4277922,0
401540752,NY,3456,0
401540752,NY,6588,0
401540752,NY,3913220,0
401540752,NY,4431823,0
401540752,CLE,4432822,23
401540752,CLE,4066328,43
401540752,CLE,4432158,38
401540752,CLE,3908809,44
401540752,CLE,4396907,43
401540752,CLE,3912848,7
401540752,CLE,3893016,19
401540752,CLE,4011,6
401540752,CLE,2991043,18
401540752,CLE,3988,0
401540752,CLE,4066405,0
401540752,CLE,3447,0
401540752,CLE,2968361,0
401540752,CLE,4066757,0
401540753,GS,6589,33
401540753,GS,3155535,32
401540753,GS,3975,37
401540753,GS,6475,37
401540753,GS,3934673,20
401540753,GS,3059319,28
401540753,GS,4433247,10
401540753,GS,3134903,20
401540753,GS,4277956,22
401540753,GS,2327577,0
401540753,GS,4066790,0
401540753,GS,4432171,0
401540753,GS,4433246,0
401540753,SAC,6578,36
401540753,SAC,3155942,35
401540753,SAC,4594327,16
401540753,SAC,4066259,40
401540753,SAC,4066372,31
401540753,SAC,3136196,18
401540753,SAC,2596107,13
401540753,SAC,4066262,29
401540753,SAC,4278053,22
401540753,SAC,3914283,0
401540753,SAC,2993370,0
401540753,SAC,4397693,0
401540753,SAC,3919454,0
401540753,SAC,3923250,0
401540756,LAL,1966,34
401540756,LAL,6583,37
401540756,LAL,4278077,23
401540756,LAL,3136776,36
401540756,LAL,4066457,31
401540756,LAL,4066264,1
401540756,LAL,4066648,30
401540756,LAL,4278508,17
401540756,LAL,4277919,1
401540756,LAL,3907822,10
401540756,LAL,2991274,1
401540756,LAL,3032979,20
401540756,LAL,4277890,1
401540756,LAL,4432582,1
401540756,LAL,6474,0
401540756,MEM,3155526,29
401540756,MEM,4277961,37
401540756,MEM,4277964,22
401540756,MEM,4066320,37
401540756,MEM,4279888,30
401540756,MEM,4433137,1
401540756,MEM,4585610,1
401540756,MEM,4593041,9
401540756,MEM,4593125,24
401540756,MEM,3134932,1
401540756,MEM,3135046,25
401540756,MEM,3913174,26
401540754,MIA,6430,43
401540754,MIA,4066261,33
401540754,MIA,3137259,33
401540754,MIA,4065778,38
401540754,MIA,4395725,19
401540754,MIA,3449,23
401540754,MIA,3138160,26
401540754,MIA,3157465,6
401540754,MIA,3012,19
401540754,MIA,2184,0
401540754,MIA,4291678,0
401540754,MIA,2579258,0
401540754,MIA,3074213,0
401540754,MIA,2527963,0
401540754,MIL,6609,33
401540754,MIL,3032977,11
401540754,MIL,3448,36
401540754,MIL,3995,35
401540754,MIL,3135045,31
401540754,MIL,6581,12
401540754,MIL,2968436,15
401540754,MIL,3064482,27
401540754,MIL,4032,18
401540754,MIL,3133635,23
401540754,MIL,3102533,0
401540754,MIL,4432179,0
401540754,MIL,6605,0
401540754,MIL,3423,0
401540754,MIL,2578239,0
401540757,LAC,3416,21
401540757,LAC,6450,42
401540757,LAC,4017837,30
401540757,LAC,3431,33
401540757,LAC,3468,36
401540757,LAC,2488653,18
401540757,LAC,2595516,23
401540757,LAC,3907823,24
401540757,LAC,4592492,13
401540757,LAC,2490620,0
401540757,LAC,6462,0
401540757,LAC,4066387,0
401540757,LAC,4397916,0
401540757,LAC,4432162,0
401540757,PHX,3202,45
401540757,PHX,2528693,27
401540757,PHX,4278129,33
401540757,PHX,2779,39
401540757,PHX,3136193,43
401540757,PHX,3059307,7
401540757,PHX,6427,5
401540757,PHX,3146557,8
401540757,PHX,6619,4
401540757,PHX,3914044,24
401540757,PHX,4065663,7
401540757,PHX,4423545,0
401540757,PHX,2982334,0
401540757,PHX,2595209,0
401540755,MIN,3032976,26
401540755,MIN,3136195,30
401540755,MIN,3195,25
401540755,MIN,4278039,24
401540755,MIN,4594268,28
401540755,MIN,2990962,21
401540755,MIN,2993874,26
401540755,MIN,4067325,5
401540755,MIN,4592187,2
401540755,MIN,4687718,6
401540755,MIN,6617,16
401540755,MIN,3134916,10
401540755,MIN,4278541,22
401540755,DEN,3064290,23
401540755,DEN,4278104,31
401540755,DEN,3112335,28
401540755,DEN,2581018,31
401540755,DEN,3936299,33
401540755,DEN,3209,23
401540755,DEN,4431690,4
401540755,DEN,4230557,2
401540755,DEN,3442,6
401540755,DEN,4305,4
401540755,DEN,6443,4
401540755,DEN,4065670,25
401540755,DEN,4431767,19
401540755,DEN,4576087,4
401540755,DEN,3934723,0
401541173,BKN,2578185,27
401541173,BKN,3138196,41
401541173,BKN,4278067,21
401541173,BKN,2580782,41
401541173,BKN,3147657,41
401541173,BKN,2583632,36
401541173,BKN,2528794,13
401541173,BKN,2326307,20
401541173,BKN,3133838,0
401541173,BKN,4432194,0
401541173,BKN,4004,0
401541173,BKN,3136485,0
401541173,BKN,4397107,0
401541173,BKN,4432174,0
401541173,PHI,3033,22
401541173,PHI,6440,33
401541173,PHI,3059318,37
401541173,PHI,3992,38
401541173,PHI,4431678,40
401541173,PHI,2990969,13
401541173,PHI,4066731,22
401541173,PHI,4278562,11
401541173,PHI,2991155,2
401541173,PHI,4066436,21
401541173,PHI,2580913,0
401541173,PHI,2991055,0
401541173,PHI,3915195,0
401541173,PHI,3929325,0
401541173,PHI,4432164,0
401541169,GS,6589,31
401541169,GS,3059319,39
401541169,GS,3155535,23
401541169,GS,3975,41
401541169,GS,6475,38
401541169,GS,2327577,1
401541169,GS,4433247,4
401541169,GS,3134903,27
401541169,GS,3934673,13
401541169,GS,4277956,16
401541169,GS,4432171,8
401541169,GS,4066790,0
401541169,GS,4433246,0
401541169,SAC,6578,34
401541169,SAC,3155942,40
401541169,SAC,4594327,16
401541169,SAC,4066259,36
401541169,SAC,4066372,30
401541169,SAC,3136196,15
401541169,SAC,4397693,0
401541169,SAC,2596107,8
401541169,SAC,3919454,2
401541169,SAC,4066262,31
401541169,SAC,4278053,28
401541169,SAC,3914283,0
401541169,SAC,2993370,0
401541169,SAC,3923250,0
401541172,ATL,3908845,30
401541172,ATL,4065732,38
401541172,ATL,3102529,22
401541172,ATL,3907497,40
401541172,ATL,4277905,34
401541172,ATL,4431680,24
401541172,ATL,4701230,5
401541172,ATL,3037789,33
401541172,ATL,4397136,15
401541172,ATL,4277952,0
401541172,ATL,4432585,0
401541172,ATL,3913180,0
401541172,ATL,3922230,0
401541172,ATL,4397179,0
401541172,ATL,4578893,0
401541172,BOS,4065648,40
401541172,BOS,3213,32
401541172,BOS,2990992,32
401541172,BOS,3078576,34
401541172,BOS,3917376,36
401541172,BOS,4065804,15
401541172,BOS,3064560,1
401541172,BOS,4066211,23
401541172,BOS,2566769,28
401541172,BOS,3989,0
401541172,BOS,4066218,0
401541172,BOS,4432907,0
401541172,BOS,2490089,0
401541172,BOS,4066354,0
401541174,NY,3064514,33
401541174,NY,4395625,33
401541174,NY,4351852,21
401541174,NY,3934672,36
401541174,NY,4397014,22
401541174,NY,4278355,15
401541174,NY,4222252,27
401541174,NY,3062679,27
401541174,NY,4395724,23
401541174,NY,4431823,3
401541174,NY,4277922,0
401541174,NY,3456,0
401541174,NY,6588,0
401541174,NY,3913220,0
401541174,CLE,4432822,3
401541174,CLE,4066328,35
401541174,CLE,4432158,39
401541174,CLE,3908809,39
401541174,CLE,4396907,36
401541174,CLE,3988,20
401541174,CLE,3893016,23
401541174,CLE,3447,2
401541174,CLE,2968361,3
401541174,CLE,2991043,40
401541174,CLE,3912848,0
401541174,CLE,4066405,0
401541174,CLE,4011,0
401541174,CLE,4066757,0
401541170,LAC,3416,19
401541170,LAC,6450,39
401541170,LAC,4017837,29
401541170,LAC,3431,32
401541170,LAC,3468,36
401541170,LAC,2488653,14
401541170,LAC,2595516,28
401541170,LAC,3907823,26
401541170,LAC,4066387,1
401541170,LAC,4397916,1
401541170,LAC,4432162,1
401541170,LAC,4592492,14
401541170,LAC,2490620,0
401541170,LAC,6462,0
401541170,PHX,3202,44
401541170,PHX,2528693,32
401541170,PHX,4278129,32
401541170,PHX,2779,38
401541170,PHX,3136193,45
401541170,PHX,3059307,1
401541170,PHX,2982334,2
401541170,PHX,6427,15
401541170,PHX,2595209,3
401541170,PHX,3914044,14
401541170,PHX,4065663,15
401541170,PHX,4423545,0
401541170,PHX,3146557,0
401541170,PHX,6619,0
401541168,LAL,1966,39
401541168,LAL,6583,38
401541168,LAL,4278077,22
401541168,LAL,3136776,30
401541168,LAL,4066457,37
401541168,LAL,4066264,1
401541168,LAL,4066648,32
401541168,LAL,4278508,11
401541168,LAL,4277919,1
401541168,LAL,3907822,13
401541168,LAL,2991274,1
401541168,LAL,3032979,16
401541168,LAL,4277890,1
401541168,LAL,4432582,1
401541168,LAL,6474,0
401541168,MEM,3155526,23
401541168,MEM,4277961,40
401541168,MEM,4277964,32
401541168,MEM,3135046,36
401541168,MEM,4066320,35
401541168,MEM,4433137,0
401541168,MEM,4585610,0
401541168,MEM,4593041,21
401541168,MEM,4593125,14
401541168,MEM,3134932,14
401541168,MEM,3913174,24
401541168,MEM,4592691,0
401541171,MIA,6430,28
401541171,MIA,3157465,26
401541171,MIA,4066261,25
401541171,MIA,3137259,21
401541171,MIA,4065778,31
401541171,MIA,3449,11
401541171,MIA,3138160,29
401541171,MIA,4291678,12
401541171,MIA,2579258,12
401541171,MIA,2527963,26
401541171,MIA,3012,18
401541171,MIA,2184,0
401541171,MIA,3074213,0
401541171,MIL,6609,28
401541171,MIL,3064482,28
401541171,MIL,3448,34
401541171,MIL,3995,33
401541171,MIL,3135045,31
401541171,MIL,6581,15
401541171,MIL,2968436,25
401541171,MIL,3102533,1
401541171,MIL,4432179,1
401541171,MIL,6605,1
401541171,MIL,3423,3
401541171,MIL,2578239,25
401541171,MIL,3133635,14
401541167,MIN,2990962,18
401541167,MIN,3032976,39
401541167,MIN,3136195,34
401541167,MIN,3195,38
401541167,MIN,4594268,42
401541167,MIN,2993874,27
401541167,MIN,4278039,27
401541167,MIN,4278541,16
401541167,MIN,4067325,0
401541167,MIN,4592187,0
401541167,MIN,4687718,0
401541167,MIN,6617,0
401541167,MIN,3134916,0
401541167,DEN,3064290,33
401541167,DEN,4278104,29
401541167,DEN,3112335,37
401541167,DEN,2581018,39
401541167,DEN,3936299,39
401541167,DEN,3209,26
401541167,DEN,4065670,30
401541167,DEN,4431767,7
401541167,DEN,4431690,0
401541167,DEN,4230557,0
401541167,DEN,3442,0
401541167,DEN,3934723,0
401541167,DEN,4305,0
401541167,DEN,6443,0
401541167,DEN,4576087,0
401541181,PHI,3033,29
401541181,PHI,6440,36
401541181,PHI,3059318,38
401541181,PHI,3992,29
401541181,PHI,4431678,36
401541181,PHI,2990969,19
401541181,PHI,4066731,12
401541181,PHI,4278562,10
401541181,PHI,4066436,30
401541181,PHI,2991155,0
401541181,PHI,2580913,0
401541181,PHI,2991055,0
401541181,PHI,3915195,0
401541181,PHI,3929325,0
401541181,PHI,4432164,0
401541181,BKN,2578185,36
401541181,BKN,3138196,44
401541181,BKN,4278067,28
401541181,BKN,2580782,42
401541181,BKN,3147657,43
401541181,BKN,2583632,30
401541181,BKN,2528794,4
401541181,BKN,4432194,2
401541181,BKN,4432174,11
401541181,BKN,3133838,0
401541181,BKN,4004,0
401541181,BKN,3136485,0
401541181,BKN,2326307,0
401541181,BKN,4397107,0
401541177,SAC,6578,34
401541177,SAC,3155942,35
401541177,SAC,4594327,22
401541177,SAC,4066259,38
401541177,SAC,4066372,29
401541177,SAC,3914283,3
401541177,SAC,3136196,13
401541177,SAC,4397693,3
401541177,SAC,2596107,8
401541177,SAC,3919454,11
401541177,SAC,3923250,3
401541177,SAC,4066262,25
401541177,SAC,4278053,18
401541177,SAC,2993370,0
401541177,GS,3059319,34
401541177,GS,3155535,31
401541177,GS,3975,37
401541177,GS,6475,35
401541177,GS,4277956,28
401541177,GS,2327577,10
401541177,GS,4066790,7
401541177,GS,4433247,13
401541177,GS,3934673,27
401541177,GS,4432171,16
401541177,GS,4433246,3
401541177,GS,6589,0
401541178,PHX,3202,42
401541178,PHX,2528693,27
401541178,PHX,4278129,35
401541178,PHX,2779,41
401541178,PHX,3136193,45
401541178,PHX,2982334,4
401541178,PHX,6427,11
401541178,PHX,2595209,11
401541178,PHX,3914044,4
401541178,PHX,4065663,21
401541178,PHX,3059307,0
401541178,PHX,4423545,0
401541178,PHX,3146557,0
401541178,PHX,6619,0
401541178,LAC,3416,19
401541178,LAC,4017837,22
401541178,LAC,3431,31
401541178,LAC,3468,40
401541178,LAC,2595516,41
401541178,LAC,2490620,4
401541178,LAC,6462,20
401541178,LAC,2488653,16
401541178,LAC,3907823,26
401541178,LAC,4592492,21
401541178,LAC,4066387,0
401541178,LAC,4397916,0
401541178,LAC,4432162,0
401541180,BOS,4065648,40
401541180,BOS,3213,29
401541180,BOS,2990992,33
401541180,BOS,3078576,30
401541180,BOS,3917376,33
401541180,BOS,4065804,9
401541180,BOS,4066218,18
401541180,BOS,4066211,19
401541180,BOS,2566769,29
401541180,BOS,3989,0
401541180,BOS,4432907,0
401541180,BOS,2490089,0
401541180,BOS,3064560,0
401541180,BOS,4066354,0
401541180,ATL,3908845,21
401541180,ATL,4065732,35
401541180,ATL,3102529,25
401541180,ATL,3907497,37
401541180,ATL,4277905,37
401541180,ATL,4431680,23
401541180,ATL,4701230,13
401541180,ATL,3037789,22
401541180,ATL,4397136,27
401541180,ATL,4277952,0
401541180,ATL,4432585,0
401541180,ATL,3913180,0
401541180,ATL,3922230,0
401541180,ATL,4397179,0
401541180,ATL,4578893,0
401541182,CLE,4066328,37
401541182,CLE,4432158,37
401541182,CLE,2991043,35
401541182,CLE,3908809,38
401541182,CLE,4396907,33
401541182,CLE,3988,12
401541182,CLE,3912848,4
401541182,CLE,4066405,4
401541182,CLE,4432822,12
401541182,CLE,3893016,16
401541182,CLE,3447,4
401541182,CLE,4011,5
401541182,CLE,2968361,4
401541182,CLE,4066757,0
401541182,NY,3064514,33
401541182,NY,4395625,31
401541182,NY,4351852,30
401541182,NY,3934672,38
401541182,NY,4397014,13
401541182,NY,4278355,15
401541182,NY,4222252,18
401541182,NY,3456,3
401541182,NY,3062679,29
401541182,NY,3913220,4
401541182,NY,4395724,23
401541182,NY,4431823,4
401541182,NY,6588,0
401541175,DEN,3064290,31
401541175,DEN,4278104,40
401541175,DEN,3112335,38
401541175,DEN,2581018,29
401541175,DEN,3936299,38
401541175,DEN,3209,27
401541175,DEN,3442,0
401541175,DEN,4065670,24
401541175,DEN,4431767,14
401541175,DEN,4431690,0
401541175,DEN,4230557,0
401541175,DEN,3934723,0
401541175,DEN,4305,0
401541175,DEN,6443,0
401541175,DEN,4576087,0
401541175,MIN,3032976,32
401541175,MIN,3136195,42
401541175,MIN,3195,39
401541175,MIN,4278039,22
401541175,MIN,4594268,44
401541175,MIN,2990962,15
401541175,MIN,2993874,29
401541175,MIN,6617,6
401541175,MIN,4278541,12
401541175,MIN,4067325,0
401541175,MIN,4592187,0
401541175,MIN,4687718,0
401541175,MIN,3134916,0
401541189,PHI,3033,29
401541189,PHI,6440,37
401541189,PHI,4278562,32
401541189,PHI,3992,40
401541189,PHI,4431678,39
401541189,PHI,2990969,10
401541189,PHI,4066731,15
401541189,PHI,2991055,5
401541189,PHI,3915195,4
401541189,PHI,4066436,28
401541189,PHI,2580913,0
401541189,PHI,3929325,0
401541189,PHI,4432164,0
401541189,BKN,2578185,19
401541189,BKN,3138196,40
401541189,BKN,4278067,38
401541189,BKN,2580782,40
401541189,BKN,3147657,39
401541189,BKN,2583632,25
401541189,BKN,2528794,13
401541189,BKN,4004,5
401541189,BKN,2326307,22
401541189,BKN,3133838,0
401541189,BKN,4432194,0
401541189,BKN,3136485,0
401541189,BKN,4397107,0
401541189,BKN,4432174,0
401541186,PHX,3202,45
401541186,PHX,2528693,25
401541186,PHX,4278129,36
401541186,PHX,2779,38
401541186,PHX,3136193,41
401541186,PHX,6427,12
401541186,PHX,2595209,14
401541186,PHX,3914044,5
401541186,PHX,4065663,25
401541186,PHX,3059307,0
401541186,PHX,4423545,0
401541186,PHX,2982334,0
401541186,PHX,3146557,0
401541186,PHX,6619,0
401541186,LAC,6462,25
401541186,LAC,4017837,24
401541186,LAC,3431,32
401541186,LAC,3468,40
401541186,LAC,2595516,37
401541186,LAC,2490620,8
401541186,LAC,3416,6
401541186,LAC,2488653,19
401541186,LAC,3907823,30
401541186,LAC,4592492,18
401541186,LAC,4066387,0
401541186,LAC,4397916,0
401541186,LAC,4432162,0
401541179,MIL,6609,34
401541179,MIL,3064482,23
401541179,MIL,3448,30
401541179,MIL,3995,36
401541179,MIL,3135045,27
401541179,MIL,6581,13
401541179,MIL,2968436,22
401541179,MIL,3102533,4
401541179,MIL,4432179,4
401541179,MIL,6605,4
401541179,MIL,3423,4
401541179,MIL,2578239,26
401541179,MIL,3133635,12
401541179,MIA,3449,21
401541179,MIA,6430,28
401541179,MIA,4066261,30
401541179,MIA,3137259,18
401541179,MIA,4065778,23
401541179,MIA,2184,2
401541179,MIA,3138160,33
401541179,MIA,3157465,24
401541179,MIA,4291678,4
401541179,MIA,2579258,7
401541179,MIA,3074213,3
401541179,MIA,2527963,19
401541179,MIA,3012,28
401541176,MEM,3155526,19
401541176,MEM,4277961,32
401541176,MEM,4277964,39
401541176,MEM,4066320,33
401541176,MEM,4279888,42
401541176,MEM,4593041,13
401541176,MEM,4593125,11
401541176,MEM,3134932,9
401541176,MEM,3135046,17
401541176,MEM,3913174,25
401541176,MEM,4433137,0
401541176,MEM,4585610,0
401541176,LAL,1966,36
401541176,LAL,6583,39
401541176,LAL,4278077,21
401541176,LAL,3136776,31
401541176,LAL,4066457,35
401541176,LAL,4066264,1
401541176,LAL,4066648,22
401541176,LAL,4278508,17
401541176,LAL,3907822,13
401541176,LAL,3032979,24
401541176,LAL,6474,0
401541176,LAL,4277919,0
401541176,LAL,2991274,0
401541176,LAL,4277890,0
401541176,LAL,4432582,0
401541190,CLE,4066328,40
401541190,CLE,4432158,35
401541190,CLE,2991043,39
401541190,CLE,3908809,42
401541190,CLE,4396907,36
401541190,CLE,3988,4
401541190,CLE,4432822,17
401541190,CLE,3893016,21
401541190,CLE,4011,6
401541190,CLE,3912848,0
401541190,CLE,4066405,0
401541190,CLE,3447,0
401541190,CLE,2968361,0
401541190,CLE,4066757,0
401541190,NY,3064514,27
401541190,NY,4395625,38
401541190,NY,4351852,27
401541190,NY,3062679,40
401541190,NY,3934672,43
401541190,NY,4278355,20
401541190,NY,4222252,21
401541190,NY,4395724,19
401541190,NY,4431823,5
401541190,NY,3456,0
401541190,NY,6588,0
401541190,NY,3913220,0
401541190,NY,4397014,0
401541185,SAC,6578,31
401541185,SAC,3155942,37
401541185,SAC,4594327,33
401541185,SAC,4066259,40
401541185,SAC,4066372,20
401541185,SAC,3136196,12
401541185,SAC,4397693,0
401541185,SAC,2596107,11
401541185,SAC,4066262,28
401541185,SAC,4278053,28
401541185,SAC,3914283,0
401541185,SAC,2993370,0
401541185,SAC,3919454,0
401541185,SAC,3923250,0
401541185,GS,3059319,38
401541185,GS,3155535,32
401541185,GS,3975,43
401541185,GS,6475,39
401541185,GS,4277956,26
401541185,GS,6589,31
401541185,GS,4433247,3
401541185,GS,3134903,7
401541185,GS,3934673,16
401541185,GS,4432171,5
401541185,GS,2327577,0
401541185,GS,4066790,0
401541185,GS,4433246,0
401541188,BOS,4065648,39
401541188,BOS,3213,34
401541188,BOS,2990992,29
401541188,BOS,3078576,32
401541188,BOS,3917376,42
401541188,BOS,4065804,10
401541188,BOS,4066218,1
401541188,BOS,2490089,1
401541188,BOS,4066211,29
401541188,BOS,2566769,23
401541188,BOS,4066354,0
401541188,BOS,3989,0
401541188,BOS,4432907,0
401541188,BOS,3064560,0
401541188,ATL,3908845,25
401541188,ATL,4065732,40
401541188,ATL,3102529,30
401541188,ATL,3907497,40
401541188,ATL,4277905,41
401541188,ATL,4431680,18
401541188,ATL,4701230,6
401541188,ATL,3037789,19
401541188,ATL,4397136,21
401541188,ATL,4277952,0
401541188,ATL,4432585,0
401541188,ATL,3913180,0
401541188,ATL,3922230,0
401541188,ATL,4397179,0
401541188,ATL,4578893,0
401541183,DEN,3064290,43
401541183,DEN,4278104,41
401541183,DEN,3112335,39
401541183,DEN,2581018,40
401541183,DEN,3936299,41
401541183,DEN,3209,18
401541183,DEN,3442,4
401541183,DEN,4065670,26
401541183,DEN,4431767,13
401541183,DEN,4431690,0
401541183,DEN,4230557,0
401541183,DEN,3934723,0
401541183,DEN,4305,0
401541183,DEN,6443,0
401541183,DEN,4576087,0
401541183,MIN,3032976,39
401541183,MIN,3136195,36
401541183,MIN,3195,43
401541183,MIN,4278039,38
401541183,MIN,4594268,45
401541183,MIN,2990962,23
401541183,MIN,2993874,22
401541183,MIN,6617,11
401541183,MIN,3134916,4
401541183,MIN,4278541,4
401541183,MIN,4067325,0
401541183,MIN,4592187,0
401541183,MIN,4687718,0
401541187,MIL,6609,37
401541187,MIL,3032977,38
401541187,MIL,3448,39
401541187,MIL,3995,41
401541187,MIL,3135045,33
401541187,MIL,2968436,18
401541187,MIL,3064482,13
401541187,MIL,2578239,21
401541187,MIL,3133635,0
401541187,MIL,6581,0
401541187,MIL,3102533,0
401541187,MIL,4432179,0
401541187,MIL,6605,0
401541187,MIL,3423,0
401541187,MIA,3449,22
401541187,MIA,6430,41
401541187,MIA,4066261,30
401541187,MIA,3137259,29
401541187,MIA,4065778,17
401541187,MIA,3138160,25
401541187,MIA,3157465,30
401541187,MIA,4291678,14
401541187,MIA,2579258,7
401541187,MIA,3012,24
401541187,MIA,2184,0
401541187,MIA,4997528,0
401541187,MIA,3074213,0
401541184,MEM,3155526,41
401541184,MEM,4277961,42
401541184,MEM,4277964,42
401541184,MEM,4066320,47
401541184,MEM,4279888,44
401541184,MEM,4593041,20
401541184,MEM,4593125,7
401541184,MEM,3135046,9
401541184,MEM,3913174,14
401541184,MEM,4433137,0
401541184,MEM,4585610,0
401541184,MEM,3134932,0
401541184,LAL,1966,45
401541184,LAL,6583,42
401541184,LAL,4278077,20
401541184,LAL,3136776,29
401541184,LAL,4066457,42
401541184,LAL,4066648,26
401541184,LAL,4278508,22
401541184,LAL,3907822,9
401541184,LAL,3032979,30
401541184,LAL,4066264,0
401541184,LAL,6474,0
401541184,LAL,4277919,0
401541184,LAL,2991274,0
401541184,LAL,4277890,0
401541184,LAL,4432582,0
401541243,ATL,3908845,31
401541243,ATL,4065732,42
401541243,ATL,3102529,21
401541243,ATL,3037789,35
401541243,ATL,4277905,44
401541243,ATL,4431680,27
401541243,ATL,4701230,14
401541243,ATL,3922230,4
401541243,ATL,4397136,24
401541243,ATL,4277952,0
401541243,ATL,4432585,0
401541243,ATL,3907497,0
401541243,ATL,3913180,0
401541243,ATL,4397179,0
401541243,ATL,4578893,0
401541243,BOS,4065648,38
401541243,BOS,3213,33
401541243,BOS,2990992,27
401541243,BOS,3078576,31
401541243,BOS,3917376,38
401541243,BOS,3989,6
401541243,BOS,4065804,14
401541243,BOS,4066211,27
401541243,BOS,2566769,26
401541243,BOS,4066218,0
401541243,BOS,4432907,0
401541243,BOS,2490089,0
401541243,BOS,3064560,0
401541243,BOS,4066354,0
401541196,MIN,3032976,40
401541196,MIN,3136195,38
401541196,MIN,3195,38
401541196,MIN,4278039,38
401541196,MIN,4594268,40
401541196,MIN,2990962,22
401541196,MIN,4067325,0
401541196,MIN,6617,14
401541196,MIN,4278541,8
401541196,MIN,4592187,0
401541196,MIN,4687718,0
401541196,MIN,3134916,0
401541196,DEN,3064290,34
401541196,DEN,4278104,39
401541196,DEN,3112335,42
401541196,DEN,2581018,26
401541196,DEN,3936299,41
401541196,DEN,3209,19
401541196,DEN,4065670,30
401541196,DEN,4431767,10
401541196,DEN,4431690,0
401541196,DEN,4230557,0
401541196,DEN,3442,0
401541196,DEN,3934723,0
401541196,DEN,4305,0
401541196,DEN,6443,0
401541196,DEN,4576087,0
401541237,LAC,6462,24
401541237,LAC,4017837,24
401541237,LAC,3431,21
401541237,LAC,3468,39
401541237,LAC,2595516,39
401541237,LAC,3416,27
401541237,LAC,2488653,24
401541237,LAC,3907823,27
401541237,LAC,4592492,15
401541237,LAC,2490620,0
401541237,LAC,4066387,0
401541237,LAC,4397916,0
401541237,LAC,4432162,0
401541237,PHX,3202,44
401541237,PHX,2528693,17
401541237,PHX,4278129,36
401541237,PHX,2779,37
401541237,PHX,3136193,42
401541237,PHX,6427,12
401541237,PHX,3064230,3
401541237,PHX,2595209,7
401541237,PHX,3914044,9
401541237,PHX,4065663,33
401541237,PHX,3059307,0
401541237,PHX,4423545,0
401541237,PHX,2982334,0
401541237,PHX,3146557,0
401541237,PHX,6619,0
401541249,NY,3064514,16
401541249,NY,4395625,36
401541249,NY,4351852,36
401541249,NY,3062679,47
401541249,NY,3934672,42
401541249,NY,4278355,22
401541249,NY,4222252,12
401541249,NY,4395724,29
401541249,NY,4431823,0
401541249,NY,3456,0
401541249,NY,6588,0
401541249,NY,3913220,0
401541249,NY,4397014,0
401541249,CLE,4066328,36
401541249,CLE,4432158,39
401541249,CLE,2991043,37
401541249,CLE,3908809,44
401541249,CLE,4396907,40
401541249,CLE,3988,4
401541249,CLE,4066405,5
401541249,CLE,4432822,20
401541249,CLE,3893016,14
401541249,CLE,3912848,0
401541249,CLE,3447,0
401541249,CLE,4011,0
401541249,CLE,2968361,0
401541249,CLE,4066757,0
401541231,LAL,1966,37
401541231,LAL,6583,35
401541231,LAL,4278077,18
401541231,LAL,3136776,30
401541231,LAL,4066457,40
401541231,LAL,4066264,8
401541231,LAL,4066648,21
401541231,LAL,4278508,12
401541231,LAL,3907822,11
401541231,LAL,2991274,2
401541231,LAL,3032979,19
401541231,LAL,4277890,5
401541231,LAL,4432582,2
401541231,LAL,6474,0
401541231,LAL,4277919,0
401541231,MEM,3155526,30
401541231,MEM,4277961,38
401541231,MEM,4277964,31
401541231,MEM,4066320,43
401541231,MEM,4279888,38
401541231,MEM,4433137,1
401541231,MEM,4585610,1
401541231,MEM,4593041,1
401541231,MEM,4593125,14
401541231,MEM,3134932,10
401541231,MEM,3135046,15
401541231,MEM,3913174,18
401541240,MIA,3449,32
401541240,MIA,6430,46
401541240,MIA,4066261,40
401541240,MIA,3137259,41
401541240,MIA,4065778,38
401541240,MIA,3138160,21
401541240,MIA,3157465,15
401541240,MIA,4291678,3
401541240,MIA,2579258,10
401541240,MIA,3012,18
401541240,MIA,2184,0
401541240,MIA,4997528,0
401541240,MIA,3074213,0
401541240,MIL,6609,41
401541240,MIL,3032977,42
401541240,MIL,3448,44
401541240,MIL,3995,47
401541240,MIL,3135045,26
401541240,MIL,6581,0
401541240,MIL,2968436,8
401541240,MIL,3064482,17
401541240,MIL,4032,24
401541240,MIL,2578239,17
401541240,MIL,3102533,0
401541240,MIL,4432179,0
401541240,MIL,6605,0
401541240,MIL,3423,0
401541240,MIL,3133635,0
401541234,GS,3059319,39
401541234,GS,3155535,35
401541234,GS,3975,42
401541234,GS,6475,32
401541234,GS,4277956,23
401541234,GS,6589,32
401541234,GS,3134903,16
401541234,GS,3934673,17
401541234,GS,4432171,4
401541234,GS,2327577,0
401541234,GS,4066790,0
401541234,GS,4433247,0
401541234,GS,4433246,0
401541234,SAC,6578,33
401541234,SAC,3155942,36
401541234,SAC,4594327,35
401541234,SAC,4066259,42
401541234,SAC,4066372,16
401541234,SAC,3136196,13
401541234,SAC,4397693,0
401541234,SAC,2596107,12
401541234,SAC,4066262,29
401541234,SAC,4278053,24
401541234,SAC,3914283,0
401541234,SAC,2993370,0
401541234,SAC,3919454,0
401541234,SAC,3923250,0
401541244,BOS,4065648,40
401541244,BOS,3213,30
401541244,BOS,2990992,33
401541244,BOS,3078576,30
401541244,BOS,3917376,40
401541244,BOS,4065804,4
401541244,BOS,4066218,17
401541244,BOS,4066211,17
401541244,BOS,2566769,30
401541244,BOS,4066354,0
401541244,BOS,3989,0
401541244,BOS,4432907,0
401541244,BOS,2490089,0
401541244,BOS,3064560,0
401541244,ATL,3908845,29
401541244,ATL,4065732,39
401541244,ATL,3102529,28
401541244,ATL,3907497,38
401541244,ATL,4277905,40
401541244,ATL,4431680,20
401541244,ATL,4701230,5
401541244,ATL,3037789,20
401541244,ATL,4397136,22
401541244,ATL,4277952,0
401541244,ATL,4432585,0
401541244,ATL,3913180,0
401541244,ATL,3922230,0
401541244,ATL,4397179,0
401541244,ATL,4578893,0
401541235,SAC,6578,15
401541235,SAC,3155942,23
401541235,SAC,4594327,45
401541235,SAC,4066259,37
401541235,SAC,4066372,29
401541235,SAC,3914283,0
401541235,SAC,3136196,27
401541235,SAC,4397693,1
401541235,SAC,2596107,0
401541235,SAC,3919454,19
401541235,SAC,3923250,0
401541235,SAC,4066262,32
401541235,SAC,4278053,11
401541235,SAC,2993370,0
401541235,GS,3059319,33
401541235,GS,3155535,27
401541235,GS,3975,36
401541235,GS,6475,35
401541235,GS,4277956,26
401541235,GS,6589,26
401541235,GS,2327577,4
401541235,GS,4066790,4
401541235,GS,4433247,4
401541235,GS,3134903,10
401541235,GS,3934673,18
401541235,GS,4432171,16
401541232,MEM,3155526,26
401541232,MEM,4277961,32
401541232,MEM,4277964,18
401541232,MEM,4066320,37
401541232,MEM,4279888,34
401541232,MEM,4433137,10
401541232,MEM,4585610,10
401541232,MEM,4593041,12
401541232,MEM,4593125,29
401541232,MEM,3134932,15
401541232,MEM,3135046,18
401541232,MEM,3913174,0
401541232,LAL,1966,31
401541232,LAL,6583,28
401541232,LAL,4278077,15
401541232,LAL,3136776,30
401541232,LAL,4066457,34
401541232,LAL,4066264,10
401541232,LAL,4066648,22
401541232,LAL,4278508,9
401541232,LAL,4277919,9
401541232,LAL,3907822,9
401541232,LAL,3032979,23
401541232,LAL,4277890,9
401541232,LAL,4432582,9
401541232,LAL,6474,0
401541232,LAL,2991274,0
401544334,PHX,3202,36
401544334,PHX,4278129,30
401544334,PHX,2779,32
401544334,PHX,3136193,40
401544334,PHX,4065663,19
401544334,PHX,3059307,5
401544334,PHX,2528693,24
401544334,PHX,6427,6
401544334,PHX,3146557,10
401544334,PHX,3064230,5
401544334,PHX,2595209,12
401544334,PHX,6619,5
401544334,PHX,3914044,14
401544334,PHX,4423545,0
401544334,PHX,2982334,0
401544334,DEN,3064290,39
401544334,DEN,4278104,31
401544334,DEN,3112335,33
401544334,DEN,2581018,28
401544334,DEN,3936299,37
401544334,DEN,3209,18
401544334,DEN,4431690,3
401544334,DEN,4230557,3
401544334,DEN,4305,3
401544334,DEN,6443,3
401544334,DEN,4065670,25
401544334,DEN,4431767,14
401544334,DEN,4576087,3
401544334,DEN,3442,0
401544334,DEN,3934723,0
401544973,MIA,3449,16
401544973,MIA,6430,43
401544973,MIA,4066261,37
401544973,MIA,3137259,33
401544973,MIA,4065778,23
401544973,MIA,3138160,31
401544973,MIA,3157465,13
401544973,MIA,4291678,5
401544973,MIA,2579258,8
401544973,MIA,3012,30
401544973,MIA,2184,0
401544973,MIA,4997528,0
401544973,MIA,3074213,0
401544973,NY,4278355,31
401544973,NY,4395625,40
401544973,NY,4351852,34
401544973,NY,3062679,43
401544973,NY,3934672,40
401544973,NY,4222252,14
401544973,NY,4395724,27
401544973,NY,4397014,10
401544973,NY,3064514,0
401544973,NY,3456,0
401544973,NY,6588,0
401544973,NY,3913220,0
401544973,NY,4431823,0
401541236,GS,6589,38
401541236,GS,3059319,37
401541236,GS,3155535,31
401541236,GS,3975,38
401541236,GS,6475,35
401541236,GS,4433247,3
401541236,GS,3134903,16
401541236,GS,3934673,8
401541236,GS,4277956,19
401541236,GS,4432171,15
401541236,GS,2327577,0
401541236,GS,4066790,0
401541236,SAC,6578,14
401541236,SAC,3155942,37
401541236,SAC,4594327,28
401541236,SAC,4066259,37
401541236,SAC,4066372,28
401541236,SAC,3914283,3
401541236,SAC,3136196,21
401541236,SAC,4397693,3
401541236,SAC,2596107,3
401541236,SAC,3919454,26
401541236,SAC,3923250,3
401541236,SAC,4066262,31
401541236,SAC,4278053,8
401541236,SAC,2993370,0
401545111,PHI,3033,37
401545111,PHI,6440,42
401545111,PHI,4278562,37
401545111,PHI,3992,39
401545111,PHI,4431678,36
401545111,PHI,2990969,13
401545111,PHI,4066731,11
401545111,PHI,4066436,25
401545111,PHI,2991155,0
401545111,PHI,2580913,0
401545111,PHI,2991055,0
401545111,PHI,3915195,0
401545111,PHI,3929325,0
401545111,PHI,4432164,0
401545111,BOS,4065648,44
401545111,BOS,3213,30
401545111,BOS,2990992,35
401545111,BOS,3078576,27
401545111,BOS,3917376,42
401545111,BOS,4065804,5
401545111,BOS,4066218,4
401545111,BOS,4066211,20
401545111,BOS,2566769,34
401545111,BOS,3989,0
401545111,BOS,4432907,0
401545111,BOS,2490089,0
401545111,BOS,3064560,0
401545111,BOS,4066354,0
401544335,PHX,3202,44
401544335,PHX,4278129,33
401544335,PHX,2779,25
401544335,PHX,3136193,45
401544335,PHX,4065663,22
401544335,PHX,3059307,2
401544335,PHX,2528693,11
401544335,PHX,6427,10
401544335,PHX,3146557,5
401544335,PHX,3064230,17
401544335,PHX,2595209,26
401544335,PHX,4423545,0
401544335,PHX,2982334,0
401544335,PHX,6619,0
401544335,PHX,3914044,0
401544335,DEN,3064290,39
401544335,DEN,4278104,23
401544335,DEN,3112335,41
401544335,DEN,2581018,41
401544335,DEN,3936299,39
401544335,DEN,3209,16
401544335,DEN,4065670,25
401544335,DEN,4431767,16
401544335,DEN,4431690,0
401544335,DEN,4230557,0
401544335,DEN,3442,0
401544335,DEN,3934723,0
401544335,DEN,4305,0
401544335,DEN,6443,0
401544335,DEN,4576087,0
401544974,MIA,3449,24
401544974,MIA,3138160,38
401544974,MIA,4066261,38
401544974,MIA,3137259,41
401544974,MIA,4065778,25
401544974,MIA,3157465,21
401544974,MIA,4291678,15
401544974,MIA,2579258,7
401544974,MIA,3012,31
401544974,MIA,2184,0
401544974,MIA,4997528,0
401544974,MIA,3074213,0
401544974,NY,3064514,38
401544974,NY,4395625,38
401544974,NY,4351852,21
401544974,NY,3062679,33
401544974,NY,3934672,39
401544974,NY,4278355,10
401544974,NY,4222252,26
401544974,NY,4395724,9
401544974,NY,4397014,26
401544974,NY,3456,0
401544974,NY,6588,0
401544974,NY,3913220,0
401544974,NY,4431823,0
401545231,LAL,1966,40
401545231,LAL,6583,44
401545231,LAL,4278077,26
401545231,LAL,3136776,33
401545231,LAL,4066457,39
401545231,LAL,4066264,4
401545231,LAL,4066648,11
401545231,LAL,4278508,12
401545231,LAL,3032979,31
401545231,LAL,6474,0
401545231,LAL,3907822,0
401545231,LAL,2991274,0
401545231,LAL,4277890,0
401545231,LAL,4432582,0
401545231,GS,6589,34
401545231,GS,3059319,34
401545231,GS,3155535,29
401545231,GS,3975,38
401545231,GS,6475,37
401545231,GS,2327577,8
401545231,GS,3134903,12
401545231,GS,3934673,12
401545231,GS,4277956,30
401545231,GS,4432171,6
401545231,GS,4066790,0
401545231,GS,4433247,0
401545112,PHI,3033,21
401545112,PHI,6440,33
401545112,PHI,3059318,27
401545112,PHI,3992,32
401545112,PHI,4431678,30
401545112,PHI,2990969,13
401545112,PHI,4066731,13
401545112,PHI,4278562,16
401545112,PHI,2991155,8
401545112,PHI,2580913,5
401545112,PHI,3915195,9
401545112,PHI,3929325,5
401545112,PHI,4066436,18
401545112,PHI,4432164,10
401545112,PHI,2991055,0
401545112,BOS,4065648,19
401545112,BOS,3213,24
401545112,BOS,2990992,27
401545112,BOS,3078576,30
401545112,BOS,3917376,30
401545112,BOS,4065804,8
401545112,BOS,4066218,29
401545112,BOS,4432907,5
401545112,BOS,2490089,5
401545112,BOS,3064560,5
401545112,BOS,4066211,22
401545112,BOS,2566769,24
401545112,BOS,4066354,12
401545112,BOS,3989,0
401545232,LAL,1966,28
401545232,LAL,6583,33
401545232,LAL,4278077,20
401545232,LAL,3136776,28
401545232,LAL,4066457,25
401545232,LAL,4066264,3
401545232,LAL,4066648,22
401545232,LAL,4278508,8
401545232,LAL,6474,12
401545232,LAL,3907822,12
401545232,LAL,2991274,9
401545232,LAL,3032979,19
401545232,LAL,4277890,12
401545232,LAL,4432582,9
401545232,GS,6589,28
401545232,GS,2327577,13
401545232,GS,3059319,30
401545232,GS,3975,30
401545232,GS,6475,31
401545232,GS,3155535,12
401545232,GS,4066790,9
401545232,GS,4433247,10
401545232,GS,3134903,9
401545232,GS,3934673,28
401545232,GS,4277956,16
401545232,GS,4432171,26
401545113,BOS,4065648,43
401545113,BOS,3213,31
401545113,BOS,2990992,35
401545113,BOS,3078576,32
401545113,BOS,3917376,34
401545113,BOS,4066218,23
401545113,BOS,4066211,16
401545113,BOS,2566769,26
401545113,BOS,4065804,0
401545113,BOS,4432907,0
401545113,BOS,2490089,0
401545113,BOS,3064560,0
401545113,BOS,4066354,0
401545113,PHI,3033,25
401545113,PHI,6440,25
401545113,PHI,3059318,39
401545113,PHI,3992,41
401545113,PHI,4431678,40
401545113,PHI,2990969,19
401545113,PHI,4066731,11
401545113,PHI,4278562,9
401545113,PHI,2991155,0
401545113,PHI,4066436,30
401545113,PHI,2580913,0
401545113,PHI,2991055,0
401545113,PHI,3915195,0
401545113,PHI,3929325,0
401545113,PHI,4432164,0
401544336,DEN,3064290,39
401544336,DEN,4278104,37
401544336,DEN,3112335,42
401544336,DEN,2581018,34
401544336,DEN,3936299,41
401544336,DEN,3209,14
401544336,DEN,4065670,23
401544336,DEN,4431767,10
401544336,DEN,4431690,0
401544336,DEN,4230557,0
401544336,DEN,3442,0
401544336,DEN,3934723,0
401544336,DEN,4305,0
401544336,DEN,6443,0
401544336,DEN,4576087,0
401544336,PHX,3202,43
401544336,PHX,4278129,26
401544336,PHX,3064230,30
401544336,PHX,3136193,42
401544336,PHX,4065663,10
401544336,PHX,2528693,3
401544336,PHX,2982334,26
401544336,PHX,3146557,22
401544336,PHX,6619,14
401544336,PHX,3914044,25
401544336,PHX,3059307,0
401544336,PHX,4423545,0
401544336,PHX,6427,0
401544336,PHX,2595209,0
401544336,PHX,2779,0
401544975,NY,3064514,38
401544975,NY,4395625,25
401544975,NY,4351852,14
401544975,NY,3062679,38
401544975,NY,3934672,38
401544975,NY,4278355,17
401544975,NY,4222252,26
401544975,NY,3913220,1
401544975,NY,4395724,20
401544975,NY,4397014,22
401544975,NY,4431823,1
401544975,NY,3456,0
401544975,NY,6588,0
401544975,MIA,3449,23
401544975,MIA,6430,36
401544975,MIA,4066261,36
401544975,MIA,3137259,30
401544975,MIA,4065778,30
401544975,MIA,3138160,23
401544975,MIA,3157465,13
401544975,MIA,4291678,12
401544975,MIA,4997528,1
401544975,MIA,2579258,12
401544975,MIA,3074213,1
401544975,MIA,3012,25
401545233,GS,6589,23
401545233,GS,2327577,11
401545233,GS,3059319,28
401545233,GS,3975,32
401545233,GS,6475,33
401545233,GS,3155535,16
401545233,GS,4066790,6
401545233,GS,4433247,9
401545233,GS,3134903,13
401545233,GS,3934673,22
401545233,GS,4277956,22
401545233,GS,4432171,20
401545233,GS,4433246,5
401545233,LAL,1966,32
401545233,LAL,6583,33
401545233,LAL,4278077,15
401545233,LAL,3136776,29
401545233,LAL,4066457,30
401545233,LAL,4066264,5
401545233,LAL,4066648,16
401545233,LAL,4278508,9
401545233,LAL,6474,6
401545233,LAL,3907822,6
401545233,LAL,2991274,9
401545233,LAL,3032979,20
401545233,LAL,4277890,24
401545233,LAL,4432582,6
401545114,BOS,4065648,47
401545114,BOS,3213,38
401545114,BOS,2990992,42
401545114,BOS,3078576,31
401545114,BOS,3917376,44
401545114,BOS,4066218,12
401545114,BOS,4066211,14
401545114,BOS,2566769,36
401545114,BOS,3989,0
401545114,BOS,4065804,0
401545114,BOS,4432907,0
401545114,BOS,2490089,0
401545114,BOS,3064560,0
401545114,BOS,4066354,0
401545114,PHI,3033,31
401545114,PHI,6440,45
401545114,PHI,3059318,46
401545114,PHI,3992,47
401545114,PHI,4431678,45
401545114,PHI,2990969,19
401545114,PHI,4278562,6
401545114,PHI,4066436,25
401545114,PHI,4066731,0
401545114,PHI,2991155,0
401545114,PHI,2580913,0
401545114,PHI,2991055,0
401545114,PHI,3915195,0
401545114,PHI,3929325,0
401545114,PHI,4432164,0
401544337,DEN,3064290,36
401544337,DEN,4278104,39
401544337,DEN,3112335,39
401544337,DEN,2581018,34
401544337,DEN,3936299,42
401544337,DEN,3209,20
401544337,DEN,4065670,22
401544337,DEN,4431767,8
401544337,DEN,4431690,0
401544337,DEN,4230557,0
401544337,DEN,3442,0
401544337,DEN,3934723,0
401544337,DEN,4305,0
401544337,DEN,6443,0
401544337,DEN,4576087,0
401544337,PHX,3202,44
401544337,PHX,4278129,27
401544337,PHX,3064230,25
401544337,PHX,3136193,40
401544337,PHX,4065663,17
401544337,PHX,2528693,0
401544337,PHX,2982334,19
401544337,PHX,3146557,21
401544337,PHX,6619,17
401544337,PHX,3914044,30
401544337,PHX,3059307,0
401544337,PHX,4423545,0
401544337,PHX,6427,0
401544337,PHX,2595209,0
401544337,PHX,2779,0
401544976,NY,3064514,39
401544976,NY,4395625,35
401544976,NY,4351852,33
401544976,NY,3934672,44
401544976,NY,4397014,42
401544976,NY,4278355,6
401544976,NY,4222252,15
401544976,NY,3062679,22
401544976,NY,4431823,4
401544976,NY,3456,0
401544976,NY,6588,0
401544976,NY,3913220,0
401544976,MIA,3449,23
401544976,MIA,6430,42
401544976,MIA,4066261,38
401544976,MIA,3137259,22
401544976,MIA,4065778,37
401544976,MIA,3138160,26
401544976,MIA,3157465,11
401544976,MIA,4291678,6
401544976,MIA,2579258,8
401544976,MIA,3012,26
401544976,MIA,2184,0
401544976,MIA,4997528,0
401544976,MIA,3074213,0
401545234,GS,6589,37
401545234,GS,3059319,39
401545234,GS,3975,42
401545234,GS,6475,41
401545234,GS,3134903,23
401545234,GS,2327577,2
401545234,GS,3155535,11
401545234,GS,3934673,15
401545234,GS,4277956,10
401545234,GS,4432171,19
401545234,GS,4066790,0
401545234,GS,4433247,0
401545234,LAL,1966,43
401545234,LAL,6583,43
401545234,LAL,4278077,11
401545234,LAL,3136776,31
401545234,LAL,4066457,34
401545234,LAL,4066264,2
401545234,LAL,4066648,14
401545234,LAL,3032979,35
401545234,LAL,4277890,27
401545234,LAL,4278508,0
401545234,LAL,6474,0
401545234,LAL,3907822,0
401545234,LAL,2991274,0
401545234,LAL,4432582,0
401545115,PHI,3033,34
401545115,PHI,6440,31
401545115,PHI,3059318,37
401545115,PHI,3992,39
401545115,PHI,4431678,42
401545115,PHI,2990969,12
401545115,PHI,4278562,7
401545115,PHI,2991155,15
401545115,PHI,3915195,1
401545115,PHI,4066436,23
401545115,PHI,4066731,0
401545115,PHI,2580913,0
401545115,PHI,2991055,0
401545115,PHI,3929325,0
401545115,PHI,4432164,0
401545115,BOS,4065648,40
401545115,BOS,3213,25
401545115,BOS,2990992,34
401545115,BOS,3078576,34
401545115,BOS,3917376,34
401545115,BOS,4065804,4
401545115,BOS,4066218,8
401545115,BOS,2490089,4
401545115,BOS,3064560,4
401545115,BOS,4066211,19
401545115,BOS,2566769,26
401545115,BOS,4066354,9
401545115,BOS,3989,0
401545115,BOS,4432907,0
401544338,PHX,3202,42
401544338,PHX,4278129,32
401544338,PHX,3064230,31
401544338,PHX,3136193,41
401544338,PHX,4065663,8
401544338,PHX,3059307,4
401544338,PHX,2528693,4
401544338,PHX,2982334,15
401544338,PHX,3146557,16
401544338,PHX,2595209,4
401544338,PHX,6619,20
401544338,PHX,3914044,23
401544338,PHX,4423545,0
401544338,PHX,6427,0
401544338,PHX,2779,0
401544338,DEN,3064290,36
401544338,DEN,4278104,28
401544338,DEN,3112335,38
401544338,DEN,2581018,27
401544338,DEN,3936299,37
401544338,DEN,3209,16
401544338,DEN,4431690,2
401544338,DEN,4230557,2
401544338,DEN,4305,2
401544338,DEN,6443,4
401544338,DEN,4065670,27
401544338,DEN,4431767,20
401544338,DEN,4576087,4
401544338,DEN,3442,0
401544338,DEN,3934723,0
401544977,MIA,3449,16
401544977,MIA,6430,43
401544977,MIA,4066261,39
401544977,MIA,3137259,23
401544977,MIA,4065778,26
401544977,MIA,3138160,28
401544977,MIA,3157465,22
401544977,MIA,4291678,3
401544977,MIA,2579258,9
401544977,MIA,3012,31
401544977,MIA,2184,0
401544977,MIA,4997528,0
401544977,MIA,3074213,0
401544977,NY,3064514,36
401544977,NY,4395625,38
401544977,NY,4351852,26
401544977,NY,3934672,48
401544977,NY,4397014,48
401544977,NY,4278355,12
401544977,NY,4222252,22
401544977,NY,3062679,9
401544977,NY,4431823,1
401544977,NY,3456,0
401544977,NY,6588,0
401544977,NY,3913220,0
401545235,LAL,1966,39
401545235,LAL,6583,32
401545235,LAL,4278077,11
401545235,LAL,3136776,30
401545235,LAL,4066457,36
401545235,LAL,4066264,3
401545235,LAL,4066648,21
401545235,LAL,4278508,3
401545235,LAL,3907822,3
401545235,LAL,2991274,3
401545235,LAL,3032979,29
401545235,LAL,4277890,28
401545235,LAL,4432582,3
401545235,LAL,6474,0
401545235,GS,6589,30
401545235,GS,3059319,36
401545235,GS,3975,39
401545235,GS,6475,37
401545235,GS,3134903,27
401545235,GS,3155535,20
401545235,GS,4066790,2
401545235,GS,4433247,2
401545235,GS,3934673,13
401545235,GS,4277956,23
401545235,GS,4432171,10
401545235,GS,2327577,0
401545116,BOS,4065648,43
401545116,BOS,3213,39
401545116,BOS,4066211,28
401545116,BOS,2990992,42
401545116,BOS,3917376,39
401545116,BOS,2566769,30
401545116,BOS,3078576,19
401545116,BOS,3989,0
401545116,BOS,4065804,0
401545116,BOS,4066218,0
401545116,BOS,4432907,0
401545116,BOS,2490089,0
401545116,BOS,3064560,0
401545116,BOS,4066354,0
401545116,PHI,3033,20
401545116,PHI,6440,42
401545116,PHI,3059318,41
401545116,PHI,3992,43
401545116,PHI,4431678,40
401545116,PHI,2990969,15
401545116,PHI,4066731,1
401545116,PHI,4278562,6
401545116,PHI,2991155,8
401545116,PHI,3915195,1
401545116,PHI,4066436,24
401545116,PHI,4432164,1
401545116,PHI,2580913,0
401545116,PHI,2991055,0
401545116,PHI,3929325,0
401544339,DEN,3064290,35
401544339,DEN,4278104,24
401544339,DEN,3112335,38
401544339,DEN,2581018,36
401544339,DEN,3936299,35
401544339,DEN,3209,18
401544339,DEN,4431690,2
401544339,DEN,4230557,2
401544339,DEN,4305,2
401544339,DEN,6443,3
401544339,DEN,4065670,31
401544339,DEN,4431767,14
401544339,DEN,4576087,2
401544339,DEN,3442,0
401544339,DEN,3934723,0
401544339,PHX,3202,37
401544339,PHX,3146557,31
401544339,PHX,3064230,42
401544339,PHX,3136193,36
401544339,PHX,3914044,37
401544339,PHX,3059307,2
401544339,PHX,2528693,13
401544339,PHX,2982334,16
401544339,PHX,6427,8
401544339,PHX,2595209,12
401544339,PHX,6619,9
401544339,PHX,4423545,0
401544339,PHX,4278129,0
401544339,PHX,2779,0
401544339,PHX,4065663,0
401544978,NY,3064514,36
401544978,NY,4395625,32
401544978,NY,4351852,29
401544978,NY,3934672,45
401544978,NY,4397014,32
401544978,NY,4278355,12
401544978,NY,4222252,18
401544978,NY,3062679,33
401544978,NY,4431823,3
401544978,NY,3456,0
401544978,NY,6588,0
401544978,NY,3913220,0
401544978,MIA,3449,16
401544978,MIA,6430,41
401544978,MIA,4066261,39
401544978,MIA,3137259,31
401544978,MIA,4065778,34
401544978,MIA,3138160,24
401544978,MIA,3157465,14
401544978,MIA,2579258,9
401544978,MIA,3012,31
401544978,MIA,2184,0
401544978,MIA,4291678,0
401544978,MIA,4997528,0
401544978,MIA,3074213,0
401545236,GS,6589,24
401545236,GS,3059319,28
401545236,GS,3975,39
401545236,GS,6475,38
401545236,GS,3134903,10
401545236,GS,3155535,26
401545236,GS,4066790,4
401545236,GS,4433247,4
401545236,GS,3934673,26
401545236,GS,4277956,23
401545236,GS,4432171,15
401545236,GS,4433246,4
401545236,GS,2327577,0
401545236,LAL,1966,43
401545236,LAL,6583,40
401545236,LAL,3032979,25
401545236,LAL,3136776,41
401545236,LAL,4066457,39
401545236,LAL,4066648,16
401545236,LAL,4278077,4
401545236,LAL,4278508,4
401545236,LAL,6474,4
401545236,LAL,3907822,4
401545236,LAL,2991274,4
401545236,LAL,4277890,14
401545236,LAL,4432582,2
401545236,LAL,4066264,0
401545117,PHI,3033,20
401545117,PHI,6440,40
401545117,PHI,3059318,38
401545117,PHI,3992,41
401545117,PHI,4431678,42
401545117,PHI,2990969,4
401545117,PHI,4278562,10
401545117,PHI,2991155,6
401545117,PHI,3915195,4
401545117,PHI,3929325,4
401545117,PHI,4066436,29
401545117,PHI,4432164,4
401545117,PHI,4066731,0
401545117,PHI,2580913,0
401545117,PHI,2991055,0
401545117,BOS,4065648,42
401545117,BOS,3213,34
401545117,BOS,4066211,30
401545117,BOS,2990992,39
401545117,BOS,3917376,41
401545117,BOS,4065804,2
401545117,BOS,4066218,3
401545117,BOS,4432907,2
401545117,BOS,3064560,4
401545117,BOS,2566769,29
401545117,BOS,3078576,12
401545117,BOS,4066354,2
401545117,BOS,3989,0
401545117,BOS,2490089,0
401547679,LAL,1966,40
401547679,LAL,6583,42
401547679,LAL,3032979,32
401547679,LAL,3136776,26
401547679,LAL,4066457,42
401547679,LAL,4066648,28
401547679,LAL,4278077,10
401547679,LAL,4277890,20
401547679,LAL,4066264,0
401547679,LAL,4278508,0
401547679,LAL,6474,0
401547679,LAL,3907822,0
401547679,LAL,2991274,0
401547679,LAL,4432582,0
401547679,DEN,3064290,36
401547679,DEN,4278104,35
401547679,DEN,3112335,42
401547679,DEN,2581018,36
401547679,DEN,3936299,37
401547679,DEN,3209,18
401547679,DEN,4065670,24
401547679,DEN,4431767,12
401547679,DEN,4431690,0
401547679,DEN,4230557,0
401547679,DEN,3442,0
401547679,DEN,3934723,0
401547679,DEN,4305,0
401547679,DEN,6443,0
401547679,DEN,4576087,0
401547671,MIA,3449,16
401547671,MIA,6430,43
401547671,MIA,4066261,37
401547671,MIA,3137259,36
401547671,MIA,4065778,34
401547671,MIA,3138160,30
401547671,MIA,3157465,7
401547671,MIA,2579258,9
401547671,MIA,3012,28
401547671,MIA,2184,0
401547671,MIA,4291678,0
401547671,MIA,4997528,0
401547671,MIA,3074213,0
401547671,BOS,4065648,41
401547671,BOS,3213,32
401547671,BOS,4066211,26
401547671,BOS,2990992,34
401547671,BOS,3917376,39
401547671,BOS,2566769,37
401547671,BOS,3078576,21
401547671,BOS,4066354,12
401547671,BOS,3989,0
401547671,BOS,4065804,0
401547671,BOS,4066218,0
401547671,BOS,4432907,0
401547671,BOS,2490089,0
401547671,BOS,3064560,0
401547682,LAL,1966,40
401547682,LAL,6583,41
401547682,LAL,4278077,17
401547682,LAL,3136776,33
401547682,LAL,4066457,36
401547682,LAL,4066648,30
401547682,LAL,6474,0
401547682,LAL,3032979,30
401547682,LAL,4277890,13
401547682,LAL,4066264,0
401547682,LAL,4278508,0
401547682,LAL,3907822,0
401547682,LAL,2991274,0
401547682,LAL,4432582,0
401547682,DEN,3064290,39
401547682,DEN,4278104,31
401547682,DEN,3112335,42
401547682,DEN,2581018,26
401547682,DEN,3936299,43
401547682,DEN,3209,15
401547682,DEN,6443,3
401547682,DEN,4065670,37
401547682,DEN,4431767,5
401547682,DEN,4431690,0
401547682,DEN,4230557,0
401547682,DEN,3442,0
401547682,DEN,3934723,0
401547682,DEN,4305,0
401547682,DEN,4576087,0
401547672,MIA,3449,15
401547672,MIA,6430,41
401547672,MIA,4066261,38
401547672,MIA,3137259,40
401547672,MIA,4065778,27
401547672,MIA,3138160,32
401547672,MIA,3157465,21
401547672,MIA,2579258,10
401547672,MIA,3012,17
401547672,MIA,2184,0
401547672,MIA,4291678,0
401547672,MIA,4997528,0
401547672,MIA,3074213,0
401547672,BOS,4065648,42
401547672,BOS,3213,29
401547672,BOS,4066211,23
401547672,BOS,2990992,33
401547672,BOS,3917376,38
401547672,BOS,4066218,26
401547672,BOS,2566769,26
401547672,BOS,3078576,23
401547672,BOS,3989,0
401547672,BOS,4065804,0
401547672,BOS,4432907,0
401547672,BOS,2490089,0
401547672,BOS,3064560,0
401547672,BOS,4066354,0
401547683,DEN,3064290,32
401547683,DEN,4278104,38
401547683,DEN,3112335,38
401547683,DEN,2581018,34
401547683,DEN,3936299,42
401547683,DEN,3209,23
401547683,DEN,4065670,29
401547683,DEN,4431767,3
401547683,DEN,4431690,0
401547683,DEN,4230557,0
401547683,DEN,3442,0
401547683,DEN,3934723,0
401547683,DEN,4305,0
401547683,DEN,6443,0
401547683,DEN,4576087,0
401547683,LAL,1966,43
401547683,LAL,6583,42
401547683,LAL,4278077,14
401547683,LAL,3136776,20
401547683,LAL,4066457,40
401547683,LAL,4066648,34
401547683,LAL,4278508,1
401547683,LAL,6474,1
401547683,LAL,3907822,1
401547683,LAL,2991274,1
401547683,LAL,3032979,25
401547683,LAL,4277890,19
401547683,LAL,4432582,1
401547683,LAL,4066264,0
401547673,BOS,4065648,33
401547673,BOS,3213,19
401547673,BOS,2990992,30
401547673,BOS,3078576,26
401547673,BOS,3917376,28
401547673,BOS,4065804,12
401547673,BOS,4066218,29
401547673,BOS,2490089,8
401547673,BOS,3064560,12
401547673,BOS,4066211,13
401547673,BOS,2566769,18
401547673,BOS,4066354,12
401547673,BOS,3989,0
401547673,BOS,4432907,0
401547673,MIA,3449,5
401547673,MIA,6430,31
401547673,MIA,4066261,26
401547673,MIA,3137259,35
401547673,MIA,4065778,25
401547673,MIA,3138160,35
401547673,MIA,3157465,24
401547673,MIA,4291678,5
401547673,MIA,4997528,5
401547673,MIA,2579258,18
401547673,MIA,3074213,5
401547673,MIA,3012,28
401547673,MIA,2184,0
401547684,DEN,3064290,41
401547684,DEN,4278104,41
401547684,DEN,3112335,45
401547684,DEN,2581018,39
401547684,DEN,3936299,43
401547684,DEN,3209,10
401547684,DEN,4065670,20
401547684,DEN,4431690,0
401547684,DEN,4230557,0
401547684,DEN,3442,0
401547684,DEN,3934723,0
401547684,DEN,4305,0
401547684,DEN,6443,0
401547684,DEN,4431767,0
401547684,DEN,4576087,0
401547684,LAL,1966,48
401547684,LAL,6583,40
401547684,LAL,4066648,42
401547684,LAL,3032979,38
401547684,LAL,4066457,41
401547684,LAL,6474,10
401547684,LAL,3136776,15
401547684,LAL,4277890,7
401547684,LAL,4066264,0
401547684,LAL,4278077,0
401547684,LAL,4278508,0
401547684,LAL,4277919,0
401547684,LAL,3907822,0
401547684,LAL,2991274,0
401547684,LAL,4432582,0
401547674,BOS,4065648,42
401547674,BOS,3213,25
401547674,BOS,2990992,35
401547674,BOS,3078576,27
401547674,BOS,3917376,37
401547674,BOS,4065804,1
401547674,BOS,4066218,29
401547674,BOS,4432907,1
401547674,BOS,2490089,1
401547674,BOS,3064560,1
401547674,BOS,4066211,22
401547674,BOS,2566769,17
401547674,BOS,4066354,1
401547674,BOS,3989,0
401547674,MIA,3449,12
401547674,MIA,6430,39
401547674,MIA,4066261,35
401547674,MIA,3137259,28
401547674,MIA,4065778,36
401547674,MIA,3138160,35
401547674,MIA,3157465,11
401547674,MIA,4291678,2
401547674,MIA,4997528,1
401547674,MIA,2579258,13
401547674,MIA,3074213,1
401547674,MIA,3012,28
401547674,MIA,2184,0
401547675,MIA,3449,14
401547675,MIA,6430,34
401547675,MIA,4066261,32
401547675,MIA,3012,30
401547675,MIA,4065778,24
401547675,MIA,3138160,32
401547675,MIA,3157465,28
401547675,MIA,4291678,36
401547675,MIA,4997528,3
401547675,MIA,2579258,4
401547675,MIA,3074213,3
401547675,MIA,2184,0
401547675,BOS,4065648,41
401547675,BOS,3213,29
401547675,BOS,2990992,30
401547675,BOS,3078576,37
401547675,BOS,3917376,37
401547675,BOS,4065804,3
401547675,BOS,4066218,27
401547675,BOS,4432907,2
401547675,BOS,3064560,3
401547675,BOS,4066211,18
401547675,BOS,2566769,8
401547675,BOS,4066354,5
401547675,BOS,3989,0
401547675,BOS,2490089,0
401547676,BOS,4065648,44
401547676,BOS,3213,32
401547676,BOS,2990992,42
401547676,BOS,3078576,42
401547676,BOS,3917376,39
401547676,BOS,4065804,2
401547676,BOS,4066218,22
401547676,BOS,4066211,17
401547676,BOS,3989,0
401547676,BOS,4432907,0
401547676,BOS,2490089,0
401547676,BOS,3064560,0
401547676,BOS,4066354,0
401547676,MIA,6430,47
401547676,MIA,3138160,41
401547676,MIA,4066261,46
401547676,MIA,3137259,41
401547676,MIA,4065778,25
401547676,MIA,3157465,20
401547676,MIA,2579258,2
401547676,MIA,3012,18
401547676,MIA,2184,0
401547676,MIA,3449,0
401547676,MIA,4291678,0
401547676,MIA,4997528,0
401547676,MIA,3074213,0
401547678,MIA,6430,43
401547678,MIA,3138160,45
401547678,MIA,4066261,43
401547678,MIA,3137259,26
401547678,MIA,4065778,28
401547678,MIA,3157465,20
401547678,MIA,4291678,9
401547678,MIA,4997528,0
401547678,MIA,3074213,0
401547678,MIA,3012,24
401547678,MIA,2184,0
401547678,MIA,3449,0
401547678,MIA,2579258,0
401547678,BOS,4065648,42
401547678,BOS,3213,34
401547678,BOS,2990992,35
401547678,BOS,3078576,36
401547678,BOS,3917376,43
401547678,BOS,4065804,4
401547678,BOS,4066218,16
401547678,BOS,2490089,2
401547678,BOS,3064560,2
401547678,BOS,4066211,14
401547678,BOS,2566769,7
401547678,BOS,4066354,4
401547678,BOS,3989,0
401547678,BOS,4432907,0
401544846,MIA,6430,38
401544846,MIA,3138160,25
401544846,MIA,4066261,40
401544846,MIA,3137259,38
401544846,MIA,4065778,21
401544846,MIA,3157465,21
401544846,MIA,4291678,23
401544846,MIA,4997528,1
401544846,MIA,2579258,8
401544846,MIA,3074213,1
401544846,MIA,3012,26
401544846,MIA,2184,0
401544846,MIA,3449,0
401544846,DEN,3064290,36
401544846,DEN,4278104,43
401544846,DEN,3112335,40
401544846,DEN,2581018,36
401544846,DEN,3936299,44
401544846,DEN,3209,11
401544846,DEN,4065670,21
401544846,DEN,4431767,8
401544846,DEN,4431690,0
401544846,DEN,4230557,0
401544846,DEN,3442,0
401544846,DEN,3934723,0
401544846,DEN,4305,0
401544846,DEN,6443,0
401544846,DEN,4576087,0
401544847,MIA,3449,22
401544847,MIA,6430,40
401544847,MIA,4066261,40
401544847,MIA,3137259,32
401544847,MIA,4065778,29
401544847,MIA,3138160,21
401544847,MIA,3157465,17
401544847,MIA,4291678,6
401544847,MIA,2579258,8
401544847,MIA,3012,24
401544847,MIA,2184,0
401544847,MIA,4997528,0
401544847,MIA,3074213,0
401544847,DEN,3064290,38
401544847,DEN,4278104,26
401544847,DEN,3112335,42
401544847,DEN,2581018,36
401544847,DEN,3936299,39
401544847,DEN,3209,16
401544847,DEN,4065670,27
401544847,DEN,4431767,15
401544847,DEN,4431690,0
401544847,DEN,4230557,0
401544847,DEN,3442,0
401544847,DEN,3934723,0
401544847,DEN,4305,0
401544847,DEN,6443,0
401544847,DEN,4576087,0
401544848,DEN,3064290,34
401544848,DEN,4278104,21
401544848,DEN,3112335,44
401544848,DEN,2581018,28
401544848,DEN,3936299,45
401544848,DEN,3209,17
401544848,DEN,4431690,0
401544848,DEN,4230557,0
401544848,DEN,3934723,0
401544848,DEN,6443,1
401544848,DEN,4065670,29
401544848,DEN,4431767,19
401544848,DEN,4576087,0
401544848,DEN,3442,0
401544848,DEN,4305,0
401544848,MIA,3449,16
401544848,MIA,6430,40
401544848,MIA,4066261,41
401544848,MIA,3137259,32
401544848,MIA,4065778,24
401544848,MIA,2184,0
401544848,MIA,3138160,32
401544848,MIA,3157465,14
401544848,MIA,4291678,2
401544848,MIA,4997528,2
401544848,MIA,2579258,6
401544848,MIA,3074213,1
401544848,MIA,3012,30
401544849,DEN,3064290,42
401544849,DEN,4278104,23
401544849,DEN,3112335,37
401544849,DEN,2581018,36
401544849,DEN,3936299,43
401544849,DEN,3209,16
401544849,DEN,4065670,30
401544849,DEN,4431767,15
401544849,DEN,4431690,0
401544849,DEN,4230557,0
401544849,DEN,3442,0
401544849,DEN,3934723,0
401544849,DEN,4305,0
401544849,DEN,6443,0
401544849,DEN,4576087,0
401544849,MIA,3449,18
401544849,MIA,6430,45
401544849,MIA,4066261,44
401544849,MIA,3137259,19
401544849,MIA,4065778,19
401544849,MIA,3138160,33
401544849,MIA,3157465,25
401544849,MIA,4291678,0
401544849,MIA,2579258,4
401544849,MIA,3012,33
401544849,MIA,2184,0
401544849,MIA,4997528,0
401544849,MIA,3074213,0
401544850,MIA,3449,14
401544850,MIA,6430,41
401544850,MIA,4066261,44
401544850,MIA,3137259,22
401544850,MIA,4065778,32
401544850,MIA,3138160,32
401544850,MIA,3157465,17
401544850,MIA,4291678,3
401544850,MIA,2579258,1
401544850,MIA,3012,34
401544850,MIA,2184,0
401544850,MIA,4997528,0
401544850,MIA,3074213,0
401544850,MIA,4395725,0
401544850,DEN,3064290,29
401544850,DEN,4278104,34
401544850,DEN,3112335,42
401544850,DEN,2581018,34
401544850,DEN,3936299,41
401544850,DEN,3209,5
401544850,DEN,3442,3
401544850,DEN,4065670,28
401544850,DEN,4431767,24
401544850,DEN,4431690,0
401544850,DEN,4230557,0
401544850,DEN,3934723,0
401544850,DEN,4305,0
401544850,DEN,6443,0
401544850,DEN,4576087,0
