game_id,team,player_id,minutes
401584689,LAL,1966,29
401584689,LAL,6583,34
401584689,LAL,2990962,30
401584689,LAL,3136776,36
401584689,LAL,4066457,31
401584689,LAL,3058254,15
401584689,LAL,4066648,15
401584689,LAL,4684286,1
401584689,LAL,4395627,18
401584689,LAL,4397077,7
401584689,LAL,3137259,22
401584689,LAL,4432582,1
401584689,DEN,3064290,35
401584689,DEN,4278104,30
401584689,DEN,3112335,36
401584689,DEN,2581018,36
401584689,DEN,3936299,34
401584689,DEN,4066240,1
401584689,DEN,4431690,12
401584689,DEN,6443,24
401584689,DEN,4278585,1
401584689,DEN,4398390,1
401584689,DEN,4431767,19
401584689,DEN,4576087,11
401584689,DEN,2284101,0
401584689,DEN,3442,0
401584689,DEN,4432181,0
401584690,PHX,3202,37
401584690,PHX,3102530,28
401584690,PHX,3135045,21
401584690,PHX,3136193,37
401584690,PHX,4065663,32
401584690,PHX,3914285,19
401584690,PHX,3133838,18
401584690,PHX,4395652,3
401584690,PHX,3431,32
401584690,PHX,4278402,14
401584690,PHX,3914283,0
401584690,PHX,3136779,0
401584690,PHX,4066299,0
401584690,PHX,4397102,0
401584690,PHX,4278124,0
401584690,GS,3059319,27
401584690,GS,3155535,28
401584690,GS,2779,34
401584690,GS,3975,31
401584690,GS,6475,36
401584690,GS,3032978,20
401584690,GS,4433247,20
401584690,GS,6446,4
401584690,GS,3134903,22
401584690,GS,4432171,18
401584690,GS,4431684,0
401584690,GS,4709138,0
401584691,ATL,4065732,31
401584691,ATL,3102529,29
401584691,ATL,3907497,33
401584691,ATL,4277905,36
401584691,ATL,4397136,29
401584691,ATL,4431680,19
401584691,ATL,4432585,10
401584691,ATL,4701230,29
401584691,ATL,3037789,24
401584691,ATL,4277952,0
401584691,ATL,4712863,0
401584691,ATL,4004,0
401584691,ATL,3913180,0
401584691,ATL,4065656,0
401584691,ATL,4683736,0
401584691,CHA,4278078,32
401584691,CHA,4249,33
401584691,CHA,4701232,30
401584691,CHA,3074752,34
401584691,CHA,4432816,31
401584691,CHA,4433287,25
401584691,CHA,4702233,20
401584691,CHA,4278076,18
401584691,CHA,4683027,16
401584691,CHA,4683686,1
401584691,CHA,4395650,0
401584691,CHA,5105638,0
401584692,WSH,3134907,25
401584692,WSH,4278049,21
401584692,WSH,4683021,21
401584692,WSH,3135046,28
401584692,WSH,4277956,26
401584692,WSH,3428,17
401584692,WSH,4066410,8
401584692,WSH,4280151,24
401584692,WSH,2490089,8
401584692,WSH,3064447,25
401584692,WSH,4395695,3
401584692,WSH,4433246,3
401584692,WSH,4591725,6
401584692,WSH,5104155,23
401584692,WSH,4432588,0
401584692,IND,4278355,19
401584692,IND,3133628,23
401584692,IND,4065670,27
401584692,IND,4396993,27
401584692,IND,4683634,26
401584692,IND,4397189,13
401584692,IND,4432170,11
401584692,IND,5106060,6
401584692,IND,4277883,6
401584692,IND,2530530,6
401584692,IND,2990984,25
401584692,IND,4395712,22
401584692,IND,4396909,23
401584692,IND,4433076,6
401584692,IND,2451037,0
401584693,BOS,4065648,39
401584693,BOS,3102531,38
401584693,BOS,3995,35
401584693,BOS,3078576,32
401584693,BOS,3917376,38
401584693,BOS,4065804,14
401584693,BOS,3213,26
401584693,BOS,3064560,8
401584693,BOS,4066354,11
401584693,BOS,4066405,0
401584693,BOS,4397885,0
401584693,BOS,4278031,0
401584693,BOS,4397424,0
401584693,BOS,3133602,0
401584693,BOS,4683689,0
401584693,NY,3064514,34
401584693,NY,4395625,36
401584693,NY,4351852,22
401584693,NY,3934672,33
401584693,NY,4397014,23
401584693,NY,4222252,26
401584693,NY,3062679,22
401584693,NY,3934673,15
401584693,NY,4395724,28
401584693,NY,4277922,0
401584693,NY,6588,0
401584693,NY,2991047,0
401584693,NY,3906786,0
401584693,NY,3913220,0
401584693,NY,4431823,0
401584694,HOU,3155526,26
401584694,HOU,4432639,26
401584694,HOU,4871144,28
401584694,HOU,2991230,34
401584694,HOU,4437244,30
401584694,HOU,3209,14
401584694,HOU,3136777,15
401584694,HOU,4278588,6
401584694,HOU,5105592,10
401584694,HOU,2528779,11
401584694,HOU,3146557,9
401584694,HOU,3922230,5
401584694,HOU,4397821,5
401584694,HOU,4684740,21
401584694,HOU,4376,0
401584694,ORL,4432573,28
401584694,ORL,4566434,27
401584694,ORL,4277847,27
401584694,ORL,4066636,25
401584694,ORL,4432165,21
401584694,ORL,2968436,18
401584694,ORL,4065654,14
401584694,ORL,4278052,5
401584694,ORL,4433623,5
401584694,ORL,3150844,15
401584694,ORL,4348700,5
401584694,ORL,2999547,17
401584694,ORL,4432809,24
401584694,ORL,4712849,5
401584694,ORL,5105806,5
401584695,CLE,4432822,32
401584695,CLE,4432158,34
401584695,CLE,3908809,36
401584695,CLE,4065778,39
401584695,CLE,4396907,32
401584695,CLE,2990969,20
401584695,CLE,3064559,11
401584695,CLE,2991043,31
401584695,CLE,4065733,6
401584695,CLE,4432815,0
401584695,CLE,4433620,0
401584695,CLE,6474,0
401584695,CLE,4066757,0
401584695,BKN,3138196,26
401584695,BKN,4278067,28
401584695,BKN,2580782,24
401584695,BKN,3147657,35
401584695,BKN,3907387,23
401584695,BKN,2578185,28
401584695,BKN,2583632,23
401584695,BKN,4432194,12
401584695,BKN,4065697,16
401584695,BKN,4432174,25
401584695,BKN,4065649,0
401584695,BKN,4431675,0
401584695,BKN,4712896,0
401584695,BKN,4277890,0
401584696,DET,4432810,35
401584696,DET,4433621,32
401584696,DET,4432166,36
401584696,DET,4683024,31
401584696,DET,4684742,27
401584696,DET,4277848,16
401584696,DET,2528794,12
401584696,DET,6429,25
401584696,DET,4432107,10
401584696,DET,4433218,17
401584696,DET,4432808,0
401584696,DET,4279532,0
401584696,DET,4397119,0
401584696,DET,4871137,0
401584696,MIA,3449,28
401584696,MIA,6430,34
401584696,MIA,4066261,32
401584696,MIA,3012,32
401584696,MIA,4395725,35
401584696,MIA,3138160,20
401584696,MIA,3157465,22
401584696,MIA,4432848,13
401584696,MIA,3934723,16
401584696,MIA,4066993,9
401584696,MIA,4278572,0
401584696,MIA,4997528,0
401584696,MIA,4593049,0
401584696,MIA,4590530,0
401584697,MIN,3032976,32
401584697,MIN,3136195,36
401584697,MIN,3195,31
401584697,MIN,4278039,23
401584697,MIN,4594268,38
401584697,MIN,2993874,30
401584697,MIN,4278508,5
401584697,MIN,4396971,24
401584697,MIN,3915195,21
401584697,MIN,4592187,0
401584697,MIN,4687718,0
401584697,MIN,5044385,0
401584697,MIN,4277951,0
401584697,MIN,4432176,0
401584697,MIN,3134916,0
401584697,TOR,3149673,34
401584697,TOR,3934719,34
401584697,TOR,4433134,37
401584697,TOR,3134908,24
401584697,TOR,3032979,33
401584697,TOR,4066731,16
401584697,TOR,4431679,24
401584697,TOR,4066668,10
401584697,TOR,4277843,27
401584697,TOR,5106258,2
401584697,TOR,3244,0
401584697,TOR,3948153,0
401584697,TOR,2594922,0
401584697,TOR,4023,0
401584698,OKC,4433255,25
401584698,OKC,4278073,36
401584698,OKC,4397020,33
401584698,OKC,4593803,32
401584698,OKC,4871145,32
401584698,OKC,4066317,3
401584698,OKC,4278046,11
401584698,OKC,4683018,2
401584698,OKC,4997526,14
401584698,OKC,4395702,22
401584698,OKC,4397183,11
401584698,OKC,4432819,2
401584698,OKC,4683692,19
401584698,OKC,6426,0
401584698,OKC,3102532,0
401584698,CHI,4431687,30
401584698,CHI,6478,32
401584698,CHI,3978,33
401584698,CHI,3064440,25
401584698,CHI,4395651,31
401584698,CHI,5105553,4
401584698,CHI,2528693,22
401584698,CHI,6585,16
401584698,CHI,2991350,20
401584698,CHI,3133635,16
401584698,CHI,4397002,9
401584698,CHI,4433159,4
401584698,CHI,4279815,0
401584699,NO,3913176,36
401584699,NO,4277813,38
401584699,NO,4395628,32
401584699,NO,6477,29
401584699,NO,2490149,37
401584699,NO,2580365,15
401584699,NO,3908336,14
401584699,NO,4395698,11
401584699,NO,4683750,9
401584699,NO,4869342,19
401584699,NO,3912339,0
401584699,NO,4432821,0
401584699,NO,2579258,0
401584699,MEM,4277961,36
401584699,MEM,4277964,34
401584699,MEM,4433137,29
401584699,MEM,2990992,32
401584699,MEM,4066320,36
401584699,MEM,4592691,15
401584699,MEM,4593041,28
401584699,MEM,3456,16
401584699,MEM,3913174,15
401584699,MEM,4585610,0
401584699,MEM,5105550,0
401584699,MEM,4278378,0
401584699,MEM,3134932,0
401584699,MEM,4279888,0
401584699,MEM,4397227,0
401584700,SAC,6578,33
401584700,SAC,3155942,32
401584700,SAC,4594327,30
401584700,SAC,4066259,33
401584700,SAC,4066372,24
401584700,SAC,3893014,16
401584700,SAC,4397693,1
401584700,SAC,3452,13
401584700,SAC,2596107,2
401584700,SAC,4592402,15
401584700,SAC,4066262,23
401584700,SAC,4066736,1
401584700,SAC,4278053,14
401584700,SAC,4433378,1
401584700,SAC,4702177,1
401584700,UTAH,3908845,31
401584700,UTAH,4066336,32
401584700,UTAH,4396991,22
401584700,UTAH,4433136,22
401584700,UTAH,2528426,31
401584700,UTAH,2489663,17
401584700,UTAH,3899664,2
401584700,UTAH,4423309,2
401584700,UTAH,4684806,2
401584700,UTAH,5105839,2
401584700,UTAH,3074213,2
401584700,UTAH,2991139,16
401584700,UTAH,4277811,20
401584700,UTAH,4397018,19
401584700,UTAH,4433627,19
401584701,DAL,2960236,23
401584701,DAL,3936099,12
401584701,DAL,4066218,35
401584701,DAL,6442,36
401584701,DAL,3945274,34
401584701,DAL,4683688,31
401584701,DAL,2326307,4
401584701,DAL,2528210,28
401584701,DAL,3102528,8
401584701,DAL,4432811,30
401584701,DAL,6461,0
401584701,DAL,2531367,0
401584701,DAL,2993370,0
401584701,DAL,4595400,0
401584701,DAL,4868423,0
401584701,SA,4066650,32
401584701,SA,4395723,32
401584701,SA,4610139,29
401584701,SA,5104157,23
401584701,SA,4395630,35
401584701,SA,2528588,11
401584701,SA,4565201,18
401584701,SA,3893016,22
401584701,SA,4397886,13
401584701,SA,4395626,25
401584701,SA,4278580,0
401584701,SA,4592479,0
401584701,SA,4870562,0
401584701,SA,3133601,0
401584701,SA,4683935,0
401584702,POR,2991070,30
401584702,POR,4278129,23
401584702,POR,3907498,20
401584702,POR,4351851,27
401584702,POR,4683678,36
401584702,POR,4431736,16
401584702,POR,4432446,6
401584702,POR,4594326,5
401584702,POR,4066211,23
401584702,POR,2566769,23
401584702,POR,4914336,28
401584702,POR,5099752,2
401584702,POR,4397126,0
401584702,LAC,2490620,23
401584702,LAC,4251,32
401584702,LAC,6450,29
401584702,LAC,4017837,26
401584702,LAC,3468,29
401584702,LAC,3416,9
401584702,LAC,4431828,14
401584702,LAC,4433249,4
401584702,LAC,2488653,18
401584702,LAC,2595516,23
401584702,LAC,4066387,4
401584702,LAC,4396818,4
401584702,LAC,4431752,5
401584702,LAC,4592492,22
401584703,PHI,3033,26
401584703,PHI,6440,37
401584703,PHI,3059318,36
401584703,PHI,4066436,25
401584703,PHI,4431678,40
401584703,PHI,3988,14
401584703,PHI,4278562,12
401584703,PHI,3964,14
401584703,PHI,3133603,32
401584703,PHI,4432164,5
401584703,PHI,4397667,0
401584703,PHI,2991155,0
401584703,PHI,4277919,0
401584703,PHI,3929325,0
401584703,MIL,6609,16
401584703,MIL,3032977,35
401584703,MIL,3448,29
401584703,MIL,3907822,31
401584703,MIL,6606,37
401584703,MIL,6581,27
401584703,MIL,3064482,19
401584703,MIL,4432179,16
401584703,MIL,3064230,9
401584703,MIL,2578239,20
401584703,MIL,3102533,0
401584703,MIL,4433622,0
401584703,MIL,3447,0
401584703,MIL,4397475,0
401584703,MIL,4432190,0
401584704,PHX,3202,39
401584704,PHX,3102530,28
401584704,PHX,3431,30
401584704,PHX,3135045,35
401584704,PHX,4065663,33
401584704,PHX,3914285,17
401584704,PHX,3133838,15
401584704,PHX,4395652,13
401584704,PHX,4278402,30
401584704,PHX,3914283,0
401584704,PHX,3136779,0
401584704,PHX,4066299,0
401584704,PHX,4397102,0
401584704,PHX,4278124,0
401584704,LAL,1966,35
401584704,LAL,6583,39
401584704,LAL,2990962,18
401584704,LAL,3136776,33
401584704,LAL,4066457,28
401584704,LAL,3058254,21
401584704,LAL,4066648,12
401584704,LAL,4395627,12
401584704,LAL,4397077,6
401584704,LAL,3137259,35
401584704,LAL,4684286,0
401584704,LAL,4397204,0
401584704,LAL,4432582,0
401584704,LAL,4702702,0
401584705,DET,4432810,36
401584705,DET,4433621,35
401584705,DET,4432166,24
401584705,DET,4683024,29
401584705,DET,4684742,30
401584705,DET,4277848,13
401584705,DET,2528794,11
401584705,DET,6429,31
401584705,DET,4432107,8
401584705,DET,4433218,23
401584705,DET,4432808,0
401584705,DET,4279532,0
401584705,DET,4397119,0
401584705,DET,4871137,0
401584705,CHA,4278078,29
401584705,CHA,4249,34
401584705,CHA,4701232,21
401584705,CHA,3074752,35
401584705,CHA,4432816,33
401584705,CHA,4433287,33
401584705,CHA,4702233,25
401584705,CHA,4278076,16
401584705,CHA,4683027,14
401584705,CHA,4066383,0
401584705,CHA,4395650,0
401584705,CHA,4230547,0
401584705,CHA,4576086,0
401584705,CHA,4683686,0
401584705,CHA,5105638,0
401584706,DEN,3064290,30
401584706,DEN,4278104,29
401584706,DEN,3112335,35
401584706,DEN,2581018,35
401584706,DEN,3936299,34
401584706,DEN,4431690,13
401584706,DEN,6443,22
401584706,DEN,4431767,19
401584706,DEN,4432181,5
401584706,DEN,4576087,18
401584706,DEN,2284101,0
401584706,DEN,4066240,0
401584706,DEN,4395620,0
401584706,DEN,3442,0
401584706,DEN,4398390,0
401584706,MEM,4277961,28
401584706,MEM,4277964,34
401584706,MEM,4433137,31
401584706,MEM,2990992,31
401584706,MEM,4066320,32
401584706,MEM,4592691,16
401584706,MEM,4593041,15
401584706,MEM,3456,22
401584706,MEM,3134932,30
401584706,MEM,4585610,0
401584706,MEM,5105550,0
401584706,MEM,4278378,0
401584706,MEM,4279888,0
401584706,MEM,4397227,0
401584707,NY,3064514,34
401584707,NY,4395625,34
401584707,NY,4351852,38
401584707,NY,3934672,33
401584707,NY,4397014,25
401584707,NY,4222252,10
401584707,NY,3062679,22
401584707,NY,3934673,20
401584707,NY,4395724,24
401584707,NY,4277922,0
401584707,NY,6588,0
401584707,NY,2991047,0
401584707,NY,3906786,0
401584707,NY,3913220,0
401584707,NY,4431823,0
401584707,ATL,4065732,32
401584707,ATL,3102529,28
401584707,ATL,3907497,35
401584707,ATL,4277905,35
401584707,ATL,4397136,26
401584707,ATL,4431680,20
401584707,ATL,4432585,8
401584707,ATL,4701230,30
401584707,ATL,3037789,26
401584707,ATL,4277952,0
401584707,ATL,4712863,0
401584707,ATL,4004,0
401584707,ATL,3913180,0
401584707,ATL,4065656,0
401584707,ATL,4683736,0
401584708,MIA,3449,21
401584708,MIA,6430,34
401584708,MIA,4066261,35
401584708,MIA,3012,32
401584708,MIA,4395725,40
401584708,MIA,3157465,24
401584708,MIA,4278572,4
401584708,MIA,4432848,14
401584708,MIA,3934723,13
401584708,MIA,4066993,23
401584708,MIA,3138160,0
401584708,MIA,4997528,0
401584708,MIA,4593049,0
401584708,MIA,4590530,0
401584708,BOS,4065648,41
401584708,BOS,3102531,30
401584708,BOS,3995,36
401584708,BOS,3078576,36
401584708,BOS,3917376,34
401584708,BOS,4065804,10
401584708,BOS,4278031,14
401584708,BOS,3213,25
401584708,BOS,4066354,13
401584708,BOS,4066405,0
401584708,BOS,4397885,0
401584708,BOS,3064560,0
401584708,BOS,3133602,0
401584708,BOS,4576085,0
401584708,BOS,4683689,0
401584709,OKC,4433255,31
401584709,OKC,4278073,36
401584709,OKC,4397020,39
401584709,OKC,4593803,35
401584709,OKC,4871145,28
401584709,OKC,4066317,1
401584709,OKC,4997526,11
401584709,OKC,3102532,6
401584709,OKC,4395702,22
401584709,OKC,4397183,11
401584709,OKC,4683692,19
401584709,OKC,4278046,0
401584709,OKC,4683018,0
401584709,OKC,6426,0
401584709,OKC,4432819,0
401584709,CLE,3912848,27
401584709,CLE,4432822,28
401584709,CLE,4432158,34
401584709,CLE,3908809,42
401584709,CLE,4065778,38
401584709,CLE,2990969,21
401584709,CLE,3064559,10
401584709,CLE,2991043,31
401584709,CLE,4065733,9
401584709,CLE,4432815,0
401584709,CLE,4433620,0
401584709,CLE,6474,0
401584709,CLE,4066757,0
401584709,CLE,4701233,0
401584710,TOR,3149673,41
401584710,TOR,3934719,28
401584710,TOR,4433134,39
401584710,TOR,3134908,19
401584710,TOR,3032979,35
401584710,TOR,3948153,17
401584710,TOR,4066731,18
401584710,TOR,4431679,23
401584710,TOR,4066668,4
401584710,TOR,4277843,36
401584710,TOR,5106258,6
401584710,TOR,3244,0
401584710,TOR,2594922,0
401584710,TOR,4023,0
401584710,CHI,4431687,13
401584710,CHI,6478,40
401584710,CHI,3978,41
401584710,CHI,3064440,38
401584710,CHI,4395651,40
401584710,CHI,2528693,24
401584710,CHI,6585,12
401584710,CHI,2991350,32
401584710,CHI,3133635,13
401584710,CHI,4397002,11
401584710,CHI,4279815,0
401584710,CHI,5105553,0
401584710,CHI,4433159,0
401584711,HOU,3155526,39
401584711,HOU,4432639,37
401584711,HOU,4871144,41
401584711,HOU,2991230,45
401584711,HOU,4437244,38
401584711,HOU,3209,21
401584711,HOU,3136777,14
401584711,HOU,2528779,11
401584711,HOU,4376,7
401584711,HOU,4684740,13
401584711,HOU,4278588,0
401584711,HOU,5105592,0
401584711,HOU,3922230,0
401584711,HOU,4397821,0
401584711,SA,4066650,39
401584711,SA,4395723,35
401584711,SA,4610139,26
401584711,SA,5104157,31
401584711,SA,4395630,40
401584711,SA,2528588,16
401584711,SA,4565201,14
401584711,SA,3893016,23
401584711,SA,4397886,7
401584711,SA,4395626,33
401584711,SA,4278580,0
401584711,SA,4592479,0
401584711,SA,4870562,0
401584711,SA,3133601,0
401584711,SA,4683935,0
401584712,BKN,2578185,32
401584712,BKN,2580782,40
401584712,BKN,3147657,35
401584712,BKN,3907387,32
401584712,BKN,4432174,33
401584712,BKN,2583632,34
401584712,BKN,4432194,3
401584712,BKN,4065697,8
401584712,BKN,4277890,21
401584712,BKN,4065649,0
401584712,BKN,4431675,0
401584712,BKN,4431714,0
401584712,BKN,4712896,0
401584712,BKN,4066450,0
401584712,DAL,3936099,14
401584712,DAL,4066218,29
401584712,DAL,4683688,17
401584712,DAL,6442,34
401584712,DAL,3945274,36
401584712,DAL,2531367,13
401584712,DAL,2960236,26
401584712,DAL,2326307,9
401584712,DAL,2528210,30
401584712,DAL,3102528,4
401584712,DAL,4432811,28
401584712,DAL,6461,0
401584712,DAL,2993370,0
401584712,DAL,4595400,0
401584712,DAL,4868423,0
401584713,LAC,2490620,20
401584713,LAC,4251,38
401584713,LAC,6450,37
401584713,LAC,4017837,19
401584713,LAC,3468,37
401584713,LAC,3416,30
401584713,LAC,2488653,12
401584713,LAC,2595516,25
401584713,LAC,4592492,22
401584713,LAC,4431828,0
401584713,LAC,4433249,0
401584713,LAC,4066387,0
401584713,LAC,4396818,0
401584713,LAC,4431752,0
401584713,UTAH,3908845,34
401584713,UTAH,4066336,35
401584713,UTAH,4396991,27
401584713,UTAH,4433136,21
401584713,UTAH,2528426,34
401584713,UTAH,2489663,27
401584713,UTAH,2991139,19
401584713,UTAH,4277811,20
401584713,UTAH,4397018,12
401584713,UTAH,4433627,12
401584713,UTAH,3899664,0
401584713,UTAH,4423309,0
401584713,UTAH,4684806,0
401584713,UTAH,5105839,0
401584713,UTAH,3074213,0
401584714,ORL,4432573,35
401584714,ORL,4566434,35
401584714,ORL,4277847,26
401584714,ORL,4066636,25
401584714,ORL,4432165,27
401584714,ORL,2968436,15
401584714,ORL,4065654,8
401584714,ORL,3150844,22
401584714,ORL,2999547,19
401584714,ORL,4432809,28
401584714,ORL,4278052,0
401584714,ORL,4433623,0
401584714,ORL,4348700,0
401584714,ORL,4712849,0
401584714,ORL,5105806,0
401584714,POR,2991070,36
401584714,POR,4278129,30
401584714,POR,3907498,17
401584714,POR,4683678,25
401584714,POR,4914336,41
401584714,POR,4431736,23
401584714,POR,4432446,9
401584714,POR,4066211,20
401584714,POR,4066269,8
401584714,POR,2566769,31
401584714,POR,4594326,0
401584714,POR,4397126,0
401584714,POR,5099752,0
401584715,GS,3059319,27
401584715,GS,3155535,28
401584715,GS,2779,33
401584715,GS,3975,35
401584715,GS,6475,33
401584715,GS,3032978,14
401584715,GS,4431684,5
401584715,GS,4433247,26
401584715,GS,3134903,18
401584715,GS,4432171,21
401584715,GS,6446,0
401584715,GS,4709138,0
401584715,SAC,6578,30
401584715,SAC,3155942,36
401584715,SAC,4594327,40
401584715,SAC,4066259,39
401584715,SAC,4066372,16
401584715,SAC,3893014,12
401584715,SAC,3452,12
401584715,SAC,4592402,26
401584715,SAC,4066262,18
401584715,SAC,4278053,11
401584715,SAC,4433378,0
401584715,SAC,4397693,0
401584715,SAC,4398207,0
401584715,SAC,2596107,0
401584715,SAC,4702177,0
401584716,CHI,4431687,21
401584716,CHI,6478,32
401584716,CHI,3978,32
401584716,CHI,3064440,37
401584716,CHI,4395651,28
401584716,CHI,4279815,1
401584716,CHI,5105553,1
401584716,CHI,2528693,23
401584716,CHI,6585,14
401584716,CHI,2991350,21
401584716,CHI,3133635,13
401584716,CHI,4397002,15
401584716,CHI,4433159,1
401584716,DET,4432810,34
401584716,DET,4433621,33
401584716,DET,4432166,40
401584716,DET,4683024,23
401584716,DET,4684742,31
401584716,DET,4277848,15
401584716,DET,2528794,11
401584716,DET,6429,26
401584716,DET,4279532,1
401584716,DET,4432107,6
401584716,DET,4433218,22
401584716,DET,4432808,0
401584716,DET,4397119,0
401584716,DET,4871137,0
401584717,MEM,4277961,31
401584717,MEM,4277964,24
401584717,MEM,4433137,34
401584717,MEM,2990992,32
401584717,MEM,4066320,34
401584717,MEM,4585610,5
401584717,MEM,4592691,16
401584717,MEM,4593041,24
401584717,MEM,3456,18
401584717,MEM,3134932,22
401584717,MEM,5105550,0
401584717,MEM,4278378,0
401584717,MEM,4279888,0
401584717,MEM,4397227,0
401584717,WSH,3134907,36
401584717,WSH,4278049,28
401584717,WSH,4683021,27
401584717,WSH,3135046,28
401584717,WSH,4277956,36
401584717,WSH,3428,8
401584717,WSH,4280151,32
401584717,WSH,2490089,11
401584717,WSH,3064447,20
401584717,WSH,5104155,14
401584717,WSH,2581184,0
401584717,WSH,4066410,0
401584717,WSH,4395695,0
401584717,WSH,4433246,0
401584717,WSH,4591725,0
401584718,NY,3064514,34
401584718,NY,4395625,30
401584718,NY,4351852,29
401584718,NY,3934672,31
401584718,NY,4397014,27
401584718,NY,4222252,15
401584718,NY,4277922,5
401584718,NY,3062679,21
401584718,NY,3906786,3
401584718,NY,3913220,3
401584718,NY,3934673,20
401584718,NY,4395724,19
401584718,NY,4431823,5
401584718,NY,6588,0
401584718,NY,2991047,0
401584718,NO,3913176,32
401584718,NO,4277813,28
401584718,NO,4395628,28
401584718,NO,6477,21
401584718,NO,2490149,30
401584718,NO,2580365,16
401584718,NO,3908336,26
401584718,NO,4432821,2
401584718,NO,2579258,8
401584718,NO,4395698,10
401584718,NO,4683750,18
401584718,NO,4869342,22
401584719,IND,4278355,18
401584719,IND,3133628,29
401584719,IND,4065670,32
401584719,IND,4396993,32
401584719,IND,4683634,17
401584719,IND,4397189,19
401584719,IND,2530530,19
401584719,IND,2990984,19
401584719,IND,4395712,25
401584719,IND,4396909,30
401584719,IND,4432170,0
401584719,IND,5106060,0
401584719,IND,4277883,0
401584719,IND,2451037,0
401584719,IND,4433076,0
401584719,CLE,3912848,37
401584719,CLE,4432822,35
401584719,CLE,4432158,33
401584719,CLE,2991043,44
401584719,CLE,4065778,42
401584719,CLE,2990969,19
401584719,CLE,4433620,7
401584719,CLE,6474,8
401584719,CLE,3064559,6
401584719,CLE,4066757,6
401584719,CLE,4701233,4
401584719,CLE,4432815,0
401584720,PHI,3033,21
401584720,PHI,6440,36
401584720,PHI,3059318,35
401584720,PHI,4066436,32
401584720,PHI,4431678,41
401584720,PHI,3988,5
401584720,PHI,4278562,13
401584720,PHI,2991155,12
401584720,PHI,3964,17
401584720,PHI,3133603,29
401584720,PHI,4397667,0
401584720,PHI,4277919,0
401584720,PHI,3929325,0
401584720,PHI,4432164,0
401584720,TOR,3149673,36
401584720,TOR,4433134,37
401584720,TOR,3134908,25
401584720,TOR,3032979,35
401584720,TOR,4277843,33
401584720,TOR,3948153,12
401584720,TOR,4066731,3
401584720,TOR,4431679,18
401584720,TOR,4066668,13
401584720,TOR,5106258,28
401584720,TOR,3244,0
401584720,TOR,2594922,0
401584720,TOR,4023,0
401584720,TOR,4397511,0
401584721,MIA,4432848,18
401584721,MIA,4997528,21
401584721,MIA,4066261,33
401584721,MIA,3012,32
401584721,MIA,4395725,40
401584721,MIA,3157465,29
401584721,MIA,4278572,25
401584721,MIA,4397134,2
401584721,MIA,3934723,12
401584721,MIA,4593049,4
401584721,MIA,4066993,22
401584721,MIA,4590530,2
401584721,MIN,3032976,31
401584721,MIN,3136195,31
401584721,MIN,3195,29
401584721,MIN,4278039,23
401584721,MIN,4594268,33
401584721,MIN,2993874,23
401584721,MIN,4278508,15
401584721,MIN,4687718,2
401584721,MIN,5044385,2
401584721,MIN,4396971,28
401584721,MIN,3915195,17
401584721,MIN,3134916,6
401584721,MIN,4592187,0
401584722,UTAH,3908845,28
401584722,UTAH,4066336,28
401584722,UTAH,4396991,16
401584722,UTAH,4433136,23
401584722,UTAH,2528426,22
401584722,UTAH,2489663,16
401584722,UTAH,3899664,18
401584722,UTAH,4423309,6
401584722,UTAH,3074213,6
401584722,UTAH,2991139,20
401584722,UTAH,4277811,23
401584722,UTAH,4397018,6
401584722,UTAH,4433627,27
401584722,PHX,3202,29
401584722,PHX,3102530,23
401584722,PHX,3431,26
401584722,PHX,3135045,31
401584722,PHX,4065663,23
401584722,PHX,3914283,3
401584722,PHX,3914285,19
401584722,PHX,3133838,21
401584722,PHX,3136779,6
401584722,PHX,4395652,21
401584722,PHX,4066299,6
401584722,PHX,4397102,4
401584722,PHX,4278124,4
401584722,PHX,4278402,25
401584723,DEN,3064290,23
401584723,DEN,4278104,25
401584723,DEN,3112335,30
401584723,DEN,2581018,30
401584723,DEN,3936299,30
401584723,DEN,2284101,3
401584723,DEN,4066240,3
401584723,DEN,4395620,3
401584723,DEN,4431690,15
401584723,DEN,6443,22
401584723,DEN,4278585,6
401584723,DEN,4431767,21
401584723,DEN,4432181,8
401584723,DEN,4576087,22
401584723,DEN,3442,0
401584723,OKC,4433255,26
401584723,OKC,4278073,28
401584723,OKC,4397020,21
401584723,OKC,4593803,28
401584723,OKC,4871145,22
401584723,OKC,4278046,6
401584723,OKC,4395714,6
401584723,OKC,4683018,14
401584723,OKC,4997526,19
401584723,OKC,3102532,14
401584723,OKC,4395702,17
401584723,OKC,4397183,10
401584723,OKC,4432819,8
401584723,OKC,4683692,22
401584723,OKC,6426,0
401584724,GS,6589,21
401584724,GS,3059319,28
401584724,GS,3155535,27
401584724,GS,3975,31
401584724,GS,6475,29
401584724,GS,3032978,21
401584724,GS,4433247,19
401584724,GS,2779,27
401584724,GS,3134903,19
401584724,GS,4432171,17
401584724,GS,4431684,0
401584724,GS,6446,0
401584724,GS,4709138,0
401584724,HOU,3155526,34
401584724,HOU,4432639,34
401584724,HOU,4871144,33
401584724,HOU,2991230,32
401584724,HOU,4437244,38
401584724,HOU,3209,21
401584724,HOU,3136777,22
401584724,HOU,2528779,6
401584724,HOU,4684740,20
401584724,HOU,4278588,0
401584724,HOU,4433192,0
401584724,HOU,5105592,0
401584724,HOU,4376,0
401584724,HOU,3922230,0
401584724,HOU,4397821,0
401584725,ATL,4065732,24
401584725,ATL,4701230,26
401584725,ATL,3102529,23
401584725,ATL,3907497,30
401584725,ATL,4277905,32
401584725,ATL,4277952,5
401584725,ATL,4431680,23
401584725,ATL,4432585,10
401584725,ATL,4712863,3
401584725,ATL,3037789,26
401584725,ATL,4065656,5
401584725,ATL,4397136,31
401584725,ATL,4683736,3
401584725,ATL,4004,0
401584725,ATL,3913180,0
401584725,MIL,6581,26
401584725,MIL,3032977,29
401584725,MIL,3448,20
401584725,MIL,3907822,32
401584725,MIL,6606,29
401584725,MIL,3064482,21
401584725,MIL,3102533,8
401584725,MIL,4432179,16
401584725,MIL,3447,6
401584725,MIL,3064230,14
401584725,MIL,2578239,23
401584725,MIL,4397475,6
401584725,MIL,4432190,7
401584725,MIL,4683749,3
401584725,MIL,4433622,0
401584726,POR,2991070,28
401584726,POR,4278129,21
401584726,POR,3907498,11
401584726,POR,4683678,27
401584726,POR,4914336,36
401584726,POR,4431736,28
401584726,POR,4432446,24
401584726,POR,4594326,6
401584726,POR,4066211,26
401584726,POR,4066269,5
401584726,POR,2566769,26
401584726,POR,5099752,5
401584726,POR,4397126,0
401584726,PHI,3033,20
401584726,PHI,6440,38
401584726,PHI,3059318,29
401584726,PHI,4066436,31
401584726,PHI,4431678,35
401584726,PHI,4397667,3
401584726,PHI,4278562,17
401584726,PHI,2991155,10
401584726,PHI,4277919,2
401584726,PHI,3964,20
401584726,PHI,3929325,3
401584726,PHI,3133603,26
401584726,PHI,4432164,8
401584726,PHI,3988,0
401584727,SA,4066650,25
401584727,SA,4395723,24
401584727,SA,4610139,22
401584727,SA,5104157,26
401584727,SA,4395630,28
401584727,SA,2528588,15
401584727,SA,4278580,7
401584727,SA,4565201,21
401584727,SA,4592479,7
401584727,SA,4870562,5
401584727,SA,3893016,17
401584727,SA,4397886,16
401584727,SA,4395626,20
401584727,SA,4683935,7
401584727,SA,3133601,0
401584727,LAC,2490620,26
401584727,LAC,4251,28
401584727,LAC,6450,28
401584727,LAC,4017837,22
401584727,LAC,3468,27
401584727,LAC,3416,15
401584727,LAC,4431828,18
401584727,LAC,4433249,5
401584727,LAC,2488653,21
401584727,LAC,2595516,19
401584727,LAC,4066387,6
401584727,LAC,4431752,5
401584727,LAC,4592492,21
401584727,LAC,4396818,0
401584728,LAL,1966,39
401584728,LAL,6583,42
401584728,LAL,2990962,41
401584728,LAL,3136776,41
401584728,LAL,4066457,28
401584728,LAL,3058254,14
401584728,LAL,4066648,17
401584728,LAL,4395627,5
401584728,LAL,4397077,7
401584728,LAL,3137259,32
401584728,LAL,4684286,0
401584728,LAL,4432582,0
401584728,SAC,6578,39
401584728,SAC,3155942,34
401584728,SAC,4594327,33
401584728,SAC,4066259,34
401584728,SAC,4066372,37
401584728,SAC,3893014,18
401584728,SAC,4397693,0
401584728,SAC,3452,15
401584728,SAC,4592402,14
401584728,SAC,4066262,25
401584728,SAC,4278053,16
401584728,SAC,4398207,0
401584728,SAC,2596107,0
401584728,SAC,4433378,0
401584728,SAC,4702177,0
401584729,BKN,2578185,31
401584729,BKN,2580782,13
401584729,BKN,3147657,38
401584729,BKN,3907387,35
401584729,BKN,4432174,38
401584729,BKN,2583632,32
401584729,BKN,4432194,10
401584729,BKN,4065697,14
401584729,BKN,4277890,29
401584729,BKN,4065649,0
401584729,BKN,4431675,0
401584729,BKN,4278067,0
401584729,CHA,4278078,35
401584729,CHA,4249,31
401584729,CHA,4701232,23
401584729,CHA,3074752,41
401584729,CHA,4432816,22
401584729,CHA,4433287,36
401584729,CHA,4702233,19
401584729,CHA,4278076,13
401584729,CHA,4683027,20
401584729,CHA,4066383,0
401584729,CHA,4395650,0
401584729,CHA,4576086,0
401584729,CHA,4683686,0
401584729,CHA,5105638,0
401584730,CHI,4431687,22
401584730,CHI,6478,34
401584730,CHI,3978,35
401584730,CHI,3064440,36
401584730,CHI,4395651,25
401584730,CHI,2528693,20
401584730,CHI,6585,14
401584730,CHI,2991350,26
401584730,CHI,3133635,18
401584730,CHI,4397002,10
401584730,CHI,5105553,0
401584730,CHI,4433159,0
401584730,IND,4278355,24
401584730,IND,3133628,32
401584730,IND,4065670,37
401584730,IND,4396993,36
401584730,IND,4683634,28
401584730,IND,4397189,16
401584730,IND,2990984,19
401584730,IND,4395712,21
401584730,IND,4396909,27
401584730,IND,4432170,0
401584730,IND,5106060,0
401584730,IND,4277883,0
401584730,IND,2451037,0
401584730,IND,2530530,0
401584730,IND,4433076,0
401584731,BOS,4065648,28
401584731,BOS,3102531,24
401584731,BOS,3995,27
401584731,BOS,3078576,24
401584731,BOS,3917376,32
401584731,BOS,4065804,25
401584731,BOS,4066405,6
401584731,BOS,4397885,10
401584731,BOS,4278031,10
401584731,BOS,3213,16
401584731,BOS,3064560,11
401584731,BOS,3133602,5
401584731,BOS,4066354,25
401584731,BOS,4683689,0
401584731,WSH,3134907,26
401584731,WSH,4683021,22
401584731,WSH,3135046,27
401584731,WSH,4277956,25
401584731,WSH,5104155,28
401584731,WSH,3428,16
401584731,WSH,2581184,10
401584731,WSH,4066410,12
401584731,WSH,4280151,24
401584731,WSH,3064447,12
401584731,WSH,4395695,6
401584731,WSH,4432356,16
401584731,WSH,4433246,6
401584731,WSH,4591725,12
401584731,WSH,2490089,0
401584732,MIN,4431671,24
401584732,MIN,3032976,31
401584732,MIN,3136195,36
401584732,MIN,3195,28
401584732,MIN,4594268,38
401584732,MIN,2993874,25
401584732,MIN,4687718,1
401584732,MIN,4277951,1
401584732,MIN,4396971,24
401584732,MIN,3915195,17
401584732,MIN,4432176,1
401584732,MIN,3134916,1
401584732,MIN,4278039,13
401584732,MIN,4278508,0
401584732,ATL,4065732,30
401584732,ATL,4701230,33
401584732,ATL,3102529,23
401584732,ATL,3907497,39
401584732,ATL,4277905,35
401584732,ATL,4277952,1
401584732,ATL,4431680,24
401584732,ATL,4432585,6
401584732,ATL,4712863,1
401584732,ATL,3037789,20
401584732,ATL,4397136,25
401584732,ATL,4683736,1
401584732,ATL,4004,0
401584732,ATL,3913180,0
401584732,ATL,4065656,0
401584733,POR,2991070,37
401584733,POR,4278129,32
401584733,POR,3907498,19
401584733,POR,4683678,34
401584733,POR,4914336,38
401584733,POR,4431736,23
401584733,POR,4432446,16
401584733,POR,4066269,11
401584733,POR,2566769,29
401584733,POR,4278111,0
401584733,POR,4594326,0
401584733,POR,4397126,0
401584733,POR,5099752,0
401584733,TOR,3149673,35
401584733,TOR,3934719,30
401584733,TOR,4433134,37
401584733,TOR,3134908,28
401584733,TOR,3032979,32
401584733,TOR,3948153,17
401584733,TOR,4066731,5
401584733,TOR,4066668,15
401584733,TOR,4277843,19
401584733,TOR,5106258,21
401584733,TOR,3244,0
401584733,TOR,2594922,0
401584733,TOR,4023,0
401584733,TOR,4397251,0
401584734,DAL,3936099,27
401584734,DAL,4066218,31
401584734,DAL,4683688,14
401584734,DAL,3945274,40
401584734,DAL,4432811,34
401584734,DAL,2531367,12
401584734,DAL,2960236,22
401584734,DAL,2326307,15
401584734,DAL,2528210,29
401584734,DAL,3102528,6
401584734,DAL,4868423,10
401584734,DAL,6461,0
401584734,DAL,2993370,0
401584734,DAL,4595400,0
401584734,MEM,4277961,34
401584734,MEM,4277964,29
401584734,MEM,4433137,33
401584734,MEM,2990992,35
401584734,MEM,4066320,37
401584734,MEM,4585610,1
401584734,MEM,4592691,6
401584734,MEM,4593041,29
401584734,MEM,5105550,1
401584734,MEM,3456,14
401584734,MEM,4278378,1
401584734,MEM,3134932,19
401584734,MEM,4397227,1
401584734,MEM,4279888,0
401584735,MIA,3449,18
401584735,MIA,6430,29
401584735,MIA,3934723,22
401584735,MIA,3012,28
401584735,MIA,4395725,42
401584735,MIA,3157465,22
401584735,MIA,4432848,23
401584735,MIA,4997528,7
401584735,MIA,4593049,26
401584735,MIA,2581190,23
401584735,MIA,4278572,0
401584735,MIA,4066993,0
401584735,MIA,4590530,0
401584735,MIL,6609,17
401584735,MIL,3032977,32
401584735,MIL,3448,29
401584735,MIL,3907822,32
401584735,MIL,6606,35
401584735,MIL,6581,25
401584735,MIL,3064482,19
401584735,MIL,3064230,13
401584735,MIL,2578239,23
401584735,MIL,4397475,15
401584735,MIL,3102533,0
401584735,MIL,4433622,0
401584735,MIL,3447,0
401584735,MIL,4432190,0
401584736,GS,6589,22
401584736,GS,3059319,20
401584736,GS,3155535,25
401584736,GS,3975,30
401584736,GS,4432171,21
401584736,GS,3032978,21
401584736,GS,4431684,20
401584736,GS,6446,5
401584736,GS,3943606,5
401584736,GS,2779,25
401584736,GS,3134903,20
401584736,GS,4431720,5
401584736,GS,4709138,23
401584736,NO,4277813,22
401584736,NO,4395628,30
401584736,NO,6477,23
401584736,NO,2490149,33
401584736,NO,4683750,35
401584736,NO,2580365,17
401584736,NO,3908336,27
401584736,NO,3912339,7
401584736,NO,2579258,5
401584736,NO,4395698,16
401584736,NO,4869342,24
401584736,NO,3913176,0
401584736,NO,4432821,0
401584737,DET,4432810,31
401584737,DET,4433621,23
401584737,DET,4432166,35
401584737,DET,4683024,27
401584737,DET,4684742,31
401584737,DET,4277848,24
401584737,DET,2528794,10
401584737,DET,6429,21
401584737,DET,4279532,2
401584737,DET,4397119,2
401584737,DET,4432107,14
401584737,DET,4433218,19
401584737,DET,4432808,0
401584737,DET,4871137,0
401584737,OKC,4433255,24
401584737,OKC,4278073,33
401584737,OKC,4397020,26
401584737,OKC,4593803,31
401584737,OKC,4871145,28
401584737,OKC,4278046,21
401584737,OKC,4683018,2
401584737,OKC,4997526,18
401584737,OKC,6426,13
401584737,OKC,4395702,20
401584737,OKC,4432819,2
401584737,OKC,4683692,22
401584737,OKC,3102532,0
401584737,OKC,4397183,0
401584738,UTAH,3908845,34
401584738,UTAH,4066336,38
401584738,UTAH,4396991,30
401584738,UTAH,4433136,29
401584738,UTAH,2528426,34
401584738,UTAH,2489663,18
401584738,UTAH,2991139,6
401584738,UTAH,4277811,17
401584738,UTAH,4397018,15
401584738,UTAH,4433627,20
401584738,UTAH,3899664,0
401584738,UTAH,4423309,0
401584738,UTAH,3074213,0
401584738,DEN,3064290,33
401584738,DEN,4278104,19
401584738,DEN,3112335,35
401584738,DEN,2581018,33
401584738,DEN,3936299,37
401584738,DEN,4431690,13
401584738,DEN,6443,19
401584738,DEN,4431767,30
401584738,DEN,4432181,6
401584738,DEN,4576087,15
401584738,DEN,2284101,0
401584738,DEN,4395620,0
401584738,DEN,3442,0
401584738,DEN,4278585,0
401584738,DEN,4398390,0
401584739,ORL,4432573,30
401584739,ORL,4566434,37
401584739,ORL,4277847,35
401584739,ORL,4066636,33
401584739,ORL,4432165,26
401584739,ORL,2968436,12
401584739,ORL,4065654,11
401584739,ORL,3150844,11
401584739,ORL,4348700,1
401584739,ORL,2999547,21
401584739,ORL,4432809,21
401584739,ORL,4278052,0
401584739,ORL,4433623,0
401584739,ORL,4712849,0
401584739,ORL,5105806,0
401584739,LAL,1966,33
401584739,LAL,6583,38
401584739,LAL,2990962,26
401584739,LAL,3136776,36
401584739,LAL,4066457,31
401584739,LAL,3058254,27
401584739,LAL,4395627,14
401584739,LAL,4397077,10
401584739,LAL,3137259,25
401584739,LAL,4684286,0
401584739,LAL,4397204,0
401584739,LAL,4432582,0
401584739,LAL,4702702,0
401584740,NY,3064514,31
401584740,NY,4395625,25
401584740,NY,4351852,22
401584740,NY,3934672,34
401584740,NY,4397014,22
401584740,NY,4222252,23
401584740,NY,4277922,3
401584740,NY,2991047,2
401584740,NY,3062679,28
401584740,NY,3906786,3
401584740,NY,3913220,4
401584740,NY,3934673,15
401584740,NY,4395724,24
401584740,NY,4431823,4
401584740,NY,6588,0
401584740,CLE,3912848,16
401584740,CLE,4432822,25
401584740,CLE,4432158,29
401584740,CLE,3908809,29
401584740,CLE,4065778,33
401584740,CLE,2990969,24
401584740,CLE,4432815,1
401584740,CLE,4433620,23
401584740,CLE,6474,19
401584740,CLE,3064559,5
401584740,CLE,4066757,14
401584740,CLE,4701233,22
401584741,SA,4066650,27
401584741,SA,4395723,33
401584741,SA,4610139,30
401584741,SA,5104157,28
401584741,SA,4395630,36
401584741,SA,2528588,15
401584741,SA,4565201,9
401584741,SA,4592479,3
401584741,SA,3893016,19
401584741,SA,4397886,15
401584741,SA,4395626,24
401584741,SA,4278580,0
401584741,SA,4870562,0
401584741,SA,3133601,0
401584741,SA,4683935,0
401584741,PHX,3202,37
401584741,PHX,3102530,30
401584741,PHX,3431,36
401584741,PHX,3135045,37
401584741,PHX,4065663,30
401584741,PHX,3914285,17
401584741,PHX,3133838,19
401584741,PHX,4395652,18
401584741,PHX,4278402,15
401584741,PHX,3914283,0
401584741,PHX,3136779,0
401584741,PHX,4066299,0
401584741,PHX,4397102,0
401584741,PHX,4278124,0
401584742,ORL,4432573,32
401584742,ORL,4566434,32
401584742,ORL,4277847,30
401584742,ORL,4066636,32
401584742,ORL,4432165,32
401584742,ORL,2968436,13
401584742,ORL,4278052,4
401584742,ORL,4433623,4
401584742,ORL,3150844,14
401584742,ORL,4348700,4
401584742,ORL,2999547,18
401584742,ORL,4432809,18
401584742,ORL,4712849,4
401584742,ORL,5105806,4
401584742,LAC,4251,33
401584742,LAC,6450,33
401584742,LAC,4017837,23
401584742,LAC,3468,33
401584742,LAC,4592492,32
401584742,LAC,3033,0
401584742,LAC,4397667,0
401584742,LAC,4433249,3
401584742,LAC,2488653,22
401584742,LAC,3992,0
401584742,LAC,2595516,29
401584742,LAC,4066387,10
401584742,LAC,4396818,3
401584742,LAC,4431752,19
401584743,POR,2991070,38
401584743,POR,4278129,34
401584743,POR,3907498,17
401584743,POR,4683678,20
401584743,POR,4914336,42
401584743,POR,4431736,26
401584743,POR,4432446,10
401584743,POR,4066211,19
401584743,POR,4066269,8
401584743,POR,2566769,25
401584743,POR,4594326,0
401584743,POR,4397126,0
401584743,POR,5099752,0
401584743,DET,4277848,33
401584743,DET,4432810,33
401584743,DET,4432166,37
401584743,DET,4683024,26
401584743,DET,4684742,30
401584743,DET,2528794,17
401584743,DET,4432808,6
401584743,DET,4279532,12
401584743,DET,4432107,23
401584743,DET,4433218,22
401584743,DET,6429,0
401584743,DET,4397119,0
401584743,DET,4871137,0
401584744,MIL,6609,17
401584744,MIL,3032977,28
401584744,MIL,3448,17
401584744,MIL,3907822,25
401584744,MIL,6606,31
401584744,MIL,6581,25
401584744,MIL,3064482,19
401584744,MIL,3102533,4
401584744,MIL,4432179,16
401584744,MIL,4433622,6
401584744,MIL,3064230,19
401584744,MIL,2578239,23
401584744,MIL,4397475,6
401584744,MIL,4432190,6
401584744,MIL,3447,0
401584744,TOR,3149673,33
401584744,TOR,3934719,25
401584744,TOR,4433134,29
401584744,TOR,3134908,29
401584744,TOR,3032979,29
401584744,TOR,3948153,13
401584744,TOR,2594922,16
401584744,TOR,4066668,19
401584744,TOR,4023,3
401584744,TOR,4277843,23
401584744,TOR,5106258,21
401584744,TOR,3244,0
401584744,TOR,4066731,0
401584745,WSH,3134907,25
401584745,WSH,4683021,24
401584745,WSH,2490089,22
401584745,WSH,3135046,22
401584745,WSH,4277956,20
401584745,WSH,3428,19
401584745,WSH,2581184,7
401584745,WSH,4066410,8
401584745,WSH,4280151,14
401584745,WSH,3064447,22
401584745,WSH,3914044,12
401584745,WSH,4432356,10
401584745,WSH,4591725,7
401584745,WSH,5104155,28
401584745,WSH,4395695,0
401584745,ATL,4065732,33
401584745,ATL,3102529,21
401584745,ATL,3907497,34
401584745,ATL,4277905,35
401584745,ATL,4397136,32
401584745,ATL,4431680,27
401584745,ATL,4432585,12
401584745,ATL,4701230,24
401584745,ATL,3037789,23
401584745,ATL,4277952,0
401584745,ATL,4712863,0
401584745,ATL,4004,0
401584745,ATL,3913180,0
401584745,ATL,4065656,0
401584745,ATL,4683736,0
401584746,IND,4278355,25
401584746,IND,3133628,22
401584746,IND,4065670,21
401584746,IND,4395712,20
401584746,IND,4683634,15
401584746,IND,4432170,19
401584746,IND,5106060,12
401584746,IND,4277883,21
401584746,IND,2530530,28
401584746,IND,2990984,24
401584746,IND,4396909,19
401584746,IND,4433076,15
401584746,IND,2451037,0
401584746,BOS,4065648,27
401584746,BOS,3102531,27
401584746,BOS,3995,25
401584746,BOS,3078576,27
401584746,BOS,3917376,25
401584746,BOS,4065804,19
401584746,BOS,4066405,7
401584746,BOS,4397885,8
401584746,BOS,4278031,20
401584746,BOS,3213,11
401584746,BOS,3064560,6
401584746,BOS,3133602,11
401584746,BOS,4066354,26
401584747,BKN,2578185,30
401584747,BKN,2583632,39
401584747,BKN,3147657,31
401584747,BKN,3907387,34
401584747,BKN,4432174,34
401584747,BKN,4431675,14
401584747,BKN,4431714,6
401584747,BKN,4432194,13
401584747,BKN,4066450,16
401584747,BKN,4277890,25
401584747,BKN,4065649,0
401584747,BKN,4278067,0
401584747,MIA,6430,34
401584747,MIA,4432848,19
401584747,MIA,4066261,33
401584747,MIA,3012,30
401584747,MIA,4395725,36
401584747,MIA,3157465,21
401584747,MIA,4291678,22
401584747,MIA,3934723,15
401584747,MIA,2581190,30
401584747,MIA,4997528,0
401584747,MIA,4593049,0
401584747,MIA,4066993,0
401584748,CLE,2990969,28
401584748,CLE,4432822,31
401584748,CLE,4432158,35
401584748,CLE,3908809,37
401584748,CLE,4065778,35
401584748,CLE,3912848,20
401584748,CLE,6474,13
401584748,CLE,2991043,31
401584748,CLE,4701233,11
401584748,CLE,4432815,0
401584748,CLE,4433620,0
401584748,CLE,3064559,0
401584748,CLE,4066757,0
401584748,NY,3064514,35
401584748,NY,4351852,32
401584748,NY,3062679,29
401584748,NY,3934672,39
401584748,NY,4397014,22
401584748,NY,4222252,16
401584748,NY,3934673,30
401584748,NY,4395724,28
401584748,NY,4431823,9
401584748,NY,4395625,0
401584748,NY,4277922,0
401584748,NY,6588,0
401584748,NY,2991047,0
401584748,NY,3906786,0
401584748,NY,3913220,0
401584749,NO,4277813,31
401584749,NO,4395628,33
401584749,NO,6477,21
401584749,NO,2490149,37
401584749,NO,4683750,37
401584749,NO,2580365,23
401584749,NO,3908336,20
401584749,NO,2579258,2
401584749,NO,4395698,10
401584749,NO,4869342,25
401584749,NO,4432821,0
401584749,OKC,4433255,37
401584749,OKC,4278073,38
401584749,OKC,4397020,30
401584749,OKC,4593803,38
401584749,OKC,4871145,31
401584749,OKC,4066317,1
401584749,OKC,4278046,7
401584749,OKC,4997526,12
401584749,OKC,4395702,14
401584749,OKC,4397183,14
401584749,OKC,4683692,18
401584749,OKC,4683018,0
401584749,OKC,6426,0
401584749,OKC,3102532,0
401584749,OKC,4432819,0
401584750,CHA,4278078,35
401584750,CHA,4249,31
401584750,CHA,4701232,25
401584750,CHA,3074752,38
401584750,CHA,4432816,33
401584750,CHA,4433287,24
401584750,CHA,4702233,13
401584750,CHA,4278076,19
401584750,CHA,4683027,21
401584750,CHA,4066383,0
401584750,CHA,4395650,0
401584750,CHA,4576086,0
401584750,CHA,4683686,0
401584750,CHA,5105638,0
401584750,HOU,3155526,38
401584750,HOU,4432639,30
401584750,HOU,4871144,27
401584750,HOU,2991230,39
401584750,HOU,4437244,31
401584750,HOU,3209,12
401584750,HOU,3136777,19
401584750,HOU,3146557,19
401584750,HOU,3922230,11
401584750,HOU,4684740,13
401584750,HOU,4278588,0
401584750,HOU,5105592,0
401584750,HOU,2528779,0
401584750,HOU,4376,0
401584750,HOU,4396629,0
401584751,DEN,3064290,18
401584751,DEN,4278104,25
401584751,DEN,3112335,30
401584751,DEN,2581018,26
401584751,DEN,3936299,32
401584751,DEN,2284101,6
401584751,DEN,4066240,5
401584751,DEN,4395620,4
401584751,DEN,4431690,18
401584751,DEN,6443,19
401584751,DEN,4398390,5
401584751,DEN,4431767,20
401584751,DEN,4432181,16
401584751,DEN,4576087,16
401584751,DEN,3442,0
401584751,MIN,4431671,21
401584751,MIN,3032976,32
401584751,MIN,3136195,31
401584751,MIN,3195,27
401584751,MIN,4594268,32
401584751,MIN,2993874,25
401584751,MIN,4278508,5
401584751,MIN,4687718,4
401584751,MIN,4396971,19
401584751,MIN,3915195,18
401584751,MIN,3134916,4
401584751,MIN,4278039,21
401584752,CHI,4431687,25
401584752,CHI,6478,36
401584752,CHI,3978,33
401584752,CHI,3064440,36
401584752,CHI,4395651,33
401584752,CHI,2528693,17
401584752,CHI,6585,12
401584752,CHI,2991350,22
401584752,CHI,3133635,15
401584752,CHI,4397002,11
401584752,CHI,4279815,0
401584752,CHI,5105553,0
401584752,DAL,3936099,31
401584752,DAL,4066218,30
401584752,DAL,4683688,33
401584752,DAL,3945274,40
401584752,DAL,4432811,26
401584752,DAL,2531367,10
401584752,DAL,2960236,4
401584752,DAL,2326307,12
401584752,DAL,2528210,27
401584752,DAL,3102528,10
401584752,DAL,4868423,14
401584752,DAL,6461,0
401584752,DAL,2993370,0
401584752,DAL,4595400,0
401584753,MEM,4277961,26
401584753,MEM,4277964,14
401584753,MEM,4433137,19
401584753,MEM,2990992,28
401584753,MEM,4066320,27
401584753,MEM,4585610,19
401584753,MEM,4592691,9
401584753,MEM,4593041,24
401584753,MEM,4278378,20
401584753,MEM,3134932,18
401584753,MEM,3913174,21
401584753,MEM,4397227,16
401584753,MEM,4279888,0
401584753,UTAH,3908845,27
401584753,UTAH,4066336,28
401584753,UTAH,4396991,23
401584753,UTAH,4433136,18
401584753,UTAH,2528426,26
401584753,UTAH,2489663,26
401584753,UTAH,3899664,8
401584753,UTAH,3074213,7
401584753,UTAH,2991139,13
401584753,UTAH,4277811,22
401584753,UTAH,4397018,18
401584753,UTAH,4433627,23
401584753,UTAH,4423309,0
401584753,UTAH,4684806,0
401584753,UTAH,5105839,0
401584754,SAC,6578,31
401584754,SAC,3155942,37
401584754,SAC,4594327,39
401584754,SAC,4066372,27
401584754,SAC,4278053,30
401584754,SAC,3893014,17
401584754,SAC,3452,10
401584754,SAC,4592402,7
401584754,SAC,4066262,25
401584754,SAC,4433378,17
401584754,SAC,4397693,0
401584754,SAC,4398207,0
401584754,SAC,2596107,0
401584754,SAC,4066736,0
401584754,SAC,4702177,0
401584754,GS,6589,28
401584754,GS,3059319,25
401584754,GS,3155535,23
401584754,GS,3975,32
401584754,GS,6475,29
401584754,GS,3032978,20
401584754,GS,4431684,0
401584754,GS,4433247,17
401584754,GS,2779,28
401584754,GS,3134903,22
401584754,GS,4432171,15
401584754,GS,6446,0
401584754,GS,4709138,0
401584755,LAC,4251,37
401584755,LAC,6450,41
401584755,LAC,4017837,29
401584755,LAC,3468,44
401584755,LAC,4592492,34
401584755,LAC,3033,21
401584755,LAC,2488653,19
401584755,LAC,2595516,35
401584755,LAC,4431752,6
401584755,LAC,4433249,0
401584755,LAC,4066387,0
401584755,LAC,4396818,0
401584755,LAC,4702176,0
401584755,LAL,1966,42
401584755,LAL,6583,48
401584755,LAL,4395627,37
401584755,LAL,3136776,36
401584755,LAL,4066457,38
401584755,LAL,3058254,29
401584755,LAL,4397077,14
401584755,LAL,4432582,22
401584755,LAL,2990962,0
401584755,LAL,4684286,0
401584755,LAL,4896481,0
401584755,LAL,4397204,0
401584755,LAL,4702702,0
401584756,TOR,3149673,33
401584756,TOR,3934719,33
401584756,TOR,4433134,35
401584756,TOR,3134908,28
401584756,TOR,3032979,31
401584756,TOR,3244,2
401584756,TOR,3948153,13
401584756,TOR,4066731,9
401584756,TOR,4066668,17
401584756,TOR,4023,2
401584756,TOR,4277843,23
401584756,TOR,5106258,14
401584756,PHI,6440,40
401584756,PHI,3059318,35
401584756,PHI,3133603,30
401584756,PHI,4066436,21
401584756,PHI,4431678,40
401584756,PHI,2490620,1
401584756,PHI,4278562,12
401584756,PHI,4431828,1
401584756,PHI,4277919,1
401584756,PHI,3964,28
401584756,PHI,3929325,22
401584756,PHI,4432164,9
401584756,PHI,6462,0
401584756,PHI,2991155,0
401584757,DET,4432810,35
401584757,DET,4433621,25
401584757,DET,4432166,34
401584757,DET,4683024,39
401584757,DET,4684742,25
401584757,DET,4277848,13
401584757,DET,2528794,24
401584757,DET,4279532,1
401584757,DET,4432107,23
401584757,DET,4433218,22
401584757,DET,4432808,0
401584757,DET,4397119,0
401584757,DET,4871137,0
401584757,NO,3908336,35
401584757,NO,4277813,34
401584757,NO,6477,33
401584757,NO,2490149,35
401584757,NO,4683750,29
401584757,NO,2580365,15
401584757,NO,4431811,13
401584757,NO,4395698,20
401584757,NO,4869342,25
401584757,NO,4395628,0
401584757,NO,4432821,0
401584757,NO,2579258,0
401584758,ORL,4432573,36
401584758,ORL,4566434,38
401584758,ORL,4277847,29
401584758,ORL,2999547,14
401584758,ORL,4432165,21
401584758,ORL,2968436,24
401584758,ORL,4065654,12
401584758,ORL,3150844,19
401584758,ORL,4432809,31
401584758,ORL,4712849,16
401584758,ORL,4278052,0
401584758,ORL,4433623,0
401584758,ORL,4348700,0
401584758,ORL,4066636,0
401584758,ORL,5105806,0
401584758,UTAH,3908845,33
401584758,UTAH,4066336,33
401584758,UTAH,4396991,31
401584758,UTAH,4433136,25
401584758,UTAH,2528426,37
401584758,UTAH,2489663,19
401584758,UTAH,3899664,7
401584758,UTAH,3074213,8
401584758,UTAH,2991139,6
401584758,UTAH,4277811,17
401584758,UTAH,4397018,8
401584758,UTAH,4433627,17
401584758,UTAH,4423309,0
401584758,UTAH,4684806,0
401584758,UTAH,5105839,0
401584759,SA,4066650,35
401584759,SA,4395723,35
401584759,SA,4610139,26
401584759,SA,5104157,34
401584759,SA,4395630,17
401584759,SA,2528588,16
401584759,SA,4565201,20
401584759,SA,3893016,22
401584759,SA,4397886,6
401584759,SA,4395626,28
401584759,SA,4278580,0
401584759,SA,4592479,0
401584759,SA,4870562,0
401584759,SA,3133601,0
401584759,SA,4683935,0
401584759,PHX,3202,37
401584759,PHX,3102530,19
401584759,PHX,3135045,33
401584759,PHX,3136193,35
401584759,PHX,4065663,12
401584759,PHX,3914285,27
401584759,PHX,3133838,26
401584759,PHX,3136779,18
401584759,PHX,3431,24
401584759,PHX,4278402,10
401584759,PHX,3914283,0
401584759,PHX,4395652,0
401584759,PHX,4066299,0
401584759,PHX,4397102,0
401584759,PHX,4278124,0
401584089,CLE,4066328,21
401584089,CLE,4432158,36
401584089,CLE,3908809,37
401584089,CLE,4065778,28
401584089,CLE,4396907,32
401584089,CLE,2990969,27
401584089,CLE,3912848,3
401584089,CLE,4432822,23
401584089,CLE,6474,3
401584089,CLE,2991043,30
401584089,CLE,3064559,0
401584089,CLE,4066757,0
401584089,CLE,4701233,0
401584089,IND,4278355,21
401584089,IND,3133628,31
401584089,IND,4065670,37
401584089,IND,4396993,34
401584089,IND,4683634,24
401584089,IND,4397189,17
401584089,IND,2990984,30
401584089,IND,4395712,18
401584089,IND,4396909,27
401584089,IND,4432170,0
401584089,IND,5106060,0
401584089,IND,4277883,0
401584089,IND,2451037,0
401584089,IND,2530530,0
401584089,IND,4433076,0
401584090,NY,3064514,39
401584090,NY,4351852,29
401584090,NY,3062679,36
401584090,NY,3934672,42
401584090,NY,4397014,34
401584090,NY,4222252,18
401584090,NY,3934673,18
401584090,NY,4395724,22
401584090,NY,4431823,2
401584090,NY,4277922,0
401584090,NY,6588,0
401584090,NY,2991047,0
401584090,NY,3906786,0
401584090,NY,3913220,0
401584090,MIL,6609,21
401584090,MIL,3032977,36
401584090,MIL,3448,36
401584090,MIL,3907822,22
401584090,MIL,6606,36
401584090,MIL,6581,24
401584090,MIL,3064482,17
401584090,MIL,4432179,13
401584090,MIL,3064230,12
401584090,MIL,2578239,24
401584090,MIL,3102533,0
401584090,MIL,4433622,0
401584090,MIL,3447,0
401584090,MIL,4397475,0
401584090,MIL,4432190,0
401584091,WSH,3134907,31
401584091,WSH,4278049,20
401584091,WSH,4683021,24
401584091,WSH,3135046,24
401584091,WSH,4277956,28
401584091,WSH,3428,9
401584091,WSH,2581184,7
401584091,WSH,4066410,7
401584091,WSH,2490089,12
401584091,WSH,3064447,17
401584091,WSH,3914044,14
401584091,WSH,4432356,13
401584091,WSH,4591725,7
401584091,WSH,5104155,26
401584091,WSH,4433246,0
401584091,MIA,6430,31
401584091,MIA,4291678,22
401584091,MIA,4066261,30
401584091,MIA,3012,26
401584091,MIA,4395725,37
401584091,MIA,3157465,30
401584091,MIA,4432848,22
401584091,MIA,3934723,18
401584091,MIA,2581190,26
401584091,MIA,3449,0
401584091,MIA,4997528,0
401584091,MIA,4593049,0
401584091,MIA,4066993,0
401584092,BKN,2578185,33
401584092,BKN,2580782,31
401584092,BKN,3147657,33
401584092,BKN,3907387,33
401584092,BKN,4432174,31
401584092,BKN,2583632,32
401584092,BKN,4432194,15
401584092,BKN,4065697,16
401584092,BKN,4277890,16
401584092,BKN,4065649,0
401584092,BKN,4431675,0
401584092,BKN,4431714,0
401584092,BKN,4066450,0
401584092,CHI,2528693,23
401584092,CHI,6478,36
401584092,CHI,3978,33
401584092,CHI,3064440,38
401584092,CHI,4395651,35
401584092,CHI,4431687,21
401584092,CHI,6585,12
401584092,CHI,2991350,26
401584092,CHI,3133635,14
401584092,CHI,4279815,0
401584092,CHI,5105553,0
401584092,CHI,4433159,0
401584093,GS,6589,29
401584093,GS,3059319,27
401584093,GS,3155535,11
401584093,GS,3975,31
401584093,GS,6475,33
401584093,GS,3032978,20
401584093,GS,4433247,22
401584093,GS,2779,28
401584093,GS,3134903,22
401584093,GS,4432171,18
401584093,GS,4871143,0
401584093,GS,6446,0
401584093,GS,3943606,0
401584093,OKC,4433255,32
401584093,OKC,4397020,30
401584093,OKC,4593803,35
401584093,OKC,4683692,36
401584093,OKC,4871145,31
401584093,OKC,4432823,15
401584093,OKC,4997526,5
401584093,OKC,3102532,12
401584093,OKC,4395702,26
401584093,OKC,4397183,17
401584093,OKC,4066317,0
401584093,OKC,4278046,0
401584093,OKC,4683018,0
401584093,OKC,6426,0
401584093,OKC,4432819,0
401584094,DAL,3936099,17
401584094,DAL,4066218,33
401584094,DAL,4683688,25
401584094,DAL,6442,35
401584094,DAL,3945274,38
401584094,DAL,2531367,17
401584094,DAL,4595400,1
401584094,DAL,2326307,5
401584094,DAL,2528210,27
401584094,DAL,3102528,1
401584094,DAL,4432811,27
401584094,DAL,4868423,14
401584094,DAL,2993370,0
401584094,DEN,3064290,35
401584094,DEN,4278104,34
401584094,DEN,3112335,36
401584094,DEN,2581018,37
401584094,DEN,3936299,39
401584094,DEN,4431690,12
401584094,DEN,6443,20
401584094,DEN,4431767,15
401584094,DEN,4576087,13
401584094,DEN,2284101,0
401584094,DEN,4066240,0
401584094,DEN,3442,0
401584094,DEN,4278585,0
401584094,DEN,4398390,0
401584094,DEN,4432181,0
401584095,MEM,4277961,38
401584095,MEM,4433137,27
401584095,MEM,4593041,32
401584095,MEM,2990992,39
401584095,MEM,4066320,45
401584095,MEM,4277964,24
401584095,MEM,6427,0
401584095,MEM,4278378,12
401584095,MEM,3134932,11
401584095,MEM,3913174,27
401584095,MEM,4397227,10
401584095,MEM,4585610,0
401584095,MEM,4592691,0
401584095,POR,2991070,44
401584095,POR,4278129,36
401584095,POR,2566769,44
401584095,POR,3907498,19
401584095,POR,4914336,46
401584095,POR,4431736,31
401584095,POR,4432446,9
401584095,POR,4066211,20
401584095,POR,4066269,15
401584095,POR,4278111,0
401584095,POR,4594326,0
401584095,POR,4397126,0
401584095,POR,5099752,0
401584760,PHX,3202,36
401584760,PHX,3136779,24
401584760,PHX,3102530,23
401584760,PHX,3431,34
401584760,PHX,3135045,27
401584760,PHX,3914283,5
401584760,PHX,3914285,20
401584760,PHX,3133838,22
401584760,PHX,4395652,4
401584760,PHX,4065663,26
401584760,PHX,4278124,4
401584760,PHX,4278402,16
401584760,PHX,4066299,0
401584760,PHX,4397102,0
401584760,PHI,6440,34
401584760,PHI,3059318,31
401584760,PHI,3133603,35
401584760,PHI,4066436,25
401584760,PHI,4431678,36
401584760,PHI,2490620,18
401584760,PHI,4278562,15
401584760,PHI,4431828,2
401584760,PHI,4277919,2
401584760,PHI,3964,12
401584760,PHI,3929325,18
401584760,PHI,4432164,11
401584760,PHI,6462,0
401584760,PHI,2991155,0
401584761,CHA,4278078,33
401584761,CHA,4249,34
401584761,CHA,4701232,30
401584761,CHA,3074752,31
401584761,CHA,4432816,31
401584761,CHA,4433287,34
401584761,CHA,4702233,15
401584761,CHA,4278076,18
401584761,CHA,4683027,14
401584761,CHA,4066383,0
401584761,CHA,4395650,0
401584761,CHA,4305,0
401584761,CHA,4576086,0
401584761,CHA,4683686,0
401584761,CHA,5105638,0
401584761,IND,4278355,26
401584761,IND,3133628,27
401584761,IND,4065670,32
401584761,IND,4396993,37
401584761,IND,4683634,24
401584761,IND,4397189,21
401584761,IND,2530530,5
401584761,IND,2990984,26
401584761,IND,4395712,18
401584761,IND,4396909,25
401584761,IND,4432170,0
401584761,IND,4277883,0
401584761,IND,2451037,0
401584761,IND,4433076,0
401584762,LAL,1966,35
401584762,LAL,6583,32
401584762,LAL,4395627,24
401584762,LAL,3136776,35
401584762,LAL,4066457,34
401584762,LAL,3058254,29
401584762,LAL,4684286,4
401584762,LAL,4896481,4
401584762,LAL,4397077,11
401584762,LAL,4397204,4
401584762,LAL,4432582,23
401584762,LAL,4702702,4
401584762,ORL,4432573,34
401584762,ORL,4566434,33
401584762,ORL,4348700,26
401584762,ORL,4432165,27
401584762,ORL,4712849,30
401584762,ORL,2968436,25
401584762,ORL,4065654,11
401584762,ORL,4278052,3
401584762,ORL,4433623,3
401584762,ORL,3918423,3
401584762,ORL,3150844,19
401584762,ORL,4432809,23
401584762,ORL,5105806,3
401584763,ATL,4065732,30
401584763,ATL,4701230,36
401584763,ATL,3102529,28
401584763,ATL,3907497,37
401584763,ATL,4277905,39
401584763,ATL,4431680,20
401584763,ATL,3037789,21
401584763,ATL,3913180,4
401584763,ATL,4397136,26
401584763,ATL,4277952,0
401584763,ATL,4432585,0
401584763,ATL,4712863,0
401584763,ATL,4004,0
401584763,ATL,4065656,0
401584763,NO,3913176,32
401584763,NO,4277813,33
401584763,NO,4395628,32
401584763,NO,6477,21
401584763,NO,2490149,33
401584763,NO,2580365,15
401584763,NO,3908336,17
401584763,NO,4432821,1
401584763,NO,4395698,10
401584763,NO,4683750,24
401584763,NO,4869342,22
401584763,NO,2579258,0
401584764,BOS,4065648,41
401584764,BOS,3213,30
401584764,BOS,3102531,30
401584764,BOS,3995,40
401584764,BOS,3917376,35
401584764,BOS,4065804,19
401584764,BOS,4278031,11
401584764,BOS,3064560,15
401584764,BOS,4066354,19
401584764,BOS,4066405,0
401584764,BOS,4397885,0
401584764,BOS,3133602,0
401584764,BKN,2578185,37
401584764,BKN,2583632,37
401584764,BKN,2580782,35
401584764,BKN,3147657,38
401584764,BKN,4432174,37
401584764,BKN,4431675,5
401584764,BKN,4431714,1
401584764,BKN,4432194,17
401584764,BKN,4065697,15
401584764,BKN,4066450,1
401584764,BKN,4277890,17
401584764,BKN,4065649,0
401584765,SAC,6578,32
401584765,SAC,3155942,31
401584765,SAC,4594327,33
401584765,SAC,4066372,16
401584765,SAC,4278053,26
401584765,SAC,3893014,11
401584765,SAC,4397693,1
401584765,SAC,3452,15
401584765,SAC,2596107,3
401584765,SAC,4592402,26
401584765,SAC,4066262,26
401584765,SAC,4066736,1
401584765,SAC,4433378,18
401584765,SAC,4702177,1
401584765,SAC,4397667,0
401584765,HOU,3155526,38
401584765,HOU,4432639,35
401584765,HOU,4871144,34
401584765,HOU,2991230,36
401584765,HOU,4437244,36
401584765,HOU,3209,5
401584765,HOU,3136777,21
401584765,HOU,4278588,1
401584765,HOU,5105592,1
401584765,HOU,3146557,12
401584765,HOU,3922230,19
401584765,HOU,4396629,1
401584765,HOU,2528779,0
401584765,HOU,4376,0
401584766,UTAH,3908845,29
401584766,UTAH,4066336,35
401584766,UTAH,4396991,24
401584766,UTAH,4433136,22
401584766,UTAH,2528426,32
401584766,UTAH,2489663,18
401584766,UTAH,3899664,10
401584766,UTAH,4423309,4
401584766,UTAH,3074213,4
401584766,UTAH,4277811,19
401584766,UTAH,4397018,17
401584766,UTAH,4433627,27
401584766,UTAH,2991139,0
401584766,MIN,4431671,20
401584766,MIN,3032976,29
401584766,MIN,3136195,32
401584766,MIN,3195,28
401584766,MIN,4594268,36
401584766,MIN,2993874,27
401584766,MIN,4278508,4
401584766,MIN,4687718,4
401584766,MIN,4396971,22
401584766,MIN,3915195,15
401584766,MIN,4432176,3
401584766,MIN,3134916,4
401584766,MIN,4278039,18
401584767,CHI,2528693,27
401584767,CHI,6478,30
401584767,CHI,3978,34
401584767,CHI,3064440,31
401584767,CHI,4395651,31
401584767,CHI,4279815,3
401584767,CHI,4431687,28
401584767,CHI,5105553,3
401584767,CHI,4438552,3
401584767,CHI,6585,15
401584767,CHI,2991350,14
401584767,CHI,3133635,18
401584767,CHI,4433159,3
401584767,DEN,3064290,35
401584767,DEN,4278104,31
401584767,DEN,3112335,33
401584767,DEN,2581018,30
401584767,DEN,3936299,10
401584767,DEN,4395620,2
401584767,DEN,4431690,2
401584767,DEN,3442,12
401584767,DEN,6443,25
401584767,DEN,4278585,12
401584767,DEN,4398390,2
401584767,DEN,4431767,18
401584767,DEN,4432181,9
401584767,DEN,4576087,18
401584767,DEN,2284101,0
401584768,PHX,3202,35
401584768,PHX,3136779,20
401584768,PHX,3102530,28
401584768,PHX,3431,31
401584768,PHX,3135045,30
401584768,PHX,3914283,2
401584768,PHX,3914285,18
401584768,PHX,3133838,20
401584768,PHX,4066299,3
401584768,PHX,4397102,3
401584768,PHX,4065663,29
401584768,PHX,4278124,3
401584768,PHX,4278402,21
401584768,PHX,4395652,0
401584768,DET,4432810,34
401584768,DET,4433621,31
401584768,DET,4432166,39
401584768,DET,4683024,34
401584768,DET,4684742,38
401584768,DET,4277848,11
401584768,DET,2528794,13
401584768,DET,4279532,4
401584768,DET,4397119,3
401584768,DET,4432107,30
401584768,DET,4871137,3
401584768,DET,4432808,0
401584768,DET,4433218,0
401584769,TOR,3149673,36
401584769,TOR,3934719,38
401584769,TOR,4433134,42
401584769,TOR,3134908,29
401584769,TOR,3032979,38
401584769,TOR,4066731,5
401584769,TOR,2594922,19
401584769,TOR,4066668,15
401584769,TOR,4277843,29
401584769,TOR,5106258,14
401584769,TOR,3244,0
401584769,TOR,3948153,0
401584769,TOR,4023,0
401584769,SA,4066650,38
401584769,SA,4395723,38
401584769,SA,4565201,25
401584769,SA,4610139,29
401584769,SA,5104157,38
401584769,SA,2528588,24
401584769,SA,4592479,7
401584769,SA,3893016,26
401584769,SA,4397886,9
401584769,SA,4395626,32
401584769,SA,4278580,0
401584769,SA,4870562,0
401584769,SA,3133601,0
401584769,SA,4683935,0
401584769,SA,5081727,0
401584770,GS,6589,29
401584770,GS,3059319,26
401584770,GS,3155535,15
401584770,GS,3975,31
401584770,GS,6475,32
401584770,GS,3032978,13
401584770,GS,4431684,12
401584770,GS,4433247,20
401584770,GS,6446,3
401584770,GS,2779,25
401584770,GS,3134903,12
401584770,GS,4432171,14
401584770,GS,4709138,8
401584770,CLE,4066328,28
401584770,CLE,4432158,29
401584770,CLE,3908809,34
401584770,CLE,4065778,36
401584770,CLE,4396907,30
401584770,CLE,2990969,25
401584770,CLE,3912848,13
401584770,CLE,6474,11
401584770,CLE,3064559,1
401584770,CLE,2991043,32
401584770,CLE,4066757,1
401584771,CHA,4278078,34
401584771,CHA,4433287,36
401584771,CHA,4249,34
401584771,CHA,4701232,27
401584771,CHA,4432816,39
401584771,CHA,4702233,15
401584771,CHA,4278076,21
401584771,CHA,4305,3
401584771,CHA,4683027,21
401584771,CHA,4576086,10
401584771,CHA,4395650,0
401584771,CHA,4683686,0
401584771,CHA,5105638,0
401584771,DAL,3936099,17
401584771,DAL,4066218,31
401584771,DAL,4683688,32
401584771,DAL,6442,34
401584771,DAL,3945274,36
401584771,DAL,2531367,15
401584771,DAL,2528210,32
401584771,DAL,3102528,3
401584771,DAL,4432811,24
401584771,DAL,4868423,15
401584771,DAL,6461,0
401584771,DAL,2993370,0
401584771,DAL,4595400,0
401584771,DAL,2326307,0
401584772,MEM,4277961,37
401584772,MEM,4433137,28
401584772,MEM,6427,26
401584772,MEM,2990992,29
401584772,MEM,4066320,34
401584772,MEM,4585610,10
401584772,MEM,4593041,13
401584772,MEM,4593125,20
401584772,MEM,4278378,11
401584772,MEM,3913174,32
401584772,MEM,4277964,0
401584772,MEM,4592691,0
401584772,MEM,4397227,0
401584772,POR,2991070,38
401584772,POR,4278129,35
401584772,POR,2566769,39
401584772,POR,3907498,19
401584772,POR,4914336,41
401584772,POR,4431736,24
401584772,POR,4432446,16
401584772,POR,4066211,11
401584772,POR,4066269,16
401584772,POR,4278111,0
401584772,POR,4594326,0
401584772,POR,4397126,0
401584772,POR,5099752,0
401584773,GS,6589,28
401584773,GS,3059319,22
401584773,GS,3155535,25
401584773,GS,3975,33
401584773,GS,6475,28
401584773,GS,3032978,21
401584773,GS,4431684,0
401584773,GS,4433247,19
401584773,GS,2779,21
401584773,GS,3134903,24
401584773,GS,4432171,19
401584773,GS,4709138,0
401584773,GS,6446,0
401584773,DET,4277848,24
401584773,DET,4432810,39
401584773,DET,4432166,40
401584773,DET,4683024,34
401584773,DET,4684742,38
401584773,DET,4432808,11
401584773,DET,4279532,16
401584773,DET,4397119,5
401584773,DET,4432107,33
401584773,DET,2528794,0
401584773,DET,4433621,0
401584773,DET,4433218,0
401584773,DET,4871137,0
401584774,SA,4066650,20
401584774,SA,4395723,23
401584774,SA,4565201,28
401584774,SA,4610139,21
401584774,SA,5104157,21
401584774,SA,2528588,20
401584774,SA,4278580,9
401584774,SA,4592479,17
401584774,SA,4870562,8
401584774,SA,3893016,19
401584774,SA,4397886,17
401584774,SA,3133601,12
401584774,SA,4395626,19
401584774,SA,4683935,8
401584774,IND,4278355,27
401584774,IND,3133628,21
401584774,IND,4065670,24
401584774,IND,4396993,27
401584774,IND,4683634,22
401584774,IND,4397189,12
401584774,IND,4432170,15
401584774,IND,5106060,9
401584774,IND,4277883,9
401584774,IND,2530530,9
401584774,IND,2990984,21
401584774,IND,4395712,16
401584774,IND,4396909,16
401584774,IND,4433076,12
401584774,IND,2451037,0
401584775,DAL,3936099,28
401584775,DAL,4066218,33
401584775,DAL,4683688,16
401584775,DAL,6442,37
401584775,DAL,3945274,35
401584775,DAL,2531367,28
401584775,DAL,2528210,31
401584775,DAL,4432811,20
401584775,DAL,4868423,11
401584775,DAL,6461,0
401584775,DAL,2993370,0
401584775,DAL,4595400,0
401584775,DAL,2326307,0
401584775,DAL,3102528,0
401584775,ORL,4432573,37
401584775,ORL,4566434,33
401584775,ORL,4348700,22
401584775,ORL,4432165,24
401584775,ORL,4712849,33
401584775,ORL,2968436,21
401584775,ORL,4433623,14
401584775,ORL,3150844,26
401584775,ORL,4432809,30
401584775,ORL,4278052,0
401584775,ORL,3918423,0
401584775,ORL,5105806,0
401584776,WSH,3134907,30
401584776,WSH,4278049,30
401584776,WSH,4683021,28
401584776,WSH,3135046,33
401584776,WSH,4277956,31
401584776,WSH,3428,4
401584776,WSH,2581184,8
401584776,WSH,4066410,11
401584776,WSH,4280151,14
401584776,WSH,2490089,3
401584776,WSH,3064447,5
401584776,WSH,4432356,14
401584776,WSH,4591725,10
401584776,WSH,5104155,19
401584776,WSH,3914044,0
401584776,PHI,6440,31
401584776,PHI,3059318,31
401584776,PHI,3133603,27
401584776,PHI,4066436,26
401584776,PHI,4431678,32
401584776,PHI,2490620,4
401584776,PHI,3416,17
401584776,PHI,6462,6
401584776,PHI,4278562,14
401584776,PHI,4431828,4
401584776,PHI,2991155,7
401584776,PHI,4277919,4
401584776,PHI,3964,12
401584776,PHI,3929325,14
401584776,PHI,4432164,12
401584777,MIL,6609,21
401584777,MIL,3032977,35
401584777,MIL,3448,27
401584777,MIL,3907822,14
401584777,MIL,6606,34
401584777,MIL,6581,30
401584777,MIL,3064482,26
401584777,MIL,4432179,16
401584777,MIL,3064230,16
401584777,MIL,2578239,19
401584777,MIL,3102533,0
401584777,MIL,4433622,0
401584777,MIL,3447,0
401584777,MIL,4397475,0
401584777,MIL,4432190,0
401584777,BKN,2578185,37
401584777,BKN,2580782,24
401584777,BKN,3147657,39
401584777,BKN,3907387,33
401584777,BKN,4432174,41
401584777,BKN,2583632,25
401584777,BKN,4432194,8
401584777,BKN,4065697,11
401584777,BKN,4277890,23
401584777,BKN,4065649,0
401584777,BKN,4431675,0
401584777,BKN,4431714,0
401584777,BKN,4066450,0
401584778,LAL,1966,37
401584778,LAL,6583,25
401584778,LAL,2990962,34
401584778,LAL,3136776,29
401584778,LAL,4066457,40
401584778,LAL,3058254,30
401584778,LAL,4395627,29
401584778,LAL,4432582,15
401584778,LAL,4684286,0
401584778,LAL,4896481,0
401584778,LAL,4397204,0
401584778,LAL,4433626,0
401584778,MIA,6430,37
401584778,MIA,4291678,22
401584778,MIA,4066261,38
401584778,MIA,3012,33
401584778,MIA,4395725,34
401584778,MIA,3157465,26
401584778,MIA,4432848,18
401584778,MIA,3934723,10
401584778,MIA,2581190,21
401584778,MIA,3449,0
401584778,MIA,4593049,0
401584778,MIA,4066993,0
401584779,LAC,4251,34
401584779,LAC,6450,32
401584779,LAC,4017837,30
401584779,LAC,3468,31
401584779,LAC,3992,31
401584779,LAC,3033,11
401584779,LAC,4433249,6
401584779,LAC,2488653,11
401584779,LAC,2595516,22
401584779,LAC,4066387,4
401584779,LAC,4431752,4
401584779,LAC,4592492,22
401584779,NY,3064514,37
401584779,NY,4395625,31
401584779,NY,4351852,35
401584779,NY,3934672,35
401584779,NY,4397014,21
401584779,NY,4222252,13
401584779,NY,3062679,32
401584779,NY,3934673,16
401584779,NY,4395724,20
401584779,NY,4277922,0
401584779,NY,6588,0
401584779,NY,2991047,0
401584779,NY,3906786,0
401584779,NY,3913220,0
401584779,NY,4431823,0
401584780,UTAH,3908845,29
401584780,UTAH,4066336,34
401584780,UTAH,4396991,23
401584780,UTAH,4433136,31
401584780,UTAH,2528426,29
401584780,UTAH,2489663,23
401584780,UTAH,3899664,4
401584780,UTAH,4423309,4
401584780,UTAH,3074213,4
401584780,UTAH,2991139,11
401584780,UTAH,4277811,17
401584780,UTAH,4397018,11
401584780,UTAH,4433627,21
401584780,CHI,2528693,20
401584780,CHI,6478,31
401584780,CHI,3978,30
401584780,CHI,3064440,31
401584780,CHI,4395651,29
401584780,CHI,4279815,2
401584780,CHI,4431687,25
401584780,CHI,5105553,2
401584780,CHI,6585,14
401584780,CHI,2991350,20
401584780,CHI,3133635,17
401584780,CHI,4397002,16
401584780,CHI,4433159,3
401584781,SAC,6578,22
401584781,SAC,3155942,30
401584781,SAC,4594327,28
401584781,SAC,4066372,25
401584781,SAC,4278053,27
401584781,SAC,3893014,12
401584781,SAC,4397693,12
401584781,SAC,3452,10
401584781,SAC,2596107,8
401584781,SAC,4592402,15
401584781,SAC,4066262,15
401584781,SAC,4066736,8
401584781,SAC,4433378,13
401584781,SAC,4702177,14
401584781,SAC,4397667,0
401584781,HOU,3155526,28
401584781,HOU,4432639,22
401584781,HOU,4871144,26
401584781,HOU,2991230,27
401584781,HOU,4437244,26
401584781,HOU,3209,5
401584781,HOU,3136777,21
401584781,HOU,4278588,12
401584781,HOU,5105592,12
401584781,HOU,2528779,12
401584781,HOU,4376,7
401584781,HOU,3146557,16
401584781,HOU,3922230,21
401584781,HOU,4396629,7
401584782,BOS,4065648,43
401584782,BOS,3213,36
401584782,BOS,3102531,36
401584782,BOS,3995,42
401584782,BOS,3917376,39
401584782,BOS,4065804,25
401584782,BOS,4066405,4
401584782,BOS,3064560,16
401584782,BOS,3133602,4
401584782,BOS,4066354,20
401584782,BOS,4397885,0
401584782,BOS,4278031,0
401584782,MIN,4431671,45
401584782,MIN,3032976,41
401584782,MIN,3136195,28
401584782,MIN,3195,36
401584782,MIN,4594268,38
401584782,MIN,2993874,25
401584782,MIN,4396971,25
401584782,MIN,3915195,3
401584782,MIN,3134916,4
401584782,MIN,4278039,20
401584782,MIN,4278508,0
401584782,MIN,4687718,0
401584782,MIN,4432176,0
401584783,ATL,4065732,33
401584783,ATL,4701230,34
401584783,ATL,3102529,21
401584783,ATL,3907497,33
401584783,ATL,4277905,36
401584783,ATL,4431680,25
401584783,ATL,3037789,27
401584783,ATL,3913180,4
401584783,ATL,4397136,26
401584783,ATL,4277952,0
401584783,ATL,4432585,0
401584783,ATL,4712863,0
401584783,ATL,4004,0
401584783,ATL,4065656,0
401584783,OKC,4433255,34
401584783,OKC,4278073,37
401584783,OKC,4397020,32
401584783,OKC,4593803,36
401584783,OKC,4871145,27
401584783,OKC,4432823,13
401584783,OKC,4997526,10
401584783,OKC,4395702,20
401584783,OKC,4397183,7
401584783,OKC,4683692,24
401584783,OKC,4066317,0
401584783,OKC,4683018,0
401584783,OKC,6426,0
401584783,OKC,3102532,0
401584783,OKC,4432819,0
401584784,NO,3913176,36
401584784,NO,4277813,31
401584784,NO,4395628,37
401584784,NO,6477,24
401584784,NO,4683750,38
401584784,NO,2580365,15
401584784,NO,3908336,25
401584784,NO,2579258,4
401584784,NO,4395698,9
401584784,NO,4869342,21
401584784,NO,4432821,0
401584784,NO,4431811,0
401584784,DEN,3064290,36
401584784,DEN,4278104,29
401584784,DEN,3112335,36
401584784,DEN,6443,24
401584784,DEN,2581018,33
401584784,DEN,4066240,1
401584784,DEN,4395620,1
401584784,DEN,4431690,6
401584784,DEN,4278585,17
401584784,DEN,4398390,1
401584784,DEN,4431767,18
401584784,DEN,4432181,19
401584784,DEN,4576087,19
401584784,DEN,2284101,0
401584784,DEN,3442,0
401584785,WSH,3134907,31
401584785,WSH,4278049,13
401584785,WSH,4683021,28
401584785,WSH,3135046,19
401584785,WSH,4277956,20
401584785,WSH,3428,20
401584785,WSH,2581184,4
401584785,WSH,4066410,3
401584785,WSH,4280151,23
401584785,WSH,3064447,26
401584785,WSH,3914044,17
401584785,WSH,4432356,3
401584785,WSH,4591725,3
401584785,WSH,5104155,30
401584785,WSH,2490089,0
401584785,CHA,4278078,36
401584785,CHA,4433287,30
401584785,CHA,4249,32
401584785,CHA,4701232,18
401584785,CHA,4432816,36
401584785,CHA,4395650,4
401584785,CHA,4702233,21
401584785,CHA,4278076,16
401584785,CHA,4305,10
401584785,CHA,4683027,18
401584785,CHA,4576086,15
401584785,CHA,4683686,4
401584785,CHA,5105638,0
401584786,UTAH,3908845,27
401584786,UTAH,4066336,35
401584786,UTAH,2528426,34
401584786,UTAH,4397018,26
401584786,UTAH,4433627,31
401584786,UTAH,2489663,21
401584786,UTAH,3899664,18
401584786,UTAH,4396991,20
401584786,UTAH,2991139,12
401584786,UTAH,4277811,16
401584786,UTAH,4423309,0
401584786,UTAH,3074213,0
401584786,IND,4278355,19
401584786,IND,3133628,23
401584786,IND,4065670,32
401584786,IND,4396993,31
401584786,IND,4683634,38
401584786,IND,4397189,25
401584786,IND,2990984,22
401584786,IND,4395712,19
401584786,IND,4396909,30
401584786,IND,4432170,0
401584786,IND,5106060,0
401584786,IND,4277883,0
401584786,IND,2451037,0
401584786,IND,2530530,0
401584786,IND,4433076,0
401584787,BOS,4065648,37
401584787,BOS,3102531,31
401584787,BOS,3995,35
401584787,BOS,3078576,38
401584787,BOS,3917376,36
401584787,BOS,4065804,19
401584787,BOS,3213,26
401584787,BOS,3064560,3
401584787,BOS,4066354,16
401584787,BOS,4066405,0
401584787,BOS,4397885,0
401584787,BOS,4278031,0
401584787,BOS,3133602,0
401584787,PHI,6440,38
401584787,PHI,3059318,37
401584787,PHI,3133603,27
401584787,PHI,4066436,29
401584787,PHI,4431678,39
401584787,PHI,2490620,15
401584787,PHI,3416,26
401584787,PHI,4278562,11
401584787,PHI,3964,15
401584787,PHI,3929325,3
401584787,PHI,6462,0
401584787,PHI,4431828,0
401584787,PHI,2991155,0
401584787,PHI,4277919,0
401584787,PHI,4432164,0
401584788,LAC,4251,39
401584788,LAC,6450,36
401584788,LAC,4017837,29
401584788,LAC,3468,31
401584788,LAC,3992,36
401584788,LAC,3033,21
401584788,LAC,2595516,22
401584788,LAC,3907823,19
401584788,LAC,4592492,6
401584788,LAC,4433249,0
401584788,LAC,4066387,0
401584788,LAC,4431752,0
401584788,BKN,2578185,35
401584788,BKN,2583632,34
401584788,BKN,2580782,26
401584788,BKN,3147657,34
401584788,BKN,4432174,20
401584788,BKN,4431675,19
401584788,BKN,4432194,19
401584788,BKN,4065697,25
401584788,BKN,4277890,28
401584788,BKN,4065649,0
401584788,BKN,4431714,0
401584788,BKN,4066450,0
401584789,SA,4066650,25
401584789,SA,4395723,33
401584789,SA,4565201,24
401584789,SA,4610139,29
401584789,SA,5104157,30
401584789,SA,2528588,22
401584789,SA,4278580,3
401584789,SA,4592479,3
401584789,SA,4870562,3
401584789,SA,3893016,13
401584789,SA,4397886,15
401584789,SA,4395626,25
401584789,SA,4395630,12
401584789,SA,4683935,3
401584789,SA,3133601,0
401584789,NY,3064514,31
401584789,NY,4395625,32
401584789,NY,4351852,31
401584789,NY,3934672,33
401584789,NY,4397014,19
401584789,NY,4222252,15
401584789,NY,4277922,2
401584789,NY,2991047,2
401584789,NY,3062679,24
401584789,NY,3906786,1
401584789,NY,3913220,2
401584789,NY,3934673,20
401584789,NY,4395724,28
401584789,NY,4431823,2
401584789,NY,6588,0
401584790,PHX,3202,42
401584790,PHX,3136779,31
401584790,PHX,3102530,38
401584790,PHX,6580,24
401584790,PHX,3135045,37
401584790,PHX,3914285,14
401584790,PHX,3133838,18
401584790,PHX,4397102,0
401584790,PHX,3431,25
401584790,PHX,4065663,18
401584790,PHX,4278402,17
401584790,PHX,3914283,0
401584790,PHX,4395652,0
401584790,PHX,4066299,0
401584790,PHX,4278124,0
401584790,CHI,2528693,20
401584790,CHI,6478,41
401584790,CHI,3978,40
401584790,CHI,3064440,41
401584790,CHI,4395651,37
401584790,CHI,4431687,21
401584790,CHI,6585,12
401584790,CHI,2991350,31
401584790,CHI,3133635,13
401584790,CHI,4397002,10
401584790,CHI,4279815,0
401584790,CHI,5105553,0
401584790,CHI,4433159,0
401584791,LAL,1966,27
401584791,LAL,2990962,27
401584791,LAL,3058254,22
401584791,LAL,3136776,28
401584791,LAL,4066457,26
401584791,LAL,4066648,26
401584791,LAL,4684286,8
401584791,LAL,4395627,25
401584791,LAL,4397204,14
401584791,LAL,4432582,28
401584791,LAL,4702702,10
401584791,LAL,6583,0
401584791,HOU,3155526,25
401584791,HOU,4432639,26
401584791,HOU,4871144,25
401584791,HOU,2991230,29
401584791,HOU,4437244,21
401584791,HOU,3209,11
401584791,HOU,3136777,27
401584791,HOU,4433192,14
401584791,HOU,2528779,12
401584791,HOU,4376,6
401584791,HOU,3146557,12
401584791,HOU,3922230,23
401584791,HOU,4397821,8
401584792,MIA,6430,35
401584792,MIA,4291678,27
401584792,MIA,4066261,36
401584792,MIA,3012,35
401584792,MIA,4395725,8
401584792,MIA,3157465,35
401584792,MIA,4432848,21
401584792,MIA,3934723,12
401584792,MIA,2581190,17
401584792,MIA,4066993,15
401584792,MIA,3449,0
401584792,MIA,4593049,0
401584792,MEM,4277961,33
401584792,MEM,4433137,21
401584792,MEM,6427,30
401584792,MEM,2990992,32
401584792,MEM,4066320,36
401584792,MEM,4585610,7
401584792,MEM,4593041,13
401584792,MEM,4593125,26
401584792,MEM,4278378,15
401584792,MEM,3913174,27
401584792,MEM,4592691,0
401584792,MEM,5105550,0
401584792,MEM,4397227,0
401584793,DET,4432810,37
401584793,DET,4433621,28
401584793,DET,4432166,39
401584793,DET,4683024,29
401584793,DET,4684742,37
401584793,DET,4277848,20
401584793,DET,4279532,9
401584793,DET,4397119,13
401584793,DET,4432107,29
401584793,DET,2528794,0
401584793,DET,4432808,0
401584793,DET,4433218,0
401584793,DET,4871137,0
401584793,MIL,6581,37
401584793,MIL,3032977,22
401584793,MIL,3448,26
401584793,MIL,3907822,25
401584793,MIL,6606,34
401584793,MIL,3064482,23
401584793,MIL,4432179,27
401584793,MIL,3064230,24
401584793,MIL,2578239,19
401584793,MIL,4432190,4
401584793,MIL,3102533,0
401584793,MIL,4433622,0
401584793,MIL,3447,0
401584793,MIL,4277887,0
401584793,MIL,4397475,0
401584794,NO,3913176,32
401584794,NO,4432813,28
401584794,NO,6477,22
401584794,NO,4683750,30
401584794,NO,4869342,31
401584794,NO,2580365,18
401584794,NO,3908336,26
401584794,NO,4432821,5
401584794,NO,2579258,12
401584794,NO,4431811,17
401584794,NO,4395698,19
401584794,NO,4395628,0
401584794,MIN,4431671,26
401584794,MIN,3032976,32
401584794,MIN,3136195,28
401584794,MIN,3195,21
401584794,MIN,4594268,33
401584794,MIN,2993874,25
401584794,MIN,4278508,5
401584794,MIN,4687718,3
401584794,MIN,4277951,5
401584794,MIN,4396971,22
401584794,MIN,3915195,19
401584794,MIN,4432176,3
401584794,MIN,4278039,18
401584795,CLE,4066328,26
401584795,CLE,4432158,33
401584795,CLE,3908809,37
401584795,CLE,4065778,32
401584795,CLE,4396907,36
401584795,CLE,2990969,18
401584795,CLE,3912848,11
401584795,CLE,6474,13
401584795,CLE,2991043,34
401584795,CLE,4432822,0
401584795,CLE,3064559,0
401584795,CLE,4701233,0
401584795,OKC,4433255,29
401584795,OKC,4278073,38
401584795,OKC,4397020,36
401584795,OKC,4593803,33
401584795,OKC,4871145,25
401584795,OKC,4432823,10
401584795,OKC,4997526,9
401584795,OKC,6426,10
401584795,OKC,4395702,18
401584795,OKC,4397183,9
401584795,OKC,4683692,24
401584795,OKC,4683018,0
401584795,OKC,3102532,0
401584795,OKC,4432819,0
401584796,TOR,3149673,37
401584796,TOR,3934719,36
401584796,TOR,4433134,39
401584796,TOR,3134908,21
401584796,TOR,3032979,30
401584796,TOR,3948153,15
401584796,TOR,2594922,15
401584796,TOR,4066668,15
401584796,TOR,4277843,26
401584796,TOR,5106258,7
401584796,TOR,3244,0
401584796,TOR,4066731,0
401584796,TOR,4023,0
401584796,DAL,2531367,24
401584796,DAL,3936099,29
401584796,DAL,4066218,27
401584796,DAL,6442,36
401584796,DAL,3945274,38
401584796,DAL,2960236,15
401584796,DAL,2993370,7
401584796,DAL,2528210,26
401584796,DAL,3102528,8
401584796,DAL,4432811,18
401584796,DAL,4868423,12
401584796,DAL,6461,0
401584796,DAL,4595400,0
401584796,DAL,2326307,0
401584797,GS,3032978,26
401584797,GS,3059319,29
401584797,GS,3155535,30
401584797,GS,3975,34
401584797,GS,6475,32
401584797,GS,4431684,18
401584797,GS,4433247,19
401584797,GS,2779,27
401584797,GS,4432171,14
401584797,GS,4709138,11
401584797,GS,6446,0
401584797,GS,3943606,0
401584797,DEN,3064290,34
401584797,DEN,4278104,37
401584797,DEN,3112335,37
401584797,DEN,6443,32
401584797,DEN,2581018,35
401584797,DEN,2284101,8
401584797,DEN,4431690,6
401584797,DEN,4278585,16
401584797,DEN,4431767,16
401584797,DEN,4432181,8
401584797,DEN,4576087,11
401584797,DEN,4066240,0
401584797,DEN,4395620,0
401584797,DEN,3442,0
401584797,DEN,4398390,0
401584798,POR,2991070,46
401584798,POR,4278129,41
401584798,POR,2566769,5
401584798,POR,3907498,34
401584798,POR,4914336,40
401584798,POR,4278111,8
401584798,POR,4431736,25
401584798,POR,4432446,15
401584798,POR,4594326,9
401584798,POR,4397126,5
401584798,POR,4066269,37
401584798,POR,5099752,0
401584798,SAC,6578,36
401584798,SAC,3155942,40
401584798,SAC,4594327,31
401584798,SAC,4066372,39
401584798,SAC,4702177,21
401584798,SAC,4397693,16
401584798,SAC,2596107,13
401584798,SAC,4592402,11
401584798,SAC,4066262,30
401584798,SAC,4278053,28
401584798,SAC,4397667,0
401584798,SAC,3893014,0
401584798,SAC,3452,0
401584798,SAC,4066736,0
401584798,SAC,4433378,0
401584799,MIL,6609,20
401584799,MIL,3032977,36
401584799,MIL,3448,29
401584799,MIL,3064230,30
401584799,MIL,3907822,29
401584799,MIL,6581,29
401584799,MIL,3064482,24
401584799,MIL,4432179,13
401584799,MIL,2578239,25
401584799,MIL,4432190,5
401584799,MIL,3102533,0
401584799,MIL,4433622,0
401584799,MIL,3447,0
401584799,MIL,4277887,0
401584799,MIL,4397475,0
401584799,IND,4278355,13
401584799,IND,3133628,37
401584799,IND,4065670,38
401584799,IND,4396993,38
401584799,IND,4683634,36
401584799,IND,4432170,11
401584799,IND,2451037,8
401584799,IND,2990984,22
401584799,IND,4395712,20
401584799,IND,4396909,16
401584799,IND,4397189,0
401584799,IND,5106060,0
401584799,IND,4277883,0
401584799,IND,2530530,0
401584799,IND,4433076,0
401584800,ATL,4065732,26
401584800,ATL,4701230,31
401584800,ATL,3102529,26
401584800,ATL,3907497,33
401584800,ATL,4277905,34
401584800,ATL,4277952,1
401584800,ATL,4431680,21
401584800,ATL,4432585,10
401584800,ATL,3037789,29
401584800,ATL,4397136,29
401584800,ATL,4004,0
401584800,ATL,3913180,0
401584800,ATL,4065656,0
401584800,ORL,4432573,34
401584800,ORL,4566434,29
401584800,ORL,4348700,21
401584800,ORL,4066636,29
401584800,ORL,4432165,31
401584800,ORL,2968436,18
401584800,ORL,4065654,16
401584800,ORL,4278052,2
401584800,ORL,3150844,20
401584800,ORL,4432809,23
401584800,ORL,4712849,17
401584800,ORL,4433623,0
401584800,ORL,3918423,0
401584800,ORL,5105806,0
401584096,PHI,6440,38
401584096,PHI,3059318,36
401584096,PHI,3133603,26
401584096,PHI,4066436,30
401584096,PHI,4431678,39
401584096,PHI,2490620,14
401584096,PHI,3416,26
401584096,PHI,6462,6
401584096,PHI,4278562,12
401584096,PHI,3964,5
401584096,PHI,3929325,2
401584096,PHI,4432164,5
401584096,PHI,4431828,0
401584096,PHI,2991155,0
401584096,PHI,4277919,0
401584096,DET,4432810,32
401584096,DET,4433621,23
401584096,DET,4432166,36
401584096,DET,4683024,39
401584096,DET,4684742,32
401584096,DET,4277848,13
401584096,DET,4432808,7
401584096,DET,4279532,17
401584096,DET,4397119,7
401584096,DET,4432107,35
401584096,DET,4278075,0
401584096,DET,4433218,0
401584096,DET,4871137,0
401584097,CHA,4278078,38
401584097,CHA,4433287,32
401584097,CHA,4249,36
401584097,CHA,4701232,30
401584097,CHA,4432816,38
401584097,CHA,4702233,20
401584097,CHA,4278076,18
401584097,CHA,4683027,16
401584097,CHA,4576086,13
401584097,CHA,4395650,0
401584097,CHA,4305,0
401584097,CHA,4683686,0
401584097,CHA,5105638,0
401584097,WSH,3134907,29
401584097,WSH,4278049,30
401584097,WSH,4683021,31
401584097,WSH,3135046,34
401584097,WSH,4277956,31
401584097,WSH,3428,18
401584097,WSH,4280151,16
401584097,WSH,3064447,14
401584097,WSH,3914044,17
401584097,WSH,5104155,20
401584097,WSH,2581184,0
401584097,WSH,2490089,0
401584097,WSH,4432356,0
401584097,WSH,4433246,0
401584097,WSH,4591725,0
401584098,BKN,2578185,27
401584098,BKN,2583632,27
401584098,BKN,3138196,25
401584098,BKN,2580782,20
401584098,BKN,3147657,28
401584098,BKN,4065649,6
401584098,BKN,4431675,27
401584098,BKN,4432194,13
401584098,BKN,4065697,27
401584098,BKN,4066450,19
401584098,BKN,4277890,20
401584098,BKN,3907387,0
401584098,BOS,4065648,33
401584098,BOS,3102531,25
401584098,BOS,3995,33
401584098,BOS,3078576,27
401584098,BOS,3917376,29
401584098,BOS,4065804,25
401584098,BOS,4397885,4
401584098,BOS,4278031,8
401584098,BOS,3064560,18
401584098,BOS,3133602,9
401584098,BOS,4066354,30
401584098,BOS,4066405,0
401584099,NO,3913176,39
401584099,NO,4395628,34
401584099,NO,6477,29
401584099,NO,4683750,41
401584099,NO,4869342,41
401584099,NO,2580365,15
401584099,NO,3908336,16
401584099,NO,4432813,9
401584099,NO,2579258,4
401584099,NO,4431811,12
401584099,NO,4278594,0
401584099,NO,4395698,0
401584099,HOU,3155526,21
401584099,HOU,4432639,23
401584099,HOU,4871144,34
401584099,HOU,2991230,40
401584099,HOU,4437244,35
401584099,HOU,3209,23
401584099,HOU,3136777,24
401584099,HOU,4433192,19
401584099,HOU,3146557,7
401584099,HOU,3922230,14
401584099,HOU,2528779,0
401584099,HOU,4376,0
401584099,HOU,4397821,0
401584100,UTAH,3908845,38
401584100,UTAH,4066336,37
401584100,UTAH,2528426,36
401584100,UTAH,4397018,30
401584100,UTAH,4433627,30
401584100,UTAH,2489663,21
401584100,UTAH,3899664,12
401584100,UTAH,4396991,18
401584100,UTAH,4277811,18
401584100,UTAH,4423309,0
401584100,UTAH,3074213,0
401584100,UTAH,2991139,0
401584100,MEM,4277961,23
401584100,MEM,6427,34
401584100,MEM,4278378,34
401584100,MEM,2990992,25
401584100,MEM,4066320,38
401584100,MEM,4585610,12
401584100,MEM,4593041,19
401584100,MEM,4593125,13
401584100,MEM,3134932,21
401584100,MEM,3913174,21
401584100,MEM,4397227,0
401584101,MIN,4431671,26
401584101,MIN,3032976,34
401584101,MIN,3136195,34
401584101,MIN,3195,31
401584101,MIN,4594268,37
401584101,MIN,2993874,26
401584101,MIN,4396971,18
401584101,MIN,3915195,14
401584101,MIN,4278039,19
401584101,MIN,4278508,0
401584101,MIN,4687718,0
401584101,MIN,4432176,0
401584101,SA,4066650,24
401584101,SA,4395723,33
401584101,SA,4610139,30
401584101,SA,5104157,35
401584101,SA,4395630,35
401584101,SA,2528588,14
401584101,SA,4565201,16
401584101,SA,3893016,16
401584101,SA,4397886,11
401584101,SA,4395626,26
401584101,SA,4278580,0
401584101,SA,4592479,0
401584101,SA,4870562,0
401584101,SA,3133601,0
401584101,SA,4683935,0
401584102,LAC,4251,23
401584102,LAC,6450,29
401584102,LAC,4017837,22
401584102,LAC,3468,20
401584102,LAC,3992,29
401584102,LAC,3033,6
401584102,LAC,4433249,16
401584102,LAC,2595516,11
401584102,LAC,3907823,29
401584102,LAC,4066387,13
401584102,LAC,4431752,13
401584102,LAC,4592492,29
401584102,DAL,3936099,29
401584102,DAL,4066218,16
401584102,DAL,4683688,26
401584102,DAL,6442,28
401584102,DAL,3945274,32
401584102,DAL,2531367,22
401584102,DAL,4595400,5
401584102,DAL,2326307,7
401584102,DAL,2528210,27
401584102,DAL,3102528,18
401584102,DAL,4432811,18
401584102,DAL,4868423,12
401584102,DAL,6461,0
401584102,DAL,2993370,0
401584103,LAL,1966,36
401584103,LAL,6583,36
401584103,LAL,2990962,33
401584103,LAL,4395627,28
401584103,LAL,3136776,29
401584103,LAL,3058254,18
401584103,LAL,4066648,20
401584103,LAL,4397077,5
401584103,LAL,4066457,35
401584103,LAL,4684286,0
401584103,LAL,4432582,0
401584103,LAL,4433626,0
401584103,PHX,3202,39
401584103,PHX,3136779,30
401584103,PHX,3102530,33
401584103,PHX,6580,32
401584103,PHX,3135045,32
401584103,PHX,3914285,14
401584103,PHX,3133838,14
401584103,PHX,3431,28
401584103,PHX,4065663,13
401584103,PHX,4278402,7
401584103,PHX,3914283,0
401584103,PHX,4395652,0
401584103,PHX,4066299,0
401584103,PHX,4397102,0
401584103,PHX,4278124,0
401584104,OKC,4433255,30
401584104,OKC,4278073,38
401584104,OKC,4397020,25
401584104,OKC,4593803,31
401584104,OKC,4871145,27
401584104,OKC,4066317,19
401584104,OKC,4432823,18
401584104,OKC,4997526,8
401584104,OKC,4395702,20
401584104,OKC,4683692,24
401584104,OKC,4683018,0
401584104,OKC,6426,0
401584104,OKC,3102532,0
401584104,OKC,4397183,0
401584104,OKC,4432819,0
401584104,SAC,6578,26
401584104,SAC,3155942,38
401584104,SAC,4594327,40
401584104,SAC,4066372,34
401584104,SAC,4702177,31
401584104,SAC,3893014,8
401584104,SAC,4397693,3
401584104,SAC,2596107,10
401584104,SAC,4592402,5
401584104,SAC,4066262,29
401584104,SAC,4278053,17
401584104,SAC,3452,0
401584104,SAC,4066736,0
401584104,SAC,4433378,0
401584801,MIL,6609,20
401584801,MIL,3032977,37
401584801,MIL,3448,21
401584801,MIL,3064230,26
401584801,MIL,3907822,20
401584801,MIL,6581,17
401584801,MIL,3064482,28
401584801,MIL,3102533,10
401584801,MIL,4432179,20
401584801,MIL,4433622,4
401584801,MIL,2578239,16
401584801,MIL,4397475,9
401584801,MIL,4432190,14
401584801,MIL,3447,0
401584801,MIL,4277887,0
401584801,ORL,4432573,38
401584801,ORL,4566434,38
401584801,ORL,4348700,21
401584801,ORL,4432165,38
401584801,ORL,4712849,28
401584801,ORL,2968436,23
401584801,ORL,4065654,17
401584801,ORL,3150844,21
401584801,ORL,4432809,14
401584801,ORL,4278052,0
401584801,ORL,4433623,0
401584801,ORL,4066636,0
401584801,ORL,5105806,0
401584802,TOR,3149673,28
401584802,TOR,3934719,28
401584802,TOR,4433134,29
401584802,TOR,3134908,21
401584802,TOR,3032979,25
401584802,TOR,3244,4
401584802,TOR,3948153,22
401584802,TOR,4066731,9
401584802,TOR,4431679,19
401584802,TOR,2594922,14
401584802,TOR,4066668,23
401584802,TOR,4023,4
401584802,TOR,5106258,15
401584802,BOS,4065648,34
401584802,BOS,3102531,28
401584802,BOS,3995,30
401584802,BOS,3078576,26
401584802,BOS,3917376,32
401584802,BOS,4065804,18
401584802,BOS,4397885,6
401584802,BOS,4278031,5
401584802,BOS,3213,24
401584802,BOS,3064560,9
401584802,BOS,3133602,5
401584802,BOS,4066354,25
401584802,BOS,4066405,0
401584803,MIA,3157465,30
401584803,MIA,4291678,34
401584803,MIA,4432848,38
401584803,MIA,4066261,39
401584803,MIA,3012,33
401584803,MIA,3449,14
401584803,MIA,4278572,0
401584803,MIA,2581190,23
401584803,MIA,4066993,28
401584803,MIA,4397134,0
401584803,MIA,4997528,0
401584803,MIA,3934723,0
401584803,MIA,4593049,0
401584803,ATL,4065732,36
401584803,ATL,4701230,22
401584803,ATL,3102529,24
401584803,ATL,3907497,36
401584803,ATL,4277905,38
401584803,ATL,4431680,24
401584803,ATL,4032,7
401584803,ATL,3037789,29
401584803,ATL,4397136,24
401584803,ATL,4277952,0
401584803,ATL,4432585,0
401584803,ATL,4004,0
401584803,ATL,3913180,0
401584803,ATL,4065656,0
401584804,CLE,4066328,28
401584804,CLE,4432158,31
401584804,CLE,3908809,36
401584804,CLE,4065778,33
401584804,CLE,4396907,36
401584804,CLE,2990969,19
401584804,CLE,3912848,17
401584804,CLE,4433620,1
401584804,CLE,6474,2
401584804,CLE,3064559,1
401584804,CLE,2991043,36
401584804,CLE,4701233,2
401584804,GS,6589,18
401584804,GS,3059319,29
401584804,GS,3155535,24
401584804,GS,3975,33
401584804,GS,6475,28
401584804,GS,3032978,16
401584804,GS,4431684,6
401584804,GS,4433247,21
401584804,GS,6446,2
401584804,GS,2779,26
401584804,GS,3134903,11
401584804,GS,4432171,18
401584804,GS,4709138,8
401584805,CHA,4278078,22
401584805,CHA,4433287,10
401584805,CHA,4249,29
401584805,CHA,4701232,23
401584805,CHA,4432816,33
401584805,CHA,4395650,6
401584805,CHA,4702233,23
401584805,CHA,4278076,22
401584805,CHA,4305,17
401584805,CHA,4683027,25
401584805,CHA,4576086,19
401584805,CHA,4683686,8
401584805,CHA,5105638,3
401584805,NY,3064514,27
401584805,NY,4395625,31
401584805,NY,4351852,24
401584805,NY,3934672,27
401584805,NY,4397014,23
401584805,NY,4222252,18
401584805,NY,4277922,7
401584805,NY,2991047,3
401584805,NY,3062679,27
401584805,NY,3913220,3
401584805,NY,3934673,23
401584805,NY,4395724,26
401584805,NY,4431823,3
401584805,NY,6588,0
401584805,NY,3906786,0
401584806,WSH,3134907,31
401584806,WSH,4278049,16
401584806,WSH,4683021,38
401584806,WSH,3135046,23
401584806,WSH,4277956,32
401584806,WSH,3428,20
401584806,WSH,4280151,27
401584806,WSH,3914044,20
401584806,WSH,5104155,34
401584806,WSH,2581184,0
401584806,WSH,2490089,0
401584806,WSH,4395695,0
401584806,WSH,4432356,0
401584806,WSH,4433246,0
401584806,WSH,4591725,0
401584806,BKN,2578185,20
401584806,BKN,3138196,35
401584806,BKN,4278067,28
401584806,BKN,2580782,31
401584806,BKN,3147657,34
401584806,BKN,2583632,31
401584806,BKN,4431675,9
401584806,BKN,4432194,19
401584806,BKN,4065697,19
401584806,BKN,4277890,14
401584806,BKN,4065649,0
401584806,BKN,4066450,0
401584807,MEM,4277961,29
401584807,MEM,6427,36
401584807,MEM,4278378,24
401584807,MEM,2990992,36
401584807,MEM,4066320,35
401584807,MEM,4433137,9
401584807,MEM,4593041,21
401584807,MEM,4593125,21
401584807,MEM,3134932,5
401584807,MEM,3913174,24
401584807,MEM,4585610,0
401584807,MEM,4397227,0
401584807,LAC,4251,37
401584807,LAC,6450,37
401584807,LAC,4017837,23
401584807,LAC,3468,31
401584807,LAC,3992,29
401584807,LAC,3033,13
401584807,LAC,4433249,12
401584807,LAC,2595516,31
401584807,LAC,3907823,27
401584807,LAC,4066387,0
401584807,LAC,4431752,0
401584807,LAC,4592492,0
401584808,IND,4278355,21
401584808,IND,3133628,29
401584808,IND,4065670,31
401584808,IND,4396993,37
401584808,IND,4683634,26
401584808,IND,4397189,19
401584808,IND,2530530,17
401584808,IND,2990984,21
401584808,IND,4395712,14
401584808,IND,4396909,26
401584808,IND,4432170,0
401584808,IND,5106060,0
401584808,IND,4277883,0
401584808,IND,2451037,0
401584808,IND,4433076,0
401584808,PHI,3416,33
401584808,PHI,6440,36
401584808,PHI,3059318,33
401584808,PHI,4066436,30
401584808,PHI,4431678,39
401584808,PHI,2490620,16
401584808,PHI,4278562,15
401584808,PHI,2991155,16
401584808,PHI,3964,17
401584808,PHI,3929325,5
401584808,PHI,6462,0
401584808,PHI,4431828,0
401584808,PHI,4277919,0
401584808,PHI,4432164,0
401584809,DET,4277848,23
401584809,DET,4432810,31
401584809,DET,4432166,38
401584809,DET,4683024,25
401584809,DET,4684742,32
401584809,DET,4278075,24
401584809,DET,4432808,14
401584809,DET,6429,21
401584809,DET,4432107,20
401584809,DET,4433218,11
401584809,DET,2528794,0
401584809,DET,4433621,0
401584809,DET,4279532,0
401584809,CHI,2528693,31
401584809,CHI,6478,33
401584809,CHI,3978,37
401584809,CHI,3064440,34
401584809,CHI,4395651,32
401584809,CHI,4431687,19
401584809,CHI,6585,15
401584809,CHI,3133635,12
401584809,CHI,4397002,27
401584809,CHI,4279815,0
401584809,CHI,5105553,0
401584810,DEN,3064290,39
401584810,DEN,4278104,38
401584810,DEN,3112335,38
401584810,DEN,6443,28
401584810,DEN,2581018,38
401584810,DEN,4431690,11
401584810,DEN,4278585,20
401584810,DEN,4431767,14
401584810,DEN,4432181,8
401584810,DEN,4576087,7
401584810,DEN,2284101,0
401584810,DEN,4066240,0
401584810,DEN,3442,0
401584810,DEN,4398390,0
401584810,HOU,3155526,29
401584810,HOU,4432639,20
401584810,HOU,4871144,35
401584810,HOU,2991230,41
401584810,HOU,4437244,35
401584810,HOU,3209,26
401584810,HOU,3136777,20
401584810,HOU,4433192,16
401584810,HOU,3146557,2
401584810,HOU,3922230,17
401584810,HOU,2528779,0
401584810,HOU,4376,0
401584810,HOU,4397821,0
401584811,DAL,3936099,22
401584811,DAL,4066218,22
401584811,DAL,4683688,26
401584811,DAL,6442,29
401584811,DAL,3945274,28
401584811,DAL,6461,4
401584811,DAL,2531367,18
401584811,DAL,2993370,4
401584811,DAL,4595400,6
401584811,DAL,2326307,6
401584811,DAL,2528210,28
401584811,DAL,3102528,13
401584811,DAL,4432811,28
401584811,DAL,4868423,7
401584811,NO,3913176,31
401584811,NO,4395628,27
401584811,NO,6477,21
401584811,NO,4683750,28
401584811,NO,4869342,31
401584811,NO,2580365,7
401584811,NO,3908336,27
401584811,NO,4278594,14
401584811,NO,4432813,26
401584811,NO,2579258,13
401584811,NO,4431811,8
401584811,NO,4395698,8
401584812,MIA,6430,37
401584812,MIA,3157465,39
401584812,MIA,4291678,26
401584812,MIA,4066261,34
401584812,MIA,2581190,26
401584812,MIA,3449,14
401584812,MIA,4432848,32
401584812,MIA,3934723,5
401584812,MIA,4066993,27
401584812,MIA,4397134,0
401584812,MIA,4997528,0
401584812,MIA,4593049,0
401584812,SA,4066650,33
401584812,SA,4395723,37
401584812,SA,4610139,34
401584812,SA,5104157,34
401584812,SA,4395630,33
401584812,SA,2528588,21
401584812,SA,4565201,20
401584812,SA,3893016,20
401584812,SA,4397886,6
401584812,SA,4278580,0
401584812,SA,4592479,0
401584812,SA,3133601,0
401584812,SA,4683935,0
401584813,OKC,4433255,33
401584813,OKC,4278073,37
401584813,OKC,4397020,33
401584813,OKC,4593803,38
401584813,OKC,4871145,32
401584813,OKC,4432823,13
401584813,OKC,4997526,6
401584813,OKC,6426,3
401584813,OKC,4395702,16
401584813,OKC,4397183,12
401584813,OKC,4683692,17
401584813,OKC,4683018,0
401584813,OKC,3102532,0
401584813,OKC,4432819,0
401584813,PHX,3202,36
401584813,PHX,3102530,26
401584813,PHX,6580,30
401584813,PHX,3135045,32
401584813,PHX,4065663,21
401584813,PHX,3914283,1
401584813,PHX,3914285,21
401584813,PHX,3133838,17
401584813,PHX,3136779,27
401584813,PHX,4278402,29
401584813,PHX,4395652,0
401584813,PHX,4066299,0
401584813,PHX,4397102,0
401584813,PHX,4278124,0
401584814,MIN,4431671,35
401584814,MIN,3032976,35
401584814,MIN,3136195,37
401584814,MIN,3195,31
401584814,MIN,4594268,38
401584814,MIN,2993874,17
401584814,MIN,4278508,1
401584814,MIN,4396971,19
401584814,MIN,3915195,10
401584814,MIN,4278039,17
401584814,MIN,4687718,0
401584814,MIN,4277951,0
401584814,MIN,4432176,0
401584814,GS,6589,24
401584814,GS,3059319,25
401584814,GS,3155535,19
401584814,GS,3975,36
401584814,GS,6475,33
401584814,GS,3032978,27
401584814,GS,4431684,1
401584814,GS,4433247,24
401584814,GS,2779,22
401584814,GS,3134903,14
401584814,GS,4432171,13
401584814,GS,4709138,1
401584814,GS,6446,0
401584815,POR,2991070,41
401584815,POR,4278129,34
401584815,POR,4066269,33
401584815,POR,3907498,20
401584815,POR,4914336,42
401584815,POR,4431736,24
401584815,POR,4432446,18
401584815,POR,4594326,3
401584815,POR,4066268,14
401584815,POR,4280245,12
401584815,POR,3059307,0
401584815,POR,4278111,0
401584815,POR,4397126,0
401584815,POR,5099752,0
401584815,LAL,6583,41
401584815,LAL,2990962,33
401584815,LAL,4066648,33
401584815,LAL,4395627,38
401584815,LAL,3136776,32
401584815,LAL,3058254,15
401584815,LAL,4397077,7
401584815,LAL,4066457,28
401584815,LAL,4432582,13
401584815,LAL,4684286,0
401584815,LAL,4896481,0
401584815,LAL,4702702,0
401584816,NY,3064514,38
401584816,NY,4351852,33
401584816,NY,3062679,43
401584816,NY,3934672,39
401584816,NY,4397014,28
401584816,NY,4222252,15
401584816,NY,4277922,1
401584816,NY,3934673,16
401584816,NY,4395724,26
401584816,NY,4431823,1
401584816,NY,4395625,0
401584816,NY,2991047,0
401584816,NY,3913220,0
401584816,BOS,4065648,39
401584816,BOS,3102531,33
401584816,BOS,3995,37
401584816,BOS,3078576,31
401584816,BOS,3917376,36
401584816,BOS,4065804,21
401584816,BOS,3213,22
401584816,BOS,4066354,19
401584816,BOS,4066405,0
401584816,BOS,4397885,0
401584816,BOS,4278031,0
401584816,BOS,3064560,0
401584816,BOS,3133602,0
401584817,WSH,3134907,38
401584817,WSH,4278049,26
401584817,WSH,4683021,30
401584817,WSH,3135046,31
401584817,WSH,4277956,35
401584817,WSH,4280151,24
401584817,WSH,2490089,7
401584817,WSH,3914044,15
401584817,WSH,5104155,33
401584817,WSH,2581184,0
401584817,WSH,4066410,0
401584817,WSH,4395695,0
401584817,WSH,4432356,0
401584817,WSH,4433246,0
401584817,WSH,4591725,0
401584817,TOR,3149673,38
401584817,TOR,4433134,38
401584817,TOR,2594922,14
401584817,TOR,3134908,24
401584817,TOR,3032979,35
401584817,TOR,3948153,21
401584817,TOR,4066731,5
401584817,TOR,4431679,19
401584817,TOR,4066668,23
401584817,TOR,5106258,24
401584817,TOR,3244,0
401584817,TOR,4023,0
401584817,TOR,4397554,0
401584818,CHI,2528693,22
401584818,CHI,6478,36
401584818,CHI,3978,37
401584818,CHI,3064440,39
401584818,CHI,4395651,26
401584818,CHI,4431687,27
401584818,CHI,6585,12
401584818,CHI,3133635,14
401584818,CHI,4397002,26
401584818,CHI,4279815,0
401584818,CHI,5105553,0
401584818,CHI,2991350,0
401584818,MIL,6609,19
401584818,MIL,3032977,35
401584818,MIL,3448,29
401584818,MIL,3907822,21
401584818,MIL,6606,32
401584818,MIL,3064482,25
401584818,MIL,4432179,20
401584818,MIL,3064230,17
401584818,MIL,2578239,29
401584818,MIL,4432190,13
401584818,MIL,3102533,0
401584818,MIL,3447,0
401584818,MIL,4277887,0
401584818,MIL,4397475,0
401584818,MIL,4683749,0
401584819,CLE,4066328,22
401584819,CLE,4432158,30
401584819,CLE,3908809,38
401584819,CLE,4065778,34
401584819,CLE,4396907,34
401584819,CLE,2990969,22
401584819,CLE,3912848,13
401584819,CLE,6474,13
401584819,CLE,2991043,28
401584819,CLE,4066757,3
401584819,CLE,4701233,3
401584819,CLE,3064559,0
401584819,SAC,6578,22
401584819,SAC,3155942,35
401584819,SAC,4594327,38
401584819,SAC,4066259,36
401584819,SAC,4066372,29
401584819,SAC,3893014,17
401584819,SAC,4397693,1
401584819,SAC,3452,7
401584819,SAC,2596107,6
401584819,SAC,4592402,9
401584819,SAC,4066262,26
401584819,SAC,4066736,1
401584819,SAC,4433378,1
401584819,SAC,4702177,12
401584819,SAC,4278053,0
401584105,MIA,6430,34
401584105,MIA,3157465,36
401584105,MIA,4291678,33
401584105,MIA,4066261,36
401584105,MIA,3012,15
401584105,MIA,3449,14
401584105,MIA,4432848,33
401584105,MIA,3934723,3
401584105,MIA,2581190,33
401584105,MIA,4066993,3
401584105,MIA,4997528,0
401584105,MIA,4593049,0
401584105,CHA,4278078,36
401584105,CHA,4702233,28
401584105,CHA,4701232,23
401584105,CHA,4683027,23
401584105,CHA,4432816,39
401584105,CHA,4395650,3
401584105,CHA,4278076,25
401584105,CHA,4305,19
401584105,CHA,4576086,29
401584105,CHA,4683686,15
401584105,CHA,5105638,0
401584106,ATL,4065732,35
401584106,ATL,4701230,36
401584106,ATL,3102529,27
401584106,ATL,3037789,34
401584106,ATL,3907497,37
401584106,ATL,4431680,21
401584106,ATL,4432585,8
401584106,ATL,3913180,2
401584106,ATL,4065656,13
401584106,ATL,4397136,27
401584106,ATL,4277952,0
401584106,ATL,4004,0
401584106,ATL,4032,0
401584106,DET,4277848,30
401584106,DET,4432810,19
401584106,DET,4432166,38
401584106,DET,4683024,23
401584106,DET,4684742,35
401584106,DET,4278075,29
401584106,DET,4432808,14
401584106,DET,6429,23
401584106,DET,4432107,8
401584106,DET,4433218,21
401584106,DET,4277957,0
401584106,DET,2528794,0
401584106,DET,4433621,0
401584107,IND,4278355,37
401584107,IND,3133628,19
401584107,IND,4065670,36
401584107,IND,4396993,38
401584107,IND,4683634,16
401584107,IND,4397189,3
401584107,IND,4432170,17
401584107,IND,2530530,13
401584107,IND,2990984,29
401584107,IND,4395712,10
401584107,IND,4396909,22
401584107,IND,5106060,0
401584107,IND,4277883,0
401584107,IND,4433076,0
401584107,PHI,2490620,16
401584107,PHI,6440,37
401584107,PHI,3059318,38
401584107,PHI,4066436,35
401584107,PHI,4431678,38
401584107,PHI,6462,18
401584107,PHI,4278562,10
401584107,PHI,4431828,1
401584107,PHI,2991155,18
401584107,PHI,3964,28
401584107,PHI,3929325,2
401584107,PHI,4277919,0
401584107,PHI,4432164,0
401584108,ORL,4432573,35
401584108,ORL,4566434,36
401584108,ORL,4348700,24
401584108,ORL,4432165,32
401584108,ORL,4712849,19
401584108,ORL,2968436,21
401584108,ORL,4065654,12
401584108,ORL,4278052,2
401584108,ORL,4433623,5
401584108,ORL,3150844,21
401584108,ORL,4432809,28
401584108,ORL,5105806,4
401584108,BKN,2578185,24
401584108,BKN,3138196,29
401584108,BKN,4278067,21
401584108,BKN,2580782,38
401584108,BKN,3147657,32
401584108,BKN,2583632,34
401584108,BKN,4432194,24
401584108,BKN,4065697,19
401584108,BKN,4277890,20
401584108,BKN,4065649,0
401584108,BKN,4431675,0
401584108,BKN,4432174,0
401584109,SA,4066650,31
401584109,SA,4592479,31
401584109,SA,4610139,28
401584109,SA,5104157,28
401584109,SA,4395630,25
401584109,SA,2528588,18
401584109,SA,4565201,26
401584109,SA,4870562,5
401584109,SA,3893016,15
401584109,SA,4397886,17
401584109,SA,3133601,17
401584109,SA,4278580,0
401584109,OKC,4433255,30
401584109,OKC,4278073,28
401584109,OKC,4397020,24
401584109,OKC,4593803,23
401584109,OKC,4871145,25
401584109,OKC,4066317,5
401584109,OKC,4432823,18
401584109,OKC,4683018,5
401584109,OKC,3102532,19
401584109,OKC,3133626,15
401584109,OKC,4395702,14
401584109,OKC,4397183,5
401584109,OKC,4432819,9
401584109,OKC,4683692,21
401584109,OKC,6426,0
401584110,DAL,3936099,18
401584110,DAL,4066218,24
401584110,DAL,4683688,21
401584110,DAL,6442,26
401584110,DAL,3945274,26
401584110,DAL,2531367,11
401584110,DAL,2993370,12
401584110,DAL,4595400,9
401584110,DAL,2326307,13
401584110,DAL,2528210,21
401584110,DAL,3102528,12
401584110,DAL,4432811,28
401584110,DAL,4868423,18
401584110,DAL,6461,0
401584110,NO,3913176,36
401584110,NO,4277813,31
401584110,NO,4395628,27
401584110,NO,6477,22
401584110,NO,4869342,29
401584110,NO,3908336,20
401584110,NO,4278594,21
401584110,NO,4432813,13
401584110,NO,2579258,5
401584110,NO,4431811,2
401584110,NO,4395698,2
401584110,NO,4683750,33
401584111,POR,2991070,27
401584111,POR,4431736,26
401584111,POR,4278129,34
401584111,POR,4066269,31
401584111,POR,4914336,41
401584111,POR,3059307,3
401584111,POR,4278111,3
401584111,POR,4432446,21
401584111,POR,4594326,3
401584111,POR,4066268,10
401584111,POR,3907498,22
401584111,POR,4280245,17
401584111,POR,5099752,3
401584111,POR,4397126,0
401584111,UTAH,3908845,32
401584111,UTAH,4066336,31
401584111,UTAH,2528426,33
401584111,UTAH,4397018,26
401584111,UTAH,4433627,26
401584111,UTAH,2489663,24
401584111,UTAH,3899664,16
401584111,UTAH,4423309,1
401584111,UTAH,4396991,21
401584111,UTAH,3074213,1
401584111,UTAH,2991139,1
401584111,UTAH,4277811,28
401584112,LAC,4251,40
401584112,LAC,6450,38
401584112,LAC,4017837,26
401584112,LAC,3468,24
401584112,LAC,3992,35
401584112,LAC,3033,21
401584112,LAC,2595516,26
401584112,LAC,3907823,28
401584112,LAC,4433249,0
401584112,LAC,4066387,0
401584112,LAC,4431752,0
401584112,LAC,4592492,0
401584112,DEN,3064290,39
401584112,DEN,4278104,34
401584112,DEN,3112335,36
401584112,DEN,6443,30
401584112,DEN,2581018,39
401584112,DEN,2284101,2
401584112,DEN,4431690,12
401584112,DEN,4398390,17
401584112,DEN,4431767,20
401584112,DEN,4576087,11
401584112,DEN,4066240,0
401584112,DEN,3442,0
401584112,DEN,4278585,0
401584112,DEN,4432181,0
401584113,MIN,4431671,2
401584113,MIN,3032976,35
401584113,MIN,3136195,42
401584113,MIN,3195,31
401584113,MIN,4594268,36
401584113,MIN,2993874,27
401584113,MIN,4278508,10
401584113,MIN,4396971,16
401584113,MIN,3915195,15
401584113,MIN,4278039,25
401584113,MIN,4687718,0
401584113,MIN,4432176,0
401584113,GS,6589,2
401584113,GS,3032978,32
401584113,GS,3059319,28
401584113,GS,2779,36
401584113,GS,6475,2
401584113,GS,3155535,32
401584113,GS,4431684,12
401584113,GS,4433247,16
401584113,GS,6446,13
401584113,GS,3134903,16
401584113,GS,4432171,14
401584113,GS,4709138,39
401584113,GS,4997536,0
401584114,MEM,4277961,22
401584114,MEM,6427,23
401584114,MEM,4278378,21
401584114,MEM,2990992,8
401584114,MEM,4066320,27
401584114,MEM,4277964,22
401584114,MEM,4433137,26
401584114,MEM,4585610,5
401584114,MEM,4593041,31
401584114,MEM,4593125,25
401584114,MEM,3134932,18
401584114,MEM,3913174,6
401584114,MEM,4397227,5
401584114,LAL,1966,23
401584114,LAL,6583,27
401584114,LAL,2990962,29
401584114,LAL,4395627,25
401584114,LAL,3136776,27
401584114,LAL,3058254,22
401584114,LAL,4066648,24
401584114,LAL,4684286,5
401584114,LAL,4397077,21
401584114,LAL,4066457,29
401584114,LAL,4432582,9
401584114,LAL,4433626,0
401584820,DAL,3936099,26
401584820,DAL,4066218,36
401584820,DAL,4683688,24
401584820,DAL,3945274,32
401584820,DAL,4432811,37
401584820,DAL,2531367,7
401584820,DAL,2993370,2
401584820,DAL,4595400,7
401584820,DAL,2326307,20
401584820,DAL,2528210,27
401584820,DAL,3102528,19
401584820,DAL,4868423,4
401584820,DAL,6461,0
401584820,WSH,3134907,30
401584820,WSH,4278049,24
401584820,WSH,4683021,24
401584820,WSH,3135046,22
401584820,WSH,4277956,32
401584820,WSH,3428,18
401584820,WSH,2581184,5
401584820,WSH,4280151,26
401584820,WSH,3914044,21
401584820,WSH,4432356,7
401584820,WSH,4433246,2
401584820,WSH,4591725,2
401584820,WSH,5104155,28
401584820,WSH,2490089,0
401584820,WSH,4395695,0
401584821,NY,3064514,39
401584821,NY,4351852,31
401584821,NY,3062679,33
401584821,NY,3934672,41
401584821,NY,4397014,29
401584821,NY,4222252,17
401584821,NY,3934673,22
401584821,NY,4395724,28
401584821,NY,4431823,1
401584821,NY,4277922,0
401584821,NY,6588,0
401584821,NY,2991047,0
401584821,NY,3913220,0
401584821,ATL,4065732,26
401584821,ATL,4701230,31
401584821,ATL,3102529,26
401584821,ATL,3907497,32
401584821,ATL,4277905,34
401584821,ATL,4431680,22
401584821,ATL,4032,10
401584821,ATL,3037789,29
401584821,ATL,4397136,28
401584821,ATL,4277952,0
401584821,ATL,4432585,0
401584821,ATL,4004,0
401584821,ATL,3913180,0
401584821,ATL,4065656,0
401584822,BOS,4065648,39
401584822,BOS,4065804,35
401584822,BOS,3213,29
401584822,BOS,3995,35
401584822,BOS,3078576,36
401584822,BOS,4397885,8
401584822,BOS,3064560,19
401584822,BOS,3133602,15
401584822,BOS,4066354,23
401584822,BOS,4066405,0
401584822,BOS,4278031,0
401584822,BOS,4397424,0
401584822,PHI,2490620,37
401584822,PHI,6440,38
401584822,PHI,3059318,34
401584822,PHI,4066436,34
401584822,PHI,4431678,39
401584822,PHI,6462,8
401584822,PHI,4278562,14
401584822,PHI,2991155,3
401584822,PHI,3964,10
401584822,PHI,3929325,3
401584822,PHI,4432164,20
401584822,PHI,4431828,0
401584822,PHI,4277919,0
401584823,MIL,6609,20
401584823,MIL,3448,33
401584823,MIL,3907822,31
401584823,MIL,6606,31
401584823,MIL,4432190,17
401584823,MIL,3064482,31
401584823,MIL,3102533,15
401584823,MIL,4432179,10
401584823,MIL,3447,2
401584823,MIL,3064230,16
401584823,MIL,2578239,22
401584823,MIL,4277887,2
401584823,MIL,4397475,7
401584823,MIL,4683749,2
401584823,TOR,3149673,29
401584823,TOR,4433134,31
401584823,TOR,3134908,27
401584823,TOR,3032979,23
401584823,TOR,5106258,26
401584823,TOR,3244,4
401584823,TOR,3948153,20
401584823,TOR,4066731,18
401584823,TOR,4431679,17
401584823,TOR,2594922,11
401584823,TOR,4066668,27
401584823,TOR,4023,4
401584823,TOR,4397554,4
401584824,ORL,4432573,33
401584824,ORL,4566434,31
401584824,ORL,4348700,26
401584824,ORL,4432165,27
401584824,ORL,4712849,27
401584824,ORL,2968436,18
401584824,ORL,4065654,17
401584824,ORL,3150844,20
401584824,ORL,2999547,21
401584824,ORL,4432809,22
401584824,ORL,4278052,0
401584824,ORL,4433623,0
401584824,ORL,3918423,0
401584824,ORL,5105806,0
401584824,CHI,4431687,32
401584824,CHI,2528693,28
401584824,CHI,6478,36
401584824,CHI,3064440,36
401584824,CHI,4395651,33
401584824,CHI,5105553,4
401584824,CHI,6585,12
401584824,CHI,2991350,24
401584824,CHI,3133635,16
401584824,CHI,4397002,18
401584824,CHI,4279815,0
401584824,CHI,4438552,0
401584825,MIN,4431671,23
401584825,MIN,3032976,25
401584825,MIN,3136195,31
401584825,MIN,3195,22
401584825,MIN,4594268,31
401584825,MIN,2993874,21
401584825,MIN,4278508,14
401584825,MIN,4687718,5
401584825,MIN,4277951,5
401584825,MIN,4396971,19
401584825,MIN,3915195,23
401584825,MIN,4278039,23
401584825,PHX,3202,35
401584825,PHX,3102530,24
401584825,PHX,3431,29
401584825,PHX,3135045,28
401584825,PHX,3136193,26
401584825,PHX,3914283,4
401584825,PHX,3914285,20
401584825,PHX,3133838,23
401584825,PHX,3136779,13
401584825,PHX,4395652,4
401584825,PHX,4065663,19
401584825,PHX,4278402,16
401584825,PHX,4066299,0
401584825,PHX,4397102,0
401584825,PHX,4278124,0
401584826,SAC,6578,39
401584826,SAC,3155942,39
401584826,SAC,4594327,31
401584826,SAC,4066259,38
401584826,SAC,4066372,38
401584826,SAC,4397667,0
401584826,SAC,3893014,12
401584826,SAC,4397693,0
401584826,SAC,4398207,0
401584826,SAC,3452,9
401584826,SAC,4592402,4
401584826,SAC,4066262,21
401584826,SAC,4702177,9
401584826,SAC,4278053,0
401584826,LAL,1966,35
401584826,LAL,6583,35
401584826,LAL,2990962,25
401584826,LAL,4395627,32
401584826,LAL,3136776,35
401584826,LAL,3058254,9
401584826,LAL,4066648,18
401584826,LAL,4684286,1
401584826,LAL,4397077,13
401584826,LAL,4066457,34
401584826,LAL,4432582,1
401584826,LAL,4702702,1
401584827,CLE,3912848,33
401584827,CLE,4066328,29
401584827,CLE,4432158,35
401584827,CLE,3908809,36
401584827,CLE,4065778,37
401584827,CLE,2990969,22
401584827,CLE,4433620,2
401584827,CLE,6474,2
401584827,CLE,3064559,2
401584827,CLE,2991043,33
401584827,CLE,4066757,2
401584827,CLE,4701233,9
401584827,POR,2991070,32
401584827,POR,4431736,22
401584827,POR,4278129,26
401584827,POR,4066269,31
401584827,POR,4914336,27
401584827,POR,3059307,3
401584827,POR,4278111,3
401584827,POR,4432446,23
401584827,POR,4594326,17
401584827,POR,4066268,20
401584827,POR,3907498,26
401584827,POR,4280245,9
401584827,POR,5099752,3
401584827,POR,4397126,0
401584828,BKN,2578185,32
401584828,BKN,3138196,27
401584828,BKN,4278067,26
401584828,BKN,2580782,33
401584828,BKN,3147657,35
401584828,BKN,2583632,20
401584828,BKN,4431675,10
401584828,BKN,4432194,15
401584828,BKN,4065697,16
401584828,BKN,4277890,26
401584828,BKN,4065649,0
401584828,BKN,4432174,0
401584828,MIA,6430,35
401584828,MIA,3157465,38
401584828,MIA,4291678,23
401584828,MIA,4066261,34
401584828,MIA,3012,24
401584828,MIA,3449,16
401584828,MIA,3138160,12
401584828,MIA,4432848,33
401584828,MIA,2581190,26
401584828,MIA,4997528,0
401584828,MIA,3934723,0
401584828,MIA,4593049,0
401584828,MIA,4066993,0
401584829,OKC,4433255,27
401584829,OKC,4278073,29
401584829,OKC,4397020,24
401584829,OKC,4593803,29
401584829,OKC,4871145,26
401584829,OKC,4432823,4
401584829,OKC,3102532,21
401584829,OKC,3133626,18
401584829,OKC,4395702,25
401584829,OKC,4397183,11
401584829,OKC,4683692,26
401584829,OKC,4683018,0
401584829,OKC,6426,0
401584829,OKC,4432819,0
401584829,GS,3032978,24
401584829,GS,3059319,26
401584829,GS,4433247,27
401584829,GS,2779,28
401584829,GS,6475,27
401584829,GS,3155535,19
401584829,GS,4431684,5
401584829,GS,4997536,4
401584829,GS,6446,20
401584829,GS,3134903,8
401584829,GS,4431720,4
401584829,GS,4432171,23
401584829,GS,4709138,25
401584829,GS,6589,0
401584115,MIL,6609,22
401584115,MIL,3032977,28
401584115,MIL,3448,33
401584115,MIL,3907822,30
401584115,MIL,6606,31
401584115,MIL,3064482,30
401584115,MIL,3102533,3
401584115,MIL,4065652,3
401584115,MIL,3064230,21
401584115,MIL,2578239,31
401584115,MIL,4397475,3
401584115,MIL,4432190,8
401584115,MIL,3447,0
401584115,MIL,4277887,0
401584115,MIL,4683749,0
401584115,CHA,4278078,26
401584115,CHA,4433287,27
401584115,CHA,4249,29
401584115,CHA,4701232,32
401584115,CHA,4432816,35
401584115,CHA,4066383,33
401584115,CHA,4702233,6
401584115,CHA,4278076,7
401584115,CHA,4305,23
401584115,CHA,4683027,4
401584115,CHA,4576086,10
401584115,CHA,4683686,9
401584116,NY,3064514,35
401584116,NY,4351852,27
401584116,NY,3062679,32
401584116,NY,3934672,34
401584116,NY,3934673,25
401584116,NY,4222252,20
401584116,NY,4277922,1
401584116,NY,6588,16
401584116,NY,2991047,1
401584116,NY,3913220,2
401584116,NY,4395724,33
401584116,NY,4431823,14
401584116,NY,4395625,0
401584116,WSH,3134907,32
401584116,WSH,4278049,28
401584116,WSH,4683021,32
401584116,WSH,3135046,30
401584116,WSH,4277956,29
401584116,WSH,3428,17
401584116,WSH,2581184,2
401584116,WSH,4066410,2
401584116,WSH,4280151,26
401584116,WSH,3914044,7
401584116,WSH,4395695,2
401584116,WSH,4432356,2
401584116,WSH,5104155,31
401584116,WSH,2490089,0
401584117,PHI,2490620,20
401584117,PHI,6440,38
401584117,PHI,3059318,37
401584117,PHI,4066436,36
401584117,PHI,4431678,40
401584117,PHI,6462,2
401584117,PHI,4278562,11
401584117,PHI,2991155,18
401584117,PHI,3964,14
401584117,PHI,4432164,22
401584117,PHI,4431828,0
401584117,PHI,4277919,0
401584117,PHI,3929325,0
401584117,ATL,4065732,18
401584117,ATL,4701230,36
401584117,ATL,3102529,29
401584117,ATL,3907497,35
401584117,ATL,4277905,37
401584117,ATL,4431680,19
401584117,ATL,4032,10
401584117,ATL,3037789,24
401584117,ATL,4397136,31
401584117,ATL,4277952,0
401584117,ATL,4432585,0
401584117,ATL,4004,0
401584117,ATL,3913180,0
401584117,ATL,4065656,0
401584118,DET,4278075,31
401584118,DET,4432810,31
401584118,DET,4432166,34
401584118,DET,4683024,22
401584118,DET,4684742,17
401584118,DET,4277848,16
401584118,DET,4432808,4
401584118,DET,6429,24
401584118,DET,4279532,17
401584118,DET,4432107,15
401584118,DET,4433218,29
401584118,DET,4277957,0
401584118,DET,4433621,0
401584118,CLE,3912848,22
401584118,CLE,4066328,32
401584118,CLE,4432158,35
401584118,CLE,4065778,39
401584118,CLE,4396907,34
401584118,CLE,2990969,27
401584118,CLE,4433620,1
401584118,CLE,6474,1
401584118,CLE,3064559,1
401584118,CLE,2991043,33
401584118,CLE,4066757,1
401584118,CLE,4701233,16
401584119,BOS,4065648,37
401584119,BOS,3102531,35
401584119,BOS,3995,35
401584119,BOS,3078576,34
401584119,BOS,3917376,36
401584119,BOS,4065804,23
401584119,BOS,3213,23
401584119,BOS,4066354,17
401584119,BOS,4066405,0
401584119,BOS,4397885,0
401584119,BOS,4278031,0
401584119,BOS,3064560,0
401584119,BOS,4397424,0
401584119,BOS,3133602,0
401584119,TOR,3149673,29
401584119,TOR,4433134,32
401584119,TOR,3134908,34
401584119,TOR,3032979,35
401584119,TOR,4277843,31
401584119,TOR,3948153,18
401584119,TOR,4066731,7
401584119,TOR,4431679,24
401584119,TOR,4066668,19
401584119,TOR,5106258,10
401584119,TOR,3934719,0
401584119,TOR,4023,0
401584120,SAC,6578,26
401584120,SAC,3155942,35
401584120,SAC,4594327,38
401584120,SAC,4066259,41
401584120,SAC,4066372,25
401584120,SAC,3893014,17
401584120,SAC,3452,8
401584120,SAC,4592402,15
401584120,SAC,4066262,26
401584120,SAC,4702177,10
401584120,SAC,4397667,0
401584120,SAC,4397693,0
401584120,SAC,4398207,0
401584120,SAC,4278053,0
401584120,SA,4066650,34
401584120,SA,4395723,36
401584120,SA,4592479,25
401584120,SA,4610139,37
401584120,SA,5104157,30
401584120,SA,2528588,16
401584120,SA,4278580,12
401584120,SA,4565201,28
401584120,SA,3893016,15
401584120,SA,4397886,2
401584120,SA,4683935,4
401584120,SA,4565203,0
401584120,SA,3133601,0
401584120,SA,4280181,0
401584120,SA,5081727,0
401584121,ORL,4432573,32
401584121,ORL,4566434,35
401584121,ORL,4348700,21
401584121,ORL,2999547,29
401584121,ORL,4712849,11
401584121,ORL,2968436,26
401584121,ORL,4065654,20
401584121,ORL,4433623,6
401584121,ORL,3150844,23
401584121,ORL,4432809,37
401584121,ORL,4278052,0
401584121,ORL,3918423,0
401584121,ORL,4432165,0
401584121,ORL,5105806,0
401584121,CHI,6478,30
401584121,CHI,3978,36
401584121,CHI,2991350,23
401584121,CHI,3064440,41
401584121,CHI,4395651,30
401584121,CHI,4431687,13
401584121,CHI,2528693,26
401584121,CHI,6585,18
401584121,CHI,3133635,10
401584121,CHI,4397002,14
401584121,CHI,4279815,0
401584121,CHI,5105553,0
401584122,DEN,3064290,39
401584122,DEN,4278104,33
401584122,DEN,3112335,36
401584122,DEN,6443,33
401584122,DEN,2581018,35
401584122,DEN,4431690,4
401584122,DEN,4398390,10
401584122,DEN,4431767,30
401584122,DEN,4432181,9
401584122,DEN,4576087,11
401584122,DEN,2284101,0
401584122,DEN,4066240,0
401584122,DEN,3442,0
401584122,DEN,4278585,0
401584122,NO,3913176,38
401584122,NO,4277813,37
401584122,NO,4395628,33
401584122,NO,6477,34
401584122,NO,4869342,33
401584122,NO,3908336,19
401584122,NO,4278594,18
401584122,NO,4432813,0
401584122,NO,2579258,2
401584122,NO,4683750,26
401584122,NO,4277869,0
401584122,NO,4395698,0
401584123,PHX,3202,33
401584123,PHX,3102530,23
401584123,PHX,3431,33
401584123,PHX,3135045,30
401584123,PHX,3136193,32
401584123,PHX,3914285,21
401584123,PHX,3133838,10
401584123,PHX,3136779,20
401584123,PHX,4395652,11
401584123,PHX,4065663,13
401584123,PHX,4278402,14
401584123,PHX,3914283,0
401584123,PHX,4066299,0
401584123,PHX,4397102,0
401584123,PHX,4278124,0
401584123,UTAH,3908845,35
401584123,UTAH,4066336,40
401584123,UTAH,2528426,36
401584123,UTAH,4397018,25
401584123,UTAH,4433627,29
401584123,UTAH,2489663,20
401584123,UTAH,3899664,15
401584123,UTAH,4396991,19
401584123,UTAH,2991139,0
401584123,UTAH,4277811,20
401584123,UTAH,4423309,0
401584123,UTAH,4684806,0
401584123,UTAH,5105839,0
401584123,UTAH,3074213,0
401584124,LAL,1966,35
401584124,LAL,6583,35
401584124,LAL,2990962,35
401584124,LAL,4395627,31
401584124,LAL,3136776,29
401584124,LAL,3058254,20
401584124,LAL,4066648,28
401584124,LAL,4684286,1
401584124,LAL,4397077,8
401584124,LAL,4066457,18
401584124,LAL,4432582,1
401584124,LAL,4433626,0
401584124,POR,2991070,40
401584124,POR,4431736,36
401584124,POR,4278129,38
401584124,POR,4066269,26
401584124,POR,4914336,38
401584124,POR,4278111,5
401584124,POR,4432446,18
401584124,POR,4594326,5
401584124,POR,4066268,10
401584124,POR,3907498,24
401584124,POR,4280245,1
401584124,POR,3059307,0
401584124,POR,4397126,0
401584125,HOU,3155526,31
401584125,HOU,4432639,33
401584125,HOU,4871144,34
401584125,HOU,2991230,41
401584125,HOU,4437244,33
401584125,HOU,3209,15
401584125,HOU,3136777,9
401584125,HOU,4433192,20
401584125,HOU,3146557,7
401584125,HOU,3922230,18
401584125,HOU,4278588,0
401584125,HOU,5105592,0
401584125,HOU,2528779,0
401584125,HOU,4376,0
401584125,HOU,4396629,0
401584125,LAC,4251,40
401584125,LAC,6450,37
401584125,LAC,4017837,35
401584125,LAC,3992,34
401584125,LAC,3907823,21
401584125,LAC,3033,15
401584125,LAC,2451037,10
401584125,LAC,3468,17
401584125,LAC,2595516,30
401584125,LAC,4433249,0
401584125,LAC,4066387,0
401584125,LAC,4592492,0
401584830,NY,3064514,38
401584830,NY,4395625,26
401584830,NY,4351852,33
401584830,NY,3934672,39
401584830,NY,3934673,28
401584830,NY,4222252,15
401584830,NY,3062679,29
401584830,NY,4395724,23
401584830,NY,4431823,9
401584830,NY,4277922,0
401584830,NY,2991047,0
401584830,NY,3913220,0
401584830,CHA,4278078,33
401584830,CHA,4433287,34
401584830,CHA,4249,32
401584830,CHA,4701232,30
401584830,CHA,4432816,36
401584830,CHA,4066383,32
401584830,CHA,4702233,11
401584830,CHA,4305,17
401584830,CHA,4576086,16
401584830,CHA,4683027,0
401584830,CHA,4683686,0
401584831,MIN,4431671,34
401584831,MIN,3032976,34
401584831,MIN,3136195,33
401584831,MIN,3195,30
401584831,MIN,4594268,30
401584831,MIN,2993874,26
401584831,MIN,4396971,19
401584831,MIN,3915195,16
401584831,MIN,4278039,18
401584831,MIN,4278508,0
401584831,MIN,4687718,0
401584831,MIN,4432176,0
401584831,NO,3913176,34
401584831,NO,4277813,28
401584831,NO,6477,30
401584831,NO,4683750,37
401584831,NO,4869342,37
401584831,NO,3908336,27
401584831,NO,4278594,24
401584831,NO,4432813,10
401584831,NO,2579258,13
401584831,NO,4395628,0
401584831,NO,4395698,0
401584832,MIA,6430,33
401584832,MIA,3157465,35
401584832,MIA,4291678,24
401584832,MIA,4066261,36
401584832,MIA,3012,32
401584832,MIA,3449,12
401584832,MIA,3138160,15
401584832,MIA,4432848,27
401584832,MIA,2581190,26
401584832,MIA,3934723,0
401584832,MIA,4593049,0
401584832,MIA,4066993,0
401584832,CHI,6478,33
401584832,CHI,3978,40
401584832,CHI,2991350,29
401584832,CHI,3064440,35
401584832,CHI,4395651,29
401584832,CHI,4431687,15
401584832,CHI,2528693,17
401584832,CHI,6585,15
401584832,CHI,3133635,14
401584832,CHI,4397002,13
401584832,CHI,4279815,0
401584832,CHI,4433159,0
401584833,DAL,3936099,19
401584833,DAL,4066218,38
401584833,DAL,4683688,24
401584833,DAL,6442,34
401584833,DAL,3945274,35
401584833,DAL,2531367,24
401584833,DAL,2326307,9
401584833,DAL,2528210,26
401584833,DAL,3102528,11
401584833,DAL,4432811,20
401584833,DAL,6461,0
401584833,DAL,2993370,0
401584833,DAL,4595400,0
401584833,DAL,4868423,0
401584833,MIL,3032977,38
401584833,MIL,3448,34
401584833,MIL,3907822,34
401584833,MIL,6606,38
401584833,MIL,4432190,12
401584833,MIL,3064482,22
401584833,MIL,3064230,17
401584833,MIL,2578239,35
401584833,MIL,4397475,11
401584833,MIL,3102533,0
401584833,MIL,3447,0
401584833,MIL,4065652,0
401584833,MIL,4277887,0
401584833,MIL,4683749,0
401584834,MEM,4277961,27
401584834,MEM,6427,31
401584834,MEM,4278378,12
401584834,MEM,3134932,23
401584834,MEM,4066320,34
401584834,MEM,4433137,25
401584834,MEM,4585610,12
401584834,MEM,4593041,26
401584834,MEM,4593125,36
401584834,MEM,3456,14
401584834,MEM,4592691,0
401584834,MEM,4397227,0
401584834,SA,4066650,26
401584834,SA,4395723,33
401584834,SA,4592479,20
401584834,SA,4610139,32
401584834,SA,5104157,31
401584834,SA,2528588,16
401584834,SA,4278580,11
401584834,SA,4565201,18
401584834,SA,4870562,3
401584834,SA,3893016,24
401584834,SA,4397886,4
401584834,SA,4395626,21
401584834,SA,3133601,0
401584834,SA,4683935,0
401584834,SA,5081727,0
401584835,OKC,4433255,37
401584835,OKC,4278073,41
401584835,OKC,4397020,27
401584835,OKC,4593803,41
401584835,OKC,4871145,22
401584835,OKC,4432823,6
401584835,OKC,3102532,8
401584835,OKC,3133626,22
401584835,OKC,4395702,27
401584835,OKC,4397183,6
401584835,OKC,4683692,28
401584835,OKC,4683018,0
401584835,OKC,6426,0
401584835,OKC,4432819,0
401584835,GS,3059319,35
401584835,GS,3155535,35
401584835,GS,2779,38
401584835,GS,3975,40
401584835,GS,6475,37
401584835,GS,3032978,18
401584835,GS,4433247,20
401584835,GS,4432171,18
401584835,GS,4709138,25
401584835,GS,6589,0
401584835,GS,4997536,0
401584835,GS,6446,0
401584835,GS,4431720,0
401584836,PHI,3416,24
401584836,PHI,6440,32
401584836,PHI,3059318,31
401584836,PHI,4066436,27
401584836,PHI,4431678,36
401584836,PHI,2490620,11
401584836,PHI,6462,6
401584836,PHI,4278562,14
401584836,PHI,4431828,4
401584836,PHI,2991155,14
401584836,PHI,4277919,3
401584836,PHI,3964,12
401584836,PHI,3929325,4
401584836,PHI,4432164,21
401584836,BKN,2578185,27
401584836,BKN,3138196,28
401584836,BKN,4278067,23
401584836,BKN,2580782,28
401584836,BKN,3147657,29
401584836,BKN,4065649,6
401584836,BKN,2583632,25
401584836,BKN,4431675,22
401584836,BKN,4432194,20
401584836,BKN,4277890,32
401584836,BKN,4065697,0
401584836,BKN,4432174,0
401584839,DET,4278075,26
401584839,DET,4432810,21
401584839,DET,4432166,27
401584839,DET,4433218,28
401584839,DET,4684742,30
401584839,DET,4277848,15
401584839,DET,4432808,24
401584839,DET,6429,22
401584839,DET,4279532,25
401584839,DET,4432107,21
401584839,DET,4277957,0
401584839,DET,4433621,0
401584839,DET,4683024,0
401584839,TOR,3149673,29
401584839,TOR,3934719,27
401584839,TOR,4433134,25
401584839,TOR,3134908,25
401584839,TOR,3032979,26
401584839,TOR,3948153,18
401584839,TOR,4066731,8
401584839,TOR,4431679,19
401584839,TOR,4066668,21
401584839,TOR,4277843,26
401584839,TOR,4397251,4
401584839,TOR,5106258,12
401584839,TOR,2594922,0
401584839,TOR,4023,0
401584837,ORL,4432573,27
401584837,ORL,4566434,22
401584837,ORL,4348700,22
401584837,ORL,4432165,18
401584837,ORL,4712849,24
401584837,ORL,2968436,18
401584837,ORL,4065654,14
401584837,ORL,4278052,8
401584837,ORL,4433623,8
401584837,ORL,3918423,5
401584837,ORL,3150844,21
401584837,ORL,2999547,22
401584837,ORL,4432809,25
401584837,ORL,5105806,7
401584837,IND,4278355,16
401584837,IND,3133628,23
401584837,IND,4065670,22
401584837,IND,4396993,25
401584837,IND,4683634,25
401584837,IND,4397189,13
401584837,IND,4432170,12
401584837,IND,5106060,14
401584837,IND,4277883,23
401584837,IND,2530530,21
401584837,IND,2990984,15
401584837,IND,4396909,15
401584837,IND,4433076,16
401584838,DEN,3064290,32
401584838,DEN,4278104,27
401584838,DEN,3112335,28
401584838,DEN,6443,21
401584838,DEN,2581018,31
401584838,DEN,2284101,17
401584838,DEN,4395620,3
401584838,DEN,4431690,14
401584838,DEN,4278585,3
401584838,DEN,4398390,19
401584838,DEN,4431767,25
401584838,DEN,4432181,20
401584838,DEN,4066240,0
401584838,DEN,3442,0
401584838,DEN,4576087,0
401584838,CLE,3912848,24
401584838,CLE,4066328,29
401584838,CLE,4432158,32
401584838,CLE,4065778,32
401584838,CLE,4396907,33
401584838,CLE,2990969,23
401584838,CLE,4433620,4
401584838,CLE,6474,11
401584838,CLE,3064559,3
401584838,CLE,4066757,24
401584838,CLE,4701233,25
401584838,CLE,2991043,0
401584840,SAC,6578,34
401584840,SAC,3155942,35
401584840,SAC,4594327,33
401584840,SAC,4592402,33
401584840,SAC,4066259,31
401584840,SAC,3893014,13
401584840,SAC,4397693,9
401584840,SAC,4398207,4
401584840,SAC,3452,9
401584840,SAC,4066262,18
401584840,SAC,4278053,9
401584840,SAC,4433378,4
401584840,SAC,4702177,9
401584840,SAC,4397667,0
401584840,DAL,3936099,19
401584840,DAL,4066218,20
401584840,DAL,4683688,29
401584840,DAL,6442,33
401584840,DAL,3945274,32
401584840,DAL,6461,5
401584840,DAL,2531367,13
401584840,DAL,2993370,5
401584840,DAL,4595400,5
401584840,DAL,2528210,27
401584840,DAL,3102528,15
401584840,DAL,4432811,26
401584840,DAL,4868423,10
401584841,BOS,4065648,35
401584841,BOS,3102531,34
401584841,BOS,3995,37
401584841,BOS,3078576,34
401584841,BOS,3917376,34
401584841,BOS,4065804,22
401584841,BOS,4066405,3
401584841,BOS,3213,22
401584841,BOS,4397424,5
401584841,BOS,4066354,15
401584841,BOS,4397885,0
401584841,BOS,4278031,0
401584841,BOS,3064560,0
401584841,BOS,3133602,0
401584841,MEM,4277961,34
401584841,MEM,4593125,39
401584841,MEM,6427,14
401584841,MEM,3134932,26
401584841,MEM,4066320,37
401584841,MEM,4433137,24
401584841,MEM,4585610,13
401584841,MEM,4593041,20
401584841,MEM,4278378,15
401584841,MEM,4397227,17
401584841,MEM,4592691,0
401584841,MEM,5105550,0
401584842,PHX,3202,46
401584842,PHX,3102530,35
401584842,PHX,3431,41
401584842,PHX,3135045,43
401584842,PHX,3136193,40
401584842,PHX,3914285,17
401584842,PHX,3136779,23
401584842,PHX,4395652,20
401584842,PHX,4065663,14
401584842,PHX,4278402,11
401584842,PHX,3914283,0
401584842,PHX,4066299,0
401584842,PHX,4397102,0
401584842,PHX,4278124,0
401584842,UTAH,3908845,43
401584842,UTAH,4066336,50
401584842,UTAH,2528426,39
401584842,UTAH,4397018,34
401584842,UTAH,4433627,34
401584842,UTAH,2489663,20
401584842,UTAH,3899664,18
401584842,UTAH,4396991,29
401584842,UTAH,4277811,23
401584842,UTAH,4423309,0
401584842,UTAH,4684806,0
401584842,UTAH,5105839,0
401584842,UTAH,3074213,0
401584842,UTAH,2991139,0
401584843,OKC,4433255,20
401584843,OKC,4278073,23
401584843,OKC,4397020,23
401584843,OKC,4683692,21
401584843,OKC,4871145,23
401584843,OKC,4066317,16
401584843,OKC,4278046,10
401584843,OKC,4432823,18
401584843,OKC,4683018,9
401584843,OKC,6426,11
401584843,OKC,3102532,6
401584843,OKC,3133626,8
401584843,OKC,4395702,14
401584843,OKC,4397183,16
401584843,OKC,4432819,24
401584843,POR,2991070,27
401584843,POR,4431736,15
401584843,POR,4278129,24
401584843,POR,4066269,26
401584843,POR,4914336,24
401584843,POR,4278111,13
401584843,POR,4432446,22
401584843,POR,4594326,21
401584843,POR,4066268,12
401584843,POR,4397126,7
401584843,POR,3907498,19
401584843,POR,4280245,16
401584843,POR,5099752,12
401584844,HOU,3155526,41
401584844,HOU,4432639,32
401584844,HOU,4871144,31
401584844,HOU,2991230,40
401584844,HOU,4437244,31
401584844,HOU,3209,14
401584844,HOU,3136777,16
401584844,HOU,4433192,17
401584844,HOU,3146557,4
401584844,HOU,3922230,15
401584844,HOU,4278588,0
401584844,HOU,5105592,0
401584844,HOU,2528779,0
401584844,HOU,4376,0
401584844,HOU,4396629,0
401584844,LAL,1966,40
401584844,LAL,6583,33
401584844,LAL,2990962,24
401584844,LAL,4395627,39
401584844,LAL,3136776,24
401584844,LAL,3058254,18
401584844,LAL,4066648,32
401584844,LAL,4397077,5
401584844,LAL,4066457,25
401584844,LAL,4278077,0
401584844,LAL,4432582,0
401584844,LAL,4433626,0
401584845,BOS,4065648,44
401584845,BOS,4065804,37
401584845,BOS,3102531,34
401584845,BOS,3995,37
401584845,BOS,3917376,34
401584845,BOS,4278031,17
401584845,BOS,3064560,19
401584845,BOS,3133602,9
401584845,BOS,4066354,33
401584845,BOS,4066405,0
401584845,BOS,4397885,0
401584845,BOS,4397424,0
401584845,BOS,4576085,0
401584845,BOS,4683689,0
401584845,CHA,4066383,45
401584845,CHA,4433287,40
401584845,CHA,4249,39
401584845,CHA,4701232,33
401584845,CHA,4432816,41
401584845,CHA,4278078,28
401584845,CHA,4702233,5
401584845,CHA,4305,20
401584845,CHA,4576086,14
401584845,CHA,4683027,0
401584845,CHA,4431712,0
401584845,CHA,4683686,0
401584846,DEN,3064290,37
401584846,DEN,4278104,38
401584846,DEN,3112335,15
401584846,DEN,6443,32
401584846,DEN,2581018,36
401584846,DEN,4431690,14
401584846,DEN,4398390,7
401584846,DEN,4431767,32
401584846,DEN,4432181,15
401584846,DEN,4576087,13
401584846,DEN,2284101,0
401584846,DEN,4066240,0
401584846,DEN,4395620,0
401584846,DEN,3442,0
401584846,DEN,4278585,0
401584846,DET,4277848,26
401584846,DET,4432810,35
401584846,DET,4432166,38
401584846,DET,4433218,30
401584846,DET,4684742,24
401584846,DET,4277957,23
401584846,DET,4432808,10
401584846,DET,6429,17
401584846,DET,4279532,18
401584846,DET,4432107,5
401584846,DET,4683024,14
401584846,DET,4278075,0
401584846,DET,4433621,0
401584847,MIL,6609,23
401584847,MIL,3032977,34
401584847,MIL,3448,32
401584847,MIL,3907822,33
401584847,MIL,6606,33
401584847,MIL,3064482,23
401584847,MIL,3102533,1
401584847,MIL,3447,1
401584847,MIL,3064230,16
401584847,MIL,2578239,26
401584847,MIL,4397475,15
401584847,MIL,4432190,1
401584847,WSH,3134907,31
401584847,WSH,4278049,29
401584847,WSH,4683021,31
401584847,WSH,3135046,26
401584847,WSH,4277956,33
401584847,WSH,3428,18
401584847,WSH,2581184,1
401584847,WSH,4066410,1
401584847,WSH,4280151,21
401584847,WSH,3914044,14
401584847,WSH,4395695,1
401584847,WSH,4432356,6
401584847,WSH,4591725,1
401584847,WSH,5104155,25
401584847,WSH,2490089,0
401584847,WSH,4433246,0
401584848,MIA,6430,29
401584848,MIA,3157465,30
401584848,MIA,4291678,20
401584848,MIA,4066261,30
401584848,MIA,3012,27
401584848,MIA,3449,15
401584848,MIA,3138160,21
401584848,MIA,4432848,33
401584848,MIA,4593049,2
401584848,MIA,2581190,30
401584848,MIA,4066993,2
401584848,MIA,3934723,0
401584848,CHI,6478,32
401584848,CHI,3978,34
401584848,CHI,2991350,27
401584848,CHI,3064440,35
401584848,CHI,4395651,34
401584848,CHI,4279815,2
401584848,CHI,4431687,17
401584848,CHI,5105553,2
401584848,CHI,2528693,16
401584848,CHI,6585,14
401584848,CHI,3133635,14
401584848,CHI,4397002,12
401584848,CHI,4433159,0
401584849,NY,3064514,34
401584849,NY,4395625,22
401584849,NY,4351852,30
401584849,NY,3934672,36
401584849,NY,4397014,25
401584849,NY,4222252,14
401584849,NY,4277922,3
401584849,NY,2991047,3
401584849,NY,3062679,24
401584849,NY,3913220,3
401584849,NY,3934673,26
401584849,NY,4395724,17
401584849,NY,4431823,3
401584849,MIN,4431671,5
401584849,MIN,3032976,26
401584849,MIN,3136195,36
401584849,MIN,3195,28
401584849,MIN,4594268,39
401584849,MIN,2993874,23
401584849,MIN,4278508,17
401584849,MIN,4687718,1
401584849,MIN,4396971,18
401584849,MIN,3915195,14
401584849,MIN,4278039,33
401584849,MIN,3134916,0
401584850,SAC,6578,30
401584850,SAC,3155942,31
401584850,SAC,4594327,16
401584850,SAC,4066259,29
401584850,SAC,4066372,23
401584850,SAC,4397667,6
401584850,SAC,4397693,15
401584850,SAC,4398207,12
401584850,SAC,3452,13
401584850,SAC,4592402,8
401584850,SAC,4066262,24
401584850,SAC,4278053,19
401584850,SAC,4433378,14
401584850,SAC,3893014,0
401584850,NO,3913176,26
401584850,NO,4277813,27
401584850,NO,4395628,30
401584850,NO,6477,21
401584850,NO,4869342,25
401584850,NO,4278594,26
401584850,NO,4432813,12
401584850,NO,2579258,23
401584850,NO,4277869,15
401584850,NO,4395698,6
401584850,NO,4683750,29
401584850,NO,2580365,0
401584851,LAC,4251,32
401584851,LAC,6450,28
401584851,LAC,4017837,22
401584851,LAC,3992,28
401584851,LAC,3907823,25
401584851,LAC,3033,16
401584851,LAC,4433249,4
401584851,LAC,2451037,21
401584851,LAC,3468,25
401584851,LAC,2595516,30
401584851,LAC,4066387,4
401584851,LAC,4592492,4
401584851,SA,4066650,28
401584851,SA,4395723,32
401584851,SA,4592479,23
401584851,SA,4610139,29
401584851,SA,5104157,27
401584851,SA,2528588,14
401584851,SA,4565201,21
401584851,SA,3893016,23
401584851,SA,4397886,18
401584851,SA,4395626,23
401584851,SA,5081727,4
401584851,SA,4278580,0
401584851,SA,4870562,0
401584851,SA,3133601,0
401584851,SA,4280181,0
401584852,HOU,3155526,31
401584852,HOU,4432639,32
401584852,HOU,4871144,37
401584852,HOU,2991230,41
401584852,HOU,4437244,23
401584852,HOU,3209,14
401584852,HOU,3136777,21
401584852,HOU,2528779,8
401584852,HOU,3146557,4
401584852,HOU,3922230,28
401584852,HOU,4278588,0
401584852,HOU,5105592,0
401584852,HOU,4376,0
401584852,HOU,4396629,0
401584852,GS,3059319,30
401584852,GS,3155535,22
401584852,GS,2779,34
401584852,GS,3975,35
401584852,GS,6475,31
401584852,GS,3032978,26
401584852,GS,4431684,4
401584852,GS,4433247,18
401584852,GS,4432171,22
401584852,GS,4709138,18
401584852,GS,6589,0
401584852,GS,4997536,0
401584852,GS,6446,0
401584126,TOR,3149673,30
401584126,TOR,3934719,30
401584126,TOR,4433134,30
401584126,TOR,3134908,23
401584126,TOR,3032979,27
401584126,TOR,3948153,18
401584126,TOR,4066731,7
401584126,TOR,4431679,15
401584126,TOR,2594922,5
401584126,TOR,4066668,19
401584126,TOR,4023,4
401584126,TOR,4277843,21
401584126,TOR,5106258,12
401584126,ORL,4432573,32
401584126,ORL,4566434,31
401584126,ORL,4348700,31
401584126,ORL,4432165,21
401584126,ORL,4712849,23
401584126,ORL,2968436,13
401584126,ORL,4065654,12
401584126,ORL,4278052,4
401584126,ORL,4433623,4
401584126,ORL,3918423,2
401584126,ORL,3150844,15
401584126,ORL,2999547,23
401584126,ORL,4432809,29
401584127,IND,3133628,25
401584127,IND,2990984,31
401584127,IND,4065670,30
401584127,IND,4396909,25
401584127,IND,4396993,39
401584127,IND,4278355,34
401584127,IND,4397189,5
401584127,IND,4432170,12
401584127,IND,2530530,14
401584127,IND,4433076,5
401584127,IND,4683634,20
401584127,IND,5106060,0
401584127,IND,4277883,0
401584127,ATL,4065732,27
401584127,ATL,4701230,33
401584127,ATL,3102529,19
401584127,ATL,3907497,34
401584127,ATL,4277905,39
401584127,ATL,4431680,22
401584127,ATL,4032,9
401584127,ATL,3037789,26
401584127,ATL,4397136,31
401584127,ATL,4277952,0
401584127,ATL,4004,0
401584127,ATL,3913180,0
401584127,ATL,4065656,0
401584128,CLE,3912848,31
401584128,CLE,4066328,35
401584128,CLE,4432158,38
401584128,CLE,4065778,44
401584128,CLE,4396907,43
401584128,CLE,2990969,26
401584128,CLE,6474,15
401584128,CLE,4066757,6
401584128,CLE,4701233,27
401584128,CLE,4432815,0
401584128,CLE,4433620,0
401584128,CLE,3064559,0
401584128,CLE,2991043,0
401584128,PHI,3416,27
401584128,PHI,6440,43
401584128,PHI,3059318,41
401584128,PHI,4066436,41
401584128,PHI,4431678,47
401584128,PHI,2490620,14
401584128,PHI,6462,3
401584128,PHI,4278562,9
401584128,PHI,2991155,12
401584128,PHI,3964,21
401584128,PHI,4432164,7
401584128,PHI,4431828,0
401584128,PHI,4277919,0
401584128,PHI,3929325,0
401584129,POR,2991070,36
401584129,POR,4431736,39
401584129,POR,4278129,31
401584129,POR,2566769,25
401584129,POR,4914336,32
401584129,POR,4432446,14
401584129,POR,4594326,2
401584129,POR,4066268,13
401584129,POR,4397126,2
401584129,POR,4066269,21
401584129,POR,3907498,22
401584129,POR,4280245,2
401584129,POR,5099752,2
401584129,PHX,3202,37
401584129,PHX,3102530,29
401584129,PHX,3431,36
401584129,PHX,3135045,35
401584129,PHX,3136193,33
401584129,PHX,3914283,6
401584129,PHX,3914285,13
401584129,PHX,3136779,10
401584129,PHX,4395652,22
401584129,PHX,4065663,13
401584129,PHX,4278402,5
401584129,PHX,4066299,0
401584129,PHX,4397102,0
401584129,PHX,4278124,0
401584130,UTAH,3908845,25
401584130,UTAH,4066336,23
401584130,UTAH,2528426,24
401584130,UTAH,4397018,17
401584130,UTAH,4433627,21
401584130,UTAH,2489663,24
401584130,UTAH,3899664,27
401584130,UTAH,4423309,9
401584130,UTAH,4396991,23
401584130,UTAH,3074213,17
401584130,UTAH,2991139,8
401584130,UTAH,4277811,22
401584130,LAL,1966,24
401584130,LAL,6583,29
401584130,LAL,2990962,31
401584130,LAL,4395627,5
401584130,LAL,3136776,26
401584130,LAL,3058254,27
401584130,LAL,4066648,28
401584130,LAL,4397077,19
401584130,LAL,4066457,26
401584130,LAL,4432582,25
401584130,LAL,4278077,0
401584130,LAL,4433626,0
401584853,WSH,3134907,35
401584853,WSH,4278049,34
401584853,WSH,4683021,28
401584853,WSH,3135046,35
401584853,WSH,4277956,33
401584853,WSH,3428,14
401584853,WSH,4280151,18
401584853,WSH,3914044,18
401584853,WSH,4432356,5
401584853,WSH,5104155,19
401584853,WSH,2581184,0
401584853,WSH,4066410,0
401584853,WSH,2490089,0
401584853,WSH,4395695,0
401584853,WSH,4433246,0
401584853,CHA,4066383,37
401584853,CHA,4433287,31
401584853,CHA,4249,30
401584853,CHA,4701232,35
401584853,CHA,4432816,40
401584853,CHA,4702233,23
401584853,CHA,4305,20
401584853,CHA,4576086,23
401584853,CHA,4683686,1
401584853,CHA,4278078,0
401584853,CHA,4683027,0
401584853,CHA,4431712,0
401584854,DEN,3064290,37
401584854,DEN,4278104,31
401584854,DEN,3112335,36
401584854,DEN,6443,34
401584854,DEN,2581018,34
401584854,DEN,2284101,0
401584854,DEN,4431690,12
401584854,DEN,4398390,8
401584854,DEN,4431767,21
401584854,DEN,4432181,17
401584854,DEN,4576087,10
401584854,DEN,4066240,0
401584854,DEN,4395620,0
401584854,DEN,3442,0
401584854,DEN,4278585,0
401584854,ORL,4432573,35
401584854,ORL,4566434,31
401584854,ORL,4348700,32
401584854,ORL,4432165,29
401584854,ORL,4712849,15
401584854,ORL,2968436,17
401584854,ORL,4065654,14
401584854,ORL,3150844,15
401584854,ORL,2999547,23
401584854,ORL,4432809,29
401584854,ORL,4278052,0
401584854,ORL,4433623,0
401584854,ORL,3918423,0
401584855,BKN,2578185,38
401584855,BKN,3138196,38
401584855,BKN,4278067,37
401584855,BKN,2580782,42
401584855,BKN,3147657,44
401584855,BKN,2583632,21
401584855,BKN,4431675,15
401584855,BKN,4432194,14
401584855,BKN,4277890,16
401584855,BKN,4065649,0
401584855,BKN,4065697,0
401584855,BKN,4066450,0
401584855,ATL,4065732,39
401584855,ATL,4701230,40
401584855,ATL,3102529,27
401584855,ATL,3907497,39
401584855,ATL,4277905,40
401584855,ATL,4431680,25
401584855,ATL,4432585,3
401584855,ATL,3037789,26
401584855,ATL,4397136,25
401584855,ATL,4277952,0
401584855,ATL,4004,0
401584855,ATL,4032,0
401584855,ATL,3913180,0
401584855,ATL,4065656,0
401584856,MIL,6609,29
401584856,MIL,3032977,37
401584856,MIL,3448,34
401584856,MIL,3907822,23
401584856,MIL,6606,38
401584856,MIL,3064482,21
401584856,MIL,4432179,22
401584856,MIL,3064230,10
401584856,MIL,2578239,20
401584856,MIL,4432190,8
401584856,MIL,3102533,0
401584856,MIL,4433622,0
401584856,MIL,3447,0
401584856,MIL,4397475,0
401584856,BOS,4065648,36
401584856,BOS,3102531,27
401584856,BOS,3995,35
401584856,BOS,3078576,35
401584856,BOS,3917376,35
401584856,BOS,4065804,20
401584856,BOS,3213,31
401584856,BOS,4066354,21
401584856,BOS,4066405,0
401584856,BOS,4397885,0
401584856,BOS,4278031,0
401584856,BOS,3064560,0
401584856,BOS,3133602,0
401584857,MIA,6430,28
401584857,MIA,3157465,24
401584857,MIA,4291678,25
401584857,MIA,3934723,24
401584857,MIA,3012,29
401584857,MIA,3138160,26
401584857,MIA,4432848,28
401584857,MIA,4593049,28
401584857,MIA,2581190,27
401584857,MIA,4066993,1
401584857,MIA,4066261,0
401584857,CLE,4066328,23
401584857,CLE,4432158,25
401584857,CLE,4065778,25
401584857,CLE,4396907,27
401584857,CLE,4701233,35
401584857,CLE,2990969,20
401584857,CLE,4432815,9
401584857,CLE,4433620,16
401584857,CLE,6474,13
401584857,CLE,3064559,12
401584857,CLE,2991043,18
401584857,CLE,4066757,17
401584858,TOR,3149673,38
401584858,TOR,3934719,36
401584858,TOR,4433134,39
401584858,TOR,3134908,29
401584858,TOR,3032979,32
401584858,TOR,3948153,10
401584858,TOR,2594922,11
401584858,TOR,4066668,20
401584858,TOR,4277843,25
401584858,TOR,4066731,0
401584858,TOR,4023,0
401584858,TOR,5106258,0
401584858,IND,4278355,36
401584858,IND,3133628,29
401584858,IND,2990984,35
401584858,IND,4065670,34
401584858,IND,4396993,34
401584858,IND,4397189,19
401584858,IND,4277883,14
401584858,IND,2530530,14
401584858,IND,4683634,24
401584858,IND,4432170,0
401584858,IND,5106060,0
401584858,IND,4433076,0
401584859,MEM,4277961,37
401584859,MEM,4593125,22
401584859,MEM,6427,31
401584859,MEM,4278378,24
401584859,MEM,4066320,26
401584859,MEM,4433137,20
401584859,MEM,4585610,4
401584859,MEM,4593041,22
401584859,MEM,5105550,4
401584859,MEM,3456,16
401584859,MEM,3134932,29
401584859,MEM,4397227,4
401584859,HOU,3155526,27
401584859,HOU,4432639,27
401584859,HOU,4871144,32
401584859,HOU,2991230,39
401584859,HOU,4437244,30
401584859,HOU,3209,12
401584859,HOU,3136777,26
401584859,HOU,4433192,19
401584859,HOU,2528779,4
401584859,HOU,3146557,4
401584859,HOU,3922230,17
401584859,HOU,4397821,3
401584859,HOU,4376,0
401584860,PHI,3416,24
401584860,PHI,6440,32
401584860,PHI,6462,16
401584860,PHI,4066436,30
401584860,PHI,4431678,34
401584860,PHI,2490620,20
401584860,PHI,4278562,26
401584860,PHI,4431828,6
401584860,PHI,2991155,17
401584860,PHI,4277919,6
401584860,PHI,3964,16
401584860,PHI,3929325,6
401584860,PHI,4432164,8
401584860,MIN,3032976,31
401584860,MIN,3136195,36
401584860,MIN,3195,23
401584860,MIN,4278039,29
401584860,MIN,4594268,36
401584860,MIN,2993874,28
401584860,MIN,4278508,7
401584860,MIN,4592187,2
401584860,MIN,4687718,2
401584860,MIN,5044385,2
401584860,MIN,4277951,2
401584860,MIN,4396971,22
401584860,MIN,3915195,21
401584861,SAC,6578,41
401584861,SAC,3155942,36
401584861,SAC,4592402,20
401584861,SAC,4066259,38
401584861,SAC,4066372,27
401584861,SAC,3136196,28
401584861,SAC,3893014,10
401584861,SAC,4397693,1
401584861,SAC,3452,5
401584861,SAC,4066262,26
401584861,SAC,4278053,10
401584861,SAC,4397667,0
401584861,SAC,4398207,0
401584861,SAC,4433378,0
401584861,NO,3913176,30
401584861,NO,4277813,39
401584861,NO,4395628,35
401584861,NO,6477,28
401584861,NO,4869342,29
401584861,NO,2580365,12
401584861,NO,4278594,20
401584861,NO,2579258,8
401584861,NO,4277869,19
401584861,NO,4683750,21
401584861,NO,4432813,0
401584861,NO,4395698,0
401584862,CHI,4431687,37
401584862,CHI,6478,37
401584862,CHI,3978,37
401584862,CHI,2991350,27
401584862,CHI,4395651,37
401584862,CHI,2528693,15
401584862,CHI,6585,11
401584862,CHI,3133635,19
401584862,CHI,4397002,21
401584862,CHI,4279815,0
401584862,CHI,3064440,0
401584862,CHI,4066421,0
401584862,OKC,4433255,32
401584862,OKC,4278073,37
401584862,OKC,4397020,27
401584862,OKC,4683692,24
401584862,OKC,4871145,29
401584862,OKC,4066317,5
401584862,OKC,4432823,15
401584862,OKC,3102532,11
401584862,OKC,3133626,23
401584862,OKC,4395702,27
401584862,OKC,4397183,11
401584862,OKC,4683018,0
401584862,OKC,4997526,0
401584862,OKC,6426,0
401584862,OKC,4432819,0
401584863,LAC,4251,36
401584863,LAC,6450,36
401584863,LAC,4017837,26
401584863,LAC,3992,36
401584863,LAC,3907823,23
401584863,LAC,3033,13
401584863,LAC,2451037,20
401584863,LAC,3468,27
401584863,LAC,2595516,14
401584863,LAC,4066387,10
401584863,LAC,4433249,0
401584863,LAC,4431752,0
401584863,LAC,4592492,0
401584863,SA,4066650,28
401584863,SA,4395723,36
401584863,SA,4565201,21
401584863,SA,4610139,32
401584863,SA,5104157,33
401584863,SA,2528588,14
401584863,SA,4870562,9
401584863,SA,3893016,19
401584863,SA,4397886,2
401584863,SA,4395626,20
401584863,SA,4395630,27
401584863,SA,4278580,0
401584863,SA,4592479,0
401584863,SA,3133601,0
401584863,SA,4683935,0
401584864,GS,3059319,25
401584864,GS,3155535,17
401584864,GS,2779,17
401584864,GS,3975,28
401584864,GS,6475,25
401584864,GS,3032978,22
401584864,GS,4431684,15
401584864,GS,4433247,21
401584864,GS,4997536,8
401584864,GS,6446,16
401584864,GS,4432171,23
401584864,GS,4709138,23
401584864,GS,6589,0
401584864,PHX,3202,34
401584864,PHX,3102530,17
401584864,PHX,3431,29
401584864,PHX,3135045,34
401584864,PHX,3136193,31
401584864,PHX,3914283,12
401584864,PHX,3914285,16
401584864,PHX,3136779,13
401584864,PHX,4395652,27
401584864,PHX,4065663,27
401584864,PHX,4278402,1
401584864,PHX,4066299,0
401584864,PHX,4397102,0
401584864,PHX,4278124,0
401584865,UTAH,2489663,32
401584865,UTAH,3908845,32
401584865,UTAH,4066336,34
401584865,UTAH,2528426,32
401584865,UTAH,4433627,34
401584865,UTAH,3899664,16
401584865,UTAH,4396991,14
401584865,UTAH,3074213,16
401584865,UTAH,2991139,5
401584865,UTAH,4277811,11
401584865,UTAH,4397018,14
401584865,UTAH,4423309,0
401584865,POR,2991070,32
401584865,POR,4431736,28
401584865,POR,4066268,20
401584865,POR,2566769,24
401584865,POR,4914336,31
401584865,POR,4432446,28
401584865,POR,4594326,17
401584865,POR,4066269,6
401584865,POR,3907498,32
401584865,POR,4280245,0
401584865,POR,4683678,17
401584865,POR,5099752,6
401584865,POR,4397126,0
401584866,DAL,3936099,19
401584866,DAL,4066218,32
401584866,DAL,4683688,19
401584866,DAL,6442,35
401584866,DAL,3945274,39
401584866,DAL,2531367,5
401584866,DAL,2993370,23
401584866,DAL,2326307,0
401584866,DAL,2528210,30
401584866,DAL,3102528,9
401584866,DAL,4432811,22
401584866,DAL,4868423,7
401584866,DAL,6461,0
401584866,DAL,4595400,0
401584866,LAL,1966,36
401584866,LAL,6583,36
401584866,LAL,2990962,37
401584866,LAL,3136776,24
401584866,LAL,4432582,23
401584866,LAL,3058254,15
401584866,LAL,4066648,26
401584866,LAL,4397077,11
401584866,LAL,4066457,31
401584866,LAL,4684286,0
401584866,LAL,4896481,0
401584866,LAL,4433626,0
401584131,BOS,4065648,39
401584131,BOS,3213,33
401584131,BOS,3102531,22
401584131,BOS,3078576,37
401584131,BOS,3917376,39
401584131,BOS,4065804,25
401584131,BOS,4066405,1
401584131,BOS,4397885,1
401584131,BOS,4278031,5
401584131,BOS,3064560,25
401584131,BOS,4066354,13
401584131,BOS,3133602,0
401584131,ORL,4432573,35
401584131,ORL,4566434,35
401584131,ORL,4348700,19
401584131,ORL,4432165,28
401584131,ORL,4712849,6
401584131,ORL,2968436,21
401584131,ORL,4065654,16
401584131,ORL,4433623,9
401584131,ORL,3150844,24
401584131,ORL,2999547,19
401584131,ORL,4432809,29
401584131,ORL,4278052,0
401584131,ORL,3918423,0
401584131,ORL,5105806,0
401584132,PHX,3136779,24
401584132,PHX,3102530,33
401584132,PHX,3431,34
401584132,PHX,3135045,37
401584132,PHX,3136193,33
401584132,PHX,3914283,15
401584132,PHX,4395652,16
401584132,PHX,4065663,28
401584132,PHX,4278402,20
401584132,PHX,4066299,0
401584132,PHX,4397102,0
401584132,PHX,4278124,0
401584132,MEM,4277961,29
401584132,MEM,4593125,36
401584132,MEM,6427,29
401584132,MEM,4278378,24
401584132,MEM,4066320,34
401584132,MEM,4433137,2
401584132,MEM,4585610,2
401584132,MEM,4593041,27
401584132,MEM,5105550,2
401584132,MEM,3456,22
401584132,MEM,2991274,2
401584132,MEM,3134932,18
401584132,MEM,4278541,2
401584132,MEM,4397227,14
401584133,MIA,6430,37
401584133,MIA,4291678,24
401584133,MIA,4066261,35
401584133,MIA,2581190,34
401584133,MIA,3012,33
401584133,MIA,3449,18
401584133,MIA,3138160,18
401584133,MIA,4397134,6
401584133,MIA,4432848,35
401584133,MIA,4278572,0
401584133,MIA,3934723,0
401584133,NY,3064514,35
401584133,NY,4395625,34
401584133,NY,4351852,20
401584133,NY,3934672,34
401584133,NY,4397014,21
401584133,NY,4222252,28
401584133,NY,3062679,26
401584133,NY,3934673,16
401584133,NY,4395724,26
401584133,NY,4277922,0
401584133,NY,6588,0
401584133,NY,2991047,0
401584133,NY,3913220,0
401584133,NY,4431823,0
401584134,CHI,6478,36
401584134,CHI,3978,39
401584134,CHI,2991350,18
401584134,CHI,3064440,38
401584134,CHI,4395651,34
401584134,CHI,4431687,22
401584134,CHI,5105553,4
401584134,CHI,2528693,19
401584134,CHI,6585,6
401584134,CHI,3133635,11
401584134,CHI,4397002,13
401584134,CHI,4279815,0
401584134,CHI,4433159,0
401584134,TOR,3149673,37
401584134,TOR,3934719,34
401584134,TOR,4433134,33
401584134,TOR,3134908,31
401584134,TOR,3032979,34
401584134,TOR,3948153,10
401584134,TOR,4431679,18
401584134,TOR,4066668,14
401584134,TOR,4277843,21
401584134,TOR,5106258,9
401584134,TOR,3244,0
401584134,TOR,4066731,0
401584134,TOR,2594922,0
401584134,TOR,4023,0
401584135,DET,4277848,14
401584135,DET,4432810,27
401584135,DET,4432166,38
401584135,DET,4433218,32
401584135,DET,4684742,30
401584135,DET,4277957,26
401584135,DET,4433621,29
401584135,DET,6429,14
401584135,DET,4279532,8
401584135,DET,4432107,5
401584135,DET,4683024,17
401584135,DET,4278075,0
401584135,DET,4432808,0
401584135,IND,4278355,24
401584135,IND,3133628,27
401584135,IND,2990984,28
401584135,IND,4065670,37
401584135,IND,4396993,32
401584135,IND,4397189,21
401584135,IND,4432170,19
401584135,IND,4395712,20
401584135,IND,4433076,1
401584135,IND,4683634,31
401584135,IND,5106060,0
401584135,IND,4277883,0
401584135,IND,2530530,0
401584136,DEN,3064290,39
401584136,DEN,4278104,37
401584136,DEN,3112335,42
401584136,DEN,6443,25
401584136,DEN,2581018,39
401584136,DEN,2284101,13
401584136,DEN,4431690,4
401584136,DEN,4278585,3
401584136,DEN,4431767,26
401584136,DEN,4432181,6
401584136,DEN,4576087,6
401584136,DEN,4066240,0
401584136,DEN,4395620,0
401584136,DEN,3442,0
401584136,DEN,4398390,0
401584136,HOU,3155526,30
401584136,HOU,4432639,38
401584136,HOU,4871144,43
401584136,HOU,2991230,39
401584136,HOU,4437244,36
401584136,HOU,3209,8
401584136,HOU,3136777,16
401584136,HOU,4433192,16
401584136,HOU,3922230,15
401584136,HOU,2528779,0
401584136,HOU,4376,0
401584136,HOU,3146557,0
401584136,HOU,4397821,0
401584137,WSH,3134907,31
401584137,WSH,4278049,29
401584137,WSH,4683021,28
401584137,WSH,3135046,31
401584137,WSH,4277956,34
401584137,WSH,3428,18
401584137,WSH,4280151,33
401584137,WSH,3914044,24
401584137,WSH,4432356,12
401584137,WSH,2581184,0
401584137,WSH,4066410,0
401584137,WSH,4432588,0
401584137,WSH,2490089,0
401584137,WSH,4395695,0
401584137,WSH,4433246,0
401584137,MIL,6609,13
401584137,MIL,3032977,37
401584137,MIL,3448,32
401584137,MIL,3907822,27
401584137,MIL,6606,37
401584137,MIL,3064482,25
401584137,MIL,4432179,13
401584137,MIL,3064230,17
401584137,MIL,2578239,27
401584137,MIL,4397475,4
401584137,MIL,4432190,9
401584137,MIL,3102533,0
401584137,MIL,4433622,0
401584137,MIL,3447,0
401584137,MIL,4277887,0
401584138,SAC,6578,33
401584138,SAC,3155942,39
401584138,SAC,4592402,22
401584138,SAC,4066259,37
401584138,SAC,4066372,24
401584138,SAC,3136196,19
401584138,SAC,4397693,18
401584138,SAC,3452,8
401584138,SAC,4066262,30
401584138,SAC,4278053,9
401584138,SAC,4397667,0
401584138,SAC,3893014,0
401584138,SAC,4398207,0
401584138,SAC,4433378,0
401584138,MIN,3032976,36
401584138,MIN,3136195,38
401584138,MIN,3195,30
401584138,MIN,4278039,22
401584138,MIN,4594268,40
401584138,MIN,2993874,18
401584138,MIN,4278508,25
401584138,MIN,4396971,18
401584138,MIN,3915195,13
401584138,MIN,4687718,0
401584138,MIN,5044385,0
401584138,MIN,4432176,0
401584139,SA,4066650,31
401584139,SA,4395723,34
401584139,SA,4565201,19
401584139,SA,4610139,33
401584139,SA,5104157,35
401584139,SA,2528588,19
401584139,SA,3893016,18
401584139,SA,4397886,7
401584139,SA,4395626,17
401584139,SA,4395630,27
401584139,SA,4278580,0
401584139,SA,4592479,0
401584139,SA,3133601,0
401584139,GS,3059319,25
401584139,GS,3155535,24
401584139,GS,3975,35
401584139,GS,6475,29
401584139,GS,4432171,17
401584139,GS,3032978,26
401584139,GS,4431684,5
401584139,GS,4433247,20
401584139,GS,2779,29
401584139,GS,3134903,19
401584139,GS,4709138,12
401584139,GS,6589,0
401584139,GS,4997536,0
401584139,GS,6446,0
401584140,NO,3913176,35
401584140,NO,4277813,24
401584140,NO,4395628,34
401584140,NO,6477,28
401584140,NO,4869342,36
401584140,NO,2580365,20
401584140,NO,4278594,27
401584140,NO,4277869,16
401584140,NO,4683750,20
401584140,NO,4432813,0
401584140,NO,2579258,0
401584140,NO,4395698,0
401584140,LAC,4251,39
401584140,LAC,6450,34
401584140,LAC,4017837,22
401584140,LAC,3992,37
401584140,LAC,3907823,24
401584140,LAC,3033,22
401584140,LAC,2451037,21
401584140,LAC,3468,14
401584140,LAC,2595516,28
401584140,LAC,4433249,0
401584140,LAC,4066387,0
401584140,LAC,4431752,0
401584140,LAC,4592492,0
401584867,PHI,3416,32
401584867,PHI,6440,31
401584867,PHI,3059318,37
401584867,PHI,4066436,30
401584867,PHI,4431678,41
401584867,PHI,2490620,21
401584867,PHI,6462,15
401584867,PHI,4278562,11
401584867,PHI,3964,21
401584867,PHI,4431828,0
401584867,PHI,4277919,0
401584867,PHI,3929325,0
401584867,PHI,4432164,0
401584867,OKC,4433255,32
401584867,OKC,4278073,36
401584867,OKC,4397020,25
401584867,OKC,4683692,14
401584867,OKC,4871145,26
401584867,OKC,4432823,26
401584867,OKC,4997526,8
401584867,OKC,6426,10
401584867,OKC,3133626,19
401584867,OKC,4395702,26
401584867,OKC,4397183,20
401584867,OKC,4278046,0
401584867,OKC,4683018,0
401584867,OKC,3102532,0
401584867,OKC,4432819,0
401584868,MIA,4291678,15
401584868,MIA,4432848,31
401584868,MIA,3934723,13
401584868,MIA,2581190,37
401584868,MIA,3012,30
401584868,MIA,3449,17
401584868,MIA,3138160,31
401584868,MIA,4278572,29
401584868,MIA,4397134,20
401584868,MIA,4997528,17
401584868,MIA,6430,0
401584868,BKN,2578185,34
401584868,BKN,3138196,35
401584868,BKN,4278067,24
401584868,BKN,2580782,36
401584868,BKN,3147657,33
401584868,BKN,2583632,29
401584868,BKN,4431675,13
401584868,BKN,4432735,3
401584868,BKN,4712896,3
401584868,BKN,4432194,12
401584868,BKN,4066450,4
401584868,BKN,4277890,14
401584868,BKN,4065649,0
401584869,ATL,4065732,31
401584869,ATL,4701230,8
401584869,ATL,3102529,18
401584869,ATL,3907497,27
401584869,ATL,4277905,30
401584869,ATL,4277952,5
401584869,ATL,4431680,25
401584869,ATL,4432585,6
401584869,ATL,4004,5
401584869,ATL,4032,8
401584869,ATL,3037789,21
401584869,ATL,3913180,14
401584869,ATL,4065656,9
401584869,ATL,4397136,32
401584869,WSH,3134907,25
401584869,WSH,4278049,18
401584869,WSH,4280151,28
401584869,WSH,4683021,17
401584869,WSH,3135046,24
401584869,WSH,2581184,18
401584869,WSH,4066410,12
401584869,WSH,2490089,18
401584869,WSH,3914044,17
401584869,WSH,4395695,16
401584869,WSH,4432356,16
401584869,WSH,5104155,32
401584869,WSH,4277956,0
401584870,LAL,1966,36
401584870,LAL,6583,38
401584870,LAL,2990962,32
401584870,LAL,3136776,32
401584870,LAL,4432582,33
401584870,LAL,3058254,17
401584870,LAL,4397077,21
401584870,LAL,4066457,32
401584870,LAL,4684286,0
401584870,LAL,4896481,0
401584870,LAL,4433626,0
401584870,LAL,4702702,0
401584870,CLE,4066328,37
401584870,CLE,4432158,36
401584870,CLE,3908809,35
401584870,CLE,4065778,34
401584870,CLE,4396907,14
401584870,CLE,2990969,23
401584870,CLE,4432822,19
401584870,CLE,2991043,26
401584870,CLE,4701233,17
401584870,CLE,6474,0
401584870,CLE,3064559,0
401584870,CLE,4066757,0
401584871,NO,3913176,37
401584871,NO,4277813,26
401584871,NO,6477,26
401584871,NO,4683750,40
401584871,NO,4869342,34
401584871,NO,2580365,12
401584871,NO,4278594,21
401584871,NO,2579258,21
401584871,NO,4277869,23
401584871,NO,4395628,0
401584871,NO,4432813,0
401584871,NO,4395698,0
401584871,UTAH,3899664,26
401584871,UTAH,3908845,23
401584871,UTAH,3074213,27
401584871,UTAH,2991139,19
401584871,UTAH,4433627,27
401584871,UTAH,2489663,24
401584871,UTAH,4396991,22
401584871,UTAH,4433136,21
401584871,UTAH,4277811,28
401584871,UTAH,4397018,22
401584871,UTAH,4423309,0
401584872,DAL,2993370,21
401584872,DAL,3936099,20
401584872,DAL,4066218,35
401584872,DAL,6442,32
401584872,DAL,3945274,38
401584872,DAL,2531367,15
401584872,DAL,4595400,6
401584872,DAL,2326307,8
401584872,DAL,2528210,29
401584872,DAL,3102528,18
401584872,DAL,4432811,9
401584872,DAL,4868423,8
401584872,DAL,6461,0
401584872,LAC,4251,36
401584872,LAC,6450,29
401584872,LAC,4017837,23
401584872,LAC,3992,28
401584872,LAC,3907823,32
401584872,LAC,3033,8
401584872,LAC,4433249,5
401584872,LAC,2451037,16
401584872,LAC,3468,25
401584872,LAC,2595516,25
401584872,LAC,4066387,5
401584872,LAC,4431752,5
401584872,LAC,4592492,4
401584873,POR,2991070,39
401584873,POR,4431736,17
401584873,POR,4278129,32
401584873,POR,2566769,34
401584873,POR,4914336,37
401584873,POR,4432446,16
401584873,POR,4066268,12
401584873,POR,3907498,26
401584873,POR,4683678,27
401584873,POR,4278111,0
401584873,POR,4594326,0
401584873,POR,4397126,0
401584873,POR,4066269,0
401584873,MIL,3032977,39
401584873,MIL,3448,31
401584873,MIL,3907822,36
401584873,MIL,6606,37
401584873,MIL,4432190,12
401584873,MIL,3064482,31
401584873,MIL,3102533,4
401584873,MIL,4432179,9
401584873,MIL,3064230,17
401584873,MIL,2578239,20
401584873,MIL,4397475,4
401584873,MIL,4433622,0
401584873,MIL,3447,0
401584873,MIL,4065652,0
401584873,MIL,4683749,0
401584874,ATL,4065732,40
401584874,ATL,3102529,21
401584874,ATL,3907497,34
401584874,ATL,4277905,37
401584874,ATL,4397136,29
401584874,ATL,4431680,27
401584874,ATL,4432585,12
401584874,ATL,4032,8
401584874,ATL,3037789,32
401584874,ATL,4277952,0
401584874,ATL,4004,0
401584874,ATL,3913180,0
401584874,ATL,4065656,0
401584874,BOS,4065648,39
401584874,BOS,4397885,19
401584874,BOS,3213,32
401584874,BOS,3078576,37
401584874,BOS,3917376,36
401584874,BOS,4065804,32
401584874,BOS,3064560,9
401584874,BOS,4397424,15
401584874,BOS,4066354,20
401584874,BOS,4066405,0
401584874,BOS,4278031,0
401584874,BOS,3133602,0
401584874,BOS,4683689,0
401584875,PHX,3136779,28
401584875,PHX,3102530,33
401584875,PHX,3431,33
401584875,PHX,3136193,38
401584875,PHX,4065663,17
401584875,PHX,3914283,13
401584875,PHX,3914285,15
401584875,PHX,3133838,15
401584875,PHX,4395652,20
401584875,PHX,4278402,29
401584875,PHX,3202,0
401584875,PHX,4066299,0
401584875,PHX,4397102,0
401584875,PHX,4278124,0
401584875,NY,3064514,36
401584875,NY,4395625,31
401584875,NY,4351852,34
401584875,NY,3934672,38
401584875,NY,4397014,20
401584875,NY,4222252,14
401584875,NY,3062679,24
401584875,NY,3934673,14
401584875,NY,4395724,29
401584875,NY,4277922,0
401584875,NY,6588,0
401584875,NY,2991047,0
401584875,NY,3913220,0
401584875,NY,4431823,0
401584876,CHA,4066383,37
401584876,CHA,4249,33
401584876,CHA,4701232,22
401584876,CHA,3074752,37
401584876,CHA,4432816,15
401584876,CHA,4278078,28
401584876,CHA,4433287,33
401584876,CHA,4702233,9
401584876,CHA,4305,17
401584876,CHA,4683027,4
401584876,CHA,4576086,6
401584876,CHA,4395650,0
401584876,CHA,4683686,0
401584876,ORL,4432573,37
401584876,ORL,4566434,35
401584876,ORL,4348700,20
401584876,ORL,4432165,32
401584876,ORL,4712849,15
401584876,ORL,2968436,15
401584876,ORL,4433623,12
401584876,ORL,3150844,18
401584876,ORL,2999547,24
401584876,ORL,4432809,32
401584876,ORL,4065654,0
401584876,ORL,4278052,0
401584876,ORL,3918423,0
401584877,MIN,3032976,25
401584877,MIN,3136195,26
401584877,MIN,3195,32
401584877,MIN,4278039,34
401584877,MIN,4594268,34
401584877,MIN,2993874,23
401584877,MIN,4278508,18
401584877,MIN,4687718,2
401584877,MIN,5044385,2
401584877,MIN,4396971,22
401584877,MIN,3915195,19
401584877,MIN,4432176,2
401584877,MEM,4277961,37
401584877,MEM,4593125,27
401584877,MEM,6427,30
401584877,MEM,4278378,16
401584877,MEM,4066320,34
401584877,MEM,4433137,18
401584877,MEM,4585610,2
401584877,MEM,4593041,28
401584877,MEM,3456,20
401584877,MEM,2991274,2
401584877,MEM,3134932,2
401584877,MEM,4278541,13
401584877,MEM,4397227,10
401584878,CHI,4431687,35
401584878,CHI,6478,37
401584878,CHI,3978,38
401584878,CHI,3064440,39
401584878,CHI,4395651,38
401584878,CHI,2528693,20
401584878,CHI,6585,11
401584878,CHI,3133635,8
401584878,CHI,4397002,14
401584878,CHI,4279815,0
401584878,CHI,5105553,0
401584878,CHI,4433159,0
401584878,BKN,2578185,34
401584878,BKN,2583632,36
401584878,BKN,3138196,22
401584878,BKN,2580782,38
401584878,BKN,3147657,36
401584878,BKN,4431675,17
401584878,BKN,4432194,27
401584878,BKN,4066450,4
401584878,BKN,4277890,25
401584878,BKN,4065649,0
401584878,BKN,4431714,0
401584878,BKN,4712896,0
401584878,BKN,4278067,0
401584879,TOR,3149673,38
401584879,TOR,3934719,34
401584879,TOR,4433134,33
401584879,TOR,3134908,35
401584879,TOR,3032979,29
401584879,TOR,3948153,10
401584879,TOR,4431679,13
401584879,TOR,2594922,5
401584879,TOR,4066668,17
401584879,TOR,4277843,26
401584879,TOR,3244,0
401584879,TOR,4066731,0
401584879,TOR,4023,0
401584879,CLE,4066328,27
401584879,CLE,4432158,38
401584879,CLE,3908809,34
401584879,CLE,4065778,37
401584879,CLE,4396907,41
401584879,CLE,2990969,23
401584879,CLE,4432822,10
401584879,CLE,6474,8
401584879,CLE,2991043,22
401584879,CLE,3064559,0
401584879,CLE,4066757,0
401584879,CLE,4701233,0
401584880,SA,4066650,21
401584880,SA,4395723,31
401584880,SA,4565201,25
401584880,SA,4610139,17
401584880,SA,5104157,25
401584880,SA,2528588,12
401584880,SA,4278580,7
401584880,SA,4592479,17
401584880,SA,3893016,16
401584880,SA,4397886,15
401584880,SA,3133601,7
401584880,SA,4395626,22
401584880,SA,4395630,26
401584880,DEN,2284101,27
401584880,DEN,4278104,33
401584880,DEN,3112335,34
401584880,DEN,6443,28
401584880,DEN,2581018,31
401584880,DEN,4066240,2
401584880,DEN,4395620,1
401584880,DEN,4431690,1
401584880,DEN,3442,12
401584880,DEN,4065731,2
401584880,DEN,4278585,2
401584880,DEN,4398390,2
401584880,DEN,4431767,25
401584880,DEN,4432181,19
401584880,DEN,4576087,22
401584881,WSH,3134907,35
401584881,WSH,4278049,27
401584881,WSH,4683021,26
401584881,WSH,3135046,26
401584881,WSH,4277956,25
401584881,WSH,3428,19
401584881,WSH,2581184,2
401584881,WSH,4066410,2
401584881,WSH,4280151,19
401584881,WSH,3914044,22
401584881,WSH,4395695,2
401584881,WSH,4432356,7
401584881,WSH,5104155,28
401584881,WSH,2490089,0
401584881,DET,4432810,29
401584881,DET,4433621,33
401584881,DET,4432166,32
401584881,DET,4433218,33
401584881,DET,4684742,28
401584881,DET,4277957,23
401584881,DET,4432808,9
401584881,DET,6429,13
401584881,DET,4279532,2
401584881,DET,4432107,22
401584881,DET,4683024,16
401584881,DET,4277848,0
401584881,DET,4278075,0
401584882,POR,2991070,38
401584882,POR,4431736,17
401584882,POR,4278129,38
401584882,POR,2566769,36
401584882,POR,4914336,35
401584882,POR,4432446,15
401584882,POR,4066268,10
401584882,POR,3907498,29
401584882,POR,4683678,22
401584882,POR,4278111,0
401584882,POR,4594326,0
401584882,POR,4397126,0
401584882,POR,4066269,0
401584882,IND,4278355,19
401584882,IND,3133628,27
401584882,IND,2990984,24
401584882,IND,4065670,33
401584882,IND,4396993,36
401584882,IND,4397189,12
401584882,IND,4432170,10
401584882,IND,2530530,10
401584882,IND,4395712,22
401584882,IND,4396909,25
401584882,IND,4433076,1
401584882,IND,4683634,22
401584882,IND,5106060,0
401584882,IND,4277883,0
401584883,LAL,1966,30
401584883,LAL,6583,32
401584883,LAL,2990962,29
401584883,LAL,3136776,24
401584883,LAL,4432582,26
401584883,LAL,3058254,22
401584883,LAL,4684286,8
401584883,LAL,4896481,2
401584883,LAL,4397077,19
401584883,LAL,4066457,29
401584883,LAL,4433626,11
401584883,LAL,4702702,8
401584883,PHI,3416,29
401584883,PHI,6440,23
401584883,PHI,3059318,31
401584883,PHI,4066436,25
401584883,PHI,4431678,36
401584883,PHI,2490620,18
401584883,PHI,6462,20
401584883,PHI,4278562,17
401584883,PHI,4431828,5
401584883,PHI,4277919,5
401584883,PHI,3964,24
401584883,PHI,3929325,5
401584884,NO,3913176,35
401584884,NO,4277813,32
401584884,NO,4395628,34
401584884,NO,6477,30
401584884,NO,4869342,24
401584884,NO,2580365,9
401584884,NO,4278594,28
401584884,NO,2579258,9
401584884,NO,4277869,14
401584884,NO,4683750,25
401584884,NO,4432813,0
401584884,NO,4395698,0
401584884,UTAH,3899664,28
401584884,UTAH,3908845,29
401584884,UTAH,3074213,22
401584884,UTAH,2528426,32
401584884,UTAH,4433627,31
401584884,UTAH,2489663,19
401584884,UTAH,4396991,19
401584884,UTAH,4433136,26
401584884,UTAH,4277811,18
401584884,UTAH,4397018,16
401584884,UTAH,4423309,0
401584884,UTAH,4684806,0
401584884,UTAH,5105839,0
401584884,UTAH,2991139,0
401584885,DEN,2284101,34
401584885,DEN,4278104,29
401584885,DEN,3442,34
401584885,DEN,6443,40
401584885,DEN,2581018,38
401584885,DEN,4431690,12
401584885,DEN,4065731,0
401584885,DEN,4431767,12
401584885,DEN,4432181,19
401584885,DEN,4576087,24
401584885,DEN,4066240,0
401584885,DEN,4278585,0
401584885,DEN,4398390,0
401584885,LAC,4251,37
401584885,LAC,6450,39
401584885,LAC,4017837,32
401584885,LAC,3992,36
401584885,LAC,3907823,30
401584885,LAC,3033,6
401584885,LAC,2451037,12
401584885,LAC,3468,27
401584885,LAC,2595516,21
401584885,LAC,4433249,0
401584885,LAC,3914075,0
401584885,LAC,4066387,0
401584885,LAC,4396818,0
401584885,LAC,4431752,0
401584885,LAC,4592492,0
401584141,CHI,4431687,28
401584141,CHI,6478,25
401584141,CHI,3978,26
401584141,CHI,3064440,25
401584141,CHI,4395651,30
401584141,CHI,4279815,3
401584141,CHI,5105553,10
401584141,CHI,2528693,13
401584141,CHI,6585,13
401584141,CHI,2991350,19
401584141,CHI,3133635,17
401584141,CHI,4397002,24
401584141,CHI,4433159,8
401584141,BOS,4065648,36
401584141,BOS,3213,28
401584141,BOS,3995,33
401584141,BOS,3078576,29
401584141,BOS,3917376,35
401584141,BOS,4065804,21
401584141,BOS,4066405,0
401584141,BOS,4397885,15
401584141,BOS,3064560,19
401584141,BOS,3133602,2
401584141,BOS,4066354,23
401584141,BOS,4278031,0
401584141,BOS,4397424,0
401584142,TOR,3149673,35
401584142,TOR,3934719,37
401584142,TOR,4433134,36
401584142,TOR,3134908,25
401584142,TOR,3032979,32
401584142,TOR,3948153,12
401584142,TOR,4066731,13
401584142,TOR,4431679,10
401584142,TOR,4066668,16
401584142,TOR,4277843,25
401584142,TOR,3244,0
401584142,TOR,2594922,0
401584142,TOR,4023,0
401584142,BKN,2578185,26
401584142,BKN,3138196,27
401584142,BKN,4278067,32
401584142,BKN,2580782,38
401584142,BKN,3147657,38
401584142,BKN,2583632,31
401584142,BKN,4431675,11
401584142,BKN,4432194,15
401584142,BKN,4277890,23
401584142,BKN,4065649,0
401584142,BKN,4431714,0
401584142,BKN,4066450,0
401584143,ATL,4065732,26
401584143,ATL,3102529,22
401584143,ATL,3907497,31
401584143,ATL,4277905,32
401584143,ATL,4397136,32
401584143,ATL,4277952,4
401584143,ATL,4431680,22
401584143,ATL,4432585,15
401584143,ATL,4032,16
401584143,ATL,3037789,31
401584143,ATL,3913180,4
401584143,ATL,4065656,4
401584143,ATL,4004,0
401584143,CLE,4066328,30
401584143,CLE,4432158,34
401584143,CLE,3908809,35
401584143,CLE,4065778,35
401584143,CLE,4396907,38
401584143,CLE,2990969,19
401584143,CLE,4432822,16
401584143,CLE,2991043,30
401584143,CLE,4701233,3
401584143,CLE,6474,0
401584143,CLE,3064559,0
401584143,CLE,4066757,0
401584144,MIL,6609,23
401584144,MIL,3032977,40
401584144,MIL,3448,32
401584144,MIL,3907822,38
401584144,MIL,6606,37
401584144,MIL,3064482,23
401584144,MIL,4432179,9
401584144,MIL,3064230,18
401584144,MIL,2578239,15
401584144,MIL,4397475,2
401584144,MIL,4432190,3
401584144,MIL,3102533,0
401584144,MIL,4433622,0
401584144,MIL,3447,0
401584144,MIA,3449,26
401584144,MIA,3157465,31
401584144,MIA,4066261,42
401584144,MIA,2581190,37
401584144,MIA,3012,34
401584144,MIA,3138160,26
401584144,MIA,4278572,11
401584144,MIA,4432848,33
401584144,MIA,6430,0
401584144,MIA,4291678,0
401584144,MIA,4397134,0
401584144,MIA,4997528,0
401584144,MIA,3934723,0
401584144,MIA,4593049,0
401584145,CHA,4066383,32
401584145,CHA,4433287,36
401584145,CHA,4249,28
401584145,CHA,4701232,25
401584145,CHA,3074752,33
401584145,CHA,4278078,27
401584145,CHA,4395650,5
401584145,CHA,4702233,13
401584145,CHA,4305,14
401584145,CHA,4683027,5
401584145,CHA,4431712,5
401584145,CHA,4576086,13
401584145,CHA,4683686,5
401584145,NY,3064514,34
401584145,NY,4395625,28
401584145,NY,4351852,33
401584145,NY,3934672,34
401584145,NY,4397014,19
401584145,NY,4222252,14
401584145,NY,4277922,2
401584145,NY,3062679,30
401584145,NY,3913220,1
401584145,NY,3934673,19
401584145,NY,4395724,26
401584145,NY,4431823,1
401584145,NY,6588,0
401584145,NY,2991047,0
401584146,OKC,4433255,34
401584146,OKC,4278073,34
401584146,OKC,4397020,25
401584146,OKC,4593803,34
401584146,OKC,4871145,28
401584146,OKC,4432823,11
401584146,OKC,4997526,2
401584146,OKC,3133626,15
401584146,OKC,4395702,24
401584146,OKC,4397183,16
401584146,OKC,4683692,17
401584146,OKC,4278046,0
401584146,OKC,6426,0
401584146,OKC,3102532,0
401584146,OKC,4432819,0
401584146,MIN,3032976,36
401584146,MIN,3136195,32
401584146,MIN,3195,37
401584146,MIN,4278039,26
401584146,MIN,4594268,28
401584146,MIN,2993874,23
401584146,MIN,4278508,21
401584146,MIN,4396971,25
401584146,MIN,3915195,12
401584146,MIN,4592187,0
401584146,MIN,4687718,0
401584146,MIN,5044385,0
401584146,MIN,4432176,0
401584147,HOU,3155526,28
401584147,HOU,4432639,37
401584147,HOU,4871144,35
401584147,HOU,2991230,41
401584147,HOU,4437244,34
401584147,HOU,3209,13
401584147,HOU,3136777,11
401584147,HOU,4433192,21
401584147,HOU,3922230,21
401584147,HOU,4278588,0
401584147,HOU,5105592,0
401584147,HOU,2528779,0
401584147,HOU,4376,0
401584147,HOU,3146557,0
401584147,HOU,4396629,0
401584147,DAL,4066218,18
401584147,DAL,4683688,28
401584147,DAL,6442,36
401584147,DAL,3945274,38
401584147,DAL,4432811,30
401584147,DAL,2531367,3
401584147,DAL,2993370,13
401584147,DAL,3936099,34
401584147,DAL,2326307,0
401584147,DAL,2528210,22
401584147,DAL,3102528,15
401584147,DAL,4868423,4
401584147,DAL,6461,0
401584147,DAL,4595400,0
401584148,GS,6589,33
401584148,GS,3059319,36
401584148,GS,3155535,29
401584148,GS,3975,37
401584148,GS,6475,36
401584148,GS,3032978,17
401584148,GS,4433247,10
401584148,GS,6446,8
401584148,GS,2779,5
401584148,GS,3134903,17
401584148,GS,4432171,13
401584148,GS,4431684,0
401584148,GS,4997536,0
401584148,GS,4709138,0
401584148,SAC,6578,26
401584148,SAC,3155942,37
401584148,SAC,4592402,14
401584148,SAC,4066259,40
401584148,SAC,4066372,33
401584148,SAC,3136196,24
401584148,SAC,3893014,15
401584148,SAC,4397693,5
401584148,SAC,3452,5
401584148,SAC,4066262,26
401584148,SAC,4278053,9
401584148,SAC,4702177,6
401584148,SAC,4398207,0
401584148,SAC,4066736,0
401584148,SAC,4433378,0
401584886,LAL,1966,29
401584886,LAL,6583,29
401584886,LAL,2990962,23
401584886,LAL,3136776,34
401584886,LAL,4432582,22
401584886,LAL,3058254,25
401584886,LAL,4684286,7
401584886,LAL,4896481,4
401584886,LAL,4395627,20
401584886,LAL,4397077,7
401584886,LAL,4066457,24
401584886,LAL,4433626,11
401584886,LAL,4702702,5
401584886,DET,4432810,25
401584886,DET,4433621,18
401584886,DET,4432166,23
401584886,DET,4433218,19
401584886,DET,4684742,21
401584886,DET,4277848,14
401584886,DET,4277957,22
401584886,DET,4278075,6
401584886,DET,4432808,12
401584886,DET,6429,10
401584886,DET,4279532,20
401584886,DET,4432107,28
401584886,DET,4683024,22
401584887,WSH,3134907,35
401584887,WSH,4278049,26
401584887,WSH,4683021,28
401584887,WSH,3135046,21
401584887,WSH,4277956,26
401584887,WSH,3428,12
401584887,WSH,2581184,5
401584887,WSH,4066410,10
401584887,WSH,4280151,20
401584887,WSH,3914044,18
401584887,WSH,4395695,5
401584887,WSH,4432356,10
401584887,WSH,5104155,25
401584887,WSH,2490089,0
401584887,WSH,4433246,0
401584887,ORL,4432573,27
401584887,ORL,4566434,31
401584887,ORL,4348700,24
401584887,ORL,4432165,29
401584887,ORL,4712849,27
401584887,ORL,2968436,20
401584887,ORL,4278052,5
401584887,ORL,4433623,10
401584887,ORL,3918423,4
401584887,ORL,3150844,19
401584887,ORL,2999547,19
401584887,ORL,4432809,26
401584887,ORL,4065654,0
401584888,PHX,3202,36
401584888,PHX,3102530,30
401584888,PHX,3431,34
401584888,PHX,3136193,33
401584888,PHX,4065663,24
401584888,PHX,3914283,15
401584888,PHX,3914285,18
401584888,PHX,3133838,16
401584888,PHX,3136779,13
401584888,PHX,4278402,23
401584888,PHX,4066299,0
401584888,PHX,4397102,0
401584888,PHX,4278124,0
401584888,TOR,3149673,36
401584888,TOR,3934719,34
401584888,TOR,4433134,38
401584888,TOR,3134908,30
401584888,TOR,3032979,34
401584888,TOR,3948153,3
401584888,TOR,4066731,9
401584888,TOR,4431679,18
401584888,TOR,4066668,14
401584888,TOR,4277843,25
401584888,TOR,3244,0
401584888,TOR,2594922,0
401584888,TOR,4023,0
401584888,TOR,5106258,0
401584889,UTAH,3899664,25
401584889,UTAH,3908845,29
401584889,UTAH,3074213,15
401584889,UTAH,2528426,27
401584889,UTAH,4433627,24
401584889,UTAH,2489663,18
401584889,UTAH,4423309,6
401584889,UTAH,4396991,24
401584889,UTAH,4433136,28
401584889,UTAH,4277811,22
401584889,UTAH,4397018,21
401584889,UTAH,4066399,0
401584889,MEM,4277961,35
401584889,MEM,4593041,25
401584889,MEM,6427,30
401584889,MEM,3456,27
401584889,MEM,4066320,36
401584889,MEM,4433137,25
401584889,MEM,4593125,25
401584889,MEM,4278541,18
401584889,MEM,4397227,20
401584889,MEM,4585610,0
401584889,MEM,4278378,0
401584889,MEM,2991274,0
401584889,MEM,3134932,0
401584890,PHI,3416,14
401584890,PHI,6440,29
401584890,PHI,6462,17
401584890,PHI,4066436,30
401584890,PHI,4431678,38
401584890,PHI,2490620,30
401584890,PHI,4278562,27
401584890,PHI,4431828,17
401584890,PHI,4277919,14
401584890,PHI,3964,21
401584890,PHI,3929325,2
401584890,PHI,3059318,0
401584890,NO,3913176,35
401584890,NO,4277813,33
401584890,NO,4395628,33
401584890,NO,6477,32
401584890,NO,2490149,28
401584890,NO,4278594,19
401584890,NO,2579258,13
401584890,NO,4277869,9
401584890,NO,4683750,24
401584890,NO,4869342,14
401584890,NO,4432813,0
401584890,NO,4395698,0
401584891,HOU,3155526,23
401584891,HOU,4432639,32
401584891,HOU,4871144,28
401584891,HOU,3922230,35
401584891,HOU,4437244,34
401584891,HOU,3209,22
401584891,HOU,4278588,6
401584891,HOU,4433192,17
401584891,HOU,5105592,6
401584891,HOU,2528779,12
401584891,HOU,3146557,14
401584891,HOU,4396629,6
401584891,HOU,4397821,6
401584891,HOU,4376,0
401584891,DEN,2284101,27
401584891,DEN,4278104,34
401584891,DEN,3112335,33
401584891,DEN,2581018,32
401584891,DEN,3936299,22
401584891,DEN,4066240,3
401584891,DEN,4395620,3
401584891,DEN,4431690,18
401584891,DEN,3442,6
401584891,DEN,6443,24
401584891,DEN,4278585,3
401584891,DEN,4398390,3
401584891,DEN,4431767,19
401584891,DEN,4432181,13
401584891,DEN,4576087,0
401584892,LAC,4251,40
401584892,LAC,6450,37
401584892,LAC,4017837,30
401584892,LAC,3992,39
401584892,LAC,3907823,31
401584892,LAC,2451037,17
401584892,LAC,3468,19
401584892,LAC,2595516,13
401584892,LAC,4066387,1
401584892,LAC,4431752,11
401584892,LAC,4592492,1
401584892,LAC,3033,0
401584892,SAC,6578,34
401584892,SAC,3155942,31
401584892,SAC,4592402,13
401584892,SAC,4066259,38
401584892,SAC,4066372,26
401584892,SAC,3136196,18
401584892,SAC,3893014,24
401584892,SAC,4397693,7
401584892,SAC,4398207,1
401584892,SAC,3452,5
401584892,SAC,4066262,28
401584892,SAC,4066736,1
401584892,SAC,4278053,13
401584892,SAC,4433378,1
401584892,SAC,4702177,0
401584893,POR,2991070,28
401584893,POR,4431736,24
401584893,POR,4278129,30
401584893,POR,2566769,31
401584893,POR,4914336,39
401584893,POR,4432446,24
401584893,POR,4066268,18
401584893,POR,3907498,24
401584893,POR,4683678,22
401584893,POR,4594326,0
401584893,POR,4397126,0
401584893,POR,4066269,0
401584893,CLE,4066328,38
401584893,CLE,4432158,34
401584893,CLE,3908809,34
401584893,CLE,4065778,36
401584893,CLE,4396907,37
401584893,CLE,2990969,19
401584893,CLE,4432822,17
401584893,CLE,2991043,26
401584893,CLE,6474,0
401584893,CLE,3064559,0
401584893,CLE,4066757,0
401584893,CLE,4701233,0
401584894,CHA,4066383,38
401584894,CHA,4249,32
401584894,CHA,4701232,32
401584894,CHA,3074752,40
401584894,CHA,4576086,22
401584894,CHA,4278078,33
401584894,CHA,4702233,16
401584894,CHA,4305,13
401584894,CHA,4683686,14
401584894,CHA,4395650,0
401584894,CHA,4433287,0
401584894,CHA,4683027,0
401584894,CHA,4431712,0
401584894,BKN,2578185,39
401584894,BKN,3138196,28
401584894,BKN,4278067,29
401584894,BKN,2580782,34
401584894,BKN,3147657,38
401584894,BKN,4431675,14
401584894,BKN,4432194,18
401584894,BKN,4277890,14
401584894,BKN,4432174,25
401584894,BKN,4065649,0
401584894,BKN,2583632,0
401584894,BKN,4065697,0
401584895,IND,4278355,33
401584895,IND,3133628,29
401584895,IND,2990984,31
401584895,IND,4065670,32
401584895,IND,4396993,40
401584895,IND,4432170,6
401584895,IND,5106060,0
401584895,IND,4395712,22
401584895,IND,4396909,23
401584895,IND,4433076,0
401584895,IND,4683634,24
401584895,IND,4277883,0
401584895,IND,4432827,0
401584895,IND,2530530,0
401584895,MIA,6430,38
401584895,MIA,3157465,29
401584895,MIA,4291678,15
401584895,MIA,4066261,12
401584895,MIA,3012,25
401584895,MIA,3449,17
401584895,MIA,3138160,25
401584895,MIA,4432848,33
401584895,MIA,3934723,6
401584895,MIA,4593049,7
401584895,MIA,2581190,32
401584895,MIA,4997528,0
401584896,DET,4277957,27
401584896,DET,4432810,32
401584896,DET,4433621,34
401584896,DET,4432166,37
401584896,DET,4683024,28
401584896,DET,4277848,14
401584896,DET,4278075,9
401584896,DET,6429,11
401584896,DET,4279532,2
401584896,DET,4432107,20
401584896,DET,4433218,13
401584896,DET,4684742,13
401584896,DET,4432808,0
401584896,NY,3064514,38
401584896,NY,4395625,24
401584896,NY,4351852,31
401584896,NY,3934672,40
401584896,NY,4397014,16
401584896,NY,4222252,17
401584896,NY,3062679,32
401584896,NY,3934673,23
401584896,NY,4395724,19
401584896,NY,4277922,0
401584896,NY,6588,0
401584896,NY,2991047,0
401584896,NY,3913220,0
401584896,NY,4431823,0
401584897,MIL,6609,27
401584897,MIL,3032977,39
401584897,MIL,3448,39
401584897,MIL,3907822,41
401584897,MIL,6606,43
401584897,MIL,3064482,31
401584897,MIL,4432179,22
401584897,MIL,3064230,12
401584897,MIL,4432190,12
401584897,MIL,3102533,0
401584897,MIL,3447,0
401584897,MIL,4397475,0
401584897,CHI,4431687,36
401584897,CHI,6478,40
401584897,CHI,2991350,29
401584897,CHI,4395651,45
401584897,CHI,4397002,39
401584897,CHI,5105553,14
401584897,CHI,2528693,27
401584897,CHI,6585,13
401584897,CHI,3133635,18
401584897,CHI,4433159,4
401584897,CHI,4279815,0
401584897,CHI,4438552,0
401584897,CHI,4702023,0
401584898,UTAH,3899664,34
401584898,UTAH,3908845,28
401584898,UTAH,3074213,14
401584898,UTAH,4397018,36
401584898,UTAH,4433627,33
401584898,UTAH,2489663,14
401584898,UTAH,4423309,12
401584898,UTAH,4396991,19
401584898,UTAH,4433136,27
401584898,UTAH,4277811,23
401584898,UTAH,4066399,0
401584898,UTAH,4432817,0
401584898,MIN,4278508,29
401584898,MIN,3032976,37
401584898,MIN,3136195,37
401584898,MIN,3195,29
401584898,MIN,4278039,36
401584898,MIN,2993874,19
401584898,MIN,4396971,22
401584898,MIN,3915195,20
401584898,MIN,4432176,10
401584898,MIN,4592187,0
401584898,MIN,4687718,0
401584898,MIN,4277951,0
401584899,LAL,1966,35
401584899,LAL,6583,36
401584899,LAL,2990962,32
401584899,LAL,3136776,32
401584899,LAL,4432582,21
401584899,LAL,3058254,21
401584899,LAL,4684286,4
401584899,LAL,4896481,4
401584899,LAL,4397204,4
401584899,LAL,4066457,29
401584899,LAL,4433626,19
401584899,LAL,4702702,4
401584899,LAL,4395627,0
401584899,OKC,4433255,28
401584899,OKC,4278073,35
401584899,OKC,4397020,28
401584899,OKC,4593803,29
401584899,OKC,4871145,21
401584899,OKC,4066317,12
401584899,OKC,4432823,7
401584899,OKC,4683018,3
401584899,OKC,3133626,19
401584899,OKC,4395702,20
401584899,OKC,4397183,13
401584899,OKC,4432819,3
401584899,OKC,4683692,22
401584899,OKC,6426,0
401584899,OKC,3102532,0
401584900,ATL,4065732,22
401584900,ATL,3102529,23
401584900,ATL,3907497,35
401584900,ATL,4277905,40
401584900,ATL,4397136,34
401584900,ATL,4431680,28
401584900,ATL,4032,15
401584900,ATL,3037789,32
401584900,ATL,3913180,12
401584900,ATL,4277952,0
401584900,ATL,4432585,0
401584900,ATL,4004,0
401584900,ATL,4065656,0
401584900,SA,4066650,34
401584900,SA,4395723,33
401584900,SA,4565201,17
401584900,SA,4610139,36
401584900,SA,5104157,29
401584900,SA,4592479,20
401584900,SA,3893016,15
401584900,SA,4397886,4
401584900,SA,4395626,24
401584900,SA,4395630,27
401584900,SA,2528588,0
401584900,SA,4278580,0
401584900,SA,4870562,0
401584900,SA,3133601,0
401584900,SA,4683935,0
401584901,LAC,4251,37
401584901,LAC,6450,35
401584901,LAC,4017837,27
401584901,LAC,3992,37
401584901,LAC,3907823,34
401584901,LAC,4433249,1
401584901,LAC,2451037,15
401584901,LAC,3468,26
401584901,LAC,2595516,18
401584901,LAC,4066387,1
401584901,LAC,4431752,6
401584901,LAC,4592492,4
401584901,LAC,3033,0
401584901,LAC,3914075,0
401584901,GS,6589,29
401584901,GS,3155535,13
401584901,GS,3975,33
401584901,GS,6475,34
401584901,GS,4432171,28
401584901,GS,3032978,27
401584901,GS,4433247,23
401584901,GS,6446,22
401584901,GS,4709138,31
401584901,GS,4431684,0
401584901,GS,4997536,0
401584901,GS,3943606,0
401584901,GS,4431720,0
401584902,WSH,3134907,37
401584902,WSH,4278049,27
401584902,WSH,4683021,20
401584902,WSH,3135046,26
401584902,WSH,4277956,30
401584902,WSH,3428,21
401584902,WSH,4280151,23
401584902,WSH,3914044,18
401584902,WSH,4432356,6
401584902,WSH,5104155,32
401584902,WSH,2581184,0
401584902,WSH,4066410,0
401584902,WSH,2490089,0
401584902,WSH,4395695,0
401584902,WSH,4433246,0
401584902,ORL,4432573,38
401584902,ORL,4566434,34
401584902,ORL,4348700,24
401584902,ORL,4432165,27
401584902,ORL,4712849,23
401584902,ORL,2968436,25
401584902,ORL,4065654,7
401584902,ORL,3150844,23
401584902,ORL,2999547,22
401584902,ORL,4432809,17
401584902,ORL,4278052,0
401584902,ORL,4433623,0
401584902,ORL,3918423,0
401584902,ORL,5105806,0
401584903,PHI,6440,38
401584903,PHI,6462,28
401584903,PHI,4278562,22
401584903,PHI,3964,38
401584903,PHI,4066436,37
401584903,PHI,2490620,30
401584903,PHI,4431828,13
401584903,PHI,4277919,20
401584903,PHI,3929325,15
401584903,PHI,3416,0
401584903,PHI,4431678,0
401584903,PHI,4432164,0
401584903,BOS,4065648,27
401584903,BOS,3213,33
401584903,BOS,3995,35
401584903,BOS,3078576,32
401584903,BOS,3917376,35
401584903,BOS,4065804,26
401584903,BOS,4397885,10
401584903,BOS,3064560,8
401584903,BOS,4397424,10
401584903,BOS,4066354,23
401584903,BOS,4066405,0
401584903,BOS,4278031,0
401584903,BOS,3133602,0
401584904,NY,3064514,35
401584904,NY,4395625,27
401584904,NY,4351852,32
401584904,NY,3934672,37
401584904,NY,4397014,21
401584904,NY,4222252,16
401584904,NY,3062679,31
401584904,NY,3934673,22
401584904,NY,4395724,19
401584904,NY,4277922,0
401584904,NY,6588,0
401584904,NY,2991047,0
401584904,NY,3913220,0
401584904,NY,4431823,0
401584904,TOR,3149673,34
401584904,TOR,3934719,27
401584904,TOR,4433134,37
401584904,TOR,3134908,28
401584904,TOR,3032979,37
401584904,TOR,3948153,19
401584904,TOR,4066731,7
401584904,TOR,4431679,17
401584904,TOR,4066668,11
401584904,TOR,4277843,23
401584904,TOR,3244,0
401584904,TOR,2594922,0
401584904,TOR,4023,0
401584905,MEM,4277961,14
401584905,MEM,4593041,24
401584905,MEM,6427,23
401584905,MEM,3456,20
401584905,MEM,4066320,34
401584905,MEM,4277964,22
401584905,MEM,4433137,10
401584905,MEM,4585610,2
401584905,MEM,4593125,33
401584905,MEM,4278378,2
401584905,MEM,2991274,2
401584905,MEM,3134932,2
401584905,MEM,4278541,26
401584905,MEM,4397227,26
401584905,DAL,3936099,31
401584905,DAL,4066218,31
401584905,DAL,4683688,23
401584905,DAL,6442,36
401584905,DAL,4432811,31
401584905,DAL,6461,14
401584905,DAL,2993370,18
401584905,DAL,4595400,11
401584905,DAL,2326307,16
401584905,DAL,4067017,4
401584905,DAL,4396676,4
401584905,DAL,4868423,21
401584905,DAL,2531367,0
401584906,SA,4066650,24
401584906,SA,4395723,33
401584906,SA,4565201,22
401584906,SA,4592479,22
401584906,SA,4610139,31
401584906,SA,4278580,6
401584906,SA,4870562,3
401584906,SA,3893016,27
401584906,SA,4397886,19
401584906,SA,4395626,23
401584906,SA,4395630,27
401584906,SA,4683935,3
401584906,SA,3133601,0
401584906,NO,3913176,34
401584906,NO,4277813,31
401584906,NO,4395628,26
401584906,NO,6477,31
401584906,NO,2490149,38
401584906,NO,4278594,19
401584906,NO,4397688,22
401584906,NO,2579258,13
401584906,NO,4683750,15
401584906,NO,4869342,12
401584906,NO,4277869,0
401584906,NO,4395698,0
401584907,DEN,2284101,25
401584907,DEN,4278104,37
401584907,DEN,3112335,35
401584907,DEN,6443,29
401584907,DEN,2581018,35
401584907,DEN,3442,13
401584907,DEN,4431767,22
401584907,DEN,4432181,18
401584907,DEN,4576087,25
401584907,DEN,4066240,0
401584907,DEN,4431690,0
401584907,DEN,4278585,0
401584907,PHX,3202,36
401584907,PHX,3136779,17
401584907,PHX,3102530,33
401584907,PHX,3431,33
401584907,PHX,3135045,37
401584907,PHX,3914283,4
401584907,PHX,3914285,15
401584907,PHX,4395652,19
401584907,PHX,4065663,26
401584907,PHX,4278402,20
401584907,PHX,3133838,0
401584907,PHX,4066299,0
401584907,PHX,4397102,0
401584907,PHX,4278124,0
401584908,GS,6589,32
401584908,GS,3032978,20
401584908,GS,3975,37
401584908,GS,6475,33
401584908,GS,4432171,32
401584908,GS,3155535,18
401584908,GS,4433247,16
401584908,GS,6446,16
401584908,GS,4709138,37
401584908,GS,4431684,0
401584908,GS,3943606,0
401584908,LAC,4251,38
401584908,LAC,6450,39
401584908,LAC,4017837,23
401584908,LAC,3992,35
401584908,LAC,3907823,24
401584908,LAC,2451037,22
401584908,LAC,3468,19
401584908,LAC,2595516,30
401584908,LAC,4431752,11
401584908,LAC,3033,0
401584908,LAC,4433249,0
401584908,LAC,3914075,0
401584908,LAC,4066387,0
401584908,LAC,4592492,0
401584909,MIN,4278508,32
401584909,MIN,3032976,39
401584909,MIN,3136195,32
401584909,MIN,3195,34
401584909,MIN,4278039,30
401584909,MIN,2993874,26
401584909,MIN,4396971,25
401584909,MIN,3915195,23
401584909,MIN,4592187,0
401584909,MIN,4687718,0
401584909,MIN,4277951,0
401584909,MIN,4432176,0
401584909,CHA,4066383,36
401584909,CHA,4433287,36
401584909,CHA,4249,31
401584909,CHA,4701232,29
401584909,CHA,3074752,35
401584909,CHA,4278078,31
401584909,CHA,4278076,9
401584909,CHA,4305,16
401584909,CHA,4576086,16
401584909,CHA,4395650,0
401584909,CHA,4702233,0
401584909,CHA,4683027,0
401584909,CHA,4431712,0
401584909,CHA,4683686,0
401584910,ORL,4432573,34
401584910,ORL,4566434,34
401584910,ORL,4348700,15
401584910,ORL,4432165,22
401584910,ORL,4712849,19
401584910,ORL,2968436,16
401584910,ORL,4278052,4
401584910,ORL,4433623,16
401584910,ORL,3918423,4
401584910,ORL,3150844,22
401584910,ORL,2999547,21
401584910,ORL,4432809,31
401584910,ORL,4065654,0
401584910,BKN,3138196,30
401584910,BKN,4278067,24
401584910,BKN,2580782,35
401584910,BKN,3147657,35
401584910,BKN,4432174,38
401584910,BKN,2583632,26
401584910,BKN,4431675,7
401584910,BKN,4432194,24
401584910,BKN,4065697,21
401584910,BKN,4065649,0
401584910,BKN,2578185,0
401584910,BKN,4277890,0
401584911,CLE,4066328,34
401584911,CLE,4432158,36
401584911,CLE,3908809,33
401584911,CLE,4065778,38
401584911,CLE,4396907,34
401584911,CLE,2990969,22
401584911,CLE,4432822,33
401584911,CLE,6474,3
401584911,CLE,4066757,3
401584911,CLE,4701233,4
401584911,CLE,4432815,0
401584911,CLE,3064559,0
401584911,CLE,2991043,0
401584911,DET,4432810,30
401584911,DET,4433621,30
401584911,DET,4432166,37
401584911,DET,4433218,29
401584911,DET,4683024,33
401584911,DET,4277848,7
401584911,DET,4277957,14
401584911,DET,3593,27
401584911,DET,4432107,16
401584911,DET,4684742,16
401584911,DET,4278075,0
401584911,DET,4432808,0
401584911,DET,6429,0
401584911,DET,4279532,0
401584912,IND,4278355,35
401584912,IND,3133628,30
401584912,IND,2990984,24
401584912,IND,4065670,37
401584912,IND,4395712,23
401584912,IND,4432170,8
401584912,IND,2530530,25
401584912,IND,4396909,29
401584912,IND,4433076,3
401584912,IND,4683634,25
401584912,IND,5106060,0
401584912,IND,4277883,0
401584912,IND,4432827,0
401584912,MIA,6430,37
401584912,MIA,3157465,30
401584912,MIA,4291678,3
401584912,MIA,4593049,29
401584912,MIA,3012,29
401584912,MIA,3449,19
401584912,MIA,3138160,35
401584912,MIA,4278572,5
401584912,MIA,4432848,29
401584912,MIA,2581190,24
401584912,MIA,4997528,0
401584912,MIA,3934723,0
401584913,NO,3913176,36
401584913,NO,4277813,36
401584913,NO,4395628,30
401584913,NO,6477,36
401584913,NO,4869342,22
401584913,NO,4278594,27
401584913,NO,4432813,0
401584913,NO,2579258,12
401584913,NO,4277869,18
401584913,NO,4683750,25
401584913,NO,4431811,0
401584913,NO,4395698,0
401584913,CHI,4431687,29
401584913,CHI,6478,33
401584913,CHI,3978,40
401584913,CHI,2991350,13
401584913,CHI,4395651,40
401584913,CHI,5105553,4
401584913,CHI,2528693,19
401584913,CHI,6585,15
401584913,CHI,3133635,15
401584913,CHI,4397002,33
401584913,CHI,4279815,0
401584913,CHI,4433159,0
401584914,ATL,4065732,31
401584914,ATL,3102529,30
401584914,ATL,3907497,34
401584914,ATL,4277905,37
401584914,ATL,4397136,36
401584914,ATL,4431680,27
401584914,ATL,4032,12
401584914,ATL,3037789,25
401584914,ATL,3913180,7
401584914,ATL,4277952,0
401584914,ATL,4432585,0
401584914,ATL,4004,0
401584914,ATL,4065656,0
401584914,MIL,6609,25
401584914,MIL,3032977,36
401584914,MIL,3448,33
401584914,MIL,3907822,39
401584914,MIL,6606,38
401584914,MIL,3064482,23
401584914,MIL,4432179,17
401584914,MIL,3064230,20
401584914,MIL,4397475,9
401584914,MIL,3102533,0
401584914,MIL,3447,0
401584914,MIL,4065652,0
401584914,MIL,4277887,0
401584914,MIL,4683749,0
401584915,OKC,4433255,30
401584915,OKC,4278073,39
401584915,OKC,4397020,33
401584915,OKC,4593803,30
401584915,OKC,4871145,17
401584915,OKC,4432823,15
401584915,OKC,6426,11
401584915,OKC,3133626,11
401584915,OKC,4395702,25
401584915,OKC,4397183,10
401584915,OKC,4683692,20
401584915,OKC,4278046,0
401584915,OKC,4683018,0
401584915,OKC,3102532,0
401584915,OKC,4432819,0
401584915,DAL,3936099,33
401584915,DAL,4066218,27
401584915,DAL,4683688,39
401584915,DAL,2326307,36
401584915,DAL,3945274,46
401584915,DAL,2531367,4
401584915,DAL,2993370,5
401584915,DAL,4595400,14
401584915,DAL,4067017,19
401584915,DAL,4396676,3
401584915,DAL,4868423,15
401584915,DAL,6461,0
401584915,DAL,4432161,0
401584916,MEM,4277961,35
401584916,MEM,4593041,30
401584916,MEM,6427,17
401584916,MEM,4066320,30
401584916,MEM,4278541,34
401584916,MEM,4277964,12
401584916,MEM,4593125,31
401584916,MEM,3134932,20
401584916,MEM,4397227,30
401584916,MEM,4585610,0
401584916,MEM,4278378,0
401584916,MEM,2991274,0
401584916,PHX,3202,33
401584916,PHX,3102530,26
401584916,PHX,3135045,33
401584916,PHX,3136193,37
401584916,PHX,4065663,26
401584916,PHX,3914285,18
401584916,PHX,3133838,15
401584916,PHX,3136779,18
401584916,PHX,4395652,15
401584916,PHX,4278402,19
401584916,PHX,3914283,0
401584916,PHX,4066299,0
401584916,PHX,4397102,0
401584916,PHX,4278124,0
401584917,POR,2991070,26
401584917,POR,4431736,30
401584917,POR,4278129,35
401584917,POR,2566769,38
401584917,POR,4914336,44
401584917,POR,4432446,24
401584917,POR,4066268,14
401584917,POR,3907498,33
401584917,POR,4683678,21
401584917,POR,4594326,0
401584917,POR,4397126,0
401584917,POR,4066269,0
401584917,UTAH,3899664,35
401584917,UTAH,3908845,35
401584917,UTAH,3074213,27
401584917,UTAH,4397018,26
401584917,UTAH,4433627,36
401584917,UTAH,4423309,12
401584917,UTAH,4684806,18
401584917,UTAH,4396991,21
401584917,UTAH,4433136,25
401584917,UTAH,4277811,30
401584917,UTAH,5105839,0
401584917,UTAH,4066399,0
401584917,UTAH,4432817,0
401584918,DEN,3064290,33
401584918,DEN,4278104,33
401584918,DEN,3112335,38
401584918,DEN,6443,33
401584918,DEN,2581018,38
401584918,DEN,2284101,12
401584918,DEN,3442,10
401584918,DEN,4431767,17
401584918,DEN,4432181,12
401584918,DEN,4576087,14
401584918,DEN,4066240,0
401584918,DEN,4431690,0
401584918,DEN,4278585,0
401584918,SAC,6578,33
401584918,SAC,3155942,36
401584918,SAC,4594327,23
401584918,SAC,4066259,38
401584918,SAC,4066372,29
401584918,SAC,3136196,18
401584918,SAC,3893014,14
401584918,SAC,3452,12
401584918,SAC,4066262,28
401584918,SAC,4702177,8
401584918,SAC,4397693,0
401584918,SAC,4398207,0
401584918,SAC,4592402,0
401584918,SAC,4433378,0
401584919,HOU,3155526,33
401584919,HOU,4432639,30
401584919,HOU,4871144,34
401584919,HOU,2991230,40
401584919,HOU,4437244,32
401584919,HOU,3209,11
401584919,HOU,3136777,14
401584919,HOU,4278588,3
401584919,HOU,4433192,20
401584919,HOU,5105592,3
401584919,HOU,3146557,3
401584919,HOU,3922230,14
401584919,HOU,4396629,3
401584919,HOU,2528779,0
401584919,HOU,4376,0
401584919,LAL,1966,35
401584919,LAL,6583,37
401584919,LAL,2990962,29
401584919,LAL,4395627,24
401584919,LAL,3136776,26
401584919,LAL,3058254,11
401584919,LAL,4278077,14
401584919,LAL,4684286,3
401584919,LAL,4397077,6
401584919,LAL,4066457,22
401584919,LAL,4432582,29
401584919,LAL,4433626,3
401584919,LAL,4066648,0
401607491,BOS,4065648,37
401607491,BOS,3213,31
401607491,BOS,3995,38
401607491,BOS,3078576,36
401607491,BOS,3917376,31
401607491,BOS,4065804,23
401607491,BOS,4397885,11
401607491,BOS,3064560,17
401607491,BOS,4066354,15
401607491,BOS,4066405,0
401607491,BOS,4278031,0
401607491,BOS,4397424,0
401607491,BOS,3133602,0
401607491,IND,4278355,26
401607491,IND,3133628,34
401607491,IND,2990984,32
401607491,IND,4065670,36
401607491,IND,4396993,40
401607491,IND,2530530,9
401607491,IND,4395712,5
401607491,IND,4396909,31
401607491,IND,4683634,27
401607491,IND,4432170,0
401607491,IND,5106060,0
401607491,IND,4277883,0
401607491,IND,4432827,0
401607491,IND,4433076,0
401607492,NO,3913176,40
401607492,NO,4277813,35
401607492,NO,4395628,28
401607492,NO,6477,29
401607492,NO,2490149,36
401607492,NO,4278594,13
401607492,NO,4397688,30
401607492,NO,2579258,5
401607492,NO,4277869,18
401607492,NO,4869342,6
401607492,NO,4432813,0
401607492,NO,4395698,0
401607492,NO,4683750,0
401607492,SAC,6578,34
401607492,SAC,3155942,36
401607492,SAC,4594327,31
401607492,SAC,4066259,40
401607492,SAC,4066372,32
401607492,SAC,3136196,16
401607492,SAC,3893014,6
401607492,SAC,3452,4
401607492,SAC,4066262,32
401607492,SAC,4702177,8
401607492,SAC,4397693,0
401607492,SAC,4398207,0
401607492,SAC,4066736,0
401607492,SAC,4278053,0
401607492,SAC,4433378,0
401607489,NY,3064514,37
401607489,NY,4395625,31
401607489,NY,4351852,27
401607489,NY,3934672,34
401607489,NY,4397014,18
401607489,NY,4592461,2
401607489,NY,4222252,18
401607489,NY,4277922,3
401607489,NY,2991047,2
401607489,NY,3062679,26
401607489,NY,3934673,17
401607489,NY,4066508,2
401607489,NY,4395724,19
401607489,NY,4431823,2
401607489,NY,4684737,0
401607489,MIL,6609,26
401607489,MIL,3032977,34
401607489,MIL,3448,34
401607489,MIL,3907822,33
401607489,MIL,6606,34
401607489,MIL,3064482,24
401607489,MIL,3102533,2
401607489,MIL,4432179,19
401607489,MIL,4433622,2
401607489,MIL,3447,2
401607489,MIL,3064230,14
401607489,MIL,4397475,15
401607489,MIL,4432190,0
401607489,MIL,4065652,0
401607489,MIL,4277887,0
401607490,PHX,3202,39
401607490,PHX,3102530,29
401607490,PHX,3431,35
401607490,PHX,3135045,39
401607490,PHX,3136193,37
401607490,PHX,3914285,18
401607490,PHX,3136779,6
401607490,PHX,4395652,14
401607490,PHX,4065663,9
401607490,PHX,4278402,15
401607490,PHX,3914283,0
401607490,PHX,3133838,0
401607490,PHX,4066299,0
401607490,PHX,4397102,0
401607490,PHX,4278124,0
401607490,LAL,1966,40
401607490,LAL,6583,39
401607490,LAL,2990962,27
401607490,LAL,4395627,30
401607490,LAL,3136776,24
401607490,LAL,4066648,21
401607490,LAL,4278077,15
401607490,LAL,4397077,9
401607490,LAL,4066457,27
401607490,LAL,4432582,8
401607490,LAL,3058254,0
401607490,LAL,4684286,0
401607490,LAL,4433626,0
401616459,ORL,4432573,38
401616459,ORL,4566434,41
401616459,ORL,4348700,25
401616459,ORL,4432165,9
401616459,ORL,4712849,15
401616459,ORL,2968436,17
401616459,ORL,4433623,11
401616459,ORL,3150844,21
401616459,ORL,2999547,31
401616459,ORL,4432809,32
401616459,ORL,4278052,0
401616459,ORL,3918423,0
401616459,CLE,4066328,19
401616459,CLE,4432158,37
401616459,CLE,3908809,37
401616459,CLE,4065778,31
401616459,CLE,4396907,40
401616459,CLE,2990969,28
401616459,CLE,3912848,14
401616459,CLE,4432822,29
401616459,CLE,6474,6
401616459,CLE,3064559,0
401616459,CLE,4066757,0
401616459,CLE,4701233,0
401616460,MEM,4277961,35
401616460,MEM,4593041,22
401616460,MEM,6427,26
401616460,MEM,3456,15
401616460,MEM,4066320,36
401616460,MEM,4277964,7
401616460,MEM,4433137,0
401616460,MEM,4585610,0
401616460,MEM,4593125,26
401616460,MEM,4278378,0
401616460,MEM,3134932,22
401616460,MEM,4278541,26
401616460,MEM,4397227,25
401616460,DET,3593,32
401616460,DET,4432810,28
401616460,DET,4433621,30
401616460,DET,4432166,34
401616460,DET,4683024,27
401616460,DET,4277957,19
401616460,DET,4432808,8
401616460,DET,6429,17
401616460,DET,4432107,5
401616460,DET,4433218,24
401616460,DET,4684742,16
401616460,DET,4277848,0
401616460,DET,4278075,0
401616462,PHI,3416,33
401616462,PHI,6440,35
401616462,PHI,3059318,38
401616462,PHI,4066436,27
401616462,PHI,4431678,38
401616462,PHI,2490620,4
401616462,PHI,6462,15
401616462,PHI,4278562,10
401616462,PHI,3964,21
401616462,PHI,3133603,19
401616462,PHI,4431828,0
401616462,PHI,2991155,0
401616462,PHI,4277919,0
401616462,PHI,3929325,0
401616462,PHI,4432164,0
401616462,WSH,3134907,34
401616462,WSH,4278049,23
401616462,WSH,4683021,31
401616462,WSH,3135046,31
401616462,WSH,4277956,32
401616462,WSH,3428,17
401616462,WSH,4280151,25
401616462,WSH,2490089,6
401616462,WSH,4395695,14
401616462,WSH,5104155,28
401616462,WSH,2581184,0
401616462,WSH,4066410,0
401616462,WSH,4432588,0
401616462,WSH,4433246,0
401616461,MIA,6430,35
401616461,MIA,3138160,31
401616461,MIA,3157465,32
401616461,MIA,4593049,33
401616461,MIA,3012,28
401616461,MIA,3449,15
401616461,MIA,4432848,32
401616461,MIA,4997528,3
401616461,MIA,2581190,30
401616461,MIA,4278572,0
401616461,MIA,4291678,0
401616461,MIA,3934723,0
401616461,TOR,3149673,36
401616461,TOR,3934719,39
401616461,TOR,4433134,34
401616461,TOR,3134908,28
401616461,TOR,3032979,35
401616461,TOR,3948153,10
401616461,TOR,4431679,13
401616461,TOR,2594922,14
401616461,TOR,4066668,6
401616461,TOR,4277843,25
401616461,TOR,3244,0
401616461,TOR,4066731,0
401616461,TOR,4023,0
401616463,BKN,3138196,30
401616463,BKN,4278067,28
401616463,BKN,2580782,28
401616463,BKN,3147657,35
401616463,BKN,4432174,27
401616463,BKN,2578185,30
401616463,BKN,2583632,21
401616463,BKN,4432194,19
401616463,BKN,4065697,22
401616463,BKN,4065649,0
401616463,BKN,4431675,0
401616463,BKN,4277890,0
401616463,ATL,4065732,36
401616463,ATL,3102529,29
401616463,ATL,3907497,32
401616463,ATL,4277905,37
401616463,ATL,4397136,37
401616463,ATL,4431680,24
401616463,ATL,4032,11
401616463,ATL,3037789,27
401616463,ATL,3913180,7
401616463,ATL,4277952,0
401616463,ATL,4432585,0
401616463,ATL,4004,0
401616463,ATL,4065656,0
401616464,SA,4066650,28
401616464,SA,4395723,32
401616464,SA,5104157,32
401616464,SA,3893016,32
401616464,SA,4395630,31
401616464,SA,2528588,22
401616464,SA,4565201,10
401616464,SA,4592479,4
401616464,SA,4610139,22
401616464,SA,4395626,26
401616464,SA,4278580,0
401616464,SA,4397886,0
401616464,SA,3133601,0
401616464,MIN,3032976,30
401616464,MIN,3136195,32
401616464,MIN,3195,33
401616464,MIN,4278039,20
401616464,MIN,4594268,37
401616464,MIN,2993874,22
401616464,MIN,4278508,25
401616464,MIN,4396971,29
401616464,MIN,3915195,12
401616464,MIN,4592187,0
401616464,MIN,4687718,0
401616464,MIN,4432176,0
401616465,CHA,4066383,40
401616465,CHA,4433287,39
401616465,CHA,4249,35
401616465,CHA,4278076,28
401616465,CHA,3074752,40
401616465,CHA,4278078,29
401616465,CHA,4305,14
401616465,CHA,4576086,16
401616465,CHA,4395650,0
401616465,CHA,4702233,0
401616465,CHA,4683027,0
401616465,CHA,4431712,0
401616465,CHA,4683686,0
401616465,CHI,4431687,29
401616465,CHI,6478,34
401616465,CHI,3978,37
401616465,CHI,2991350,30
401616465,CHI,4395651,38
401616465,CHI,5105553,6
401616465,CHI,2528693,17
401616465,CHI,6585,14
401616465,CHI,3133635,11
401616465,CHI,4397002,22
401616465,CHI,4433159,3
401616465,CHI,4279815,0
401616466,OKC,4433255,26
401616466,OKC,4278073,37
401616466,OKC,4397020,15
401616466,OKC,4593803,33
401616466,OKC,4871145,25
401616466,OKC,4432823,12
401616466,OKC,3133626,15
401616466,OKC,4395702,14
401616466,OKC,4397183,15
401616466,OKC,4432819,24
401616466,OKC,4683692,25
401616466,OKC,4278046,0
401616466,OKC,4683018,0
401616466,OKC,6426,0
401616466,OKC,3102532,0
401616466,HOU,3155526,40
401616466,HOU,4432639,32
401616466,HOU,4871144,35
401616466,HOU,2991230,38
401616466,HOU,4437244,25
401616466,HOU,3136777,15
401616466,HOU,4433192,22
401616466,HOU,2528779,6
401616466,HOU,3922230,27
401616466,HOU,4376,0
401616466,HOU,4397821,0
401616467,UTAH,3899664,24
401616467,UTAH,3908845,23
401616467,UTAH,3074213,21
401616467,UTAH,4397018,30
401616467,UTAH,4433627,32
401616467,UTAH,4423309,7
401616467,UTAH,4684806,25
401616467,UTAH,4396991,16
401616467,UTAH,4433136,27
401616467,UTAH,2991139,17
401616467,UTAH,4277811,18
401616467,UTAH,2489663,0
401616467,DAL,3936099,25
401616467,DAL,4683688,24
401616467,DAL,6442,27
401616467,DAL,3102528,26
401616467,DAL,3945274,32
401616467,DAL,6461,6
401616467,DAL,2531367,18
401616467,DAL,2993370,6
401616467,DAL,4595400,21
401616467,DAL,2326307,19
401616467,DAL,2528210,22
401616467,DAL,4067017,7
401616467,DAL,4868423,8
401616468,POR,4431736,27
401616468,POR,4066268,22
401616468,POR,2566769,13
401616468,POR,4351851,37
401616468,POR,4914336,42
401616468,POR,4432446,22
401616468,POR,4594326,21
401616468,POR,3907498,31
401616468,POR,4683678,26
401616468,POR,4397126,0
401616468,POR,4871140,0
401616468,POR,4066269,0
401616468,POR,5099752,0
401616468,GS,6589,31
401616468,GS,3059319,27
401616468,GS,3155535,16
401616468,GS,3975,34
401616468,GS,6475,27
401616468,GS,3032978,20
401616468,GS,4433247,17
401616468,GS,2779,20
401616468,GS,4432171,26
401616468,GS,4709138,21
401616468,GS,4431684,0
401616468,GS,6446,0
401616468,GS,3134903,0
401616469,DEN,3064290,31
401616469,DEN,4278104,34
401616469,DEN,3112335,37
401616469,DEN,2581018,34
401616469,DEN,3936299,29
401616469,DEN,3442,11
401616469,DEN,6443,19
401616469,DEN,4431767,16
401616469,DEN,4432181,13
401616469,DEN,4576087,16
401616469,DEN,2284101,0
401616469,DEN,4066240,0
401616469,DEN,4431690,0
401616469,DEN,4278585,0
401616469,LAC,4251,38
401616469,LAC,6450,38
401616469,LAC,4017837,27
401616469,LAC,3992,32
401616469,LAC,3907823,20
401616469,LAC,2451037,21
401616469,LAC,3468,16
401616469,LAC,2595516,32
401616469,LAC,4431752,17
401616469,LAC,3033,0
401616469,LAC,4066387,0
401616469,LAC,4592492,0
401607494,IND,4278355,21
401607494,IND,3133628,32
401607494,IND,2990984,30
401607494,IND,4065670,28
401607494,IND,4396993,37
401607494,IND,4432170,16
401607494,IND,2530530,11
401607494,IND,4395712,14
401607494,IND,4396909,27
401607494,IND,4683634,24
401607494,IND,5106060,0
401607494,IND,4277883,0
401607494,IND,4432827,0
401607494,IND,4433076,0
401607494,MIL,6609,30
401607494,MIL,3032977,41
401607494,MIL,3448,37
401607494,MIL,3907822,36
401607494,MIL,6606,42
401607494,MIL,3064482,18
401607494,MIL,4432179,15
401607494,MIL,3064230,16
401607494,MIL,4397475,4
401607494,MIL,4432190,1
401607494,MIL,3102533,0
401607494,MIL,4433622,0
401607494,MIL,3447,0
401607494,MIL,4277887,0
401607494,MIL,4683749,0
401607493,NO,3913176,31
401607493,NO,4277813,26
401607493,NO,4395628,26
401607493,NO,6477,23
401607493,NO,2490149,25
401607493,NO,4278594,12
401607493,NO,4397688,22
401607493,NO,4432813,6
401607493,NO,2579258,12
401607493,NO,4277869,20
401607493,NO,4395698,6
401607493,NO,4683750,12
401607493,NO,4869342,17
401607493,LAL,1966,23
401607493,LAL,6583,31
401607493,LAL,2990962,23
401607493,LAL,4395627,23
401607493,LAL,3136776,22
401607493,LAL,3058254,8
401607493,LAL,4066648,21
401607493,LAL,4278077,14
401607493,LAL,4684286,8
401607493,LAL,4397077,17
401607493,LAL,4066457,23
401607493,LAL,4432582,17
401607493,LAL,4433626,8
401616470,TOR,3149673,33
401616470,TOR,3934719,36
401616470,TOR,4433134,36
401616470,TOR,3134908,26
401616470,TOR,3032979,30
401616470,TOR,3948153,13
401616470,TOR,4431679,22
401616470,TOR,2594922,6
401616470,TOR,4066668,17
401616470,TOR,4277843,20
401616470,TOR,3244,0
401616470,TOR,4066731,0
401616470,TOR,4023,0
401616470,CHA,4066383,38
401616470,CHA,4433287,35
401616470,CHA,4249,35
401616470,CHA,4701232,20
401616470,CHA,3074752,40
401616470,CHA,4278078,25
401616470,CHA,4278076,26
401616470,CHA,4305,14
401616470,CHA,4576086,7
401616470,CHA,4395650,0
401616470,CHA,4702233,0
401616470,CHA,4683027,0
401616470,CHA,4431712,0
401616470,CHA,4432816,0
401616471,DET,4277848,23
401616471,DET,3593,29
401616471,DET,4432810,29
401616471,DET,4432166,32
401616471,DET,4683024,32
401616471,DET,4277957,12
401616471,DET,4278075,5
401616471,DET,2528794,4
401616471,DET,4432808,16
401616471,DET,6429,13
401616471,DET,4432107,5
401616471,DET,4433218,21
401616471,DET,4684742,20
401616471,ORL,4432573,30
401616471,ORL,4566434,31
401616471,ORL,4348700,28
401616471,ORL,2999547,23
401616471,ORL,4712849,25
401616471,ORL,2968436,16
401616471,ORL,4278052,13
401616471,ORL,4433623,25
401616471,ORL,3918423,4
401616471,ORL,3150844,16
401616471,ORL,4432809,24
401616471,ORL,5105806,5
401616472,ATL,4065732,37
401616472,ATL,3102529,30
401616472,ATL,3037789,39
401616472,ATL,3907497,36
401616472,ATL,4397136,38
401616472,ATL,4431680,18
401616472,ATL,4004,17
401616472,ATL,4032,10
401616472,ATL,3913180,3
401616472,ATL,4065656,13
401616472,ATL,4277952,0
401616472,ATL,4432585,0
401616472,PHI,3416,29
401616472,PHI,6440,34
401616472,PHI,3059318,36
401616472,PHI,4066436,34
401616472,PHI,4431678,39
401616472,PHI,6462,16
401616472,PHI,4278562,6
401616472,PHI,4277919,5
401616472,PHI,3964,18
401616472,PHI,3133603,24
401616472,PHI,2490620,0
401616472,PHI,4431828,0
401616472,PHI,2991155,0
401616472,PHI,3929325,0
401616472,PHI,4432164,0
401616473,WSH,3134907,30
401616473,WSH,4278049,22
401616473,WSH,4683021,27
401616473,WSH,3135046,28
401616473,WSH,4277956,24
401616473,WSH,3428,19
401616473,WSH,2581184,4
401616473,WSH,4066410,4
401616473,WSH,4280151,21
401616473,WSH,2490089,15
401616473,WSH,4395695,14
401616473,WSH,4397127,4
401616473,WSH,4433246,4
401616473,WSH,5104155,25
401616473,BKN,3138196,25
401616473,BKN,4278067,26
401616473,BKN,2580782,33
401616473,BKN,3147657,30
401616473,BKN,4432174,29
401616473,BKN,4065649,5
401616473,BKN,2578185,26
401616473,BKN,2583632,26
401616473,BKN,4431675,19
401616473,BKN,4432194,20
401616473,BKN,4065697,0
401616473,BKN,4277890,0
401617579,NY,3064514,34
401617579,NY,4395625,31
401617579,NY,4351852,19
401617579,NY,3934672,34
401617579,NY,3934673,22
401617579,NY,4222252,29
401617579,NY,3062679,27
401617579,NY,4395724,25
401617579,NY,4397014,19
401617579,NY,4277922,0
401617579,NY,6588,0
401617579,NY,2991047,0
401617579,NY,3913220,0
401617579,NY,4431823,0
401617579,BOS,4065648,39
401617579,BOS,3102531,29
401617579,BOS,3995,35
401617579,BOS,3078576,32
401617579,BOS,3917376,27
401617579,BOS,4065804,21
401617579,BOS,4397885,0
401617579,BOS,4278031,0
401617579,BOS,3213,27
401617579,BOS,3064560,11
401617579,BOS,4066354,19
401617579,BOS,4066405,0
401617579,BOS,4397424,0
401617579,BOS,3133602,0
401616474,CLE,3912848,25
401616474,CLE,4066328,25
401616474,CLE,3908809,36
401616474,CLE,4065778,34
401616474,CLE,4396907,26
401616474,CLE,2990969,20
401616474,CLE,4432822,22
401616474,CLE,6474,16
401616474,CLE,3064559,3
401616474,CLE,4066757,10
401616474,CLE,4701233,23
401616474,CLE,4432815,0
401616474,MIA,6430,36
401616474,MIA,3138160,34
401616474,MIA,3157465,23
401616474,MIA,4593049,20
401616474,MIA,3012,32
401616474,MIA,3449,28
401616474,MIA,4432848,35
401616474,MIA,2581190,31
401616474,MIA,4278572,0
401616474,MIA,4397134,0
401616474,MIA,4997528,0
401616474,MIA,3934723,0
401616475,MIN,3032976,36
401616475,MIN,3136195,29
401616475,MIN,3195,32
401616475,MIN,4278039,34
401616475,MIN,4594268,4
401616475,MIN,2993874,22
401616475,MIN,4278508,30
401616475,MIN,4592187,3
401616475,MIN,4277951,3
401616475,MIN,4396971,24
401616475,MIN,3915195,22
401616475,MIN,3134916,0
401616475,MEM,4277961,29
401616475,MEM,4593041,25
401616475,MEM,6427,20
401616475,MEM,3456,22
401616475,MEM,4066320,37
401616475,MEM,4277964,17
401616475,MEM,4433137,4
401616475,MEM,4585610,4
401616475,MEM,4593125,24
401616475,MEM,4278378,4
401616475,MEM,3134932,17
401616475,MEM,4278541,20
401616475,MEM,4397227,17
401616476,GS,6589,35
401616476,GS,3059319,32
401616476,GS,3155535,16
401616476,GS,3975,40
401616476,GS,6475,39
401616476,GS,3032978,23
401616476,GS,4433247,29
401616476,GS,6446,13
401616476,GS,4432171,16
401616476,GS,4709138,23
401616476,GS,4431684,0
401616476,GS,2779,0
401616476,GS,3134903,0
401616476,OKC,4433255,35
401616476,OKC,4278073,42
401616476,OKC,4397020,39
401616476,OKC,4593803,40
401616476,OKC,4871145,25
401616476,OKC,4432823,6
401616476,OKC,6426,0
401616476,OKC,3133626,9
401616476,OKC,4395702,23
401616476,OKC,4397183,22
401616476,OKC,4683692,24
401616476,OKC,4683018,0
401616476,OKC,4997526,0
401616476,OKC,3102532,0
401616476,OKC,4432819,0
401616477,CHI,4431687,34
401616477,CHI,6478,36
401616477,CHI,3978,39
401616477,CHI,2991350,18
401616477,CHI,4395651,39
401616477,CHI,5105553,4
401616477,CHI,2528693,23
401616477,CHI,6585,12
401616477,CHI,3133635,9
401616477,CHI,4397002,26
401616477,CHI,4279815,0
401616477,CHI,4433159,0
401616477,SA,4395723,35
401616477,SA,4565201,23
401616477,SA,4610139,34
401616477,SA,5104157,32
401616477,SA,4395630,34
401616477,SA,2528588,15
401616477,SA,4066650,23
401616477,SA,4592479,6
401616477,SA,3893016,10
401616477,SA,4395626,28
401616477,SA,4278580,0
401616477,SA,4870562,0
401616477,SA,4397886,0
401616477,SA,3133601,0
401616477,SA,4683935,0
401616478,HOU,3155526,33
401616478,HOU,4432639,25
401616478,HOU,4871144,34
401616478,HOU,2991230,40
401616478,HOU,4437244,35
401616478,HOU,3209,27
401616478,HOU,3136777,13
401616478,HOU,4433192,17
401616478,HOU,3922230,16
401616478,HOU,2528779,0
401616478,HOU,4376,0
401616478,HOU,4397821,0
401616478,DEN,3064290,22
401616478,DEN,4278104,40
401616478,DEN,3112335,34
401616478,DEN,2581018,25
401616478,DEN,3936299,32
401616478,DEN,2284101,6
401616478,DEN,3442,12
401616478,DEN,6443,25
401616478,DEN,4431767,14
401616478,DEN,4432181,4
401616478,DEN,4576087,26
401616478,DEN,4395620,0
401616478,DEN,4431690,0
401616478,DEN,4398390,0
401617581,SAC,6578,32
401617581,SAC,3155942,38
401617581,SAC,4594327,30
401617581,SAC,4066259,35
401617581,SAC,4066372,17
401617581,SAC,3136196,13
401617581,SAC,3893014,20
401617581,SAC,4397693,1
401617581,SAC,3452,7
401617581,SAC,4592402,1
401617581,SAC,4066262,28
401617581,SAC,4278053,1
401617581,SAC,4702177,17
401617581,PHX,3136779,17
401617581,PHX,3102530,30
401617581,PHX,3431,38
401617581,PHX,3136193,38
401617581,PHX,4065663,29
401617581,PHX,3914283,23
401617581,PHX,3914285,16
401617581,PHX,3133838,24
401617581,PHX,4395652,4
401617581,PHX,4397102,1
401617581,PHX,4278124,1
401617581,PHX,4278402,20
401616479,LAC,4251,37
401616479,LAC,6450,38
401616479,LAC,4017837,42
401616479,LAC,3992,34
401616479,LAC,3907823,30
401616479,LAC,3468,17
401616479,LAC,2595516,28
401616479,LAC,4431752,14
401616479,LAC,3033,0
401616479,LAC,4066387,0
401616479,LAC,4592492,0
401616479,UTAH,3899664,31
401616479,UTAH,3908845,35
401616479,UTAH,4433136,31
401616479,UTAH,2528426,28
401616479,UTAH,4433627,28
401616479,UTAH,2489663,18
401616479,UTAH,4684806,12
401616479,UTAH,4396991,22
401616479,UTAH,4277811,18
401616479,UTAH,4397018,17
401616479,UTAH,4423309,0
401616479,UTAH,3074213,0
401616479,UTAH,2991139,0
401616480,DAL,3936099,39
401616480,DAL,4683688,28
401616480,DAL,6442,13
401616480,DAL,3102528,33
401616480,DAL,3945274,41
401616480,DAL,6461,7
401616480,DAL,2531367,12
401616480,DAL,4595400,5
401616480,DAL,2326307,18
401616480,DAL,2528210,37
401616480,DAL,4067017,7
401616480,DAL,2993370,0
401616480,DAL,4868423,0
401616480,POR,4431736,32
401616480,POR,4066268,21
401616480,POR,3907498,36
401616480,POR,4351851,36
401616480,POR,4914336,32
401616480,POR,4278111,8
401616480,POR,4432446,27
401616480,POR,4594326,18
401616480,POR,4683678,30
401616480,POR,4397126,0
401616480,POR,4871140,0
401616480,POR,4066269,0
401616480,POR,5099752,0
401607495,IND,4278355,29
401607495,IND,3133628,25
401607495,IND,2990984,32
401607495,IND,4065670,19
401607495,IND,4396993,35
401607495,IND,4432170,19
401607495,IND,5106060,1
401607495,IND,4432827,1
401607495,IND,2530530,18
401607495,IND,4396909,26
401607495,IND,4431727,1
401607495,IND,4433076,1
401607495,IND,4433254,1
401607495,IND,4683634,30
401607495,IND,4277883,0
401607495,LAL,1966,35
401607495,LAL,6583,41
401607495,LAL,2990962,19
401607495,LAL,4395627,33
401607495,LAL,3136776,32
401607495,LAL,4066648,9
401607495,LAL,4278077,16
401607495,LAL,4684286,1
401607495,LAL,4397077,7
401607495,LAL,4066457,28
401607495,LAL,4432582,19
401607495,LAL,4433626,1
401607495,LAL,3058254,0
401584920,MIA,6430,36
401584920,MIA,3138160,39
401584920,MIA,3157465,33
401584920,MIA,4593049,22
401584920,MIA,3012,35
401584920,MIA,3449,21
401584920,MIA,4432848,24
401584920,MIA,3934723,4
401584920,MIA,2581190,25
401584920,MIA,4278572,0
401584920,MIA,4397134,0
401584920,MIA,4590530,0
401584920,CHA,4066383,34
401584920,CHA,4433287,30
401584920,CHA,4249,32
401584920,CHA,4278076,26
401584920,CHA,3074752,39
401584920,CHA,4278078,32
401584920,CHA,4702233,9
401584920,CHA,4305,15
401584920,CHA,4576086,23
401584920,CHA,4395650,0
401584920,CHA,4683027,0
401584920,CHA,4431712,0
401584921,IND,4278355,12
401584921,IND,3133628,31
401584921,IND,2990984,31
401584921,IND,4065670,37
401584921,IND,4396993,33
401584921,IND,4432170,17
401584921,IND,2530530,15
401584921,IND,4396909,27
401584921,IND,4683634,37
401584921,IND,5106060,0
401584921,IND,4277883,0
401584921,IND,4432827,0
401584921,IND,4433076,0
401584921,DET,3593,34
401584921,DET,4432810,34
401584921,DET,4432166,38
401584921,DET,4683024,23
401584921,DET,4684742,33
401584921,DET,4277957,17
401584921,DET,4278075,1
401584921,DET,4432808,13
401584921,DET,6429,13
401584921,DET,4433218,34
401584921,DET,4277848,0
401584921,DET,2528794,0
401584921,DET,4432107,0
401584922,CLE,3912848,29
401584922,CLE,4066328,15
401584922,CLE,3908809,37
401584922,CLE,4065778,26
401584922,CLE,4396907,39
401584922,CLE,2990969,22
401584922,CLE,4432822,26
401584922,CLE,6474,29
401584922,CLE,4066757,17
401584922,CLE,4432815,0
401584922,CLE,3064559,0
401584922,CLE,4701233,0
401584922,ORL,4432573,36
401584922,ORL,4566434,33
401584922,ORL,4348700,29
401584922,ORL,4432165,28
401584922,ORL,4712849,19
401584922,ORL,2968436,20
401584922,ORL,4065654,13
401584922,ORL,3150844,18
401584922,ORL,2999547,26
401584922,ORL,4432809,18
401584922,ORL,4278052,0
401584922,ORL,4433623,0
401584922,ORL,3918423,0
401584922,ORL,5105806,0
401584923,WSH,3134907,27
401584923,WSH,4683021,26
401584923,WSH,2490089,20
401584923,WSH,3135046,21
401584923,WSH,4277956,26
401584923,WSH,3428,11
401584923,WSH,2581184,10
401584923,WSH,4066410,2
401584923,WSH,4280151,23
401584923,WSH,4395695,19
401584923,WSH,4397127,6
401584923,WSH,4433246,17
401584923,WSH,5104155,31
401584923,PHI,3416,20
401584923,PHI,6440,30
401584923,PHI,3059318,30
401584923,PHI,4066436,27
401584923,PHI,4431678,25
401584923,PHI,2490620,14
401584923,PHI,6462,12
401584923,PHI,4278562,13
401584923,PHI,4431828,6
401584923,PHI,2991155,9
401584923,PHI,4277919,8
401584923,PHI,3964,11
401584923,PHI,3929325,9
401584923,PHI,3133603,18
401584923,PHI,4432164,9
401584924,DEN,3064290,29
401584924,DEN,4278104,26
401584924,DEN,3112335,36
401584924,DEN,2581018,30
401584924,DEN,3936299,29
401584924,DEN,4431690,12
401584924,DEN,6443,19
401584924,DEN,4431767,11
401584924,DEN,4432181,28
401584924,DEN,4576087,20
401584924,DEN,2284101,0
401584924,DEN,4395620,0
401584924,DEN,3442,0
401584924,DEN,4398390,0
401584924,ATL,3102529,28
401584924,ATL,3907497,38
401584924,ATL,3913180,17
401584924,ATL,4277905,26
401584924,ATL,4397136,40
401584924,ATL,4431680,28
401584924,ATL,4432585,9
401584924,ATL,4032,18
401584924,ATL,3037789,36
401584924,ATL,4277952,0
401584924,ATL,4004,0
401584924,ATL,4065656,0
401584924,ATL,4431775,0
401584925,TOR,3149673,37
401584925,TOR,3934719,37
401584925,TOR,4433134,38
401584925,TOR,3134908,24
401584925,TOR,3032979,33
401584925,TOR,3948153,10
401584925,TOR,4431679,21
401584925,TOR,4066668,17
401584925,TOR,4277843,19
401584925,TOR,5106258,4
401584925,TOR,3244,0
401584925,TOR,4066731,0
401584925,TOR,4023,0
401584925,NY,3064514,35
401584925,NY,4395625,32
401584925,NY,4277922,21
401584925,NY,3934672,38
401584925,NY,3934673,19
401584925,NY,4222252,27
401584925,NY,3062679,31
401584925,NY,4397014,27
401584925,NY,4431823,10
401584925,NY,6588,0
401584925,NY,2991047,0
401584925,NY,3906786,0
401584925,NY,3913220,0
401584925,NY,4066508,0
401584925,NY,4395724,0
401584926,SA,4395723,37
401584926,SA,4565201,34
401584926,SA,4610139,35
401584926,SA,5104157,33
401584926,SA,4395630,31
401584926,SA,2528588,15
401584926,SA,4066650,14
401584926,SA,4278580,4
401584926,SA,4592479,8
401584926,SA,3893016,13
401584926,SA,4395626,16
401584926,SA,3133601,0
401584926,SA,4683935,0
401584926,HOU,3155526,30
401584926,HOU,4432639,36
401584926,HOU,4871144,30
401584926,HOU,2991230,39
401584926,HOU,4437244,24
401584926,HOU,3209,19
401584926,HOU,3136777,9
401584926,HOU,4433192,27
401584926,HOU,3922230,15
401584926,HOU,4684740,10
401584926,HOU,4376,0
401584926,HOU,3146557,0
401584926,HOU,4397821,0
401584927,DAL,3936099,6
401584927,DAL,4683688,35
401584927,DAL,2326307,20
401584927,DAL,3102528,35
401584927,DAL,3945274,44
401584927,DAL,6461,21
401584927,DAL,2531367,12
401584927,DAL,4595400,18
401584927,DAL,4067017,14
401584927,DAL,4868423,34
401584927,DAL,2993370,0
401584927,MEM,4277961,42
401584927,MEM,4593041,29
401584927,MEM,4593125,20
401584927,MEM,3456,17
401584927,MEM,4066320,39
401584927,MEM,4277964,7
401584927,MEM,4433137,16
401584927,MEM,6427,12
401584927,MEM,3134932,25
401584927,MEM,4278541,8
401584927,MEM,4397227,26
401584927,MEM,4585610,0
401584927,MEM,4592691,0
401584927,MEM,4278378,0
401584928,CHI,4431687,41
401584928,CHI,6478,39
401584928,CHI,3978,42
401584928,CHI,4395651,45
401584928,CHI,4397002,26
401584928,CHI,5105553,4
401584928,CHI,2528693,29
401584928,CHI,6585,14
401584928,CHI,3133635,13
401584928,CHI,4433159,11
401584928,CHI,4279815,0
401584928,CHI,2991350,0
401584928,MIL,6609,33
401584928,MIL,3032977,41
401584928,MIL,3448,40
401584928,MIL,3907822,40
401584928,MIL,6606,41
401584928,MIL,3064482,25
401584928,MIL,4432179,14
401584928,MIL,3064230,18
401584928,MIL,4397475,14
401584928,MIL,3102533,0
401584928,MIL,3447,0
401584928,MIL,4432190,0
401584929,MIN,4278508,27
401584929,MIN,3032976,25
401584929,MIN,3136195,33
401584929,MIN,3195,27
401584929,MIN,4278039,24
401584929,MIN,2993874,19
401584929,MIN,4431671,27
401584929,MIN,4592187,2
401584929,MIN,4687718,2
401584929,MIN,4396971,24
401584929,MIN,3915195,20
401584929,MIN,4432176,2
401584929,MIN,3134916,8
401584929,NO,3913176,29
401584929,NO,4277813,32
401584929,NO,4395628,33
401584929,NO,6477,35
401584929,NO,2490149,29
401584929,NO,4278594,14
401584929,NO,4397688,24
401584929,NO,4277869,15
401584929,NO,4683750,1
401584929,NO,4869342,28
401584929,NO,4432813,0
401584929,NO,2579258,0
401584929,NO,4395698,0
401584930,UTAH,2489663,21
401584930,UTAH,3899664,23
401584930,UTAH,2528426,22
401584930,UTAH,4397018,22
401584930,UTAH,4433627,33
401584930,UTAH,4423309,17
401584930,UTAH,4684806,26
401584930,UTAH,4396991,15
401584930,UTAH,3074213,10
401584930,UTAH,2991139,25
401584930,UTAH,4277811,26
401584930,UTAH,4433136,0
401584930,OKC,4433255,25
401584930,OKC,4278073,28
401584930,OKC,4593803,22
401584930,OKC,4683692,25
401584930,OKC,4871145,24
401584930,OKC,4066317,8
401584930,OKC,4432823,10
401584930,OKC,4683018,9
401584930,OKC,4997526,26
401584930,OKC,6426,9
401584930,OKC,3102532,16
401584930,OKC,3133626,7
401584930,OKC,4395702,15
401584930,OKC,4397183,4
401584930,OKC,4432819,13
401584931,BKN,3138196,32
401584931,BKN,4278067,26
401584931,BKN,2580782,34
401584931,BKN,3147657,37
401584931,BKN,4432174,31
401584931,BKN,4065649,4
401584931,BKN,2578185,25
401584931,BKN,2583632,19
401584931,BKN,4431675,11
401584931,BKN,4431714,4
401584931,BKN,4432194,14
401584931,BKN,4066450,4
401584931,SAC,6578,27
401584931,SAC,3155942,34
401584931,SAC,4594327,34
401584931,SAC,4066259,33
401584931,SAC,4066372,17
401584931,SAC,3136196,23
401584931,SAC,3893014,11
401584931,SAC,4397693,3
401584931,SAC,4398207,1
401584931,SAC,3452,8
401584931,SAC,4592402,3
401584931,SAC,4066262,28
401584931,SAC,4278053,3
401584931,SAC,4433378,1
401584931,SAC,4702177,15
401584932,POR,4431736,37
401584932,POR,4066268,26
401584932,POR,3907498,31
401584932,POR,4351851,38
401584932,POR,4914336,41
401584932,POR,4432446,22
401584932,POR,4397126,16
401584932,POR,4683678,30
401584932,POR,4594326,0
401584932,POR,4066269,0
401584932,POR,2566769,0
401584932,POR,5099752,0
401584932,LAC,4251,41
401584932,LAC,6450,39
401584932,LAC,4017837,33
401584932,LAC,3992,37
401584932,LAC,3907823,29
401584932,LAC,2451037,14
401584932,LAC,3468,16
401584932,LAC,2595516,25
401584932,LAC,4431752,5
401584932,LAC,3033,0
401584932,LAC,3914075,0
401584932,LAC,4066387,0
401584932,LAC,4396818,0
401584932,LAC,4432162,0
401584933,CLE,3912848,20
401584933,CLE,4066328,37
401584933,CLE,3908809,35
401584933,CLE,4065778,37
401584933,CLE,4396907,38
401584933,CLE,2990969,23
401584933,CLE,4432822,16
401584933,CLE,6474,12
401584933,CLE,2991043,23
401584933,CLE,3064559,0
401584933,CLE,4066757,0
401584933,CLE,4701233,0
401584933,BOS,4065648,41
401584933,BOS,3102531,32
401584933,BOS,3995,34
401584933,BOS,3078576,37
401584933,BOS,3917376,35
401584933,BOS,4065804,20
401584933,BOS,3213,22
401584933,BOS,3064560,8
401584933,BOS,4066354,12
401584933,BOS,4066405,0
401584933,BOS,4397885,0
401584933,BOS,4278031,0
401584933,BOS,4397424,0
401584933,BOS,3133602,0
401584934,LAL,1966,40
401584934,LAL,6583,37
401584934,LAL,2990962,37
401584934,LAL,4395627,22
401584934,LAL,3136776,25
401584934,LAL,4066648,29
401584934,LAL,4397077,13
401584934,LAL,4066457,32
401584934,LAL,4432582,6
401584934,LAL,3058254,0
401584934,LAL,4278077,0
401584934,LAL,3137259,0
401584934,DAL,4066218,40
401584934,DAL,4683688,30
401584934,DAL,2326307,12
401584934,DAL,3102528,36
401584934,DAL,3945274,43
401584934,DAL,6461,6
401584934,DAL,2993370,15
401584934,DAL,4595400,1
401584934,DAL,2528210,37
401584934,DAL,4067017,0
401584934,DAL,4868423,19
401584934,DAL,4432161,0
401584934,DAL,2531367,0
401584934,DAL,4396676,0
401584935,DEN,3064290,32
401584935,DEN,4278104,32
401584935,DEN,3112335,16
401584935,DEN,6443,32
401584935,DEN,2581018,13
401584935,DEN,2284101,23
401584935,DEN,3442,25
401584935,DEN,4431767,23
401584935,DEN,4432181,23
401584935,DEN,4576087,23
401584935,DEN,4395620,0
401584935,DEN,4431690,0
401584935,DEN,4398390,0
401584935,CHI,4431687,31
401584935,CHI,6478,33
401584935,CHI,3978,37
401584935,CHI,4395651,35
401584935,CHI,4397002,38
401584935,CHI,4279815,1
401584935,CHI,5105553,7
401584935,CHI,2528693,19
401584935,CHI,6585,14
401584935,CHI,3133635,15
401584935,CHI,4433159,11
401584935,CHI,2991350,0
401584936,GS,6589,17
401584936,GS,3059319,15
401584936,GS,3155535,11
401584936,GS,3975,32
401584936,GS,6475,27
401584936,GS,3032978,20
401584936,GS,4431684,7
401584936,GS,4433247,29
401584936,GS,2779,30
401584936,GS,4432171,24
401584936,GS,4709138,29
401584936,GS,6446,0
401584936,GS,3134903,0
401584936,PHX,3914283,25
401584936,PHX,3102530,31
401584936,PHX,6580,27
401584936,PHX,3136193,36
401584936,PHX,4065663,11
401584936,PHX,3914285,17
401584936,PHX,3133838,20
401584936,PHX,3136779,6
401584936,PHX,4397102,5
401584936,PHX,3431,32
401584936,PHX,4278402,30
401584937,SAC,6578,19
401584937,SAC,3155942,26
401584937,SAC,4594327,31
401584937,SAC,4066259,25
401584937,SAC,4066372,17
401584937,SAC,3136196,20
401584937,SAC,3893014,20
401584937,SAC,4397693,8
401584937,SAC,3452,6
401584937,SAC,4592402,12
401584937,SAC,4066262,22
401584937,SAC,4066736,8
401584937,SAC,4278053,15
401584937,SAC,4702177,12
401584937,SAC,2596107,0
401584937,LAC,4251,16
401584937,LAC,6450,31
401584937,LAC,4017837,23
401584937,LAC,3992,28
401584937,LAC,3907823,30
401584937,LAC,2451037,16
401584937,LAC,3468,20
401584937,LAC,2595516,27
401584937,LAC,3914075,7
401584937,LAC,4066387,9
401584937,LAC,4431752,24
401584937,LAC,4592492,9
401584937,LAC,3033,0
401584938,PHI,3416,20
401584938,PHI,6440,26
401584938,PHI,3059318,31
401584938,PHI,4066436,21
401584938,PHI,4431678,33
401584938,PHI,2490620,17
401584938,PHI,6462,16
401584938,PHI,4278562,13
401584938,PHI,4431828,4
401584938,PHI,2991155,7
401584938,PHI,4277919,3
401584938,PHI,3964,13
401584938,PHI,3929325,5
401584938,PHI,3133603,23
401584938,PHI,4432164,7
401584938,DET,3593,33
401584938,DET,4432810,22
401584938,DET,4432166,30
401584938,DET,4683024,32
401584938,DET,4684742,30
401584938,DET,4277957,27
401584938,DET,4278075,10
401584938,DET,4432808,16
401584938,DET,6429,13
401584938,DET,4432107,5
401584938,DET,4433218,21
401584938,DET,4277848,0
401584938,DET,2528794,0
401584939,NO,3913176,31
401584939,NO,4277813,20
401584939,NO,6477,33
401584939,NO,2490149,32
401584939,NO,4869342,16
401584939,NO,4278594,28
401584939,NO,4397688,33
401584939,NO,4432813,2
401584939,NO,2579258,5
401584939,NO,4277869,18
401584939,NO,4395698,4
401584939,NO,4683750,19
401584939,WSH,3134907,30
401584939,WSH,4278049,24
401584939,WSH,4683021,30
401584939,WSH,3135046,26
401584939,WSH,4277956,31
401584939,WSH,3428,16
401584939,WSH,2581184,10
401584939,WSH,4280151,21
401584939,WSH,2490089,4
401584939,WSH,4395695,13
401584939,WSH,4433246,4
401584939,WSH,5104155,32
401584940,CHA,4066383,34
401584940,CHA,4433287,39
401584940,CHA,4249,35
401584940,CHA,4278076,40
401584940,CHA,3074752,37
401584940,CHA,4278078,4
401584940,CHA,4702233,16
401584940,CHA,4305,17
401584940,CHA,4576086,18
401584940,CHA,4230547,0
401584940,CHA,4683027,0
401584940,CHA,4431712,0
401584940,MIA,6430,29
401584940,MIA,3138160,36
401584940,MIA,3157465,40
401584940,MIA,4593049,12
401584940,MIA,3012,24
401584940,MIA,3449,20
401584940,MIA,4278572,29
401584940,MIA,4432848,33
401584940,MIA,3934723,16
401584940,MIA,4397134,0
401584940,MIA,4066261,0
401584940,MIA,4590530,0
401584941,ATL,3102529,34
401584941,ATL,4032,14
401584941,ATL,3907497,34
401584941,ATL,4277905,39
401584941,ATL,4397136,38
401584941,ATL,4431680,30
401584941,ATL,3037789,32
401584941,ATL,3913180,19
401584941,ATL,4277952,0
401584941,ATL,4004,0
401584941,ATL,4065656,0
401584941,ATL,4431775,0
401584941,TOR,3149673,36
401584941,TOR,3934719,37
401584941,TOR,4433134,34
401584941,TOR,3134908,32
401584941,TOR,3032979,37
401584941,TOR,3948153,10
401584941,TOR,4431679,17
401584941,TOR,4066668,17
401584941,TOR,4277843,20
401584941,TOR,3244,0
401584941,TOR,4066731,0
401584941,TOR,2594922,0
401584941,TOR,4023,0
401584941,TOR,5106258,0
401584942,MEM,4277961,40
401584942,MEM,4593041,32
401584942,MEM,6427,24
401584942,MEM,3456,31
401584942,MEM,4397227,28
401584942,MEM,4433137,26
401584942,MEM,4592691,15
401584942,MEM,4593125,16
401584942,MEM,4278378,13
401584942,MEM,2991274,0
401584942,MEM,3134932,7
401584942,MEM,4278541,8
401584942,MEM,4277964,0
401584942,MEM,4585610,0
401584942,HOU,3155526,28
401584942,HOU,4432639,30
401584942,HOU,4871144,24
401584942,HOU,2991230,39
401584942,HOU,4437244,24
401584942,HOU,3209,13
401584942,HOU,3136777,23
401584942,HOU,4433192,27
401584942,HOU,2528779,6
401584942,HOU,3146557,10
401584942,HOU,3922230,14
401584942,HOU,4376,0
401584942,HOU,4397821,0
401584943,IND,4278355,20
401584943,IND,3133628,33
401584943,IND,2990984,27
401584943,IND,4065670,27
401584943,IND,4396993,31
401584943,IND,4432170,13
401584943,IND,5106060,6
401584943,IND,4277883,6
401584943,IND,4432827,6
401584943,IND,2530530,16
401584943,IND,4396909,25
401584943,IND,4433076,6
401584943,IND,4683634,25
401584943,MIL,6609,29
401584943,MIL,3032977,37
401584943,MIL,3448,33
401584943,MIL,3907822,36
401584943,MIL,6606,36
401584943,MIL,3064482,23
401584943,MIL,3102533,1
401584943,MIL,4432179,15
401584943,MIL,3447,1
401584943,MIL,3064230,14
401584943,MIL,4397475,1
401584943,MIL,4432190,14
401584944,LAL,6583,38
401584944,LAL,2990962,32
401584944,LAL,4066648,24
401584944,LAL,4395627,24
401584944,LAL,3136776,33
401584944,LAL,3058254,21
401584944,LAL,4278077,17
401584944,LAL,4397077,7
401584944,LAL,4066457,29
401584944,LAL,4432582,14
401584944,LAL,1966,0
401584944,LAL,4397204,0
401584944,LAL,4702702,0
401584944,SA,4395723,36
401584944,SA,4565201,28
401584944,SA,4610139,29
401584944,SA,5104157,33
401584944,SA,4395630,35
401584944,SA,2528588,15
401584944,SA,4066650,19
401584944,SA,4592479,6
401584944,SA,3893016,17
401584944,SA,4395626,22
401584944,SA,4278580,0
401584944,SA,3133601,0
401584944,SA,4683935,0
401584945,BKN,3138196,34
401584945,BKN,4278067,33
401584945,BKN,2580782,35
401584945,BKN,3147657,39
401584945,BKN,4432174,28
401584945,BKN,2578185,25
401584945,BKN,2583632,19
401584945,BKN,4431675,18
401584945,BKN,4432194,8
401584945,BKN,4065649,0
401584945,BKN,4431714,0
401584945,BKN,4066450,0
401584945,PHX,3914283,20
401584945,PHX,3202,38
401584945,PHX,3102530,31
401584945,PHX,6580,34
401584945,PHX,3136193,40
401584945,PHX,3914285,4
401584945,PHX,3133838,7
401584945,PHX,3136779,12
401584945,PHX,4395652,27
401584945,PHX,4278402,27
401584945,PHX,4397102,0
401584945,PHX,4278124,0
401584946,NY,3064514,39
401584946,NY,4395625,24
401584946,NY,4277922,18
401584946,NY,3934672,39
401584946,NY,3934673,27
401584946,NY,4222252,29
401584946,NY,3062679,29
401584946,NY,4395724,18
401584946,NY,4397014,16
401584946,NY,6588,0
401584946,NY,2991047,0
401584946,NY,3913220,0
401584946,NY,4431823,0
401584946,UTAH,2489663,30
401584946,UTAH,3899664,31
401584946,UTAH,4066336,25
401584946,UTAH,4277811,30
401584946,UTAH,4433627,4
401584946,UTAH,4684806,20
401584946,UTAH,4396991,24
401584946,UTAH,3074213,5
401584946,UTAH,4433136,23
401584946,UTAH,2991139,18
401584946,UTAH,4397018,30
401584946,UTAH,5105839,0
401584946,UTAH,4066399,0
401584947,CLE,3912848,16
401584947,CLE,4066328,39
401584947,CLE,3908809,40
401584947,CLE,4065778,31
401584947,CLE,4396907,36
401584947,CLE,2990969,22
401584947,CLE,4432822,18
401584947,CLE,6474,3
401584947,CLE,2991043,35
401584947,CLE,3064559,0
401584947,CLE,4066757,0
401584947,CLE,4701233,0
401584947,BOS,4065648,36
401584947,BOS,3102531,31
401584947,BOS,3995,37
401584947,BOS,3078576,35
401584947,BOS,3917376,36
401584947,BOS,4065804,18
401584947,BOS,4066405,9
401584947,BOS,3213,24
401584947,BOS,4066354,14
401584947,BOS,4397885,0
401584947,BOS,4278031,0
401584947,BOS,3064560,0
401584947,BOS,3133602,0
401584948,CHI,4431687,32
401584948,CHI,6478,36
401584948,CHI,3978,41
401584948,CHI,2991350,5
401584948,CHI,4395651,40
401584948,CHI,2528693,23
401584948,CHI,6585,12
401584948,CHI,3133635,13
401584948,CHI,4397002,35
401584948,CHI,4433159,3
401584948,CHI,4279815,0
401584948,CHI,5105553,0
401584948,MIA,6430,36
401584948,MIA,3138160,39
401584948,MIA,3157465,27
401584948,MIA,4593049,14
401584948,MIA,3012,39
401584948,MIA,3449,22
401584948,MIA,4278572,8
401584948,MIA,4432848,34
401584948,MIA,3934723,12
401584948,MIA,4590530,9
401584948,MIA,4397134,0
401584948,MIA,4066261,0
401584949,MIN,4431671,24
401584949,MIN,3032976,30
401584949,MIN,3136195,31
401584949,MIN,3195,29
401584949,MIN,4594268,35
401584949,MIN,2993874,18
401584949,MIN,4278508,15
401584949,MIN,4592187,2
401584949,MIN,4687718,2
401584949,MIN,4396971,31
401584949,MIN,3915195,2
401584949,MIN,3134916,2
401584949,MIN,4278039,20
401584949,DAL,3936099,30
401584949,DAL,4066218,36
401584949,DAL,4683688,32
401584949,DAL,3102528,28
401584949,DAL,3945274,39
401584949,DAL,6461,13
401584949,DAL,4432161,2
401584949,DAL,2531367,7
401584949,DAL,2993370,3
401584949,DAL,4595400,3
401584949,DAL,2528210,32
401584949,DAL,4067017,2
401584949,DAL,4868423,13
401584949,DAL,4396676,0
401584950,BKN,3138196,22
401584950,BKN,4278067,17
401584950,BKN,2580782,24
401584950,BKN,3147657,25
401584950,BKN,4432174,27
401584950,BKN,4065649,15
401584950,BKN,2578185,16
401584950,BKN,2583632,14
401584950,BKN,4431675,22
401584950,BKN,4431714,17
401584950,BKN,4432194,26
401584950,BKN,4066450,15
401584950,DEN,2284101,27
401584950,DEN,3064290,24
401584950,DEN,4278104,23
401584950,DEN,3112335,30
401584950,DEN,3936299,22
401584950,DEN,4395620,1
401584950,DEN,4431690,6
401584950,DEN,3442,12
401584950,DEN,6443,23
401584950,DEN,4398390,2
401584950,DEN,4431767,24
401584950,DEN,4432181,20
401584950,DEN,4576087,24
401584951,UTAH,2489663,24
401584951,UTAH,3899664,25
401584951,UTAH,4396991,30
401584951,UTAH,4433136,26
401584951,UTAH,4277811,32
401584951,UTAH,4684806,25
401584951,UTAH,3074213,22
401584951,UTAH,4066399,3
401584951,UTAH,2991139,26
401584951,UTAH,4397018,26
401584951,UTAH,3908845,0
401584951,UTAH,4423309,0
401584951,POR,4431736,24
401584951,POR,4278129,21
401584951,POR,3907498,17
401584951,POR,4351851,22
401584951,POR,4914336,27
401584951,POR,4432446,28
401584951,POR,4594326,17
401584951,POR,4066268,13
401584951,POR,4397126,5
401584951,POR,4066269,17
401584951,POR,2566769,14
401584951,POR,4683678,35
401584952,OKC,4433255,30
401584952,OKC,4278073,38
401584952,OKC,4397020,32
401584952,OKC,4593803,29
401584952,OKC,4871145,29
401584952,OKC,4432823,15
401584952,OKC,4997526,10
401584952,OKC,6426,5
401584952,OKC,3133626,11
401584952,OKC,4395702,15
401584952,OKC,4397183,7
401584952,OKC,4683692,19
401584952,OKC,4278046,0
401584952,OKC,3102532,0
401584952,OKC,4432819,0
401584952,SAC,6578,21
401584952,SAC,3155942,40
401584952,SAC,4594327,31
401584952,SAC,4066259,34
401584952,SAC,4066372,20
401584952,SAC,3136196,19
401584952,SAC,3893014,10
401584952,SAC,4397693,0
401584952,SAC,3452,4
401584952,SAC,4066262,33
401584952,SAC,4702177,28
401584952,SAC,4592402,0
401584952,SAC,4066736,0
401584952,SAC,4278053,0
401584952,SAC,4433378,0
401584953,GS,3155535,26
401584953,GS,4433247,25
401584953,GS,3975,34
401584953,GS,6475,32
401584953,GS,4709138,35
401584953,GS,3032978,17
401584953,GS,3059319,22
401584953,GS,4431684,5
401584953,GS,2779,29
401584953,GS,4432171,16
401584953,GS,6589,0
401584953,GS,6446,0
401584953,GS,3134903,0
401584953,LAC,6450,39
401584953,LAC,4017837,30
401584953,LAC,3992,42
401584953,LAC,3907823,20
401584953,LAC,4066387,29
401584953,LAC,2451037,16
401584953,LAC,3468,19
401584953,LAC,2595516,36
401584953,LAC,4431752,7
401584953,LAC,3033,0
401584953,LAC,3914075,0
401584953,LAC,4432162,0
401584953,LAC,4592492,0
401584954,NO,3913176,32
401584954,NO,4277813,28
401584954,NO,4395628,30
401584954,NO,6477,37
401584954,NO,2490149,35
401584954,NO,4278594,13
401584954,NO,4397688,25
401584954,NO,4277869,21
401584954,NO,4683750,4
401584954,NO,4869342,15
401584954,NO,4432813,0
401584954,NO,2579258,0
401584954,CHA,4066383,39
401584954,CHA,4433287,35
401584954,CHA,4249,34
401584954,CHA,4278076,30
401584954,CHA,3074752,39
401584954,CHA,4702233,14
401584954,CHA,4397371,13
401584954,CHA,4305,15
401584954,CHA,4576086,21
401584954,CHA,4395650,0
401584954,CHA,4431712,0
401584954,CHA,4683686,0
401584955,DET,3593,26
401584955,DET,4432810,20
401584955,DET,4432166,24
401584955,DET,4683024,21
401584955,DET,4684742,22
401584955,DET,4277957,25
401584955,DET,2528794,11
401584955,DET,4432808,28
401584955,DET,6429,17
401584955,DET,4432107,17
401584955,DET,4433218,29
401584955,DET,4277848,0
401584955,DET,4278075,0
401584955,PHI,3416,22
401584955,PHI,6440,24
401584955,PHI,3059318,29
401584955,PHI,4066436,23
401584955,PHI,4431678,27
401584955,PHI,2490620,13
401584955,PHI,6462,15
401584955,PHI,4278562,12
401584955,PHI,4431828,7
401584955,PHI,2991155,12
401584955,PHI,4277919,9
401584955,PHI,3964,12
401584955,PHI,3929325,7
401584955,PHI,3133603,17
401584955,PHI,4432164,12
401584956,IND,4278355,26
401584956,IND,3133628,20
401584956,IND,2990984,27
401584956,IND,4065670,23
401584956,IND,4396993,28
401584956,IND,4432170,20
401584956,IND,5106060,13
401584956,IND,4277883,4
401584956,IND,4432827,4
401584956,IND,2530530,20
401584956,IND,4396909,24
401584956,IND,4433076,9
401584956,IND,4683634,22
401584956,IND,3999,0
401584956,WSH,3134907,30
401584956,WSH,4278049,28
401584956,WSH,4683021,25
401584956,WSH,3135046,29
401584956,WSH,4277956,32
401584956,WSH,3428,10
401584956,WSH,2581184,3
401584956,WSH,4280151,28
401584956,WSH,2490089,19
401584956,WSH,4395695,3
401584956,WSH,4433246,3
401584956,WSH,5104155,30
401584956,WSH,3914044,0
401584957,ORL,4432573,32
401584957,ORL,4566434,34
401584957,ORL,4348700,27
401584957,ORL,4432165,26
401584957,ORL,4712849,28
401584957,ORL,2968436,6
401584957,ORL,4065654,16
401584957,ORL,4278052,3
401584957,ORL,4433623,11
401584957,ORL,3918423,3
401584957,ORL,3150844,13
401584957,ORL,2999547,16
401584957,ORL,4432809,20
401584957,ORL,5105806,3
401584957,BOS,4065648,39
401584957,BOS,4066405,14
401584957,BOS,3995,28
401584957,BOS,3078576,30
401584957,BOS,3917376,30
401584957,BOS,4065804,32
401584957,BOS,4278031,16
401584957,BOS,4397424,18
401584957,BOS,3133602,5
401584957,BOS,4066354,28
401584957,BOS,3102531,0
401584958,ATL,4431680,33
401584958,ATL,3102529,35
401584958,ATL,3907497,33
401584958,ATL,4277905,36
401584958,ATL,4397136,37
401584958,ATL,4277952,1
401584958,ATL,4004,1
401584958,ATL,3037789,33
401584958,ATL,3913180,18
401584958,ATL,4065656,11
401584958,ATL,4431775,1
401584958,ATL,4032,0
401584958,TOR,3149673,34
401584958,TOR,3934719,33
401584958,TOR,4433134,34
401584958,TOR,3134908,25
401584958,TOR,3032979,31
401584958,TOR,3244,3
401584958,TOR,3948153,15
401584958,TOR,4066731,3
401584958,TOR,4431679,17
401584958,TOR,4066668,19
401584958,TOR,4023,3
401584958,TOR,4277843,20
401584958,TOR,5106258,3
401584958,TOR,2594922,0
401584959,LAL,1966,36
401584959,LAL,2990962,36
401584959,LAL,4397077,20
401584959,LAL,4066457,34
401584959,LAL,4432582,23
401584959,LAL,3058254,30
401584959,LAL,4066648,34
401584959,LAL,4278077,13
401584959,LAL,4397204,5
401584959,LAL,4702702,8
401584959,LAL,6583,0
401584959,LAL,4395627,0
401584959,LAL,3136776,0
401584959,SA,4395723,31
401584959,SA,4565201,33
401584959,SA,4610139,27
401584959,SA,5104157,31
401584959,SA,4395630,35
401584959,SA,2528588,17
401584959,SA,4066650,19
401584959,SA,4278580,2
401584959,SA,4592479,9
401584959,SA,3893016,25
401584959,SA,3133601,10
401584959,SA,4683935,2
401584959,SA,4395626,0
401584960,HOU,3155526,40
401584960,HOU,4432639,30
401584960,HOU,4871144,32
401584960,HOU,2991230,36
401584960,HOU,4437244,28
401584960,HOU,3209,19
401584960,HOU,4433192,23
401584960,HOU,2528779,4
401584960,HOU,3146557,8
401584960,HOU,3922230,19
401584960,HOU,4376,0
401584960,HOU,4397821,0
401584960,MEM,4277961,33
401584960,MEM,6427,33
401584960,MEM,3456,9
401584960,MEM,4066320,40
401584960,MEM,4397227,30
401584960,MEM,4433137,15
401584960,MEM,4592691,10
401584960,MEM,4593041,28
401584960,MEM,4593125,26
401584960,MEM,4278378,16
401584960,MEM,4277964,0
401584960,MEM,4585610,0
401584960,MEM,3134932,0
401584961,NY,3064514,35
401584961,NY,4395625,29
401584961,NY,4277922,17
401584961,NY,3934672,35
401584961,NY,3934673,19
401584961,NY,3986,1
401584961,NY,4222252,31
401584961,NY,2991047,1
401584961,NY,3062679,29
401584961,NY,3913220,1
401584961,NY,4395724,24
401584961,NY,4397014,15
401584961,NY,4431823,1
401584961,NY,6588,0
401584961,PHX,3202,36
401584961,PHX,3102530,30
401584961,PHX,6580,5
401584961,PHX,3135045,36
401584961,PHX,3136193,37
401584961,PHX,3914283,10
401584961,PHX,3914285,15
401584961,PHX,3133838,8
401584961,PHX,3136779,14
401584961,PHX,4395652,26
401584961,PHX,4397102,2
401584961,PHX,4278402,23
401584962,DET,4277848,22
401584962,DET,3593,31
401584962,DET,4432166,31
401584962,DET,4683024,14
401584962,DET,4684742,24
401584962,DET,4277957,27
401584962,DET,4278075,9
401584962,DET,2528794,7
401584962,DET,4432808,26
401584962,DET,6429,4
401584962,DET,4432107,17
401584962,DET,4433218,28
401584962,DET,4432810,0
401584962,MIL,3032977,26
401584962,MIL,4432179,33
401584962,MIL,3448,26
401584962,MIL,6606,30
401584962,MIL,4432190,26
401584962,MIL,3064482,27
401584962,MIL,3102533,5
401584962,MIL,4433622,9
401584962,MIL,3447,6
401584962,MIL,3064230,15
401584962,MIL,2578239,12
401584962,MIL,4277887,5
401584962,MIL,4397475,20
401584963,PHI,3416,20
401584963,PHI,6440,25
401584963,PHI,3059318,30
401584963,PHI,4066436,25
401584963,PHI,4431678,33
401584963,PHI,2490620,14
401584963,PHI,6462,16
401584963,PHI,4278562,14
401584963,PHI,4431828,4
401584963,PHI,2991155,7
401584963,PHI,4277919,7
401584963,PHI,3964,8
401584963,PHI,3929325,4
401584963,PHI,3133603,21
401584963,PHI,4432164,12
401584963,CHA,4066383,31
401584963,CHA,4433287,29
401584963,CHA,4278076,19
401584963,CHA,3074752,20
401584963,CHA,4576086,24
401584963,CHA,4395650,7
401584963,CHA,4702233,22
401584963,CHA,4397371,29
401584963,CHA,4305,18
401584963,CHA,4431712,7
401584963,CHA,4683686,26
401584963,CHA,5105638,7
401584964,ATL,4065732,26
401584964,ATL,4431680,32
401584964,ATL,3907497,37
401584964,ATL,4277905,38
401584964,ATL,4397136,36
401584964,ATL,4277952,16
401584964,ATL,4004,13
401584964,ATL,4032,20
401584964,ATL,3913180,14
401584964,ATL,4065656,7
401584964,ATL,3037789,0
401584964,ATL,4431775,0
401584964,CLE,3912848,22
401584964,CLE,4432822,32
401584964,CLE,4066328,35
401584964,CLE,3908809,41
401584964,CLE,4065778,34
401584964,CLE,2990969,15
401584964,CLE,6474,13
401584964,CLE,2991043,25
401584964,CLE,4066757,8
401584964,CLE,4701233,15
401584964,CLE,4432815,0
401584964,CLE,3064559,0
401584965,CHI,4431687,33
401584965,CHI,6478,32
401584965,CHI,3978,42
401584965,CHI,4395651,39
401584965,CHI,4397002,41
401584965,CHI,5105553,0
401584965,CHI,2528693,14
401584965,CHI,6585,11
401584965,CHI,3133635,12
401584965,CHI,4433159,16
401584965,CHI,4279815,0
401584965,CHI,4423884,0
401584965,CHI,2991350,0
401584965,MIA,6430,35
401584965,MIA,3138160,37
401584965,MIA,3157465,24
401584965,MIA,4593049,11
401584965,MIA,3012,32
401584965,MIA,3449,26
401584965,MIA,4291678,14
401584965,MIA,4432848,35
401584965,MIA,3934723,6
401584965,MIA,2581190,20
401584965,MIA,4278572,0
401584965,MIA,4997528,0
401584966,IND,4278355,17
401584966,IND,3133628,21
401584966,IND,2530530,26
401584966,IND,2990984,18
401584966,IND,4065670,27
401584966,IND,3999,3
401584966,IND,4432170,20
401584966,IND,5106060,24
401584966,IND,4277883,10
401584966,IND,4432827,7
401584966,IND,4396909,26
401584966,IND,4433076,17
401584966,IND,4683634,23
401584966,MIN,4431671,18
401584966,MIN,3032976,25
401584966,MIN,3136195,35
401584966,MIN,3195,24
401584966,MIN,4594268,34
401584966,MIN,2993874,23
401584966,MIN,4278508,16
401584966,MIN,4592187,3
401584966,MIN,4396971,27
401584966,MIN,3915195,5
401584966,MIN,3134916,3
401584966,MIN,4278039,26
401584967,BKN,3138196,29
401584967,BKN,4278067,33
401584967,BKN,2580782,40
401584967,BKN,3147657,40
401584967,BKN,4432174,37
401584967,BKN,2583632,34
401584967,BKN,4431675,8
401584967,BKN,4431714,11
401584967,BKN,4432194,9
401584967,BKN,4065649,0
401584967,BKN,2578185,0
401584967,BKN,4065697,0
401584967,GS,3155535,27
401584967,GS,4433247,21
401584967,GS,3975,35
401584967,GS,6475,34
401584967,GS,4709138,32
401584967,GS,3032978,21
401584967,GS,3059319,27
401584967,GS,2779,30
401584967,GS,4432171,14
401584967,GS,6589,0
401584967,GS,4431684,0
401584967,GS,6446,0
401584967,GS,3134903,0
401584968,OKC,4433255,32
401584968,OKC,4278073,37
401584968,OKC,4397020,26
401584968,OKC,4593803,33
401584968,OKC,4871145,15
401584968,OKC,4432823,22
401584968,OKC,4997526,5
401584968,OKC,3133626,13
401584968,OKC,4395702,27
401584968,OKC,4397183,12
401584968,OKC,4683692,18
401584968,OKC,4278046,0
401584968,OKC,6426,0
401584968,OKC,3102532,0
401584968,OKC,4432819,0
401584968,DEN,2284101,25
401584968,DEN,3064290,33
401584968,DEN,4278104,32
401584968,DEN,3112335,37
401584968,DEN,3936299,28
401584968,DEN,3442,6
401584968,DEN,6443,22
401584968,DEN,4431767,25
401584968,DEN,4432181,15
401584968,DEN,4576087,16
401584968,DEN,4066240,0
401584968,DEN,4431690,0
401584968,DEN,4278585,0
401584969,DAL,3936099,33
401584969,DAL,4066218,31
401584969,DAL,4683688,6
401584969,DAL,3102528,27
401584969,DAL,3945274,37
401584969,DAL,6461,20
401584969,DAL,4432161,1
401584969,DAL,2531367,22
401584969,DAL,4595400,6
401584969,DAL,2326307,14
401584969,DAL,2528210,36
401584969,DAL,4067017,1
401584969,DAL,4868423,6
401584969,DAL,4396676,0
401584969,POR,2991070,38
401584969,POR,4431736,20
401584969,POR,4278129,27
401584969,POR,4351851,35
401584969,POR,4914336,32
401584969,POR,4432446,5
401584969,POR,4066268,15
401584969,POR,2566769,24
401584969,POR,3907498,19
401584969,POR,4683678,24
401584969,POR,3059307,0
401584969,POR,4594326,0
401584969,POR,4397126,0
401584969,POR,4066269,0
401584970,UTAH,2489663,29
401584970,UTAH,3899664,25
401584970,UTAH,4066336,28
401584970,UTAH,2991139,27
401584970,UTAH,4277811,33
401584970,UTAH,4684806,21
401584970,UTAH,4396991,26
401584970,UTAH,4066399,4
401584970,UTAH,4433136,18
401584970,UTAH,4397018,23
401584970,UTAH,4432817,4
401584970,SAC,6578,33
401584970,SAC,3155942,35
401584970,SAC,4594327,36
401584970,SAC,4066372,25
401584970,SAC,4702177,26
401584970,SAC,3136196,18
401584970,SAC,3893014,11
401584970,SAC,4397693,2
401584970,SAC,4401416,2
401584970,SAC,3452,4
401584970,SAC,4592402,4
401584970,SAC,4066262,26
401584970,SAC,4278053,18
401584971,NY,3064514,31
401584971,NY,4395625,28
401584971,NY,4277922,18
401584971,NY,3934672,34
401584971,NY,3934673,22
401584971,NY,3986,6
401584971,NY,4222252,30
401584971,NY,2991047,3
401584971,NY,3062679,8
401584971,NY,3913220,6
401584971,NY,4395724,19
401584971,NY,4397014,24
401584971,NY,4431823,11
401584971,NY,6588,0
401584971,LAC,4251,31
401584971,LAC,6450,30
401584971,LAC,4017837,28
401584971,LAC,3992,28
401584971,LAC,3907823,27
401584971,LAC,2451037,15
401584971,LAC,3468,15
401584971,LAC,2595516,24
401584971,LAC,3914075,5
401584971,LAC,4066387,17
401584971,LAC,4396818,5
401584971,LAC,4431752,5
401584971,LAC,4432162,5
401584971,LAC,4702176,5
401584971,LAC,3033,0
401584972,ORL,4432573,36
401584972,ORL,4566434,37
401584972,ORL,4348700,26
401584972,ORL,4432165,28
401584972,ORL,4712849,17
401584972,ORL,4065654,17
401584972,ORL,4278052,2
401584972,ORL,4433623,16
401584972,ORL,3918423,2
401584972,ORL,3150844,12
401584972,ORL,2999547,26
401584972,ORL,4432809,19
401584972,ORL,5105806,2
401584972,ORL,2968436,0
401584972,BOS,4065648,31
401584972,BOS,3102531,29
401584972,BOS,3995,34
401584972,BOS,3078576,27
401584972,BOS,3917376,34
401584972,BOS,4065804,17
401584972,BOS,4066405,2
401584972,BOS,4397885,2
401584972,BOS,4278031,2
401584972,BOS,3213,24
401584972,BOS,4397424,16
401584972,BOS,4066354,21
401584972,BOS,3133602,0
401584973,NO,3913176,27
401584973,NO,4277813,19
401584973,NO,4395628,26
401584973,NO,6477,23
401584973,NO,2490149,26
401584973,NO,4278594,20
401584973,NO,4397688,25
401584973,NO,4432813,4
401584973,NO,2579258,18
401584973,NO,4277869,22
401584973,NO,4683750,12
401584973,NO,4869342,18
401584973,SA,4395723,32
401584973,SA,4565201,30
401584973,SA,4610139,25
401584973,SA,5104157,31
401584973,SA,4395630,30
401584973,SA,2528588,15
401584973,SA,4066650,16
401584973,SA,4278580,8
401584973,SA,4592479,14
401584973,SA,3893016,17
401584973,SA,3133601,7
401584973,SA,4395626,16
401584974,HOU,3155526,35
401584974,HOU,4432639,28
401584974,HOU,4871144,31
401584974,HOU,2991230,39
401584974,HOU,4437244,29
401584974,HOU,3209,17
401584974,HOU,3136777,19
401584974,HOU,4433192,30
401584974,HOU,3922230,13
401584974,HOU,2528779,0
401584974,HOU,4376,0
401584974,HOU,3146557,0
401584974,HOU,4397821,0
401584974,MIL,6609,29
401584974,MIL,3032977,39
401584974,MIL,3448,31
401584974,MIL,6606,37
401584974,MIL,4432190,36
401584974,MIL,3064482,25
401584974,MIL,3102533,0
401584974,MIL,4432179,13
401584974,MIL,4433622,0
401584974,MIL,4065652,0
401584974,MIL,3064230,11
401584974,MIL,2578239,17
401584974,MIL,4277887,0
401584974,MIL,4397475,0
401584974,MIL,3447,0
401584975,WSH,3134907,34
401584975,WSH,4278049,35
401584975,WSH,4683021,32
401584975,WSH,3135046,39
401584975,WSH,4277956,32
401584975,WSH,3428,12
401584975,WSH,2581184,0
401584975,WSH,4066410,0
401584975,WSH,4280151,25
401584975,WSH,2490089,10
401584975,WSH,5104155,20
401584975,WSH,4395695,0
401584975,WSH,4397127,0
401584975,PHX,3202,35
401584975,PHX,4395652,23
401584975,PHX,3102530,30
401584975,PHX,3135045,33
401584975,PHX,3136193,41
401584975,PHX,3914283,9
401584975,PHX,3914285,17
401584975,PHX,3431,30
401584975,PHX,4278402,20
401584975,PHX,3133838,0
401584975,PHX,3136779,0
401584975,PHX,4397102,0
401584976,GS,3155535,15
401584976,GS,4433247,19
401584976,GS,3975,31
401584976,GS,6475,29
401584976,GS,4709138,33
401584976,GS,3032978,15
401584976,GS,3059319,29
401584976,GS,4431684,18
401584976,GS,2779,32
401584976,GS,4432171,19
401584976,GS,6589,0
401584976,GS,6446,0
401584976,GS,3134903,0
401584976,POR,2991070,41
401584976,POR,4431736,22
401584976,POR,4278129,33
401584976,POR,4351851,36
401584976,POR,4914336,27
401584976,POR,4432446,15
401584976,POR,2566769,27
401584976,POR,3907498,18
401584976,POR,4683678,22
401584976,POR,3059307,0
401584976,POR,4594326,0
401584976,POR,4066268,0
401584976,POR,4397126,0
401584976,POR,4066269,0
401584977,HOU,3155526,38
401584977,HOU,4432639,23
401584977,HOU,4871144,31
401584977,HOU,2991230,45
401584977,HOU,4437244,34
401584977,HOU,3209,24
401584977,HOU,3136777,16
401584977,HOU,4433192,33
401584977,HOU,3146557,4
401584977,HOU,3922230,17
401584977,HOU,2528779,0
401584977,HOU,4376,0
401584977,HOU,4397821,0
401584977,CLE,3912848,22
401584977,CLE,4432822,32
401584977,CLE,4066328,29
401584977,CLE,3908809,45
401584977,CLE,4065778,34
401584977,CLE,2990969,25
401584977,CLE,6474,18
401584977,CLE,2991043,27
401584977,CLE,4066757,24
401584977,CLE,4701233,9
401584977,CLE,4433620,0
401584977,CLE,3064559,0
401584978,LAC,4251,31
401584978,LAC,6450,27
401584978,LAC,4017837,26
401584978,LAC,3992,28
401584978,LAC,3907823,28
401584978,LAC,2451037,22
401584978,LAC,3468,17
401584978,LAC,2595516,30
401584978,LAC,4066387,18
401584978,LAC,4431752,6
401584978,LAC,4432162,6
401584978,LAC,3033,0
401584978,IND,4278355,30
401584978,IND,4432170,25
401584978,IND,2990984,30
401584978,IND,4065670,20
401584978,IND,4396993,31
401584978,IND,3999,6
401584978,IND,4277883,16
401584978,IND,2530530,20
401584978,IND,4396909,26
401584978,IND,4683634,35
401584978,IND,3133628,0
401584979,CHI,4431687,37
401584979,CHI,6478,34
401584979,CHI,3978,37
401584979,CHI,4395651,40
401584979,CHI,4397002,19
401584979,CHI,6585,14
401584979,CHI,2991350,31
401584979,CHI,3133635,18
401584979,CHI,4433159,10
401584979,CHI,4279815,0
401584979,CHI,5105553,0
401584979,CHI,2528693,0
401584979,PHI,3416,27
401584979,PHI,6440,32
401584979,PHI,3059318,37
401584979,PHI,4066436,29
401584979,PHI,4431678,39
401584979,PHI,2490620,15
401584979,PHI,4278562,12
401584979,PHI,2991155,7
401584979,PHI,3964,19
401584979,PHI,3133603,24
401584979,PHI,4431828,0
401584979,PHI,4277919,0
401584979,PHI,3929325,0
401584979,PHI,4432164,0
401584980,DET,4277848,23
401584980,DET,3593,39
401584980,DET,4432166,44
401584980,DET,4433218,29
401584980,DET,4684742,19
401584980,DET,4277957,4
401584980,DET,2528794,12
401584980,DET,4432808,25
401584980,DET,6429,23
401584980,DET,4432107,21
401584980,DET,4278075,0
401584980,DET,4432810,0
401584980,DET,4683024,0
401584980,ATL,4065732,29
401584980,ATL,3102529,28
401584980,ATL,3907497,33
401584980,ATL,4277905,38
401584980,ATL,4397136,42
401584980,ATL,4431680,23
401584980,ATL,4032,15
401584980,ATL,3913180,23
401584980,ATL,4431775,9
401584980,ATL,4277952,0
401584980,ATL,4397104,0
401584980,ATL,4004,0
401584980,ATL,3037789,0
401584980,ATL,4065656,0
401584981,MIN,4431671,30
401584981,MIN,3032976,35
401584981,MIN,3136195,32
401584981,MIN,3195,33
401584981,MIN,4594268,40
401584981,MIN,2993874,22
401584981,MIN,4278508,5
401584981,MIN,4396971,21
401584981,MIN,4278039,22
401584981,MIN,4592187,0
401584981,MIN,4687718,0
401584981,MIN,3915195,0
401584981,MIN,3134916,0
401584981,MIA,3449,24
401584981,MIA,6430,34
401584981,MIA,3138160,22
401584981,MIA,4066261,36
401584981,MIA,4395725,33
401584981,MIA,3157465,22
401584981,MIA,4291678,12
401584981,MIA,4432848,30
401584981,MIA,2581190,26
401584981,MIA,4997528,0
401584981,MIA,3934723,0
401584981,MIA,4593049,0
401584981,MIA,4590530,0
401584982,CHA,4278078,39
401584982,CHA,4433287,37
401584982,CHA,4278076,32
401584982,CHA,3074752,32
401584982,CHA,4576086,32
401584982,CHA,4395650,11
401584982,CHA,4702233,14
401584982,CHA,4305,23
401584982,CHA,4683686,20
401584982,CHA,3138161,0
401584982,CHA,4230547,0
401584982,CHA,4431712,0
401584982,TOR,3149673,36
401584982,TOR,3934719,32
401584982,TOR,4433134,39
401584982,TOR,3134908,15
401584982,TOR,3032979,34
401584982,TOR,3948153,15
401584982,TOR,4431679,18
401584982,TOR,4066668,16
401584982,TOR,4277843,35
401584982,TOR,3244,0
401584982,TOR,4066731,0
401584982,TOR,2594922,0
401584982,TOR,4023,0
401584982,TOR,5106258,0
401584983,MEM,4277961,25
401584983,MEM,4277964,25
401584983,MEM,4278378,34
401584983,MEM,4066320,28
401584983,MEM,4397227,23
401584983,MEM,4433137,22
401584983,MEM,4592691,12
401584983,MEM,4593041,22
401584983,MEM,4593125,20
401584983,MEM,5105550,12
401584983,MEM,3134932,17
401584983,MEM,6427,0
401584983,OKC,4433255,25
401584983,OKC,4278073,28
401584983,OKC,4397020,21
401584983,OKC,4593803,28
401584983,OKC,4871145,24
401584983,OKC,4278046,7
401584983,OKC,4432823,9
401584983,OKC,4997526,19
401584983,OKC,3102532,7
401584983,OKC,3133626,15
401584983,OKC,4395702,19
401584983,OKC,4397183,12
401584983,OKC,4432819,7
401584983,OKC,4683692,17
401584983,OKC,6426,0
401584984,DAL,2531367,23
401584984,DAL,3936099,24
401584984,DAL,4066218,22
401584984,DAL,3102528,23
401584984,DAL,3945274,36
401584984,DAL,6461,13
401584984,DAL,4432161,9
401584984,DAL,2993370,7
401584984,DAL,4595400,20
401584984,DAL,2326307,7
401584984,DAL,2528210,22
401584984,DAL,4067017,15
401584984,DAL,4868423,19
401584984,DAL,4396676,0
401584984,DEN,3064290,24
401584984,DEN,4278104,23
401584984,DEN,3112335,28
401584984,DEN,2581018,26
401584984,DEN,3936299,25
401584984,DEN,2284101,5
401584984,DEN,4431690,20
401584984,DEN,6443,19
401584984,DEN,4278585,5
401584984,DEN,4431767,20
401584984,DEN,4432181,21
401584984,DEN,4576087,24
401584984,DEN,3442,0
401584985,BKN,3138196,27
401584985,BKN,4278067,26
401584985,BKN,2580782,36
401584985,BKN,3147657,35
401584985,BKN,4432174,37
401584985,BKN,4065649,3
401584985,BKN,2578185,21
401584985,BKN,2583632,23
401584985,BKN,4431675,7
401584985,BKN,4431714,8
401584985,BKN,4432194,16
401584985,BKN,4065697,0
401584985,UTAH,3899664,25
401584985,UTAH,4066336,29
401584985,UTAH,4396991,31
401584985,UTAH,4433136,32
401584985,UTAH,4277811,35
401584985,UTAH,2489663,20
401584985,UTAH,3908845,20
401584985,UTAH,4423309,2
401584985,UTAH,4684806,7
401584985,UTAH,2991139,16
401584985,UTAH,4397018,23
401584985,UTAH,4433627,0
401584986,WSH,3134907,29
401584986,WSH,4278049,25
401584986,WSH,4683021,23
401584986,WSH,3135046,28
401584986,WSH,4277956,29
401584986,WSH,2581184,20
401584986,WSH,4066410,5
401584986,WSH,4280151,21
401584986,WSH,4432588,0
401584986,WSH,2490089,23
401584986,WSH,4395695,5
401584986,WSH,5104155,33
401584986,SAC,6578,34
401584986,SAC,3155942,32
401584986,SAC,4594327,32
401584986,SAC,4066259,33
401584986,SAC,4066372,23
401584986,SAC,3136196,18
401584986,SAC,3893014,12
401584986,SAC,4397693,4
401584986,SAC,4401416,5
401584986,SAC,4592402,4
401584986,SAC,4066262,22
401584986,SAC,4278053,4
401584986,SAC,4433378,4
401584986,SAC,4702177,15
401584986,SAC,3452,0
401584987,NY,3064514,43
401584987,NY,4395625,30
401584987,NY,4277922,3
401584987,NY,3934672,37
401584987,NY,3934673,19
401584987,NY,3986,6
401584987,NY,4222252,39
401584987,NY,3062679,22
401584987,NY,4395724,29
401584987,NY,4397014,11
401584987,NY,6588,0
401584987,NY,2991047,0
401584987,NY,3913220,0
401584987,NY,4431823,0
401584987,LAL,1966,39
401584987,LAL,6583,35
401584987,LAL,2990962,39
401584987,LAL,4395627,27
401584987,LAL,3136776,28
401584987,LAL,4066648,17
401584987,LAL,4278077,14
401584987,LAL,4397077,8
401584987,LAL,4066457,33
401584987,LAL,3058254,0
401584987,LAL,4684286,0
401584987,LAL,4432582,0
401584988,MEM,4277961,30
401584988,MEM,6427,22
401584988,MEM,4066320,35
401584988,MEM,4279888,35
401584988,MEM,4397227,35
401584988,MEM,4277964,20
401584988,MEM,4433137,18
401584988,MEM,4593041,9
401584988,MEM,4593125,16
401584988,MEM,3134932,22
401584988,MEM,3456,0
401584988,MEM,4278378,0
401584988,NO,3913176,37
401584988,NO,4277813,30
401584988,NO,4395628,25
401584988,NO,6477,33
401584988,NO,2490149,41
401584988,NO,4278594,17
401584988,NO,4397688,21
401584988,NO,2579258,13
401584988,NO,4277869,8
401584988,NO,4869342,13
401584988,NO,4432813,0
401584988,NO,4683750,0
401584989,SA,4066650,29
401584989,SA,4395723,35
401584989,SA,4565201,27
401584989,SA,4610139,33
401584989,SA,4395630,33
401584989,SA,2528588,13
401584989,SA,4278580,15
401584989,SA,4592479,2
401584989,SA,4870562,11
401584989,SA,3893016,19
401584989,SA,4395626,24
401584989,SA,3133601,0
401584989,MIL,6609,28
401584989,MIL,3032977,34
401584989,MIL,3448,32
401584989,MIL,3907822,28
401584989,MIL,6606,35
401584989,MIL,3064482,26
401584989,MIL,3102533,1
401584989,MIL,4432179,6
401584989,MIL,3447,2
401584989,MIL,3064230,13
401584989,MIL,2578239,18
401584989,MIL,4397475,2
401584989,MIL,4432190,15
401584990,BOS,4065648,41
401584990,BOS,3213,38
401584990,BOS,3995,36
401584990,BOS,3078576,40
401584990,BOS,3917376,41
401584990,BOS,4065804,21
401584990,BOS,4278031,5
401584990,BOS,4397424,21
401584990,BOS,3133602,2
401584990,BOS,4066354,19
401584990,BOS,4066405,0
401584990,BOS,4397885,0
401584990,GS,3155535,14
401584990,GS,4433247,34
401584990,GS,3975,38
401584990,GS,6475,40
401584990,GS,4709138,16
401584990,GS,3032978,15
401584990,GS,3059319,22
401584990,GS,4431684,29
401584990,GS,6446,6
401584990,GS,2779,35
401584990,GS,4432171,17
401584990,GS,6589,0
401584990,GS,3134903,0
401584991,PHX,3202,38
401584991,PHX,4395652,19
401584991,PHX,3102530,31
401584991,PHX,3135045,33
401584991,PHX,3136193,38
401584991,PHX,3914283,15
401584991,PHX,3914285,17
401584991,PHX,3431,29
401584991,PHX,4278402,20
401584991,PHX,3133838,0
401584991,PHX,3136779,0
401584991,PHX,4397102,0
401584991,PHX,4278124,0
401584991,POR,2991070,36
401584991,POR,4431736,22
401584991,POR,4278129,40
401584991,POR,4351851,38
401584991,POR,4914336,8
401584991,POR,4432446,10
401584991,POR,4066268,4
401584991,POR,2566769,32
401584991,POR,3907498,21
401584991,POR,4683678,30
401584991,POR,3059307,0
401584991,POR,4594326,0
401584991,POR,4397126,0
401584991,POR,4066269,0
401584992,UTAH,3899664,36
401584992,UTAH,4066336,36
401584992,UTAH,4396991,30
401584992,UTAH,4433136,30
401584992,UTAH,4277811,34
401584992,UTAH,2489663,20
401584992,UTAH,3908845,23
401584992,UTAH,2991139,16
401584992,UTAH,4397018,16
401584992,UTAH,4423309,0
401584992,UTAH,4684806,0
401584992,UTAH,3074213,0
401584992,CLE,3912848,30
401584992,CLE,4432822,25
401584992,CLE,4066328,30
401584992,CLE,4065778,33
401584992,CLE,4701233,25
401584992,CLE,2990969,23
401584992,CLE,6474,18
401584992,CLE,2991043,27
401584992,CLE,4066757,30
401584992,CLE,4432815,0
401584992,CLE,4433620,0
401584992,CLE,3064559,0
401584993,CHA,4066383,37
401584993,CHA,4433287,33
401584993,CHA,4249,24
401584993,CHA,4278076,19
401584993,CHA,3074752,35
401584993,CHA,4278078,27
401584993,CHA,4395650,4
401584993,CHA,4702233,6
401584993,CHA,4397371,7
401584993,CHA,4305,16
401584993,CHA,4431712,6
401584993,CHA,4576086,21
401584993,CHA,4683686,6
401584993,IND,4278355,23
401584993,IND,3133628,25
401584993,IND,2990984,26
401584993,IND,4065670,28
401584993,IND,4396993,28
401584993,IND,3999,6
401584993,IND,4397189,8
401584993,IND,4432170,15
401584993,IND,4277883,9
401584993,IND,2530530,20
401584993,IND,4396909,23
401584993,IND,4683634,28
401584993,IND,4395712,0
401584994,MIA,3138160,18
401584994,MIA,4432848,34
401584994,MIA,4066261,30
401584994,MIA,3012,18
401584994,MIA,4395725,36
401584994,MIA,3157465,23
401584994,MIA,4278572,0
401584994,MIA,4291678,30
401584994,MIA,3934723,17
401584994,MIA,4593049,1
401584994,MIA,2581190,34
401584994,MIA,4997528,0
401584994,ORL,4432573,34
401584994,ORL,4566434,32
401584994,ORL,4277847,23
401584994,ORL,4432165,21
401584994,ORL,4712849,22
401584994,ORL,4065654,12
401584994,ORL,4278052,5
401584994,ORL,4433623,15
401584994,ORL,3150844,18
401584994,ORL,4348700,12
401584994,ORL,2999547,20
401584994,ORL,4432809,25
401584994,ORL,5105806,0
401584995,MIN,4431671,38
401584995,MIN,3032976,24
401584995,MIN,3136195,38
401584995,MIN,3195,26
401584995,MIN,4594268,36
401584995,MIN,2993874,13
401584995,MIN,4278508,10
401584995,MIN,4592187,2
401584995,MIN,4277951,2
401584995,MIN,4396971,20
401584995,MIN,3915195,13
401584995,MIN,3134916,2
401584995,MIN,4278039,16
401584995,MIN,5044385,0
401584995,PHI,6440,37
401584995,PHI,3059318,36
401584995,PHI,3133603,29
401584995,PHI,4066436,16
401584995,PHI,4431678,37
401584995,PHI,6462,25
401584995,PHI,4278562,12
401584995,PHI,4431828,7
401584995,PHI,2991155,17
401584995,PHI,4277919,2
401584995,PHI,3964,18
401584995,PHI,3929325,2
401584995,PHI,4432164,2
401584996,NY,3064514,34
401584996,NY,4395625,27
401584996,NY,4222252,30
401584996,NY,3934672,32
401584996,NY,3934673,23
401584996,NY,3986,13
401584996,NY,2991047,2
401584996,NY,3062679,31
401584996,NY,3913220,3
401584996,NY,4395724,24
401584996,NY,4397014,18
401584996,NY,4431823,2
401584996,NY,6588,0
401584996,BKN,3138196,28
401584996,BKN,4278067,26
401584996,BKN,2580782,31
401584996,BKN,3147657,33
401584996,BKN,4432174,32
401584996,BKN,4065649,4
401584996,BKN,2578185,24
401584996,BKN,2583632,28
401584996,BKN,4431675,11
401584996,BKN,4431714,6
401584996,BKN,4432194,19
401584996,BKN,4065697,0
401584997,DEN,3064290,30
401584997,DEN,4278104,33
401584997,DEN,3112335,38
401584997,DEN,2581018,32
401584997,DEN,3936299,32
401584997,DEN,4431690,10
401584997,DEN,6443,17
401584997,DEN,4431767,17
401584997,DEN,4432181,14
401584997,DEN,4576087,18
401584997,DEN,2284101,0
401584997,DEN,3442,0
401584997,DEN,4278585,0
401584997,TOR,3149673,36
401584997,TOR,3934719,40
401584997,TOR,4433134,33
401584997,TOR,3134908,19
401584997,TOR,3032979,31
401584997,TOR,3948153,12
401584997,TOR,4431679,25
401584997,TOR,4066668,16
401584997,TOR,4277843,29
401584997,TOR,3244,0
401584997,TOR,4066731,0
401584997,TOR,2594922,0
401584997,TOR,4023,0
401584997,TOR,5106258,0
401584998,LAL,1966,37
401584998,LAL,6583,38
401584998,LAL,2990962,34
401584998,LAL,4395627,28
401584998,LAL,3136776,28
401584998,LAL,3058254,1
401584998,LAL,4066648,16
401584998,LAL,4278077,13
401584998,LAL,4684286,1
401584998,LAL,4397077,1
401584998,LAL,3137259,14
401584998,LAL,4066457,28
401584998,LAL,4432582,1
401584998,CHI,4431687,34
401584998,CHI,6478,31
401584998,CHI,3978,36
401584998,CHI,2991350,28
401584998,CHI,4395651,33
401584998,CHI,4279815,1
401584998,CHI,4423884,0
401584998,CHI,5105553,1
401584998,CHI,6585,16
401584998,CHI,3133635,17
401584998,CHI,4397002,22
401584998,CHI,4433159,21
401584998,CHI,2528693,0
401584999,ATL,4065732,28
401584999,ATL,3102529,21
401584999,ATL,3907497,35
401584999,ATL,4277905,36
401584999,ATL,4397136,32
401584999,ATL,4431680,33
401584999,ATL,4032,8
401584999,ATL,3037789,30
401584999,ATL,3913180,17
401584999,ATL,4277952,0
401584999,ATL,4004,0
401584999,ATL,4065656,0
401584999,HOU,3155526,30
401584999,HOU,4432639,42
401584999,HOU,4871144,27
401584999,HOU,2991230,44
401584999,HOU,4437244,32
401584999,HOU,3209,12
401584999,HOU,3136777,19
401584999,HOU,3922230,26
401584999,HOU,4684740,8
401584999,HOU,2528779,0
401584999,HOU,4376,0
401584999,HOU,3146557,0
401584999,HOU,4397821,0
401585000,LAC,6450,37
401585000,LAC,4017837,25
401585000,LAC,3992,39
401585000,LAC,3907823,29
401585000,LAC,4066387,39
401585000,LAC,2451037,16
401585000,LAC,3468,23
401585000,LAC,2595516,31
401585000,LAC,3033,0
401585000,LAC,4431752,0
401585000,LAC,4432162,0
401585000,LAC,4592492,0
401585000,DAL,2531367,18
401585000,DAL,3936099,39
401585000,DAL,4066218,31
401585000,DAL,3102528,40
401585000,DAL,3945274,44
401585000,DAL,6461,5
401585000,DAL,4595400,3
401585000,DAL,2528210,37
401585000,DAL,4067017,1
401585000,DAL,4868423,23
401585000,DAL,2993370,0
401585000,DAL,2326307,0
401585001,BOS,4065804,35
401585001,BOS,3102531,29
401585001,BOS,3995,34
401585001,BOS,3078576,29
401585001,BOS,3917376,29
401585001,BOS,4066405,2
401585001,BOS,4278031,17
401585001,BOS,4397424,19
401585001,BOS,3133602,16
401585001,BOS,4066354,29
401585001,BOS,4397885,0
401585001,SAC,6578,30
401585001,SAC,3155942,26
401585001,SAC,4594327,26
401585001,SAC,4066259,26
401585001,SAC,4066372,16
401585001,SAC,3136196,27
401585001,SAC,3893014,13
401585001,SAC,4397693,6
401585001,SAC,4401416,3
401585001,SAC,3452,12
401585001,SAC,4592402,5
401585001,SAC,4066262,25
401585001,SAC,4278053,5
401585001,SAC,4702177,19
401585002,UTAH,2489663,35
401585002,UTAH,3899664,29
401585002,UTAH,3908845,32
401585002,UTAH,2991139,33
401585002,UTAH,4277811,32
401585002,UTAH,4423309,10
401585002,UTAH,4684806,16
401585002,UTAH,4433136,20
401585002,UTAH,4397018,33
401585002,UTAH,3074213,0
401585002,UTAH,4432817,0
401585002,UTAH,4433627,0
401585002,DET,4277848,31
401585002,DET,3593,35
401585002,DET,4432810,32
401585002,DET,4432166,39
401585002,DET,4433218,35
401585002,DET,4277957,13
401585002,DET,4432808,15
401585002,DET,6429,9
401585002,DET,4432107,13
401585002,DET,4684742,19
401585002,DET,4278075,0
401585002,DET,2528794,0
401585002,DET,4683024,0
401585003,NO,3913176,28
401585003,NO,4277813,30
401585003,NO,4397688,28
401585003,NO,6477,28
401585003,NO,2490149,34
401585003,NO,4278594,22
401585003,NO,4432813,20
401585003,NO,4277869,18
401585003,NO,4683750,12
401585003,NO,4869342,20
401585003,NO,4395628,0
401585003,NO,2579258,0
401585003,CLE,3912848,26
401585003,CLE,4432822,32
401585003,CLE,4066328,27
401585003,CLE,4065778,33
401585003,CLE,4701233,29
401585003,CLE,2990969,19
401585003,CLE,4432815,4
401585003,CLE,4433620,9
401585003,CLE,6474,21
401585003,CLE,3064559,4
401585003,CLE,2991043,23
401585003,CLE,4066757,12
401585004,SA,4395723,32
401585004,SA,4565201,29
401585004,SA,4610139,34
401585004,SA,5104157,22
401585004,SA,4395630,31
401585004,SA,2528588,12
401585004,SA,4066650,28
401585004,SA,4278580,3
401585004,SA,4592479,11
401585004,SA,3893016,11
401585004,SA,4395626,21
401585004,SA,4683935,3
401585004,SA,5081727,3
401585004,SA,3133601,0
401585004,CHI,4431687,31
401585004,CHI,6478,27
401585004,CHI,3978,36
401585004,CHI,2991350,22
401585004,CHI,4395651,36
401585004,CHI,4279815,2
401585004,CHI,4423884,0
401585004,CHI,5105553,4
401585004,CHI,6585,19
401585004,CHI,3133635,19
401585004,CHI,4397002,26
401585004,CHI,4433159,18
401585004,CHI,2528693,0
401585005,IND,4278355,28
401585005,IND,3133628,36
401585005,IND,2990984,32
401585005,IND,4065670,28
401585005,IND,4396993,38
401585005,IND,4432170,12
401585005,IND,2530530,4
401585005,IND,4395712,16
401585005,IND,4396909,28
401585005,IND,4683634,19
401585005,IND,3999,0
401585005,IND,4277883,0
401585005,MEM,4277961,33
401585005,MEM,6427,17
401585005,MEM,4066320,36
401585005,MEM,4279888,34
401585005,MEM,4397227,35
401585005,MEM,4277964,21
401585005,MEM,4433137,18
401585005,MEM,4593125,25
401585005,MEM,3134932,21
401585005,MEM,4593041,0
401585005,MEM,3456,0
401585005,MEM,4278378,0
401585006,ORL,4432573,34
401585006,ORL,4566434,39
401585006,ORL,4277847,21
401585006,ORL,2999547,35
401585006,ORL,4712849,20
401585006,ORL,4065654,14
401585006,ORL,4433623,18
401585006,ORL,3150844,27
401585006,ORL,4432809,33
401585006,ORL,4278052,0
401585006,ORL,3918423,0
401585006,ORL,4348700,0
401585006,MIL,6609,29
401585006,MIL,3032977,37
401585006,MIL,3448,37
401585006,MIL,3907822,28
401585006,MIL,6606,35
401585006,MIL,3064482,21
401585006,MIL,4432179,11
401585006,MIL,3064230,13
401585006,MIL,2578239,21
401585006,MIL,4432190,7
401585006,MIL,3102533,0
401585006,MIL,3447,0
401585006,MIL,4397475,0
401585007,LAC,4251,29
401585007,LAC,4017837,17
401585007,LAC,3992,34
401585007,LAC,3907823,24
401585007,LAC,4066387,33
401585007,LAC,2451037,15
401585007,LAC,3468,30
401585007,LAC,2595516,23
401585007,LAC,4431752,10
401585007,LAC,4432162,16
401585007,LAC,4592492,10
401585007,LAC,3033,0
401585007,OKC,4433255,30
401585007,OKC,4278073,32
401585007,OKC,4397020,31
401585007,OKC,4593803,29
401585007,OKC,4871145,14
401585007,OKC,4432823,6
401585007,OKC,4997526,8
401585007,OKC,3133626,18
401585007,OKC,4395702,25
401585007,OKC,4397183,25
401585007,OKC,4432819,2
401585007,OKC,4683692,20
401585007,OKC,4278046,0
401585007,OKC,6426,0
401585007,OKC,3102532,0
401585008,LAL,6583,39
401585008,LAL,2990962,37
401585008,LAL,4066648,34
401585008,LAL,4395627,37
401585008,LAL,3136776,38
401585008,LAL,3058254,4
401585008,LAL,4278077,14
401585008,LAL,4397077,11
401585008,LAL,4066457,27
401585008,LAL,4684286,0
401585008,LAL,4432582,0
401585008,LAL,4433626,0
401585008,MIN,4431671,36
401585008,MIN,3032976,37
401585008,MIN,3136195,33
401585008,MIN,3195,30
401585008,MIN,4594268,38
401585008,MIN,2993874,23
401585008,MIN,4278508,6
401585008,MIN,4396971,21
401585008,MIN,4278039,15
401585008,MIN,4592187,0
401585008,MIN,4277951,0
401585008,MIN,3915195,0
401585008,MIN,3134916,0
401585009,WSH,3134907,37
401585009,WSH,4278049,31
401585009,WSH,4683021,35
401585009,WSH,3135046,36
401585009,WSH,4277956,34
401585009,WSH,3428,13
401585009,WSH,2581184,0
401585009,WSH,4280151,22
401585009,WSH,4432588,0
401585009,WSH,2490089,14
401585009,WSH,5104155,18
401585009,WSH,4066410,0
401585009,WSH,4395695,0
401585009,WSH,4433246,0
401585009,WSH,4591725,0
401585009,POR,2991070,32
401585009,POR,4431736,18
401585009,POR,4278129,35
401585009,POR,2566769,28
401585009,POR,4351851,38
401585009,POR,4432446,24
401585009,POR,4066268,10
401585009,POR,3907498,30
401585009,POR,4683678,26
401585009,POR,3059307,0
401585009,POR,4594326,0
401585009,POR,4397126,0
401585009,POR,4066269,0
401585010,TOR,3149673,36
401585010,TOR,3934719,35
401585010,TOR,4433134,35
401585010,TOR,3134908,29
401585010,TOR,3032979,34
401585010,TOR,4066731,2
401585010,TOR,4431679,16
401585010,TOR,2594922,15
401585010,TOR,4066668,10
401585010,TOR,4277843,26
401585010,TOR,5106258,2
401585010,TOR,3244,0
401585010,TOR,3948153,0
401585010,TOR,4023,0
401585010,PHI,6440,38
401585010,PHI,6462,31
401585010,PHI,3059318,35
401585010,PHI,3133603,26
401585010,PHI,4431678,41
401585010,PHI,2490620,24
401585010,PHI,4278562,13
401585010,PHI,4431828,1
401585010,PHI,2991155,23
401585010,PHI,3929325,7
401585010,PHI,4396972,1
401585010,PHI,4432164,1
401585010,PHI,3964,0
401585010,PHI,4066436,0
401585011,DEN,3064290,32
401585011,DEN,4278104,34
401585011,DEN,3112335,34
401585011,DEN,2581018,30
401585011,DEN,3936299,34
401585011,DEN,4431690,7
401585011,DEN,3442,6
401585011,DEN,6443,16
401585011,DEN,4431767,16
401585011,DEN,4432181,11
401585011,DEN,4576087,20
401585011,DEN,2284101,0
401585011,DEN,4066240,0
401585011,DEN,4395620,0
401585011,DEN,4398390,0
401585011,BKN,3138196,25
401585011,BKN,4278067,28
401585011,BKN,2580782,33
401585011,BKN,3147657,29
401585011,BKN,4432174,34
401585011,BKN,2578185,30
401585011,BKN,2583632,22
401585011,BKN,4432194,19
401585011,BKN,4065697,19
401585011,BKN,4065649,0
401585011,BKN,4431675,0
401585011,BKN,4431714,0
401585012,ATL,3102529,28
401585012,ATL,3907497,34
401585012,ATL,3913180,18
401585012,ATL,4277905,40
401585012,ATL,4397136,40
401585012,ATL,4431680,26
401585012,ATL,4004,12
401585012,ATL,4032,7
401585012,ATL,3037789,35
401585012,ATL,4277952,0
401585012,ATL,4065656,0
401585012,MIA,3138160,35
401585012,MIA,4432848,37
401585012,MIA,4066261,38
401585012,MIA,3012,22
401585012,MIA,4395725,34
401585012,MIA,3449,10
401585012,MIA,3157465,25
401585012,MIA,4291678,10
401585012,MIA,2581190,29
401585012,MIA,4278572,0
401585012,MIA,3934723,0
401585012,MIA,4593049,0
401585013,DAL,6461,12
401585013,DAL,3936099,22
401585013,DAL,4066218,26
401585013,DAL,2528210,26
401585013,DAL,4868423,24
401585013,DAL,4432161,12
401585013,DAL,2531367,8
401585013,DAL,2993370,22
401585013,DAL,4595400,30
401585013,DAL,2326307,18
401585013,DAL,4067017,23
401585013,DAL,4396676,17
401585013,HOU,3155526,22
401585013,HOU,4432639,31
401585013,HOU,4871144,25
401585013,HOU,2991230,26
401585013,HOU,4437244,27
401585013,HOU,3209,8
401585013,HOU,3136777,18
401585013,HOU,4278588,9
401585013,HOU,5105592,14
401585013,HOU,3146557,16
401585013,HOU,3922230,15
401585013,HOU,4396629,10
401585013,HOU,4684740,22
401585013,HOU,4376,0
401585015,PHX,3202,34
401585015,PHX,3914285,15
401585015,PHX,3431,25
401585015,PHX,3135045,30
401585015,PHX,3136193,36
401585015,PHX,3914283,13
401585015,PHX,3133838,12
401585015,PHX,4395652,16
401585015,PHX,4066299,22
401585015,PHX,4397102,3
401585015,PHX,4278124,20
401585015,PHX,4278402,14
401585015,PHX,3136779,0
401585015,SAC,6578,37
401585015,SAC,3155942,35
401585015,SAC,4594327,33
401585015,SAC,4066259,32
401585015,SAC,4066372,27
401585015,SAC,3136196,11
401585015,SAC,3893014,6
401585015,SAC,4397693,2
401585015,SAC,4401416,3
401585015,SAC,3452,10
401585015,SAC,4592402,2
401585015,SAC,4066262,20
401585015,SAC,4278053,2
401585015,SAC,4702177,17
401585014,WSH,3134907,25
401585014,WSH,4278049,23
401585014,WSH,4683021,20
401585014,WSH,3135046,25
401585014,WSH,4277956,27
401585014,WSH,2581184,11
401585014,WSH,4280151,25
401585014,WSH,4432588,0
401585014,WSH,2490089,14
401585014,WSH,3914044,13
401585014,WSH,4395695,7
401585014,WSH,4433246,7
401585014,WSH,4591725,11
401585014,WSH,5104155,32
401585014,WSH,4066410,0
401585014,GS,3155535,11
401585014,GS,4433247,27
401585014,GS,3975,27
401585014,GS,6475,27
401585014,GS,4709138,29
401585014,GS,4871143,2
401585014,GS,3032978,20
401585014,GS,4431684,25
401585014,GS,4997536,6
401585014,GS,6446,14
401585014,GS,3943606,2
401585014,GS,2779,25
401585014,GS,4431720,6
401585014,GS,4432171,19
401585016,MIL,6609,33
401585016,MIL,3032977,32
401585016,MIL,3448,35
401585016,MIL,3907822,31
401585016,MIL,6606,34
401585016,MIL,3064482,27
401585016,MIL,4432179,0
401585016,MIL,4433622,0
401585016,MIL,3064230,14
401585016,MIL,2578239,22
401585016,MIL,4397475,0
401585016,MIL,4432190,11
401585016,MIL,3102533,0
401585016,MIL,3447,0
401585016,NY,3064514,34
401585016,NY,4395625,29
401585016,NY,4222252,33
401585016,NY,3934672,37
401585016,NY,3934673,24
401585016,NY,3986,15
401585016,NY,4592461,0
401585016,NY,4598307,1
401585016,NY,2991047,1
401585016,NY,3062679,26
401585016,NY,4066508,1
401585016,NY,4395724,22
401585016,NY,4397014,16
401585016,NY,4431823,1
401585016,NY,6588,0
401585017,BOS,4065648,30
401585017,BOS,3213,27
401585017,BOS,3995,28
401585017,BOS,3078576,29
401585017,BOS,3917376,29
401585017,BOS,4065804,19
401585017,BOS,4066405,5
401585017,BOS,4397689,3
401585017,BOS,4397885,4
401585017,BOS,4278031,18
401585017,BOS,4397424,23
401585017,BOS,4066354,23
401585017,BOS,4576085,3
401585017,BOS,4683689,0
401585017,LAC,4251,30
401585017,LAC,4017837,27
401585017,LAC,3992,29
401585017,LAC,3907823,24
401585017,LAC,4066387,17
401585017,LAC,2451037,21
401585017,LAC,3468,21
401585017,LAC,2595516,25
401585017,LAC,4431752,25
401585017,LAC,4432162,13
401585017,LAC,4592492,8
401585017,LAC,3033,0
401585018,DEN,3064290,32
401585018,DEN,4278104,31
401585018,DEN,3112335,36
401585018,DEN,2581018,32
401585018,DEN,3936299,33
401585018,DEN,4431690,12
401585018,DEN,6443,15
401585018,DEN,4431767,18
401585018,DEN,4432181,16
401585018,DEN,4576087,17
401585018,DEN,2284101,0
401585018,DEN,4395620,0
401585018,DEN,3442,0
401585018,DEN,4065731,0
401585018,DEN,4278585,0
401585018,CHA,4066383,38
401585018,CHA,4433287,11
401585018,CHA,4249,31
401585018,CHA,4278076,38
401585018,CHA,4305,26
401585018,CHA,4278078,28
401585018,CHA,3138161,17
401585018,CHA,4397371,7
401585018,CHA,4576086,18
401585018,CHA,4683686,25
401585018,CHA,4395650,0
401585018,CHA,4702233,0
401585018,CHA,4431712,0
401585018,CHA,3074752,0
401585018,CHA,5105638,0
401585019,ORL,4432573,36
401585019,ORL,4566434,36
401585019,ORL,4277847,16
401585019,ORL,2999547,35
401585019,ORL,4712849,28
401585019,ORL,4065654,12
401585019,ORL,4433623,21
401585019,ORL,3150844,20
401585019,ORL,4348700,11
401585019,ORL,4432809,24
401585019,ORL,4278052,0
401585019,ORL,3918423,0
401585019,IND,4278355,24
401585019,IND,3133628,29
401585019,IND,2990984,38
401585019,IND,4395712,36
401585019,IND,4396993,40
401585019,IND,4397189,15
401585019,IND,4432170,6
401585019,IND,2530530,7
401585019,IND,4396909,28
401585019,IND,4683634,16
401585019,IND,3999,0
401585019,IND,5106060,0
401585019,IND,4277883,0
401585019,IND,4065670,0
401585019,IND,4433076,0
401585020,HOU,3155526,28
401585020,HOU,4432639,37
401585020,HOU,4871144,38
401585020,HOU,2991230,36
401585020,HOU,4437244,22
401585020,HOU,3209,21
401585020,HOU,3136777,11
401585020,HOU,4433192,20
401585020,HOU,3922230,15
401585020,HOU,4684740,10
401585020,HOU,4278588,0
401585020,HOU,5105592,0
401585020,HOU,4376,0
401585020,HOU,3146557,0
401585020,HOU,4396629,0
401585020,NO,3913176,36
401585020,NO,4277813,18
401585020,NO,4395628,34
401585020,NO,6477,26
401585020,NO,2490149,34
401585020,NO,4278594,12
401585020,NO,4397688,34
401585020,NO,4432813,22
401585020,NO,4277869,10
401585020,NO,4869342,14
401585020,NO,4395698,0
401585020,NO,4683750,0
401585021,MEM,4277961,24
401585021,MEM,6427,29
401585021,MEM,4066320,36
401585021,MEM,4279888,36
401585021,MEM,4397227,35
401585021,MEM,4277964,16
401585021,MEM,4433137,23
401585021,MEM,4593125,27
401585021,MEM,3134932,13
401585021,MEM,4592691,0
401585021,MEM,4593041,0
401585021,MEM,5105550,0
401585021,MEM,4278378,0
401585021,ATL,3102529,30
401585021,ATL,3907497,35
401585021,ATL,3913180,14
401585021,ATL,4277905,41
401585021,ATL,4397136,38
401585021,ATL,4431680,28
401585021,ATL,3037789,34
401585021,ATL,4431775,19
401585021,ATL,4277952,0
401585021,ATL,4004,0
401585021,ATL,4032,0
401585021,ATL,4065656,0
401585021,ATL,4578893,0
401585021,ATL,4683736,0
401585022,DET,3593,39
401585022,DET,4432810,33
401585022,DET,4432166,33
401585022,DET,4433218,35
401585022,DET,4684742,31
401585022,DET,4277848,15
401585022,DET,4278075,24
401585022,DET,2528794,7
401585022,DET,6429,16
401585022,DET,4432107,6
401585022,DET,4277957,0
401585022,DET,4432808,0
401585022,DET,4683024,0
401585022,BKN,3138196,28
401585022,BKN,4278067,30
401585022,BKN,2580782,30
401585022,BKN,3147657,33
401585022,BKN,4432174,28
401585022,BKN,4065649,1
401585022,BKN,2578185,27
401585022,BKN,2583632,19
401585022,BKN,4431675,1
401585022,BKN,4431714,6
401585022,BKN,4432194,18
401585022,BKN,4065697,19
401585023,UTAH,2489663,17
401585023,UTAH,3908845,27
401585023,UTAH,4066336,39
401585023,UTAH,2991139,34
401585023,UTAH,4277811,25
401585023,UTAH,3899664,20
401585023,UTAH,4433136,25
401585023,UTAH,2528426,30
401585023,UTAH,4397018,24
401585023,UTAH,4423309,0
401585023,UTAH,4684806,0
401585023,UTAH,5105839,0
401585023,UTAH,3074213,0
401585023,UTAH,4432817,0
401585023,TOR,3149673,36
401585023,TOR,3934719,36
401585023,TOR,4433134,38
401585023,TOR,3134908,21
401585023,TOR,3032979,33
401585023,TOR,3948153,13
401585023,TOR,4431679,21
401585023,TOR,4066668,14
401585023,TOR,4277843,28
401585023,TOR,3244,0
401585023,TOR,4066731,0
401585023,TOR,2594922,0
401585023,TOR,4278103,0
401585023,TOR,4023,0
401585023,TOR,5106258,0
401585024,CLE,3912848,36
401585024,CLE,4432822,35
401585024,CLE,4066328,35
401585024,CLE,4065778,41
401585024,CLE,4701233,39
401585024,CLE,2990969,21
401585024,CLE,4433620,9
401585024,CLE,6474,13
401585024,CLE,3064559,12
401585024,CLE,4432815,0
401585024,CLE,2991043,0
401585024,CLE,4066757,0
401585024,CHI,4431687,35
401585024,CHI,6478,34
401585024,CHI,3978,40
401585024,CHI,2991350,32
401585024,CHI,4395651,40
401585024,CHI,6585,13
401585024,CHI,3133635,9
401585024,CHI,4397002,20
401585024,CHI,4433159,17
401585024,CHI,4279815,0
401585024,CHI,5105553,0
401585024,CHI,2528693,0
401585025,LAL,1966,37
401585025,LAL,6583,42
401585025,LAL,2990962,28
401585025,LAL,4278077,24
401585025,LAL,4395627,28
401585025,LAL,4066648,30
401585025,LAL,4397077,6
401585025,LAL,3136776,17
401585025,LAL,4066457,28
401585025,LAL,3058254,0
401585025,LAL,4684286,0
401585025,LAL,4432582,0
401585025,LAL,4433626,0
401585025,OKC,4433255,34
401585025,OKC,4278073,38
401585025,OKC,4397020,30
401585025,OKC,4593803,34
401585025,OKC,4683692,24
401585025,OKC,4278046,3
401585025,OKC,4432823,6
401585025,OKC,4997526,11
401585025,OKC,6426,10
401585025,OKC,3133626,23
401585025,OKC,4395702,20
401585025,OKC,4397183,6
401585025,OKC,4066317,0
401585025,OKC,3102532,0
401585025,OKC,4432819,0
401585026,SA,4066650,28
401585026,SA,4565201,24
401585026,SA,4592479,21
401585026,SA,4610139,30
401585026,SA,4395630,30
401585026,SA,2528588,6
401585026,SA,4278580,15
401585026,SA,4395723,23
401585026,SA,3893016,10
401585026,SA,3133601,8
401585026,SA,4395626,18
401585026,SA,4683935,12
401585026,SA,5081727,14
401585026,SA,5104157,0
401585026,DAL,3936099,24
401585026,DAL,4066218,25
401585026,DAL,2528210,30
401585026,DAL,3102528,32
401585026,DAL,3945274,32
401585026,DAL,4432161,5
401585026,DAL,2531367,22
401585026,DAL,4595400,12
401585026,DAL,4067017,31
401585026,DAL,4396676,6
401585026,DAL,4868423,22
401585026,DAL,6461,0
401585026,DAL,2993370,0
401585026,DAL,2326307,0
401585027,POR,2991070,32
401585027,POR,4431736,25
401585027,POR,4278129,29
401585027,POR,2566769,37
401585027,POR,4351851,34
401585027,POR,3059307,4
401585027,POR,4432446,18
401585027,POR,4594326,5
401585027,POR,4066268,9
401585027,POR,4066269,5
401585027,POR,3907498,16
401585027,POR,4683678,23
401585027,POR,5099752,5
401585027,POR,4397126,0
401585027,GS,3155535,22
401585027,GS,4433247,30
401585027,GS,3975,30
401585027,GS,6475,31
401585027,GS,4709138,32
401585027,GS,4871143,4
401585027,GS,3032978,19
401585027,GS,4431684,17
401585027,GS,4997536,4
401585027,GS,6446,4
401585027,GS,3943606,4
401585027,GS,2779,27
401585027,GS,4432171,17
401585027,GS,6589,0
401585028,MIN,2993874,29
401585028,MIN,4431671,41
401585028,MIN,3032976,39
401585028,MIN,3195,32
401585028,MIN,4594268,39
401585028,MIN,4278508,3
401585028,MIN,4396971,19
401585028,MIN,3915195,14
401585028,MIN,3134916,2
401585028,MIN,4278039,23
401585028,MIN,4592187,0
401585028,MIN,4277951,0
401585028,SAC,6578,31
401585028,SAC,3155942,39
401585028,SAC,4594327,40
401585028,SAC,4066259,39
401585028,SAC,4066372,15
401585028,SAC,3136196,27
401585028,SAC,3893014,8
401585028,SAC,4397693,0
401585028,SAC,3452,9
401585028,SAC,4592402,18
401585028,SAC,4433378,2
401585028,SAC,4702177,11
401585028,SAC,4398207,0
401585028,SAC,4401416,0
401585028,SAC,4278053,0
401585029,MIL,6609,33
401585029,MIL,3032977,39
401585029,MIL,3448,27
401585029,MIL,3907822,19
401585029,MIL,6606,38
401585029,MIL,3064482,31
401585029,MIL,4432179,6
401585029,MIL,3064230,10
401585029,MIL,2578239,24
401585029,MIL,4432190,14
401585029,MIL,3102533,0
401585029,MIL,4433622,0
401585029,MIL,3447,0
401585029,MIL,4397475,0
401585029,NY,3064514,41
401585029,NY,4395625,28
401585029,NY,4222252,33
401585029,NY,3934672,37
401585029,NY,3934673,21
401585029,NY,3986,15
401585029,NY,3062679,31
401585029,NY,4395724,22
401585029,NY,4397014,12
401585029,NY,4598307,0
401585029,NY,6588,0
401585029,NY,2991047,0
401585029,NY,3913220,0
401585029,NY,4066508,0
401585029,NY,4431823,0
401585030,GS,3155535,22
401585030,GS,4433247,23
401585030,GS,3975,34
401585030,GS,6475,32
401585030,GS,4709138,34
401585030,GS,3032978,20
401585030,GS,3059319,29
401585030,GS,4431684,15
401585030,GS,2779,28
401585030,GS,4432171,3
401585030,GS,4871143,0
401585030,GS,6589,0
401585030,GS,4997536,0
401585030,GS,6446,0
401585030,DEN,3064290,32
401585030,DEN,4278104,40
401585030,DEN,3112335,39
401585030,DEN,2581018,37
401585030,DEN,3936299,33
401585030,DEN,4431690,5
401585030,DEN,6443,15
401585030,DEN,4431767,11
401585030,DEN,4432181,8
401585030,DEN,4576087,21
401585030,DEN,2284101,0
401585030,DEN,4066240,0
401585030,DEN,4395620,0
401585030,DEN,3442,0
401585030,DEN,4398390,0
401585031,BOS,4065648,41
401585031,BOS,3102531,35
401585031,BOS,3995,38
401585031,BOS,3078576,35
401585031,BOS,3917376,33
401585031,BOS,4065804,15
401585031,BOS,3213,23
401585031,BOS,4397424,7
401585031,BOS,4066354,13
401585031,BOS,4397689,0
401585031,BOS,4397885,0
401585031,BOS,4278031,0
401585031,BOS,3064560,0
401585031,BOS,4576085,0
401585031,BOS,4683689,0
401585031,LAL,1966,37
401585031,LAL,6583,39
401585031,LAL,2990962,39
401585031,LAL,4278077,23
401585031,LAL,4395627,18
401585031,LAL,4066648,29
401585031,LAL,4397077,9
401585031,LAL,3136776,18
401585031,LAL,4066457,28
401585031,LAL,3058254,0
401585031,LAL,4684286,0
401585031,LAL,4432582,0
401585031,LAL,4433626,0
401585032,PHI,6440,42
401585032,PHI,4278562,17
401585032,PHI,3133603,40
401585032,PHI,4066436,37
401585032,PHI,4431678,44
401585032,PHI,6462,11
401585032,PHI,4431828,6
401585032,PHI,2991155,6
401585032,PHI,4277919,26
401585032,PHI,3964,13
401585032,PHI,4432164,1
401585032,PHI,2490620,0
401585032,PHI,4585610,0
401585032,PHI,3929325,0
401585032,MIA,3138160,9
401585032,MIA,4432848,39
401585032,MIA,4066261,36
401585032,MIA,3012,33
401585032,MIA,4395725,38
401585032,MIA,3449,16
401585032,MIA,3157465,34
401585032,MIA,4278572,17
401585032,MIA,4590530,17
401585032,MIA,4397134,0
401585032,MIA,4997528,0
401585032,MIA,3934723,0
401585032,MIA,4593049,0
401585033,DAL,3936099,35
401585033,DAL,4683688,32
401585033,DAL,2528210,38
401585033,DAL,3102528,33
401585033,DAL,3945274,44
401585033,DAL,2531367,7
401585033,DAL,4066218,27
401585033,DAL,4595400,0
401585033,DAL,2326307,6
401585033,DAL,4067017,5
401585033,DAL,4868423,13
401585033,DAL,6461,0
401585033,DAL,2993370,0
401585033,PHX,3202,43
401585033,PHX,3914285,17
401585033,PHX,3431,37
401585033,PHX,3135045,39
401585033,PHX,3136193,40
401585033,PHX,3914283,34
401585033,PHX,4395652,3
401585033,PHX,4066299,4
401585033,PHX,4065663,12
401585033,PHX,4278402,11
401585033,PHX,3133838,0
401585033,PHX,3136779,0
401585033,PHX,4397102,0
401585033,PHX,4278124,0
401585034,BKN,3138196,26
401585034,BKN,4278067,26
401585034,BKN,2580782,34
401585034,BKN,3147657,40
401585034,BKN,4432174,23
401585034,BKN,2578185,33
401585034,BKN,2583632,15
401585034,BKN,4432194,22
401585034,BKN,4065697,21
401585034,BKN,4065649,0
401585034,BKN,4431675,0
401585034,BKN,4431714,0
401585034,DET,3593,39
401585034,DET,4432810,36
401585034,DET,4433621,33
401585034,DET,4432166,37
401585034,DET,4433218,28
401585034,DET,4278075,12
401585034,DET,4432808,12
401585034,DET,6429,26
401585034,DET,4432107,10
401585034,DET,4684742,9
401585034,DET,4277848,0
401585034,DET,4277957,0
401585034,DET,2528794,0
401585034,DET,4683024,0
401585035,ORL,4432573,38
401585035,ORL,4566434,38
401585035,ORL,4277847,21
401585035,ORL,4432165,29
401585035,ORL,4712849,33
401585035,ORL,4433623,12
401585035,ORL,3150844,15
401585035,ORL,4348700,12
401585035,ORL,2999547,19
401585035,ORL,4432809,23
401585035,ORL,4278052,0
401585035,WSH,3134907,36
401585035,WSH,4278049,32
401585035,WSH,4683021,23
401585035,WSH,3135046,34
401585035,WSH,4277956,33
401585035,WSH,3428,16
401585035,WSH,4280151,19
401585035,WSH,3064447,13
401585035,WSH,3914044,8
401585035,WSH,5104155,26
401585035,WSH,2581184,0
401585035,WSH,2490089,0
401585035,WSH,4432356,0
401585035,WSH,4433246,0
401585035,WSH,4591725,0
401585036,ATL,4701230,29
401585036,ATL,3102529,27
401585036,ATL,3907497,34
401585036,ATL,4277905,40
401585036,ATL,4397136,34
401585036,ATL,4431680,21
401585036,ATL,4032,6
401585036,ATL,3037789,31
401585036,ATL,3913180,13
401585036,ATL,4065656,3
401585036,ATL,4431775,1
401585036,ATL,4277952,0
401585036,ATL,4004,0
401585036,CHI,4431687,25
401585036,CHI,6585,39
401585036,CHI,3978,40
401585036,CHI,2991350,29
401585036,CHI,4395651,37
401585036,CHI,4279815,8
401585036,CHI,3133635,20
401585036,CHI,4397002,35
401585036,CHI,4433159,7
401585036,CHI,5105553,0
401585036,CHI,2528693,0
401585036,CHI,4702023,0
401585037,IND,4397189,23
401585037,IND,3133628,24
401585037,IND,4395712,34
401585037,IND,4396909,30
401585037,IND,4396993,38
401585037,IND,4278355,15
401585037,IND,4432170,20
401585037,IND,2990984,33
401585037,IND,4683634,24
401585037,IND,3999,0
401585037,IND,5106060,0
401585037,IND,4277883,0
401585037,IND,2530530,0
401585037,IND,4433076,0
401585037,HOU,3155526,22
401585037,HOU,4432639,34
401585037,HOU,4871144,37
401585037,HOU,2991230,40
401585037,HOU,4437244,20
401585037,HOU,3209,11
401585037,HOU,3136777,14
401585037,HOU,4433192,26
401585037,HOU,3922230,25
401585037,HOU,4684740,12
401585037,HOU,5105592,0
401585037,HOU,2528779,0
401585037,HOU,4376,0
401585037,HOU,3146557,0
401585037,HOU,4396629,0
401585038,MEM,4277961,39
401585038,MEM,6427,25
401585038,MEM,2990992,29
401585038,MEM,4066320,40
401585038,MEM,4279888,40
401585038,MEM,4277964,28
401585038,MEM,4433137,12
401585038,MEM,4593041,16
401585038,MEM,4593125,9
401585038,MEM,4397227,27
401585038,MEM,4278378,0
401585038,MEM,3134932,0
401585038,NO,3913176,42
401585038,NO,4277813,32
401585038,NO,4395628,36
401585038,NO,6477,36
401585038,NO,2490149,39
401585038,NO,4278594,14
401585038,NO,4397688,36
401585038,NO,2579258,0
401585038,NO,4277869,12
401585038,NO,4869342,19
401585038,NO,4432813,0
401585038,NO,4395698,0
401585038,NO,4683750,0
401585039,MIN,4431671,27
401585039,MIN,3032976,29
401585039,MIN,3136195,29
401585039,MIN,3195,25
401585039,MIN,4594268,34
401585039,MIN,2993874,23
401585039,MIN,4278508,2
401585039,MIN,4592187,5
401585039,MIN,4687718,5
401585039,MIN,5044385,5
401585039,MIN,4396971,19
401585039,MIN,3915195,5
401585039,MIN,3134916,14
401585039,MIN,4278039,19
401585039,OKC,4433255,29
401585039,OKC,4278073,33
401585039,OKC,4397020,33
401585039,OKC,4593803,26
401585039,OKC,4871145,25
401585039,OKC,4432823,5
401585039,OKC,3102532,16
401585039,OKC,3133626,16
401585039,OKC,4395702,16
401585039,OKC,4397183,14
401585039,OKC,4432819,2
401585039,OKC,4683692,24
401585039,OKC,4278046,0
401585039,OKC,4997526,0
401585039,OKC,6426,0
401585040,UTAH,2489663,23
401585040,UTAH,3908845,18
401585040,UTAH,4066336,31
401585040,UTAH,2991139,19
401585040,UTAH,4277811,29
401585040,UTAH,3899664,23
401585040,UTAH,4423309,2
401585040,UTAH,4684806,2
401585040,UTAH,5105839,2
401585040,UTAH,3074213,2
401585040,UTAH,4433136,18
401585040,UTAH,2528426,27
401585040,UTAH,4397018,19
401585040,UTAH,4433627,24
401585040,UTAH,4396991,0
401585040,SA,4565201,17
401585040,SA,4592479,25
401585040,SA,4610139,27
401585040,SA,5104157,24
401585040,SA,4395630,34
401585040,SA,2528588,11
401585040,SA,4066650,18
401585040,SA,4278580,2
401585040,SA,4395723,30
401585040,SA,3893016,13
401585040,SA,4395626,27
401585040,SA,4683935,10
401585040,SA,5081727,2
401585040,SA,3133601,0
401585041,SAC,6578,36
401585041,SAC,3155942,36
401585041,SAC,4594327,36
401585041,SAC,4066259,38
401585041,SAC,4066372,22
401585041,SAC,3136196,14
401585041,SAC,3893014,9
401585041,SAC,4397693,2
401585041,SAC,4401416,2
401585041,SAC,3452,5
401585041,SAC,2596107,2
401585041,SAC,4592402,8
401585041,SAC,4066262,19
401585041,SAC,4278053,2
401585041,SAC,4702177,9
401585041,POR,2991070,28
401585041,POR,4431736,18
401585041,POR,4397126,14
401585041,POR,2566769,30
401585041,POR,4351851,35
401585041,POR,3059307,2
401585041,POR,4432446,22
401585041,POR,4594326,2
401585041,POR,4066268,32
401585041,POR,4871140,2
401585041,POR,4066269,2
401585041,POR,3907498,26
401585041,POR,4683678,28
401585042,CHA,4066383,38
401585042,CHA,4249,24
401585042,CHA,4278076,33
401585042,CHA,3074752,39
401585042,CHA,4576086,22
401585042,CHA,4278078,26
401585042,CHA,3138161,25
401585042,CHA,4397371,4
401585042,CHA,4305,16
401585042,CHA,4683686,12
401585042,CHA,4702233,0
401585042,CHA,4431712,0
401585042,LAC,4251,37
401585042,LAC,4017837,31
401585042,LAC,3992,40
401585042,LAC,3907823,20
401585042,LAC,4066387,23
401585042,LAC,2451037,15
401585042,LAC,3468,28
401585042,LAC,2595516,28
401585042,LAC,4431752,17
401585042,LAC,3033,0
401585042,LAC,3914075,0
401585042,LAC,4396818,0
401585042,LAC,4432162,0
401585042,LAC,4592492,0
401585043,PHI,6440,33
401585043,PHI,4278562,32
401585043,PHI,3133603,29
401585043,PHI,4066436,37
401585043,PHI,4431678,34
401585043,PHI,2490620,11
401585043,PHI,6462,22
401585043,PHI,4431828,1
401585043,PHI,2991155,7
401585043,PHI,4277919,16
401585043,PHI,3964,17
401585043,PHI,4432164,1
401585043,PHI,3929325,0
401585043,ORL,4432573,38
401585043,ORL,4566434,36
401585043,ORL,4277847,22
401585043,ORL,4432165,28
401585043,ORL,4712849,23
401585043,ORL,4278052,15
401585043,ORL,4433623,26
401585043,ORL,3918423,1
401585043,ORL,3150844,16
401585043,ORL,4348700,9
401585043,ORL,4409222,1
401585043,ORL,4432809,23
401585043,ORL,5105806,1
401585044,TOR,3149673,32
401585044,TOR,3934719,29
401585044,TOR,4433134,33
401585044,TOR,3134908,21
401585044,TOR,4277843,26
401585044,TOR,3244,5
401585044,TOR,3948153,12
401585044,TOR,4066731,19
401585044,TOR,4431679,11
401585044,TOR,2594922,13
401585044,TOR,4066668,5
401585044,TOR,3032979,28
401585044,TOR,5106258,5
401585044,WSH,3134907,30
401585044,WSH,4278049,30
401585044,WSH,4683021,24
401585044,WSH,3135046,31
401585044,WSH,4277956,28
401585044,WSH,3428,5
401585044,WSH,2581184,5
401585044,WSH,4066410,6
401585044,WSH,4280151,21
401585044,WSH,2490089,7
401585044,WSH,3914044,11
401585044,WSH,4432356,6
401585044,WSH,4433246,6
401585044,WSH,4591725,6
401585044,WSH,5104155,25
401585045,MIL,6609,32
401585045,MIL,3032977,30
401585045,MIL,3448,25
401585045,MIL,3907822,22
401585045,MIL,6606,29
401585045,MIL,3064482,31
401585045,MIL,3102533,1
401585045,MIL,4432179,21
401585045,MIL,4433622,1
401585045,MIL,3447,1
401585045,MIL,3064230,23
401585045,MIL,2578239,18
401585045,MIL,4397475,4
401585045,MIL,4432190,2
401585045,MIL,4277887,0
401585045,BKN,2583632,10
401585045,BKN,4432194,16
401585045,BKN,4065697,30
401585045,BKN,3147657,12
401585045,BKN,4432174,12
401585045,BKN,4065649,7
401585045,BKN,4431675,28
401585045,BKN,4431714,30
401585045,BKN,4432735,21
401585045,BKN,4712896,24
401585045,BKN,4066450,29
401585045,BKN,4432192,21
401585046,PHX,3202,41
401585046,PHX,3102530,14
401585046,PHX,3431,39
401585046,PHX,3135045,33
401585046,PHX,3136193,36
401585046,PHX,3914283,16
401585046,PHX,3133838,2
401585046,PHX,4395652,16
401585046,PHX,4066299,19
401585046,PHX,4397102,2
401585046,PHX,4065663,10
401585046,PHX,4278124,12
401585046,PHX,3914285,0
401585046,PHX,3136779,0
401585046,PHX,4278402,0
401585046,HOU,3136777,24
401585046,HOU,4432639,22
401585046,HOU,4871144,29
401585046,HOU,2991230,29
401585046,HOU,4437244,26
401585046,HOU,3209,7
401585046,HOU,4433192,25
401585046,HOU,5105592,18
401585046,HOU,2528779,7
401585046,HOU,3146557,12
401585046,HOU,3922230,24
401585046,HOU,4684740,17
401585046,HOU,4376,0
401585047,NY,3064514,36
401585047,NY,4395625,30
401585047,NY,4222252,37
401585047,NY,3934672,37
401585047,NY,3934673,21
401585047,NY,3986,10
401585047,NY,3062679,34
401585047,NY,4395724,25
401585047,NY,4397014,11
401585047,NY,4684737,0
401585047,NY,4598307,0
401585047,NY,6588,0
401585047,NY,2991047,0
401585047,NY,3913220,0
401585047,NY,4431823,0
401585047,OKC,4433255,30
401585047,OKC,4278073,36
401585047,OKC,4397020,27
401585047,OKC,4593803,33
401585047,OKC,4871145,29
401585047,OKC,4432823,7
401585047,OKC,6426,1
401585047,OKC,3133626,21
401585047,OKC,4395702,16
401585047,OKC,4397183,12
401585047,OKC,4432819,6
401585047,OKC,4683692,22
401585047,OKC,4683018,0
401585047,OKC,3102532,0
401585048,CLE,3912848,32
401585048,CLE,4432822,39
401585048,CLE,4066328,35
401585048,CLE,4065778,34
401585048,CLE,4701233,30
401585048,CLE,2990969,24
401585048,CLE,4433620,6
401585048,CLE,6474,13
401585048,CLE,2991043,28
401585048,CLE,4432815,0
401585048,CLE,3064559,0
401585048,CLE,4066757,0
401585048,DAL,3936099,36
401585048,DAL,4683688,25
401585048,DAL,2528210,30
401585048,DAL,3102528,33
401585048,DAL,3945274,37
401585048,DAL,2531367,5
401585048,DAL,4066218,26
401585048,DAL,2326307,28
401585048,DAL,4432811,21
401585048,DAL,6461,0
401585048,DAL,2993370,0
401585048,DAL,4595400,0
401585048,DAL,4067017,0
401585048,DAL,4868423,0
401585049,DET,4278075,18
401585049,DET,3593,44
401585049,DET,4433621,40
401585049,DET,4432166,43
401585049,DET,4433218,33
401585049,DET,4277957,23
401585049,DET,4432808,13
401585049,DET,6429,30
401585049,DET,4683024,10
401585049,DET,4684742,12
401585049,DET,4277848,0
401585049,DET,2528794,0
401585049,DET,4432107,0
401585049,BOS,4065648,43
401585049,BOS,3213,37
401585049,BOS,3102531,36
401585049,BOS,3995,44
401585049,BOS,3078576,38
401585049,BOS,4065804,18
401585049,BOS,4278031,6
401585049,BOS,4397424,20
401585049,BOS,4066354,24
401585049,BOS,4066405,0
401585049,BOS,4397885,0
401585049,BOS,3064560,0
401585049,BOS,3133602,0
401585050,IND,4397189,25
401585050,IND,3133628,26
401585050,IND,4395712,24
401585050,IND,4396909,34
401585050,IND,4396993,37
401585050,IND,4278355,25
401585050,IND,4432170,11
401585050,IND,2990984,33
401585050,IND,4683634,26
401585050,IND,3999,0
401585050,IND,5106060,0
401585050,IND,4277883,0
401585050,IND,2530530,0
401585050,IND,4433076,0
401585050,CHI,4431687,38
401585050,CHI,6585,21
401585050,CHI,3978,37
401585050,CHI,2991350,32
401585050,CHI,4395651,33
401585050,CHI,4279815,14
401585050,CHI,5105553,1
401585050,CHI,4702023,1
401585050,CHI,3133635,12
401585050,CHI,4397002,33
401585050,CHI,4433159,18
401585050,CHI,2528693,0
401585051,DAL,3936099,30
401585051,DAL,4066218,30
401585051,DAL,4683688,15
401585051,DAL,3102528,24
401585051,DAL,4868423,31
401585051,DAL,6461,3
401585051,DAL,2531367,30
401585051,DAL,2326307,30
401585051,DAL,2528210,32
401585051,DAL,4432811,15
401585051,DAL,2993370,0
401585051,DAL,4595400,0
401585051,DAL,4067017,0
401585051,DAL,4397040,0
401585051,MIN,4431671,34
401585051,MIN,3032976,38
401585051,MIN,3136195,27
401585051,MIN,3195,28
401585051,MIN,4594268,38
401585051,MIN,2993874,27
401585051,MIN,4278508,6
401585051,MIN,4396971,18
401585051,MIN,4278039,24
401585051,MIN,4687718,0
401585051,MIN,3915195,0
401585051,MIN,4432176,0
401585051,MIN,3134916,0
401585052,UTAH,3908845,26
401585052,UTAH,4066336,35
401585052,UTAH,4433136,29
401585052,UTAH,2991139,19
401585052,UTAH,4277811,30
401585052,UTAH,2489663,19
401585052,UTAH,3899664,14
401585052,UTAH,4396991,6
401585052,UTAH,2528426,24
401585052,UTAH,4397018,16
401585052,UTAH,4433627,22
401585052,UTAH,4423309,0
401585052,UTAH,4684806,0
401585052,UTAH,5105839,0
401585052,UTAH,3074213,0
401585052,NO,3913176,36
401585052,NO,4277813,29
401585052,NO,4395628,30
401585052,NO,6477,23
401585052,NO,2490149,32
401585052,NO,2580365,25
401585052,NO,4278594,16
401585052,NO,4397688,23
401585052,NO,4277869,12
401585052,NO,4869342,14
401585052,NO,4432813,0
401585052,NO,2579258,0
401585052,NO,4395698,0
401585053,MEM,4277961,28
401585053,MEM,6427,22
401585053,MEM,2990992,23
401585053,MEM,4066320,25
401585053,MEM,4397227,30
401585053,MEM,4277964,22
401585053,MEM,4433137,24
401585053,MEM,4593041,29
401585053,MEM,4278378,12
401585053,MEM,3134932,25
401585053,MEM,4593125,0
401585053,MEM,4279888,0
401585053,DEN,4278104,23
401585053,DEN,3112335,30
401585053,DEN,2581018,25
401585053,DEN,3936299,26
401585053,DEN,4576087,23
401585053,DEN,2284101,18
401585053,DEN,4066240,7
401585053,DEN,4431690,6
401585053,DEN,3442,13
401585053,DEN,6443,17
401585053,DEN,4398390,6
401585053,DEN,4431767,23
401585053,DEN,4432181,25
401585054,MIA,4291678,18
401585054,MIA,4432848,39
401585054,MIA,4066261,36
401585054,MIA,4395725,31
401585054,MIA,4590530,25
401585054,MIA,3449,13
401585054,MIA,3157465,30
401585054,MIA,4278572,28
401585054,MIA,4397134,1
401585054,MIA,4997528,20
401585054,MIA,3934723,0
401585054,MIA,2581190,0
401585054,GS,3155535,14
401585054,GS,4433247,24
401585054,GS,3975,32
401585054,GS,6475,25
401585054,GS,4709138,28
401585054,GS,3032978,20
401585054,GS,3059319,26
401585054,GS,4431684,26
401585054,GS,6446,2
401585054,GS,3943606,2
401585054,GS,2779,27
401585054,GS,4431720,2
401585054,GS,4432171,13
401585054,GS,6589,0
401585055,SA,4565201,29
401585055,SA,4592479,14
401585055,SA,4610139,31
401585055,SA,5104157,24
401585055,SA,4395630,35
401585055,SA,2528588,16
401585055,SA,4066650,17
401585055,SA,4278580,1
401585055,SA,4395723,31
401585055,SA,3893016,16
401585055,SA,4395626,26
401585055,SA,4683935,1
401585055,POR,2991070,41
401585055,POR,4431736,21
401585055,POR,4397126,14
401585055,POR,2566769,37
401585055,POR,4683678,36
401585055,POR,3059307,6
401585055,POR,4432446,30
401585055,POR,4871140,14
401585055,POR,4066269,14
401585055,POR,3907498,28
401585055,POR,4066268,0
401585055,POR,4351851,0
401585056,CHA,4066383,33
401585056,CHA,4433287,29
401585056,CHA,4278076,26
401585056,CHA,3074752,32
401585056,CHA,4576086,22
401585056,CHA,4278078,25
401585056,CHA,4702233,6
401585056,CHA,3138161,20
401585056,CHA,4397371,9
401585056,CHA,4305,14
401585056,CHA,4431712,6
401585056,CHA,4683686,18
401585056,LAL,1966,25
401585056,LAL,6583,26
401585056,LAL,2990962,23
401585056,LAL,4066648,28
401585056,LAL,4278077,24
401585056,LAL,3058254,23
401585056,LAL,4397077,7
401585056,LAL,3136776,29
401585056,LAL,4066457,24
401585056,LAL,4432582,24
401585056,LAL,4433626,7
401585057,NY,3064514,36
401585057,NY,4395625,37
401585057,NY,4222252,25
401585057,NY,3934672,34
401585057,NY,3934673,20
401585057,NY,3986,15
401585057,NY,3062679,31
401585057,NY,4395724,28
401585057,NY,4397014,14
401585057,NY,4598307,0
401585057,NY,6588,0
401585057,NY,2991047,0
401585057,NY,3913220,0
401585057,NY,4431823,0
401585057,ORL,4432573,36
401585057,ORL,4566434,39
401585057,ORL,4348700,30
401585057,ORL,4432165,31
401585057,ORL,4712849,29
401585057,ORL,4278052,12
401585057,ORL,4433623,21
401585057,ORL,3150844,18
401585057,ORL,4432809,23
401585057,ORL,4277847,0
401585057,ORL,4409222,0
401585058,BKN,2578185,33
401585058,BKN,3138196,33
401585058,BKN,4278067,30
401585058,BKN,2580782,27
401585058,BKN,3147657,36
401585058,BKN,2583632,18
401585058,BKN,4432194,18
401585058,BKN,4065697,20
401585058,BKN,4432174,24
401585058,BKN,4065649,0
401585058,BKN,4431675,0
401585058,BKN,4277890,0
401585058,WSH,3134907,31
401585058,WSH,4278049,17
401585058,WSH,4683021,34
401585058,WSH,3135046,31
401585058,WSH,4277956,25
401585058,WSH,4280151,17
401585058,WSH,2490089,31
401585058,WSH,3064447,17
401585058,WSH,3914044,18
401585058,WSH,5104155,20
401585058,WSH,2581184,0
401585058,WSH,4066410,0
401585058,WSH,4395695,0
401585058,WSH,4432356,0
401585058,WSH,4433246,0
401585059,SAC,6578,12
401585059,SAC,3155942,35
401585059,SAC,4594327,36
401585059,SAC,4066259,41
401585059,SAC,4066372,10
401585059,SAC,3136196,25
401585059,SAC,2596107,13
401585059,SAC,4592402,25
401585059,SAC,4066262,31
401585059,SAC,4278053,13
401585059,SAC,3893014,0
401585059,SAC,4397693,0
401585059,SAC,4401416,0
401585059,SAC,3452,0
401585059,SAC,4702177,0
401585059,ATL,4701230,35
401585059,ATL,3102529,28
401585059,ATL,3907497,37
401585059,ATL,4277905,38
401585059,ATL,4397136,32
401585059,ATL,4431680,23
401585059,ATL,4004,11
401585059,ATL,3037789,27
401585059,ATL,3913180,8
401585059,ATL,4277952,0
401585059,ATL,4432585,0
401585059,ATL,4032,0
401585059,ATL,4065656,0
401585060,TOR,3149673,41
401585060,TOR,3934719,37
401585060,TOR,4433134,38
401585060,TOR,3134908,22
401585060,TOR,4277843,29
401585060,TOR,3948153,7
401585060,TOR,4066731,15
401585060,TOR,4431679,2
401585060,TOR,2594922,8
401585060,TOR,4066668,6
401585060,TOR,3032979,35
401585060,TOR,3244,0
401585060,TOR,5106258,0
401585060,BOS,4065804,34
401585060,BOS,3064560,33
401585060,BOS,3995,32
401585060,BOS,3078576,36
401585060,BOS,3917376,41
401585060,BOS,4397885,2
401585060,BOS,4278031,15
401585060,BOS,4397424,14
401585060,BOS,3133602,7
401585060,BOS,4066354,25
401585060,BOS,4065648,0
401585060,BOS,4066405,0
401585061,MIL,6609,33
401585061,MIL,3032977,37
401585061,MIL,3448,36
401585061,MIL,3907822,35
401585061,MIL,6606,34
401585061,MIL,3064482,23
401585061,MIL,4432179,11
401585061,MIL,3064230,6
401585061,MIL,2578239,23
401585061,MIL,4432190,3
401585061,MIL,3102533,0
401585061,MIL,4433622,0
401585061,MIL,3447,0
401585061,MIL,4397475,0
401585061,CLE,3912848,17
401585061,CLE,4432822,30
401585061,CLE,4066328,40
401585061,CLE,3908809,36
401585061,CLE,4065778,36
401585061,CLE,2990969,14
401585061,CLE,6474,8
401585061,CLE,2991043,28
401585061,CLE,4066757,15
401585061,CLE,4701233,15
401585061,CLE,3064559,0
401585061,CLE,4065733,0
401585062,PHI,6440,35
401585062,PHI,4278562,24
401585062,PHI,3133603,24
401585062,PHI,4066436,36
401585062,PHI,4431678,41
401585062,PHI,2490620,16
401585062,PHI,6462,27
401585062,PHI,2991155,12
401585062,PHI,4277919,5
401585062,PHI,3964,20
401585062,PHI,3929325,0
401585062,PHI,4432164,0
401585062,HOU,3209,33
401585062,HOU,3136777,35
401585062,HOU,4871144,34
401585062,HOU,2991230,43
401585062,HOU,4437244,36
401585062,HOU,4433192,27
401585062,HOU,3146557,8
401585062,HOU,3922230,15
401585062,HOU,4684740,9
401585062,HOU,5105592,0
401585062,HOU,2528779,0
401585062,HOU,4376,0
401585063,OKC,4433255,28
401585063,OKC,4278073,33
401585063,OKC,4397020,32
401585063,OKC,4593803,31
401585063,OKC,4871145,21
401585063,OKC,4066317,3
401585063,OKC,4278046,3
401585063,OKC,4432823,17
401585063,OKC,3102532,14
401585063,OKC,3133626,15
401585063,OKC,4395702,13
401585063,OKC,4397183,12
401585063,OKC,4683692,18
401585063,OKC,6426,0
401585063,OKC,4432819,0
401585063,DEN,4278104,31
401585063,DEN,3112335,32
401585063,DEN,2581018,27
401585063,DEN,3936299,36
401585063,DEN,4576087,32
401585063,DEN,2284101,16
401585063,DEN,4066240,3
401585063,DEN,4431690,3
401585063,DEN,3442,13
401585063,DEN,6443,15
401585063,DEN,4398390,3
401585063,DEN,4431767,17
401585063,DEN,4432181,12
401585064,CHA,4066383,37
401585064,CHA,4433287,31
401585064,CHA,4278076,31
401585064,CHA,3074752,39
401585064,CHA,4576086,21
401585064,CHA,4278078,28
401585064,CHA,3138161,27
401585064,CHA,4305,13
401585064,CHA,4683686,13
401585064,CHA,4702233,0
401585064,CHA,4397371,0
401585064,CHA,4431712,0
401585064,PHX,3202,39
401585064,PHX,3102530,28
401585064,PHX,6580,30
401585064,PHX,3135045,33
401585064,PHX,3136193,37
401585064,PHX,3914283,19
401585064,PHX,4066299,6
401585064,PHX,3431,33
401585064,PHX,4278124,14
401585064,PHX,4278402,1
401585064,PHX,3914285,0
401585064,PHX,3133838,0
401585064,PHX,3136779,0
401585064,PHX,4397102,0
401585065,SA,4066650,18
401585065,SA,4565201,29
401585065,SA,4592479,12
401585065,SA,4610139,29
401585065,SA,4395630,31
401585065,SA,2528588,23
401585065,SA,4278580,8
401585065,SA,4395723,32
401585065,SA,4870562,14
401585065,SA,3893016,18
401585065,SA,4395626,27
401585065,SA,4683935,0
401585065,POR,2991070,39
401585065,POR,4431736,36
401585065,POR,4397126,4
401585065,POR,2566769,37
401585065,POR,4683678,37
401585065,POR,4432446,30
401585065,POR,4871140,10
401585065,POR,4066269,20
401585065,POR,3907498,27
401585065,POR,3059307,0
401585065,POR,4278111,0
401585065,POR,4594326,0
401585065,POR,5099752,0
401585066,MEM,4277961,37
401585066,MEM,6427,8
401585066,MEM,2990992,32
401585066,MEM,4066320,37
401585066,MEM,4279888,37
401585066,MEM,4277964,17
401585066,MEM,4433137,6
401585066,MEM,4593041,22
401585066,MEM,4593125,22
401585066,MEM,4397227,22
401585066,MEM,4278378,0
401585066,MEM,3134932,0
401585066,LAC,4251,36
401585066,LAC,4017837,33
401585066,LAC,3992,44
401585066,LAC,3907823,23
401585066,LAC,4066387,31
401585066,LAC,2451037,13
401585066,LAC,3468,20
401585066,LAC,2595516,25
401585066,LAC,4431752,15
401585066,LAC,3033,0
401585066,LAC,4433249,0
401585066,LAC,4396818,0
401585066,LAC,4432162,0
401585066,LAC,4592492,0
401585066,LAC,4702176,0
401585067,MIA,6430,23
401585067,MIA,4997528,10
401585067,MIA,4066261,37
401585067,MIA,4395725,39
401585067,MIA,4590530,8
401585067,MIA,3449,20
401585067,MIA,3157465,32
401585067,MIA,4278572,11
401585067,MIA,4291678,26
401585067,MIA,4432848,35
401585067,MIA,3934723,0
401585067,MIA,2581190,0
401585067,UTAH,3899664,31
401585067,UTAH,3908845,21
401585067,UTAH,4066336,26
401585067,UTAH,2991139,18
401585067,UTAH,4277811,26
401585067,UTAH,2489663,28
401585067,UTAH,4433136,23
401585067,UTAH,2528426,25
401585067,UTAH,4397018,15
401585067,UTAH,4433627,28
401585067,UTAH,4423309,0
401585067,UTAH,4396991,0
401585067,UTAH,3074213,0
401585068,TOR,3149673,40
401585068,TOR,4433134,36
401585068,TOR,3134908,35
401585068,TOR,3032979,37
401585068,TOR,4277843,39
401585068,TOR,3244,11
401585068,TOR,3948153,17
401585068,TOR,4066731,17
401585068,TOR,2594922,8
401585068,TOR,4023,0
401585068,TOR,5106258,0
401585068,DET,4278075,31
401585068,DET,3593,37
401585068,DET,4433621,34
401585068,DET,4432166,38
401585068,DET,4433218,29
401585068,DET,4277957,17
401585068,DET,4432808,13
401585068,DET,6429,19
401585068,DET,4683024,10
401585068,DET,4684742,12
401585068,DET,4277848,0
401585068,DET,2528794,0
401585068,DET,4432107,0
401585069,NY,3064514,39
401585069,NY,4222252,33
401585069,NY,3062679,38
401585069,NY,3934672,41
401585069,NY,3934673,36
401585069,NY,3986,14
401585069,NY,4592461,1
401585069,NY,4598307,1
401585069,NY,6588,17
401585069,NY,2991047,1
401585069,NY,4066508,1
401585069,NY,4431823,18
401585069,NY,4277922,0
401585069,IND,4397189,21
401585069,IND,3133628,31
401585069,IND,4395712,33
401585069,IND,4396909,31
401585069,IND,4396993,36
401585069,IND,4278355,20
401585069,IND,4432170,9
401585069,IND,5106060,1
401585069,IND,4277883,1
401585069,IND,2530530,12
401585069,IND,2990984,18
401585069,IND,4433076,1
401585069,IND,4683634,26
401585069,IND,3999,0
401585070,PHI,6440,34
401585070,PHI,4278562,28
401585070,PHI,3133603,28
401585070,PHI,4066436,26
401585070,PHI,4431678,35
401585070,PHI,2490620,5
401585070,PHI,3416,19
401585070,PHI,6462,17
401585070,PHI,4431828,8
401585070,PHI,4277919,13
401585070,PHI,3964,24
401585070,PHI,3929325,2
401585070,PHI,2991155,0
401585070,CHI,4431687,33
401585070,CHI,6585,30
401585070,CHI,3978,37
401585070,CHI,2991350,28
401585070,CHI,4395651,40
401585070,CHI,4279815,17
401585070,CHI,5105553,1
401585070,CHI,3133635,13
401585070,CHI,4397002,29
401585070,CHI,4433159,11
401585070,CHI,2528693,0
401585070,CHI,4702023,0
401585071,LAL,1966,39
401585071,LAL,6583,39
401585071,LAL,2990962,33
401585071,LAL,4278077,27
401585071,LAL,4395627,22
401585071,LAL,3058254,13
401585071,LAL,4066648,17
401585071,LAL,3136776,20
401585071,LAL,4066457,29
401585071,LAL,4397077,0
401585071,LAL,4432582,0
401585071,LAL,4433626,0
401585071,MIN,4431671,26
401585071,MIN,3032976,38
401585071,MIN,3136195,29
401585071,MIN,3195,33
401585071,MIN,4594268,38
401585071,MIN,2993874,24
401585071,MIN,4278508,8
401585071,MIN,4396971,27
401585071,MIN,4278039,16
401585071,MIN,4687718,0
401585071,MIN,3915195,0
401585071,MIN,4432176,0
401585071,MIN,3134916,0
401585072,DAL,3936099,24
401585072,DAL,4683688,35
401585072,DAL,3102528,34
401585072,DAL,3945274,38
401585072,DAL,4868423,24
401585072,DAL,2531367,13
401585072,DAL,4066218,19
401585072,DAL,2528210,29
401585072,DAL,4432811,25
401585072,DAL,6461,0
401585072,DAL,4432161,0
401585072,DAL,2960236,0
401585072,DAL,2993370,0
401585072,DAL,4595400,0
401585072,DAL,6442,0
401585072,DAL,2326307,0
401585072,DAL,4067017,0
401585072,DAL,4397040,0
401585072,GS,4431684,29
401585072,GS,4433247,25
401585072,GS,2779,33
401585072,GS,3975,35
401585072,GS,6475,26
401585072,GS,3032978,15
401585072,GS,3059319,28
401585072,GS,3155535,11
401585072,GS,3134903,9
401585072,GS,4709138,29
401585072,GS,4871143,0
401585072,GS,6589,0
401585072,GS,4997536,0
401585072,GS,6446,0
401585072,GS,3943606,0
401585072,GS,4431720,0
401585072,GS,4432171,0
401585073,ATL,4701230,37
401585073,ATL,3102529,33
401585073,ATL,3907497,34
401585073,ATL,4277905,40
401585073,ATL,4397136,32
401585073,ATL,4277952,15
401585073,ATL,4004,8
401585073,ATL,3037789,27
401585073,ATL,3913180,14
401585073,ATL,4432585,0
401585073,ATL,4032,0
401585073,ATL,4065656,0
401585073,WSH,3134907,34
401585073,WSH,4278049,28
401585073,WSH,4683021,31
401585073,WSH,3135046,27
401585073,WSH,4277956,29
401585073,WSH,4280151,18
401585073,WSH,2490089,20
401585073,WSH,3064447,18
401585073,WSH,3914044,19
401585073,WSH,5104155,17
401585073,WSH,2581184,0
401585073,WSH,4066410,0
401585073,WSH,4397127,0
401585073,WSH,4432356,0
401585073,WSH,4591725,0
401585074,LAL,1966,37
401585074,LAL,6583,35
401585074,LAL,2990962,34
401585074,LAL,4066648,8
401585074,LAL,4278077,21
401585074,LAL,3058254,25
401585074,LAL,4397077,10
401585074,LAL,4066457,36
401585074,LAL,4432582,29
401585074,LAL,4433626,5
401585074,LAL,4395627,0
401585074,LAL,3136776,0
401585074,NO,3913176,38
401585074,NO,4277813,29
401585074,NO,4395628,32
401585074,NO,6477,25
401585074,NO,2490149,36
401585074,NO,2580365,23
401585074,NO,4278594,21
401585074,NO,4277869,20
401585074,NO,4683750,8
401585074,NO,4869342,8
401585074,NO,4432813,0
401585074,NO,2579258,0
401585074,NO,4395698,0
401585075,BKN,2578185,24
401585075,BKN,3138196,34
401585075,BKN,4278067,37
401585075,BKN,2580782,37
401585075,BKN,3147657,37
401585075,BKN,2583632,21
401585075,BKN,4431675,2
401585075,BKN,4432194,8
401585075,BKN,4065697,15
401585075,BKN,4432174,26
401585075,BKN,4065649,0
401585075,BKN,4277890,0
401585075,OKC,4433255,32
401585075,OKC,4278073,35
401585075,OKC,4397020,30
401585075,OKC,4593803,29
401585075,OKC,4871145,27
401585075,OKC,4066317,2
401585075,OKC,4432823,7
401585075,OKC,3102532,12
401585075,OKC,3133626,18
401585075,OKC,4395702,16
401585075,OKC,4397183,11
401585075,OKC,4683692,23
401585075,OKC,4683018,0
401585075,OKC,6426,0
401585075,OKC,4432819,0
401585076,BOS,4065648,31
401585076,BOS,3213,20
401585076,BOS,3102531,30
401585076,BOS,3078576,26
401585076,BOS,3917376,26
401585076,BOS,4065804,20
401585076,BOS,4066405,7
401585076,BOS,4397885,11
401585076,BOS,4278031,21
401585076,BOS,3064560,16
401585076,BOS,4397424,5
401585076,BOS,3133602,8
401585076,BOS,4066354,19
401585076,SA,4565201,23
401585076,SA,4592479,19
401585076,SA,4610139,24
401585076,SA,5104157,24
401585076,SA,4395630,31
401585076,SA,2528588,16
401585076,SA,4278580,20
401585076,SA,4870562,13
401585076,SA,3893016,16
401585076,SA,3133601,8
401585076,SA,4395626,22
401585076,SA,4683935,17
401585076,SA,5081727,8
401585077,SAC,6578,20
401585077,SAC,3155942,32
401585077,SAC,4594327,26
401585077,SAC,4592402,26
401585077,SAC,4066259,34
401585077,SAC,3136196,19
401585077,SAC,3893014,3
401585077,SAC,4397693,4
401585077,SAC,4401416,3
401585077,SAC,3452,4
401585077,SAC,2596107,12
401585077,SAC,4066262,21
401585077,SAC,4066372,17
401585077,SAC,4278053,14
401585077,SAC,4702177,4
401585077,MEM,4277961,29
401585077,MEM,6427,22
401585077,MEM,2990992,31
401585077,MEM,4066320,35
401585077,MEM,4279888,31
401585077,MEM,4277964,8
401585077,MEM,4433137,5
401585077,MEM,4593041,11
401585077,MEM,4593125,14
401585077,MEM,3456,12
401585077,MEM,3134932,5
401585077,MEM,3913174,20
401585077,MEM,4397227,18
401585078,ORL,4432573,37
401585078,ORL,4566434,39
401585078,ORL,4348700,22
401585078,ORL,4432165,29
401585078,ORL,4712849,22
401585078,ORL,4278052,0
401585078,ORL,4433623,7
401585078,ORL,3150844,10
401585078,ORL,4277847,24
401585078,ORL,2999547,32
401585078,ORL,4432809,18
401585078,ORL,4065654,0
401585078,ORL,4409222,0
401585078,PHX,3202,39
401585078,PHX,3102530,33
401585078,PHX,6580,35
401585078,PHX,3135045,35
401585078,PHX,3136193,37
401585078,PHX,3914283,17
401585078,PHX,4066299,8
401585078,PHX,3431,30
401585078,PHX,4065663,7
401585078,PHX,3914285,0
401585078,PHX,3133838,0
401585078,PHX,3136779,0
401585078,PHX,4397102,0
401585078,PHX,4278124,0
401585078,PHX,4278402,0
401585079,MIN,4431671,33
401585079,MIN,3032976,38
401585079,MIN,3136195,32
401585079,MIN,3195,29
401585079,MIN,4594268,38
401585079,MIN,2993874,17
401585079,MIN,4278508,6
401585079,MIN,4396971,19
401585079,MIN,3134916,12
401585079,MIN,4278039,17
401585079,MIN,4687718,0
401585079,MIN,3915195,0
401585079,MIN,4432176,0
401585079,NY,3064514,36
401585079,NY,3934719,35
401585079,NY,4222252,39
401585079,NY,3934672,41
401585079,NY,3934673,26
401585079,NY,3986,0
401585079,NY,4431679,9
401585079,NY,3062679,29
401585079,NY,4397014,18
401585079,NY,4431823,7
401585079,NY,4592461,0
401585079,NY,4277922,0
401585079,NY,6588,0
401585079,NY,2991047,0
401585079,NY,4066508,0
401585080,CLE,3912848,21
401585080,CLE,4432822,27
401585080,CLE,4066328,34
401585080,CLE,3908809,38
401585080,CLE,4065778,37
401585080,CLE,2990969,16
401585080,CLE,6474,14
401585080,CLE,2991043,29
401585080,CLE,4066757,17
401585080,CLE,4701233,6
401585080,CLE,3064559,0
401585080,CLE,4065733,0
401585080,TOR,3149673,40
401585080,TOR,4395625,29
401585080,TOR,4433134,36
401585080,TOR,3134908,37
401585080,TOR,4395724,28
401585080,TOR,3244,2
401585080,TOR,3948153,11
401585080,TOR,3032979,30
401585080,TOR,4277843,26
401585080,TOR,4066731,0
401585080,TOR,2594922,0
401585080,TOR,4278103,0
401585080,TOR,4023,0
401585080,TOR,4397511,0
401585080,TOR,5106258,0
401585081,DET,4278075,23
401585081,DET,3593,27
401585081,DET,4433621,22
401585081,DET,4432166,30
401585081,DET,4433218,26
401585081,DET,4277848,9
401585081,DET,4277957,13
401585081,DET,4432808,16
401585081,DET,6429,23
401585081,DET,4432107,7
401585081,DET,4683024,19
401585081,DET,4684742,24
401585081,DET,2528794,0
401585081,HOU,3136777,26
401585081,HOU,4432639,27
401585081,HOU,4871144,27
401585081,HOU,2991230,26
401585081,HOU,4437244,27
401585081,HOU,3209,9
401585081,HOU,4433192,24
401585081,HOU,5105592,8
401585081,HOU,2528779,14
401585081,HOU,4376,6
401585081,HOU,3146557,7
401585081,HOU,3922230,11
401585081,HOU,4684740,28
401585081,HOU,3155526,0
401585082,IND,4397189,12
401585082,IND,3133628,28
401585082,IND,4395712,8
401585082,IND,4396909,27
401585082,IND,4396993,37
401585082,IND,4278355,29
401585082,IND,4432170,20
401585082,IND,2530530,22
401585082,IND,2990984,21
401585082,IND,4683634,36
401585082,IND,3999,0
401585082,IND,5106060,0
401585082,IND,4277883,0
401585082,IND,4433076,0
401585082,MIL,6609,32
401585082,MIL,3032977,37
401585082,MIL,3448,38
401585082,MIL,3907822,37
401585082,MIL,6606,38
401585082,MIL,3064482,18
401585082,MIL,3064230,12
401585082,MIL,2578239,24
401585082,MIL,4432190,5
401585082,MIL,3102533,0
401585082,MIL,4433622,0
401585082,MIL,3447,0
401585082,MIL,4065652,0
401585082,MIL,4277887,0
401585082,MIL,4397475,0
401585083,CHA,4066383,36
401585083,CHA,4433287,32
401585083,CHA,4278076,30
401585083,CHA,4305,29
401585083,CHA,4576086,23
401585083,CHA,4278078,26
401585083,CHA,4702233,4
401585083,CHA,3138161,25
401585083,CHA,4397371,12
401585083,CHA,4431712,4
401585083,CHA,4683686,19
401585083,CHA,4230547,0
401585083,DEN,3064290,25
401585083,DEN,4278104,31
401585083,DEN,3112335,28
401585083,DEN,2581018,29
401585083,DEN,3936299,27
401585083,DEN,4066240,4
401585083,DEN,4431690,21
401585083,DEN,6443,17
401585083,DEN,4398390,4
401585083,DEN,4431767,24
401585083,DEN,4432181,13
401585083,DEN,4576087,19
401585083,DEN,2284101,0
401585083,DEN,3442,0
401585084,POR,2991070,25
401585084,POR,4397126,16
401585084,POR,2566769,21
401585084,POR,3907498,29
401585084,POR,4683678,34
401585084,POR,3059307,12
401585084,POR,4432446,25
401585084,POR,4594326,19
401585084,POR,4871140,23
401585084,POR,4066269,17
401585084,POR,4914336,18
401585084,POR,4431736,0
401585084,PHX,3914283,26
401585084,PHX,3102530,25
401585084,PHX,6580,34
401585084,PHX,3135045,28
401585084,PHX,3136193,31
401585084,PHX,3914285,6
401585084,PHX,3133838,6
401585084,PHX,3136779,17
401585084,PHX,4066299,4
401585084,PHX,4397102,20
401585084,PHX,3431,20
401585084,PHX,4065663,18
401585084,PHX,4278402,6
401585084,PHX,4395652,0
401585084,PHX,4278124,0
401585085,DAL,3936099,24
401585085,DAL,4683688,25
401585085,DAL,6442,32
401585085,DAL,3102528,12
401585085,DAL,3945274,34
401585085,DAL,2531367,10
401585085,DAL,2993370,7
401585085,DAL,4066218,18
401585085,DAL,4595400,7
401585085,DAL,2528210,23
401585085,DAL,4397040,7
401585085,DAL,4432811,21
401585085,DAL,4868423,21
401585085,DAL,6461,0
401585085,DAL,2326307,0
401585085,UTAH,3899664,29
401585085,UTAH,3908845,18
401585085,UTAH,4066336,25
401585085,UTAH,2991139,21
401585085,UTAH,4277811,19
401585085,UTAH,2489663,19
401585085,UTAH,4423309,4
401585085,UTAH,3074213,4
401585085,UTAH,4433136,27
401585085,UTAH,2528426,28
401585085,UTAH,4397018,19
401585085,UTAH,4433627,29
401585085,UTAH,4396991,0
401585086,MIA,4278572,35
401585086,MIA,4432848,38
401585086,MIA,4066261,36
401585086,MIA,3012,24
401585086,MIA,4395725,35
401585086,MIA,3449,23
401585086,MIA,3157465,26
401585086,MIA,4397134,3
401585086,MIA,4997528,3
401585086,MIA,3934723,3
401585086,MIA,4593049,3
401585086,MIA,4590530,12
401585086,LAC,4251,34
401585086,LAC,6450,34
401585086,LAC,4017837,29
401585086,LAC,3992,31
401585086,LAC,3907823,18
401585086,LAC,4433249,3
401585086,LAC,2451037,16
401585086,LAC,3468,18
401585086,LAC,2595516,33
401585086,LAC,4066387,19
401585086,LAC,4431752,3
401585086,LAC,4432162,3
401585086,LAC,3033,0
401585086,LAC,2488653,0
401585086,LAC,4592492,0
401585087,CHI,4431687,11
401585087,CHI,6585,28
401585087,CHI,3978,30
401585087,CHI,2991350,21
401585087,CHI,4395651,29
401585087,CHI,4279815,20
401585087,CHI,5105553,17
401585087,CHI,4702023,9
401585087,CHI,3133635,23
401585087,CHI,4397002,32
401585087,CHI,4433159,21
401585087,CHI,2528693,0
401585087,PHI,3416,22
401585087,PHI,6440,30
401585087,PHI,3059318,31
401585087,PHI,3133603,27
401585087,PHI,4431678,29
401585087,PHI,6462,11
401585087,PHI,4278562,13
401585087,PHI,4431828,9
401585087,PHI,4585610,4
401585087,PHI,2991155,15
401585087,PHI,4277919,7
401585087,PHI,3964,14
401585087,PHI,4432164,21
401585087,PHI,4701234,6
401585088,SA,4565201,7
401585088,SA,4592479,22
401585088,SA,4610139,28
401585088,SA,5104157,26
401585088,SA,4395630,34
401585088,SA,2528588,16
401585088,SA,4278580,2
401585088,SA,4395723,31
401585088,SA,4870562,14
401585088,SA,3893016,12
401585088,SA,4395626,25
401585088,SA,4683935,21
401585088,SA,3947156,0
401585088,SA,3133601,0
401585088,MEM,4277961,32
401585088,MEM,6427,28
401585088,MEM,2990992,30
401585088,MEM,4066320,34
401585088,MEM,4279888,35
401585088,MEM,4277964,0
401585088,MEM,4433137,0
401585088,MEM,4593041,0
401585088,MEM,4593125,28
401585088,MEM,3456,9
401585088,MEM,3134932,0
401585088,MEM,3913174,21
401585088,MEM,4397227,22
401585089,BKN,2578185,20
401585089,BKN,3138196,26
401585089,BKN,4278067,23
401585089,BKN,2580782,21
401585089,BKN,3147657,29
401585089,BKN,4065649,8
401585089,BKN,2583632,28
401585089,BKN,4431675,7
401585089,BKN,4431714,12
401585089,BKN,4432194,17
401585089,BKN,4065697,20
401585089,BKN,4066450,8
401585089,BKN,4432174,20
401585089,NO,3913176,25
401585089,NO,4277813,24
401585089,NO,4395628,26
401585089,NO,6477,20
401585089,NO,2490149,25
401585089,NO,2580365,20
401585089,NO,4278594,16
401585089,NO,4432813,4
401585089,NO,2579258,8
401585089,NO,4277869,22
401585089,NO,4395698,5
401585089,NO,4683750,26
401585089,NO,4869342,20
401585090,BOS,4065648,38
401585090,BOS,3102531,35
401585090,BOS,3995,31
401585090,BOS,3078576,29
401585090,BOS,3917376,38
401585090,BOS,4065804,10
401585090,BOS,3213,20
401585090,BOS,3064560,15
401585090,BOS,4066354,25
401585090,BOS,4066405,0
401585090,BOS,4397885,0
401585090,BOS,4278031,0
401585090,BOS,4397424,0
401585090,BOS,3133602,0
401585090,OKC,4433255,33
401585090,OKC,4278073,37
401585090,OKC,4397020,37
401585090,OKC,4593803,31
401585090,OKC,4871145,27
401585090,OKC,4432823,8
401585090,OKC,3102532,11
401585090,OKC,3133626,13
401585090,OKC,4395702,13
401585090,OKC,4397183,13
401585090,OKC,4683692,17
401585090,OKC,4683018,0
401585090,OKC,6426,0
401585090,OKC,4432819,0
401585091,ORL,4432573,34
401585091,ORL,4566434,37
401585091,ORL,4348700,26
401585091,ORL,4432165,31
401585091,ORL,4712849,13
401585091,ORL,4433623,8
401585091,ORL,3150844,16
401585091,ORL,4277847,20
401585091,ORL,2999547,29
401585091,ORL,4432809,26
401585091,ORL,4278052,0
401585091,ORL,4409222,0
401585091,GS,4431684,24
401585091,GS,4433247,34
401585091,GS,2779,30
401585091,GS,3975,35
401585091,GS,6475,25
401585091,GS,3032978,14
401585091,GS,3059319,21
401585091,GS,3155535,17
401585091,GS,3134903,11
401585091,GS,4709138,28
401585091,GS,6589,0
401585091,GS,6446,0
401585091,GS,3943606,0
401585091,GS,4431720,0
401585091,GS,4432171,0
401585092,CHA,4066383,40
401585092,CHA,3138161,33
401585092,CHA,4278076,26
401585092,CHA,3074752,36
401585092,CHA,4576086,21
401585092,CHA,4278078,29
401585092,CHA,4702233,6
401585092,CHA,4397371,16
401585092,CHA,4305,18
401585092,CHA,4683686,14
401585092,CHA,4433287,0
401585092,CHA,4431712,0
401585092,SAC,6578,24
401585092,SAC,3155942,35
401585092,SAC,4594327,37
401585092,SAC,4592402,30
401585092,SAC,4066259,38
401585092,SAC,3136196,17
401585092,SAC,4401416,0
401585092,SAC,2596107,13
401585092,SAC,4066262,20
401585092,SAC,4066372,12
401585092,SAC,4278053,14
401585092,SAC,3893014,0
401585092,SAC,4397693,0
401585092,SAC,3452,0
401585092,SAC,4702177,0
401585093,WSH,3134907,23
401585093,WSH,4278049,20
401585093,WSH,4683021,21
401585093,WSH,3135046,21
401585093,WSH,4277956,23
401585093,WSH,2581184,5
401585093,WSH,4066410,7
401585093,WSH,4280151,20
401585093,WSH,2490089,21
401585093,WSH,3064447,18
401585093,WSH,3914044,15
401585093,WSH,4395695,9
401585093,WSH,4432356,5
401585093,WSH,5104155,33
401585093,WSH,3428,0
401585093,CLE,3912848,20
401585093,CLE,4432822,20
401585093,CLE,4066328,29
401585093,CLE,3908809,24
401585093,CLE,4065778,28
401585093,CLE,2990969,28
401585093,CLE,6474,19
401585093,CLE,3064559,6
401585093,CLE,2991043,23
401585093,CLE,4066757,29
401585093,CLE,4701233,15
401585093,CLE,4065733,0
401585094,MIL,6609,32
401585094,MIL,3032977,36
401585094,MIL,3448,28
401585094,MIL,3907822,23
401585094,MIL,6606,36
401585094,MIL,3064482,20
401585094,MIL,3102533,2
401585094,MIL,4432179,21
401585094,MIL,4433622,2
401585094,MIL,3447,2
401585094,MIL,3064230,10
401585094,MIL,2578239,14
401585094,MIL,4432190,14
401585094,MIL,4277887,0
401585094,IND,4397189,19
401585094,IND,3133628,30
401585094,IND,4065670,28
401585094,IND,4396909,22
401585094,IND,4396993,34
401585094,IND,4278355,27
401585094,IND,4432170,18
401585094,IND,5106060,2
401585094,IND,4277883,1
401585094,IND,2530530,19
401585094,IND,2990984,13
401585094,IND,4433076,2
401585094,IND,4683634,25
401585094,IND,3999,0
401585094,IND,4395712,0
401585095,OKC,4433255,25
401585095,OKC,4278073,35
401585095,OKC,4397020,29
401585095,OKC,4593803,35
401585095,OKC,4871145,22
401585095,OKC,4066317,20
401585095,OKC,4432823,15
401585095,OKC,4395702,18
401585095,OKC,4397183,21
401585095,OKC,4683692,20
401585095,OKC,4278046,0
401585095,OKC,6426,0
401585095,OKC,3102532,0
401585095,OKC,3133626,0
401585095,OKC,4432819,0
401585095,ATL,4701230,29
401585095,ATL,3102529,25
401585095,ATL,3907497,35
401585095,ATL,4277905,34
401585095,ATL,4397136,36
401585095,ATL,4431680,22
401585095,ATL,3037789,28
401585095,ATL,3913180,17
401585095,ATL,4065656,14
401585095,ATL,4277952,0
401585095,ATL,4432585,0
401585095,ATL,4004,0
401585095,ATL,4032,0
401585095,ATL,4431775,0
401585097,BKN,2578185,20
401585097,BKN,3138196,32
401585097,BKN,4278067,28
401585097,BKN,2580782,28
401585097,BKN,3147657,36
401585097,BKN,2583632,30
401585097,BKN,4431675,20
401585097,BKN,4431714,5
401585097,BKN,4432194,20
401585097,BKN,4066450,3
401585097,BKN,4432174,17
401585097,BKN,4065649,0
401585097,BKN,4065697,0
401585097,HOU,3136777,31
401585097,HOU,4432639,33
401585097,HOU,4871144,34
401585097,HOU,2991230,36
401585097,HOU,4437244,31
401585097,HOU,3209,17
401585097,HOU,5105592,17
401585097,HOU,2528779,8
401585097,HOU,3922230,14
401585097,HOU,4684740,20
401585097,HOU,4376,0
401585097,HOU,3146557,0
401585098,TOR,3149673,30
401585098,TOR,4395625,33
401585098,TOR,4433134,40
401585098,TOR,3134908,33
401585098,TOR,4395724,33
401585098,TOR,3948153,13
401585098,TOR,4278103,7
401585098,TOR,3032979,29
401585098,TOR,4277843,21
401585098,TOR,3244,0
401585098,TOR,4066731,0
401585098,TOR,4023,0
401585098,MEM,4277961,37
401585098,MEM,4277964,23
401585098,MEM,2990992,33
401585098,MEM,4066320,38
401585098,MEM,4279888,35
401585098,MEM,4433137,18
401585098,MEM,4593041,8
401585098,MEM,4593125,22
401585098,MEM,3134932,8
401585098,MEM,3913174,19
401585098,MEM,6427,0
401585098,MEM,3456,0
401585099,NO,3913176,32
401585099,NO,4277813,37
401585099,NO,4395628,29
401585099,NO,6477,20
401585099,NO,2490149,30
401585099,NO,2580365,22
401585099,NO,4278594,14
401585099,NO,2579258,2
401585099,NO,4277869,27
401585099,NO,4683750,3
401585099,NO,4869342,24
401585099,NO,4432813,0
401585099,NO,4395698,0
401585099,MIN,4431671,33
401585099,MIN,3032976,24
401585099,MIN,3136195,36
401585099,MIN,3195,26
401585099,MIN,4594268,37
401585099,MIN,2993874,13
401585099,MIN,4278508,3
401585099,MIN,4687718,3
401585099,MIN,4396971,25
401585099,MIN,3915195,3
401585099,MIN,3134916,17
401585099,MIN,4278039,19
401585099,MIN,4432176,0
401585096,CHI,4431687,27
401585096,CHI,6585,30
401585096,CHI,3978,39
401585096,CHI,2991350,33
401585096,CHI,4395651,38
401585096,CHI,4279815,16
401585096,CHI,5105553,2
401585096,CHI,4702023,1
401585096,CHI,3133635,16
401585096,CHI,4397002,31
401585096,CHI,4433159,8
401585096,CHI,2528693,0
401585096,NY,3064514,39
401585096,NY,3934719,34
401585096,NY,4222252,37
401585096,NY,3934672,38
401585096,NY,3934673,25
401585096,NY,4431679,11
401585096,NY,4277922,1
401585096,NY,2991047,1
401585096,NY,3062679,25
401585096,NY,4397014,18
401585096,NY,4431823,10
401585096,NY,3986,0
401585096,NY,6588,0
401585100,POR,2991070,20
401585100,POR,4431736,20
401585100,POR,4871140,15
401585100,POR,4351851,27
401585100,POR,4683678,33
401585100,POR,3059307,17
401585100,POR,4432446,17
401585100,POR,4594326,15
401585100,POR,4066268,6
401585100,POR,4066269,8
401585100,POR,2566769,17
401585100,POR,3907498,23
401585100,POR,4914336,22
401585100,DAL,3936099,23
401585100,DAL,4683688,19
401585100,DAL,6442,29
401585100,DAL,3945274,31
401585100,DAL,4432811,27
401585100,DAL,6461,12
401585100,DAL,2531367,13
401585100,DAL,4066218,15
401585100,DAL,4595400,8
401585100,DAL,2326307,15
401585100,DAL,2528210,23
401585100,DAL,4067017,8
401585100,DAL,4397040,6
401585100,DAL,4868423,11
401585101,LAC,4251,37
401585101,LAC,6450,40
401585101,LAC,4017837,27
401585101,LAC,3992,36
401585101,LAC,3907823,23
401585101,LAC,2451037,20
401585101,LAC,3468,18
401585101,LAC,2595516,26
401585101,LAC,4066387,13
401585101,LAC,3033,0
401585101,LAC,2488653,0
401585101,LAC,4431752,0
401585101,LAC,4432162,0
401585101,LAC,4592492,0
401585101,PHX,3914283,15
401585101,PHX,3102530,25
401585101,PHX,6580,41
401585101,PHX,3135045,32
401585101,PHX,3136193,37
401585101,PHX,3914285,4
401585101,PHX,3136779,21
401585101,PHX,4066299,2
401585101,PHX,4397102,19
401585101,PHX,3431,28
401585101,PHX,4065663,16
401585101,PHX,3133838,0
401585101,PHX,4278402,0
401585102,DET,4277957,36
401585102,DET,3593,43
401585102,DET,4433621,36
401585102,DET,4432166,40
401585102,DET,4433218,22
401585102,DET,4278075,13
401585102,DET,4432808,17
401585102,DET,6429,34
401585102,DET,4683024,13
401585102,DET,4684742,11
401585102,DET,4277848,0
401585102,DET,2528794,0
401585102,DET,4432107,0
401585102,UTAH,3899664,35
401585102,UTAH,3908845,24
401585102,UTAH,4066336,38
401585102,UTAH,2991139,16
401585102,UTAH,4277811,30
401585102,UTAH,2489663,20
401585102,UTAH,4433136,29
401585102,UTAH,2528426,38
401585102,UTAH,4397018,13
401585102,UTAH,4433627,23
401585102,UTAH,4423309,0
401585102,UTAH,4684806,0
401585102,UTAH,5105839,0
401585102,UTAH,4396991,0
401585102,UTAH,3074213,0
401585103,MIA,4432848,39
401585103,MIA,4997528,28
401585103,MIA,4066261,38
401585103,MIA,3012,26
401585103,MIA,4395725,28
401585103,MIA,3449,28
401585103,MIA,3157465,30
401585103,MIA,4278572,1
401585103,MIA,4397134,1
401585103,MIA,4593049,1
401585103,MIA,2581190,21
401585103,MIA,4590530,1
401585103,MIA,3934723,0
401585103,LAL,1966,38
401585103,LAL,6583,43
401585103,LAL,2990962,29
401585103,LAL,4395627,19
401585103,LAL,4066457,37
401585103,LAL,3058254,24
401585103,LAL,4278077,16
401585103,LAL,4397077,1
401585103,LAL,4432582,28
401585103,LAL,4433626,6
401585103,LAL,4066648,0
401585103,LAL,3136776,0
401585104,ORL,4432573,45
401585104,ORL,4566434,5
401585104,ORL,4348700,28
401585104,ORL,2999547,12
401585104,ORL,4432165,39
401585104,ORL,4278052,27
401585104,ORL,4433623,31
401585104,ORL,3918423,6
401585104,ORL,3150844,13
401585104,ORL,4277847,21
401585104,ORL,4409222,38
401585104,ORL,4712849,25
401585104,SAC,6578,36
401585104,SAC,3155942,46
401585104,SAC,4594327,46
401585104,SAC,4592402,10
401585104,SAC,4066259,44
401585104,SAC,3136196,22
401585104,SAC,4401416,0
401585104,SAC,3452,8
401585104,SAC,4066262,46
401585104,SAC,4066372,18
401585104,SAC,4278053,14
401585104,SAC,3893014,0
401585104,SAC,4397693,0
401585104,SAC,2596107,0
401585104,SAC,4702177,0
401585105,MIL,6609,15
401585105,MIL,3032977,40
401585105,MIL,3448,33
401585105,MIL,3907822,27
401585105,MIL,6606,39
401585105,MIL,3064482,21
401585105,MIL,4432179,17
401585105,MIL,3064230,15
401585105,MIL,2578239,28
401585105,MIL,4432190,5
401585105,MIL,3102533,0
401585105,MIL,4433622,0
401585105,MIL,3447,0
401585105,MIL,4277887,0
401585105,MIL,4397475,0
401585105,SA,4592479,21
401585105,SA,4610139,33
401585105,SA,5104157,26
401585105,SA,4395626,35
401585105,SA,4395630,35
401585105,SA,4278580,3
401585105,SA,4395723,30
401585105,SA,4870562,15
401585105,SA,3893016,28
401585105,SA,4683935,15
401585105,SA,3947156,0
401585105,SA,4565201,0
401585105,SA,3133601,0
401585106,DEN,3064290,35
401585106,DEN,4278104,30
401585106,DEN,3112335,38
401585106,DEN,2581018,35
401585106,DEN,3936299,32
401585106,DEN,4431690,6
401585106,DEN,6443,16
401585106,DEN,4431767,18
401585106,DEN,4432181,9
401585106,DEN,4576087,19
401585106,DEN,2284101,0
401585106,DEN,4066240,0
401585106,DEN,3442,0
401585106,DEN,4065731,0
401585106,DEN,4278585,0
401585106,GS,3155535,22
401585106,GS,4433247,19
401585106,GS,2779,30
401585106,GS,3975,35
401585106,GS,6475,35
401585106,GS,3032978,23
401585106,GS,3059319,27
401585106,GS,4431684,21
401585106,GS,4709138,28
401585106,GS,6589,0
401585106,GS,6446,0
401585106,GS,3943606,0
401585106,GS,4431720,0
401585106,GS,4432171,0
401585107,UTAH,3899664,25
401585107,UTAH,3908845,22
401585107,UTAH,4066336,23
401585107,UTAH,2991139,26
401585107,UTAH,4277811,20
401585107,UTAH,2489663,14
401585107,UTAH,4423309,12
401585107,UTAH,4396991,12
401585107,UTAH,3074213,12
401585107,UTAH,4433136,14
401585107,UTAH,2528426,17
401585107,UTAH,4397018,22
401585107,UTAH,4433627,20
401585107,BOS,4065648,25
401585107,BOS,3102531,27
401585107,BOS,3995,24
401585107,BOS,3078576,26
401585107,BOS,3917376,27
401585107,BOS,4065804,23
401585107,BOS,4066405,12
401585107,BOS,4397885,6
401585107,BOS,4278031,17
401585107,BOS,3064560,11
401585107,BOS,4397424,4
401585107,BOS,3133602,15
401585107,BOS,4066354,23
401585108,ATL,4701230,29
401585108,ATL,3102529,19
401585108,ATL,3907497,34
401585108,ATL,4277905,28
401585108,ATL,4397136,30
401585108,ATL,4277952,7
401585108,ATL,4431680,21
401585108,ATL,4432585,7
401585108,ATL,3037789,23
401585108,ATL,3913180,19
401585108,ATL,4065656,14
401585108,ATL,4431775,7
401585108,ATL,4004,0
401585108,ATL,4032,0
401585108,IND,4397189,23
401585108,IND,3133628,22
401585108,IND,4065670,22
401585108,IND,4396909,22
401585108,IND,4396993,25
401585108,IND,3999,8
401585108,IND,4278355,22
401585108,IND,4432170,7
401585108,IND,5106060,12
401585108,IND,4277883,10
401585108,IND,2530530,23
401585108,IND,2990984,17
401585108,IND,4433076,9
401585108,IND,4683634,18
401585109,OKC,4433255,35
401585109,OKC,4278073,36
401585109,OKC,4397020,29
401585109,OKC,4593803,36
401585109,OKC,4871145,24
401585109,OKC,4066317,4
401585109,OKC,4432823,2
401585109,OKC,6426,1
401585109,OKC,3102532,12
401585109,OKC,3133626,12
401585109,OKC,4395702,20
401585109,OKC,4397183,8
401585109,OKC,4683692,23
401585109,OKC,4683018,0
401585109,OKC,4432819,0
401585109,BKN,2578185,22
401585109,BKN,3138196,32
401585109,BKN,4278067,34
401585109,BKN,2580782,33
401585109,BKN,3147657,39
401585109,BKN,2583632,16
401585109,BKN,4432194,9
401585109,BKN,4065697,25
401585109,BKN,4277890,6
401585109,BKN,4432174,24
401585109,BKN,4065649,0
401585109,BKN,4431675,0
401585110,WSH,3134907,25
401585110,WSH,4278049,24
401585110,WSH,4683021,26
401585110,WSH,3135046,26
401585110,WSH,4277956,23
401585110,WSH,2581184,5
401585110,WSH,4066410,7
401585110,WSH,4280151,20
401585110,WSH,2490089,18
401585110,WSH,3064447,16
401585110,WSH,4395695,5
401585110,WSH,4432356,6
401585110,WSH,5104155,36
401585110,WSH,3428,0
401585110,CLE,3912848,22
401585110,CLE,4432822,22
401585110,CLE,4066328,29
401585110,CLE,3908809,26
401585110,CLE,4065778,30
401585110,CLE,2990969,25
401585110,CLE,6474,17
401585110,CLE,3064559,5
401585110,CLE,2991043,27
401585110,CLE,4066757,26
401585110,CLE,4701233,12
401585110,CLE,4065733,0
401585111,NY,3064514,30
401585111,NY,3934719,37
401585111,NY,4222252,35
401585111,NY,3934672,32
401585111,NY,3934673,17
401585111,NY,4431679,13
401585111,NY,4277922,2
401585111,NY,4066668,1
401585111,NY,2991047,4
401585111,NY,3062679,30
401585111,NY,4397014,24
401585111,NY,4431823,15
401585111,NY,3986,0
401585111,NY,6588,0
401585111,PHI,3416,21
401585111,PHI,6440,24
401585111,PHI,3059318,36
401585111,PHI,3133603,31
401585111,PHI,4431678,36
401585111,PHI,6462,16
401585111,PHI,4278562,12
401585111,PHI,4431828,7
401585111,PHI,2991155,22
401585111,PHI,4277919,5
401585111,PHI,3964,14
401585111,PHI,4432164,15
401585112,CHA,4066383,42
401585112,CHA,4433287,23
401585112,CHA,3138161,36
401585112,CHA,4278076,27
401585112,CHA,3074752,36
401585112,CHA,4278078,6
401585112,CHA,4702233,16
401585112,CHA,4397371,17
401585112,CHA,4305,16
401585112,CHA,4576086,5
401585112,CHA,4683686,16
401585112,CHA,4431712,0
401585112,CHI,6585,23
401585112,CHI,3978,38
401585112,CHI,4395651,40
401585112,CHI,4397002,40
401585112,CHI,4433159,21
401585112,CHI,4279815,9
401585112,CHI,6478,25
401585112,CHI,3064440,30
401585112,CHI,3133635,14
401585112,CHI,5105553,0
401585112,CHI,2528693,0
401585112,CHI,2991350,0
401585113,MIN,4431671,30
401585113,MIN,3032976,33
401585113,MIN,3136195,31
401585113,MIN,3195,25
401585113,MIN,4594268,33
401585113,MIN,2993874,18
401585113,MIN,4278508,3
401585113,MIN,4592187,3
401585113,MIN,4687718,3
401585113,MIN,4277951,3
401585113,MIN,4396971,25
401585113,MIN,3915195,3
401585113,MIN,3134916,13
401585113,MIN,4278039,18
401585113,MIN,5044385,0
401585113,HOU,3136777,21
401585113,HOU,4432639,32
401585113,HOU,4871144,33
401585113,HOU,2991230,31
401585113,HOU,4437244,31
401585113,HOU,3209,21
401585113,HOU,5105592,15
401585113,HOU,2528779,8
401585113,HOU,4376,4
401585113,HOU,3146557,5
401585113,HOU,3922230,19
401585113,HOU,4684740,20
401585114,LAC,4251,30
401585114,LAC,6450,30
401585114,LAC,4017837,23
401585114,LAC,3992,29
401585114,LAC,3907823,17
401585114,LAC,2451037,17
401585114,LAC,2488653,7
401585114,LAC,3468,22
401585114,LAC,2595516,25
401585114,LAC,4066387,21
401585114,LAC,4431752,6
401585114,LAC,4432162,6
401585114,LAC,4592492,6
401585114,LAC,3033,0
401585114,NO,3913176,30
401585114,NO,4277813,25
401585114,NO,4395628,19
401585114,NO,6477,23
401585114,NO,2490149,31
401585114,NO,2580365,19
401585114,NO,4278594,17
401585114,NO,4397688,17
401585114,NO,2579258,6
401585114,NO,4277869,19
401585114,NO,4683750,6
401585114,NO,4869342,26
401585114,NO,4432813,0
401585115,POR,2991070,23
401585115,POR,4431736,24
401585115,POR,4066268,27
401585115,POR,4351851,23
401585115,POR,4683678,33
401585115,POR,4594326,20
401585115,POR,4871140,18
401585115,POR,2566769,16
401585115,POR,3907498,14
401585115,POR,4914336,24
401585115,POR,5099752,19
401585115,POR,3059307,0
401585115,POR,4066269,0
401585115,DAL,2531367,26
401585115,DAL,3936099,20
401585115,DAL,6442,29
401585115,DAL,4432811,25
401585115,DAL,4868423,32
401585115,DAL,4432161,12
401585115,DAL,4595400,14
401585115,DAL,2326307,20
401585115,DAL,2528210,27
401585115,DAL,4067017,25
401585115,DAL,4397040,10
401585116,ORL,4278052,29
401585116,ORL,4432573,41
401585116,ORL,3150844,38
401585116,ORL,4432165,34
401585116,ORL,4712849,5
401585116,ORL,4433623,24
401585116,ORL,3918423,9
401585116,ORL,4409222,31
401585116,ORL,4432809,31
401585116,ORL,4277847,0
401585116,ORL,4348700,0
401585116,DEN,3064290,36
401585116,DEN,4278104,31
401585116,DEN,3112335,37
401585116,DEN,2581018,29
401585116,DEN,3936299,33
401585116,DEN,2284101,10
401585116,DEN,4066240,6
401585116,DEN,4431690,11
401585116,DEN,6443,17
401585116,DEN,4431767,16
401585116,DEN,4576087,13
401585116,DEN,3442,0
401585116,DEN,4065731,0
401585116,DEN,4278585,0
401585117,MIA,4432848,35
401585117,MIA,4997528,24
401585117,MIA,4066261,36
401585117,MIA,3012,23
401585117,MIA,4395725,35
401585117,MIA,3449,20
401585117,MIA,3157465,27
401585117,MIA,4278572,5
401585117,MIA,4397134,2
401585117,MIA,3934723,2
401585117,MIA,2581190,29
401585117,MIA,4590530,2
401585117,PHX,3914283,17
401585117,PHX,3102530,26
401585117,PHX,6580,37
401585117,PHX,3135045,37
401585117,PHX,3136193,35
401585117,PHX,3914285,22
401585117,PHX,3133838,9
401585117,PHX,3136779,19
401585117,PHX,4397102,10
401585117,PHX,4065663,24
401585117,PHX,4278124,2
401585117,PHX,4278402,2
401585118,DET,4277957,22
401585118,DET,3593,36
401585118,DET,4433621,33
401585118,DET,4432166,35
401585118,DET,4433218,24
401585118,DET,4278075,23
401585118,DET,4432808,15
401585118,DET,6429,21
401585118,DET,4432107,6
401585118,DET,4683024,16
401585118,DET,4684742,9
401585118,DET,4277848,0
401585118,DET,2528794,0
401585118,GS,3155535,12
401585118,GS,4433247,36
401585118,GS,2779,24
401585118,GS,3975,31
401585118,GS,6475,35
401585118,GS,3032978,22
401585118,GS,3059319,19
401585118,GS,4431684,23
401585118,GS,6446,9
401585118,GS,4432171,6
401585118,GS,4709138,25
401585118,GS,6589,0
401585118,GS,3943606,0
401585118,GS,4431720,0
401585119,MEM,4277961,30
401585119,MEM,6427,31
401585119,MEM,2990992,39
401585119,MEM,4066320,37
401585119,MEM,4279888,35
401585119,MEM,4277964,12
401585119,MEM,4433137,20
401585119,MEM,4593041,7
401585119,MEM,4593125,9
401585119,MEM,3913174,20
401585119,MEM,3456,0
401585119,MEM,3134932,0
401585119,LAL,1966,39
401585119,LAL,6583,41
401585119,LAL,2990962,35
401585119,LAL,4395627,32
401585119,LAL,4066457,40
401585119,LAL,3058254,16
401585119,LAL,4278077,17
401585119,LAL,4432582,20
401585119,LAL,4684286,0
401585119,LAL,4896481,0
401585119,LAL,4397077,0
401585119,LAL,4433626,0
401585119,LAL,4702702,0
401585120,TOR,3149673,37
401585120,TOR,4395625,27
401585120,TOR,4433134,35
401585120,TOR,3134908,23
401585120,TOR,4395724,38
401585120,TOR,3948153,28
401585120,TOR,4066731,7
401585120,TOR,4278103,13
401585120,TOR,3032979,32
401585120,TOR,4397251,0
401585120,TOR,3244,0
401585120,TOR,4023,0
401585120,TOR,4277843,0
401585120,SAC,6578,34
401585120,SAC,3155942,39
401585120,SAC,4594327,35
401585120,SAC,4592402,16
401585120,SAC,4066259,37
401585120,SAC,3136196,15
401585120,SAC,3452,7
401585120,SAC,4066262,32
401585120,SAC,4066372,14
401585120,SAC,4278053,11
401585120,SAC,3893014,0
401585120,SAC,4397693,0
401585120,SAC,4401416,0
401585120,SAC,2596107,0
401585120,SAC,4702177,0
401585121,BOS,4065648,38
401585121,BOS,3102531,6
401585121,BOS,3995,37
401585121,BOS,3078576,24
401585121,BOS,3917376,36
401585121,BOS,4065804,16
401585121,BOS,4397885,1
401585121,BOS,4278031,20
401585121,BOS,3213,30
401585121,BOS,3064560,16
401585121,BOS,3133602,1
401585121,BOS,4066354,15
401585121,BOS,4066405,0
401585121,BOS,4397424,0
401585121,IND,4397189,26
401585121,IND,3133628,30
401585121,IND,2990984,31
401585121,IND,4396909,32
401585121,IND,4396993,35
401585121,IND,4278355,23
401585121,IND,4432170,9
401585121,IND,5106060,1
401585121,IND,4277883,1
401585121,IND,4432827,1
401585121,IND,2530530,12
401585121,IND,4433076,3
401585121,IND,4433254,1
401585121,IND,4683634,35
401585121,IND,3999,0
401585122,NY,3064514,38
401585122,NY,3934719,31
401585122,NY,4222252,39
401585122,NY,3934672,35
401585122,NY,3934673,26
401585122,NY,4431679,8
401585122,NY,4277922,2
401585122,NY,4066668,1
401585122,NY,3062679,32
401585122,NY,4397014,15
401585122,NY,4431823,13
401585122,NY,3986,0
401585122,NY,6588,0
401585122,NY,2991047,0
401585122,WSH,3134907,32
401585122,WSH,4278049,31
401585122,WSH,4683021,33
401585122,WSH,3135046,28
401585122,WSH,4277956,30
401585122,WSH,2581184,3
401585122,WSH,4066410,3
401585122,WSH,4280151,15
401585122,WSH,2490089,14
401585122,WSH,3064447,17
401585122,WSH,4395695,3
401585122,WSH,4432356,3
401585122,WSH,5104155,28
401585122,WSH,3428,0
401585123,UTAH,3899664,33
401585123,UTAH,3908845,28
401585123,UTAH,4066336,35
401585123,UTAH,2991139,23
401585123,UTAH,4277811,27
401585123,UTAH,2489663,15
401585123,UTAH,4433136,19
401585123,UTAH,2528426,31
401585123,UTAH,4397018,13
401585123,UTAH,4433627,16
401585123,UTAH,4423309,0
401585123,UTAH,4396991,0
401585123,UTAH,3074213,0
401585123,PHI,3416,26
401585123,PHI,6462,28
401585123,PHI,4278562,25
401585123,PHI,3133603,37
401585123,PHI,4431678,42
401585123,PHI,4431828,17
401585123,PHI,4277919,17
401585123,PHI,3964,34
401585123,PHI,4432164,13
401585123,PHI,2490620,0
401585123,PHI,2991155,0
401585123,PHI,3059318,0
401585123,PHI,4683940,0
401585123,PHI,4701234,0
401585124,MIL,6609,33
401585124,MIL,3032977,39
401585124,MIL,3448,31
401585124,MIL,3907822,16
401585124,MIL,6606,38
401585124,MIL,3064482,17
401585124,MIL,4432179,23
401585124,MIL,3064230,8
401585124,MIL,2578239,19
401585124,MIL,4397475,3
401585124,MIL,4432190,12
401585124,MIL,3102533,0
401585124,MIL,3447,0
401585124,HOU,3136777,19
401585124,HOU,4432639,40
401585124,HOU,4871144,31
401585124,HOU,2991230,37
401585124,HOU,4437244,28
401585124,HOU,3209,34
401585124,HOU,5105592,13
401585124,HOU,3922230,21
401585124,HOU,4684740,16
401585124,HOU,2528779,0
401585124,HOU,4376,0
401585124,HOU,3146557,0
401585125,SA,4592479,16
401585125,SA,4610139,28
401585125,SA,5104157,25
401585125,SA,4395626,34
401585125,SA,4395630,35
401585125,SA,4395723,33
401585125,SA,4565201,15
401585125,SA,4870562,22
401585125,SA,3893016,21
401585125,SA,4683935,12
401585125,SA,2528588,0
401585125,SA,3947156,0
401585125,SA,4278580,0
401585125,SA,3133601,0
401585125,CLE,3912848,11
401585125,CLE,4432822,27
401585125,CLE,4066328,31
401585125,CLE,3908809,37
401585125,CLE,4065778,37
401585125,CLE,2990969,27
401585125,CLE,6474,17
401585125,CLE,2991043,26
401585125,CLE,4066757,23
401585125,CLE,4701233,4
401585125,CLE,4433620,0
401585125,CLE,3064559,0
401585126,POR,2991070,42
401585126,POR,4431736,29
401585126,POR,4066268,41
401585126,POR,4351851,45
401585126,POR,4683678,30
401585126,POR,4594326,7
401585126,POR,4871140,9
401585126,POR,2566769,22
401585126,POR,4914336,40
401585126,POR,4278111,0
401585126,POR,4432446,0
401585126,POR,5099752,0
401585126,BKN,2578185,36
401585126,BKN,3138196,34
401585126,BKN,4278067,36
401585126,BKN,2580782,28
401585126,BKN,3147657,44
401585126,BKN,2583632,18
401585126,BKN,4431675,0
401585126,BKN,4432194,17
401585126,BKN,4065697,29
401585126,BKN,4277890,6
401585126,BKN,4432174,18
401585126,BKN,4065649,0
401585127,ATL,4701230,40
401585127,ATL,3102529,36
401585127,ATL,3907497,40
401585127,ATL,4277905,42
401585127,ATL,4397136,38
401585127,ATL,4431680,32
401585127,ATL,4032,9
401585127,ATL,3037789,26
401585127,ATL,3913180,2
401585127,ATL,4277952,0
401585127,ATL,4432585,0
401585127,ATL,4004,0
401585127,ATL,4065656,0
401585127,ATL,4431775,0
401585127,ORL,4278052,38
401585127,ORL,4432573,45
401585127,ORL,4433623,36
401585127,ORL,4348700,28
401585127,ORL,4432165,29
401585127,ORL,3150844,25
401585127,ORL,4409222,6
401585127,ORL,4066636,15
401585127,ORL,4432809,31
401585127,ORL,4712849,12
401585127,ORL,2968436,0
401585127,ORL,3918423,0
401585128,NO,3913176,30
401585128,NO,4277813,26
401585128,NO,4397688,24
401585128,NO,6477,22
401585128,NO,2490149,27
401585128,NO,2580365,14
401585128,NO,4278594,22
401585128,NO,4432813,10
401585128,NO,4432821,4
401585128,NO,2579258,7
401585128,NO,4683750,24
401585128,NO,4869342,29
401585128,SAC,6578,22
401585128,SAC,3155942,29
401585128,SAC,4594327,26
401585128,SAC,4592402,15
401585128,SAC,4066259,26
401585128,SAC,3893014,21
401585128,SAC,4397693,8
401585128,SAC,3452,6
401585128,SAC,2596107,10
401585128,SAC,4066262,21
401585128,SAC,4066372,24
401585128,SAC,4278053,10
401585128,SAC,4433378,10
401585128,SAC,4702177,12
401585129,MIN,4431671,37
401585129,MIN,3032976,34
401585129,MIN,3136195,27
401585129,MIN,3195,32
401585129,MIN,4594268,37
401585129,MIN,2993874,20
401585129,MIN,4396971,27
401585129,MIN,3134916,13
401585129,MIN,4278039,13
401585129,MIN,4278508,0
401585129,MIN,4592187,0
401585129,MIN,4687718,0
401585129,MIN,5044385,0
401585129,MIN,3915195,0
401585129,DAL,2531367,28
401585129,DAL,3936099,35
401585129,DAL,6442,39
401585129,DAL,3945274,39
401585129,DAL,4432811,31
401585129,DAL,4066218,20
401585129,DAL,2326307,12
401585129,DAL,2528210,32
401585129,DAL,4868423,4
401585129,DAL,6461,0
401585129,DAL,4432161,0
401585129,DAL,2993370,0
401585129,DAL,4595400,0
401585129,DAL,4067017,0
401585129,DAL,4397040,0
401585130,DET,4277957,31
401585130,DET,3593,27
401585130,DET,4433621,30
401585130,DET,4432166,11
401585130,DET,4433218,27
401585130,DET,4278075,20
401585130,DET,4432808,18
401585130,DET,6429,20
401585130,DET,4432107,11
401585130,DET,4683024,25
401585130,DET,4684742,20
401585130,DET,4277848,0
401585130,DET,2528794,0
401585130,DEN,3064290,20
401585130,DEN,4278104,28
401585130,DEN,3112335,25
401585130,DEN,2581018,36
401585130,DEN,3936299,30
401585130,DEN,2284101,4
401585130,DEN,4066240,2
401585130,DEN,4431690,2
401585130,DEN,3442,21
401585130,DEN,4065731,2
401585130,DEN,6443,21
401585130,DEN,4278585,2
401585130,DEN,4431767,21
401585130,DEN,4576087,23
401585131,MEM,4277961,32
401585131,MEM,4277964,3
401585131,MEM,2990992,38
401585131,MEM,3913174,22
401585131,MEM,4066320,37
401585131,MEM,4433137,27
401585131,MEM,4593125,16
401585131,MEM,6427,26
401585131,MEM,3134932,3
401585131,MEM,4397227,37
401585131,MEM,4593041,0
401585131,MEM,3456,0
401585131,PHX,3202,36
401585131,PHX,3102530,32
401585131,PHX,6580,37
401585131,PHX,3135045,39
401585131,PHX,3136193,37
401585131,PHX,3914283,12
401585131,PHX,3914285,13
401585131,PHX,3136779,14
401585131,PHX,4065663,14
401585131,PHX,4278124,4
401585131,PHX,3133838,0
401585131,PHX,4278402,0
401585132,TOR,3149673,30
401585132,TOR,4395625,36
401585132,TOR,4433134,24
401585132,TOR,3134908,31
401585132,TOR,4395724,26
401585132,TOR,3244,4
401585132,TOR,3948153,16
401585132,TOR,4066731,4
401585132,TOR,4278103,12
401585132,TOR,4023,4
401585132,TOR,3032979,28
401585132,TOR,4277843,26
401585132,GS,3059319,17
401585132,GS,4431684,27
401585132,GS,4433247,25
401585132,GS,3975,30
401585132,GS,6475,28
401585132,GS,3032978,18
401585132,GS,3155535,17
401585132,GS,6446,14
401585132,GS,3943606,7
401585132,GS,4431720,7
401585132,GS,4432171,22
401585132,GS,4709138,29
401585132,GS,6589,0
401585133,LAC,4251,38
401585133,LAC,6450,35
401585133,LAC,4017837,37
401585133,LAC,3992,39
401585133,LAC,3907823,25
401585133,LAC,2451037,9
401585133,LAC,3468,19
401585133,LAC,2595516,25
401585133,LAC,4066387,13
401585133,LAC,3033,0
401585133,LAC,2488653,0
401585133,LAC,4396818,0
401585133,LAC,4431752,0
401585133,LAC,4432162,0
401585133,LAC,4592492,0
401585133,LAL,1966,38
401585133,LAL,6583,39
401585133,LAL,2990962,30
401585133,LAL,4395627,20
401585133,LAL,4066457,32
401585133,LAL,3058254,16
401585133,LAL,4278077,21
401585133,LAL,3136776,31
401585133,LAL,4432582,13
401585133,LAL,4684286,0
401585133,LAL,4397077,0
401585133,LAL,3906786,0
401585133,LAL,4433626,0
401585134,CHI,4431687,23
401585134,CHI,6585,23
401585134,CHI,3978,44
401585134,CHI,2991350,34
401585134,CHI,4395651,42
401585134,CHI,6478,30
401585134,CHI,3064440,36
401585134,CHI,3133635,4
401585134,CHI,4397002,18
401585134,CHI,4433159,12
401585134,CHI,4279815,0
401585134,CHI,5105553,0
401585134,CHA,4066383,40
401585134,CHA,4433287,31
401585134,CHA,4278076,39
401585134,CHA,3074752,44
401585134,CHA,4576086,24
401585134,CHA,4702233,21
401585134,CHA,4397371,15
401585134,CHA,4305,15
401585134,CHA,4431712,4
401585134,CHA,4683686,32
401585134,CHA,4395650,0
401585134,CHA,4230547,0
401585135,BOS,3213,32
401585135,BOS,3102531,38
401585135,BOS,3995,38
401585135,BOS,3078576,36
401585135,BOS,3917376,38
401585135,BOS,4397885,4
401585135,BOS,4278031,16
401585135,BOS,3064560,10
401585135,BOS,3133602,5
401585135,BOS,4066354,23
401585135,BOS,4066405,0
401585135,BOS,4397424,0
401585135,IND,4397189,27
401585135,IND,3133628,35
401585135,IND,4065670,21
401585135,IND,4396909,26
401585135,IND,4396993,13
401585135,IND,4278355,20
401585135,IND,4432170,7
401585135,IND,2530530,25
401585135,IND,2990984,25
401585135,IND,4395712,12
401585135,IND,4683634,29
401585135,IND,3999,0
401585135,IND,5106060,0
401585135,IND,4277883,0
401585135,IND,4433076,0
401585136,OKC,4433255,32
401585136,OKC,4278073,36
401585136,OKC,4397020,27
401585136,OKC,4593803,34
401585136,OKC,4871145,26
401585136,OKC,3133626,17
401585136,OKC,4395702,21
401585136,OKC,4397183,23
401585136,OKC,4683692,24
401585136,OKC,4066317,0
401585136,OKC,4432823,0
401585136,OKC,4683018,0
401585136,OKC,3102532,0
401585136,OKC,4432819,0
401585136,WSH,3134907,37
401585136,WSH,4278049,26
401585136,WSH,4683021,33
401585136,WSH,3135046,31
401585136,WSH,4277956,29
401585136,WSH,4280151,18
401585136,WSH,2490089,8
401585136,WSH,3064447,17
401585136,WSH,3914044,16
401585136,WSH,5104155,25
401585136,WSH,3428,0
401585136,WSH,2581184,0
401585136,WSH,4066410,0
401585136,WSH,4395695,0
401585136,WSH,4432356,0
401585137,HOU,3136777,34
401585137,HOU,4432639,32
401585137,HOU,4871144,33
401585137,HOU,2991230,39
401585137,HOU,4437244,31
401585137,HOU,3209,20
401585137,HOU,5105592,17
401585137,HOU,3922230,23
401585137,HOU,4684740,11
401585137,HOU,2528779,0
401585137,HOU,4376,0
401585137,HOU,3146557,0
401585137,HOU,2527963,0
401585137,MIA,4432848,39
401585137,MIA,4997528,21
401585137,MIA,4066261,32
401585137,MIA,3012,16
401585137,MIA,4395725,34
401585137,MIA,3449,23
401585137,MIA,3157465,29
401585137,MIA,4291678,16
401585137,MIA,2581190,29
401585137,MIA,4278572,0
401585137,MIA,3934723,0
401585137,MIA,4593049,0
401585138,UTAH,3899664,32
401585138,UTAH,3908845,27
401585138,UTAH,4066336,32
401585138,UTAH,2991139,24
401585138,UTAH,4277811,18
401585138,UTAH,2489663,17
401585138,UTAH,4433136,21
401585138,UTAH,2528426,31
401585138,UTAH,4397018,15
401585138,UTAH,4433627,22
401585138,UTAH,4423309,0
401585138,UTAH,4396991,0
401585138,UTAH,3074213,0
401585138,MIL,6609,34
401585138,MIL,3032977,38
401585138,MIL,3448,38
401585138,MIL,3907822,24
401585138,MIL,4432190,26
401585138,MIL,3064482,16
401585138,MIL,3102533,1
401585138,MIL,4432179,14
401585138,MIL,4433622,15
401585138,MIL,3447,1
401585138,MIL,2578239,22
401585138,MIL,4397475,11
401585138,MIL,4683749,0
401585139,PHX,3202,35
401585139,PHX,3102530,21
401585139,PHX,6580,35
401585139,PHX,3135045,31
401585139,PHX,3136193,34
401585139,PHX,3914283,8
401585139,PHX,3914285,16
401585139,PHX,3133838,5
401585139,PHX,3136779,2
401585139,PHX,3431,25
401585139,PHX,4065663,18
401585139,PHX,4278124,5
401585139,PHX,4278402,5
401585139,LAC,4251,31
401585139,LAC,6450,32
401585139,LAC,4017837,28
401585139,LAC,3992,30
401585139,LAC,3907823,28
401585139,LAC,2451037,14
401585139,LAC,2488653,5
401585139,LAC,3468,15
401585139,LAC,2595516,25
401585139,LAC,4066387,23
401585139,LAC,4431752,5
401585139,LAC,4432162,5
401585139,LAC,3033,0
401585139,LAC,4592492,0
401585140,SAC,6578,14
401585140,SAC,3155942,38
401585140,SAC,4594327,35
401585140,SAC,4066259,33
401585140,SAC,4066372,29
401585140,SAC,3136196,32
401585140,SAC,4397693,1
401585140,SAC,4401416,14
401585140,SAC,2596107,10
401585140,SAC,4066262,28
401585140,SAC,4278053,1
401585140,SAC,4702177,4
401585140,SAC,3893014,0
401585140,SAC,3452,0
401585140,SAC,4592402,0
401585140,DET,4277957,15
401585140,DET,3593,33
401585140,DET,4433621,24
401585140,DET,4433218,33
401585140,DET,4683024,31
401585140,DET,4278075,20
401585140,DET,2528794,9
401585140,DET,4432808,24
401585140,DET,6429,20
401585140,DET,4432107,19
401585140,DET,4684742,14
401585140,DET,4277848,0
401585140,DET,4432810,0
401585141,MIN,4431671,35
401585141,MIN,3032976,34
401585141,MIN,3136195,34
401585141,MIN,3195,31
401585141,MIN,4594268,26
401585141,MIN,2993874,21
401585141,MIN,4278508,2
401585141,MIN,4396971,21
401585141,MIN,3915195,2
401585141,MIN,3134916,15
401585141,MIN,4278039,18
401585141,MIN,4592187,0
401585141,ORL,4278052,27
401585141,ORL,4432573,35
401585141,ORL,4433623,34
401585141,ORL,4348700,17
401585141,ORL,4432165,27
401585141,ORL,3150844,31
401585141,ORL,4409222,28
401585141,ORL,4066636,13
401585141,ORL,4432809,7
401585141,ORL,4712849,21
401585141,ORL,2968436,0
401585141,ORL,4277847,0
401585142,POR,2991070,28
401585142,POR,4431736,26
401585142,POR,4066268,21
401585142,POR,4351851,27
401585142,POR,4683678,25
401585142,POR,4278111,12
401585142,POR,4594326,16
401585142,POR,4871140,27
401585142,POR,2566769,13
401585142,POR,3907498,12
401585142,POR,4914336,22
401585142,POR,5099752,12
401585142,NY,3064514,32
401585142,NY,3934719,29
401585142,NY,4222252,28
401585142,NY,3934672,26
401585142,NY,3934673,19
401585142,NY,4431679,20
401585142,NY,4277922,7
401585142,NY,4066668,4
401585142,NY,2991047,6
401585142,NY,3062679,26
401585142,NY,4397014,21
401585142,NY,4431823,22
401585142,NY,6588,0
401585143,MEM,6427,18
401585143,MEM,2990992,21
401585143,MEM,3913174,23
401585143,MEM,4066320,39
401585143,MEM,4397227,30
401585143,MEM,4277964,28
401585143,MEM,4433137,27
401585143,MEM,4592691,2
401585143,MEM,4593041,25
401585143,MEM,5105550,2
401585143,MEM,3134932,25
401585143,MEM,4593125,0
401585143,DAL,2531367,22
401585143,DAL,3936099,36
401585143,DAL,6442,40
401585143,DAL,3945274,36
401585143,DAL,4432811,23
401585143,DAL,6461,6
401585143,DAL,2993370,3
401585143,DAL,4066218,7
401585143,DAL,2326307,10
401585143,DAL,2528210,30
401585143,DAL,4067017,5
401585143,DAL,4397040,3
401585143,DAL,4868423,19
401585143,DAL,2960236,0
401585144,TOR,3244,29
401585144,TOR,3149673,32
401585144,TOR,4395625,35
401585144,TOR,4433134,40
401585144,TOR,4395724,26
401585144,TOR,3948153,14
401585144,TOR,4278103,10
401585144,TOR,3032979,30
401585144,TOR,4277843,24
401585144,TOR,4397251,0
401585144,TOR,4066731,0
401585144,TOR,2594922,0
401585144,TOR,4023,0
401585144,LAL,1966,35
401585144,LAL,6583,40
401585144,LAL,2990962,34
401585144,LAL,4395627,23
401585144,LAL,4066457,32
401585144,LAL,3058254,24
401585144,LAL,4278077,18
401585144,LAL,3136776,17
401585144,LAL,4432582,18
401585144,LAL,4684286,0
401585144,LAL,4397077,0
401585144,LAL,4066269,0
401585144,LAL,3906786,0
401585144,LAL,4433626,0
401585145,MIN,2993874,39
401585145,MIN,4431671,24
401585145,MIN,3136195,44
401585145,MIN,4278039,40
401585145,MIN,4594268,46
401585145,MIN,4278508,8
401585145,MIN,4592187,0
401585145,MIN,4396971,37
401585145,MIN,3915195,9
401585145,MIN,3134916,17
401585145,MIN,4687718,0
401585145,MIN,5044385,0
401585145,MIN,4277951,0
401585145,MIN,4432176,0
401585145,BOS,4065648,42
401585145,BOS,3213,38
401585145,BOS,3995,40
401585145,BOS,3078576,43
401585145,BOS,3917376,43
401585145,BOS,4065804,18
401585145,BOS,4278031,5
401585145,BOS,3064560,18
401585145,BOS,4066354,16
401585145,BOS,4066405,0
401585145,BOS,4397885,0
401585145,BOS,4397424,0
401585145,BOS,3133602,0
401585146,SAC,6578,22
401585146,SAC,3155942,28
401585146,SAC,4594327,32
401585146,SAC,4066259,28
401585146,SAC,4066372,1
401585146,SAC,3136196,21
401585146,SAC,4401416,17
401585146,SAC,3452,5
401585146,SAC,2596107,16
401585146,SAC,4592402,14
401585146,SAC,4066262,30
401585146,SAC,4278053,5
401585146,SAC,4433378,14
401585146,SAC,4702177,9
401585146,SAC,3893014,0
401585146,CHA,4066383,34
401585146,CHA,4433287,28
401585146,CHA,4278076,26
401585146,CHA,3074752,32
401585146,CHA,4576086,10
401585146,CHA,4395650,6
401585146,CHA,4702233,21
401585146,CHA,4397371,22
401585146,CHA,4305,16
401585146,CHA,4431712,20
401585146,CHA,4683686,25
401585146,CHA,4230547,0
401585147,SA,4592479,21
401585147,SA,4610139,28
401585147,SA,5104157,21
401585147,SA,4395626,27
401585147,SA,4395630,27
401585147,SA,2528588,15
401585147,SA,3947156,2
401585147,SA,4278580,2
401585147,SA,4395723,25
401585147,SA,4565201,21
401585147,SA,4870562,24
401585147,SA,3893016,21
401585147,SA,4683935,6
401585147,SA,3133601,0
401585147,DET,4277957,17
401585147,DET,3593,33
401585147,DET,4433621,30
401585147,DET,4433218,30
401585147,DET,4683024,32
401585147,DET,4278075,24
401585147,DET,2528794,6
401585147,DET,4432808,17
401585147,DET,6429,20
401585147,DET,4432107,16
401585147,DET,4684742,15
401585147,DET,4277848,0
401585147,DET,4432810,0
401585148,WSH,3134907,34
401585148,WSH,4278049,37
401585148,WSH,4683021,25
401585148,WSH,3135046,34
401585148,WSH,4277956,34
401585148,WSH,4280151,30
401585148,WSH,2490089,11
401585148,WSH,3064447,14
401585148,WSH,5104155,22
401585148,WSH,3428,0
401585148,WSH,2581184,0
401585148,WSH,4080610,0
401585148,WSH,4397127,0
401585148,WSH,4432356,0
401585148,WSH,4433246,0
401585148,IND,4278355,28
401585148,IND,3133628,31
401585148,IND,4065670,27
401585148,IND,4395712,26
401585148,IND,4396909,24
401585148,IND,4432170,17
401585148,IND,4277883,17
401585148,IND,2530530,22
401585148,IND,2990984,19
401585148,IND,4683634,28
401585148,IND,3999,0
401585148,IND,4397189,0
401585148,IND,4432827,0
401585148,IND,4433076,0
401585148,IND,4433254,0
401585149,PHI,3416,37
401585149,PHI,6440,41
401585149,PHI,4278562,19
401585149,PHI,4066436,21
401585149,PHI,4431678,43
401585149,PHI,6462,26
401585149,PHI,4431828,6
401585149,PHI,4277919,14
401585149,PHI,3964,13
401585149,PHI,3133603,32
401585149,PHI,4432164,13
401585149,PHI,2991155,0
401585149,PHI,3929325,0
401585149,ATL,4431680,36
401585149,ATL,4701230,41
401585149,ATL,3907497,38
401585149,ATL,4277905,43
401585149,ATL,4397136,37
401585149,ATL,4277952,17
401585149,ATL,4004,6
401585149,ATL,3037789,28
401585149,ATL,4065656,19
401585149,ATL,4432585,0
401585149,ATL,4431775,0
401585150,OKC,4433255,33
401585150,OKC,4278073,34
401585150,OKC,4397020,26
401585150,OKC,4593803,35
401585150,OKC,4871145,20
401585150,OKC,4432823,12
401585150,OKC,3102532,15
401585150,OKC,3133626,17
401585150,OKC,4395702,22
401585150,OKC,4397183,8
401585150,OKC,4683692,18
401585150,OKC,4066317,0
401585150,OKC,4683018,0
401585150,OKC,4432819,0
401585150,MIA,4291678,35
401585150,MIA,4432848,34
401585150,MIA,4997528,33
401585150,MIA,4066261,37
401585150,MIA,4395725,37
401585150,MIA,3449,20
401585150,MIA,3157465,25
401585150,MIA,2581190,21
401585150,MIA,4278572,0
401585150,MIA,3934723,0
401585150,MIA,4593049,0
401585150,MIA,4590530,0
401585151,HOU,3136777,18
401585151,HOU,4432639,47
401585151,HOU,4871144,41
401585151,HOU,2991230,42
401585151,HOU,4437244,40
401585151,HOU,3209,19
401585151,HOU,5105592,33
401585151,HOU,3922230,11
401585151,HOU,4684740,14
401585151,HOU,2528779,0
401585151,HOU,4376,0
401585151,HOU,3146557,0
401585151,CHI,6478,41
401585151,CHI,3978,43
401585151,CHI,2991350,32
401585151,CHI,3064440,41
401585151,CHI,4395651,43
401585151,CHI,4431687,29
401585151,CHI,6585,13
401585151,CHI,4397002,18
401585151,CHI,4433159,6
401585151,CHI,4279815,0
401585151,CHI,2528693,0
401585151,CHI,3133635,0
401585153,NO,3913176,23
401585153,NO,4277813,23
401585153,NO,4395628,30
401585153,NO,6477,21
401585153,NO,2490149,26
401585153,NO,2580365,19
401585153,NO,4278594,13
401585153,NO,4397688,24
401585153,NO,4432813,6
401585153,NO,4432821,3
401585153,NO,2579258,8
401585153,NO,4683750,21
401585153,NO,4869342,22
401585153,NO,4277869,0
401585153,GS,3155535,19
401585153,GS,4433247,28
401585153,GS,3975,25
401585153,GS,6475,24
401585153,GS,4709138,25
401585153,GS,3032978,13
401585153,GS,3059319,23
401585153,GS,4431684,22
401585153,GS,4997536,10
401585153,GS,6446,17
401585153,GS,4431720,8
401585153,GS,4432171,25
401585153,GS,6589,0
401585152,DEN,3064290,29
401585152,DEN,4278104,24
401585152,DEN,3112335,30
401585152,DEN,2581018,28
401585152,DEN,3936299,31
401585152,DEN,2284101,12
401585152,DEN,4066240,6
401585152,DEN,4431690,6
401585152,DEN,3442,8
401585152,DEN,4065731,6
401585152,DEN,6443,20
401585152,DEN,4278585,6
401585152,DEN,4431767,17
401585152,DEN,4576087,17
401585152,UTAH,3899664,21
401585152,UTAH,3908845,24
401585152,UTAH,4066336,32
401585152,UTAH,2991139,26
401585152,UTAH,4277811,21
401585152,UTAH,2489663,19
401585152,UTAH,4423309,3
401585152,UTAH,4684806,3
401585152,UTAH,5105839,3
401585152,UTAH,3074213,3
401585152,UTAH,4433136,15
401585152,UTAH,4432168,0
401585152,UTAH,2528426,33
401585152,UTAH,4397018,13
401585152,UTAH,4433627,22
401585152,UTAH,4396991,0
401585154,TOR,3244,23
401585154,TOR,4395625,37
401585154,TOR,4433134,34
401585154,TOR,3032979,34
401585154,TOR,4395724,36
401585154,TOR,3948153,11
401585154,TOR,4066731,13
401585154,TOR,4278103,18
401585154,TOR,4023,8
401585154,TOR,4277843,24
401585154,TOR,3149673,0
401585154,TOR,2594922,0
401585154,LAC,4251,38
401585154,LAC,6450,38
401585154,LAC,4017837,31
401585154,LAC,3992,34
401585154,LAC,3907823,24
401585154,LAC,2451037,16
401585154,LAC,3468,14
401585154,LAC,2595516,27
401585154,LAC,4066387,18
401585154,LAC,3033,0
401585154,LAC,2488653,0
401585154,LAC,4431752,0
401585154,LAC,4432162,0
401585154,LAC,4592492,0
401585155,BKN,2578185,14
401585155,BKN,3138196,23
401585155,BKN,4278067,33
401585155,BKN,2580782,16
401585155,BKN,3147657,39
401585155,BKN,4065649,3
401585155,BKN,2583632,17
401585155,BKN,4431675,13
401585155,BKN,4065697,23
401585155,BKN,4277890,25
401585155,BKN,4432174,35
401585155,BKN,4432194,0
401585155,CLE,3912848,27
401585155,CLE,4432822,35
401585155,CLE,4066328,38
401585155,CLE,3908809,41
401585155,CLE,4065778,7
401585155,CLE,2990969,16
401585155,CLE,6474,10
401585155,CLE,2991043,35
401585155,CLE,4066757,32
401585155,CLE,4433620,0
401585155,CLE,3064559,0
401585155,CLE,4701233,0
401585156,BOS,4065648,16
401585156,BOS,3102531,21
401585156,BOS,3995,19
401585156,BOS,3078576,18
401585156,BOS,3917376,18
401585156,BOS,4065804,24
401585156,BOS,4066405,19
401585156,BOS,4397885,18
401585156,BOS,4278031,17
401585156,BOS,3064560,10
401585156,BOS,4397424,13
401585156,BOS,3133602,17
401585156,BOS,4066354,31
401585156,MIL,6609,20
401585156,MIL,3032977,26
401585156,MIL,3448,28
401585156,MIL,3907822,27
401585156,MIL,6606,27
401585156,MIL,3064482,22
401585156,MIL,3102533,9
401585156,MIL,4432179,12
401585156,MIL,4433622,9
401585156,MIL,3064230,15
401585156,MIL,2578239,21
401585156,MIL,4397475,9
401585156,MIL,4432190,16
401585156,MIL,3447,0
401585156,MIL,4683749,0
401585157,POR,2991070,25
401585157,POR,4431736,32
401585157,POR,4066268,24
401585157,POR,4351851,20
401585157,POR,4683678,31
401585157,POR,4278111,14
401585157,POR,4594326,23
401585157,POR,4871140,19
401585157,POR,3907498,19
401585157,POR,4914336,21
401585157,POR,5099752,12
401585157,POR,2566769,0
401585157,OKC,4433255,20
401585157,OKC,4278073,21
401585157,OKC,4397020,19
401585157,OKC,4593803,19
401585157,OKC,4871145,23
401585157,OKC,4066317,12
401585157,OKC,4395714,18
401585157,OKC,4432823,18
401585157,OKC,4997526,23
401585157,OKC,3102532,9
401585157,OKC,3133626,10
401585157,OKC,4395702,7
401585157,OKC,4397183,7
401585157,OKC,4432819,18
401585157,OKC,4683692,17
401585158,NY,3064514,37
401585158,NY,3934719,39
401585158,NY,4222252,32
401585158,NY,3934672,39
401585158,NY,3934673,30
401585158,NY,4431679,16
401585158,NY,3062679,23
401585158,NY,4397014,15
401585158,NY,4431823,9
401585158,NY,4277922,0
401585158,NY,4066668,0
401585158,NY,6588,0
401585158,NY,2991047,0
401585158,NY,4066508,0
401585158,DAL,2531367,28
401585158,DAL,3936099,35
401585158,DAL,6442,40
401585158,DAL,2528210,39
401585158,DAL,4432811,35
401585158,DAL,6461,4
401585158,DAL,4066218,27
401585158,DAL,2326307,10
401585158,DAL,4868423,23
401585158,DAL,2993370,0
401585158,DAL,4067017,0
401585158,DAL,4397040,0
401585159,PHX,3202,32
401585159,PHX,3102530,28
401585159,PHX,6580,32
401585159,PHX,3135045,30
401585159,PHX,3136193,34
401585159,PHX,3914283,9
401585159,PHX,3133838,5
401585159,PHX,3136779,5
401585159,PHX,4395652,4
401585159,PHX,4066299,5
401585159,PHX,4397102,17
401585159,PHX,3431,23
401585159,PHX,4065663,12
401585159,PHX,4278402,5
401585159,LAL,1966,24
401585159,LAL,6583,32
401585159,LAL,2990962,28
401585159,LAL,4395627,8
401585159,LAL,4066457,30
401585159,LAL,4278077,29
401585159,LAL,4397077,13
401585159,LAL,4066269,12
401585159,LAL,3136776,27
401585159,LAL,3906786,5
401585159,LAL,4432582,25
401585159,LAL,4433626,5
401585159,LAL,3058254,0
401585159,LAL,4684286,0
401585160,SAC,6578,21
401585160,SAC,3155942,33
401585160,SAC,4594327,35
401585160,SAC,4592402,10
401585160,SAC,4066259,38
401585160,SAC,3136196,22
401585160,SAC,3893014,9
401585160,SAC,4397693,6
401585160,SAC,4401416,3
401585160,SAC,3452,5
401585160,SAC,2596107,8
401585160,SAC,4066262,27
401585160,SAC,4278053,6
401585160,SAC,4433378,9
401585160,SAC,4702177,10
401585160,PHI,3416,25
401585160,PHI,6440,36
401585160,PHI,4278562,24
401585160,PHI,4066436,25
401585160,PHI,4431678,40
401585160,PHI,6462,17
401585160,PHI,4431828,3
401585160,PHI,2991155,14
401585160,PHI,4277919,20
401585160,PHI,3964,27
401585160,PHI,3929325,3
401585160,PHI,4432164,3
401585160,PHI,3133603,0
401585161,IND,4397189,19
401585161,IND,3133628,26
401585161,IND,4065670,21
401585161,IND,4395712,23
401585161,IND,4396909,21
401585161,IND,4278355,21
401585161,IND,4432170,18
401585161,IND,4277883,4
401585161,IND,4432827,4
401585161,IND,2530530,25
401585161,IND,2990984,23
401585161,IND,4433076,4
401585161,IND,4433254,4
401585161,IND,4683634,27
401585161,IND,3999,0
401585161,ATL,4701230,32
401585161,ATL,3102529,22
401585161,ATL,3907497,32
401585161,ATL,4277905,30
401585161,ATL,4397136,31
401585161,ATL,4277952,4
401585161,ATL,4431680,23
401585161,ATL,4432585,4
401585161,ATL,4004,15
401585161,ATL,3037789,25
401585161,ATL,4065656,20
401585161,ATL,4431775,4
401585161,ATL,3913180,0
401585162,HOU,3136777,20
401585162,HOU,4432639,41
401585162,HOU,4871144,37
401585162,HOU,2991230,43
401585162,HOU,4437244,39
401585162,HOU,3209,13
401585162,HOU,5105592,15
401585162,HOU,2528779,21
401585162,HOU,3922230,3
401585162,HOU,4684740,8
401585162,HOU,4376,0
401585162,HOU,3146557,0
401585162,DET,4278075,35
401585162,DET,4432810,29
401585162,DET,4433621,32
401585162,DET,4433218,28
401585162,DET,4683024,29
401585162,DET,4277848,12
401585162,DET,4277957,16
401585162,DET,6429,30
401585162,DET,4432107,11
401585162,DET,4684742,18
401585162,DET,2528794,0
401585162,DET,4432808,0
401585162,DET,4279532,0
401585163,ORL,4278052,29
401585163,ORL,4432573,36
401585163,ORL,4433623,32
401585163,ORL,4348700,19
401585163,ORL,4432165,14
401585163,ORL,2968436,20
401585163,ORL,3150844,29
401585163,ORL,4409222,7
401585163,ORL,4066636,17
401585163,ORL,4432809,27
401585163,ORL,4712849,9
401585163,ORL,4277847,0
401585163,MIA,3157465,41
401585163,MIA,4291678,32
401585163,MIA,4432848,37
401585163,MIA,4997528,25
401585163,MIA,4066261,39
401585163,MIA,3449,16
401585163,MIA,3138160,24
401585163,MIA,2581190,25
401585163,MIA,4278572,0
401585163,MIA,3934723,0
401585163,MIA,4593049,0
401585163,MIA,4590530,0
401585164,GS,3032978,28
401585164,GS,3059319,31
401585164,GS,3155535,27
401585164,GS,3975,35
401585164,GS,6475,34
401585164,GS,4431684,17
401585164,GS,4433247,24
401585164,GS,6446,13
401585164,GS,3943606,4
401585164,GS,4709138,27
401585164,GS,6589,0
401585164,GS,4431720,0
401585164,CHI,6478,33
401585164,CHI,3978,41
401585164,CHI,2991350,29
401585164,CHI,3064440,35
401585164,CHI,4395651,37
401585164,CHI,4431687,29
401585164,CHI,6585,12
401585164,CHI,4397002,17
401585164,CHI,4433159,8
401585164,CHI,4279815,0
401585164,CHI,2528693,0
401585164,CHI,3133635,0
401585165,LAC,4251,35
401585165,LAC,6450,29
401585165,LAC,4017837,22
401585165,LAC,3992,28
401585165,LAC,3907823,26
401585165,LAC,2451037,22
401585165,LAC,3468,16
401585165,LAC,2595516,24
401585165,LAC,4066387,26
401585165,LAC,4396818,4
401585165,LAC,4431752,4
401585165,LAC,4432162,4
401585165,LAC,3033,0
401585165,LAC,2488653,0
401585165,LAC,4592492,0
401585165,MEM,4277961,30
401585165,MEM,4277964,31
401585165,MEM,3913174,29
401585165,MEM,4066320,23
401585165,MEM,4397227,27
401585165,MEM,4433137,19
401585165,MEM,4592691,20
401585165,MEM,4593041,27
401585165,MEM,5105550,9
401585165,MEM,4278378,20
401585165,MEM,3134932,6
401585165,MEM,4593125,0
401585166,POR,2991070,31
401585166,POR,4431736,25
401585166,POR,4066268,24
401585166,POR,4351851,29
401585166,POR,4683678,25
401585166,POR,4278111,9
401585166,POR,4432446,32
401585166,POR,4594326,9
401585166,POR,4871140,9
401585166,POR,2566769,26
401585166,POR,3907498,14
401585166,POR,5099752,7
401585166,MIN,4431671,24
401585166,MIN,3032976,28
401585166,MIN,3136195,28
401585166,MIN,3195,20
401585166,MIN,4594268,27
401585166,MIN,2993874,15
401585166,MIN,4278508,9
401585166,MIN,4592187,8
401585166,MIN,4687718,9
401585166,MIN,5044385,8
401585166,MIN,4396971,21
401585166,MIN,3915195,10
401585166,MIN,3134916,13
401585166,MIN,4278039,19
401585166,MIN,4432176,0
401585169,CHA,4066383,33
401585169,CHA,4433287,9
401585169,CHA,4278076,22
401585169,CHA,3074752,28
401585169,CHA,4432816,27
401585169,CHA,4395650,7
401585169,CHA,4702233,19
401585169,CHA,4397371,19
401585169,CHA,4305,22
401585169,CHA,4431712,6
401585169,CHA,4576086,24
401585169,CHA,4683686,25
401585169,CHA,3138161,0
401585169,SA,4592479,21
401585169,SA,4610139,26
401585169,SA,5104157,20
401585169,SA,4395626,22
401585169,SA,4395630,26
401585169,SA,2528588,12
401585169,SA,3947156,10
401585169,SA,4278580,10
401585169,SA,4395723,19
401585169,SA,4565201,20
401585169,SA,4870562,17
401585169,SA,3893016,14
401585169,SA,3133601,10
401585169,SA,4683935,17
401585168,TOR,3244,12
401585168,TOR,3149673,30
401585168,TOR,4395625,30
401585168,TOR,4433134,28
401585168,TOR,4395724,25
401585168,TOR,3948153,12
401585168,TOR,4066731,8
401585168,TOR,4278103,31
401585168,TOR,4023,8
401585168,TOR,3032979,23
401585168,TOR,4277843,22
401585168,TOR,5106258,12
401585168,UTAH,3899664,23
401585168,UTAH,3908845,14
401585168,UTAH,4066336,29
401585168,UTAH,2991139,17
401585168,UTAH,4277811,20
401585168,UTAH,2489663,21
401585168,UTAH,4423309,6
401585168,UTAH,4684806,4
401585168,UTAH,5105839,4
401585168,UTAH,3074213,5
401585168,UTAH,4433136,20
401585168,UTAH,2528426,31
401585168,UTAH,4397018,22
401585168,UTAH,4433627,24
401585168,UTAH,4396991,0
401585167,NO,3913176,34
401585167,NO,4277813,19
401585167,NO,4395628,35
401585167,NO,6477,26
401585167,NO,2490149,30
401585167,NO,2580365,20
401585167,NO,4278594,12
401585167,NO,4397688,28
401585167,NO,4432821,2
401585167,NO,4277869,17
401585167,NO,4683750,2
401585167,NO,4869342,15
401585167,NO,2579258,0
401585167,DEN,3064290,31
401585167,DEN,4278104,33
401585167,DEN,3112335,32
401585167,DEN,2581018,31
401585167,DEN,3936299,34
401585167,DEN,2284101,2
401585167,DEN,4066240,1
401585167,DEN,4431690,2
401585167,DEN,3442,14
401585167,DEN,4065731,2
401585167,DEN,6443,24
401585167,DEN,4278585,2
401585167,DEN,4431767,17
401585167,DEN,4576087,15
401585170,HOU,3155526,25
401585170,HOU,4432639,27
401585170,HOU,4871144,24
401585170,HOU,2991230,23
401585170,HOU,4437244,20
401585170,HOU,3209,14
401585170,HOU,3136777,9
401585170,HOU,5105592,28
401585170,HOU,2528779,8
401585170,HOU,4376,7
401585170,HOU,3146557,12
401585170,HOU,3922230,9
401585170,HOU,4397821,9
401585170,HOU,4684740,25
401585170,BOS,4065648,30
401585170,BOS,3102531,28
401585170,BOS,3995,26
401585170,BOS,3078576,25
401585170,BOS,3917376,28
401585170,BOS,4065804,20
401585170,BOS,4066405,7
401585170,BOS,4278031,9
401585170,BOS,3213,20
401585170,BOS,3064560,14
401585170,BOS,3133602,9
401585170,BOS,4066354,23
401585170,BOS,4397885,0
401585171,WSH,3134907,27
401585171,WSH,4278049,30
401585171,WSH,4683021,37
401585171,WSH,3135046,26
401585171,WSH,4277956,26
401585171,WSH,4280151,18
401585171,WSH,3064447,22
401585171,WSH,4080610,4
401585171,WSH,4397127,5
401585171,WSH,4433246,18
401585171,WSH,5104155,28
401585171,WSH,3428,0
401585171,WSH,2581184,0
401585171,WSH,2490089,0
401585171,WSH,3914044,0
401585171,ATL,4701230,36
401585171,ATL,3102529,24
401585171,ATL,3907497,31
401585171,ATL,4277905,36
401585171,ATL,4397136,27
401585171,ATL,4277952,5
401585171,ATL,4431680,19
401585171,ATL,4432585,5
401585171,ATL,3037789,24
401585171,ATL,3913180,15
401585171,ATL,4065656,13
401585171,ATL,4431775,5
401585171,ATL,4004,0
401585172,NY,3064514,36
401585172,NY,3934719,32
401585172,NY,4222252,42
401585172,NY,3934673,33
401585172,NY,4431823,38
401585172,NY,4431679,6
401585172,NY,4066668,10
401585172,NY,3062679,29
401585172,NY,4397014,15
401585172,NY,4277922,0
401585172,NY,6588,0
401585172,NY,2991047,0
401585172,NY,3934672,0
401585172,NY,4066508,0
401585172,MEM,4277964,36
401585172,MEM,4593041,35
401585172,MEM,4278378,32
401585172,MEM,3913174,33
401585172,MEM,4397227,36
401585172,MEM,4433137,20
401585172,MEM,4592691,1
401585172,MEM,5105550,27
401585172,MEM,3134932,20
401585172,MEM,4277961,0
401585172,MEM,4593125,0
401585172,MEM,4066320,0
401585173,GS,3032978,34
401585173,GS,3059319,32
401585173,GS,3155535,18
401585173,GS,6475,36
401585173,GS,4709138,36
401585173,GS,4431684,18
401585173,GS,4433247,30
401585173,GS,6446,18
401585173,GS,4431720,18
401585173,GS,4871143,0
401585173,GS,6589,0
401585173,GS,3943606,0
401585173,MIL,6609,33
401585173,MIL,3032977,37
401585173,MIL,3448,34
401585173,MIL,3907822,29
401585173,MIL,6606,38
401585173,MIL,3064482,21
401585173,MIL,4433622,1
401585173,MIL,2578239,22
401585173,MIL,4432190,28
401585173,MIL,3102533,0
401585173,MIL,4432179,0
401585173,MIL,3447,0
401585173,MIL,3064230,0
401585173,MIL,4397475,0
401585173,MIL,4683749,0
401585174,ORL,4278052,19
401585174,ORL,4432573,36
401585174,ORL,4433623,35
401585174,ORL,4348700,22
401585174,ORL,4432165,20
401585174,ORL,4065654,15
401585174,ORL,3150844,18
401585174,ORL,4409222,17
401585174,ORL,4432809,25
401585174,ORL,4712849,33
401585174,ORL,3918423,0
401585174,ORL,4277847,0
401585174,OKC,4433255,32
401585174,OKC,4278073,36
401585174,OKC,4397020,32
401585174,OKC,4593803,33
401585174,OKC,4871145,27
401585174,OKC,4997526,9
401585174,OKC,3102532,11
401585174,OKC,3133626,16
401585174,OKC,4395702,16
401585174,OKC,4397183,7
401585174,OKC,4683692,20
401585174,OKC,4395714,0
401585174,OKC,4432823,0
401585174,OKC,6426,0
401585174,OKC,4432819,0
401585175,NO,4277813,32
401585175,NO,4278594,31
401585175,NO,6477,28
401585175,NO,4683750,37
401585175,NO,4869342,38
401585175,NO,2580365,20
401585175,NO,4432813,22
401585175,NO,4277869,26
401585175,NO,4395698,7
401585175,NO,4397688,0
401585175,NO,4432821,0
401585175,NO,2579258,0
401585175,DAL,2531367,34
401585175,DAL,3936099,28
401585175,DAL,6442,40
401585175,DAL,2528210,39
401585175,DAL,4432811,32
401585175,DAL,2960236,11
401585175,DAL,4066218,14
401585175,DAL,2326307,12
401585175,DAL,4067017,6
401585175,DAL,4868423,23
401585175,DAL,6461,0
401585175,DAL,2993370,0
401585175,DAL,4397040,0
401585176,CHI,6478,31
401585176,CHI,3978,34
401585176,CHI,2991350,33
401585176,CHI,3064440,36
401585176,CHI,4395651,32
401585176,CHI,6585,17
401585176,CHI,3133635,24
401585176,CHI,4397002,29
401585176,CHI,4433159,3
401585176,CHI,4279815,0
401585176,CHI,4431687,0
401585176,CHI,2528693,0
401585176,SA,4592479,17
401585176,SA,4610139,31
401585176,SA,4870562,22
401585176,SA,4395626,32
401585176,SA,4395630,34
401585176,SA,4278580,18
401585176,SA,4395723,30
401585176,SA,4565201,22
401585176,SA,3893016,23
401585176,SA,4683935,11
401585176,SA,3947156,0
401585176,SA,3133601,0
401585177,LAL,6583,39
401585177,LAL,2990962,30
401585177,LAL,4395627,11
401585177,LAL,3136776,41
401585177,LAL,4066457,31
401585177,LAL,3058254,22
401585177,LAL,4066648,19
401585177,LAL,4278077,23
401585177,LAL,4066269,10
401585177,LAL,4432582,14
401585177,LAL,4397077,0
401585177,LAL,4397204,0
401585177,LAL,4433626,0
401585177,UTAH,3899664,24
401585177,UTAH,3908845,34
401585177,UTAH,4066336,33
401585177,UTAH,2991139,17
401585177,UTAH,4277811,28
401585177,UTAH,2489663,15
401585177,UTAH,4433136,14
401585177,UTAH,2528426,31
401585177,UTAH,4397018,18
401585177,UTAH,4433627,27
401585177,UTAH,4423309,0
401585177,UTAH,4396991,0
401585177,UTAH,3074213,0
401585178,IND,4397189,25
401585178,IND,3133628,26
401585178,IND,2990984,28
401585178,IND,4065670,33
401585178,IND,4395712,29
401585178,IND,4278355,25
401585178,IND,4432170,20
401585178,IND,4277883,13
401585178,IND,2530530,19
401585178,IND,4683634,22
401585178,IND,3999,0
401585178,IND,5106060,0
401585178,IND,4432827,0
401585178,IND,4433076,0
401585178,IND,4433254,0
401585178,DEN,3064290,37
401585178,DEN,4278104,37
401585178,DEN,3112335,33
401585178,DEN,2581018,37
401585178,DEN,3936299,36
401585178,DEN,2284101,0
401585178,DEN,3442,7
401585178,DEN,6443,23
401585178,DEN,4431767,15
401585178,DEN,4576087,14
401585178,DEN,4066240,0
401585178,DEN,4431690,0
401585178,DEN,4065731,0
401585178,DEN,4278585,0
401585179,CHA,4066383,38
401585179,CHA,3138161,23
401585179,CHA,4278076,27
401585179,CHA,3074752,35
401585179,CHA,4432816,30
401585179,CHA,4278078,28
401585179,CHA,4395650,2
401585179,CHA,4702233,10
401585179,CHA,4397371,11
401585179,CHA,4305,12
401585179,CHA,4431712,2
401585179,CHA,4576086,5
401585179,CHA,4683686,16
401585179,CHA,4433287,0
401585179,MIA,4432848,15
401585179,MIA,4997528,28
401585179,MIA,4066261,35
401585179,MIA,3012,26
401585179,MIA,4395725,28
401585179,MIA,3138160,25
401585179,MIA,3157465,30
401585179,MIA,4291678,31
401585179,MIA,4593049,2
401585179,MIA,2581190,20
401585179,MIA,3449,0
401585179,MIA,3934723,0
401585180,SAC,6578,32
401585180,SAC,3155942,45
401585180,SAC,4594327,19
401585180,SAC,4066259,43
401585180,SAC,4066372,39
401585180,SAC,3136196,33
401585180,SAC,3893014,6
401585180,SAC,2596107,11
401585180,SAC,4066262,36
401585180,SAC,4397693,0
401585180,SAC,4401416,0
401585180,SAC,3452,0
401585180,SAC,4592402,0
401585180,SAC,4278053,0
401585180,SAC,4702177,0
401585180,MIL,3032977,40
401585180,MIL,3448,40
401585180,MIL,3907822,45
401585180,MIL,6606,41
401585180,MIL,4432190,10
401585180,MIL,3064482,26
401585180,MIL,3064230,12
401585180,MIL,2578239,33
401585180,MIL,4397475,18
401585180,MIL,3102533,0
401585180,MIL,4432179,0
401585180,MIL,3447,0
401585180,MIL,4683749,0
401585181,LAC,4251,42
401585181,LAC,6450,37
401585181,LAC,2451037,22
401585181,LAC,3992,36
401585181,LAC,3907823,19
401585181,LAC,2488653,16
401585181,LAC,3468,29
401585181,LAC,2595516,30
401585181,LAC,4066387,9
401585181,LAC,3033,0
401585181,LAC,4017837,0
401585181,LAC,4432162,0
401585181,LAC,4592492,0
401585181,MIN,4431671,35
401585181,MIN,3032976,37
401585181,MIN,3136195,37
401585181,MIN,3195,32
401585181,MIN,4594268,38
401585181,MIN,2993874,27
401585181,MIN,4396971,14
401585181,MIN,4278039,20
401585181,MIN,4278508,0
401585181,MIN,4592187,0
401585181,MIN,4687718,0
401585181,MIN,5044385,0
401585181,MIN,3915195,0
401585181,MIN,3134916,0
401585182,PHX,3202,38
401585182,PHX,3102530,27
401585182,PHX,6580,37
401585182,PHX,3135045,33
401585182,PHX,3136193,39
401585182,PHX,3914283,17
401585182,PHX,3914285,4
401585182,PHX,3136779,13
401585182,PHX,3431,24
401585182,PHX,4065663,7
401585182,PHX,3133838,0
401585182,PHX,4395652,0
401585182,PHX,4278124,0
401585182,PHX,4278402,0
401585182,POR,4431736,23
401585182,POR,4432446,29
401585182,POR,4066268,39
401585182,POR,4351851,41
401585182,POR,4683678,40
401585182,POR,4278111,17
401585182,POR,4594326,37
401585182,POR,5099752,14
401585182,POR,2991070,0
401585182,POR,4397126,0
401585182,POR,2566769,0
401585182,POR,3907498,0
401585183,HOU,3155526,31
401585183,HOU,4432639,31
401585183,HOU,4871144,30
401585183,HOU,2991230,33
401585183,HOU,4437244,27
401585183,HOU,3209,13
401585183,HOU,3136777,13
401585183,HOU,5105592,23
401585183,HOU,3146557,9
401585183,HOU,3922230,6
401585183,HOU,4397821,5
401585183,HOU,4684740,19
401585183,HOU,2528779,0
401585183,HOU,4376,0
401585183,PHI,3416,28
401585183,PHI,6440,31
401585183,PHI,3059318,31
401585183,PHI,3133603,26
401585183,PHI,4431678,35
401585183,PHI,6462,14
401585183,PHI,4278562,17
401585183,PHI,4431828,6
401585183,PHI,2991155,18
401585183,PHI,3964,29
401585183,PHI,3929325,6
401585184,NO,3913176,32
401585184,NO,4277813,29
401585184,NO,4395628,32
401585184,NO,6477,19
401585184,NO,2490149,29
401585184,NO,2580365,26
401585184,NO,4278594,9
401585184,NO,4397688,22
401585184,NO,4683750,21
401585184,NO,4869342,19
401585184,NO,2579258,0
401585184,NO,4277869,0
401585184,DAL,2960236,19
401585184,DAL,4683688,26
401585184,DAL,6442,41
401585184,DAL,2528210,41
401585184,DAL,4432811,30
401585184,DAL,2531367,16
401585184,DAL,4066218,31
401585184,DAL,2326307,7
401585184,DAL,4067017,14
401585184,DAL,4868423,15
401585184,DAL,6461,0
401585184,DAL,2993370,0
401585184,DAL,4595400,0
401585184,DAL,4397040,0
401585185,ORL,4278052,26
401585185,ORL,4432573,33
401585185,ORL,4433623,21
401585185,ORL,4348700,29
401585185,ORL,4432165,27
401585185,ORL,2968436,20
401585185,ORL,4065654,16
401585185,ORL,4277847,19
401585185,ORL,4066636,23
401585185,ORL,4432809,26
401585185,ORL,3150844,0
401585185,ORL,4409222,0
401585185,ORL,4712849,0
401585185,NY,3064514,38
401585185,NY,3934719,44
401585185,NY,4222252,29
401585185,NY,3934673,24
401585185,NY,4431823,36
401585185,NY,4431679,20
401585185,NY,4598307,0
401585185,NY,4066668,12
401585185,NY,3062679,24
401585185,NY,3913220,0
401585185,NY,4397014,14
401585185,NY,4684737,0
401585185,NY,4277922,0
401585185,NY,6588,0
401585185,NY,2991047,0
401585185,NY,3934672,0
401585186,DET,4278075,33
401585186,DET,4432810,38
401585186,DET,4433621,26
401585186,DET,4433218,32
401585186,DET,4683024,24
401585186,DET,2528794,5
401585186,DET,4432808,15
401585186,DET,6429,29
401585186,DET,4432107,11
401585186,DET,4684742,27
401585186,DET,3593,0
401585186,DET,4279532,0
401585186,WSH,3134907,33
401585186,WSH,4278049,26
401585186,WSH,4683021,28
401585186,WSH,3135046,31
401585186,WSH,4277956,32
401585186,WSH,2581184,3
401585186,WSH,4280151,15
401585186,WSH,4432588,0
401585186,WSH,3064447,16
401585186,WSH,3914044,14
401585186,WSH,4080610,1
401585186,WSH,4432356,1
401585186,WSH,4433246,13
401585186,WSH,5104155,27
401585186,WSH,4397127,0
401585187,SA,4592479,20
401585187,SA,4610139,38
401585187,SA,5104157,27
401585187,SA,4395626,30
401585187,SA,4395630,30
401585187,SA,2528588,15
401585187,SA,4278580,1
401585187,SA,4395723,26
401585187,SA,4565201,10
401585187,SA,4870562,17
401585187,SA,3893016,12
401585187,SA,4683935,13
401585187,SA,3947156,0
401585187,SA,3133601,0
401585187,ATL,4701230,38
401585187,ATL,3102529,25
401585187,ATL,3907497,33
401585187,ATL,4277905,38
401585187,ATL,4397136,33
401585187,ATL,4431680,23
401585187,ATL,3037789,26
401585187,ATL,3913180,13
401585187,ATL,4065656,12
401585187,ATL,4277952,0
401585187,ATL,4432585,0
401585187,ATL,4004,0
401585187,ATL,4431775,0
401585188,GS,3032978,24
401585188,GS,3059319,31
401585188,GS,3155535,18
401585188,GS,3975,33
401585188,GS,6475,34
401585188,GS,6589,24
401585188,GS,4431684,10
401585188,GS,4433247,29
401585188,GS,6446,7
401585188,GS,4431720,5
401585188,GS,4709138,27
401585188,GS,3943606,0
401585188,MEM,4277961,33
401585188,MEM,4277964,30
401585188,MEM,4433137,20
401585188,MEM,3913174,32
401585188,MEM,4397227,38
401585188,MEM,4593041,21
401585188,MEM,4593125,17
401585188,MEM,5105550,29
401585188,MEM,4278378,19
401585188,MEM,4592691,0
401585188,MEM,3456,0
401585188,MEM,3134932,0
401585189,CHI,6478,37
401585189,CHI,3978,38
401585189,CHI,2991350,31
401585189,CHI,3064440,35
401585189,CHI,4395651,38
401585189,CHI,4279815,5
401585189,CHI,6585,22
401585189,CHI,3133635,11
401585189,CHI,4397002,19
401585189,CHI,4433159,4
401585189,CHI,4431687,0
401585189,CHI,2528693,0
401585189,CLE,3912848,26
401585189,CLE,4432822,25
401585189,CLE,4066328,34
401585189,CLE,3908809,37
401585189,CLE,4065778,35
401585189,CLE,2990969,19
401585189,CLE,6474,14
401585189,CLE,2991043,30
401585189,CLE,4066757,20
401585189,CLE,4433620,0
401585189,CLE,3064559,0
401585189,CLE,4701233,0
401585190,MIA,6430,40
401585190,MIA,4997528,19
401585190,MIA,4066261,44
401585190,MIA,3012,24
401585190,MIA,4395725,38
401585190,MIA,3138160,34
401585190,MIA,3157465,22
401585190,MIA,4291678,12
401585190,MIA,3934723,5
401585190,MIA,2581190,28
401585190,MIA,4397134,0
401585190,MIA,4593049,0
401585190,BKN,2578185,28
401585190,BKN,3138196,23
401585190,BKN,4278067,43
401585190,BKN,2580782,20
401585190,BKN,3147657,44
401585190,BKN,2583632,30
401585190,BKN,4431675,4
401585190,BKN,4065697,32
401585190,BKN,4277890,9
401585190,BKN,4432174,32
401585190,BKN,4065649,0
401585190,BKN,4432194,0
401585191,BOS,4065648,37
401585191,BOS,3213,35
401585191,BOS,3102531,32
401585191,BOS,3995,34
401585191,BOS,3078576,37
401585191,BOS,4065804,16
401585191,BOS,4278031,7
401585191,BOS,3064560,18
401585191,BOS,4066354,24
401585191,BOS,4066405,0
401585191,BOS,4397885,0
401585191,BOS,4397424,0
401585191,BOS,3133602,0
401585191,TOR,3149673,37
401585191,TOR,4395625,36
401585191,TOR,4433134,41
401585191,TOR,4278103,15
401585191,TOR,4395724,37
401585191,TOR,3244,16
401585191,TOR,3948153,14
401585191,TOR,4066731,12
401585191,TOR,3032979,33
401585191,TOR,2594922,0
401585191,TOR,4023,0
401585191,TOR,5106258,0
401585192,IND,4397189,19
401585192,IND,3133628,17
401585192,IND,2990984,23
401585192,IND,4395712,23
401585192,IND,4683634,25
401585192,IND,3999,1
401585192,IND,4278355,13
401585192,IND,4432170,8
401585192,IND,5106060,26
401585192,IND,4277883,17
401585192,IND,4432827,12
401585192,IND,2530530,19
401585192,IND,4433076,25
401585192,IND,4433254,12
401585192,UTAH,3899664,24
401585192,UTAH,3908845,20
401585192,UTAH,4066336,28
401585192,UTAH,2991139,21
401585192,UTAH,4277811,24
401585192,UTAH,2489663,17
401585192,UTAH,4423309,3
401585192,UTAH,3074213,3
401585192,UTAH,4433136,25
401585192,UTAH,2528426,27
401585192,UTAH,4397018,24
401585192,UTAH,4433627,24
401585192,UTAH,4396991,0
401585193,OKC,4433255,31
401585193,OKC,4278073,34
401585193,OKC,4397020,29
401585193,OKC,4593803,35
401585193,OKC,4871145,22
401585193,OKC,4432823,6
401585193,OKC,4997526,12
401585193,OKC,3102532,15
401585193,OKC,3133626,17
401585193,OKC,4395702,20
401585193,OKC,4683692,20
401585193,OKC,4278046,0
401585193,OKC,6426,0
401585193,OKC,4397183,0
401585193,OKC,4432819,0
401585193,LAL,1966,39
401585193,LAL,6583,38
401585193,LAL,2990962,31
401585193,LAL,3136776,36
401585193,LAL,4066457,33
401585193,LAL,3058254,14
401585193,LAL,4066648,20
401585193,LAL,4278077,18
401585193,LAL,4432582,11
401585193,LAL,4397077,0
401585193,LAL,4066269,0
401585193,LAL,3906786,0
401585194,DEN,3064290,39
401585194,DEN,4278104,34
401585194,DEN,3112335,38
401585194,DEN,2581018,33
401585194,DEN,3936299,38
401585194,DEN,3442,10
401585194,DEN,6443,20
401585194,DEN,4431767,18
401585194,DEN,4576087,11
401585194,DEN,2284101,0
401585194,DEN,4066240,0
401585194,DEN,4431690,0
401585194,DEN,4065731,0
401585194,DEN,4278585,0
401585194,DEN,4398390,0
401585194,PHI,3416,35
401585194,PHI,6440,38
401585194,PHI,3059318,39
401585194,PHI,3133603,27
401585194,PHI,4431678,43
401585194,PHI,6462,19
401585194,PHI,4278562,9
401585194,PHI,3964,27
401585194,PHI,3929325,4
401585194,PHI,4431828,0
401585194,PHI,2991155,0
401585194,PHI,4683940,0
401585194,PHI,4701234,0
401585195,SAC,6578,34
401585195,SAC,3155942,39
401585195,SAC,4594327,35
401585195,SAC,4066259,37
401585195,SAC,4066372,26
401585195,SAC,3136196,14
401585195,SAC,3893014,18
401585195,SAC,2596107,8
401585195,SAC,4066262,29
401585195,SAC,4397693,0
401585195,SAC,4401416,0
401585195,SAC,3452,0
401585195,SAC,4592402,0
401585195,SAC,4278053,0
401585195,SAC,4702177,0
401585195,PHX,3202,39
401585195,PHX,3102530,27
401585195,PHX,6580,38
401585195,PHX,3135045,37
401585195,PHX,3136193,38
401585195,PHX,3914283,10
401585195,PHX,3914285,10
401585195,PHX,3431,24
401585195,PHX,4065663,16
401585195,PHX,3133838,0
401585195,PHX,3136779,0
401585195,PHX,4395652,0
401585195,PHX,4066299,0
401585195,PHX,4278402,0
401585196,OKC,4433255,33
401585196,OKC,4278073,34
401585196,OKC,4397020,33
401585196,OKC,4593803,33
401585196,OKC,4871145,19
401585196,OKC,4278046,1
401585196,OKC,4997526,4
401585196,OKC,3102532,11
401585196,OKC,3133626,16
401585196,OKC,4395702,23
401585196,OKC,4397183,17
401585196,OKC,4683692,15
401585196,OKC,4432823,0
401585196,OKC,6426,0
401585196,OKC,4432819,0
401585196,LAC,4251,34
401585196,LAC,6450,37
401585196,LAC,2488653,28
401585196,LAC,3992,41
401585196,LAC,3907823,24
401585196,LAC,2451037,20
401585196,LAC,3468,22
401585196,LAC,2595516,19
401585196,LAC,4066387,16
401585196,LAC,3033,0
401585196,LAC,4432162,0
401585196,LAC,4592492,0
401585197,MIN,4431671,30
401585197,MIN,3032976,38
401585197,MIN,3136195,31
401585197,MIN,3195,29
401585197,MIN,4594268,33
401585197,MIN,2993874,22
401585197,MIN,4278508,1
401585197,MIN,4396971,23
401585197,MIN,3915195,1
401585197,MIN,3134916,8
401585197,MIN,4278039,23
401585197,MIN,4592187,0
401585197,MIN,4277951,0
401585197,DET,3593,32
401585197,DET,4432810,25
401585197,DET,4433621,31
401585197,DET,4433218,36
401585197,DET,4683024,26
401585197,DET,4278075,21
401585197,DET,2490089,15
401585197,DET,6429,20
401585197,DET,4432107,12
401585197,DET,4684742,22
401585197,DET,3428,0
401585197,DET,2528794,0
401585197,DET,4432808,0
401585197,DET,4279532,0
401585198,ORL,4278052,30
401585198,ORL,4432573,38
401585198,ORL,4433623,14
401585198,ORL,4348700,24
401585198,ORL,4432165,28
401585198,ORL,2968436,20
401585198,ORL,4065654,10
401585198,ORL,4277847,24
401585198,ORL,4066636,30
401585198,ORL,4432809,22
401585198,ORL,4712849,0
401585198,ORL,3150844,0
401585198,ORL,4409222,0
401585198,ATL,4701230,38
401585198,ATL,3102529,27
401585198,ATL,3907497,36
401585198,ATL,4277905,39
401585198,ATL,4397136,35
401585198,ATL,4431680,27
401585198,ATL,3037789,24
401585198,ATL,3913180,13
401585198,ATL,4277952,0
401585198,ATL,4432585,0
401585198,ATL,4004,0
401585198,ATL,4065656,0
401585198,ATL,4431775,0
401585199,SA,4592479,18
401585199,SA,4610139,31
401585199,SA,5104157,27
401585199,SA,4395626,27
401585199,SA,4395630,32
401585199,SA,2528588,12
401585199,SA,3947156,5
401585199,SA,4278580,5
401585199,SA,4395723,23
401585199,SA,4565201,16
401585199,SA,4870562,21
401585199,SA,3893016,12
401585199,SA,3133601,5
401585199,SA,4683935,7
401585199,BOS,4065648,32
401585199,BOS,3213,25
401585199,BOS,3064560,30
401585199,BOS,3995,31
401585199,BOS,3917376,31
401585199,BOS,4065804,20
401585199,BOS,4066405,5
401585199,BOS,4397885,4
401585199,BOS,4278031,13
401585199,BOS,4397424,12
401585199,BOS,3133602,4
401585199,BOS,4066354,27
401585199,BOS,4576085,3
401585199,BOS,4683689,3
401585200,MIL,6609,20
401585200,MIL,3448,25
401585200,MIL,3907822,22
401585200,MIL,6606,25
401585200,MIL,4432190,23
401585200,MIL,6581,19
401585200,MIL,3064482,21
401585200,MIL,3102533,6
401585200,MIL,4432179,23
401585200,MIL,4433622,9
401585200,MIL,3447,7
401585200,MIL,3064230,13
401585200,MIL,2578239,14
401585200,MIL,4397475,13
401585200,CLE,3912848,21
401585200,CLE,4432822,26
401585200,CLE,4066328,26
401585200,CLE,3908809,26
401585200,CLE,4065778,22
401585200,CLE,2990969,27
401585200,CLE,6474,20
401585200,CLE,3064559,10
401585200,CLE,2991043,22
401585200,CLE,4066757,22
401585200,CLE,4701233,20
401585200,CLE,4065733,0
401585201,HOU,3155526,40
401585201,HOU,4432639,31
401585201,HOU,4871144,40
401585201,HOU,2991230,41
401585201,HOU,4437244,29
401585201,HOU,3209,21
401585201,HOU,3136777,14
401585201,HOU,5105592,9
401585201,HOU,3922230,4
401585201,HOU,4684740,10
401585201,HOU,4376,0
401585201,HOU,3146557,0
401585201,HOU,4397821,0
401585201,NY,3064514,34
401585201,NY,3934719,43
401585201,NY,4222252,41
401585201,NY,3934672,37
401585201,NY,3934673,19
401585201,NY,4431679,6
401585201,NY,4066668,1
401585201,NY,2991047,1
401585201,NY,3062679,30
401585201,NY,4397014,17
401585201,NY,4431823,11
401585201,NY,4277922,0
401585201,NY,6588,0
401585202,MIA,6430,31
401585202,MIA,4997528,21
401585202,MIA,4066261,36
401585202,MIA,3012,29
401585202,MIA,4395725,32
401585202,MIA,3138160,26
401585202,MIA,3157465,21
401585202,MIA,4291678,12
401585202,MIA,4397134,2
401585202,MIA,3934723,4
401585202,MIA,4593049,2
401585202,MIA,2581190,23
401585202,TOR,4395625,36
401585202,TOR,4433134,34
401585202,TOR,4278103,18
401585202,TOR,4277843,31
401585202,TOR,4395724,30
401585202,TOR,3244,28
401585202,TOR,3948153,18
401585202,TOR,4066731,2
401585202,TOR,4023,2
401585202,TOR,3032979,27
401585202,TOR,4397511,2
401585202,TOR,5106258,12
401585203,CHA,4066383,35
401585203,CHA,3138161,28
401585203,CHA,4278076,31
401585203,CHA,3074752,32
401585203,CHA,4432816,31
401585203,CHA,4278078,24
401585203,CHA,4395650,4
401585203,CHA,4702233,7
401585203,CHA,4397371,13
401585203,CHA,4305,11
401585203,CHA,4230547,4
401585203,CHA,4431712,4
401585203,CHA,4683686,17
401585203,NO,3913176,34
401585203,NO,4277813,24
401585203,NO,4395628,27
401585203,NO,6477,25
401585203,NO,2490149,29
401585203,NO,2580365,19
401585203,NO,4278594,17
401585203,NO,4397688,24
401585203,NO,2579258,3
401585203,NO,4277869,3
401585203,NO,4683750,24
401585203,NO,4869342,13
401585205,DAL,3936099,27
401585205,DAL,4683688,28
401585205,DAL,6442,32
401585205,DAL,2528210,28
401585205,DAL,3945274,36
401585205,DAL,2531367,7
401585205,DAL,2960236,21
401585205,DAL,4066218,26
401585205,DAL,2326307,5
401585205,DAL,4067017,5
401585205,DAL,4397040,5
401585205,DAL,4868423,20
401585205,DAL,6461,0
401585205,DAL,2993370,0
401585205,LAL,1966,33
401585205,LAL,6583,33
401585205,LAL,2990962,21
401585205,LAL,3136776,36
401585205,LAL,4066457,30
401585205,LAL,3058254,17
401585205,LAL,4066648,22
401585205,LAL,4278077,26
401585205,LAL,4397077,5
401585205,LAL,4066269,5
401585205,LAL,4432582,14
401585205,LAL,4395627,0
401585206,BKN,2578185,32
401585206,BKN,3138196,27
401585206,BKN,4278067,32
401585206,BKN,2580782,32
401585206,BKN,3147657,34
401585206,BKN,2583632,20
401585206,BKN,4431675,8
401585206,BKN,4065697,14
401585206,BKN,4277890,19
401585206,BKN,4432174,22
401585206,BKN,4065649,0
401585206,BKN,4432194,0
401585206,POR,2991070,36
401585206,POR,4432446,30
401585206,POR,4066268,25
401585206,POR,2566769,30
401585206,POR,4351851,39
401585206,POR,4431736,20
401585206,POR,4594326,3
401585206,POR,4871140,13
401585206,POR,3907498,21
401585206,POR,4683678,23
401585206,POR,4278111,0
401585206,POR,4278129,0
401585206,POR,5099752,0
401585207,WSH,3134907,39
401585207,WSH,4277848,39
401585207,WSH,4683021,26
401585207,WSH,3135046,37
401585207,WSH,4277956,34
401585207,WSH,4280151,17
401585207,WSH,4432588,0
401585207,WSH,3064447,11
401585207,WSH,3914044,14
401585207,WSH,4433246,6
401585207,WSH,5104155,17
401585207,WSH,2581184,0
401585207,WSH,4277957,0
401585207,WSH,4080610,0
401585207,WSH,4397127,0
401585207,WSH,4432356,0
401585207,NY,3064514,39
401585207,NY,3934719,43
401585207,NY,4222252,39
401585207,NY,3934672,40
401585207,NY,3934673,38
401585207,NY,4431679,9
401585207,NY,4598307,0
401585207,NY,6588,6
401585207,NY,3913220,0
401585207,NY,4397014,19
401585207,NY,4431823,8
401585207,NY,4684737,0
401585207,NY,4277922,0
401585207,NY,4066668,0
401585207,NY,2991047,0
401585208,CHI,6478,35
401585208,CHI,3978,38
401585208,CHI,2991350,28
401585208,CHI,3064440,24
401585208,CHI,4395651,35
401585208,CHI,4431687,23
401585208,CHI,6585,10
401585208,CHI,3133635,3
401585208,CHI,4397002,32
401585208,CHI,4433159,12
401585208,CHI,4279815,0
401585208,CHI,2528693,0
401585208,TOR,4395625,35
401585208,TOR,4433134,37
401585208,TOR,4278103,20
401585208,TOR,4277843,30
401585208,TOR,4395724,35
401585208,TOR,3244,15
401585208,TOR,3948153,18
401585208,TOR,3032979,26
401585208,TOR,4065670,25
401585208,TOR,4066731,0
401585208,TOR,4277883,0
401585208,TOR,4023,0
401585208,TOR,4395698,0
401585208,TOR,4397511,0
401585208,TOR,5106258,0
401585209,OKC,4433255,32
401585209,OKC,4278073,35
401585209,OKC,4593803,37
401585209,OKC,4683692,32
401585209,OKC,4871145,30
401585209,OKC,4066317,3
401585209,OKC,4432823,11
401585209,OKC,3102532,9
401585209,OKC,3133626,17
401585209,OKC,4395702,12
401585209,OKC,4397183,22
401585209,OKC,4278046,0
401585209,OKC,4683018,0
401585209,OKC,6426,0
401585209,OKC,4432819,0
401585209,UTAH,3899664,29
401585209,UTAH,3908845,24
401585209,UTAH,4066336,36
401585209,UTAH,2991139,13
401585209,UTAH,4277811,34
401585209,UTAH,2489663,17
401585209,UTAH,4433136,24
401585209,UTAH,2528426,35
401585209,UTAH,4397018,14
401585209,UTAH,4433627,14
401585209,UTAH,4423309,0
401585209,UTAH,4684806,0
401585209,UTAH,5105839,0
401585209,UTAH,4396991,0
401585209,UTAH,3074213,0
401585210,MEM,4277961,27
401585210,MEM,4277964,36
401585210,MEM,3134932,27
401585210,MEM,3913174,31
401585210,MEM,4397227,35
401585210,MEM,4433137,12
401585210,MEM,4593041,23
401585210,MEM,4593125,25
401585210,MEM,5105550,10
401585210,MEM,4278378,13
401585210,MEM,4592691,0
401585210,MEM,3456,0
401585210,MIN,4431671,36
401585210,MIN,3032976,39
401585210,MIN,3136195,29
401585210,MIN,3195,30
401585210,MIN,4594268,34
401585210,MIN,2993874,15
401585210,MIN,4592187,1
401585210,MIN,4277951,1
401585210,MIN,4396971,24
401585210,MIN,3134916,7
401585210,MIN,4278039,25
401585210,MIN,4278508,0
401585210,MIN,3915195,0
401585211,IND,4397189,25
401585211,IND,3133628,32
401585211,IND,2530530,33
401585211,IND,2990984,36
401585211,IND,4683634,37
401585211,IND,4278355,24
401585211,IND,4432170,5
401585211,IND,5106060,20
401585211,IND,4433076,28
401585211,IND,4432827,0
401585211,IND,4433254,0
401585211,SAC,6578,22
401585211,SAC,3155942,38
401585211,SAC,4594327,38
401585211,SAC,4066259,40
401585211,SAC,4066372,39
401585211,SAC,3136196,19
401585211,SAC,3893014,11
401585211,SAC,2596107,5
401585211,SAC,4066262,26
401585211,SAC,4702177,2
401585211,SAC,4397693,0
401585211,SAC,4401416,0
401585211,SAC,3452,0
401585211,SAC,4592402,0
401585211,SAC,4278053,0
401585212,SA,4066650,26
401585212,SA,4592479,19
401585212,SA,4610139,34
401585212,SA,4395626,32
401585212,SA,4395630,36
401585212,SA,2528588,9
401585212,SA,4395723,29
401585212,SA,4565201,8
401585212,SA,4870562,19
401585212,SA,3893016,13
401585212,SA,4683935,15
401585212,SA,3947156,0
401585212,SA,4278580,0
401585212,SA,3133601,0
401585212,CHA,4066383,39
401585212,CHA,4278078,28
401585212,CHA,4433287,35
401585212,CHA,3074752,34
401585212,CHA,4432816,32
401585212,CHA,4702233,9
401585212,CHA,3138161,25
401585212,CHA,4397371,20
401585212,CHA,4683686,18
401585212,CHA,4395650,0
401585212,CHA,4305,0
401585212,CHA,4230547,0
401585212,CHA,4431712,0
401585213,PHI,3416,20
401585213,PHI,6440,35
401585213,PHI,3059318,31
401585213,PHI,3133603,32
401585213,PHI,4431678,34
401585213,PHI,6462,26
401585213,PHI,4278562,15
401585213,PHI,4431828,2
401585213,PHI,2991155,11
401585213,PHI,3964,28
401585213,PHI,3929325,2
401585213,PHI,4683940,2
401585213,PHI,4701234,2
401585213,ORL,4278052,20
401585213,ORL,4432573,32
401585213,ORL,4433623,15
401585213,ORL,4348700,16
401585213,ORL,4432165,25
401585213,ORL,2968436,22
401585213,ORL,4065654,13
401585213,ORL,3150844,6
401585213,ORL,4277847,26
401585213,ORL,4409222,3
401585213,ORL,4066636,22
401585213,ORL,4067858,3
401585213,ORL,4432809,21
401585213,ORL,4712849,13
401585213,ORL,5105806,3
401585214,DEN,3064290,42
401585214,DEN,4278104,37
401585214,DEN,3112335,38
401585214,DEN,2581018,37
401585214,DEN,3936299,37
401585214,DEN,2284101,3
401585214,DEN,6443,21
401585214,DEN,4431767,5
401585214,DEN,4576087,21
401585214,DEN,4066240,0
401585214,DEN,4395620,0
401585214,DEN,4431690,0
401585214,DEN,3442,0
401585214,DEN,4065731,0
401585214,DEN,4278585,0
401585214,BOS,4065648,39
401585214,BOS,3102531,36
401585214,BOS,3995,30
401585214,BOS,3078576,36
401585214,BOS,3917376,36
401585214,BOS,4065804,16
401585214,BOS,3213,27
401585214,BOS,3064560,8
401585214,BOS,4066354,12
401585214,BOS,4066405,0
401585214,BOS,4397885,0
401585214,BOS,4278031,0
401585214,BOS,4397424,0
401585214,BOS,3133602,0
401585215,ATL,4701230,34
401585215,ATL,3102529,22
401585215,ATL,3037789,35
401585215,ATL,3907497,40
401585215,ATL,4397136,36
401585215,ATL,4431680,26
401585215,ATL,4004,18
401585215,ATL,3913180,20
401585215,ATL,4065656,10
401585215,ATL,4277952,0
401585215,ATL,4432585,0
401585215,ATL,4431775,0
401585215,MIA,6430,36
401585215,MIA,3138160,27
401585215,MIA,4997528,15
401585215,MIA,4066261,39
401585215,MIA,4395725,35
401585215,MIA,3449,12
401585215,MIA,3157465,22
401585215,MIA,4291678,10
401585215,MIA,2581190,21
401585215,MIA,3012,24
401585215,MIA,4397134,0
401585215,MIA,3934723,0
401585215,MIA,4593049,0
401585216,PHX,3202,35
401585216,PHX,3102530,35
401585216,PHX,6580,31
401585216,PHX,3135045,32
401585216,PHX,3136193,37
401585216,PHX,3914283,14
401585216,PHX,3136779,5
401585216,PHX,4395652,4
401585216,PHX,4066299,12
401585216,PHX,3431,26
401585216,PHX,4065663,6
401585216,PHX,4278402,4
401585216,PHX,3914285,0
401585216,PHX,3133838,0
401585216,NO,3913176,33
401585216,NO,4277813,23
401585216,NO,4395628,33
401585216,NO,6477,26
401585216,NO,2490149,31
401585216,NO,2580365,18
401585216,NO,4278594,13
401585216,NO,4397688,24
401585216,NO,2579258,4
401585216,NO,4277869,7
401585216,NO,4683750,17
401585216,NO,4869342,11
401585218,IND,3149673,34
401585218,IND,3133628,34
401585218,IND,2990984,36
401585218,IND,4396909,28
401585218,IND,4396993,35
401585218,IND,4278355,11
401585218,IND,4397189,14
401585218,IND,2530530,13
401585218,IND,4433076,10
401585218,IND,4683634,23
401585218,IND,5106060,0
401585218,IND,4432827,0
401585218,IND,4431727,0
401585218,IND,4433254,0
401585218,POR,2991070,43
401585218,POR,4432446,41
401585218,POR,4278129,30
401585218,POR,2566769,37
401585218,POR,3907498,28
401585218,POR,4278111,2
401585218,POR,4431736,19
401585218,POR,4594326,14
401585218,POR,4066268,18
401585218,POR,4683678,8
401585218,POR,4871140,0
401585218,POR,5099752,0
401585219,BKN,2578185,28
401585219,BKN,3138196,23
401585219,BKN,4278067,33
401585219,BKN,2580782,33
401585219,BKN,3147657,35
401585219,BKN,4065649,5
401585219,BKN,2583632,17
401585219,BKN,4431675,4
401585219,BKN,4065697,17
401585219,BKN,4277890,13
401585219,BKN,4432174,32
401585219,BKN,4432194,0
401585219,LAL,1966,34
401585219,LAL,6583,35
401585219,LAL,2990962,29
401585219,LAL,3136776,35
401585219,LAL,4066457,33
401585219,LAL,3058254,11
401585219,LAL,4066648,15
401585219,LAL,4278077,19
401585219,LAL,4684286,3
401585219,LAL,4397077,3
401585219,LAL,4432582,19
401585219,LAL,4433626,3
401585220,MIL,6609,33
401585220,MIL,3032977,38
401585220,MIL,3448,37
401585220,MIL,3907822,34
401585220,MIL,6606,37
401585220,MIL,6581,14
401585220,MIL,3064482,17
401585220,MIL,2578239,14
401585220,MIL,4432190,15
401585220,MIL,3102533,0
401585220,MIL,4432179,0
401585220,MIL,3447,0
401585220,MIL,3064230,0
401585220,MIL,4397475,0
401585220,DET,4278075,16
401585220,DET,3593,32
401585220,DET,4433621,30
401585220,DET,4433218,33
401585220,DET,4683024,18
401585220,DET,3428,16
401585220,DET,2490089,14
401585220,DET,4432808,5
401585220,DET,6429,30
401585220,DET,4432107,16
401585220,DET,4684742,32
401585220,DET,2528794,0
401585220,DET,4432810,0
401585221,PHI,3416,29
401585221,PHI,6440,36
401585221,PHI,3059318,37
401585221,PHI,3133603,27
401585221,PHI,4431678,42
401585221,PHI,6462,14
401585221,PHI,4278562,11
401585221,PHI,2991155,27
401585221,PHI,3929325,16
401585221,PHI,4683940,0
401585221,PHI,4701234,0
401585221,PHI,4431828,0
401585221,CHA,4066383,40
401585221,CHA,4278078,26
401585221,CHA,4433287,35
401585221,CHA,3138161,29
401585221,CHA,3074752,36
401585221,CHA,4702233,22
401585221,CHA,4397371,18
401585221,CHA,4305,19
401585221,CHA,4576086,2
401585221,CHA,4683686,15
401585221,CHA,4395650,0
401585221,CHA,4230547,0
401585221,CHA,4431712,0
401585222,SA,4592479,23
401585222,SA,4610139,28
401585222,SA,5104157,28
401585222,SA,4395626,32
401585222,SA,4395630,34
401585222,SA,2528588,10
401585222,SA,4066650,20
401585222,SA,4395723,28
401585222,SA,4565201,4
401585222,SA,3893016,17
401585222,SA,4683935,15
401585222,SA,3947156,0
401585222,SA,4278580,0
401585222,SA,4870562,0
401585222,SA,3133601,0
401585222,WSH,3134907,29
401585222,WSH,4277848,36
401585222,WSH,4683021,32
401585222,WSH,3135046,28
401585222,WSH,4277956,29
401585222,WSH,4280151,25
401585222,WSH,3064447,20
401585222,WSH,3914044,6
401585222,WSH,4433246,12
401585222,WSH,5104155,23
401585222,WSH,2581184,0
401585222,WSH,4277957,0
401585222,WSH,4395623,0
401585222,WSH,4395695,0
401585222,WSH,4397127,0
401585223,CLE,3912848,26
401585223,CLE,4432822,33
401585223,CLE,4066328,33
401585223,CLE,3908809,36
401585223,CLE,4065778,20
401585223,CLE,2990969,21
401585223,CLE,4397233,3
401585223,CLE,6474,14
401585223,CLE,3064559,3
401585223,CLE,4066757,30
401585223,CLE,4701233,21
401585223,CLE,2991043,0
401585223,ATL,4701230,34
401585223,ATL,3102529,22
401585223,ATL,3907497,35
401585223,ATL,4277905,28
401585223,ATL,4397136,30
401585223,ATL,4277952,3
401585223,ATL,4431680,23
401585223,ATL,4432585,3
401585223,ATL,4004,10
401585223,ATL,3037789,28
401585223,ATL,3913180,14
401585223,ATL,4065656,6
401585223,ATL,4431775,3
401585224,TOR,4395625,29
401585224,TOR,4433134,33
401585224,TOR,4278103,21
401585224,TOR,4277843,26
401585224,TOR,4395724,31
401585224,TOR,3244,15
401585224,TOR,3948153,12
401585224,TOR,4066731,4
401585224,TOR,4277883,4
401585224,TOR,4023,4
401585224,TOR,3032979,23
401585224,TOR,4065670,22
401585224,TOR,5106258,16
401585224,TOR,2594922,0
401585224,NY,3064514,32
401585224,NY,3934719,37
401585224,NY,4222252,23
401585224,NY,3934672,35
401585224,NY,3934673,20
401585224,NY,4431679,25
401585224,NY,4277922,3
401585224,NY,4066668,3
401585224,NY,2991047,3
401585224,NY,3062679,26
401585224,NY,4397014,20
401585224,NY,4431823,13
401585224,NY,6588,0
401585225,MEM,4277961,33
401585225,MEM,4593125,28
401585225,MEM,3134932,27
401585225,MEM,3913174,30
401585225,MEM,4397227,30
401585225,MEM,4433137,22
401585225,MEM,4593041,32
401585225,MEM,5105550,19
401585225,MEM,4278378,16
401585225,MEM,4431785,5
401585225,MEM,4277964,0
401585225,MEM,4592691,0
401585225,CHI,4431687,27
401585225,CHI,6478,25
401585225,CHI,3978,37
401585225,CHI,2991350,25
401585225,CHI,4395651,36
401585225,CHI,4279815,4
401585225,CHI,5105553,4
401585225,CHI,6585,19
401585225,CHI,3133635,17
401585225,CHI,4397002,28
401585225,CHI,4433159,18
401585225,CHI,2528693,0
401585226,UTAH,3899664,29
401585226,UTAH,3908845,20
401585226,UTAH,4066336,39
401585226,UTAH,2991139,27
401585226,UTAH,4277811,40
401585226,UTAH,2489663,16
401585226,UTAH,4433136,32
401585226,UTAH,2528426,39
401585226,UTAH,4397018,13
401585226,UTAH,4433627,10
401585226,UTAH,4423309,0
401585226,UTAH,4396991,0
401585226,UTAH,3074213,0
401585226,HOU,3155526,35
401585226,HOU,4432639,41
401585226,HOU,4871144,42
401585226,HOU,2991230,34
401585226,HOU,4437244,28
401585226,HOU,3209,16
401585226,HOU,3136777,14
401585226,HOU,5105592,27
401585226,HOU,3922230,9
401585226,HOU,4684740,18
401585226,HOU,4376,0
401585226,HOU,3146557,0
401585226,HOU,4397821,0
401585227,OKC,4433255,33
401585227,OKC,4278073,37
401585227,OKC,4397020,33
401585227,OKC,4593803,36
401585227,OKC,4871145,25
401585227,OKC,4432823,12
401585227,OKC,3102532,8
401585227,OKC,3133626,10
401585227,OKC,4395702,22
401585227,OKC,4397183,12
401585227,OKC,4683692,13
401585227,OKC,4066317,0
401585227,OKC,4278046,0
401585227,OKC,6426,0
401585227,OKC,4432819,0
401585227,MIN,4431671,27
401585227,MIN,3032976,33
401585227,MIN,3136195,36
401585227,MIN,3195,29
401585227,MIN,4594268,38
401585227,MIN,2993874,19
401585227,MIN,4396971,26
401585227,MIN,3134916,13
401585227,MIN,4278039,19
401585227,MIN,4278508,0
401585227,MIN,4592187,0
401585227,MIN,3915195,0
401585227,MIN,4432176,0
401585228,BKN,2578185,27
401585228,BKN,3138196,29
401585228,BKN,4278067,31
401585228,BKN,2580782,33
401585228,BKN,3147657,38
401585228,BKN,2583632,15
401585228,BKN,4431675,12
401585228,BKN,4065697,18
401585228,BKN,4277890,10
401585228,BKN,4432174,27
401585228,BKN,4065649,0
401585228,BKN,4432194,0
401585228,LAC,4251,36
401585228,LAC,6450,37
401585228,LAC,2488653,15
401585228,LAC,3992,38
401585228,LAC,3907823,26
401585228,LAC,2451037,17
401585228,LAC,3468,31
401585228,LAC,2595516,24
401585228,LAC,4066387,15
401585228,LAC,3033,0
401585228,LAC,4431752,0
401585228,LAC,4432162,0
401585228,LAC,4592492,0
401585229,MIA,6430,29
401585229,MIA,3138160,31
401585229,MIA,4997528,15
401585229,MIA,4066261,34
401585229,MIA,4395725,33
401585229,MIA,3449,14
401585229,MIA,3157465,21
401585229,MIA,4291678,25
401585229,MIA,4593049,3
401585229,MIA,2581190,9
401585229,MIA,3012,25
401585229,MIA,3934723,0
401585229,ORL,4432573,31
401585229,ORL,4566434,28
401585229,ORL,4277847,34
401585229,ORL,4066636,29
401585229,ORL,4432165,29
401585229,ORL,2968436,17
401585229,ORL,4065654,14
401585229,ORL,4278052,3
401585229,ORL,4433623,8
401585229,ORL,3150844,11
401585229,ORL,4409222,3
401585229,ORL,4432809,16
401585229,ORL,4712849,14
401585229,ORL,5105806,3
401585229,ORL,4348700,0
401585230,DEN,3064290,31
401585230,DEN,4278104,32
401585230,DEN,3112335,36
401585230,DEN,2581018,35
401585230,DEN,3936299,39
401585230,DEN,4431690,5
401585230,DEN,3442,7
401585230,DEN,6443,21
401585230,DEN,4431767,21
401585230,DEN,4576087,13
401585230,DEN,2284101,0
401585230,DEN,4395620,0
401585230,DEN,4065731,0
401585230,DEN,4398390,0
401585230,WSH,3134907,33
401585230,WSH,4278049,30
401585230,WSH,4683021,18
401585230,WSH,3135046,31
401585230,WSH,4277956,28
401585230,WSH,4277848,18
401585230,WSH,4280151,18
401585230,WSH,3064447,17
401585230,WSH,3914044,16
401585230,WSH,5104155,31
401585230,WSH,2581184,0
401585230,WSH,4066410,0
401585230,WSH,4277957,0
401585230,WSH,4395623,0
401585230,WSH,4433246,0
401585231,BOS,4065648,35
401585231,BOS,4065804,31
401585231,BOS,3102531,33
401585231,BOS,3078576,36
401585231,BOS,3917376,31
401585231,BOS,4278031,18
401585231,BOS,3064560,23
401585231,BOS,4397424,3
401585231,BOS,4066354,30
401585231,BOS,4066405,0
401585231,BOS,4397885,0
401585231,BOS,3133602,0
401585231,BOS,4683689,0
401585231,HOU,3155526,40
401585231,HOU,5105592,27
401585231,HOU,4871144,36
401585231,HOU,4437244,32
401585231,HOU,4684740,32
401585231,HOU,3136777,15
401585231,HOU,3146557,11
401585231,HOU,3922230,27
401585231,HOU,4397821,19
401585231,HOU,4278588,0
401585231,HOU,4376,0
401585231,HOU,4396629,0
401585232,IND,3149673,30
401585232,IND,3133628,19
401585232,IND,2530530,12
401585232,IND,2990984,31
401585232,IND,4396909,26
401585232,IND,4278355,26
401585232,IND,4397189,19
401585232,IND,5106060,18
401585232,IND,4395712,25
401585232,IND,4433076,20
401585232,IND,4683634,14
401585232,IND,3999,0
401585232,IND,4432827,0
401585232,IND,4431727,0
401585232,IND,4433254,0
401585232,PHX,3202,40
401585232,PHX,3102530,19
401585232,PHX,6580,38
401585232,PHX,3135045,32
401585232,PHX,3136193,36
401585232,PHX,3914283,7
401585232,PHX,3914285,11
401585232,PHX,3136779,12
401585232,PHX,3431,30
401585232,PHX,4065663,15
401585232,PHX,3133838,0
401585232,PHX,4395652,0
401585232,PHX,4278402,0
401585233,POR,2991070,33
401585233,POR,4432446,22
401585233,POR,4278129,22
401585233,POR,2566769,33
401585233,POR,4351851,30
401585233,POR,4431736,23
401585233,POR,4594326,6
401585233,POR,4066268,22
401585233,POR,4871140,3
401585233,POR,3907498,12
401585233,POR,4066808,4
401585233,POR,4683678,23
401585233,POR,5099752,6
401585233,LAL,1966,31
401585233,LAL,6583,26
401585233,LAL,4066648,23
401585233,LAL,3136776,34
401585233,LAL,4066457,26
401585233,LAL,3058254,18
401585233,LAL,4278077,21
401585233,LAL,4684286,4
401585233,LAL,4395627,21
401585233,LAL,4397077,4
401585233,LAL,4397204,4
401585233,LAL,4432582,22
401585233,LAL,4433626,6
401585234,MIL,6609,31
401585234,MIL,3032977,36
401585234,MIL,3448,35
401585234,MIL,3907822,35
401585234,MIL,6606,37
401585234,MIL,6581,12
401585234,MIL,3064482,25
401585234,MIL,2578239,9
401585234,MIL,4432190,20
401585234,MIL,3102533,0
401585234,MIL,4432179,0
401585234,MIL,3447,0
401585234,MIL,3064230,0
401585234,MIL,4397475,0
401585234,DET,4278075,9
401585234,DET,3593,23
401585234,DET,4433621,33
401585234,DET,4433218,32
401585234,DET,4683024,16
401585234,DET,3428,10
401585234,DET,2490089,16
401585234,DET,4432810,28
401585234,DET,6429,28
401585234,DET,4432107,26
401585234,DET,4684742,19
401585234,DET,2528794,0
401585234,DET,4432808,0
401585235,CLE,3912848,24
401585235,CLE,4432822,20
401585235,CLE,4066328,27
401585235,CLE,3908809,30
401585235,CLE,4065778,27
401585235,CLE,2990969,28
401585235,CLE,6474,21
401585235,CLE,3064559,9
401585235,CLE,4066757,31
401585235,CLE,4701233,22
401585235,CLE,2991043,0
401585235,CLE,4065733,0
401585235,ORL,4432573,29
401585235,ORL,4566434,24
401585235,ORL,4277847,27
401585235,ORL,4432165,26
401585235,ORL,4712849,18
401585235,ORL,2968436,15
401585235,ORL,4278052,21
401585235,ORL,4433623,24
401585235,ORL,3918423,3
401585235,ORL,3150844,18
401585235,ORL,4348700,9
401585235,ORL,4409222,14
401585235,ORL,4432809,13
401585236,SA,4592479,15
401585236,SA,4610139,33
401585236,SA,5104157,28
401585236,SA,4395626,33
401585236,SA,4395630,38
401585236,SA,2528588,22
401585236,SA,4066650,20
401585236,SA,4395723,21
401585236,SA,3893016,11
401585236,SA,4683935,19
401585236,SA,3947156,0
401585236,SA,4278580,0
401585236,SA,4565201,0
401585236,SA,3133601,0
401585236,PHI,3416,33
401585236,PHI,6440,35
401585236,PHI,3059318,37
401585236,PHI,3133603,25
401585236,PHI,4431678,42
401585236,PHI,4278562,14
401585236,PHI,4431828,17
401585236,PHI,2991155,23
401585236,PHI,3929325,13
401585236,PHI,4683940,1
401585236,PHI,4701234,1
401585237,MEM,4277961,32
401585237,MEM,4593125,23
401585237,MEM,3134932,28
401585237,MEM,3913174,35
401585237,MEM,4397227,35
401585237,MEM,4277964,16
401585237,MEM,4433137,14
401585237,MEM,4593041,23
401585237,MEM,5105550,21
401585237,MEM,4278378,13
401585237,MEM,4592691,0
401585237,MEM,3456,0
401585237,TOR,4395625,37
401585237,TOR,4433134,41
401585237,TOR,4278103,6
401585237,TOR,4277843,24
401585237,TOR,4395724,37
401585237,TOR,3244,26
401585237,TOR,3948153,12
401585237,TOR,3032979,22
401585237,TOR,4065670,21
401585237,TOR,5106258,15
401585237,TOR,4066731,0
401585237,TOR,2594922,0
401585237,TOR,4277883,0
401585237,TOR,4023,0
401585237,TOR,4395698,0
401585238,CHA,4066383,40
401585238,CHA,4278078,33
401585238,CHA,4433287,29
401585238,CHA,3074752,35
401585238,CHA,4432816,35
401585238,CHA,4395650,5
401585238,CHA,4702233,16
401585238,CHA,4397371,15
401585238,CHA,4305,11
401585238,CHA,4576086,6
401585238,CHA,4683686,15
401585238,CHA,4230547,0
401585238,CHA,4431712,0
401585238,MIN,4431671,35
401585238,MIN,3032976,39
401585238,MIN,3136195,38
401585238,MIN,4278039,30
401585238,MIN,4594268,37
401585238,MIN,2993874,22
401585238,MIN,4396971,15
401585238,MIN,3915195,15
401585238,MIN,3134916,10
401585238,MIN,4278508,0
401585238,MIN,4592187,0
401585238,MIN,4277951,0
401585238,MIN,4432176,0
401585239,BOS,4065648,41
401585239,BOS,3213,31
401585239,BOS,3995,38
401585239,BOS,3078576,34
401585239,BOS,3917376,37
401585239,BOS,4065804,15
401585239,BOS,3064560,19
401585239,BOS,4066354,25
401585239,BOS,4066405,0
401585239,BOS,4397885,0
401585239,BOS,4397424,0
401585239,BOS,3133602,0
401585239,BOS,4683689,0
401585239,DAL,3936099,25
401585239,DAL,4683688,25
401585239,DAL,6442,36
401585239,DAL,3945274,40
401585239,DAL,4432811,38
401585239,DAL,2960236,26
401585239,DAL,4066218,18
401585239,DAL,2528210,32
401585239,DAL,4868423,2
401585239,DAL,6461,0
401585239,DAL,2531367,0
401585239,DAL,2993370,0
401585239,DAL,4595400,0
401585239,DAL,4067017,0
401585239,DAL,4397040,0
401585240,CHI,4431687,32
401585240,CHI,6478,37
401585240,CHI,3978,40
401585240,CHI,2991350,33
401585240,CHI,4395651,41
401585240,CHI,6585,11
401585240,CHI,3133635,8
401585240,CHI,4397002,30
401585240,CHI,4433159,9
401585240,CHI,4279815,0
401585240,CHI,5105553,0
401585240,CHI,2528693,0
401585240,PHX,3202,41
401585240,PHX,3102530,26
401585240,PHX,6580,38
401585240,PHX,3135045,36
401585240,PHX,3136193,41
401585240,PHX,3914285,22
401585240,PHX,3136779,18
401585240,PHX,4065663,14
401585240,PHX,4278124,6
401585240,PHX,3914283,0
401585240,PHX,3133838,0
401585240,PHX,4395652,0
401585240,PHX,4066299,0
401585240,PHX,4278402,0
401585241,ATL,4701230,38
401585241,ATL,3102529,22
401585241,ATL,3037789,34
401585241,ATL,3907497,40
401585241,ATL,4397136,30
401585241,ATL,4431680,29
401585241,ATL,4004,16
401585241,ATL,3913180,23
401585241,ATL,4065656,8
401585241,ATL,4277952,0
401585241,ATL,4432585,0
401585241,ATL,4431775,0
401585241,SAC,6578,30
401585241,SAC,3155942,38
401585241,SAC,4594327,32
401585241,SAC,4066259,35
401585241,SAC,4066372,26
401585241,SAC,3136196,16
401585241,SAC,3893014,6
401585241,SAC,4401416,0
401585241,SAC,3452,10
401585241,SAC,4066262,25
401585241,SAC,4278053,22
401585241,SAC,2596107,0
401585241,SAC,4592402,0
401585241,SAC,4433378,0
401585241,SAC,4702177,0
401585242,DEN,3064290,32
401585242,DEN,4278104,31
401585242,DEN,3112335,37
401585242,DEN,2581018,35
401585242,DEN,3936299,37
401585242,DEN,3442,11
401585242,DEN,6443,24
401585242,DEN,4431767,15
401585242,DEN,4576087,19
401585242,DEN,2284101,0
401585242,DEN,4395620,0
401585242,DEN,4431690,0
401585242,DEN,4065731,0
401585242,DEN,4398390,0
401585242,IND,3149673,33
401585242,IND,3133628,37
401585242,IND,2990984,22
401585242,IND,4395712,27
401585242,IND,4396909,34
401585242,IND,4278355,17
401585242,IND,4432170,9
401585242,IND,2530530,21
401585242,IND,4433076,12
401585242,IND,4683634,28
401585242,IND,3999,0
401585242,IND,4397189,0
401585242,IND,5106060,0
401585242,IND,4432827,0
401585242,IND,4433254,0
401585243,NY,3064514,37
401585243,NY,3934719,33
401585243,NY,4277922,27
401585243,NY,3934672,36
401585243,NY,3934673,25
401585243,NY,4431679,21
401585243,NY,3062679,28
401585243,NY,4397014,20
401585243,NY,4431823,12
401585243,NY,4066668,0
401585243,NY,6588,0
401585243,NY,2991047,0
401585243,BKN,2578185,37
401585243,BKN,3138196,25
401585243,BKN,4278067,39
401585243,BKN,2580782,19
401585243,BKN,3147657,37
401585243,BKN,2583632,20
401585243,BKN,4065697,29
401585243,BKN,4277890,12
401585243,BKN,4432174,22
401585243,BKN,4065649,0
401585243,BKN,4431675,0
401585243,BKN,4432194,0
401585244,UTAH,3899664,25
401585244,UTAH,3908845,24
401585244,UTAH,4066336,27
401585244,UTAH,2991139,17
401585244,UTAH,4277811,24
401585244,UTAH,2489663,14
401585244,UTAH,4423309,5
401585244,UTAH,4396991,8
401585244,UTAH,4433136,25
401585244,UTAH,2528426,22
401585244,UTAH,4397018,23
401585244,UTAH,4433627,25
401585244,UTAH,3074213,0
401585244,NO,3913176,31
401585244,NO,4277813,26
401585244,NO,4395628,27
401585244,NO,6477,23
401585244,NO,2490149,29
401585244,NO,2580365,20
401585244,NO,4278594,17
401585244,NO,4397688,25
401585244,NO,2579258,5
401585244,NO,4277869,5
401585244,NO,4683750,16
401585244,NO,4869342,17
401585245,POR,2991070,30
401585245,POR,4432446,34
401585245,POR,4278129,27
401585245,POR,2566769,35
401585245,POR,4351851,33
401585245,POR,4431736,14
401585245,POR,4066268,21
401585245,POR,3907498,20
401585245,POR,4683678,26
401585245,POR,4594326,0
401585245,POR,4871140,0
401585245,POR,4066808,0
401585245,POR,5099752,0
401585245,OKC,4433255,32
401585245,OKC,4278073,35
401585245,OKC,4397020,24
401585245,OKC,4593803,32
401585245,OKC,4871145,25
401585245,OKC,4395714,5
401585245,OKC,4432823,15
401585245,OKC,6426,3
401585245,OKC,3102532,7
401585245,OKC,3133626,13
401585245,OKC,4395702,20
401585245,OKC,4397183,17
401585245,OKC,4683692,12
401585245,OKC,4683018,0
401585245,OKC,4432819,0
401585246,LAL,6583,36
401585246,LAL,2990962,33
401585246,LAL,4066648,30
401585246,LAL,3136776,40
401585246,LAL,4066457,34
401585246,LAL,3058254,14
401585246,LAL,4278077,25
401585246,LAL,4684286,1
401585246,LAL,4395627,16
401585246,LAL,4397077,1
401585246,LAL,4432582,10
401585246,LAL,4433626,1
401585246,LAC,4251,30
401585246,LAC,6450,38
401585246,LAC,2488653,19
401585246,LAC,3992,39
401585246,LAC,3907823,23
401585246,LAC,2451037,21
401585246,LAC,3468,18
401585246,LAC,2595516,27
401585246,LAC,4066387,24
401585246,LAC,4431752,1
401585246,LAC,3033,0
401585246,LAC,4432162,0
401585246,LAC,4592492,0
401585247,CHA,4066383,41
401585247,CHA,4433287,39
401585247,CHA,3138161,25
401585247,CHA,4278076,27
401585247,CHA,4432816,32
401585247,CHA,4278078,29
401585247,CHA,4395650,3
401585247,CHA,4397371,7
401585247,CHA,4305,13
401585247,CHA,4230547,9
401585247,CHA,4683686,17
401585247,CHA,4702233,0
401585247,CHA,4431712,0
401585247,CHA,4576086,0
401585247,DET,3593,33
401585247,DET,4432810,34
401585247,DET,4433621,22
401585247,DET,4433218,22
401585247,DET,4683024,27
401585247,DET,4278075,13
401585247,DET,2490089,13
401585247,DET,3059310,11
401585247,DET,6429,26
401585247,DET,4432107,12
401585247,DET,4684742,27
401585247,DET,3428,0
401585247,DET,2528794,0
401585247,DET,4432808,0
401585248,MIN,4431671,30
401585248,MIN,3032976,35
401585248,MIN,3136195,35
401585248,MIN,4278039,31
401585248,MIN,4594268,34
401585248,MIN,2993874,22
401585248,MIN,4592187,1
401585248,MIN,4277951,1
401585248,MIN,4396971,21
401585248,MIN,3915195,19
401585248,MIN,3134916,13
401585248,MIN,4278508,0
401585248,WSH,3134907,35
401585248,WSH,4278049,21
401585248,WSH,4683021,38
401585248,WSH,3135046,32
401585248,WSH,4277956,28
401585248,WSH,2581184,1
401585248,WSH,4277848,26
401585248,WSH,4280151,16
401585248,WSH,4395623,1
401585248,WSH,3064447,9
401585248,WSH,3914044,12
401585248,WSH,4433246,1
401585248,WSH,5104155,20
401585249,MEM,4277961,35
401585249,MEM,4593041,32
401585249,MEM,4278378,24
401585249,MEM,3134932,31
401585249,MEM,4397227,33
401585249,MEM,4277964,18
401585249,MEM,4433137,17
401585249,MEM,5105550,26
401585249,MEM,4431785,24
401585249,MEM,4592691,0
401585249,MEM,4593125,0
401585249,MEM,3456,0
401585249,MIA,6430,35
401585249,MIA,4291678,24
401585249,MIA,4066261,40
401585249,MIA,2581190,18
401585249,MIA,4395725,38
401585249,MIA,3449,5
401585249,MIA,3138160,29
401585249,MIA,3157465,16
401585249,MIA,3934723,7
401585249,MIA,3074752,29
401585249,MIA,4997528,0
401585249,MIA,4593049,0
401585249,MIA,4590530,0
401585251,POR,2991070,43
401585251,POR,4432446,24
401585251,POR,4278129,41
401585251,POR,2566769,41
401585251,POR,4351851,41
401585251,POR,4431736,17
401585251,POR,4066268,12
401585251,POR,3907498,22
401585251,POR,4683678,24
401585251,POR,4594326,0
401585251,POR,4871140,0
401585251,POR,4066808,0
401585251,POR,5099752,0
401585251,HOU,3209,38
401585251,HOU,3155526,32
401585251,HOU,4871144,40
401585251,HOU,2991230,46
401585251,HOU,4437244,39
401585251,HOU,5105592,14
401585251,HOU,4376,0
401585251,HOU,3146557,13
401585251,HOU,3922230,30
401585251,HOU,4684740,14
401585251,HOU,4278588,0
401585251,HOU,4432639,0
401585251,HOU,4396629,0
401585251,HOU,4397821,0
401585252,CLE,3912848,23
401585252,CLE,4432822,24
401585252,CLE,4066328,32
401585252,CLE,3908809,39
401585252,CLE,4065778,34
401585252,CLE,2990969,21
401585252,CLE,4397233,1
401585252,CLE,3064559,10
401585252,CLE,2991043,28
401585252,CLE,4066757,27
401585252,CLE,4701233,1
401585252,CLE,6474,0
401585252,MIL,6609,32
401585252,MIL,3032977,35
401585252,MIL,3448,35
401585252,MIL,3907822,28
401585252,MIL,6606,35
401585252,MIL,6581,18
401585252,MIL,3064482,25
401585252,MIL,3102533,1
401585252,MIL,3447,1
401585252,MIL,4065652,0
401585252,MIL,3064230,13
401585252,MIL,2578239,17
401585252,MIL,4397475,1
401585252,MIL,4432190,1
401585253,PHX,3202,38
401585253,PHX,3102530,21
401585253,PHX,6580,36
401585253,PHX,3135045,34
401585253,PHX,3136193,35
401585253,PHX,3914283,14
401585253,PHX,3914285,9
401585253,PHX,3133838,7
401585253,PHX,3136779,15
401585253,PHX,4395652,4
401585253,PHX,4065663,24
401585253,PHX,4278402,4
401585253,DAL,3936099,24
401585253,DAL,4066218,11
401585253,DAL,4683688,25
401585253,DAL,3945274,39
401585253,DAL,4432811,31
401585253,DAL,2960236,22
401585253,DAL,2993370,5
401585253,DAL,4595400,5
401585253,DAL,2528210,34
401585253,DAL,3102528,19
401585253,DAL,4067017,5
401585253,DAL,4397040,5
401585253,DAL,4868423,15
401585253,DAL,6461,0
401585253,DAL,2326307,0
401585250,OKC,4433255,30
401585250,OKC,4278073,29
401585250,OKC,4397020,25
401585250,OKC,4593803,29
401585250,OKC,4871145,22
401585250,OKC,4395714,5
401585250,OKC,4432823,11
401585250,OKC,4683018,5
401585250,OKC,6426,5
401585250,OKC,3102532,14
401585250,OKC,3133626,10
401585250,OKC,4395702,13
401585250,OKC,4397183,19
401585250,OKC,4683692,23
401585250,SA,4592479,21
401585250,SA,4610139,24
401585250,SA,5104157,28
401585250,SA,4395630,34
401585250,SA,4683935,28
401585250,SA,2528588,17
401585250,SA,4066650,17
401585250,SA,4278580,5
401585250,SA,4395723,19
401585250,SA,4565201,28
401585250,SA,3893016,14
401585250,SA,3133601,5
401585254,ATL,4701230,36
401585254,ATL,3102529,25
401585254,ATL,3037789,33
401585254,ATL,3907497,33
401585254,ATL,4397136,27
401585254,ATL,4431680,25
401585254,ATL,4432585,2
401585254,ATL,4004,22
401585254,ATL,3913180,20
401585254,ATL,4065656,15
401585254,ATL,4431775,3
401585254,GS,3032978,16
401585254,GS,3059319,29
401585254,GS,3155535,10
401585254,GS,3975,31
401585254,GS,6475,30
401585254,GS,6589,23
401585254,GS,4431684,15
401585254,GS,4433247,29
401585254,GS,4997536,3
401585254,GS,6446,21
401585254,GS,3943606,3
401585254,GS,4431720,3
401585254,GS,4709138,27
401585255,PHI,3416,22
401585255,PHI,3059318,31
401585255,PHI,3964,19
401585255,PHI,3133603,22
401585255,PHI,4431678,29
401585255,PHI,4278562,17
401585255,PHI,4431828,31
401585255,PHI,2991155,19
401585255,PHI,3929325,13
401585255,PHI,4432164,15
401585255,PHI,4683940,12
401585255,PHI,4701234,12
401585255,PHI,6440,0
401585255,PHI,6462,0
401585255,IND,3149673,30
401585255,IND,3133628,27
401585255,IND,2990984,26
401585255,IND,4395712,29
401585255,IND,4396909,29
401585255,IND,4278355,19
401585255,IND,4397189,9
401585255,IND,4432170,5
401585255,IND,2530530,24
401585255,IND,4433076,15
401585255,IND,4433254,2
401585255,IND,4683634,25
401585255,IND,3999,0
401585255,IND,5106060,0
401585255,IND,4432827,0
401585256,UTAH,3899664,21
401585256,UTAH,3908845,33
401585256,UTAH,4066336,33
401585256,UTAH,2991139,17
401585256,UTAH,4277811,17
401585256,UTAH,2489663,21
401585256,UTAH,4423309,1
401585256,UTAH,3074213,1
401585256,UTAH,4433136,15
401585256,UTAH,2528426,30
401585256,UTAH,4397018,20
401585256,UTAH,4433627,31
401585256,UTAH,4396991,0
401585256,WSH,3134907,34
401585256,WSH,4278049,31
401585256,WSH,4683021,27
401585256,WSH,3135046,34
401585256,WSH,4277956,28
401585256,WSH,2581184,1
401585256,WSH,4277848,16
401585256,WSH,4280151,20
401585256,WSH,4395623,1
401585256,WSH,3064447,5
401585256,WSH,3914044,11
401585256,WSH,4397127,1
401585256,WSH,4432356,1
401585256,WSH,4433246,1
401585256,WSH,5104155,29
401585256,WSH,4066410,0
401585256,WSH,4395695,0
401585257,MIN,4431671,33
401585257,MIN,3032976,33
401585257,MIN,3136195,37
401585257,MIN,3195,33
401585257,MIN,4594268,36
401585257,MIN,2993874,18
401585257,MIN,4396971,23
401585257,MIN,3134916,11
401585257,MIN,4278039,17
401585257,MIN,4278508,0
401585257,MIN,4592187,0
401585257,MIN,4277951,0
401585257,MIN,3915195,0
401585257,BKN,2578185,36
401585257,BKN,3138196,22
401585257,BKN,4278067,39
401585257,BKN,2580782,32
401585257,BKN,3147657,35
401585257,BKN,2583632,18
401585257,BKN,4065697,16
401585257,BKN,4277890,14
401585257,BKN,4432174,28
401585257,BKN,4065649,0
401585257,BKN,4431675,0
401585257,BKN,4431714,0
401585257,BKN,4712896,0
401585257,BKN,4432192,0
401585258,BOS,4065648,32
401585258,BOS,3102531,21
401585258,BOS,3995,29
401585258,BOS,3078576,29
401585258,BOS,3917376,27
401585258,BOS,4065804,12
401585258,BOS,4066405,4
401585258,BOS,4397885,7
401585258,BOS,4278031,3
401585258,BOS,3213,23
401585258,BOS,3064560,19
401585258,BOS,4397424,4
401585258,BOS,3133602,3
401585258,BOS,4066354,23
401585258,BOS,4683689,3
401585258,MIA,6430,29
401585258,MIA,4291678,26
401585258,MIA,4066261,29
401585258,MIA,3074752,29
401585258,MIA,4395725,29
401585258,MIA,3138160,22
401585258,MIA,3157465,20
401585258,MIA,4397134,7
401585258,MIA,4997528,7
401585258,MIA,3934723,13
401585258,MIA,4593049,7
401585258,MIA,2581190,24
401585259,DEN,3064290,30
401585259,DEN,4278104,22
401585259,DEN,3112335,27
401585259,DEN,2581018,22
401585259,DEN,3936299,30
401585259,DEN,2284101,12
401585259,DEN,4395620,7
401585259,DEN,4431690,5
401585259,DEN,3442,11
401585259,DEN,4065731,5
401585259,DEN,6443,24
401585259,DEN,4398390,7
401585259,DEN,4431767,15
401585259,DEN,4576087,23
401585259,NY,3064514,30
401585259,NY,3934719,29
401585259,NY,4277922,25
401585259,NY,3934672,27
401585259,NY,3934673,26
401585259,NY,4431679,23
401585259,NY,4066668,4
401585259,NY,2991047,5
401585259,NY,3062679,26
401585259,NY,4397014,23
401585259,NY,4431823,21
401585259,NY,6588,0
401585260,SAC,6578,40
401585260,SAC,3155942,35
401585260,SAC,4594327,38
401585260,SAC,4066259,36
401585260,SAC,4066372,33
401585260,SAC,3136196,15
401585260,SAC,4397693,6
401585260,SAC,4592402,3
401585260,SAC,4066262,19
401585260,SAC,4278053,15
401585260,SAC,4398207,0
401585260,SAC,3452,0
401585260,SAC,2596107,0
401585260,SAC,4433378,0
401585260,SAC,4702177,0
401585260,GS,3032978,20
401585260,GS,3059319,31
401585260,GS,3155535,16
401585260,GS,3975,36
401585260,GS,6475,31
401585260,GS,6589,31
401585260,GS,4433247,30
401585260,GS,6446,17
401585260,GS,4709138,27
401585260,GS,4431684,0
401585260,GS,4997536,0
401585260,GS,4431720,0
401585261,CHI,4431687,24
401585261,CHI,6478,39
401585261,CHI,3978,41
401585261,CHI,2991350,35
401585261,CHI,4395651,43
401585261,CHI,6585,17
401585261,CHI,3133635,8
401585261,CHI,4397002,30
401585261,CHI,4433159,3
401585261,CHI,4279815,0
401585261,CHI,5105553,0
401585261,CHI,2528693,0
401585261,LAL,1966,36
401585261,LAL,6583,36
401585261,LAL,2990962,30
401585261,LAL,3136776,38
401585261,LAL,4066457,33
401585261,LAL,3058254,12
401585261,LAL,4066648,19
401585261,LAL,4278077,27
401585261,LAL,4432582,9
401585261,LAL,4395627,0
401585261,LAL,4397077,0
401585261,LAL,4433626,0
401585262,DAL,3936099,18
401585262,DAL,4066218,28
401585262,DAL,4683688,28
401585262,DAL,3945274,45
401585262,DAL,4432811,35
401585262,DAL,2993370,14
401585262,DAL,2528210,32
401585262,DAL,3102528,27
401585262,DAL,4868423,14
401585262,DAL,6461,0
401585262,DAL,2326307,0
401585262,DAL,4067017,0
401585262,DAL,4397040,0
401585262,ATL,4701230,37
401585262,ATL,3102529,25
401585262,ATL,3907497,37
401585262,ATL,4277905,33
401585262,ATL,4397136,38
401585262,ATL,4431680,23
401585262,ATL,4004,5
401585262,ATL,3037789,27
401585262,ATL,3913180,14
401585262,ATL,4432585,0
401585262,ATL,4032,0
401585262,ATL,4065656,0
401585262,ATL,4431775,0
401585263,HOU,3209,17
401585263,HOU,3155526,25
401585263,HOU,4871144,25
401585263,HOU,2991230,30
401585263,HOU,4437244,28
401585263,HOU,3136777,11
401585263,HOU,4278588,6
401585263,HOU,5105592,20
401585263,HOU,2528779,8
401585263,HOU,4376,7
401585263,HOU,3146557,15
401585263,HOU,3922230,19
401585263,HOU,4396629,7
401585263,HOU,4684740,23
401585263,HOU,4432639,0
401585263,CHA,4066383,36
401585263,CHA,4433287,20
401585263,CHA,3138161,19
401585263,CHA,4278076,27
401585263,CHA,4432816,23
401585263,CHA,4278078,29
401585263,CHA,4395650,13
401585263,CHA,4702233,7
401585263,CHA,4397371,7
401585263,CHA,4305,20
401585263,CHA,4230547,9
401585263,CHA,4431712,7
401585263,CHA,4576086,7
401585263,CHA,4683686,17
401585264,PHX,3202,39
401585264,PHX,3102530,20
401585264,PHX,6580,34
401585264,PHX,3135045,37
401585264,PHX,3136193,38
401585264,PHX,3914283,2
401585264,PHX,3914285,16
401585264,PHX,3136779,9
401585264,PHX,3431,30
401585264,PHX,4065663,13
401585264,PHX,3133838,0
401585264,PHX,4395652,0
401585264,PHX,4278402,0
401585264,IND,3149673,33
401585264,IND,3133628,18
401585264,IND,2990984,14
401585264,IND,4395712,30
401585264,IND,4396909,34
401585264,IND,4278355,33
401585264,IND,4397189,20
401585264,IND,2530530,18
401585264,IND,4433076,18
401585264,IND,4683634,21
401585264,IND,3999,0
401585264,IND,4432170,0
401585264,IND,5106060,0
401585264,IND,4432827,0
401585264,IND,4433254,0
401585265,LAC,4251,28
401585265,LAC,6450,31
401585265,LAC,2488653,25
401585265,LAC,3992,35
401585265,LAC,3907823,29
401585265,LAC,2451037,18
401585265,LAC,3468,26
401585265,LAC,2595516,26
401585265,LAC,4066387,19
401585265,LAC,4432162,2
401585265,LAC,4592492,2
401585265,LAC,3033,0
401585265,TOR,3244,24
401585265,TOR,4395625,36
401585265,TOR,4433134,35
401585265,TOR,4065670,32
401585265,TOR,4277843,29
401585265,TOR,3948153,17
401585265,TOR,4066731,2
401585265,TOR,4277883,8
401585265,TOR,4278103,4
401585265,TOR,4023,2
401585265,TOR,3032979,28
401585265,TOR,4395698,2
401585265,TOR,4397511,2
401585265,TOR,5106258,21
401585265,TOR,2594922,0
401585266,ORL,4432573,34
401585266,ORL,4566434,38
401585266,ORL,4277847,35
401585266,ORL,4066636,21
401585266,ORL,4432165,4
401585266,ORL,2968436,17
401585266,ORL,4065654,22
401585266,ORL,3150844,13
401585266,ORL,4409222,5
401585266,ORL,4432809,23
401585266,ORL,4712849,27
401585266,ORL,4278052,0
401585266,ORL,4433623,0
401585266,ORL,4348700,0
401585266,MEM,4277961,35
401585266,MEM,4593125,29
401585266,MEM,3134932,26
401585266,MEM,3913174,30
401585266,MEM,4397227,36
401585266,MEM,4277964,13
401585266,MEM,4433137,30
401585266,MEM,4593041,17
401585266,MEM,5105550,11
401585266,MEM,4278378,13
401585266,MEM,4592691,0
401585266,MEM,3456,0
401585267,CLE,3912848,21
401585267,CLE,4432822,31
401585267,CLE,4066328,36
401585267,CLE,3908809,37
401585267,CLE,4065778,35
401585267,CLE,2990969,27
401585267,CLE,3064559,12
401585267,CLE,2991043,24
401585267,CLE,4066757,17
401585267,CLE,4397233,0
401585267,CLE,6474,0
401585267,CLE,4701233,0
401585267,MIL,6609,36
401585267,MIL,3032977,36
401585267,MIL,3448,35
401585267,MIL,3907822,27
401585267,MIL,6606,38
401585267,MIL,6581,22
401585267,MIL,3064482,22
401585267,MIL,3064230,11
401585267,MIL,2578239,14
401585267,MIL,3102533,0
401585267,MIL,4432179,0
401585267,MIL,4433622,0
401585267,MIL,3447,0
401585267,MIL,4397475,0
401585267,MIL,4432190,0
401585268,OKC,4433255,30
401585268,OKC,4278073,32
401585268,OKC,4397020,26
401585268,OKC,4593803,31
401585268,OKC,4871145,23
401585268,OKC,4066317,2
401585268,OKC,4395714,2
401585268,OKC,4432823,15
401585268,OKC,3102532,17
401585268,OKC,3133626,13
401585268,OKC,4395702,13
401585268,OKC,4397183,17
401585268,OKC,4683692,21
401585268,OKC,4683018,0
401585268,OKC,6426,0
401585268,NO,3913176,34
401585268,NO,4277813,29
401585268,NO,4397688,28
401585268,NO,6477,20
401585268,NO,2490149,35
401585268,NO,2580365,22
401585268,NO,4278594,13
401585268,NO,4432813,3
401585268,NO,4432821,3
401585268,NO,2579258,3
401585268,NO,4277869,12
401585268,NO,4683750,20
401585268,NO,4869342,17
401585268,NO,4395628,0
401585269,POR,2991070,10
401585269,POR,4432446,37
401585269,POR,4278129,34
401585269,POR,3907498,27
401585269,POR,4351851,41
401585269,POR,4278111,22
401585269,POR,4431736,23
401585269,POR,4594326,17
401585269,POR,4066268,13
401585269,POR,4066808,1
401585269,POR,4683678,6
401585269,POR,5099752,8
401585269,SA,4592479,19
401585269,SA,4610139,32
401585269,SA,5104157,29
401585269,SA,4395626,24
401585269,SA,4395630,32
401585269,SA,2528588,14
401585269,SA,4066650,18
401585269,SA,4278580,1
401585269,SA,4395723,30
401585269,SA,3893016,18
401585269,SA,4683935,24
401585269,SA,4565201,0
401585269,SA,3133601,0
401585270,WSH,3134907,32
401585270,WSH,4278049,28
401585270,WSH,4683021,24
401585270,WSH,3135046,30
401585270,WSH,4277956,29
401585270,WSH,4277848,20
401585270,WSH,4280151,22
401585270,WSH,3064447,11
401585270,WSH,3914044,13
401585270,WSH,5104155,31
401585270,WSH,2581184,0
401585270,WSH,4066410,0
401585270,WSH,4395623,0
401585270,WSH,4433246,0
401585270,DET,3593,36
401585270,DET,4432810,32
401585270,DET,4433621,36
401585270,DET,4432166,35
401585270,DET,4433218,26
401585270,DET,4278075,11
401585270,DET,2490089,12
401585270,DET,3059310,8
401585270,DET,6429,18
401585270,DET,4683024,10
401585270,DET,4684742,17
401585270,DET,3428,0
401585270,DET,2528794,0
401585270,DET,4432808,0
401585270,DET,4432107,0
401585271,MIA,6430,36
401585271,MIA,4291678,21
401585271,MIA,4066261,33
401585271,MIA,3074752,32
401585271,MIA,4395725,35
401585271,MIA,3449,14
401585271,MIA,3138160,16
401585271,MIA,3157465,26
401585271,MIA,4432848,24
401585271,MIA,4997528,1
401585271,MIA,4593049,1
401585271,MIA,3934723,0
401585271,MIA,2581190,0
401585271,NY,3064514,32
401585271,NY,3934719,34
401585271,NY,4222252,16
401585271,NY,3934672,38
401585271,NY,3934673,20
401585271,NY,4431679,31
401585271,NY,4277922,1
401585271,NY,4066668,1
401585271,NY,2991047,1
401585271,NY,3062679,32
401585271,NY,4397014,24
401585271,NY,4431823,10
401585271,NY,6588,0
401585272,PHI,3416,26
401585272,PHI,6462,33
401585272,PHI,4278562,42
401585272,PHI,3964,37
401585272,PHI,3133603,40
401585272,PHI,4431828,19
401585272,PHI,2991155,28
401585272,PHI,3929325,9
401585272,PHI,4432164,7
401585272,PHI,3059318,0
401585272,PHI,4683940,0
401585272,PHI,4701234,0
401585272,DEN,3064290,31
401585272,DEN,4278104,35
401585272,DEN,3112335,37
401585272,DEN,2581018,33
401585272,DEN,3936299,37
401585272,DEN,3442,11
401585272,DEN,6443,18
401585272,DEN,4431767,17
401585272,DEN,4576087,21
401585272,DEN,2284101,0
401585272,DEN,4395620,0
401585272,DEN,4431690,0
401585272,DEN,4065731,0
401585272,DEN,4398390,0
401585273,HOU,3209,16
401585273,HOU,3155526,39
401585273,HOU,4871144,28
401585273,HOU,2991230,39
401585273,HOU,4437244,33
401585273,HOU,3136777,17
401585273,HOU,5105592,29
401585273,HOU,3146557,6
401585273,HOU,3922230,18
401585273,HOU,4684740,15
401585273,HOU,4278588,0
401585273,HOU,2528779,0
401585273,HOU,4376,0
401585273,HOU,4396629,0
401585273,BKN,2578185,31
401585273,BKN,4278067,37
401585273,BKN,2580782,35
401585273,BKN,3147657,41
401585273,BKN,4432174,41
401585273,BKN,4065649,0
401585273,BKN,2583632,23
401585273,BKN,4065697,18
401585273,BKN,4277890,14
401585273,BKN,4431675,0
401585273,BKN,4712896,0
401585273,BKN,4432194,0
401585274,LAC,4251,22
401585274,LAC,6450,29
401585274,LAC,2488653,21
401585274,LAC,3992,27
401585274,LAC,3907823,24
401585274,LAC,2451037,26
401585274,LAC,3468,15
401585274,LAC,2595516,17
401585274,LAC,4066387,26
401585274,LAC,4431752,10
401585274,LAC,4432162,10
401585274,LAC,4592492,10
401585274,LAC,3033,0
401585274,BOS,4065648,30
401585274,BOS,3213,19
401585274,BOS,3995,28
401585274,BOS,3078576,24
401585274,BOS,3917376,24
401585274,BOS,4065804,20
401585274,BOS,4066405,8
401585274,BOS,4397885,12
401585274,BOS,4278031,16
401585274,BOS,3064560,18
401585274,BOS,4397424,12
401585274,BOS,3133602,8
401585274,BOS,4066354,21
401585275,UTAH,3899664,27
401585275,UTAH,3908845,32
401585275,UTAH,4066336,36
401585275,UTAH,2991139,17
401585275,UTAH,4277811,35
401585275,UTAH,2489663,18
401585275,UTAH,4433136,16
401585275,UTAH,2528426,31
401585275,UTAH,4397018,16
401585275,UTAH,4433627,13
401585275,UTAH,4423309,0
401585275,UTAH,4396991,0
401585275,UTAH,3074213,0
401585275,CHA,4066383,41
401585275,CHA,4433287,37
401585275,CHA,3138161,29
401585275,CHA,4278076,36
401585275,CHA,4305,29
401585275,CHA,4278078,36
401585275,CHA,4395650,7
401585275,CHA,4702233,5
401585275,CHA,4683686,19
401585275,CHA,4397371,0
401585275,CHA,4230547,0
401585275,CHA,4431712,0
401585275,CHA,4576086,0
401585276,NO,3913176,28
401585276,NO,4277813,20
401585276,NO,4395628,29
401585276,NO,6477,24
401585276,NO,2490149,23
401585276,NO,2580365,18
401585276,NO,4278594,15
401585276,NO,4432813,7
401585276,NO,4432821,3
401585276,NO,2579258,7
401585276,NO,4277869,21
401585276,NO,4683750,29
401585276,NO,4869342,18
401585276,NO,4397688,0
401585276,NO,3056245,0
401585276,MIL,6581,22
401585276,MIL,3032977,29
401585276,MIL,3448,35
401585276,MIL,3907822,28
401585276,MIL,6606,29
401585276,MIL,3064482,22
401585276,MIL,3102533,3
401585276,MIL,4432179,6
401585276,MIL,4433622,2
401585276,MIL,3447,5
401585276,MIL,3064230,18
401585276,MIL,2578239,20
401585276,MIL,4397475,4
401585276,MIL,4432190,17
401585277,MIN,4431671,33
401585277,MIN,3032976,37
401585277,MIN,3136195,32
401585277,MIN,4278039,33
401585277,MIN,4594268,38
401585277,MIN,2993874,19
401585277,MIN,4396971,22
401585277,MIN,3915195,16
401585277,MIN,3134916,9
401585277,MIN,4278508,0
401585277,MIN,4277951,0
401585277,MIN,4432176,0
401585277,SA,4592479,18
401585277,SA,4610139,31
401585277,SA,5104157,30
401585277,SA,4395626,29
401585277,SA,4395630,36
401585277,SA,2528588,17
401585277,SA,4395723,27
401585277,SA,4870562,18
401585277,SA,3893016,16
401585277,SA,4683935,20
401585277,SA,4278580,0
401585277,SA,4565201,0
401585277,SA,3133601,0
401585278,LAL,1966,48
401585278,LAL,6583,45
401585278,LAL,2990962,24
401585278,LAL,3136776,49
401585278,LAL,4066457,47
401585278,LAL,3058254,11
401585278,LAL,4066648,18
401585278,LAL,4278077,41
401585278,LAL,4432582,8
401585278,LAL,4684286,0
401585278,LAL,4397077,0
401585278,LAL,4433626,0
401585278,GS,6589,46
401585278,GS,3059319,41
401585278,GS,4433247,43
401585278,GS,3975,43
401585278,GS,6475,47
401585278,GS,3032978,15
401585278,GS,3155535,5
401585278,GS,4431684,6
401585278,GS,6446,15
401585278,GS,4709138,28
401585278,GS,4997536,0
401585278,GS,4431720,0
401585279,SAC,6578,38
401585279,SAC,3155942,36
401585279,SAC,4594327,40
401585279,SAC,4066259,37
401585279,SAC,4066372,30
401585279,SAC,3136196,17
401585279,SAC,4397693,1
401585279,SAC,3452,10
401585279,SAC,4066262,20
401585279,SAC,4278053,11
401585279,SAC,2596107,0
401585279,SAC,4592402,0
401585279,SAC,4433378,0
401585279,SAC,4702177,0
401585279,DAL,4066218,38
401585279,DAL,4683688,31
401585279,DAL,3945274,46
401585279,DAL,4432811,33
401585279,DAL,4868423,19
401585279,DAL,2960236,13
401585279,DAL,2993370,8
401585279,DAL,2326307,11
401585279,DAL,2528210,36
401585279,DAL,4067017,4
401585279,DAL,6461,0
401585279,DAL,4595400,0
401585279,DAL,4397040,0
401585282,OKC,4433255,23
401585282,OKC,4278073,29
401585282,OKC,4397020,23
401585282,OKC,4593803,28
401585282,OKC,4871145,27
401585282,OKC,4066317,10
401585282,OKC,4278046,6
401585282,OKC,4395714,13
401585282,OKC,4432823,15
401585282,OKC,3133626,14
401585282,OKC,4395702,11
401585282,OKC,4397183,20
401585282,OKC,4683692,21
401585282,OKC,6426,0
401585282,OKC,3102532,0
401585282,DET,3593,32
401585282,DET,4432810,25
401585282,DET,4433621,31
401585282,DET,4433218,35
401585282,DET,4683024,14
401585282,DET,4278075,14
401585282,DET,2490089,11
401585282,DET,3059310,14
401585282,DET,6429,26
401585282,DET,4432107,19
401585282,DET,4684742,20
401585282,DET,3428,0
401585282,DET,2528794,0
401585282,DET,4432808,0
401585282,DET,4432166,0
401585280,MEM,4277961,32
401585280,MEM,4593041,32
401585280,MEM,4593125,28
401585280,MEM,3134932,30
401585280,MEM,4397227,36
401585280,MEM,4277964,17
401585280,MEM,4433137,14
401585280,MEM,5105550,29
401585280,MEM,4278378,5
401585280,MEM,4431785,17
401585280,MEM,4592691,0
401585280,MEM,3456,0
401585280,IND,3149673,35
401585280,IND,4397189,30
401585280,IND,2990984,19
401585280,IND,4395712,37
401585280,IND,4396909,37
401585280,IND,4278355,17
401585280,IND,4432170,14
401585280,IND,4433076,20
401585280,IND,4683634,30
401585280,IND,3999,0
401585280,IND,5106060,0
401585280,IND,4432827,0
401585280,IND,2530530,0
401585280,IND,4431727,0
401585280,IND,4433254,0
401585281,TOR,3244,22
401585281,TOR,4433134,38
401585281,TOR,3032979,29
401585281,TOR,4065670,37
401585281,TOR,4277843,26
401585281,TOR,3948153,13
401585281,TOR,4277883,31
401585281,TOR,4278103,19
401585281,TOR,5106258,25
401585281,TOR,4066731,0
401585281,TOR,2594922,0
401585281,TOR,4023,0
401585281,ATL,4701230,42
401585281,ATL,3102529,28
401585281,ATL,3037789,39
401585281,ATL,4277905,42
401585281,ATL,4397136,41
401585281,ATL,4431680,20
401585281,ATL,4004,15
401585281,ATL,3913180,8
401585281,ATL,4065656,6
401585281,ATL,4432585,0
401585281,ATL,4032,0
401585281,ATL,3907497,0
401585283,PHX,3202,37
401585283,PHX,3914285,29
401585283,PHX,6580,35
401585283,PHX,3135045,33
401585283,PHX,3136193,36
401585283,PHX,3914283,7
401585283,PHX,3136779,20
401585283,PHX,4395652,2
401585283,PHX,4066299,11
401585283,PHX,3431,22
401585283,PHX,4065663,6
401585283,PHX,4278402,2
401585283,PHX,3133838,0
401585283,ORL,4432573,36
401585283,ORL,4566434,31
401585283,ORL,4277847,23
401585283,ORL,4066636,27
401585283,ORL,4432165,32
401585283,ORL,2968436,13
401585283,ORL,4065654,23
401585283,ORL,4278052,2
401585283,ORL,4433623,2
401585283,ORL,3150844,23
401585283,ORL,4348700,2
401585283,ORL,4409222,2
401585283,ORL,4432809,10
401585283,ORL,4712849,13
401585284,CHI,6478,34
401585284,CHI,3978,40
401585284,CHI,2991350,32
401585284,CHI,4395651,42
401585284,CHI,4397002,33
401585284,CHI,5105553,23
401585284,CHI,6585,17
401585284,CHI,3133635,11
401585284,CHI,4433159,8
401585284,CHI,4279815,0
401585284,CHI,4431687,0
401585284,CHI,2528693,0
401585284,POR,2991070,37
401585284,POR,4432446,24
401585284,POR,4278129,37
401585284,POR,2566769,38
401585284,POR,4351851,35
401585284,POR,4431736,3
401585284,POR,4066268,11
401585284,POR,3907498,32
401585284,POR,4683678,22
401585284,POR,4594326,0
401585284,POR,4066808,0
401585284,POR,5099752,0
401585285,NY,4431679,33
401585285,NY,4222252,16
401585285,NY,3062679,39
401585285,NY,3934672,34
401585285,NY,3934673,42
401585285,NY,4277922,24
401585285,NY,4066668,2
401585285,NY,2991047,2
401585285,NY,4066508,2
401585285,NY,4397014,32
401585285,NY,4431823,15
401585285,NY,3934719,0
401585285,CHA,4066383,39
401585285,CHA,4278078,35
401585285,CHA,4433287,39
401585285,CHA,3138161,31
401585285,CHA,4278076,37
401585285,CHA,4395650,12
401585285,CHA,4702233,2
401585285,CHA,4397371,6
401585285,CHA,4305,11
401585285,CHA,4230547,11
401585285,CHA,4431712,2
401585285,CHA,4576086,2
401585285,CHA,4683686,12
401585286,LAC,4251,27
401585286,LAC,6450,37
401585286,LAC,2488653,22
401585286,LAC,3992,39
401585286,LAC,3907823,19
401585286,LAC,2451037,17
401585286,LAC,3468,22
401585286,LAC,2595516,28
401585286,LAC,4066387,27
401585286,LAC,4431752,1
401585286,LAC,4432162,1
401585286,LAC,3033,0
401585286,LAC,4592492,0
401585286,CLE,4432822,33
401585286,CLE,4066328,36
401585286,CLE,4432158,21
401585286,CLE,3908809,39
401585286,CLE,4065778,35
401585286,CLE,2990969,20
401585286,CLE,3912848,26
401585286,CLE,2991043,23
401585286,CLE,4066757,7
401585286,CLE,6474,0
401585286,CLE,3064559,0
401585286,CLE,4701233,0
401585287,NO,3913176,36
401585287,NO,4277813,27
401585287,NO,4395628,31
401585287,NO,6477,20
401585287,NO,2490149,37
401585287,NO,2580365,20
401585287,NO,4278594,19
401585287,NO,4397688,28
401585287,NO,4683750,9
401585287,NO,4869342,14
401585287,NO,4432813,0
401585287,NO,4432821,0
401585287,NO,2579258,0
401585287,NO,4277869,0
401585287,BOS,4065648,38
401585287,BOS,3213,36
401585287,BOS,3995,33
401585287,BOS,3078576,35
401585287,BOS,3917376,37
401585287,BOS,4065804,26
401585287,BOS,4278031,11
401585287,BOS,4397424,10
401585287,BOS,4066354,14
401585287,BOS,4066405,0
401585287,BOS,4397885,0
401585287,BOS,3133602,0
401585288,UTAH,3899664,22
401585288,UTAH,3908845,21
401585288,UTAH,4066336,27
401585288,UTAH,2991139,17
401585288,UTAH,4277811,24
401585288,UTAH,2489663,16
401585288,UTAH,4423309,8
401585288,UTAH,4396991,8
401585288,UTAH,3074213,8
401585288,UTAH,4433136,19
401585288,UTAH,2528426,23
401585288,UTAH,4397018,21
401585288,UTAH,4433627,27
401585288,BKN,3138196,30
401585288,BKN,4278067,26
401585288,BKN,2580782,26
401585288,BKN,3147657,37
401585288,BKN,4432174,31
401585288,BKN,4065649,3
401585288,BKN,2583632,18
401585288,BKN,4431675,3
401585288,BKN,4712896,3
401585288,BKN,4065697,15
401585288,BKN,3907387,18
401585288,BKN,4277890,27
401585289,PHX,3202,42
401585289,PHX,3102530,27
401585289,PHX,6580,39
401585289,PHX,3135045,13
401585289,PHX,3136193,41
401585289,PHX,3914285,21
401585289,PHX,3136779,6
401585289,PHX,3431,34
401585289,PHX,4065663,18
401585289,PHX,3914283,0
401585289,PHX,3133838,0
401585289,PHX,4395652,0
401585289,PHX,4066299,0
401585289,PHX,4278402,0
401585289,MIA,6430,37
401585289,MIA,4291678,15
401585289,MIA,4066261,35
401585289,MIA,3074752,27
401585289,MIA,4395725,34
401585289,MIA,3449,13
401585289,MIA,3138160,25
401585289,MIA,3157465,4
401585289,MIA,4432848,25
401585289,MIA,2581190,24
401585289,MIA,4997528,0
401585289,MIA,3934723,0
401585290,LAL,1966,37
401585290,LAL,6583,29
401585290,LAL,2990962,25
401585290,LAL,3136776,41
401585290,LAL,4066457,30
401585290,LAL,3058254,10
401585290,LAL,4066648,22
401585290,LAL,4278077,7
401585290,LAL,4684286,2
401585290,LAL,4397077,14
401585290,LAL,4432582,20
401585290,LAL,4433626,2
401585290,HOU,3155526,28
401585290,HOU,4432639,36
401585290,HOU,4871144,40
401585290,HOU,2991230,37
401585290,HOU,4437244,41
401585290,HOU,3209,8
401585290,HOU,3136777,19
401585290,HOU,4278588,0
401585290,HOU,5105592,18
401585290,HOU,4396629,0
401585290,HOU,4684740,12
401585290,HOU,2528779,0
401585290,HOU,4376,0
401585290,HOU,3146557,0
401585290,HOU,3922230,0
401585291,SAC,6578,35
401585291,SAC,3155942,38
401585291,SAC,4594327,25
401585291,SAC,4066259,34
401585291,SAC,4066372,37
401585291,SAC,3136196,24
401585291,SAC,4401416,0
401585291,SAC,3452,10
401585291,SAC,4066262,20
401585291,SAC,4278053,16
401585291,SAC,4397693,0
401585291,SAC,2596107,0
401585291,SAC,4592402,0
401585291,SAC,4433378,0
401585291,SAC,4702177,0
401585291,MEM,4277961,32
401585291,MEM,4277964,37
401585291,MEM,4593041,35
401585291,MEM,4593125,34
401585291,MEM,4431785,32
401585291,MEM,4431673,23
401585291,MEM,5105550,30
401585291,MEM,4278378,16
401585291,MEM,4433137,0
401585291,MEM,4592691,0
401585291,MEM,3456,0
401585291,MEM,4397227,0
401585292,MIN,4431671,31
401585292,MIN,3032976,36
401585292,MIN,3136195,39
401585292,MIN,4278039,35
401585292,MIN,4594268,40
401585292,MIN,2993874,17
401585292,MIN,4278508,6
401585292,MIN,4396971,21
401585292,MIN,3134916,14
401585292,MIN,4592187,0
401585292,MIN,4277951,0
401585292,MIN,3915195,0
401585292,OKC,4433255,32
401585292,OKC,4278073,39
401585292,OKC,4397020,25
401585292,OKC,4593803,33
401585292,OKC,4871145,19
401585292,OKC,4432823,16
401585292,OKC,3102532,4
401585292,OKC,3133626,17
401585292,OKC,4395702,16
401585292,OKC,4397183,20
401585292,OKC,4683692,20
401585292,OKC,4066317,0
401585292,OKC,4278046,0
401585292,OKC,6426,0
401585292,OKC,4432819,0
401585293,WSH,3134907,32
401585293,WSH,4278049,28
401585293,WSH,4683021,25
401585293,WSH,3135046,32
401585293,WSH,4277956,33
401585293,WSH,4277848,20
401585293,WSH,4280151,20
401585293,WSH,4432588,0
401585293,WSH,3064447,9
401585293,WSH,3914044,10
401585293,WSH,4080610,0
401585293,WSH,5104155,31
401585293,WSH,2581184,0
401585293,WSH,4395623,0
401585293,WSH,4397127,0
401585293,WSH,4433246,0
401585293,SA,4592479,20
401585293,SA,4610139,26
401585293,SA,5104157,31
401585293,SA,4395626,33
401585293,SA,4395630,35
401585293,SA,2528588,10
401585293,SA,4395723,31
401585293,SA,4870562,14
401585293,SA,3893016,29
401585293,SA,4683935,12
401585293,SA,4278580,0
401585293,SA,4565201,0
401585293,SA,3133601,0
401585294,ORL,4065654,8
401585294,ORL,4432573,39
401585294,ORL,4566434,32
401585294,ORL,4277847,29
401585294,ORL,4432165,26
401585294,ORL,2968436,15
401585294,ORL,4278052,9
401585294,ORL,3150844,25
401585294,ORL,4348700,0
401585294,ORL,4432809,27
401585294,ORL,4712849,30
401585294,ORL,4433623,0
401585294,ORL,3918423,0
401585294,ORL,4409222,0
401585294,DAL,4066218,29
401585294,DAL,4683688,41
401585294,DAL,2528210,37
401585294,DAL,3945274,43
401585294,DAL,4432811,33
401585294,DAL,2531367,1
401585294,DAL,2960236,22
401585294,DAL,2993370,3
401585294,DAL,2326307,5
401585294,DAL,4868423,27
401585294,DAL,6461,0
401585294,DAL,4595400,0
401585294,DAL,4067017,0
401585294,DAL,4397040,0
401585295,MIL,6609,30
401585295,MIL,3032977,37
401585295,MIL,3448,34
401585295,MIL,3907822,31
401585295,MIL,6606,35
401585295,MIL,6581,19
401585295,MIL,3064482,25
401585295,MIL,3064230,13
401585295,MIL,2578239,16
401585295,MIL,3102533,0
401585295,MIL,4432179,0
401585295,MIL,4433622,0
401585295,MIL,3447,0
401585295,MIL,4397475,0
401585295,MIL,4432190,0
401585295,DEN,3064290,25
401585295,DEN,4278104,37
401585295,DEN,3112335,40
401585295,DEN,2581018,34
401585295,DEN,3936299,36
401585295,DEN,3442,8
401585295,DEN,6443,20
401585295,DEN,4431767,17
401585295,DEN,4576087,23
401585295,DEN,2284101,0
401585295,DEN,4395620,0
401585295,DEN,4431690,0
401585295,DEN,4065731,0
401585295,DEN,4398390,0
401585296,PHI,3416,24
401585296,PHI,6440,20
401585296,PHI,4278562,24
401585296,PHI,3964,30
401585296,PHI,3133603,31
401585296,PHI,6462,22
401585296,PHI,4431828,18
401585296,PHI,2991155,16
401585296,PHI,4277919,19
401585296,PHI,3929325,10
401585296,PHI,4432164,8
401585296,PHI,4683940,9
401585296,PHI,4701234,9
401585296,POR,2991070,31
401585296,POR,4432446,31
401585296,POR,4278129,31
401585296,POR,2566769,32
401585296,POR,4351851,28
401585296,POR,4431736,16
401585296,POR,4594326,8
401585296,POR,4066268,12
401585296,POR,3907498,19
401585296,POR,4066808,5
401585296,POR,4683678,22
401585296,POR,5099752,5
401585297,LAL,1966,36
401585297,LAL,2990962,25
401585297,LAL,4397077,24
401585297,LAL,3136776,27
401585297,LAL,4066457,32
401585297,LAL,3058254,22
401585297,LAL,4066648,23
401585297,LAL,4278077,26
401585297,LAL,4684286,3
401585297,LAL,4066269,3
401585297,LAL,3906786,3
401585297,LAL,4432582,11
401585297,LAL,4433626,3
401585297,ATL,4701230,35
401585297,ATL,3102529,24
401585297,ATL,3907497,33
401585297,ATL,4277905,34
401585297,ATL,4397136,35
401585297,ATL,4065732,16
401585297,ATL,4431680,26
401585297,ATL,4432585,2
401585297,ATL,4004,2
401585297,ATL,3037789,25
401585297,ATL,3913180,6
401585297,ATL,4683736,2
401585297,ATL,4032,0
401585298,IND,3149673,32
401585298,IND,3133628,26
401585298,IND,2990984,36
401585298,IND,4396909,41
401585298,IND,4396993,22
401585298,IND,4278355,22
401585298,IND,4397189,21
401585298,IND,4395712,28
401585298,IND,4433076,12
401585298,IND,3999,0
401585298,IND,4432170,0
401585298,IND,5106060,0
401585298,IND,4433254,0
401585298,BOS,4065648,39
401585298,BOS,3102531,31
401585298,BOS,3995,39
401585298,BOS,3078576,35
401585298,BOS,3917376,36
401585298,BOS,4065804,23
401585298,BOS,4278031,6
401585298,BOS,4397424,14
401585298,BOS,4066354,17
401585298,BOS,4066405,0
401585298,BOS,4397885,0
401585298,BOS,3133602,0
401585299,UTAH,3899664,29
401585299,UTAH,3908845,28
401585299,UTAH,4066336,34
401585299,UTAH,2991139,17
401585299,UTAH,4277811,28
401585299,UTAH,2489663,21
401585299,UTAH,4433136,16
401585299,UTAH,2528426,31
401585299,UTAH,4397018,13
401585299,UTAH,4433627,23
401585299,UTAH,4423309,0
401585299,UTAH,4396991,0
401585299,UTAH,3074213,0
401585299,NY,4431679,40
401585299,NY,4222252,29
401585299,NY,3062679,43
401585299,NY,3934672,38
401585299,NY,3934673,39
401585299,NY,3986,0
401585299,NY,4277922,19
401585299,NY,4066668,0
401585299,NY,2991047,0
401585299,NY,4397014,20
401585299,NY,4431823,10
401585299,NY,4592461,0
401585299,NY,4066508,0
401585300,TOR,3244,32
401585300,TOR,4433134,37
401585300,TOR,3032979,34
401585300,TOR,4065670,38
401585300,TOR,4277843,32
401585300,TOR,3948153,7
401585300,TOR,4066731,14
401585300,TOR,4277883,19
401585300,TOR,4278103,5
401585300,TOR,4023,3
401585300,TOR,5106258,20
401585300,TOR,2594922,0
401585300,CHI,6478,36
401585300,CHI,3978,42
401585300,CHI,2991350,33
401585300,CHI,4395651,35
401585300,CHI,4397002,39
401585300,CHI,5105553,20
401585300,CHI,6585,14
401585300,CHI,3133635,13
401585300,CHI,4433159,8
401585300,CHI,4279815,0
401585300,CHI,4423884,0
401585300,CHI,4438552,0
401585300,CHI,4702023,0
401585301,PHI,6440,38
401585301,PHI,2991155,29
401585301,PHI,3059318,30
401585301,PHI,3964,28
401585301,PHI,3133603,35
401585301,PHI,4278562,10
401585301,PHI,4431828,26
401585301,PHI,3929325,22
401585301,PHI,4432164,21
401585301,PHI,4701234,2
401585301,PHI,6462,0
401585301,PHI,4277919,0
401585301,PHI,4683940,0
401585301,GS,6589,29
401585301,GS,3059319,38
401585301,GS,4433247,39
401585301,GS,3975,35
401585301,GS,4709138,37
401585301,GS,3032978,17
401585301,GS,3155535,8
401585301,GS,4431684,12
401585301,GS,6446,13
401585301,GS,4431720,11
401585301,GS,4997536,0
401585301,GS,6475,0
401585302,CHI,6478,33
401585302,CHI,3978,38
401585302,CHI,2991350,34
401585302,CHI,4395651,43
401585302,CHI,4397002,39
401585302,CHI,4279815,20
401585302,CHI,5105553,11
401585302,CHI,6585,15
401585302,CHI,3133635,7
401585302,CHI,4423884,0
401585302,CHI,4438552,0
401585302,CHI,4702023,0
401585302,CHA,4066383,41
401585302,CHA,4433287,38
401585302,CHA,3138161,28
401585302,CHA,4278076,25
401585302,CHA,4576086,13
401585302,CHA,4278078,36
401585302,CHA,4395650,13
401585302,CHA,4397371,9
401585302,CHA,4305,16
401585302,CHA,4230547,10
401585302,CHA,4683686,12
401585302,CHA,4702233,0
401585302,CHA,4431712,0
401585303,DET,3593,30
401585303,DET,2490089,4
401585303,DET,4433621,30
401585303,DET,4432166,31
401585303,DET,4433218,29
401585303,DET,3428,23
401585303,DET,4278075,20
401585303,DET,3059310,16
401585303,DET,6429,30
401585303,DET,4432107,10
401585303,DET,4684742,18
401585303,DET,2528794,0
401585303,DET,4432808,0
401585303,DET,4683024,0
401585303,CLE,4066328,30
401585303,CLE,4432158,22
401585303,CLE,3908809,35
401585303,CLE,4065778,31
401585303,CLE,4396907,20
401585303,CLE,2990969,17
401585303,CLE,3912848,12
401585303,CLE,4432822,30
401585303,CLE,2991043,25
401585303,CLE,4066757,16
401585303,CLE,6474,0
401585303,CLE,3064559,0
401585303,CLE,4701233,0
401585304,LAC,6450,30
401585304,LAC,2488653,19
401585304,LAC,3992,33
401585304,LAC,3907823,31
401585304,LAC,4066387,21
401585304,LAC,2451037,20
401585304,LAC,3468,21
401585304,LAC,2595516,27
401585304,LAC,4431752,7
401585304,LAC,4432162,27
401585304,LAC,4592492,5
401585304,LAC,3033,0
401585304,WSH,3134907,29
401585304,WSH,4278049,22
401585304,WSH,4683021,26
401585304,WSH,3135046,29
401585304,WSH,5104155,37
401585304,WSH,2581184,8
401585304,WSH,4277848,18
401585304,WSH,4280151,27
401585304,WSH,3064447,14
401585304,WSH,4397127,5
401585304,WSH,4432356,12
401585304,WSH,4433246,12
401585304,WSH,4277956,0
401585306,SAC,6578,37
401585306,SAC,3155942,38
401585306,SAC,4594327,38
401585306,SAC,4066259,37
401585306,SAC,4066372,39
401585306,SAC,3136196,18
401585306,SAC,4397693,1
401585306,SAC,3452,6
401585306,SAC,4066262,14
401585306,SAC,4278053,12
401585306,SAC,2596107,0
401585306,SAC,4592402,0
401585306,SAC,4433378,0
401585306,SAC,4702177,0
401585306,MIA,6430,35
401585306,MIA,4291678,16
401585306,MIA,4066261,32
401585306,MIA,3074752,30
401585306,MIA,4395725,31
401585306,MIA,3449,14
401585306,MIA,3138160,28
401585306,MIA,4432848,25
401585306,MIA,3934723,3
401585306,MIA,2581190,27
401585306,MIA,4397134,0
401585306,MIA,4997528,0
401585307,NO,3913176,36
401585307,NO,4397688,27
401585307,NO,6477,33
401585307,NO,2490149,36
401585307,NO,4869342,24
401585307,NO,2580365,15
401585307,NO,4278594,31
401585307,NO,4277869,14
401585307,NO,4683750,23
401585307,NO,3908336,0
401585307,NO,4432813,0
401585307,NO,4432821,0
401585307,NO,2579258,0
401585307,NO,3056245,0
401585307,HOU,3155526,31
401585307,HOU,4432639,22
401585307,HOU,4871144,34
401585307,HOU,2991230,37
401585307,HOU,4437244,38
401585307,HOU,3209,15
401585307,HOU,3136777,7
401585307,HOU,4278588,1
401585307,HOU,5105592,20
401585307,HOU,3922230,17
401585307,HOU,4396629,1
401585307,HOU,4684740,17
401585307,HOU,2528779,0
401585307,HOU,4376,0
401585307,HOU,3146557,0
401585308,DAL,2993370,30
401585308,DAL,4066218,25
401585308,DAL,2528210,32
401585308,DAL,4432811,29
401585308,DAL,4868423,31
401585308,DAL,2531367,14
401585308,DAL,2960236,18
401585308,DAL,4595400,20
401585308,DAL,2326307,17
401585308,DAL,4067017,15
401585308,DAL,4397040,8
401585308,DAL,6461,0
401585308,MIN,4431671,24
401585308,MIN,3032976,28
401585308,MIN,3136195,31
401585308,MIN,3195,25
401585308,MIN,4594268,30
401585308,MIN,2993874,16
401585308,MIN,4278508,6
401585308,MIN,4592187,5
401585308,MIN,4277951,5
401585308,MIN,4396971,26
401585308,MIN,3915195,6
401585308,MIN,3134916,14
401585308,MIN,4278039,23
401585309,ORL,4432573,36
401585309,ORL,4566434,33
401585309,ORL,4277847,26
401585309,ORL,4066636,31
401585309,ORL,4432165,33
401585309,ORL,2968436,15
401585309,ORL,4065654,18
401585309,ORL,3150844,16
401585309,ORL,4432809,16
401585309,ORL,4712849,17
401585309,ORL,4278052,0
401585309,ORL,4433623,0
401585309,ORL,3918423,0
401585309,ORL,4348700,0
401585309,SA,4592479,20
401585309,SA,4610139,33
401585309,SA,5104157,30
401585309,SA,4395626,35
401585309,SA,4395630,37
401585309,SA,2528588,12
401585309,SA,4565201,15
401585309,SA,4870562,18
401585309,SA,3893016,28
401585309,SA,4683935,12
401585309,SA,4278580,0
401585309,SA,3133601,0
401585310,DEN,3064290,39
401585310,DEN,4278104,39
401585310,DEN,2581018,36
401585310,DEN,3936299,39
401585310,DEN,4576087,21
401585310,DEN,2284101,11
401585310,DEN,4431690,9
401585310,DEN,6443,30
401585310,DEN,4431767,16
401585310,DEN,4066240,0
401585310,DEN,3442,0
401585310,DEN,4065731,0
401585310,DEN,4278585,0
401585310,OKC,4433255,32
401585310,OKC,3133626,17
401585310,OKC,4278073,36
401585310,OKC,4397020,36
401585310,OKC,4871145,25
401585310,OKC,4066317,5
401585310,OKC,4432823,18
401585310,OKC,4997526,9
401585310,OKC,6426,0
401585310,OKC,3102532,17
401585310,OKC,4397183,25
401585310,OKC,4683692,20
401585310,OKC,4278046,0
401585310,OKC,4395714,0
401585310,OKC,4432819,0
401585305,PHX,3202,38
401585305,PHX,3102530,30
401585305,PHX,3431,32
401585305,PHX,6580,37
401585305,PHX,3136193,36
401585305,PHX,3914283,1
401585305,PHX,3914285,18
401585305,PHX,3133838,1
401585305,PHX,3136779,19
401585305,PHX,4395652,1
401585305,PHX,4065663,26
401585305,PHX,4278402,1
401585305,PHX,4397102,0
401585305,BKN,3138196,29
401585305,BKN,4278067,30
401585305,BKN,2580782,30
401585305,BKN,3147657,40
401585305,BKN,4432174,33
401585305,BKN,4065649,2
401585305,BKN,2583632,21
401585305,BKN,4431675,6
401585305,BKN,4065697,19
401585305,BKN,4277890,31
401585305,BKN,2578185,0
401585305,BKN,4432194,0
401585311,MIL,6609,34
401585311,MIL,3032977,38
401585311,MIL,3448,36
401585311,MIL,3907822,29
401585311,MIL,6606,40
401585311,MIL,6581,19
401585311,MIL,3064482,22
401585311,MIL,3064230,8
401585311,MIL,2578239,14
401585311,MIL,3102533,0
401585311,MIL,4432179,0
401585311,MIL,4433622,0
401585311,MIL,3447,0
401585311,MIL,4397475,0
401585311,MIL,4432190,0
401585311,POR,2991070,38
401585311,POR,4432446,16
401585311,POR,4278129,35
401585311,POR,2566769,36
401585311,POR,4351851,38
401585311,POR,4431736,23
401585311,POR,4066268,13
401585311,POR,3907498,19
401585311,POR,4683678,22
401585311,POR,4594326,0
401585311,POR,4914336,0
401585311,POR,5099752,0
401585312,LAL,2990962,38
401585312,LAL,4278077,16
401585312,LAL,4397077,34
401585312,LAL,3136776,39
401585312,LAL,4066457,35
401585312,LAL,3058254,19
401585312,LAL,4066648,33
401585312,LAL,4684286,1
401585312,LAL,4066269,1
401585312,LAL,3906786,1
401585312,LAL,4432582,23
401585312,LAL,4433626,1
401585312,BOS,4065648,37
401585312,BOS,3102531,29
401585312,BOS,3995,29
401585312,BOS,3078576,33
401585312,BOS,3917376,27
401585312,BOS,4065804,23
401585312,BOS,4397885,2
401585312,BOS,4278031,2
401585312,BOS,3213,24
401585312,BOS,4397424,13
401585312,BOS,4066354,21
401585312,BOS,4066405,0
401585312,BOS,3133602,0
401585313,IND,3149673,35
401585313,IND,3133628,24
401585313,IND,2990984,28
401585313,IND,4396909,37
401585313,IND,4396993,22
401585313,IND,4278355,22
401585313,IND,4397189,24
401585313,IND,4395712,26
401585313,IND,4433076,22
401585313,IND,3999,0
401585313,IND,4432170,0
401585313,IND,5106060,0
401585313,IND,2530530,0
401585313,IND,4433254,0
401585313,NY,4431679,43
401585313,NY,4222252,36
401585313,NY,3062679,38
401585313,NY,3934672,37
401585313,NY,3934673,38
401585313,NY,4277922,13
401585313,NY,4066668,7
401585313,NY,4431823,29
401585313,NY,3986,0
401585313,NY,4592461,0
401585313,NY,6588,0
401585313,NY,2991047,0
401585313,NY,4066508,0
401585315,CLE,3912848,28
401585315,CLE,4066328,21
401585315,CLE,3908809,33
401585315,CLE,4065778,29
401585315,CLE,4396907,24
401585315,CLE,2990969,22
401585315,CLE,4432822,21
401585315,CLE,3064559,15
401585315,CLE,2991043,29
401585315,CLE,4066757,18
401585315,CLE,6474,0
401585315,CLE,4701233,0
401585315,MEM,4277961,34
401585315,MEM,4593125,38
401585315,MEM,3134932,32
401585315,MEM,4397227,31
401585315,MEM,4431785,22
401585315,MEM,4593041,18
401585315,MEM,5105550,29
401585315,MEM,4395623,14
401585315,MEM,4278378,23
401585315,MEM,4277964,0
401585315,MEM,4431673,0
401585315,MEM,4597865,0
401585314,PHI,6440,39
401585314,PHI,4278562,28
401585314,PHI,2991155,19
401585314,PHI,3133603,40
401585314,PHI,4431678,41
401585314,PHI,4431828,5
401585314,PHI,4277919,18
401585314,PHI,3964,18
401585314,PHI,3929325,13
401585314,PHI,4432164,19
401585314,PHI,4683940,0
401585314,PHI,4701234,0
401585314,UTAH,3899664,27
401585314,UTAH,3908845,34
401585314,UTAH,4066336,33
401585314,UTAH,2991139,16
401585314,UTAH,4277811,25
401585314,UTAH,2489663,19
401585314,UTAH,3074213,0
401585314,UTAH,4433136,14
401585314,UTAH,2528426,34
401585314,UTAH,4397018,17
401585314,UTAH,4433627,21
401585314,UTAH,4423309,0
401585314,UTAH,4684806,0
401585314,UTAH,5105839,0
401585314,UTAH,4396991,0
401585316,LAC,4251,27
401585316,LAC,6450,32
401585316,LAC,2488653,26
401585316,LAC,3992,34
401585316,LAC,3907823,24
401585316,LAC,2451037,18
401585316,LAC,3468,25
401585316,LAC,2595516,25
401585316,LAC,4066387,24
401585316,LAC,4431752,3
401585316,LAC,4432162,3
401585316,LAC,3033,0
401585316,LAC,4592492,0
401585316,DET,4278075,18
401585316,DET,3593,30
401585316,DET,4433621,31
401585316,DET,4432166,33
401585316,DET,4433218,34
401585316,DET,3428,15
401585316,DET,4432808,2
401585316,DET,3059310,10
401585316,DET,6429,21
401585316,DET,4432107,20
401585316,DET,4684742,26
401585316,DET,2528794,0
401585316,DET,4683024,0
401585317,MIA,6430,36
401585317,MIA,4291678,15
401585317,MIA,4066261,33
401585317,MIA,3074752,30
401585317,MIA,4395725,32
401585317,MIA,3449,15
401585317,MIA,3138160,29
401585317,MIA,4432848,26
401585317,MIA,2581190,25
401585317,MIA,4397134,0
401585317,MIA,4997528,0
401585317,MIA,3934723,0
401585317,MIA,4593049,0
401585317,WSH,3134907,36
401585317,WSH,4278049,32
401585317,WSH,4683021,35
401585317,WSH,3135046,26
401585317,WSH,4277956,33
401585317,WSH,2581184,0
401585317,WSH,4280151,31
401585317,WSH,3064447,6
401585317,WSH,3914044,13
401585317,WSH,4432356,2
401585317,WSH,5104155,25
401585317,WSH,4066410,0
401585317,WSH,4397127,0
401585317,WSH,4433246,0
401585318,PHX,3202,38
401585318,PHX,3102530,23
401585318,PHX,6580,40
401585318,PHX,3135045,31
401585318,PHX,3136193,38
401585318,PHX,3914285,17
401585318,PHX,3136779,10
401585318,PHX,3431,28
401585318,PHX,4065663,15
401585318,PHX,3914283,0
401585318,PHX,3133838,0
401585318,PHX,4395652,0
401585318,PHX,4397102,0
401585318,PHX,4278402,0
401585318,ATL,4701230,38
401585318,ATL,3102529,21
401585318,ATL,3907497,39
401585318,ATL,4277905,42
401585318,ATL,4397136,16
401585318,ATL,4431680,27
401585318,ATL,4004,10
401585318,ATL,4032,13
401585318,ATL,3037789,34
401585318,ATL,4277952,0
401585318,ATL,4432585,0
401585318,ATL,3913180,0
401585318,ATL,4065656,0
401585319,SAC,6578,37
401585319,SAC,3155942,35
401585319,SAC,4594327,28
401585319,SAC,4066259,35
401585319,SAC,4066372,30
401585319,SAC,3136196,16
401585319,SAC,4397693,15
401585319,SAC,4066262,27
401585319,SAC,4278053,16
401585319,SAC,3452,0
401585319,SAC,2596107,0
401585319,SAC,4592402,0
401585319,SAC,4433378,0
401585319,SAC,4702177,0
401585319,IND,3149673,35
401585319,IND,4432170,27
401585319,IND,2530530,23
401585319,IND,4396909,27
401585319,IND,4683634,37
401585319,IND,4278355,18
401585319,IND,5106060,7
401585319,IND,2990984,28
401585319,IND,4395712,0
401585319,IND,4396993,22
401585319,IND,4433076,16
401585319,IND,3999,0
401585319,IND,4397189,0
401585319,IND,4432827,0
401585319,IND,4433254,0
401585320,TOR,4433134,33
401585320,TOR,3134908,20
401585320,TOR,4065670,26
401585320,TOR,4277843,26
401585320,TOR,4395724,30
401585320,TOR,3244,25
401585320,TOR,4066731,14
401585320,TOR,4277883,16
401585320,TOR,4023,4
401585320,TOR,3032979,22
401585320,TOR,5106258,24
401585320,TOR,3948153,0
401585320,TOR,2594922,0
401585320,HOU,3155526,24
401585320,HOU,4432639,24
401585320,HOU,4871144,29
401585320,HOU,2991230,25
401585320,HOU,4437244,27
401585320,HOU,3209,15
401585320,HOU,3136777,17
401585320,HOU,4278588,4
401585320,HOU,5105592,21
401585320,HOU,2528779,10
401585320,HOU,4376,4
401585320,HOU,3922230,12
401585320,HOU,4396629,4
401585320,HOU,4684740,24
401585320,HOU,3146557,0
401585321,GS,6589,28
401585321,GS,3059319,30
401585321,GS,4433247,37
401585321,GS,3975,32
401585321,GS,6475,27
401585321,GS,3155535,11
401585321,GS,4431684,9
401585321,GS,4997536,11
401585321,GS,3943606,2
401585321,GS,4431720,19
401585321,GS,4709138,34
401585321,GS,6446,0
401585321,MEM,4277961,31
401585321,MEM,4593125,21
401585321,MEM,4278378,32
401585321,MEM,3134932,28
401585321,MEM,4397227,31
401585321,MEM,4431673,2
401585321,MEM,4593041,27
401585321,MEM,4597865,16
401585321,MEM,5105550,16
401585321,MEM,3456,16
401585321,MEM,3913174,18
401585321,MEM,4395623,0
401585322,ORL,4432573,35
401585322,ORL,4566434,35
401585322,ORL,4277847,37
401585322,ORL,4066636,23
401585322,ORL,4432165,36
401585322,ORL,2968436,13
401585322,ORL,4065654,20
401585322,ORL,3150844,11
401585322,ORL,2999547,18
401585322,ORL,4432809,12
401585322,ORL,4278052,0
401585322,ORL,4433623,0
401585322,ORL,4348700,0
401585322,ORL,4409222,0
401585322,ORL,4712849,0
401585322,MIN,4431671,32
401585322,MIN,3032976,39
401585322,MIN,3136195,35
401585322,MIN,3195,28
401585322,MIN,4594268,35
401585322,MIN,2993874,16
401585322,MIN,4396971,22
401585322,MIN,3134916,5
401585322,MIN,4278039,27
401585322,MIN,4278508,0
401585322,MIN,4592187,0
401585322,MIN,4277951,0
401585322,MIN,3915195,0
401585323,CHA,4066383,32
401585323,CHA,4433287,32
401585323,CHA,3138161,21
401585323,CHA,4278076,31
401585323,CHA,4576086,25
401585323,CHA,4278078,26
401585323,CHA,4395650,18
401585323,CHA,4702233,6
401585323,CHA,4397371,6
401585323,CHA,4305,16
401585323,CHA,4431712,6
401585323,CHA,4683686,21
401585323,CHA,4230547,0
401585323,OKC,4433255,23
401585323,OKC,4278073,30
401585323,OKC,4397020,19
401585323,OKC,4683692,25
401585323,OKC,4871145,19
401585323,OKC,4066317,18
401585323,OKC,4278046,8
401585323,OKC,4395714,10
401585323,OKC,4432823,18
401585323,OKC,4683018,7
401585323,OKC,4997526,20
401585323,OKC,3102532,14
401585323,OKC,3133626,10
401585323,OKC,4397183,19
401585323,OKC,6426,0
401585324,NO,3913176,36
401585324,NO,4395628,36
401585324,NO,4397688,27
401585324,NO,6477,27
401585324,NO,2490149,39
401585324,NO,4278594,17
401585324,NO,2579258,8
401585324,NO,4277869,19
401585324,NO,4683750,11
401585324,NO,4869342,21
401585324,NO,3908336,0
401585324,NO,4432813,0
401585324,SA,4592479,30
401585324,SA,4610139,31
401585324,SA,5104157,28
401585324,SA,4395626,35
401585324,SA,4395630,36
401585324,SA,2528588,12
401585324,SA,4066650,20
401585324,SA,4565201,16
401585324,SA,3893016,19
401585324,SA,4683935,13
401585324,SA,4278580,0
401585324,SA,4870562,0
401585324,SA,3133601,0
401585325,POR,4431736,24
401585325,POR,4432446,21
401585325,POR,4278129,27
401585325,POR,2566769,36
401585325,POR,4351851,37
401585325,POR,4278111,1
401585325,POR,4594326,14
401585325,POR,4066268,21
401585325,POR,4871140,1
401585325,POR,3907498,23
401585325,POR,4683678,37
401585325,POR,2991070,0
401585325,DEN,3064290,28
401585325,DEN,4278104,35
401585325,DEN,3112335,38
401585325,DEN,2581018,34
401585325,DEN,3936299,33
401585325,DEN,2284101,12
401585325,DEN,4066240,1
401585325,DEN,3442,5
401585325,DEN,4065731,1
401585325,DEN,6443,24
401585325,DEN,4278585,1
401585325,DEN,4431767,8
401585325,DEN,4576087,22
401585325,DEN,4431690,0
401585325,DEN,4432181,0
401585326,BKN,3138196,33
401585326,BKN,4278067,26
401585326,BKN,2580782,26
401585326,BKN,3147657,32
401585326,BKN,4432174,36
401585326,BKN,4065649,8
401585326,BKN,2583632,26
401585326,BKN,4431675,9
401585326,BKN,3907387,14
401585326,BKN,4277890,30
401585326,BKN,2578185,0
401585326,BKN,4065697,0
401585326,PHI,6462,19
401585326,PHI,4278562,15
401585326,PHI,2991155,20
401585326,PHI,3133603,25
401585326,PHI,4431678,31
401585326,PHI,4431828,21
401585326,PHI,4277919,16
401585326,PHI,3964,20
401585326,PHI,3929325,27
401585326,PHI,4432164,26
401585326,PHI,4683940,9
401585326,PHI,4701234,12
401585326,PHI,3416,0
401585326,PHI,6440,0
401585327,GS,6589,35
401585327,GS,3059319,19
401585327,GS,4433247,34
401585327,GS,3975,41
401585327,GS,6475,36
401585327,GS,3155535,15
401585327,GS,4431684,9
401585327,GS,4997536,15
401585327,GS,4431720,23
401585327,GS,4709138,39
401585327,GS,3032978,0
401585327,GS,6446,0
401585327,ATL,4701230,43
401585327,ATL,3102529,25
401585327,ATL,3907497,41
401585327,ATL,3913180,16
401585327,ATL,4277905,42
401585327,ATL,4065732,16
401585327,ATL,4431680,36
401585327,ATL,4004,7
401585327,ATL,3037789,38
401585327,ATL,4277952,0
401585327,ATL,4432585,0
401585327,ATL,4065656,0
401585327,ATL,4431775,0
401585327,ATL,4683736,0
401585328,SAC,6578,35
401585328,SAC,3155942,39
401585328,SAC,4594327,31
401585328,SAC,4066259,35
401585328,SAC,4066372,21
401585328,SAC,3136196,24
401585328,SAC,4397693,0
401585328,SAC,4401416,0
401585328,SAC,3452,7
401585328,SAC,4066262,34
401585328,SAC,4278053,14
401585328,SAC,2596107,0
401585328,SAC,4592402,0
401585328,SAC,4433378,0
401585328,SAC,4702177,0
401585328,CHI,6478,34
401585328,CHI,3978,39
401585328,CHI,2991350,37
401585328,CHI,4395651,36
401585328,CHI,4397002,39
401585328,CHI,4279815,3
401585328,CHI,5105553,13
401585328,CHI,2528693,14
401585328,CHI,6585,14
401585328,CHI,3133635,10
401585328,CHI,4423884,0
401585328,CHI,4438552,0
401585328,CHI,4702023,0
401585329,LAL,1966,40
401585329,LAL,6583,36
401585329,LAL,4066648,19
401585329,LAL,3136776,27
401585329,LAL,4066457,39
401585329,LAL,2990962,33
401585329,LAL,3058254,7
401585329,LAL,4397077,13
401585329,LAL,4432582,26
401585329,LAL,4278077,0
401585329,LAL,4684286,0
401585329,LAL,4433626,0
401585329,NY,4431679,42
401585329,NY,4222252,33
401585329,NY,3062679,42
401585329,NY,3934672,45
401585329,NY,3934673,40
401585329,NY,4277922,15
401585329,NY,4598307,0
401585329,NY,4066668,3
401585329,NY,3913220,0
401585329,NY,4431823,20
401585329,NY,4684737,0
401585329,NY,3986,0
401585329,NY,4592461,0
401585329,NY,6588,0
401585329,NY,2991047,0
401585329,NY,4066508,0
401585330,MIL,6609,38
401585330,MIL,3032977,40
401585330,MIL,3447,4
401585330,MIL,3907822,33
401585330,MIL,6606,38
401585330,MIL,6581,21
401585330,MIL,3064482,31
401585330,MIL,4065652,0
401585330,MIL,3064230,10
401585330,MIL,2578239,18
401585330,MIL,4397475,6
401585330,MIL,3102533,0
401585330,MIL,4432179,0
401585330,MIL,4433622,0
401585330,DAL,2960236,34
401585330,DAL,3936099,35
401585330,DAL,4066218,23
401585330,DAL,3945274,42
401585330,DAL,4432811,38
401585330,DAL,2531367,19
401585330,DAL,2528210,38
401585330,DAL,4868423,11
401585330,DAL,6461,0
401585330,DAL,2993370,0
401585330,DAL,2326307,0
401585330,DAL,4067017,0
401585330,DAL,4397040,0
401585331,CLE,4066328,31
401585331,CLE,4432158,24
401585331,CLE,3908809,35
401585331,CLE,4065778,29
401585331,CLE,4396907,23
401585331,CLE,2990969,18
401585331,CLE,3912848,14
401585331,CLE,4432822,25
401585331,CLE,3064559,2
401585331,CLE,2991043,25
401585331,CLE,4066757,14
401585331,CLE,4701233,1
401585331,SA,4592479,23
401585331,SA,4610139,29
401585331,SA,5104157,27
401585331,SA,4395626,28
401585331,SA,4395630,34
401585331,SA,2528588,20
401585331,SA,4066650,20
401585331,SA,4395723,22
401585331,SA,4565201,10
401585331,SA,3893016,16
401585331,SA,4683935,11
401585331,SA,4278580,0
401585331,SA,3133601,0
401585332,ORL,4432573,35
401585332,ORL,4566434,36
401585332,ORL,4277847,28
401585332,ORL,4066636,23
401585332,ORL,4432165,28
401585332,ORL,2968436,15
401585332,ORL,4065654,21
401585332,ORL,3150844,20
401585332,ORL,2999547,24
401585332,ORL,4432809,11
401585332,ORL,4712849,0
401585332,ORL,4278052,0
401585332,ORL,4433623,0
401585332,ORL,4348700,0
401585332,DET,4278075,13
401585332,DET,3593,33
401585332,DET,4433621,27
401585332,DET,4432166,32
401585332,DET,4433218,35
401585332,DET,3428,16
401585332,DET,2490089,14
401585332,DET,4432808,5
401585332,DET,3059310,9
401585332,DET,6429,20
401585332,DET,4432107,10
401585332,DET,4684742,27
401585332,DET,2528794,0
401585332,DET,4683024,0
401585333,PHX,3202,26
401585333,PHX,3102530,25
401585333,PHX,6580,31
401585333,PHX,3135045,27
401585333,PHX,3136193,26
401585333,PHX,3914283,8
401585333,PHX,3914285,15
401585333,PHX,3133838,8
401585333,PHX,3136779,8
401585333,PHX,4395652,8
401585333,PHX,4397102,15
401585333,PHX,3431,19
401585333,PHX,4065663,16
401585333,PHX,4278402,9
401585333,WSH,4278049,25
401585333,WSH,4683021,25
401585333,WSH,3135046,24
401585333,WSH,4277956,20
401585333,WSH,5104155,25
401585333,WSH,2581184,7
401585333,WSH,4066410,23
401585333,WSH,4280151,25
401585333,WSH,3064447,13
401585333,WSH,3914044,21
401585333,WSH,4397127,7
401585333,WSH,4432356,18
401585333,WSH,4433246,7
401585334,MEM,4593041,33
401585334,MEM,5105550,36
401585334,MEM,4395623,23
401585334,MEM,4278378,36
401585334,MEM,3913174,25
401585334,MEM,4431673,30
401585334,MEM,4597865,29
401585334,MEM,4431785,27
401585334,MEM,4593125,0
401585334,MEM,3456,0
401585334,MEM,3134932,0
401585334,MEM,4397227,0
401585334,BOS,4065648,31
401585334,BOS,3213,23
401585334,BOS,3102531,28
401585334,BOS,3995,27
401585334,BOS,3078576,28
401585334,BOS,4065804,24
401585334,BOS,4066405,7
401585334,BOS,4397885,7
401585334,BOS,4278031,11
401585334,BOS,3064560,15
401585334,BOS,4397424,10
401585334,BOS,3133602,7
401585334,BOS,4066354,15
401585334,BOS,4683689,9
401585335,IND,3149673,35
401585335,IND,3133628,26
401585335,IND,4395712,27
401585335,IND,4396909,34
401585335,IND,4396993,20
401585335,IND,4278355,11
401585335,IND,4397189,20
401585335,IND,4432170,2
401585335,IND,5106060,2
401585335,IND,2530530,21
401585335,IND,2990984,12
401585335,IND,4433076,2
401585335,IND,4433254,2
401585335,IND,4683634,27
401585335,IND,3999,0
401585335,CHA,4066383,38
401585335,CHA,4433287,38
401585335,CHA,4278076,33
401585335,CHA,4305,26
401585335,CHA,4576086,16
401585335,CHA,4278078,32
401585335,CHA,4395650,19
401585335,CHA,4702233,10
401585335,CHA,4397371,2
401585335,CHA,4431712,2
401585335,CHA,4683686,25
401585335,CHA,4230547,0
401585336,LAC,4251,33
401585336,LAC,6450,35
401585336,LAC,4017837,18
401585336,LAC,3992,42
401585336,LAC,3907823,20
401585336,LAC,2488653,26
401585336,LAC,3468,15
401585336,LAC,2595516,28
401585336,LAC,4066387,23
401585336,LAC,3033,0
401585336,LAC,2451037,0
401585336,LAC,4431752,0
401585336,LAC,4432162,0
401585336,LAC,4592492,0
401585336,MIA,6430,36
401585336,MIA,4291678,27
401585336,MIA,4066261,35
401585336,MIA,2581190,33
401585336,MIA,3074752,38
401585336,MIA,3449,15
401585336,MIA,3138160,31
401585336,MIA,4432848,26
401585336,MIA,4397134,0
401585336,MIA,4997528,0
401585336,MIA,3934723,0
401585336,MIA,4593049,0
401585336,MIA,4395725,0
401585337,HOU,3155526,28
401585337,HOU,4432639,19
401585337,HOU,4871144,31
401585337,HOU,2991230,32
401585337,HOU,4437244,30
401585337,HOU,3209,16
401585337,HOU,3136777,10
401585337,HOU,4278588,4
401585337,HOU,5105592,19
401585337,HOU,2528779,5
401585337,HOU,3146557,7
401585337,HOU,3922230,16
401585337,HOU,4396629,4
401585337,HOU,4684740,20
401585337,HOU,4376,0
401585337,MIN,4431671,29
401585337,MIN,3032976,31
401585337,MIN,3136195,27
401585337,MIN,3195,25
401585337,MIN,4594268,34
401585337,MIN,2993874,17
401585337,MIN,4278508,4
401585337,MIN,4592187,4
401585337,MIN,4277951,4
401585337,MIN,4396971,22
401585337,MIN,3915195,4
401585337,MIN,3134916,17
401585337,MIN,4278039,21
401585338,TOR,4395625,43
401585338,TOR,4433134,48
401585338,TOR,3134908,33
401585338,TOR,4277843,40
401585338,TOR,4395724,43
401585338,TOR,3244,19
401585338,TOR,3032979,36
401585338,TOR,4065670,18
401585338,TOR,5106258,10
401585338,TOR,3948153,0
401585338,TOR,4066731,0
401585338,TOR,2594922,0
401585338,TOR,4277883,0
401585338,TOR,4023,0
401585338,OKC,4433255,41
401585338,OKC,4278073,48
401585338,OKC,4397020,41
401585338,OKC,4683692,18
401585338,OKC,4871145,41
401585338,OKC,4066317,5
401585338,OKC,4432823,14
401585338,OKC,4997526,9
401585338,OKC,3102532,14
401585338,OKC,3133626,26
401585338,OKC,4397183,33
401585338,OKC,4278046,0
401585338,OKC,4395714,0
401585338,OKC,4683018,0
401585338,OKC,6426,0
401585339,MIL,6581,40
401585339,MIL,3032977,40
401585339,MIL,3064482,36
401585339,MIL,3907822,30
401585339,MIL,6606,38
401585339,MIL,4432179,1
401585339,MIL,4433622,1
401585339,MIL,3447,4
401585339,MIL,4065652,0
401585339,MIL,3064230,10
401585339,MIL,2578239,18
401585339,MIL,4397475,22
401585339,MIL,4432190,1
401585339,MIL,3102533,0
401585339,UTAH,3899664,24
401585339,UTAH,3908845,24
401585339,UTAH,4066336,36
401585339,UTAH,2991139,22
401585339,UTAH,4277811,25
401585339,UTAH,2489663,21
401585339,UTAH,4433136,27
401585339,UTAH,2528426,26
401585339,UTAH,4397018,10
401585339,UTAH,4433627,25
401585339,UTAH,4423309,0
401585339,UTAH,4396991,0
401585339,UTAH,3074213,0
401585340,POR,4432446,30
401585340,POR,4594326,20
401585340,POR,4278129,39
401585340,POR,3907498,34
401585340,POR,4351851,39
401585340,POR,4278111,10
401585340,POR,4431736,23
401585340,POR,4066268,13
401585340,POR,4683678,33
401585340,POR,2991070,0
401585340,POR,4397126,0
401585340,POR,4871140,0
401585340,POR,5099752,0
401585340,DEN,3064290,30
401585340,DEN,4278104,24
401585340,DEN,3112335,34
401585340,DEN,2581018,31
401585340,DEN,3936299,34
401585340,DEN,3442,8
401585340,DEN,6443,21
401585340,DEN,4431767,28
401585340,DEN,4576087,30
401585340,DEN,2284101,0
401585340,DEN,4066240,0
401585340,DEN,4431690,0
401585340,DEN,4065731,0
401585340,DEN,4278585,0
401585341,LAL,1966,40
401585341,LAL,6583,37
401585341,LAL,4066648,29
401585341,LAL,3136776,40
401585341,LAL,4066457,36
401585341,LAL,2990962,19
401585341,LAL,3058254,10
401585341,LAL,4397077,11
401585341,LAL,4432582,18
401585341,LAL,4684286,0
401585341,LAL,4066269,0
401585341,LAL,4433626,0
401585341,CHA,4066383,40
401585341,CHA,4395650,16
401585341,CHA,4433287,33
401585341,CHA,4278076,32
401585341,CHA,4305,34
401585341,CHA,4278078,34
401585341,CHA,4702233,7
401585341,CHA,4576086,24
401585341,CHA,4683686,20
401585341,CHA,4397371,0
401585341,CHA,4230547,0
401585341,CHA,4431712,0
401585342,SAC,6578,30
401585342,SAC,3155942,34
401585342,SAC,4594327,30
401585342,SAC,4066259,35
401585342,SAC,4066372,31
401585342,SAC,3136196,19
401585342,SAC,4397693,9
401585342,SAC,3452,6
401585342,SAC,2596107,3
401585342,SAC,4592402,3
401585342,SAC,4066262,24
401585342,SAC,4278053,9
401585342,SAC,4433378,3
401585342,SAC,4702177,3
401585342,CLE,4066328,30
401585342,CLE,4432158,28
401585342,CLE,3908809,33
401585342,CLE,4065778,26
401585342,CLE,4396907,28
401585342,CLE,2990969,15
401585342,CLE,3912848,15
401585342,CLE,4432822,25
401585342,CLE,3064559,3
401585342,CLE,2991043,24
401585342,CLE,4066757,11
401585342,CLE,4701233,3
401585343,DAL,2960236,28
401585343,DAL,3936099,15
401585343,DAL,6442,35
401585343,DAL,3945274,36
401585343,DAL,4432811,32
401585343,DAL,2531367,16
401585343,DAL,2993370,5
401585343,DAL,4066218,28
401585343,DAL,4595400,3
401585343,DAL,2528210,22
401585343,DAL,4067017,5
401585343,DAL,4397040,3
401585343,DAL,4868423,15
401585343,DAL,6461,0
401585343,DAL,2326307,0
401585343,PHI,6440,35
401585343,PHI,4278562,22
401585343,PHI,2991155,12
401585343,PHI,3133603,32
401585343,PHI,4431678,33
401585343,PHI,6462,24
401585343,PHI,4431828,6
401585343,PHI,4277919,18
401585343,PHI,3964,21
401585343,PHI,3929325,6
401585343,PHI,4432164,21
401585343,PHI,4683940,6
401585343,PHI,4701234,6
401585344,LAC,4251,32
401585344,LAC,6450,37
401585344,LAC,2488653,21
401585344,LAC,3992,39
401585344,LAC,3907823,21
401585344,LAC,2451037,20
401585344,LAC,3468,26
401585344,LAC,2595516,18
401585344,LAC,4066387,26
401585344,LAC,3033,0
401585344,LAC,4431752,0
401585344,LAC,4432162,0
401585344,LAC,4592492,0
401585344,ATL,4431680,34
401585344,ATL,4701230,37
401585344,ATL,3907497,34
401585344,ATL,4277905,36
401585344,ATL,4397136,33
401585344,ATL,4065732,19
401585344,ATL,4277952,14
401585344,ATL,4032,6
401585344,ATL,3037789,27
401585344,ATL,4432585,0
401585344,ATL,4004,0
401585344,ATL,3913180,0
401585344,ATL,4065656,0
401585345,GS,6589,30
401585345,GS,4433247,33
401585345,GS,3975,34
401585345,GS,6475,30
401585345,GS,4709138,38
401585345,GS,3032978,4
401585345,GS,3155535,13
401585345,GS,4997536,18
401585345,GS,4431720,24
401585345,GS,4432171,15
401585345,GS,4431684,0
401585345,GS,6446,0
401585345,BKN,3138196,27
401585345,BKN,4278067,32
401585345,BKN,2580782,39
401585345,BKN,3147657,43
401585345,BKN,4432174,36
401585345,BKN,2583632,27
401585345,BKN,4065697,31
401585345,BKN,4277890,5
401585345,BKN,4065649,0
401585345,BKN,2578185,0
401585345,BKN,4431675,0
401585345,BKN,4432194,0
401585346,TOR,4433134,25
401585346,TOR,3134908,28
401585346,TOR,4065670,26
401585346,TOR,4277843,15
401585346,TOR,4395724,24
401585346,TOR,3244,15
401585346,TOR,3948153,12
401585346,TOR,4066731,12
401585346,TOR,4277883,24
401585346,TOR,4023,12
401585346,TOR,3032979,18
401585346,TOR,5106258,30
401585346,TOR,2594922,0
401585346,NO,3913176,30
401585346,NO,4277813,22
401585346,NO,4395628,22
401585346,NO,6477,20
401585346,NO,2490149,23
401585346,NO,2580365,20
401585346,NO,4278594,19
401585346,NO,4397688,25
401585346,NO,2579258,5
401585346,NO,4277869,25
401585346,NO,4683750,7
401585346,NO,4869342,21
401585347,HOU,3155526,31
401585347,HOU,4432639,40
401585347,HOU,4871144,36
401585347,HOU,4437244,33
401585347,HOU,4684740,34
401585347,HOU,3209,11
401585347,HOU,3136777,14
401585347,HOU,5105592,21
401585347,HOU,3922230,20
401585347,HOU,4278588,0
401585347,HOU,2528779,0
401585347,HOU,4376,0
401585347,HOU,3146557,0
401585347,HOU,4396629,0
401585347,IND,3149673,35
401585347,IND,3133628,29
401585347,IND,4395712,31
401585347,IND,4396909,33
401585347,IND,4396993,29
401585347,IND,4278355,16
401585347,IND,4397189,17
401585347,IND,4432170,2
401585347,IND,2530530,19
401585347,IND,2990984,24
401585347,IND,4433076,4
401585347,IND,3999,0
401585347,IND,5106060,0
401585347,IND,4432827,0
401585347,IND,4433254,0
401585348,DAL,2960236,30
401585348,DAL,3936099,22
401585348,DAL,6442,40
401585348,DAL,3945274,43
401585348,DAL,4432811,33
401585348,DAL,2531367,18
401585348,DAL,4066218,21
401585348,DAL,2528210,25
401585348,DAL,4868423,8
401585348,DAL,6461,0
401585348,DAL,2993370,0
401585348,DAL,4595400,0
401585348,DAL,2326307,0
401585348,DAL,4067017,0
401585348,DAL,4397040,0
401585348,BKN,4278067,35
401585348,BKN,2580782,35
401585348,BKN,3147657,39
401585348,BKN,3907387,20
401585348,BKN,4432174,37
401585348,BKN,2583632,32
401585348,BKN,4431675,3
401585348,BKN,4431714,18
401585348,BKN,4712896,4
401585348,BKN,4065697,18
401585348,BKN,4065649,0
401585348,BKN,4432192,0
401585349,ORL,4432573,34
401585349,ORL,4566434,35
401585349,ORL,4277847,28
401585349,ORL,4066636,28
401585349,ORL,4432165,28
401585349,ORL,2968436,15
401585349,ORL,4065654,10
401585349,ORL,4278052,3
401585349,ORL,4433623,3
401585349,ORL,3150844,16
401585349,ORL,4348700,3
401585349,ORL,2999547,19
401585349,ORL,4432809,14
401585349,ORL,4712849,3
401585349,MIA,6430,34
401585349,MIA,3138160,25
401585349,MIA,4066261,30
401585349,MIA,3074752,31
401585349,MIA,4395725,26
401585349,MIA,3449,15
401585349,MIA,3157465,22
401585349,MIA,4291678,3
401585349,MIA,4432848,23
401585349,MIA,4593049,3
401585349,MIA,2581190,27
401585349,MIA,4997528,0
401585349,MIA,3934723,0
401585350,MEM,4593125,23
401585350,MEM,4395623,32
401585350,MEM,4278378,24
401585350,MEM,3134932,26
401585350,MEM,4397227,35
401585350,MEM,4593041,23
401585350,MEM,4597865,21
401585350,MEM,5105550,21
401585350,MEM,3456,12
401585350,MEM,3913174,24
401585350,MEM,4431673,0
401585350,NY,4431679,40
401585350,NY,4222252,35
401585350,NY,3062679,37
401585350,NY,3934672,31
401585350,NY,3934673,40
401585350,NY,3986,13
401585350,NY,4066668,12
401585350,NY,4431823,31
401585350,NY,4592461,0
401585350,NY,6588,0
401585350,NY,2991047,0
401585350,NY,4066508,0
401585351,MIN,4431671,40
401585351,MIN,3032976,44
401585351,MIN,3136195,39
401585351,MIN,3195,36
401585351,MIN,4594268,44
401585351,MIN,2993874,16
401585351,MIN,4396971,20
401585351,MIN,3134916,7
401585351,MIN,4278039,19
401585351,MIN,4278508,0
401585351,MIN,4592187,0
401585351,MIN,4687718,0
401585351,MIN,5044385,0
401585351,MIN,3915195,0
401585351,CHI,6478,43
401585351,CHI,6585,35
401585351,CHI,3978,43
401585351,CHI,2991350,35
401585351,CHI,4395651,42
401585351,CHI,5105553,9
401585351,CHI,2528693,22
401585351,CHI,3133635,7
401585351,CHI,4397002,29
401585351,CHI,4279815,0
401585351,CHI,4423884,0
401585351,CHI,4438552,0
401585351,CHI,4702023,0
401585351,CHI,4433159,0
401585352,OKC,4433255,31
401585352,OKC,4278073,36
401585352,OKC,4397020,30
401585352,OKC,4593803,35
401585352,OKC,4871145,26
401585352,OKC,4066317,0
401585352,OKC,4432823,13
401585352,OKC,4997526,11
401585352,OKC,3102532,11
401585352,OKC,3133626,13
401585352,OKC,4397183,17
401585352,OKC,4683692,16
401585352,OKC,4683018,0
401585352,OKC,4432819,0
401585352,UTAH,3899664,25
401585352,UTAH,3908845,29
401585352,UTAH,4066336,36
401585352,UTAH,2991139,27
401585352,UTAH,4277811,26
401585352,UTAH,2489663,16
401585352,UTAH,4423309,6
401585352,UTAH,4433136,21
401585352,UTAH,2528426,27
401585352,UTAH,4433627,27
401585352,UTAH,4396991,0
401585352,UTAH,3074213,0
401585353,MIL,6609,8
401585353,MIL,3032977,39
401585353,MIL,3447,18
401585353,MIL,3907822,36
401585353,MIL,2578239,32
401585353,MIL,6581,40
401585353,MIL,3064482,31
401585353,MIL,3064230,23
401585353,MIL,4397475,13
401585353,MIL,3102533,0
401585353,MIL,4432179,0
401585353,MIL,4432190,0
401585353,PHX,3202,39
401585353,PHX,3102530,32
401585353,PHX,6580,38
401585353,PHX,3135045,34
401585353,PHX,3136193,38
401585353,PHX,3914285,16
401585353,PHX,3133838,0
401585353,PHX,4397102,17
401585353,PHX,3431,22
401585353,PHX,4065663,4
401585353,PHX,4278402,0
401585353,PHX,3914283,0
401585353,PHX,3136779,0
401585353,PHX,4395652,0
401585353,PHX,4066299,0
401585354,TOR,4395625,33
401585354,TOR,4433134,36
401585354,TOR,3134908,33
401585354,TOR,4277843,28
401585354,TOR,4395724,31
401585354,TOR,3244,15
401585354,TOR,3032979,27
401585354,TOR,4065670,22
401585354,TOR,5106258,15
401585354,TOR,3948153,0
401585354,TOR,4066731,0
401585354,TOR,2594922,0
401585354,TOR,4277883,0
401585354,TOR,4023,0
401585354,TOR,4397511,0
401585354,CHA,4066383,38
401585354,CHA,4395650,23
401585354,CHA,4433287,41
401585354,CHA,3138161,28
401585354,CHA,4278076,28
401585354,CHA,4278078,31
401585354,CHA,4397371,6
401585354,CHA,4305,16
401585354,CHA,4576086,15
401585354,CHA,4683686,13
401585354,CHA,4702233,0
401585354,CHA,4431712,0
401585356,CLE,4066328,37
401585356,CLE,4432158,25
401585356,CLE,3908809,38
401585356,CLE,4065778,28
401585356,CLE,4396907,28
401585356,CLE,2990969,17
401585356,CLE,3912848,12
401585356,CLE,4432822,28
401585356,CLE,2991043,13
401585356,CLE,4066757,14
401585356,CLE,3064559,0
401585356,CLE,4701233,0
401585356,WSH,3134907,32
401585356,WSH,4278049,35
401585356,WSH,4683021,20
401585356,WSH,3135046,29
401585356,WSH,4277956,25
401585356,WSH,4066410,13
401585356,WSH,4280151,33
401585356,WSH,3064447,13
401585356,WSH,3914044,12
401585356,WSH,5104155,28
401585356,WSH,2581184,0
401585356,WSH,4397127,0
401585356,WSH,4432356,0
401585355,GS,6589,18
401585355,GS,3059319,23
401585355,GS,4433247,29
401585355,GS,3975,25
401585355,GS,6475,28
401585355,GS,3032978,14
401585355,GS,3155535,17
401585355,GS,4431684,4
401585355,GS,4997536,8
401585355,GS,6446,5
401585355,GS,4431720,24
401585355,GS,4432171,19
401585355,GS,4709138,25
401585355,PHI,6440,29
401585355,PHI,4278562,31
401585355,PHI,3133603,25
401585355,PHI,4431678,30
401585355,PHI,4432164,23
401585355,PHI,4431828,29
401585355,PHI,4585610,5
401585355,PHI,4277919,9
401585355,PHI,3964,23
401585355,PHI,3929325,16
401585355,PHI,4683940,10
401585355,PHI,4701234,10
401585357,ATL,4431680,36
401585357,ATL,4701230,36
401585357,ATL,3037789,35
401585357,ATL,4277905,38
401585357,ATL,4397136,36
401585357,ATL,4065732,23
401585357,ATL,4277952,12
401585357,ATL,4004,10
401585357,ATL,3913180,14
401585357,ATL,4432585,0
401585357,ATL,4032,0
401585357,ATL,3907497,0
401585357,BOS,4065648,36
401585357,BOS,3213,36
401585357,BOS,3102531,31
401585357,BOS,3078576,35
401585357,BOS,3917376,34
401585357,BOS,4065804,25
401585357,BOS,4278031,6
401585357,BOS,3064560,21
401585357,BOS,4066354,16
401585357,BOS,4397885,0
401585357,BOS,4397424,0
401585357,BOS,3133602,0
401585357,BOS,4683689,0
401585358,SA,4592479,19
401585358,SA,4610139,29
401585358,SA,5104157,28
401585358,SA,4395626,31
401585358,SA,4395630,32
401585358,SA,2528588,10
401585358,SA,4066650,17
401585358,SA,4278580,3
401585358,SA,4395723,25
401585358,SA,4565201,8
401585358,SA,3893016,22
401585358,SA,4683935,16
401585358,SA,3133601,0
401585358,MIA,6430,34
401585358,MIA,3138160,25
401585358,MIA,4066261,29
401585358,MIA,3074752,28
401585358,MIA,4395725,29
401585358,MIA,3449,17
401585358,MIA,3157465,19
401585358,MIA,4432848,28
401585358,MIA,4997528,2
401585358,MIA,4593049,2
401585358,MIA,2581190,26
401585358,MIA,3934723,0
401585359,NO,3913176,36
401585359,NO,4277813,30
401585359,NO,4395628,35
401585359,NO,6477,11
401585359,NO,2490149,36
401585359,NO,2580365,27
401585359,NO,4397688,23
401585359,NO,4432813,2
401585359,NO,2579258,2
401585359,NO,4277869,13
401585359,NO,4683750,2
401585359,NO,4869342,22
401585359,LAC,4251,28
401585359,LAC,6450,33
401585359,LAC,4017837,21
401585359,LAC,3992,38
401585359,LAC,3907823,25
401585359,LAC,2451037,7
401585359,LAC,2488653,15
401585359,LAC,3468,18
401585359,LAC,2595516,26
401585359,LAC,4066387,21
401585359,LAC,4431752,3
401585359,LAC,4432162,3
401585359,LAC,3033,0
401585359,LAC,4592492,0
401585360,DET,2490089,25
401585360,DET,4433621,37
401585360,DET,4433218,38
401585360,DET,4683024,28
401585360,DET,4684742,27
401585360,DET,3428,11
401585360,DET,2528794,12
401585360,DET,6429,28
401585360,DET,4432107,32
401585360,DET,3593,0
401585360,DET,4432808,0
401585360,DET,4432166,0
401585360,SAC,6578,24
401585360,SAC,3155942,41
401585360,SAC,4594327,20
401585360,SAC,4066259,35
401585360,SAC,4066372,34
401585360,SAC,3136196,23
401585360,SAC,3893014,6
401585360,SAC,4066262,34
401585360,SAC,4278053,23
401585360,SAC,4397693,0
401585360,SAC,3452,0
401585360,SAC,4433378,0
401585360,SAC,4702177,0
401585361,GS,6589,28
401585361,GS,3059319,26
401585361,GS,4433247,33
401585361,GS,3975,30
401585361,GS,4709138,34
401585361,GS,3032978,18
401585361,GS,3155535,5
401585361,GS,4431684,4
401585361,GS,4997536,21
401585361,GS,3943606,2
401585361,GS,4431720,27
401585361,GS,4432171,13
401585361,IND,3149673,30
401585361,IND,3133628,23
401585361,IND,4395712,25
401585361,IND,4396909,26
401585361,IND,4396993,26
401585361,IND,4278355,20
401585361,IND,4397189,13
401585361,IND,4432170,11
401585361,IND,2530530,22
401585361,IND,4433076,20
401585361,IND,4683634,24
401585362,SA,4592479,21
401585362,SA,4610139,28
401585362,SA,5104157,23
401585362,SA,4395626,23
401585362,SA,4395630,35
401585362,SA,4066650,25
401585362,SA,4395723,24
401585362,SA,4565201,20
401585362,SA,3893016,15
401585362,SA,4683935,25
401585362,SA,4278580,0
401585362,SA,3133601,0
401585362,ORL,4432573,31
401585362,ORL,4566434,28
401585362,ORL,4277847,26
401585362,ORL,4066636,25
401585362,ORL,4432165,29
401585362,ORL,2968436,16
401585362,ORL,4065654,19
401585362,ORL,4278052,3
401585362,ORL,4433623,3
401585362,ORL,3150844,16
401585362,ORL,4348700,3
401585362,ORL,2999547,19
401585362,ORL,4432809,19
401585362,ORL,4712849,3
401585363,CLE,4066328,30
401585363,CLE,4432158,26
401585363,CLE,3908809,30
401585363,CLE,4065778,21
401585363,CLE,4396907,29
401585363,CLE,2990969,23
401585363,CLE,3912848,16
401585363,CLE,4432822,24
401585363,CLE,3064559,3
401585363,CLE,2991043,23
401585363,CLE,4066757,12
401585363,CLE,4701233,3
401585363,BKN,4431714,40
401585363,BKN,4278067,25
401585363,BKN,3147657,35
401585363,BKN,3907387,20
401585363,BKN,4432174,30
401585363,BKN,4431675,26
401585363,BKN,4712896,23
401585363,BKN,4065697,26
401585363,BKN,4432192,14
401585363,BKN,2578185,0
401585363,BKN,3138196,0
401585363,BKN,4277890,0
401585364,DAL,2960236,27
401585364,DAL,3936099,30
401585364,DAL,6442,36
401585364,DAL,3945274,40
401585364,DAL,4432811,32
401585364,DAL,6461,6
401585364,DAL,2531367,21
401585364,DAL,4595400,1
401585364,DAL,2528210,30
401585364,DAL,4067017,1
401585364,DAL,4397040,1
401585364,DAL,4868423,14
401585364,NY,4431679,41
401585364,NY,4222252,15
401585364,NY,3062679,39
401585364,NY,3934673,43
401585364,NY,4431823,45
401585364,NY,3986,22
401585364,NY,4592461,12
401585364,NY,4066508,22
401585364,NY,3064514,0
401585364,NY,3934719,0
401585364,NY,4277922,0
401585364,NY,4397235,0
401585364,NY,3934672,0
401585365,CHI,6478,39
401585365,CHI,3978,38
401585365,CHI,2991350,29
401585365,CHI,4395651,36
401585365,CHI,4397002,27
401585365,CHI,5105553,8
401585365,CHI,2528693,16
401585365,CHI,6585,31
401585365,CHI,3133635,16
401585365,CHI,4279815,0
401585365,CHI,4423884,0
401585365,CHI,4438552,0
401585365,CHI,4702023,0
401585365,CHI,4433159,0
401585365,MEM,4277961,32
401585365,MEM,4593125,37
401585365,MEM,3134932,30
401585365,MEM,4397227,37
401585365,MEM,4431785,29
401585365,MEM,3914283,0
401585365,MEM,4431673,0
401585365,MEM,4597865,8
401585365,MEM,5105550,32
401585365,MEM,3133838,0
401585365,MEM,4395623,15
401585365,MEM,4278378,20
401585365,MEM,2527963,0
401585365,MEM,4433137,0
401585365,MEM,3456,0
401585365,MEM,3913174,0
401585366,MIN,4431671,19
401585366,MIN,3032976,35
401585366,MIN,3136195,30
401585366,MIN,3195,31
401585366,MIN,4594268,36
401585366,MIN,2993874,24
401585366,MIN,4592187,4
401585366,MIN,4687718,4
401585366,MIN,5044385,3
401585366,MIN,4277951,3
401585366,MIN,4396971,24
401585366,MIN,4432176,3
401585366,MIN,4278039,25
401585366,MIL,6581,37
401585366,MIL,3032977,27
401585366,MIL,3448,26
401585366,MIL,3907822,33
401585366,MIL,2578239,37
401585366,MIL,3064482,29
401585366,MIL,3102533,5
401585366,MIL,4432179,5
401585366,MIL,4397475,22
401585366,MIL,4432190,18
401585366,MIL,6606,0
401585367,UTAH,3908845,31
401585367,UTAH,4066336,34
401585367,UTAH,4433136,27
401585367,UTAH,2991139,24
401585367,UTAH,4277811,24
401585367,UTAH,4423309,2
401585367,UTAH,4684806,18
401585367,UTAH,4396991,14
401585367,UTAH,3074213,2
401585367,UTAH,2528426,32
401585367,UTAH,4397916,1
401585367,UTAH,4432817,2
401585367,UTAH,4433627,30
401585367,UTAH,4066399,0
401585367,PHX,3202,35
401585367,PHX,3102530,28
401585367,PHX,3431,38
401585367,PHX,6580,37
401585367,PHX,3135045,35
401585367,PHX,3914285,18
401585367,PHX,4395652,16
401585367,PHX,4066299,1
401585367,PHX,4397102,14
401585367,PHX,4683027,1
401585367,PHX,4065663,14
401585367,PHX,4278124,1
401585368,DEN,2284101,22
401585368,DEN,3064290,32
401585368,DEN,4278104,38
401585368,DEN,3112335,36
401585368,DEN,3936299,36
401585368,DEN,3442,11
401585368,DEN,6443,26
401585368,DEN,4431767,13
401585368,DEN,4576087,25
401585368,DEN,4431690,0
401585368,DEN,4065731,0
401585368,DEN,4278585,0
401585368,DEN,4432181,0
401585368,LAL,1966,35
401585368,LAL,6583,38
401585368,LAL,4066648,38
401585368,LAL,4066457,36
401585368,LAL,4432582,15
401585368,LAL,2990962,34
401585368,LAL,3058254,19
401585368,LAL,4397077,17
401585368,LAL,4066269,7
401585368,LAL,4684286,0
401585368,LAL,3136776,0
401585368,LAL,4433626,0
401585369,DET,2490089,17
401585369,DET,4433621,37
401585369,DET,4432166,39
401585369,DET,4433218,48
401585369,DET,4684742,29
401585369,DET,4432808,16
401585369,DET,4279532,29
401585369,DET,4397119,13
401585369,DET,4432107,38
401585369,DET,4432810,0
401585369,DET,4871137,0
401585369,POR,2991070,45
401585369,POR,4431736,36
401585369,POR,4432446,43
401585369,POR,3907498,38
401585369,POR,4351851,25
401585369,POR,4278111,12
401585369,POR,4594326,28
401585369,POR,4871140,10
401585369,POR,4395722,28
401585369,POR,4066268,0
401585369,POR,4683678,0
401585369,POR,5099752,0
401585370,ATL,4431680,34
401585370,ATL,4701230,38
401585370,ATL,3037789,34
401585370,ATL,4277905,40
401585370,ATL,4397136,34
401585370,ATL,4065732,24
401585370,ATL,4277952,14
401585370,ATL,3913180,14
401585370,ATL,4065656,8
401585370,ATL,4432585,0
401585370,ATL,4032,0
401585370,ATL,3907497,0
401585370,PHI,6440,39
401585370,PHI,4278562,32
401585370,PHI,3064230,36
401585370,PHI,2990984,40
401585370,PHI,3133603,40
401585370,PHI,4431828,19
401585370,PHI,4277919,16
401585370,PHI,4683940,13
401585370,PHI,4701234,7
401585370,PHI,3416,0
401585370,PHI,4585610,0
401585371,WSH,3134907,37
401585371,WSH,4683021,42
401585371,WSH,3135046,37
401585371,WSH,4277956,37
401585371,WSH,5104155,33
401585371,WSH,4066410,13
401585371,WSH,4280151,24
401585371,WSH,3064447,4
401585371,WSH,3914044,14
401585371,WSH,2581184,0
401585371,WSH,4397127,0
401585371,WSH,4432356,0
401585371,BOS,4065648,38
401585371,BOS,3102531,33
401585371,BOS,3995,34
401585371,BOS,3078576,33
401585371,BOS,3917376,35
401585371,BOS,4065804,16
401585371,BOS,3213,23
401585371,BOS,3064560,11
401585371,BOS,4066354,17
401585371,BOS,4397689,0
401585371,BOS,4278031,0
401585371,BOS,3133602,0
401585371,BOS,4576085,0
401585371,BOS,4683689,0
401585372,HOU,3155526,30
401585372,HOU,4432639,33
401585372,HOU,4871144,21
401585372,HOU,4437244,22
401585372,HOU,4684740,32
401585372,HOU,3209,27
401585372,HOU,3136777,15
401585372,HOU,5105592,18
401585372,HOU,2528779,11
401585372,HOU,3922230,31
401585372,HOU,4278588,0
401585372,HOU,4376,0
401585372,HOU,3146557,0
401585372,HOU,4396629,0
401585372,TOR,4395625,36
401585372,TOR,4433134,35
401585372,TOR,3134908,37
401585372,TOR,4277843,34
401585372,TOR,4395724,38
401585372,TOR,4277883,7
401585372,TOR,4278103,11
401585372,TOR,4065670,22
401585372,TOR,5106258,20
401585372,TOR,2489663,0
401585372,TOR,3948153,0
401585372,TOR,4066731,0
401585372,TOR,4023,0
401585372,TOR,4397018,0
401585372,TOR,4397511,0
401585373,CHA,4066383,31
401585373,CHA,4395650,30
401585373,CHA,4433287,29
401585373,CHA,3138161,24
401585373,CHA,4278076,30
401585373,CHA,4702233,19
401585373,CHA,4397371,18
401585373,CHA,4305,0
401585373,CHA,4230547,0
401585373,CHA,4431712,0
401585373,CHA,4576086,30
401585373,CHA,4683686,24
401585373,CHA,5105638,4
401585373,CHA,6426,0
401585373,CHA,4432819,0
401585373,MIL,6581,30
401585373,MIL,3032977,24
401585373,MIL,3448,27
401585373,MIL,3907822,24
401585373,MIL,6606,29
401585373,MIL,3064482,21
401585373,MIL,3102533,11
401585373,MIL,4432179,8
401585373,MIL,4065652,0
401585373,MIL,3964,12
401585373,MIL,2578239,16
401585373,MIL,4397475,18
401585373,MIL,4432190,13
401585373,MIL,4683749,8
401585374,DEN,2284101,37
401585374,DEN,3064290,27
401585374,DEN,3112335,30
401585374,DEN,3936299,26
401585374,DEN,4576087,20
401585374,DEN,4431690,18
401585374,DEN,3442,6
401585374,DEN,4065731,4
401585374,DEN,6443,16
401585374,DEN,4278585,9
401585374,DEN,4431767,27
401585374,DEN,4432181,20
401585374,DEN,4278104,0
401585374,SAC,6578,21
401585374,SAC,3155942,31
401585374,SAC,4594327,27
401585374,SAC,4066259,28
401585374,SAC,4066372,21
401585374,SAC,3136196,21
401585374,SAC,3893014,16
401585374,SAC,4397693,6
401585374,SAC,3452,3
401585374,SAC,2596107,15
401585374,SAC,4066262,20
401585374,SAC,4278053,20
401585374,SAC,4433378,7
401585374,SAC,4702177,6
401585375,NO,3913176,35
401585375,NO,4277813,29
401585375,NO,4395628,32
401585375,NO,6477,23
401585375,NO,2490149,30
401585375,NO,2580365,19
401585375,NO,4397688,19
401585375,NO,4432813,3
401585375,NO,3056245,0
401585375,NO,4277869,21
401585375,NO,4683750,3
401585375,NO,4869342,27
401585375,NO,2579258,0
401585375,LAL,1966,38
401585375,LAL,6583,29
401585375,LAL,4066648,37
401585375,LAL,3136776,40
401585375,LAL,4066457,31
401585375,LAL,2990962,21
401585375,LAL,3058254,6
401585375,LAL,4397077,17
401585375,LAL,4066269,16
401585375,LAL,3906786,3
401585375,LAL,4433626,3
401585375,LAL,4684286,0
401585375,LAL,4432582,0
401585376,OKC,4433255,22
401585376,OKC,4278073,29
401585376,OKC,4397020,18
401585376,OKC,4593803,27
401585376,OKC,4871145,23
401585376,OKC,4066317,14
401585376,OKC,4278046,8
401585376,OKC,4432823,4
401585376,OKC,4683018,6
401585376,OKC,4997526,14
401585376,OKC,3133626,13
401585376,OKC,4395702,16
401585376,OKC,4397183,22
401585376,OKC,4683692,25
401585376,DAL,2960236,25
401585376,DAL,3936099,23
401585376,DAL,6442,33
401585376,DAL,3945274,31
401585376,DAL,4432811,27
401585376,DAL,2531367,6
401585376,DAL,4278049,17
401585376,DAL,4278078,24
401585376,DAL,4595400,6
401585376,DAL,2528210,25
401585376,DAL,4067017,6
401585376,DAL,4397040,6
401585376,DAL,4868423,10
401585376,DAL,6461,0
401585377,DET,2490089,10
401585377,DET,4433621,35
401585377,DET,4432166,35
401585377,DET,4433218,36
401585377,DET,4684742,28
401585377,DET,3899664,32
401585377,DET,4278508,19
401585377,DET,4432808,13
401585377,DET,3915195,12
401585377,DET,4279532,6
401585377,DET,4432107,14
401585377,DET,4432810,0
401585377,DET,4397119,0
401585377,LAC,4251,36
401585377,LAC,6450,35
401585377,LAC,4017837,20
401585377,LAC,3992,36
401585377,LAC,3907823,24
401585377,LAC,2488653,12
401585377,LAC,3468,28
401585377,LAC,2595516,23
401585377,LAC,4066387,27
401585377,LAC,3033,0
401585377,LAC,2451037,0
401585377,LAC,4396818,0
401585377,LAC,4431752,0
401585377,LAC,4432162,0
401585377,LAC,4592492,0
401585378,SA,4592479,20
401585378,SA,4610139,29
401585378,SA,5104157,29
401585378,SA,4395626,28
401585378,SA,4395630,34
401585378,SA,4066650,7
401585378,SA,4278580,4
401585378,SA,4395723,30
401585378,SA,4565201,19
401585378,SA,4870562,12
401585378,SA,3893016,12
401585378,SA,4683935,16
401585378,SA,3133601,0
401585378,BKN,2578185,20
401585378,BKN,4278067,27
401585378,BKN,3147657,33
401585378,BKN,3907387,22
401585378,BKN,4432174,36
401585378,BKN,4431675,8
401585378,BKN,4431714,30
401585378,BKN,4712896,4
401585378,BKN,3136779,4
401585378,BKN,4065697,24
401585378,BKN,3032979,27
401585378,BKN,4277890,6
401585379,MEM,4277961,34
401585379,MEM,4593125,32
401585379,MEM,4278378,21
401585379,MEM,3134932,35
401585379,MEM,4397227,37
401585379,MEM,5105550,26
401585379,MEM,4395623,14
401585379,MEM,3456,16
401585379,MEM,3913174,24
401585379,MEM,4066405,0
401585379,MEM,4433137,0
401585379,MEM,3133838,0
401585379,CHA,4066383,39
401585379,CHA,4433287,31
401585379,CHA,3138161,28
401585379,CHA,4278076,25
401585379,CHA,4432819,27
401585379,CHA,4066218,32
401585379,CHA,6426,12
401585379,CHA,2326307,20
401585379,CHA,3102532,26
401585379,CHA,4395650,0
401585379,CHA,4702233,0
401585379,CHA,4397371,0
401585379,CHA,4576086,0
401585379,CHA,4683686,0
401585379,CHA,5105638,0
401585380,CHI,6478,43
401585380,CHI,3978,44
401585380,CHI,2991350,36
401585380,CHI,4395651,45
401585380,CHI,4397002,39
401585380,CHI,5105553,7
401585380,CHI,2528693,21
401585380,CHI,6585,17
401585380,CHI,4433159,12
401585380,CHI,4279815,0
401585380,CHI,4431687,0
401585380,CHI,3133635,0
401585380,ORL,4432573,43
401585380,ORL,4566434,44
401585380,ORL,4277847,26
401585380,ORL,4066636,17
401585380,ORL,4432165,26
401585380,ORL,2968436,9
401585380,ORL,4065654,25
401585380,ORL,3150844,9
401585380,ORL,4348700,14
401585380,ORL,2999547,22
401585380,ORL,4432809,30
401585380,ORL,4278052,0
401585380,ORL,4433623,0
401585380,ORL,4712849,0
401585381,PHI,6440,33
401585381,PHI,4278562,22
401585381,PHI,2990984,36
401585381,PHI,3133603,39
401585381,PHI,4431678,36
401585381,PHI,4431828,23
401585381,PHI,3064230,21
401585381,PHI,4701234,29
401585381,PHI,2490620,0
401585381,PHI,4585610,0
401585381,PHI,4683940,0
401585381,WSH,3134907,37
401585381,WSH,4277848,15
401585381,WSH,4683021,39
401585381,WSH,3135046,31
401585381,WSH,4277956,29
401585381,WSH,4066410,8
401585381,WSH,4280151,24
401585381,WSH,3064447,7
401585381,WSH,3914044,19
401585381,WSH,5104155,30
401585381,WSH,2581184,0
401585381,WSH,2993370,0
401585381,WSH,4397127,0
401585381,WSH,4432356,0
401585381,WSH,4433246,0
401585382,HOU,3209,31
401585382,HOU,3155526,35
401585382,HOU,4432639,37
401585382,HOU,4437244,37
401585382,HOU,4684740,33
401585382,HOU,3136777,9
401585382,HOU,2528779,15
401585382,HOU,3146557,13
401585382,HOU,3922230,22
401585382,HOU,4397821,9
401585382,HOU,4278588,0
401585382,HOU,4376,0
401585382,HOU,4396629,0
401585382,ATL,4431680,32
401585382,ATL,4701230,40
401585382,ATL,3907497,40
401585382,ATL,4277905,33
401585382,ATL,4397136,39
401585382,ATL,3037789,31
401585382,ATL,3913180,9
401585382,ATL,4683736,16
401585382,ATL,4065732,0
401585382,ATL,4432585,0
401585382,ATL,3102529,0
401585382,ATL,4004,0
401585383,IND,3149673,31
401585383,IND,3133628,31
401585383,IND,4395712,34
401585383,IND,4396909,31
401585383,IND,4396993,30
401585383,IND,2528588,7
401585383,IND,4278355,17
401585383,IND,4432170,17
401585383,IND,2530530,18
401585383,IND,4683634,23
401585383,IND,3999,0
401585383,IND,4432827,0
401585383,IND,4433076,0
401585383,NY,3986,19
401585383,NY,4431679,43
401585383,NY,3062679,36
401585383,NY,3934672,37
401585383,NY,3934673,39
401585383,NY,3593,33
401585383,NY,6429,22
401585383,NY,4431823,11
401585383,NY,3064514,0
401585383,NY,4592461,0
401585383,NY,4277922,0
401585383,NY,4066508,0
401585384,CLE,4066328,30
401585384,CLE,4432158,27
401585384,CLE,3908809,31
401585384,CLE,4065778,29
401585384,CLE,4396907,29
401585384,CLE,2990969,18
401585384,CLE,3912848,14
401585384,CLE,4432822,27
401585384,CLE,3064559,3
401585384,CLE,2991043,22
401585384,CLE,4066757,10
401585384,CLE,4065733,0
401585384,TOR,4395625,33
401585384,TOR,4433134,35
401585384,TOR,3134908,21
401585384,TOR,4277843,23
401585384,TOR,4395724,32
401585384,TOR,2489663,22
401585384,TOR,4066731,3
401585384,TOR,4277883,3
401585384,TOR,4278103,3
401585384,TOR,4023,3
401585384,TOR,4065670,20
401585384,TOR,4397018,19
401585384,TOR,5106258,22
401585384,TOR,3135047,0
401585384,TOR,3948153,0
401585385,PHX,3202,39
401585385,PHX,3102530,26
401585385,PHX,6580,34
401585385,PHX,3135045,32
401585385,PHX,3136193,38
401585385,PHX,2583632,11
401585385,PHX,3914285,16
401585385,PHX,4397102,9
401585385,PHX,3431,23
401585385,PHX,4065663,10
401585385,PHX,4593041,0
401585385,PHX,4395652,0
401585385,PHX,4683027,0
401585385,GS,6589,30
401585385,GS,3059319,28
401585385,GS,4433247,34
401585385,GS,3975,34
401585385,GS,6475,24
401585385,GS,3032978,11
401585385,GS,3155535,5
401585385,GS,4431684,5
401585385,GS,3134903,14
401585385,GS,4431720,19
401585385,GS,4709138,35
401585385,GS,4997536,0
401585385,GS,4432171,0
401585386,NO,3913176,36
401585386,NO,4277813,37
401585386,NO,4397688,30
401585386,NO,6477,29
401585386,NO,2490149,32
401585386,NO,2580365,19
401585386,NO,3908336,5
401585386,NO,4278594,18
401585386,NO,3056245,0
401585386,NO,4277869,20
401585386,NO,4683750,14
401585386,NO,4432813,0
401585386,NO,2579258,0
401585386,POR,2991070,41
401585386,POR,4432446,29
401585386,POR,4278129,37
401585386,POR,3907498,29
401585386,POR,4395722,23
401585386,POR,4278111,2
401585386,POR,4397885,25
401585386,POR,4431736,20
401585386,POR,4594326,22
401585386,POR,4871140,11
401585386,POR,4066808,0
401585386,POR,4683678,0
401585386,POR,5099752,0
401585387,BOS,4065648,39
401585387,BOS,3102531,32
401585387,BOS,3995,35
401585387,BOS,3078576,38
401585387,BOS,3917376,37
401585387,BOS,4065804,15
401585387,BOS,4278031,2
401585387,BOS,3213,25
401585387,BOS,3064560,2
401585387,BOS,4066354,15
401585387,BOS,3133602,0
401585387,BOS,4683689,0
401585387,MIA,3138160,36
401585387,MIA,4432848,29
401585387,MIA,4066261,34
401585387,MIA,3074752,24
401585387,MIA,4395725,39
401585387,MIA,3449,15
401585387,MIA,3157465,33
401585387,MIA,4291678,23
401585387,MIA,4593049,0
401585387,MIA,2581190,7
401585387,MIA,4278572,0
401585387,MIA,4997528,0
401585387,MIA,3934723,0
401585388,SAC,6578,21
401585388,SAC,3155942,42
401585388,SAC,4594327,34
401585388,SAC,4066259,33
401585388,SAC,4066372,17
401585388,SAC,3136196,24
401585388,SAC,2596107,3
401585388,SAC,4066262,29
401585388,SAC,4278053,20
401585388,SAC,4702177,17
401585388,SAC,4397693,0
401585388,SAC,3452,0
401585388,SAC,4592402,0
401585388,SAC,4433378,0
401585388,OKC,4433255,31
401585388,OKC,4278073,39
401585388,OKC,4397020,33
401585388,OKC,4593803,37
401585388,OKC,4871145,20
401585388,OKC,4432823,22
401585388,OKC,4997526,6
401585388,OKC,3133626,11
401585388,OKC,4395702,16
401585388,OKC,4397183,16
401585388,OKC,4683692,10
401585388,OKC,4066317,0
401585388,OKC,4278046,0
401585388,OKC,4683018,0
401585389,IND,3149673,35
401585389,IND,3133628,31
401585389,IND,4395712,33
401585389,IND,4396909,33
401585389,IND,4396993,34
401585389,IND,2528588,8
401585389,IND,4278355,17
401585389,IND,4432170,17
401585389,IND,2530530,15
401585389,IND,4433076,3
401585389,IND,4683634,15
401585389,IND,4432827,0
401585389,CHA,4066383,39
401585389,CHA,4433287,29
401585389,CHA,3138161,30
401585389,CHA,4278076,26
401585389,CHA,4432819,34
401585389,CHA,4066218,31
401585389,CHA,6426,12
401585389,CHA,2326307,19
401585389,CHA,3102532,21
401585389,CHA,4702233,0
401585389,CHA,4397371,0
401585389,CHA,4576086,0
401585390,PHI,4278562,29
401585390,PHI,4431828,26
401585390,PHI,2990984,36
401585390,PHI,3133603,41
401585390,PHI,4431678,42
401585390,PHI,4277919,19
401585390,PHI,3064230,24
401585390,PHI,4683940,3
401585390,PHI,4701234,21
401585390,PHI,3416,0
401585390,PHI,4585610,0
401585390,CLE,4066328,37
401585390,CLE,4432158,28
401585390,CLE,3908809,37
401585390,CLE,4065778,30
401585390,CLE,4396907,31
401585390,CLE,2990969,18
401585390,CLE,4432822,23
401585390,CLE,2991043,27
401585390,CLE,4066757,9
401585390,CLE,3064559,0
401585390,CLE,4065733,0
401585390,CLE,4277923,0
401585391,CHI,2528693,27
401585391,CHI,6478,34
401585391,CHI,3978,38
401585391,CHI,4395651,33
401585391,CHI,4397002,39
401585391,CHI,5105553,7
401585391,CHI,6585,16
401585391,CHI,3133635,25
401585391,CHI,4433159,21
401585391,CHI,4279815,0
401585391,CHI,4431687,0
401585391,CHI,2991350,0
401585391,ATL,4431680,33
401585391,ATL,4701230,35
401585391,ATL,3907497,34
401585391,ATL,4277905,36
401585391,ATL,4397136,32
401585391,ATL,4065732,28
401585391,ATL,4277952,12
401585391,ATL,3037789,27
401585391,ATL,3913180,4
401585391,ATL,3102529,0
401585391,ATL,4004,0
401585391,ATL,4683736,0
401585392,SA,4592479,10
401585392,SA,4610139,30
401585392,SA,5104157,29
401585392,SA,4395626,28
401585392,SA,4395630,27
401585392,SA,4066650,19
401585392,SA,4278580,6
401585392,SA,4395723,28
401585392,SA,4565201,21
401585392,SA,3893016,15
401585392,SA,3133601,6
401585392,SA,4683935,20
401585392,TOR,4395625,24
401585392,TOR,4433134,30
401585392,TOR,3134908,20
401585392,TOR,4277843,22
401585392,TOR,4395724,26
401585392,TOR,2489663,21
401585392,TOR,4066731,6
401585392,TOR,4592933,6
401585392,TOR,4277883,7
401585392,TOR,4278103,7
401585392,TOR,4065670,31
401585392,TOR,4397018,18
401585392,TOR,5106258,22
401585392,TOR,3948153,0
401585392,TOR,4023,0
401585393,NY,4431679,39
401585393,NY,4277922,29
401585393,NY,3062679,42
401585393,NY,3934672,39
401585393,NY,3934673,41
401585393,NY,3986,5
401585393,NY,3593,23
401585393,NY,6429,17
401585393,NY,4431823,5
401585393,NY,4592461,0
401585393,NY,4222252,0
401585393,NY,4066508,0
401585393,HOU,3155526,37
401585393,HOU,4432639,38
401585393,HOU,4871144,36
401585393,HOU,4437244,30
401585393,HOU,4684740,38
401585393,HOU,3209,15
401585393,HOU,3136777,12
401585393,HOU,3922230,26
401585393,HOU,4397821,8
401585393,HOU,4278588,0
401585393,HOU,2528779,0
401585393,HOU,4376,0
401585393,HOU,3146557,0
401585393,HOU,4396629,0
401585394,NO,3913176,36
401585394,NO,4277813,35
401585394,NO,4395628,35
401585394,NO,6477,18
401585394,NO,2490149,33
401585394,NO,2580365,30
401585394,NO,4278594,13
401585394,NO,4397688,25
401585394,NO,3056245,0
401585394,NO,4277869,15
401585394,NO,3908336,0
401585394,NO,4432813,0
401585394,NO,4432821,0
401585394,NO,4683750,0
401585394,MEM,4277961,36
401585394,MEM,4593125,29
401585394,MEM,3134932,15
401585394,MEM,4397227,37
401585394,MEM,4431785,25
401585394,MEM,4066405,26
401585394,MEM,4431673,0
401585394,MEM,3133838,25
401585394,MEM,4395623,18
401585394,MEM,3913174,29
401585394,MEM,4433137,0
401585394,MEM,3456,0
401585395,DEN,3064290,28
401585395,DEN,4278104,31
401585395,DEN,3112335,32
401585395,DEN,2581018,9
401585395,DEN,3936299,18
401585395,DEN,2284101,19
401585395,DEN,4066240,6
401585395,DEN,4431690,8
401585395,DEN,3442,4
401585395,DEN,6443,22
401585395,DEN,4278585,13
401585395,DEN,4431767,22
401585395,DEN,4432181,7
401585395,DEN,4576087,21
401585395,DEN,4065731,0
401585395,MIL,6581,23
401585395,MIL,3032977,30
401585395,MIL,3448,29
401585395,MIL,3907822,30
401585395,MIL,6606,23
401585395,MIL,3064482,25
401585395,MIL,3102533,5
401585395,MIL,4432179,6
401585395,MIL,4433622,2
401585395,MIL,4065652,0
401585395,MIL,3964,20
401585395,MIL,2578239,22
401585395,MIL,4397475,15
401585395,MIL,4432190,6
401585395,MIL,4683749,3
401585396,WSH,3134907,32
401585396,WSH,4277848,28
401585396,WSH,4683021,34
401585396,WSH,3135046,33
401585396,WSH,4277956,27
401585396,WSH,2993370,13
401585396,WSH,4280151,24
401585396,WSH,4432588,0
401585396,WSH,3064447,5
401585396,WSH,3914044,14
401585396,WSH,4080610,0
401585396,WSH,5104155,30
401585396,WSH,2581184,0
401585396,WSH,4432356,0
401585396,WSH,4433246,0
401585396,DAL,4278049,24
401585396,DAL,4278078,36
401585396,DAL,6442,43
401585396,DAL,3945274,37
401585396,DAL,4432811,29
401585396,DAL,2960236,24
401585396,DAL,3936099,12
401585396,DAL,4595400,0
401585396,DAL,2528210,22
401585396,DAL,4067017,0
401585396,DAL,4397040,0
401585396,DAL,4868423,13
401585396,DAL,6461,0
401585396,DAL,2531367,0
401585397,GS,6589,23
401585397,GS,3059319,28
401585397,GS,4433247,27
401585397,GS,3975,32
401585397,GS,6475,30
401585397,GS,3032978,12
401585397,GS,3155535,11
401585397,GS,4431684,9
401585397,GS,4997536,2
401585397,GS,3134903,15
401585397,GS,4431720,16
401585397,GS,4432171,9
401585397,GS,4709138,25
401585397,UTAH,3908845,28
401585397,UTAH,4066336,34
401585397,UTAH,4433136,26
401585397,UTAH,4277811,26
401585397,UTAH,4433627,29
401585397,UTAH,4423309,2
401585397,UTAH,4684806,19
401585397,UTAH,5105839,2
401585397,UTAH,4396991,16
401585397,UTAH,3074213,2
401585397,UTAH,2528426,33
401585397,UTAH,2991139,19
401585397,UTAH,4395698,2
401585398,MIN,4431671,25
401585398,MIN,3032976,33
401585398,MIN,3136195,27
401585398,MIN,3195,24
401585398,MIN,4594268,32
401585398,MIN,2993874,20
401585398,MIN,4687718,2
401585398,MIN,4396971,27
401585398,MIN,3059310,18
401585398,MIN,4432176,2
401585398,MIN,3134916,4
401585398,MIN,4278039,24
401585398,MIN,4592187,0
401585398,LAC,4251,30
401585398,LAC,6450,30
401585398,LAC,4017837,23
401585398,LAC,3992,32
401585398,LAC,3907823,25
401585398,LAC,2451037,5
401585398,LAC,2488653,9
401585398,LAC,3468,29
401585398,LAC,2595516,17
401585398,LAC,4066387,26
401585398,LAC,4396818,5
401585398,LAC,4431752,5
401585398,LAC,4432162,5
401585398,LAC,3033,0
401585398,LAC,4592492,0
401585399,BOS,4065648,39
401585399,BOS,3213,37
401585399,BOS,3995,35
401585399,BOS,3078576,38
401585399,BOS,3917376,37
401585399,BOS,4065804,14
401585399,BOS,4278031,9
401585399,BOS,3064560,15
401585399,BOS,4066354,15
401585399,BOS,4397424,0
401585399,BOS,3133602,0
401585399,BOS,4683689,0
401585399,BKN,2578185,19
401585399,BKN,4278067,28
401585399,BKN,3147657,40
401585399,BKN,3907387,24
401585399,BKN,4432174,34
401585399,BKN,4431714,23
401585399,BKN,4432194,9
401585399,BKN,4065697,15
401585399,BKN,3032979,32
401585399,BKN,4277890,17
401585399,BKN,4431675,0
401585399,BKN,4712896,0
401585399,BKN,3136779,0
401585399,BKN,4432192,0
401585400,OKC,4433255,32
401585400,OKC,4278073,34
401585400,OKC,4397020,31
401585400,OKC,4593803,35
401585400,OKC,4871145,27
401585400,OKC,4066317,2
401585400,OKC,4432823,16
401585400,OKC,4997526,9
401585400,OKC,3133626,10
401585400,OKC,4395702,13
401585400,OKC,4397183,15
401585400,OKC,4683692,16
401585400,OKC,4683018,0
401585400,ORL,4432573,35
401585400,ORL,4566434,34
401585400,ORL,4277847,31
401585400,ORL,4066636,18
401585400,ORL,4432165,33
401585400,ORL,2968436,10
401585400,ORL,4065654,15
401585400,ORL,4278052,2
401585400,ORL,4433623,2
401585400,ORL,3150844,14
401585400,ORL,4348700,2
401585400,ORL,2999547,25
401585400,ORL,4432809,12
401585400,ORL,4712849,2
401585400,ORL,5105806,2
401585401,MIA,3138160,25
401585401,MIA,3157465,26
401585401,MIA,4997528,30
401585401,MIA,4066261,31
401585401,MIA,4395725,30
401585401,MIA,3449,23
401585401,MIA,4278572,6
401585401,MIA,4291678,23
401585401,MIA,4397134,6
401585401,MIA,4432848,28
401585401,MIA,4593049,4
401585401,MIA,4592216,6
401585401,MIA,3934723,0
401585401,MIL,6581,18
401585401,MIL,3032977,34
401585401,MIL,3448,23
401585401,MIL,3907822,28
401585401,MIL,6606,32
401585401,MIL,3064482,26
401585401,MIL,3102533,8
401585401,MIL,4432179,8
401585401,MIL,3964,13
401585401,MIL,2578239,24
401585401,MIL,4397475,15
401585401,MIL,4432190,8
401585401,MIL,4683749,4
401585401,MIL,4433622,0
401585402,SAC,6578,37
401585402,SAC,3155942,39
401585402,SAC,4594327,34
401585402,SAC,4066259,40
401585402,SAC,4066372,24
401585402,SAC,4397693,2
401585402,SAC,2596107,7
401585402,SAC,4066262,33
401585402,SAC,4278053,17
401585402,SAC,4702177,7
401585402,SAC,3136196,0
401585402,SAC,3452,0
401585402,SAC,4592402,0
401585402,SAC,4433378,0
401585402,PHX,3202,38
401585402,PHX,3102530,25
401585402,PHX,6580,5
401585402,PHX,3135045,39
401585402,PHX,3136193,38
401585402,PHX,2583632,30
401585402,PHX,3914285,6
401585402,PHX,4395652,10
401585402,PHX,4397102,2
401585402,PHX,3431,27
401585402,PHX,4065663,19
401585402,PHX,4593041,0
401585402,PHX,4683027,0
401585403,MIN,4431671,24
401585403,MIN,3032976,37
401585403,MIN,3136195,19
401585403,MIN,3195,26
401585403,MIN,4594268,34
401585403,MIN,2993874,22
401585403,MIN,4687718,4
401585403,MIN,4277951,4
401585403,MIN,4396971,25
401585403,MIN,3059310,12
401585403,MIN,4432176,4
401585403,MIN,3134916,4
401585403,MIN,4278039,26
401585403,POR,2991070,35
401585403,POR,4431736,22
401585403,POR,4278129,32
401585403,POR,3907498,19
401585403,POR,4351851,32
401585403,POR,4397885,26
401585403,POR,4432446,17
401585403,POR,4594326,4
401585403,POR,4066268,13
401585403,POR,4871140,4
401585403,POR,4395722,4
401585403,POR,4683678,34
401585404,DET,3899664,26
401585404,DET,4433621,23
401585404,DET,4432166,25
401585404,DET,4433218,29
401585404,DET,4684742,29
401585404,DET,4278508,17
401585404,DET,2490089,5
401585404,DET,4432808,23
401585404,DET,4066668,2
401585404,DET,6588,25
401585404,DET,3915195,19
401585404,DET,4432107,18
401585404,DET,4597865,0
401585404,LAL,1966,31
401585404,LAL,6583,28
401585404,LAL,4066648,30
401585404,LAL,3136776,32
401585404,LAL,4066457,32
401585404,LAL,2990962,23
401585404,LAL,3058254,13
401585404,LAL,4684286,2
401585404,LAL,4397077,13
401585404,LAL,4397204,1
401585404,LAL,2580782,31
401585404,LAL,4433626,2
401585405,ATL,4277952,26
401585405,ATL,4701230,38
401585405,ATL,3907497,32
401585405,ATL,4277905,34
401585405,ATL,4397136,32
401585405,ATL,4065732,28
401585405,ATL,3037789,29
401585405,ATL,3913180,16
401585405,ATL,4578893,2
401585405,ATL,4683736,2
401585405,ATL,4431680,0
401585405,ATL,4004,0
401585405,CHA,4066383,34
401585405,CHA,4433287,36
401585405,CHA,3138161,30
401585405,CHA,4278076,29
401585405,CHA,4432819,30
401585405,CHA,4066218,27
401585405,CHA,4702233,1
401585405,CHA,6426,13
401585405,CHA,2326307,17
401585405,CHA,3102532,20
401585405,CHA,4576086,1
401585405,CHA,4683686,1
401585406,NY,4431679,43
401585406,NY,4277922,39
401585406,NY,6429,30
401585406,NY,3062679,30
401585406,NY,3934672,35
401585406,NY,3986,9
401585406,NY,4592461,17
401585406,NY,4066508,5
401585406,NY,4431823,32
401585406,NY,3593,0
401585406,NY,4222252,0
401585406,NY,3934673,0
401585406,ORL,4432573,35
401585406,ORL,4433623,25
401585406,ORL,4566434,32
401585406,ORL,4277847,24
401585406,ORL,4712849,23
401585406,ORL,2968436,20
401585406,ORL,4065654,15
401585406,ORL,4278052,5
401585406,ORL,3918423,3
401585406,ORL,3150844,13
401585406,ORL,4348700,5
401585406,ORL,4409222,8
401585406,ORL,4067858,3
401585406,ORL,4432809,25
401585406,ORL,5105806,5
401585407,MIA,3138160,25
401585407,MIA,3157465,33
401585407,MIA,4997528,14
401585407,MIA,4066261,39
401585407,MIA,4395725,38
401585407,MIA,3449,12
401585407,MIA,4278572,10
401585407,MIA,4291678,36
401585407,MIA,4432848,32
401585407,MIA,4397134,0
401585407,MIA,3934723,0
401585407,MIA,4593049,0
401585407,MIA,4592216,0
401585407,PHI,4278562,39
401585407,PHI,4431828,28
401585407,PHI,2990984,44
401585407,PHI,3133603,33
401585407,PHI,4431678,39
401585407,PHI,4277919,9
401585407,PHI,3064230,22
401585407,PHI,4683940,3
401585407,PHI,4701234,23
401585407,PHI,3416,0
401585407,PHI,4585610,0
401585408,BKN,2578185,14
401585408,BKN,4278067,21
401585408,BKN,3032979,18
401585408,BKN,3147657,26
401585408,BKN,4432174,25
401585408,BKN,3138196,18
401585408,BKN,4431675,26
401585408,BKN,4431714,19
401585408,BKN,4712896,8
401585408,BKN,3136779,12
401585408,BKN,4432194,13
401585408,BKN,4065697,18
401585408,BKN,4277890,10
401585408,BKN,4432192,12
401585408,BOS,4065648,28
401585408,BOS,4065804,29
401585408,BOS,3102531,16
401585408,BOS,3995,24
401585408,BOS,3078576,28
401585408,BOS,4278031,20
401585408,BOS,3064560,19
401585408,BOS,4397424,13
401585408,BOS,3133602,13
401585408,BOS,4066354,32
401585408,BOS,4683689,18
401585409,CHI,6478,39
401585409,CHI,6585,28
401585409,CHI,3978,41
401585409,CHI,4395651,39
401585409,CHI,4397002,33
401585409,CHI,2528693,22
401585409,CHI,2991350,26
401585409,CHI,3133635,5
401585409,CHI,4433159,7
401585409,CHI,4279815,0
401585409,CHI,5105553,0
401585409,CHI,4438552,0
401585409,CLE,4066328,35
401585409,CLE,4432158,31
401585409,CLE,3908809,39
401585409,CLE,4065778,30
401585409,CLE,4396907,31
401585409,CLE,2990969,24
401585409,CLE,4432822,27
401585409,CLE,2991043,23
401585409,CLE,3064559,0
401585409,CLE,4065733,0
401585409,CLE,4066757,0
401585409,CLE,4277923,0
401585410,IND,3149673,36
401585410,IND,4432170,32
401585410,IND,4395712,33
401585410,IND,4396909,17
401585410,IND,4396993,34
401585410,IND,2528588,23
401585410,IND,4278355,25
401585410,IND,4432827,3
401585410,IND,2530530,16
401585410,IND,4433076,21
401585410,IND,4683634,0
401585410,TOR,4395625,34
401585410,TOR,4433134,36
401585410,TOR,3134908,30
401585410,TOR,4277843,30
401585410,TOR,4395724,35
401585410,TOR,2489663,7
401585410,TOR,3948153,11
401585410,TOR,4277883,5
401585410,TOR,4065670,26
401585410,TOR,4397018,5
401585410,TOR,5106258,21
401585410,TOR,3135047,0
401585410,TOR,4066731,0
401585410,TOR,4023,0
401585410,TOR,4397511,0
401585411,HOU,3155526,36
401585411,HOU,4432639,33
401585411,HOU,4871144,34
401585411,HOU,4437244,23
401585411,HOU,4684740,34
401585411,HOU,3209,16
401585411,HOU,3136777,15
401585411,HOU,3922230,30
401585411,HOU,4396629,15
401585411,HOU,4397821,3
401585411,HOU,4278588,0
401585411,HOU,4376,0
401585411,HOU,3146557,0
401585411,MEM,4277961,28
401585411,MEM,4593125,22
401585411,MEM,3134932,20
401585411,MEM,3913174,30
401585411,MEM,4397227,35
401585411,MEM,4066405,20
401585411,MEM,4433137,22
401585411,MEM,5105550,24
401585411,MEM,3456,16
401585411,MEM,4278402,24
401585411,MEM,4592691,0
401585411,MEM,3133838,0
401585412,WSH,4277848,30
401585412,WSH,4683021,40
401585412,WSH,3135046,40
401585412,WSH,4277956,35
401585412,WSH,5104155,27
401585412,WSH,2993370,11
401585412,WSH,4066410,3
401585412,WSH,4280151,32
401585412,WSH,3064447,3
401585412,WSH,3914044,17
401585412,WSH,4395695,2
401585412,WSH,2581184,0
401585412,WSH,4432356,0
401585412,WSH,4433246,0
401585412,NO,3913176,35
401585412,NO,4277813,27
401585412,NO,4395628,34
401585412,NO,6477,15
401585412,NO,2490149,33
401585412,NO,2580365,19
401585412,NO,4278594,24
401585412,NO,4397688,31
401585412,NO,4277869,22
401585412,NO,3908336,0
401585412,NO,4432813,0
401585412,NO,4432821,0
401585412,NO,4683750,0
401585413,SA,4592479,18
401585413,SA,4610139,25
401585413,SA,5104157,27
401585413,SA,4395626,20
401585413,SA,4395630,31
401585413,SA,4066650,21
401585413,SA,4278580,5
401585413,SA,4395723,20
401585413,SA,4565201,21
401585413,SA,3893016,18
401585413,SA,3133601,5
401585413,SA,4683935,28
401585413,DAL,4278049,23
401585413,DAL,4278078,28
401585413,DAL,6442,33
401585413,DAL,3945274,31
401585413,DAL,4432811,18
401585413,DAL,2531367,8
401585413,DAL,3936099,19
401585413,DAL,4595400,5
401585413,DAL,4683688,17
401585413,DAL,2528210,26
401585413,DAL,4067017,5
401585413,DAL,4397040,5
401585413,DAL,4868423,20
401585413,DAL,6461,0
401585414,SAC,6578,33
401585414,SAC,3155942,38
401585414,SAC,4594327,35
401585414,SAC,4066259,43
401585414,SAC,4066372,26
401585414,SAC,3136196,12
401585414,SAC,2596107,6
401585414,SAC,4592402,8
401585414,SAC,4066262,30
401585414,SAC,4278053,8
401585414,SAC,4702177,3
401585414,SAC,4397693,0
401585414,SAC,3452,0
401585414,SAC,4395704,0
401585414,SAC,4433378,0
401585414,DEN,2284101,35
401585414,DEN,3064290,33
401585414,DEN,4278104,37
401585414,DEN,3112335,39
401585414,DEN,6443,29
401585414,DEN,4431690,9
401585414,DEN,4278585,18
401585414,DEN,4431767,23
401585414,DEN,4576087,16
401585414,DEN,4066240,0
401585414,DEN,3442,0
401585414,DEN,4065731,0
401585414,DEN,4398390,0
401585415,DET,3899664,21
401585415,DET,4433621,23
401585415,DET,4432166,26
401585415,DET,4433218,15
401585415,DET,4684742,29
401585415,DET,4278508,12
401585415,DET,4597865,8
401585415,DET,2490089,15
401585415,DET,4432808,12
401585415,DET,4066668,7
401585415,DET,6588,26
401585415,DET,3915195,23
401585415,DET,4432107,24
401585415,PHX,3202,30
401585415,PHX,3102530,22
401585415,PHX,3431,24
401585415,PHX,3135045,27
401585415,PHX,3136193,5
401585415,PHX,3244,0
401585415,PHX,2583632,24
401585415,PHX,3914285,18
401585415,PHX,4593041,10
401585415,PHX,4395652,10
401585415,PHX,4066299,4
401585415,PHX,4397102,14
401585415,PHX,4683027,10
401585415,PHX,4065663,18
401585415,PHX,4278124,24
401585416,LAL,6583,38
401585416,LAL,2990962,33
401585416,LAL,4066648,34
401585416,LAL,3136776,33
401585416,LAL,4066457,34
401585416,LAL,3058254,16
401585416,LAL,4397077,12
401585416,LAL,4397204,2
401585416,LAL,2580782,28
401585416,LAL,4066269,2
401585416,LAL,3906786,8
401585416,UTAH,3908845,28
401585416,UTAH,4066336,34
401585416,UTAH,4433136,28
401585416,UTAH,4277811,26
401585416,UTAH,4433627,33
401585416,UTAH,4423309,2
401585416,UTAH,4684806,16
401585416,UTAH,5105839,2
401585416,UTAH,4396991,16
401585416,UTAH,3074213,2
401585416,UTAH,2528426,32
401585416,UTAH,2991139,17
401585416,UTAH,4395698,2
401585416,UTAH,2594922,0
401585417,LAC,4251,33
401585417,LAC,4017837,28
401585417,LAC,3992,40
401585417,LAC,3907823,28
401585417,LAC,4066387,24
401585417,LAC,2488653,16
401585417,LAC,3468,31
401585417,LAC,2595516,31
401585417,LAC,4432162,9
401585417,LAC,4433249,0
401585417,LAC,2451037,0
401585417,LAC,3914075,0
401585417,LAC,4396818,0
401585417,LAC,4431752,0
401585417,LAC,4702176,0
401585417,GS,6589,31
401585417,GS,3059319,30
401585417,GS,4433247,35
401585417,GS,3975,35
401585417,GS,6475,30
401585417,GS,3032978,6
401585417,GS,3155535,11
401585417,GS,3134903,14
401585417,GS,4431720,8
401585417,GS,4432171,8
401585417,GS,4709138,32
401585417,GS,4431684,0
401585417,GS,4997536,0
401585417,GS,3943606,0
401585418,MIL,6581,24
401585418,MIL,3032977,37
401585418,MIL,3448,35
401585418,MIL,3907822,30
401585418,MIL,6606,35
401585418,MIL,3064482,25
401585418,MIL,3964,14
401585418,MIL,2578239,24
401585418,MIL,4397475,14
401585418,MIL,4432190,3
401585418,MIL,3102533,0
401585418,MIL,4432179,0
401585418,MIL,4433622,0
401585418,MIL,4683749,0
401585418,MEM,4433137,36
401585418,MEM,4593125,33
401585418,MEM,4395623,23
401585418,MEM,4278402,29
401585418,MEM,4397227,34
401585418,MEM,4066405,29
401585418,MEM,5105550,30
401585418,MEM,3133838,11
401585418,MEM,4278378,15
401585418,MEM,4592691,0
401585418,MEM,3456,0
401585418,MEM,3913174,0
401636113,GS,6589,29
401636113,GS,3059319,29
401636113,GS,4433247,24
401636113,GS,3975,35
401636113,GS,4709138,34
401636113,GS,3032978,10
401636113,GS,3155535,11
401636113,GS,4431684,8
401636113,GS,6475,28
401636113,GS,3134903,15
401636113,GS,4431720,16
401636113,GS,4997536,0
401636113,GS,3943606,0
401636113,GS,4432171,0
401636113,UTAH,3908845,31
401636113,UTAH,4066336,34
401636113,UTAH,4433136,25
401636113,UTAH,4277811,34
401636113,UTAH,4433627,41
401636113,UTAH,4684806,16
401636113,UTAH,4396991,5
401636113,UTAH,2528426,33
401636113,UTAH,2991139,21
401636113,UTAH,4423309,0
401636113,UTAH,5105839,0
401636113,UTAH,2594922,0
401636113,UTAH,3074213,0
401636113,UTAH,4395698,0
401585419,MIN,4431671,28
401585419,MIN,3032976,26
401585419,MIN,3136195,30
401585419,MIN,3195,22
401585419,MIN,4594268,33
401585419,MIN,2993874,21
401585419,MIN,4687718,5
401585419,MIN,5044385,5
401585419,MIN,4396971,22
401585419,MIN,3059310,15
401585419,MIN,4432176,5
401585419,MIN,3134916,6
401585419,MIN,4278039,21
401585419,POR,2991070,33
401585419,POR,4431736,18
401585419,POR,4278129,20
401585419,POR,4351851,33
401585419,POR,4683678,31
401585419,POR,4278111,5
401585419,POR,4397885,18
401585419,POR,4432446,24
401585419,POR,4594326,12
401585419,POR,4066268,17
401585419,POR,4871140,11
401585419,POR,3907498,11
401585419,POR,4395722,5
401585420,ORL,4432573,34
401585420,ORL,4566434,32
401585420,ORL,4277847,23
401585420,ORL,2999547,29
401585420,ORL,4432165,18
401585420,ORL,2968436,18
401585420,ORL,4065654,19
401585420,ORL,3150844,25
401585420,ORL,4432809,19
401585420,ORL,4712849,24
401585420,ORL,4278052,0
401585420,ORL,4433623,0
401585420,ORL,4348700,0
401585420,CLE,4432822,30
401585420,CLE,4066328,34
401585420,CLE,4432158,34
401585420,CLE,4065778,33
401585420,CLE,4396907,37
401585420,CLE,2990969,16
401585420,CLE,3912848,13
401585420,CLE,2991043,27
401585420,CLE,4066757,12
401585420,CLE,4701233,4
401585420,CLE,3064559,0
401585420,CLE,4277923,0
401585421,DET,3899664,33
401585421,DET,4433621,30
401585421,DET,4432166,30
401585421,DET,4433218,32
401585421,DET,4684742,35
401585421,DET,4278508,13
401585421,DET,4432808,18
401585421,DET,4066668,11
401585421,DET,6588,18
401585421,DET,3915195,10
401585421,DET,4432107,10
401585421,DET,4597865,0
401585421,DET,2490089,0
401585421,DET,4432810,0
401585421,IND,3149673,32
401585421,IND,3133628,28
401585421,IND,4395712,32
401585421,IND,4396993,34
401585421,IND,4683634,35
401585421,IND,2528588,10
401585421,IND,4278355,16
401585421,IND,4432170,20
401585421,IND,2530530,18
401585421,IND,4433076,15
401585421,IND,3999,0
401585421,IND,4397189,0
401585421,IND,5106060,0
401585421,IND,4432827,0
401585421,IND,4433254,0
401585422,NY,4431679,38
401585422,NY,4222252,11
401585422,NY,3062679,44
401585422,NY,3934672,39
401585422,NY,3934673,35
401585422,NY,4592461,0
401585422,NY,3593,24
401585422,NY,4277922,18
401585422,NY,6429,13
401585422,NY,3913220,0
401585422,NY,4431823,17
401585422,NY,4066508,0
401585422,PHI,3416,18
401585422,PHI,6440,27
401585422,PHI,4278562,22
401585422,PHI,2990984,33
401585422,PHI,4431678,40
401585422,PHI,4423545,1
401585422,PHI,4431828,21
401585422,PHI,4277919,5
401585422,PHI,3064230,9
401585422,PHI,3012,25
401585422,PHI,3133603,33
401585422,PHI,4683940,1
401585422,PHI,4701234,4
401585422,PHI,4585610,0
401585423,BKN,2578185,15
401585423,BKN,4278067,32
401585423,BKN,3147657,35
401585423,BKN,3907387,21
401585423,BKN,4432174,30
401585423,BKN,3138196,21
401585423,BKN,4431675,4
401585423,BKN,4431714,4
401585423,BKN,3136779,4
401585423,BKN,4432194,16
401585423,BKN,4065697,16
401585423,BKN,3032979,23
401585423,BKN,4277890,19
401585423,TOR,4395625,29
401585423,TOR,4433134,31
401585423,TOR,3134908,26
401585423,TOR,4277843,31
401585423,TOR,4395724,33
401585423,TOR,2489663,18
401585423,TOR,3948153,4
401585423,TOR,4066731,4
401585423,TOR,4277883,4
401585423,TOR,4065670,25
401585423,TOR,4397018,14
401585423,TOR,4432820,4
401585423,TOR,5106258,17
401585423,TOR,4023,0
401585424,PHX,3202,40
401585424,PHX,3102530,20
401585424,PHX,3431,35
401585424,PHX,3135045,37
401585424,PHX,3136193,39
401585424,PHX,2583632,30
401585424,PHX,3914285,6
401585424,PHX,4593041,1
401585424,PHX,4395652,6
401585424,PHX,4683027,1
401585424,PHX,4065663,19
401585424,PHX,4278124,6
401585424,PHX,3244,0
401585424,PHX,4397102,0
401585424,DAL,4278078,31
401585424,DAL,4683688,16
401585424,DAL,6442,36
401585424,DAL,3945274,38
401585424,DAL,4432811,25
401585424,DAL,2531367,1
401585424,DAL,2960236,26
401585424,DAL,3936099,18
401585424,DAL,4278049,17
401585424,DAL,4595400,1
401585424,DAL,2528210,30
401585424,DAL,4868423,1
401585424,DAL,6461,0
401585425,BOS,4065648,35
401585425,BOS,3102531,30
401585425,BOS,3995,29
401585425,BOS,3078576,33
401585425,BOS,3917376,33
401585425,BOS,4065804,14
401585425,BOS,4277964,3
401585425,BOS,4278031,2
401585425,BOS,3213,23
401585425,BOS,3064560,14
401585425,BOS,3133602,2
401585425,BOS,4066354,20
401585425,BOS,4432164,2
401585425,CHI,6478,35
401585425,CHI,3978,36
401585425,CHI,2991350,30
401585425,CHI,4395651,35
401585425,CHI,4397002,41
401585425,CHI,4279815,3
401585425,CHI,5105553,18
401585425,CHI,4438552,3
401585425,CHI,6585,17
401585425,CHI,3133635,12
401585425,CHI,4433159,12
401585425,CHI,2528693,0
401585426,HOU,3155526,27
401585426,HOU,4432639,27
401585426,HOU,4871144,27
401585426,HOU,2991230,30
401585426,HOU,4437244,24
401585426,HOU,3209,9
401585426,HOU,3136777,12
401585426,HOU,5105592,24
401585426,HOU,2528779,10
401585426,HOU,3146557,12
401585426,HOU,3922230,8
401585426,HOU,4397821,2
401585426,HOU,4684740,28
401585426,HOU,4376,0
401585426,NO,4277813,37
401585426,NO,4395628,35
401585426,NO,4397688,34
401585426,NO,6477,27
401585426,NO,2490149,31
401585426,NO,2580365,12
401585426,NO,3908336,2
401585426,NO,4278594,20
401585426,NO,4432813,2
401585426,NO,2579258,2
401585426,NO,4277869,20
401585426,NO,4683750,17
401585427,LAC,4251,36
401585427,LAC,6450,31
401585427,LAC,4017837,29
401585427,LAC,3992,29
401585427,LAC,3907823,28
401585427,LAC,2488653,8
401585427,LAC,3468,16
401585427,LAC,2595516,31
401585427,LAC,4066387,28
401585427,LAC,4432162,4
401585427,LAC,3033,0
401585427,LAC,2451037,0
401585427,LAC,4592492,0
401585427,OKC,4433255,33
401585427,OKC,4278073,35
401585427,OKC,4397020,31
401585427,OKC,4593803,36
401585427,OKC,4871145,23
401585427,OKC,4066317,1
401585427,OKC,4278046,1
401585427,OKC,4249,14
401585427,OKC,3133626,15
401585427,OKC,4395702,19
401585427,OKC,4397183,14
401585427,OKC,4683692,19
401585427,OKC,4432823,0
401585427,OKC,4683018,0
401585427,OKC,6427,0
401585428,WSH,3134907,31
401585428,WSH,4277848,17
401585428,WSH,4683021,27
401585428,WSH,3135046,31
401585428,WSH,5104155,32
401585428,WSH,2581184,4
401585428,WSH,2993370,4
401585428,WSH,4066410,11
401585428,WSH,4280151,25
401585428,WSH,4432907,4
401585428,WSH,3914044,5
401585428,WSH,4277956,30
401585428,WSH,4432356,14
401585428,WSH,4433246,4
401585428,DEN,3064290,21
401585428,DEN,4278104,31
401585428,DEN,3112335,31
401585428,DEN,2581018,16
401585428,DEN,3936299,31
401585428,DEN,2284101,15
401585428,DEN,4431690,17
401585428,DEN,4065731,4
401585428,DEN,6443,22
401585428,DEN,4398390,2
401585428,DEN,4431767,23
401585428,DEN,4432181,4
401585428,DEN,4576087,22
401585428,DEN,4066240,0
401585428,DEN,3442,0
401585429,CHA,4066383,41
401585429,CHA,4433287,38
401585429,CHA,3138161,31
401585429,CHA,4278076,28
401585429,CHA,4432819,30
401585429,CHA,4066218,27
401585429,CHA,6426,6
401585429,CHA,2326307,19
401585429,CHA,3102532,20
401585429,CHA,4702233,0
401585429,CHA,4065652,0
401585429,CHA,4576086,0
401585429,UTAH,3908845,31
401585429,UTAH,4066336,37
401585429,UTAH,4684806,26
401585429,UTAH,4277811,26
401585429,UTAH,4433627,31
401585429,UTAH,5105839,13
401585429,UTAH,4433136,17
401585429,UTAH,2528426,34
401585429,UTAH,2991139,25
401585429,UTAH,4423309,0
401585429,UTAH,4396991,0
401585429,UTAH,3074213,0
401585429,UTAH,4395698,0
401585429,UTAH,4432817,0
401585430,LAL,6583,33
401585430,LAL,2990962,32
401585430,LAL,4066648,32
401585430,LAL,3136776,34
401585430,LAL,4066457,27
401585430,LAL,4397077,18
401585430,LAL,2580782,18
401585430,LAL,4066269,6
401585430,LAL,3906786,6
401585430,LAL,4432582,29
401585430,LAL,4433626,6
401585430,LAL,4397204,0
401585430,GS,6589,21
401585430,GS,3059319,28
401585430,GS,4433247,24
401585430,GS,3975,32
401585430,GS,4709138,28
401585430,GS,3032978,15
401585430,GS,3155535,8
401585430,GS,4431684,15
401585430,GS,4997536,4
401585430,GS,3943606,4
401585430,GS,6475,28
401585430,GS,4431720,14
401585430,GS,4432171,20
401585431,SA,4592479,17
401585431,SA,4610139,36
401585431,SA,5104157,31
401585431,SA,4395626,30
401585431,SA,4395630,37
401585431,SA,4066650,17
401585431,SA,4395723,31
401585431,SA,4565201,13
401585431,SA,3893016,11
401585431,SA,4683935,17
401585431,SA,4278580,0
401585431,SA,3133601,0
401585431,SAC,6578,17
401585431,SAC,3155942,33
401585431,SAC,4594327,35
401585431,SAC,4066259,37
401585431,SAC,4066372,31
401585431,SAC,3136196,15
401585431,SAC,4397693,0
401585431,SAC,2596107,14
401585431,SAC,4592402,20
401585431,SAC,4066262,27
401585431,SAC,4278053,11
401585431,SAC,3452,0
401585431,SAC,4395704,0
401585431,SAC,4702177,0
401585432,TOR,4433134,37
401585432,TOR,4277883,14
401585432,TOR,3134908,26
401585432,TOR,4277843,34
401585432,TOR,4395724,37
401585432,TOR,2489663,22
401585432,TOR,4065670,32
401585432,TOR,4397018,17
401585432,TOR,5106258,22
401585432,TOR,3948153,0
401585432,TOR,4066731,0
401585432,TOR,4023,0
401585432,TOR,4432820,0
401585432,ATL,4701230,37
401585432,ATL,3102529,19
401585432,ATL,3907497,36
401585432,ATL,4277905,35
401585432,ATL,4397136,34
401585432,ATL,4065732,25
401585432,ATL,4277952,11
401585432,ATL,3037789,29
401585432,ATL,3913180,13
401585432,ATL,4431680,0
401585432,ATL,4004,0
401585432,ATL,4032,0
401585433,CLE,4432822,29
401585433,CLE,4066328,36
401585433,CLE,4432158,27
401585433,CLE,4065778,35
401585433,CLE,4396907,38
401585433,CLE,2990969,21
401585433,CLE,3912848,11
401585433,CLE,2991043,25
401585433,CLE,4066757,12
401585433,CLE,4701233,5
401585433,CLE,3064559,0
401585433,CLE,4065733,0
401585433,PHI,6440,34
401585433,PHI,4278562,31
401585433,PHI,2990984,32
401585433,PHI,3133603,28
401585433,PHI,4431678,39
401585433,PHI,3416,0
401585433,PHI,4431828,17
401585433,PHI,4277919,17
401585433,PHI,3064230,20
401585433,PHI,4066436,16
401585433,PHI,4701234,6
401585433,PHI,4423545,0
401585433,PHI,4585610,0
401585433,PHI,4683940,0
401585434,PHX,3202,38
401585434,PHX,3914285,25
401585434,PHX,3431,30
401585434,PHX,3135045,36
401585434,PHX,3136193,36
401585434,PHX,3244,19
401585434,PHX,2583632,17
401585434,PHX,4397102,27
401585434,PHX,4065663,12
401585434,PHX,4593041,0
401585434,PHX,4395652,0
401585434,PHX,4066299,0
401585434,PHX,4683027,0
401585434,PHX,4278124,0
401585434,HOU,3155526,26
401585434,HOU,4432639,41
401585434,HOU,4871144,35
401585434,HOU,2991230,37
401585434,HOU,4437244,21
401585434,HOU,3209,15
401585434,HOU,5105592,21
401585434,HOU,3922230,11
401585434,HOU,4684740,33
401585434,HOU,3136777,0
401585434,HOU,2528779,0
401585434,HOU,4376,0
401585434,HOU,3146557,0
401585435,LAC,4251,37
401585435,LAC,6450,36
401585435,LAC,4017837,27
401585435,LAC,3992,39
401585435,LAC,3907823,31
401585435,LAC,3033,14
401585435,LAC,2488653,8
401585435,LAC,3468,23
401585435,LAC,4066387,25
401585435,LAC,2451037,0
401585435,LAC,2595516,0
401585435,LAC,4432162,0
401585435,LAC,4592492,0
401585435,MEM,4277961,32
401585435,MEM,4433137,30
401585435,MEM,4593125,24
401585435,MEM,3913174,26
401585435,MEM,4397227,36
401585435,MEM,4066405,16
401585435,MEM,4592691,17
401585435,MEM,5105550,24
401585435,MEM,3456,14
401585435,MEM,3134932,21
401585435,MEM,3133838,0
401585435,MEM,4278378,0
401585435,MEM,4278402,0
401585437,WSH,3134907,27
401585437,WSH,4277848,21
401585437,WSH,3135046,23
401585437,WSH,3914044,19
401585437,WSH,5104155,31
401585437,WSH,2581184,6
401585437,WSH,4066410,15
401585437,WSH,4280151,25
401585437,WSH,4432907,6
401585437,WSH,4277956,23
401585437,WSH,4395695,10
401585437,WSH,4432356,22
401585437,WSH,4433246,16
401585437,WSH,2993370,0
401585437,WSH,4683021,0
401585437,OKC,4433255,23
401585437,OKC,4278073,30
401585437,OKC,4397020,23
401585437,OKC,4593803,20
401585437,OKC,4871145,22
401585437,OKC,4395714,6
401585437,OKC,4432823,16
401585437,OKC,4249,15
401585437,OKC,6427,8
401585437,OKC,3133626,14
401585437,OKC,4395702,20
401585437,OKC,4397183,15
401585437,OKC,4397654,6
401585437,OKC,4683692,22
401585437,OKC,4278046,0
401585438,MIA,6430,27
401585438,MIA,3138160,32
401585438,MIA,4997528,21
401585438,MIA,4066261,36
401585438,MIA,4395725,31
401585438,MIA,3449,17
401585438,MIA,3157465,31
401585438,MIA,4291678,19
401585438,MIA,4432848,27
401585438,MIA,4397134,0
401585438,MIA,3934723,0
401585438,MIA,3064447,0
401585438,MIA,4592216,0
401585438,NO,4277813,38
401585438,NO,4395628,36
401585438,NO,4397688,32
401585438,NO,6477,25
401585438,NO,2490149,15
401585438,NO,2580365,18
401585438,NO,4278594,13
401585438,NO,4432813,24
401585438,NO,4277869,18
401585438,NO,4683750,23
401585438,NO,3908336,0
401585438,NO,2579258,0
401585436,MIL,6581,35
401585436,MIL,3032977,41
401585436,MIL,3448,31
401585436,MIL,3907822,32
401585436,MIL,6606,38
401585436,MIL,3428,5
401585436,MIL,3064482,22
401585436,MIL,3964,16
401585436,MIL,2578239,20
401585436,MIL,3102533,0
401585436,MIL,4432179,0
401585436,MIL,4397475,0
401585436,MIL,4432190,0
401585436,MIN,4431671,24
401585436,MIN,3032976,38
401585436,MIN,3136195,35
401585436,MIN,3195,28
401585436,MIN,4594268,38
401585436,MIN,2993874,29
401585436,MIN,4396971,23
401585436,MIN,3059310,10
401585436,MIN,4278039,15
401585436,MIN,3138156,0
401585436,MIN,4687718,0
401585436,MIN,4432176,0
401585436,MIN,3134916,0
401585439,CHA,4066383,41
401585439,CHA,4433287,31
401585439,CHA,3138161,28
401585439,CHA,4278076,29
401585439,CHA,4432819,32
401585439,CHA,4066218,26
401585439,CHA,4702233,0
401585439,CHA,2326307,25
401585439,CHA,3102532,22
401585439,CHA,4576086,7
401585439,CHA,6426,0
401585439,CHA,4065652,0
401585439,GS,6589,21
401585439,GS,3059319,28
401585439,GS,4433247,28
401585439,GS,3975,31
401585439,GS,4709138,31
401585439,GS,3032978,16
401585439,GS,3155535,10
401585439,GS,4431684,15
401585439,GS,4997536,5
401585439,GS,3943606,3
401585439,GS,6475,21
401585439,GS,3134903,11
401585439,GS,4431720,10
401585439,GS,4432171,8
401585440,DEN,3064290,28
401585440,DEN,4278104,34
401585440,DEN,3112335,35
401585440,DEN,6443,22
401585440,DEN,2581018,33
401585440,DEN,2284101,7
401585440,DEN,4066240,2
401585440,DEN,4431690,11
401585440,DEN,4065731,2
401585440,DEN,4278585,24
401585440,DEN,4398390,2
401585440,DEN,4431767,20
401585440,DEN,4432181,2
401585440,DEN,4576087,18
401585440,DEN,3442,0
401585440,POR,2991070,37
401585440,POR,4431736,24
401585440,POR,4594326,35
401585440,POR,4278129,35
401585440,POR,4351851,36
401585440,POR,4278111,2
401585440,POR,4397885,20
401585440,POR,4432446,14
401585440,POR,4066268,13
401585440,POR,3907498,20
401585440,POR,4066808,0
401585440,POR,4395722,2
401585440,POR,2566769,0
401585441,SA,4592479,24
401585441,SA,4610139,34
401585441,SA,5104157,31
401585441,SA,4395626,27
401585441,SA,4395630,30
401585441,SA,4066650,17
401585441,SA,4278580,2
401585441,SA,4395723,29
401585441,SA,4565201,23
401585441,SA,3893016,11
401585441,SA,4683935,10
401585441,SA,3133601,0
401585441,LAL,1966,34
401585441,LAL,6583,29
401585441,LAL,4066648,32
401585441,LAL,3136776,35
401585441,LAL,4066457,33
401585441,LAL,2990962,19
401585441,LAL,4684286,1
401585441,LAL,4397077,19
401585441,LAL,2580782,24
401585441,LAL,3906786,1
401585441,LAL,4432582,13
401585441,LAL,4433626,1
401585442,ORL,4432573,29
401585442,ORL,4566434,32
401585442,ORL,4277847,22
401585442,ORL,2999547,25
401585442,ORL,4432165,26
401585442,ORL,2968436,16
401585442,ORL,4065654,20
401585442,ORL,3150844,17
401585442,ORL,4348700,8
401585442,ORL,4432809,21
401585442,ORL,4712849,22
401585442,ORL,4278052,0
401585442,ORL,4433623,0
401585442,DET,3899664,31
401585442,DET,4433621,33
401585442,DET,4432166,31
401585442,DET,4433218,34
401585442,DET,4684742,21
401585442,DET,4278508,13
401585442,DET,4432808,15
401585442,DET,4066668,17
401585442,DET,6588,19
401585442,DET,4397014,26
401585442,DET,4597865,0
401585442,DET,2490089,0
401585442,DET,4432810,0
401585442,DET,3915195,0
401585444,BOS,4065648,43
401585444,BOS,3102531,32
401585444,BOS,3995,35
401585444,BOS,3078576,32
401585444,BOS,3917376,35
401585444,BOS,4065804,10
401585444,BOS,3213,26
401585444,BOS,3064560,10
401585444,BOS,4066354,15
401585444,BOS,4432164,1
401585444,BOS,4277964,0
401585444,BOS,4278031,0
401585444,BOS,3133602,0
401585444,NY,4431679,34
401585444,NY,4222252,24
401585444,NY,3062679,42
401585444,NY,3934672,38
401585444,NY,3934673,32
401585444,NY,4592461,1
401585444,NY,3593,19
401585444,NY,4277922,14
401585444,NY,6429,19
401585444,NY,3913220,1
401585444,NY,4431823,16
401585444,NY,3064514,0
401585443,BKN,2578185,30
401585443,BKN,4278067,30
401585443,BKN,3147657,36
401585443,BKN,3907387,15
401585443,BKN,4432174,35
401585443,BKN,3138196,22
401585443,BKN,4431714,0
401585443,BKN,4432194,12
401585443,BKN,4065697,15
401585443,BKN,3032979,28
401585443,BKN,4277890,15
401585443,BKN,4431675,0
401585443,BKN,3136779,0
401585443,MIN,2993874,31
401585443,MIN,4431671,33
401585443,MIN,3136195,36
401585443,MIN,3195,30
401585443,MIN,4594268,38
401585443,MIN,3138156,0
401585443,MIN,4687718,0
401585443,MIN,4277951,0
401585443,MIN,4396971,27
401585443,MIN,3059310,18
401585443,MIN,3134916,4
401585443,MIN,4278039,21
401585445,MIL,6581,25
401585445,MIL,3032977,36
401585445,MIL,3448,32
401585445,MIL,3907822,32
401585445,MIL,6606,36
401585445,MIL,3428,9
401585445,MIL,3064482,19
401585445,MIL,3102533,4
401585445,MIL,4432179,4
401585445,MIL,3964,18
401585445,MIL,2578239,22
401585445,MIL,4397475,4
401585445,MIL,4432190,1
401585445,PHI,3416,17
401585445,PHI,6440,31
401585445,PHI,4278562,27
401585445,PHI,2990984,28
401585445,PHI,4431678,38
401585445,PHI,4423545,4
401585445,PHI,4277919,11
401585445,PHI,3064230,8
401585445,PHI,3012,21
401585445,PHI,3133603,29
401585445,PHI,4066436,18
401585445,PHI,4701234,7
401585446,LAL,1966,37
401585446,LAL,6583,42
401585446,LAL,4066648,26
401585446,LAL,3136776,37
401585446,LAL,4066457,35
401585446,LAL,2990962,27
401585446,LAL,4397077,6
401585446,LAL,2580782,23
401585446,LAL,4066269,1
401585446,LAL,3906786,1
401585446,LAL,4432582,5
401585446,LAL,4395627,0
401585446,PHX,3202,39
401585446,PHX,2583632,37
401585446,PHX,3102530,37
401585446,PHX,3135045,38
401585446,PHX,3136193,38
401585446,PHX,3914285,10
401585446,PHX,4593041,1
401585446,PHX,4395652,1
401585446,PHX,4397102,24
401585446,PHX,4065663,5
401585446,PHX,4278124,9
401585446,PHX,3244,0
401585446,PHX,4683027,0
401585447,DAL,4278078,31
401585447,DAL,4683688,14
401585447,DAL,6442,32
401585447,DAL,3945274,33
401585447,DAL,4432811,32
401585447,DAL,6461,4
401585447,DAL,2531367,4
401585447,DAL,2960236,25
401585447,DAL,3936099,15
401585447,DAL,4278049,19
401585447,DAL,2528210,23
401585447,DAL,4868423,8
401585447,IND,3149673,29
401585447,IND,3133628,30
401585447,IND,4395712,33
401585447,IND,4396993,31
401585447,IND,4683634,33
401585447,IND,2528588,12
401585447,IND,4278355,19
401585447,IND,4397189,15
401585447,IND,4432170,3
401585447,IND,5106060,3
401585447,IND,2530530,19
401585447,IND,4433076,12
401585447,IND,3999,0
401585447,IND,4432827,0
401585447,IND,4433254,0
401585448,CLE,4066328,37
401585448,CLE,4432158,29
401585448,CLE,3908809,36
401585448,CLE,4065778,27
401585448,CLE,4396907,33
401585448,CLE,2990969,17
401585448,CLE,3912848,8
401585448,CLE,4432822,19
401585448,CLE,2991043,28
401585448,CLE,4066757,6
401585448,CLE,4277923,0
401585448,CLE,3064559,0
401585448,CLE,4701233,0
401585448,WSH,3134907,39
401585448,WSH,4277848,33
401585448,WSH,3135046,35
401585448,WSH,3914044,37
401585448,WSH,5104155,6
401585448,WSH,2993370,15
401585448,WSH,4277956,38
401585448,WSH,4395695,12
401585448,WSH,4432356,16
401585448,WSH,4433246,9
401585448,WSH,2581184,0
401585448,WSH,4066410,0
401585448,WSH,4280151,0
401585448,WSH,4432907,0
401585449,ORL,4566434,33
401585449,ORL,4277847,34
401585449,ORL,4348700,19
401585449,ORL,4432165,28
401585449,ORL,4712849,27
401585449,ORL,2968436,19
401585449,ORL,4065654,2
401585449,ORL,4278052,2
401585449,ORL,4433623,21
401585449,ORL,3150844,13
401585449,ORL,4066636,12
401585449,ORL,4432809,30
401585449,ATL,4701230,39
401585449,ATL,3102529,17
401585449,ATL,3037789,36
401585449,ATL,3907497,39
401585449,ATL,4397136,35
401585449,ATL,4065732,28
401585449,ATL,4277952,19
401585449,ATL,3913180,17
401585449,ATL,4683736,11
401585449,ATL,4431680,0
401585449,ATL,4004,0
401585449,ATL,4032,0
401585450,OKC,4433255,33
401585450,OKC,4278073,37
401585450,OKC,4397020,32
401585450,OKC,4593803,36
401585450,OKC,4871145,23
401585450,OKC,4432823,12
401585450,OKC,4249,12
401585450,OKC,3133626,5
401585450,OKC,4395702,17
401585450,OKC,4397183,15
401585450,OKC,4683692,19
401585450,OKC,4066317,0
401585450,OKC,6427,0
401585450,HOU,3155526,33
401585450,HOU,4432639,41
401585450,HOU,4871144,30
401585450,HOU,2991230,38
401585450,HOU,4437244,32
401585450,HOU,3209,16
401585450,HOU,5105592,17
401585450,HOU,3146557,1
401585450,HOU,3922230,11
401585450,HOU,4684740,21
401585450,HOU,3136777,0
401585450,HOU,2528779,0
401585450,HOU,4376,0
401585451,CHI,6478,34
401585451,CHI,3978,40
401585451,CHI,2991350,32
401585451,CHI,4395651,37
401585451,CHI,4397002,39
401585451,CHI,4279815,7
401585451,CHI,5105553,2
401585451,CHI,6585,14
401585451,CHI,3133635,20
401585451,CHI,4433159,15
401585451,CHI,2528693,0
401585451,CHI,4438552,0
401585451,NO,3913176,39
401585451,NO,4277813,39
401585451,NO,4395628,33
401585451,NO,4397688,37
401585451,NO,6477,28
401585451,NO,2580365,19
401585451,NO,3908336,19
401585451,NO,4432813,11
401585451,NO,4683750,15
401585451,NO,4278594,0
401585451,NO,4432821,0
401585451,NO,2579258,0
401585451,NO,3056245,0
401585451,NO,4277869,0
401585451,NO,4278352,0
401585452,DEN,3064290,33
401585452,DEN,4278104,32
401585452,DEN,3112335,37
401585452,DEN,2581018,35
401585452,DEN,3936299,36
401585452,DEN,2284101,2
401585452,DEN,4066240,2
401585452,DEN,4431690,12
401585452,DEN,4065731,2
401585452,DEN,6443,16
401585452,DEN,4398390,2
401585452,DEN,4431767,20
401585452,DEN,4432181,2
401585452,DEN,4576087,11
401585452,DEN,3442,0
401585452,GS,6589,27
401585452,GS,3059319,31
401585452,GS,4433247,25
401585452,GS,3975,32
401585452,GS,4709138,30
401585452,GS,4871143,2
401585452,GS,3032978,9
401585452,GS,3155535,10
401585452,GS,4431684,12
401585452,GS,6475,31
401585452,GS,3134903,14
401585452,GS,4431720,14
401585452,GS,4432171,2
401585452,GS,4592714,2
401585453,SA,4592479,20
401585453,SA,4610139,29
401585453,SA,5104157,27
401585453,SA,4395626,30
401585453,SA,4395630,34
401585453,SA,4066650,21
401585453,SA,4278580,14
401585453,SA,4395723,4
401585453,SA,4565201,28
401585453,SA,3893016,15
401585453,SA,4683935,18
401585453,SA,3133601,0
401585453,UTAH,3908845,27
401585453,UTAH,4066336,32
401585453,UTAH,4684806,26
401585453,UTAH,4277811,27
401585453,UTAH,4433627,30
401585453,UTAH,4423309,3
401585453,UTAH,5105839,16
401585453,UTAH,3074213,3
401585453,UTAH,4433136,19
401585453,UTAH,2528426,33
401585453,UTAH,2991139,20
401585453,UTAH,4395698,3
401585453,UTAH,4432817,3
401585453,UTAH,4396991,0
401585454,CHA,4066383,40
401585454,CHA,4433287,38
401585454,CHA,3138161,31
401585454,CHA,4278076,33
401585454,CHA,4432819,25
401585454,CHA,4066218,24
401585454,CHA,4702233,5
401585454,CHA,3102532,24
401585454,CHA,4576086,21
401585454,CHA,4683686,0
401585454,CHA,6426,0
401585454,CHA,4065652,0
401585454,CHA,2326307,0
401585454,POR,2991070,32
401585454,POR,4431736,18
401585454,POR,4594326,33
401585454,POR,4278129,37
401585454,POR,4351851,35
401585454,POR,4278111,3
401585454,POR,4397885,9
401585454,POR,4432446,18
401585454,POR,4066268,13
401585454,POR,3907498,31
401585454,POR,4066808,0
401585454,POR,4395722,11
401585454,POR,2566769,0
401585455,SAC,6578,36
401585455,SAC,3155942,36
401585455,SAC,4594327,37
401585455,SAC,4066259,33
401585455,SAC,4066372,25
401585455,SAC,3136196,11
401585455,SAC,4397693,1
401585455,SAC,4592402,16
401585455,SAC,4066262,28
401585455,SAC,4278053,18
401585455,SAC,3452,0
401585455,SAC,4395704,0
401585455,SAC,4702177,0
401585455,LAC,6450,36
401585455,LAC,4017837,33
401585455,LAC,3992,35
401585455,LAC,2595516,37
401585455,LAC,3907823,39
401585455,LAC,3033,5
401585455,LAC,2451037,14
401585455,LAC,3468,18
401585455,LAC,4066387,20
401585455,LAC,4432162,1
401585455,LAC,2488653,0
401585455,LAC,4592492,0
401585457,TOR,4395625,33
401585457,TOR,4433134,38
401585457,TOR,3134908,22
401585457,TOR,4277843,31
401585457,TOR,4395724,35
401585457,TOR,2489663,23
401585457,TOR,4065670,16
401585457,TOR,4397018,20
401585457,TOR,5106258,23
401585457,TOR,3948153,0
401585457,TOR,4066731,0
401585457,TOR,4277883,0
401585457,TOR,4023,0
401585457,TOR,4432820,0
401585457,IND,3149673,37
401585457,IND,3133628,26
401585457,IND,4395712,27
401585457,IND,4396993,32
401585457,IND,4683634,39
401585457,IND,2528588,5
401585457,IND,4278355,19
401585457,IND,4397189,14
401585457,IND,5106060,5
401585457,IND,2530530,20
401585457,IND,4433076,17
401585457,IND,3999,0
401585457,IND,4432170,0
401585457,IND,4432827,0
401585457,IND,4433254,0
401585456,DET,3899664,33
401585456,DET,4433621,31
401585456,DET,4432166,36
401585456,DET,4433218,24
401585456,DET,4684742,36
401585456,DET,4597865,8
401585456,DET,4432808,17
401585456,DET,4066668,12
401585456,DET,6588,20
401585456,DET,4397014,24
401585456,DET,4278508,0
401585456,DET,2490089,0
401585456,DET,4432810,0
401585456,DET,3915195,0
401585456,NY,4431679,34
401585456,NY,4222252,27
401585456,NY,3062679,42
401585456,NY,3934672,40
401585456,NY,3934673,32
401585456,NY,3593,22
401585456,NY,4277922,20
401585456,NY,6429,14
401585456,NY,4431823,10
401585456,NY,4592461,0
401585456,NY,3913220,0
401585456,NY,4066508,0
401585458,BKN,2578185,25
401585458,BKN,4278067,21
401585458,BKN,3032979,26
401585458,BKN,3147657,31
401585458,BKN,4432174,29
401585458,BKN,3138196,25
401585458,BKN,4431675,7
401585458,BKN,4431714,7
401585458,BKN,3136779,6
401585458,BKN,4432194,15
401585458,BKN,4065697,14
401585458,BKN,3907387,14
401585458,BKN,4277890,19
401585458,MEM,4277961,30
401585458,MEM,4433137,25
401585458,MEM,4593125,20
401585458,MEM,3913174,24
401585458,MEM,4397227,25
401585458,MEM,4066405,23
401585458,MEM,4431673,5
401585458,MEM,4592691,28
401585458,MEM,5105550,23
401585458,MEM,3133838,22
401585458,MEM,3456,15
401585458,MEM,3134932,0
401585459,MIA,3138160,40
401585459,MIA,3157465,39
401585459,MIA,4432848,38
401585459,MIA,4066261,36
401585459,MIA,3064447,35
401585459,MIA,3449,15
401585459,MIA,4291678,29
401585459,MIA,4397134,5
401585459,MIA,4592216,3
401585459,MIA,6430,0
401585459,MIA,4278572,0
401585459,MIA,4997528,0
401585459,MIA,3934723,0
401585459,SAC,6578,20
401585459,SAC,3155942,40
401585459,SAC,4594327,36
401585459,SAC,4066259,39
401585459,SAC,4066372,38
401585459,SAC,3136196,21
401585459,SAC,4592402,17
401585459,SAC,4066262,21
401585459,SAC,4278053,9
401585459,SAC,4397693,0
401585459,SAC,3452,0
401585459,SAC,2596107,0
401585459,SAC,4395704,0
401585459,SAC,4433378,0
401585459,SAC,4702177,0
401585460,DAL,4278078,35
401585460,DAL,4683688,22
401585460,DAL,6442,39
401585460,DAL,3945274,41
401585460,DAL,4432811,29
401585460,DAL,2960236,27
401585460,DAL,3936099,9
401585460,DAL,4278049,7
401585460,DAL,2528210,26
401585460,DAL,4868423,5
401585460,DAL,6461,0
401585460,DAL,2531367,0
401585460,CLE,4066328,33
401585460,CLE,4432158,28
401585460,CLE,3908809,38
401585460,CLE,4065778,26
401585460,CLE,4396907,32
401585460,CLE,2990969,21
401585460,CLE,3912848,9
401585460,CLE,4432822,25
401585460,CLE,2991043,28
401585460,CLE,3064559,0
401585460,CLE,4066757,0
401585460,CLE,4432173,0
401585461,BKN,2578185,21
401585461,BKN,3138196,29
401585461,BKN,4278067,27
401585461,BKN,3032979,25
401585461,BKN,3147657,29
401585461,BKN,4431675,19
401585461,BKN,4431714,23
401585461,BKN,3136779,7
401585461,BKN,4432194,14
401585461,BKN,4065697,20
401585461,BKN,4277890,21
401585461,BKN,4432192,4
401585461,ORL,4433623,31
401585461,ORL,4566434,28
401585461,ORL,4277847,22
401585461,ORL,2999547,21
401585461,ORL,4432165,16
401585461,ORL,2968436,18
401585461,ORL,4278052,5
401585461,ORL,3150844,19
401585461,ORL,4348700,7
401585461,ORL,4066636,25
401585461,ORL,4432809,26
401585461,ORL,4712849,22
401585462,GS,6589,29
401585462,GS,4433247,28
401585462,GS,3975,30
401585462,GS,4432171,23
401585462,GS,4709138,28
401585462,GS,3032978,14
401585462,GS,3155535,10
401585462,GS,4431684,9
401585462,GS,3943606,1
401585462,GS,2779,22
401585462,GS,6475,27
401585462,GS,3134903,18
401585462,GS,4431720,1
401585462,GS,3059319,0
401585462,WSH,3134907,38
401585462,WSH,4277848,33
401585462,WSH,4280151,33
401585462,WSH,3135046,36
401585462,WSH,3914044,32
401585462,WSH,2993370,12
401585462,WSH,4066410,7
401585462,WSH,4277956,29
401585462,WSH,4395695,11
401585462,WSH,4432356,8
401585462,WSH,2581184,0
401585462,WSH,4432907,0
401585462,WSH,4397127,0
401585463,UTAH,3908845,22
401585463,UTAH,4066336,26
401585463,UTAH,4684806,29
401585463,UTAH,4277811,29
401585463,UTAH,4433627,34
401585463,UTAH,5105839,17
401585463,UTAH,4396991,10
401585463,UTAH,4433136,30
401585463,UTAH,2528426,27
401585463,UTAH,2991139,16
401585463,UTAH,4423309,0
401585463,UTAH,3074213,0
401585463,UTAH,4395698,0
401585463,ATL,4701230,35
401585463,ATL,3102529,25
401585463,ATL,3037789,33
401585463,ATL,3907497,32
401585463,ATL,4397136,30
401585463,ATL,4065732,28
401585463,ATL,4277952,18
401585463,ATL,3913180,17
401585463,ATL,4683736,21
401585463,ATL,4431680,0
401585463,ATL,4004,0
401585463,ATL,4032,0
401585464,PHI,6440,29
401585464,PHI,4278562,14
401585464,PHI,2990984,29
401585464,PHI,3133603,22
401585464,PHI,4431678,37
401585464,PHI,3416,20
401585464,PHI,4423545,4
401585464,PHI,4277919,18
401585464,PHI,3064230,16
401585464,PHI,3012,23
401585464,PHI,4066436,9
401585464,PHI,4701234,19
401585464,BOS,4065648,35
401585464,BOS,3102531,31
401585464,BOS,3995,35
401585464,BOS,3078576,30
401585464,BOS,3917376,35
401585464,BOS,4065804,21
401585464,BOS,4278031,3
401585464,BOS,3213,21
401585464,BOS,3064560,11
401585464,BOS,4066354,16
401585464,BOS,4432164,2
401585464,BOS,4277964,0
401585464,BOS,3133602,0
401585464,BOS,4683689,0
401585465,NO,3913176,34
401585465,NO,4277813,34
401585465,NO,4395628,29
401585465,NO,4397688,36
401585465,NO,6477,23
401585465,NO,2580365,19
401585465,NO,3908336,12
401585465,NO,4278594,28
401585465,NO,4432813,3
401585465,NO,4431811,3
401585465,NO,4278352,3
401585465,NO,4683750,17
401585465,NO,2579258,0
401585465,NO,4277869,0
401585465,NY,4431679,40
401585465,NY,4277922,30
401585465,NY,3062679,40
401585465,NY,3934673,37
401585465,NY,4431823,40
401585465,NY,4592461,3
401585465,NY,3593,29
401585465,NY,6429,16
401585465,NY,3913220,3
401585465,NY,4066508,3
401585465,NY,4222252,0
401585465,NY,3934672,0
401585466,SA,4592479,19
401585466,SA,4610139,16
401585466,SA,5104157,34
401585466,SA,4395626,29
401585466,SA,4395630,39
401585466,SA,4066650,14
401585466,SA,4395723,34
401585466,SA,4565201,21
401585466,SA,3893016,22
401585466,SA,4683935,12
401585466,SA,4278580,0
401585466,SA,3133601,0
401585466,MIN,2993874,15
401585466,MIN,4431671,26
401585466,MIN,3032976,39
401585466,MIN,3195,20
401585466,MIN,4594268,33
401585466,MIN,3138156,0
401585466,MIN,4687718,0
401585466,MIN,4396971,33
401585466,MIN,3059310,27
401585466,MIN,3134916,16
401585466,MIN,4278039,30
401585466,MIN,4592187,0
401585466,MIN,4277951,0
401585467,DET,4432810,34
401585467,DET,4433621,31
401585467,DET,4432166,36
401585467,DET,4433218,34
401585467,DET,4684742,35
401585467,DET,3899664,21
401585467,DET,4432808,17
401585467,DET,4066668,12
401585467,DET,6588,6
401585467,DET,4397014,14
401585467,DET,4278508,0
401585467,DET,4597865,0
401585467,DET,2490089,0
401585467,DET,3915195,0
401585467,CHI,6478,37
401585467,CHI,3978,40
401585467,CHI,2991350,25
401585467,CHI,4395651,41
401585467,CHI,4397002,39
401585467,CHI,4279815,4
401585467,CHI,6585,28
401585467,CHI,3133635,12
401585467,CHI,4433159,15
401585467,CHI,4423884,0
401585467,CHI,5105553,0
401585467,CHI,4438552,0
401585467,CHI,4702023,0
401585467,CHI,4397650,0
401585468,CHA,4066383,37
401585468,CHA,4433287,33
401585468,CHA,3138161,22
401585468,CHA,4278076,20
401585468,CHA,4432819,33
401585468,CHA,4066218,28
401585468,CHA,4702233,6
401585468,CHA,6426,15
401585468,CHA,4065652,5
401585468,CHA,2326307,20
401585468,CHA,3102532,17
401585468,CHA,4576086,5
401585468,MIL,6581,23
401585468,MIL,3032977,24
401585468,MIL,3448,23
401585468,MIL,3907822,26
401585468,MIL,6606,25
401585468,MIL,3428,15
401585468,MIL,3064482,20
401585468,MIL,3102533,12
401585468,MIL,4432179,9
401585468,MIL,4433622,6
401585468,MIL,3964,16
401585468,MIL,2578239,26
401585468,MIL,4397475,13
401585469,HOU,3155526,32
401585469,HOU,4432639,35
401585469,HOU,4871144,36
401585469,HOU,2991230,36
401585469,HOU,4437244,28
401585469,HOU,3209,17
401585469,HOU,3136777,2
401585469,HOU,5105592,16
401585469,HOU,2528779,2
401585469,HOU,3146557,2
401585469,HOU,3922230,16
401585469,HOU,4684740,17
401585469,HOU,4376,0
401585469,OKC,4433255,34
401585469,OKC,4278073,32
401585469,OKC,4397020,22
401585469,OKC,4593803,35
401585469,OKC,4871145,20
401585469,OKC,4395714,2
401585469,OKC,4432823,19
401585469,OKC,4249,19
401585469,OKC,3133626,12
401585469,OKC,4395702,16
401585469,OKC,4397183,16
401585469,OKC,4683692,14
401585469,OKC,4278046,0
401585469,OKC,6427,0
401585470,MIA,6430,33
401585470,MIA,3157465,34
401585470,MIA,4997528,15
401585470,MIA,4066261,34
401585470,MIA,3074752,30
401585470,MIA,3449,14
401585470,MIA,3138160,27
401585470,MIA,4291678,6
401585470,MIA,4432848,29
401585470,MIA,3064447,17
401585470,MIA,3934723,0
401585470,MIA,4395725,0
401585470,MIA,4592216,0
401585470,POR,2991070,40
401585470,POR,4431736,32
401585470,POR,4594326,30
401585470,POR,4278129,19
401585470,POR,4351851,41
401585470,POR,4397885,5
401585470,POR,4432446,19
401585470,POR,4066268,13
401585470,POR,3907498,30
401585470,POR,4395722,11
401585470,POR,4683678,0
401585470,POR,5099752,0
401585471,NO,3913176,29
401585471,NO,4277813,38
401585471,NO,4395628,32
401585471,NO,6477,7
401585471,NO,2490149,34
401585471,NO,2580365,23
401585471,NO,4278594,28
401585471,NO,4397688,31
401585471,NO,4683750,18
401585471,NO,3908336,0
401585471,NO,4432813,0
401585471,NO,2579258,0
401585471,NO,4431811,0
401585471,NO,4277869,0
401585471,NO,4278352,0
401585471,IND,3149673,33
401585471,IND,3133628,27
401585471,IND,4395712,29
401585471,IND,4396993,34
401585471,IND,4683634,30
401585471,IND,4278355,24
401585471,IND,4397189,18
401585471,IND,2530530,19
401585471,IND,4433076,27
401585471,IND,3999,0
401585471,IND,4432170,0
401585471,IND,5106060,0
401585472,DAL,4278078,31
401585472,DAL,4683688,23
401585472,DAL,6442,35
401585472,DAL,3945274,36
401585472,DAL,4432811,31
401585472,DAL,3936099,15
401585472,DAL,4278049,25
401585472,DAL,4595400,1
401585472,DAL,2528210,25
401585472,DAL,3102528,17
401585472,DAL,4067017,1
401585472,DAL,6461,0
401585472,DAL,2531367,0
401585472,DAL,4868423,0
401585472,TOR,4395625,35
401585472,TOR,4433134,39
401585472,TOR,3134908,29
401585472,TOR,4277843,33
401585472,TOR,4395724,38
401585472,TOR,2489663,18
401585472,TOR,4065670,21
401585472,TOR,4397018,8
401585472,TOR,5106258,19
401585472,TOR,4066731,0
401585472,TOR,4277883,0
401585472,TOR,4023,0
401585472,TOR,4432820,0
401585473,MEM,4277961,38
401585473,MEM,4433137,36
401585473,MEM,4593125,36
401585473,MEM,4278402,31
401585473,MEM,4397227,31
401585473,MEM,4066405,10
401585473,MEM,4592691,19
401585473,MEM,5105550,27
401585473,MEM,3133838,7
401585473,MEM,3456,6
401585473,MEM,4431673,0
401585473,MEM,3134932,0
401585473,MIN,4431671,34
401585473,MIN,3032976,27
401585473,MIN,3136195,37
401585473,MIN,3195,28
401585473,MIN,4594268,40
401585473,MIN,4396971,26
401585473,MIN,3059310,21
401585473,MIN,3134916,4
401585473,MIN,4278039,24
401585473,MIN,3138156,0
401585473,MIN,4592187,0
401585473,MIN,4687718,0
401585473,MIN,4277951,0
401585473,MIN,4432176,0
401585474,CLE,4066328,34
401585474,CLE,4432158,42
401585474,CLE,3908809,44
401585474,CLE,4065778,37
401585474,CLE,4396907,44
401585474,CLE,2990969,11
401585474,CLE,3912848,14
401585474,CLE,4432822,24
401585474,CLE,2991043,39
401585474,CLE,3064559,0
401585474,CLE,4066757,0
401585474,CLE,4432173,0
401585474,CHI,6478,40
401585474,CHI,6585,36
401585474,CHI,3978,49
401585474,CHI,4395651,50
401585474,CHI,4397002,48
401585474,CHI,4279815,4
401585474,CHI,5105553,14
401585474,CHI,4438552,28
401585474,CHI,3133635,13
401585474,CHI,4433159,9
401585474,CHI,4423884,0
401585474,CHI,4702023,0
401585474,CHI,4397650,0
401585475,SAC,6578,20
401585475,SAC,3155942,32
401585475,SAC,4594327,33
401585475,SAC,4066372,18
401585475,SAC,4278053,16
401585475,SAC,3136196,23
401585475,SAC,4397693,10
401585475,SAC,2596107,16
401585475,SAC,4592402,26
401585475,SAC,4066262,25
401585475,SAC,4395704,13
401585475,SAC,4702177,8
401585475,SAC,3452,0
401585475,DEN,3064290,24
401585475,DEN,4278104,24
401585475,DEN,3112335,32
401585475,DEN,2581018,29
401585475,DEN,3936299,33
401585475,DEN,2284101,12
401585475,DEN,4395620,4
401585475,DEN,4431690,14
401585475,DEN,4065731,4
401585475,DEN,6443,19
401585475,DEN,4398390,4
401585475,DEN,4431767,20
401585475,DEN,4432181,2
401585475,DEN,4576087,20
401585475,DEN,3442,0
401585476,LAL,1966,37
401585476,LAL,6583,36
401585476,LAL,4066648,29
401585476,LAL,3136776,34
401585476,LAL,4066457,36
401585476,LAL,2990962,17
401585476,LAL,4395627,20
401585476,LAL,4397077,11
401585476,LAL,2580782,20
401585476,LAL,4432582,0
401585476,LAL,4066269,0
401585476,LAL,3906786,0
401585476,LAC,6450,39
401585476,LAC,2451037,31
401585476,LAC,3992,40
401585476,LAC,3907823,30
401585476,LAC,4066387,25
401585476,LAC,3033,11
401585476,LAC,2488653,16
401585476,LAC,3468,17
401585476,LAC,2595516,30
401585476,LAC,4433249,0
401585476,LAC,3914075,0
401585476,LAC,4396818,0
401585476,LAC,4431752,0
401585476,LAC,4432162,0
401585476,LAC,4592492,0
401585477,MIL,6581,23
401585477,MIL,3032977,33
401585477,MIL,3448,25
401585477,MIL,3907822,28
401585477,MIL,6606,34
401585477,MIL,3428,12
401585477,MIL,3064482,28
401585477,MIL,4432179,3
401585477,MIL,3964,24
401585477,MIL,2578239,24
401585477,MIL,4397475,5
401585477,MIL,3102533,0
401585477,MIL,4433622,0
401585477,MIL,4432190,0
401585477,CHA,4066383,39
401585477,CHA,4433287,40
401585477,CHA,3138161,29
401585477,CHA,4278076,27
401585477,CHA,4432819,29
401585477,CHA,4066218,30
401585477,CHA,6426,15
401585477,CHA,2326307,16
401585477,CHA,3102532,15
401585477,CHA,4683018,0
401585477,CHA,4702233,0
401585477,CHA,4576086,0
401585477,CHA,4683686,0
401585478,UTAH,3908845,36
401585478,UTAH,4066336,34
401585478,UTAH,4684806,27
401585478,UTAH,4277811,30
401585478,UTAH,4433627,31
401585478,UTAH,4423309,12
401585478,UTAH,5105839,14
401585478,UTAH,2528426,36
401585478,UTAH,2991139,22
401585478,UTAH,4396991,0
401585478,UTAH,3074213,0
401585478,UTAH,4395698,0
401585478,ORL,4432573,35
401585478,ORL,4566434,34
401585478,ORL,4277847,22
401585478,ORL,2999547,24
401585478,ORL,4432165,29
401585478,ORL,2968436,14
401585478,ORL,4433623,14
401585478,ORL,3150844,26
401585478,ORL,4066636,18
401585478,ORL,4432809,24
401585478,ORL,4278052,0
401585478,ORL,3918423,0
401585478,ORL,4348700,0
401585478,ORL,4712849,0
401585478,ORL,5105806,0
401585479,ATL,4701230,33
401585479,ATL,3102529,21
401585479,ATL,3037789,32
401585479,ATL,3907497,32
401585479,ATL,4397136,30
401585479,ATL,4065732,26
401585479,ATL,4277952,18
401585479,ATL,4032,14
401585479,ATL,3913180,11
401585479,ATL,4065656,5
401585479,ATL,4683736,19
401585479,ATL,4431680,0
401585479,BKN,2578185,27
401585479,BKN,3138196,30
401585479,BKN,4278067,28
401585479,BKN,3032979,27
401585479,BKN,3147657,34
401585479,BKN,4431675,7
401585479,BKN,4431714,25
401585479,BKN,3136779,6
401585479,BKN,4432194,20
401585479,BKN,4065697,21
401585479,BKN,4277890,16
401585479,BKN,4432174,0
401585480,GS,6589,27
401585480,GS,4433247,30
401585480,GS,3975,32
401585480,GS,4432171,26
401585480,GS,4709138,32
401585480,GS,3032978,11
401585480,GS,3155535,10
401585480,GS,4431684,11
401585480,GS,2779,26
401585480,GS,6475,27
401585480,GS,3134903,9
401585480,GS,4431720,1
401585480,GS,3943606,0
401585480,NY,4431679,26
401585480,NY,4222252,20
401585480,NY,3062679,47
401585480,NY,3934672,37
401585480,NY,3934673,36
401585480,NY,3593,18
401585480,NY,4277922,22
401585480,NY,6429,11
401585480,NY,4431823,22
401585480,NY,4592461,0
401585480,NY,3913220,0
401585480,NY,4066508,0
401585481,OKC,4433255,33
401585481,OKC,4278073,35
401585481,OKC,4397020,33
401585481,OKC,4593803,33
401585481,OKC,4871145,18
401585481,OKC,4066317,1
401585481,OKC,4432823,12
401585481,OKC,4249,12
401585481,OKC,6427,1
401585481,OKC,3133626,11
401585481,OKC,4395702,23
401585481,OKC,4397183,12
401585481,OKC,4683692,15
401585481,SA,4592479,19
401585481,SA,4610139,32
401585481,SA,5104157,32
401585481,SA,4395626,33
401585481,SA,4395630,38
401585481,SA,4066650,16
401585481,SA,4395723,31
401585481,SA,4565201,19
401585481,SA,3893016,15
401585481,SA,4683935,5
401585481,SA,4278580,0
401585481,SA,4870562,0
401585481,SA,3133601,0
401585481,SA,5081727,0
401585482,HOU,3155526,31
401585482,HOU,4432639,37
401585482,HOU,4871144,23
401585482,HOU,2991230,39
401585482,HOU,4437244,39
401585482,HOU,3209,12
401585482,HOU,5105592,27
401585482,HOU,2528779,4
401585482,HOU,3146557,10
401585482,HOU,3922230,9
401585482,HOU,4684740,10
401585482,HOU,3136777,0
401585482,HOU,4376,0
401585482,PHX,3202,40
401585482,PHX,2583632,37
401585482,PHX,3102530,27
401585482,PHX,3135045,36
401585482,PHX,3136193,39
401585482,PHX,3914285,16
401585482,PHX,4397102,26
401585482,PHX,4065663,11
401585482,PHX,4278124,8
401585482,PHX,3244,0
401585482,PHX,4593041,0
401585482,PHX,4683027,0
401585483,MIA,6430,40
401585483,MIA,3157465,36
401585483,MIA,4997528,25
401585483,MIA,4066261,36
401585483,MIA,3074752,33
401585483,MIA,3138160,28
401585483,MIA,4432848,27
401585483,MIA,4593049,12
401585483,MIA,3064447,3
401585483,MIA,4291678,0
401585483,MIA,3934723,0
401585483,MIA,4395725,0
401585483,MIA,4592216,0
401585483,DEN,3064290,37
401585483,DEN,4278104,38
401585483,DEN,3112335,38
401585483,DEN,2581018,34
401585483,DEN,3936299,14
401585483,DEN,2284101,8
401585483,DEN,4431690,6
401585483,DEN,6443,29
401585483,DEN,4431767,20
401585483,DEN,4576087,15
401585483,DEN,4395620,0
401585483,DEN,3442,0
401585483,DEN,4065731,0
401585483,DEN,4398390,0
401585483,DEN,4432181,0
401585484,WSH,3134907,37
401585484,WSH,4277848,34
401585484,WSH,4683021,43
401585484,WSH,3135046,37
401585484,WSH,3914044,16
401585484,WSH,2581184,0
401585484,WSH,2993370,14
401585484,WSH,4280151,27
401585484,WSH,4277956,38
401585484,WSH,4397127,1
401585484,WSH,4432356,17
401585484,WSH,4066410,0
401585484,WSH,4277957,0
401585484,WSH,4432907,0
401585484,WSH,4395695,0
401585484,LAL,1966,39
401585484,LAL,6583,41
401585484,LAL,4066648,35
401585484,LAL,3136776,44
401585484,LAL,4066457,39
401585484,LAL,2990962,17
401585484,LAL,4395627,4
401585484,LAL,4397077,11
401585484,LAL,2580782,26
401585484,LAL,4432582,9
401585484,LAL,4066269,0
401585484,LAL,3906786,0
401585485,CLE,4432822,25
401585485,CLE,4066328,35
401585485,CLE,4432158,35
401585485,CLE,4065778,35
401585485,CLE,4396907,36
401585485,CLE,2990969,19
401585485,CLE,3912848,19
401585485,CLE,4066757,25
401585485,CLE,4701233,11
401585485,CLE,3064559,0
401585485,CLE,2991043,0
401585485,CLE,3908809,0
401585485,DET,4432810,33
401585485,DET,4433621,31
401585485,DET,4432166,37
401585485,DET,4433218,31
401585485,DET,4684742,37
401585485,DET,3899664,25
401585485,DET,4432808,12
401585485,DET,4066668,5
401585485,DET,6588,15
401585485,DET,4397014,14
401585485,DET,4278508,0
401585485,DET,3915195,0
401585486,CHA,4066383,39
401585486,CHA,3138161,32
401585486,CHA,4278076,30
401585486,CHA,2326307,23
401585486,CHA,4432819,32
401585486,CHA,4066218,27
401585486,CHA,6426,20
401585486,CHA,3102532,28
401585486,CHA,4576086,9
401585486,CHA,4433287,0
401585486,CHA,4702233,0
401585486,PHI,6440,40
401585486,PHI,4277919,19
401585486,PHI,3012,36
401585486,PHI,2990984,32
401585486,PHI,4431678,39
401585486,PHI,3416,27
401585486,PHI,4278562,24
401585486,PHI,3064230,17
401585486,PHI,4701234,5
401585486,PHI,4431828,0
401585486,PHI,3133603,0
401585487,DAL,4278078,35
401585487,DAL,4683688,23
401585487,DAL,6442,37
401585487,DAL,3945274,37
401585487,DAL,4432811,28
401585487,DAL,2531367,4
401585487,DAL,2960236,20
401585487,DAL,3936099,7
401585487,DAL,4278049,6
401585487,DAL,4595400,4
401585487,DAL,2528210,20
401585487,DAL,3102528,15
401585487,DAL,4868423,4
401585487,DAL,6461,0
401585487,BOS,4065648,37
401585487,BOS,3102531,29
401585487,BOS,3995,27
401585487,BOS,3078576,32
401585487,BOS,3917376,31
401585487,BOS,4065804,15
401585487,BOS,4277964,15
401585487,BOS,4278031,4
401585487,BOS,3213,28
401585487,BOS,3133602,4
401585487,BOS,4066354,16
401585487,BOS,4432164,2
401585487,BOS,3064560,0
401585488,GS,6589,28
401585488,GS,4433247,27
401585488,GS,3975,30
401585488,GS,6475,30
401585488,GS,4432171,32
401585488,GS,3032978,6
401585488,GS,3155535,10
401585488,GS,4431684,16
401585488,GS,3943606,1
401585488,GS,2779,24
401585488,GS,3134903,14
401585488,GS,4431720,23
401585488,TOR,4395625,31
401585488,TOR,4433134,16
401585488,TOR,3134908,25
401585488,TOR,4277843,30
401585488,TOR,4395724,36
401585488,TOR,2489663,28
401585488,TOR,3948153,5
401585488,TOR,4066731,1
401585488,TOR,4277883,1
401585488,TOR,4065670,23
401585488,TOR,4397018,10
401585488,TOR,4397511,1
401585488,TOR,4432820,6
401585488,TOR,5106258,27
401585488,TOR,4023,0
401585489,POR,2991070,33
401585489,POR,4431736,21
401585489,POR,4594326,24
401585489,POR,4066268,23
401585489,POR,4351851,26
401585489,POR,4397885,20
401585489,POR,4432446,22
401585489,POR,4397126,9
401585489,POR,4871140,4
401585489,POR,3907498,26
401585489,POR,4395722,24
401585489,POR,5099752,7
401585489,MEM,4433137,26
401585489,MEM,4593125,28
401585489,MEM,4395623,30
401585489,MEM,4278402,34
401585489,MEM,4397227,29
401585489,MEM,4066405,21
401585489,MEM,4431673,7
401585489,MEM,4592691,26
401585489,MEM,5105550,23
401585489,MEM,3133838,17
401585489,MEM,3134932,0
401585489,MEM,3913174,0
401585490,SAC,6578,41
401585490,SAC,3155942,41
401585490,SAC,4594327,43
401585490,SAC,4066372,33
401585490,SAC,4702177,19
401585490,SAC,3136196,19
401585490,SAC,2596107,5
401585490,SAC,4592402,6
401585490,SAC,4066262,33
401585490,SAC,4278053,25
401585490,SAC,4397693,0
401585490,SAC,3452,0
401585490,SAC,4395704,0
401585490,MIN,4431671,45
401585490,MIN,3032976,42
401585490,MIN,3136195,37
401585490,MIN,3195,36
401585490,MIN,4594268,19
401585490,MIN,4396971,36
401585490,MIN,3059310,15
401585490,MIN,3134916,12
401585490,MIN,4278039,25
401585490,MIN,3138156,0
401585490,MIN,4687718,0
401585490,MIN,4277951,0
401585490,MIN,4432176,0
401585491,IND,3149673,20
401585491,IND,3133628,19
401585491,IND,4395712,30
401585491,IND,4396909,21
401585491,IND,4396993,23
401585491,IND,3999,7
401585491,IND,4278355,16
401585491,IND,4397189,11
401585491,IND,4432170,18
401585491,IND,5106060,27
401585491,IND,4432827,5
401585491,IND,2530530,17
401585491,IND,4433254,7
401585491,IND,4683634,20
401585491,NO,3913176,30
401585491,NO,4277813,26
401585491,NO,4395628,21
401585491,NO,6477,26
401585491,NO,2490149,25
401585491,NO,2580365,15
401585491,NO,3908336,6
401585491,NO,4278594,22
401585491,NO,4397688,28
401585491,NO,4432813,4
401585491,NO,2579258,6
401585491,NO,4277869,25
401585491,NO,4683750,7
401585492,MIL,6581,24
401585492,MIL,3032977,37
401585492,MIL,3448,29
401585492,MIL,3907822,28
401585492,MIL,6606,33
401585492,MIL,3428,6
401585492,MIL,3064482,26
401585492,MIL,3102533,2
401585492,MIL,4432179,1
401585492,MIL,3964,18
401585492,MIL,2578239,25
401585492,MIL,4397475,9
401585492,MIL,4432190,2
401585492,CHI,6478,34
401585492,CHI,3978,33
401585492,CHI,2991350,26
401585492,CHI,4395651,38
401585492,CHI,4397002,38
401585492,CHI,4279815,12
401585492,CHI,5105553,13
401585492,CHI,4438552,16
401585492,CHI,6585,24
401585492,CHI,3133635,4
401585492,CHI,4433159,2
401585492,CHI,2528693,0
401585493,WSH,3134907,29
401585493,WSH,4277848,28
401585493,WSH,4683021,26
401585493,WSH,3135046,23
401585493,WSH,3914044,17
401585493,WSH,2993370,7
401585493,WSH,4066410,13
401585493,WSH,4280151,23
401585493,WSH,4432907,7
401585493,WSH,4277956,21
401585493,WSH,4395695,15
401585493,WSH,4397127,7
401585493,WSH,4432356,24
401585493,WSH,2581184,0
401585493,LAC,4251,30
401585493,LAC,6450,29
401585493,LAC,2451037,20
401585493,LAC,3992,25
401585493,LAC,3907823,22
401585493,LAC,4433249,7
401585493,LAC,2488653,20
401585493,LAC,3468,10
401585493,LAC,2595516,22
401585493,LAC,4066387,22
401585493,LAC,4431752,5
401585493,LAC,4432162,5
401585493,LAC,4592492,16
401585493,LAC,4702176,5
401585493,LAC,3033,0
401585494,ATL,4701230,35
401585494,ATL,3102529,24
401585494,ATL,3037789,35
401585494,ATL,3907497,35
401585494,ATL,4397136,35
401585494,ATL,4065732,29
401585494,ATL,4277952,19
401585494,ATL,3913180,13
401585494,ATL,4065656,2
401585494,ATL,4683736,14
401585494,ATL,4431680,0
401585494,ATL,4032,0
401585494,BKN,2578185,35
401585494,BKN,3138196,31
401585494,BKN,4278067,34
401585494,BKN,3032979,34
401585494,BKN,3147657,39
401585494,BKN,4431675,2
401585494,BKN,4431714,16
401585494,BKN,3136779,2
401585494,BKN,4432194,14
401585494,BKN,4065697,21
401585494,BKN,4277890,11
401585494,BKN,4432174,0
401585495,UTAH,3908845,33
401585495,UTAH,4066336,41
401585495,UTAH,4684806,29
401585495,UTAH,4277811,31
401585495,UTAH,4433627,43
401585495,UTAH,4423309,5
401585495,UTAH,5105839,13
401585495,UTAH,4396991,20
401585495,UTAH,3074213,15
401585495,UTAH,2991139,10
401585495,UTAH,4395698,0
401585495,MIA,6430,36
401585495,MIA,3157465,34
401585495,MIA,4997528,19
401585495,MIA,4066261,34
401585495,MIA,3074752,33
401585495,MIA,3138160,23
401585495,MIA,4291678,19
401585495,MIA,4432848,29
401585495,MIA,4593049,14
401585495,MIA,4278572,0
401585495,MIA,4397134,0
401585495,MIA,3934723,0
401585495,MIA,3064447,0
401585495,MIA,4395725,0
401585496,POR,2991070,15
401585496,POR,4431736,36
401585496,POR,4594326,39
401585496,POR,4066268,24
401585496,POR,4351851,45
401585496,POR,4397885,13
401585496,POR,4432446,31
401585496,POR,4397126,4
401585496,POR,3907498,19
401585496,POR,4395722,33
401585496,POR,5099752,7
401585496,POR,4914336,0
401585496,MEM,4066405,17
401585496,MEM,4433137,34
401585496,MEM,4593125,37
401585496,MEM,4278402,30
401585496,MEM,4397227,38
401585496,MEM,4431673,18
401585496,MEM,4592691,14
401585496,MEM,5105550,31
401585496,MEM,3134932,18
401585496,MEM,3913174,28
401585496,MEM,4277961,0
401585496,MEM,3133838,0
401585497,DEN,3064290,35
401585497,DEN,4278104,37
401585497,DEN,3112335,39
401585497,DEN,3936299,38
401585497,DEN,4431767,24
401585497,DEN,2284101,31
401585497,DEN,4431690,9
401585497,DEN,6443,11
401585497,DEN,4576087,16
401585497,DEN,4395620,0
401585497,DEN,3442,0
401585497,DEN,4065731,0
401585497,DEN,4398390,0
401585497,DEN,4432181,0
401585497,LAL,1966,37
401585497,LAL,6583,39
401585497,LAL,4066648,37
401585497,LAL,3136776,31
401585497,LAL,4066457,37
401585497,LAL,4065649,0
401585497,LAL,2990962,12
401585497,LAL,4395627,19
401585497,LAL,4397077,9
401585497,LAL,2580782,20
401585497,LAL,4066269,0
401585497,LAL,4432582,0
401585498,HOU,3155526,33
401585498,HOU,4432639,37
401585498,HOU,4871144,33
401585498,HOU,2991230,42
401585498,HOU,4437244,38
401585498,HOU,3209,10
401585498,HOU,5105592,10
401585498,HOU,3146557,11
401585498,HOU,3922230,6
401585498,HOU,4684740,21
401585498,HOU,3136777,0
401585498,HOU,2528779,0
401585498,HOU,4376,0
401585498,HOU,4397821,0
401585498,PHX,3202,39
401585498,PHX,3102530,17
401585498,PHX,6580,20
401585498,PHX,3135045,37
401585498,PHX,3136193,38
401585498,PHX,3244,10
401585498,PHX,2583632,27
401585498,PHX,3914285,14
401585498,PHX,4593041,1
401585498,PHX,4397102,11
401585498,PHX,4683027,1
401585498,PHX,4065663,17
401585498,PHX,4278124,7
401585499,PHI,6440,35
401585499,PHI,4277919,14
401585499,PHI,3012,33
401585499,PHI,2990984,28
401585499,PHI,4431678,39
401585499,PHI,3416,32
401585499,PHI,4278562,28
401585499,PHI,4431828,4
401585499,PHI,3133603,26
401585499,PHI,3064230,0
401585499,PHI,4701234,0
401585499,DAL,4278078,35
401585499,DAL,4683688,18
401585499,DAL,6442,38
401585499,DAL,3945274,40
401585499,DAL,4432811,20
401585499,DAL,2960236,26
401585499,DAL,3936099,26
401585499,DAL,4278049,13
401585499,DAL,2528210,15
401585499,DAL,3102528,8
401585499,DAL,6461,0
401585499,DAL,2531367,0
401585499,DAL,4595400,0
401585499,DAL,4868423,0
401585500,GS,6589,14
401585500,GS,4433247,20
401585500,GS,3975,17
401585500,GS,6475,12
401585500,GS,4432171,19
401585500,GS,3032978,13
401585500,GS,3155535,11
401585500,GS,4431684,22
401585500,GS,4997536,19
401585500,GS,3943606,17
401585500,GS,2779,21
401585500,GS,3134903,22
401585500,GS,4431720,33
401585500,BOS,4065648,25
401585500,BOS,3213,21
401585500,BOS,3995,26
401585500,BOS,3078576,20
401585500,BOS,3917376,22
401585500,BOS,4065804,20
401585500,BOS,4277964,18
401585500,BOS,4278031,19
401585500,BOS,3064560,11
401585500,BOS,3133602,19
401585500,BOS,4066354,27
401585500,BOS,4432164,12
401585501,LAC,4251,34
401585501,LAC,6450,38
401585501,LAC,4017837,19
401585501,LAC,3992,34
401585501,LAC,3907823,19
401585501,LAC,2451037,29
401585501,LAC,2595516,27
401585501,LAC,4066387,25
401585501,LAC,4592492,14
401585501,LAC,3033,0
401585501,LAC,2488653,0
401585501,LAC,3914075,0
401585501,LAC,4432162,0
401585501,MIN,4431671,33
401585501,MIN,3032976,40
401585501,MIN,3136195,34
401585501,MIN,3195,28
401585501,MIN,4594268,37
401585501,MIN,2993874,14
401585501,MIN,3138156,0
401585501,MIN,4396971,21
401585501,MIN,3059310,11
401585501,MIN,4278039,21
401585501,MIN,4592187,0
401585501,MIN,4687718,0
401585501,MIN,4432176,0
401585501,MIN,3134916,0
401585502,DET,4432810,27
401585502,DET,4433621,25
401585502,DET,4432166,23
401585502,DET,4433218,25
401585502,DET,4684742,33
401585502,DET,3899664,33
401585502,DET,4278508,9
401585502,DET,4432808,15
401585502,DET,6588,26
401585502,DET,4432107,25
401585502,DET,4066668,0
401585502,DET,4397014,0
401585502,ORL,4432573,32
401585502,ORL,4566434,29
401585502,ORL,4277847,31
401585502,ORL,2999547,29
401585502,ORL,4432165,30
401585502,ORL,2968436,16
401585502,ORL,4065654,13
401585502,ORL,4278052,3
401585502,ORL,4433623,3
401585502,ORL,3918423,3
401585502,ORL,3150844,14
401585502,ORL,4348700,3
401585502,ORL,4066636,16
401585502,ORL,4432809,14
401585502,ORL,4712849,3
401585503,CHA,4066218,40
401585503,CHA,4066383,40
401585503,CHA,4433287,37
401585503,CHA,3102532,36
401585503,CHA,4432819,30
401585503,CHA,4702233,8
401585503,CHA,6426,26
401585503,CHA,4065652,8
401585503,CHA,4576086,16
401585503,CHA,4395650,0
401585503,CHA,4278076,0
401585503,CHA,5105638,0
401585503,TOR,4395625,35
401585503,TOR,3134908,15
401585503,TOR,4277843,34
401585503,TOR,4395724,36
401585503,TOR,4397018,33
401585503,TOR,2489663,26
401585503,TOR,4277883,18
401585503,TOR,4278103,7
401585503,TOR,4432820,12
401585503,TOR,5106258,24
401585503,TOR,3948153,0
401585503,TOR,4066731,0
401585503,TOR,4023,0
401585503,TOR,4397511,0
401585504,NY,4431679,22
401585504,NY,4222252,23
401585504,NY,3062679,45
401585504,NY,3934672,1
401585504,NY,3934673,39
401585504,NY,3593,30
401585504,NY,4277922,21
401585504,NY,6429,11
401585504,NY,4431823,47
401585504,NY,3064514,0
401585504,NY,3934719,0
401585504,NY,4066508,0
401585504,CLE,4432822,34
401585504,CLE,4066328,36
401585504,CLE,4432158,28
401585504,CLE,4065778,30
401585504,CLE,4396907,40
401585504,CLE,2990969,16
401585504,CLE,3912848,20
401585504,CLE,4066757,29
401585504,CLE,4701233,8
401585504,CLE,3064559,0
401585504,CLE,4065733,0
401585504,CLE,4432173,0
401585505,IND,3149673,38
401585505,IND,3133628,30
401585505,IND,4395712,21
401585505,IND,4396909,28
401585505,IND,4396993,36
401585505,IND,4278355,16
401585505,IND,4397189,12
401585505,IND,2530530,27
401585505,IND,4433254,1
401585505,IND,4683634,31
401585505,IND,3999,0
401585505,IND,4432170,0
401585505,IND,5106060,0
401585505,IND,4432827,0
401585505,SA,4565201,31
401585505,SA,4610139,34
401585505,SA,5104157,31
401585505,SA,4395626,30
401585505,SA,4395630,37
401585505,SA,4066650,16
401585505,SA,4278580,0
401585505,SA,4395723,27
401585505,SA,4870562,0
401585505,SA,3893016,14
401585505,SA,4683935,19
401585505,SA,5081727,0
401585505,SA,3133601,0
401585506,OKC,4433255,32
401585506,OKC,4278073,38
401585506,OKC,4397020,31
401585506,OKC,4593803,33
401585506,OKC,4871145,19
401585506,OKC,4249,16
401585506,OKC,6427,7
401585506,OKC,3133626,9
401585506,OKC,4395702,15
401585506,OKC,4397183,22
401585506,OKC,4683692,18
401585506,OKC,4066317,0
401585506,OKC,4278046,0
401585506,OKC,2490089,0
401585506,PHX,3202,36
401585506,PHX,2583632,33
401585506,PHX,3102530,32
401585506,PHX,6580,34
401585506,PHX,3135045,34
401585506,PHX,3914285,11
401585506,PHX,4593041,7
401585506,PHX,4397102,7
401585506,PHX,3431,30
401585506,PHX,4278124,16
401585506,PHX,3244,0
401585506,PHX,4683027,0
401585506,PHX,4065663,0
401585507,MEM,4593125,32
401585507,MEM,4395623,19
401585507,MEM,3134932,31
401585507,MEM,3913174,27
401585507,MEM,4397227,34
401585507,MEM,4066405,24
401585507,MEM,4431673,21
401585507,MEM,4592691,29
401585507,MEM,5105550,24
401585507,MEM,4433137,0
401585507,MEM,3133838,0
401585507,BKN,2578185,37
401585507,BKN,3138196,37
401585507,BKN,4278067,33
401585507,BKN,3032979,37
401585507,BKN,3147657,39
401585507,BKN,4431714,12
401585507,BKN,4432194,14
401585507,BKN,4065697,17
401585507,BKN,4277890,14
401585507,BKN,4431675,0
401585507,BKN,3136779,0
401585507,BKN,4432174,0
401585508,LAC,4251,36
401585508,LAC,6450,37
401585508,LAC,4017837,24
401585508,LAC,3992,37
401585508,LAC,3907823,19
401585508,LAC,2451037,15
401585508,LAC,2595516,34
401585508,LAC,4066387,26
401585508,LAC,4592492,11
401585508,LAC,3033,0
401585508,LAC,2488653,0
401585508,LAC,3914075,0
401585508,LAC,4432162,0
401585508,MIL,6581,18
401585508,MIL,3448,31
401585508,MIL,3964,34
401585508,MIL,3907822,29
401585508,MIL,6606,42
401585508,MIL,3428,17
401585508,MIL,3064482,30
401585508,MIL,2578239,17
401585508,MIL,4397475,22
401585508,MIL,3102533,0
401585508,MIL,5090967,0
401585508,MIL,4432190,0
401585508,MIL,4591725,0
401585508,MIL,4683749,0
401585509,POR,4397885,33
401585509,POR,4432446,28
401585509,POR,4594326,35
401585509,POR,4066268,39
401585509,POR,4351851,43
401585509,POR,4278111,10
401585509,POR,4397126,9
401585509,POR,4395722,20
401585509,POR,5099752,23
401585509,POR,4431736,0
401585509,POR,4871140,0
401585509,POR,4914336,0
401585509,MIN,4431671,24
401585509,MIN,3032976,39
401585509,MIN,3136195,21
401585509,MIN,3195,29
401585509,MIN,4278039,21
401585509,MIN,2993874,29
401585509,MIN,4396971,23
401585509,MIN,3059310,19
401585509,MIN,4594268,35
401585509,MIN,4592187,0
401585509,MIN,4277951,0
401585509,MIN,4432176,0
401585510,WSH,3134907,35
401585510,WSH,4277848,23
401585510,WSH,4683021,35
401585510,WSH,3135046,30
401585510,WSH,5104155,33
401585510,WSH,2993370,9
401585510,WSH,4066410,4
401585510,WSH,4280151,16
401585510,WSH,3914044,18
401585510,WSH,4277956,29
401585510,WSH,4432356,8
401585510,WSH,2581184,0
401585510,WSH,4395695,0
401585510,UTAH,3908845,35
401585510,UTAH,4423309,23
401585510,UTAH,4684806,14
401585510,UTAH,4277811,34
401585510,UTAH,4433627,6
401585510,UTAH,5105839,21
401585510,UTAH,4396991,15
401585510,UTAH,3074213,8
401585510,UTAH,2528426,36
401585510,UTAH,2991139,28
401585510,UTAH,4432817,20
401585510,UTAH,4066399,0
401585510,UTAH,4395698,0
401585510,UTAH,4397916,0
401585511,CHI,6478,32
401585511,CHI,3978,38
401585511,CHI,2991350,34
401585511,CHI,4395651,44
401585511,CHI,4397002,39
401585511,CHI,5105553,14
401585511,CHI,4438552,13
401585511,CHI,6585,16
401585511,CHI,3133635,11
401585511,CHI,4279815,0
401585511,CHI,2528693,0
401585511,CHI,4433159,0
401585511,SAC,6578,25
401585511,SAC,3155942,32
401585511,SAC,4594327,39
401585511,SAC,4066259,39
401585511,SAC,4066372,23
401585511,SAC,3136196,21
401585511,SAC,2596107,10
401585511,SAC,4592402,13
401585511,SAC,4066262,30
401585511,SAC,4278053,9
401585511,SAC,4397693,0
401585511,SAC,3452,0
401585511,SAC,4395704,0
401585511,SAC,4433378,0
401585511,SAC,4702177,0
401585512,OKC,4433255,28
401585512,OKC,4278073,30
401585512,OKC,4397020,24
401585512,OKC,4593803,26
401585512,OKC,4871145,29
401585512,OKC,4066317,5
401585512,OKC,4278046,4
401585512,OKC,4249,14
401585512,OKC,6427,7
401585512,OKC,2490089,11
401585512,OKC,3133626,9
401585512,OKC,4395702,14
401585512,OKC,4397183,16
401585512,OKC,4683692,22
401585512,LAL,1966,31
401585512,LAL,6583,30
401585512,LAL,4066648,22
401585512,LAL,3136776,34
401585512,LAL,4066457,29
401585512,LAL,4065649,4
401585512,LAL,2990962,22
401585512,LAL,4684286,4
401585512,LAL,4395627,13
401585512,LAL,4397077,18
401585512,LAL,2580782,24
401585512,LAL,4432582,5
401585512,LAL,4433626,5
401585513,ORL,4432573,33
401585513,ORL,4566434,30
401585513,ORL,4277847,29
401585513,ORL,2999547,22
401585513,ORL,4432165,20
401585513,ORL,2968436,17
401585513,ORL,4065654,18
401585513,ORL,4278052,1
401585513,ORL,4433623,1
401585513,ORL,3918423,1
401585513,ORL,3150844,18
401585513,ORL,4432809,23
401585513,ORL,4712849,28
401585513,ORL,4348700,0
401585513,CHA,4066383,36
401585513,CHA,4433287,38
401585513,CHA,4278076,27
401585513,CHA,3102532,29
401585513,CHA,4432819,34
401585513,CHA,4066218,33
401585513,CHA,6426,26
401585513,CHA,4576086,18
401585513,CHA,4683018,0
401585513,CHA,4702233,0
401585513,CHA,4065652,0
401585513,CHA,4683686,0
401585514,BOS,4065648,38
401585514,BOS,3102531,32
401585514,BOS,3995,36
401585514,BOS,3078576,35
401585514,BOS,3917376,37
401585514,BOS,4065804,14
401585514,BOS,3213,20
401585514,BOS,3064560,16
401585514,BOS,4066354,13
401585514,BOS,4278031,0
401585514,BOS,3133602,0
401585514,BOS,4432164,0
401585514,BOS,4683689,0
401585514,CLE,4432822,31
401585514,CLE,4066328,35
401585514,CLE,4432158,23
401585514,CLE,4066757,30
401585514,CLE,4396907,36
401585514,CLE,2990969,27
401585514,CLE,3912848,21
401585514,CLE,2991043,30
401585514,CLE,4701233,6
401585514,CLE,4397233,0
401585514,CLE,4433620,0
401585514,CLE,3064559,0
401585514,CLE,4432173,0
401585515,PHI,6440,37
401585515,PHI,4277919,12
401585515,PHI,3064230,23
401585515,PHI,3012,36
401585515,PHI,2990984,28
401585515,PHI,3416,32
401585515,PHI,4278562,19
401585515,PHI,4431828,11
401585515,PHI,3133603,36
401585515,PHI,4066786,6
401585515,PHI,4683940,0
401585515,PHI,4701234,0
401585515,BKN,2578185,31
401585515,BKN,3138196,8
401585515,BKN,4278067,33
401585515,BKN,3032979,34
401585515,BKN,3147657,38
401585515,BKN,4431675,13
401585515,BKN,4431714,23
401585515,BKN,3136779,6
401585515,BKN,4065697,24
401585515,BKN,4277890,30
401585515,BKN,4712896,0
401585515,BKN,4432174,0
401585516,DET,4432810,36
401585516,DET,4433621,32
401585516,DET,4432166,34
401585516,DET,4433218,29
401585516,DET,4684742,34
401585516,DET,3899664,29
401585516,DET,4432808,16
401585516,DET,6588,15
401585516,DET,4432107,14
401585516,DET,4278508,0
401585516,DET,4066668,0
401585516,DET,4397014,0
401585516,MIA,6430,37
401585516,MIA,3157465,36
401585516,MIA,4997528,21
401585516,MIA,4066261,35
401585516,MIA,3074752,32
401585516,MIA,3138160,28
401585516,MIA,4291678,11
401585516,MIA,4432848,27
401585516,MIA,3934723,5
401585516,MIA,4593049,8
401585516,MIA,3449,0
401585516,MIA,4397134,0
401585516,MIA,3064447,0
401585517,ATL,4701230,38
401585517,ATL,3102529,25
401585517,ATL,3037789,30
401585517,ATL,3907497,37
401585517,ATL,4397136,36
401585517,ATL,4065732,25
401585517,ATL,4277952,23
401585517,ATL,3913180,14
401585517,ATL,4065656,11
401585517,ATL,4032,0
401585517,ATL,3906786,0
401585517,ATL,4683736,0
401585517,NY,4431679,24
401585517,NY,4222252,20
401585517,NY,3062679,43
401585517,NY,3934673,39
401585517,NY,4431823,46
401585517,NY,3593,31
401585517,NY,4277922,26
401585517,NY,6429,12
401585517,NY,4592461,0
401585517,NY,3915195,0
401585517,NY,3934672,0
401585517,NY,4066508,0
401585518,NO,3913176,25
401585518,NO,4277813,25
401585518,NO,4395628,26
401585518,NO,6477,20
401585518,NO,2490149,23
401585518,NO,2580365,16
401585518,NO,3908336,7
401585518,NO,4278594,20
401585518,NO,4397688,29
401585518,NO,4432813,7
401585518,NO,2579258,4
401585518,NO,4277869,24
401585518,NO,4278412,3
401585518,NO,4683750,10
401585518,TOR,2489663,28
401585518,TOR,4395625,32
401585518,TOR,4277843,29
401585518,TOR,4395724,33
401585518,TOR,4397018,16
401585518,TOR,4592933,3
401585518,TOR,4277883,20
401585518,TOR,4278103,16
401585518,TOR,4431688,5
401585518,TOR,4397511,18
401585518,TOR,4432820,13
401585518,TOR,5106258,27
401585518,TOR,3948153,0
401585518,TOR,4066731,0
401585518,TOR,4023,0
401585519,SA,4592479,10
401585519,SA,4610139,34
401585519,SA,5104157,31
401585519,SA,4395626,21
401585519,SA,4395630,40
401585519,SA,4066650,18
401585519,SA,4395723,34
401585519,SA,4565201,26
401585519,SA,3893016,15
401585519,SA,4683935,12
401585519,SA,4278580,0
401585519,SA,4870562,0
401585519,SA,3133601,0
401585519,HOU,3155526,36
401585519,HOU,4432639,25
401585519,HOU,4871144,37
401585519,HOU,2991230,38
401585519,HOU,4437244,39
401585519,HOU,3209,6
401585519,HOU,5105592,20
401585519,HOU,2528779,3
401585519,HOU,3146557,11
401585519,HOU,3922230,5
401585519,HOU,4684740,19
401585519,HOU,3136777,0
401585519,HOU,4376,0
401585519,HOU,4397821,0
401585520,IND,3149673,32
401585520,IND,3133628,28
401585520,IND,4395712,25
401585520,IND,4396909,22
401585520,IND,4396993,32
401585520,IND,4278355,17
401585520,IND,4397189,18
401585520,IND,5106060,1
401585520,IND,2530530,18
401585520,IND,4433076,22
401585520,IND,4433254,1
401585520,IND,4683634,25
401585520,IND,3999,0
401585520,IND,4432170,0
401585520,IND,4432827,0
401585520,DAL,4278078,37
401585520,DAL,4683688,16
401585520,DAL,6442,36
401585520,DAL,3945274,43
401585520,DAL,4432811,26
401585520,DAL,2531367,2
401585520,DAL,2960236,15
401585520,DAL,3936099,12
401585520,DAL,4278049,21
401585520,DAL,2528210,13
401585520,DAL,3102528,16
401585520,DAL,4067017,2
401585520,DAL,4868423,2
401585520,DAL,6461,0
401585521,PHX,3202,44
401585521,PHX,2583632,39
401585521,PHX,3102530,30
401585521,PHX,6580,36
401585521,PHX,3135045,41
401585521,PHX,3914285,23
401585521,PHX,4593041,5
401585521,PHX,4397102,13
401585521,PHX,3431,22
401585521,PHX,4278124,13
401585521,PHX,3244,0
401585521,PHX,4066299,0
401585521,DEN,3064290,34
401585521,DEN,4278104,40
401585521,DEN,3112335,44
401585521,DEN,2581018,38
401585521,DEN,3936299,42
401585521,DEN,4431690,9
401585521,DEN,6443,16
401585521,DEN,4431767,19
401585521,DEN,4576087,23
401585521,DEN,2284101,0
401585521,DEN,4395620,0
401585521,DEN,3442,0
401585521,DEN,4065731,0
401585521,DEN,4398390,0
401585521,DEN,4432181,0
401585522,ORL,4432573,39
401585522,ORL,4566434,39
401585522,ORL,4348700,25
401585522,ORL,4432165,32
401585522,ORL,4712849,22
401585522,ORL,2968436,14
401585522,ORL,4433623,4
401585522,ORL,3150844,21
401585522,ORL,4066636,19
401585522,ORL,4432809,25
401585522,ORL,4278052,0
401585522,ORL,3918423,0
401585522,ORL,4277847,0
401585522,WSH,3134907,31
401585522,WSH,4280151,19
401585522,WSH,4683021,36
401585522,WSH,3135046,27
401585522,WSH,5104155,28
401585522,WSH,2993370,25
401585522,WSH,4066410,7
401585522,WSH,3914044,16
401585522,WSH,4277956,32
401585522,WSH,4432356,18
401585522,WSH,2581184,0
401585522,WSH,4397127,0
401585522,WSH,4590530,0
401585523,CLE,2990969,26
401585523,CLE,3912848,30
401585523,CLE,4432822,35
401585523,CLE,4066328,37
401585523,CLE,4396907,32
401585523,CLE,3064559,11
401585523,CLE,2991043,36
401585523,CLE,4066757,18
401585523,CLE,4701233,15
401585523,CLE,4397233,0
401585523,CLE,4433620,0
401585523,CLE,4432173,0
401585523,ATL,4701230,19
401585523,ATL,3102529,23
401585523,ATL,3037789,34
401585523,ATL,3907497,39
401585523,ATL,4397136,41
401585523,ATL,4065732,26
401585523,ATL,4277952,25
401585523,ATL,3913180,17
401585523,ATL,4065656,14
401585523,ATL,4578893,3
401585523,ATL,4032,0
401585523,ATL,4683736,0
401585524,MEM,4277961,37
401585524,MEM,4593125,35
401585524,MEM,3134932,28
401585524,MEM,3913174,28
401585524,MEM,4397227,37
401585524,MEM,4066405,16
401585524,MEM,4431673,6
401585524,MEM,4592691,32
401585524,MEM,5105550,22
401585524,MEM,4433137,0
401585524,MEM,3133838,0
401585524,PHI,3416,30
401585524,PHI,6440,35
401585524,PHI,4278562,24
401585524,PHI,3064230,28
401585524,PHI,2990984,31
401585524,PHI,4431828,20
401585524,PHI,4277919,4
401585524,PHI,3133603,34
401585524,PHI,4066786,24
401585524,PHI,4701234,9
401585524,PHI,4683940,0
401585525,LAC,4251,39
401585525,LAC,6450,39
401585525,LAC,4017837,15
401585525,LAC,3992,39
401585525,LAC,3907823,27
401585525,LAC,2451037,9
401585525,LAC,2488653,20
401585525,LAC,2595516,29
401585525,LAC,4066387,13
401585525,LAC,4592492,10
401585525,LAC,3033,0
401585525,LAC,3914075,0
401585525,LAC,4432162,0
401585525,HOU,3155526,38
401585525,HOU,4432639,29
401585525,HOU,4871144,42
401585525,HOU,2991230,39
401585525,HOU,4437244,32
401585525,HOU,3136777,6
401585525,HOU,5105592,24
401585525,HOU,3146557,6
401585525,HOU,3922230,8
401585525,HOU,4684740,18
401585525,HOU,4278588,0
401585525,HOU,2528779,0
401585525,HOU,4376,0
401585525,HOU,4397821,0
401585526,CHI,6478,31
401585526,CHI,3978,38
401585526,CHI,2991350,34
401585526,CHI,4395651,42
401585526,CHI,4397002,36
401585526,CHI,5105553,15
401585526,CHI,4438552,6
401585526,CHI,6585,17
401585526,CHI,3133635,20
401585526,CHI,4279815,0
401585526,CHI,2528693,0
401585526,CHI,4433159,0
401585526,UTAH,3908845,32
401585526,UTAH,4423309,19
401585526,UTAH,5105839,30
401585526,UTAH,2991139,29
401585526,UTAH,4277811,35
401585526,UTAH,4396991,24
401585526,UTAH,3074213,16
401585526,UTAH,2528426,34
401585526,UTAH,4432817,20
401585526,UTAH,4066399,0
401585526,UTAH,4395698,0
401585526,UTAH,4397916,0
401585527,MIL,6581,17
401585527,MIL,3032977,33
401585527,MIL,3448,28
401585527,MIL,3907822,32
401585527,MIL,6606,33
401585527,MIL,3428,9
401585527,MIL,3064482,24
401585527,MIL,3102533,3
401585527,MIL,4432179,4
401585527,MIL,3964,17
401585527,MIL,2578239,22
401585527,MIL,4397475,13
401585527,MIL,4432190,4
401585527,GS,6589,25
401585527,GS,3059319,14
401585527,GS,4433247,25
401585527,GS,3975,31
401585527,GS,4709138,26
401585527,GS,3032978,4
401585527,GS,3155535,6
401585527,GS,4431684,19
401585527,GS,4997536,4
401585527,GS,3943606,4
401585527,GS,2779,20
401585527,GS,6475,21
401585527,GS,3134903,16
401585527,GS,4431720,4
401585527,GS,4432171,21
401585528,OKC,4433255,33
401585528,OKC,4278073,36
401585528,OKC,4397020,30
401585528,OKC,4593803,32
401585528,OKC,4871145,32
401585528,OKC,4249,18
401585528,OKC,3133626,9
401585528,OKC,4395702,16
401585528,OKC,4397183,17
401585528,OKC,4683692,17
401585528,OKC,4066317,0
401585528,OKC,4278046,0
401585528,OKC,6427,0
401585528,OKC,2490089,0
401585528,POR,2991070,40
401585528,POR,4397885,29
401585528,POR,4594326,23
401585528,POR,4066268,31
401585528,POR,4351851,40
401585528,POR,4432446,19
401585528,POR,3907498,26
401585528,POR,4395722,14
401585528,POR,5099752,18
401585528,POR,4278111,0
401585528,POR,4431736,0
401585528,POR,4397126,0
401585529,SAC,6578,15
401585529,SAC,3155942,38
401585529,SAC,4594327,31
401585529,SAC,4066259,39
401585529,SAC,4066372,12
401585529,SAC,3136196,30
401585529,SAC,2596107,10
401585529,SAC,4066262,32
401585529,SAC,4278053,18
401585529,SAC,4702177,14
401585529,SAC,4397693,0
401585529,SAC,3452,0
401585529,SAC,4592402,0
401585529,SAC,4395704,0
401585529,LAL,1966,36
401585529,LAL,6583,34
401585529,LAL,4066648,33
401585529,LAL,3136776,35
401585529,LAL,4066457,36
401585529,LAL,4065649,1
401585529,LAL,2990962,15
401585529,LAL,4684286,1
401585529,LAL,4397077,13
401585529,LAL,2580782,24
401585529,LAL,4432582,11
401585529,LAL,4433626,1
401585529,LAL,4395627,0
401585530,BKN,2578185,37
401585530,BKN,4278067,34
401585530,BKN,4065697,24
401585530,BKN,3032979,39
401585530,BKN,3147657,43
401585530,BKN,4431675,11
401585530,BKN,4431714,9
401585530,BKN,4712896,10
401585530,BKN,3136779,4
401585530,BKN,4277890,29
401585530,BKN,4432174,0
401585530,BKN,4432192,0
401585530,DET,4432810,32
401585530,DET,4433621,30
401585530,DET,4432166,38
401585530,DET,4433218,39
401585530,DET,4684742,43
401585530,DET,3899664,23
401585530,DET,4432808,12
401585530,DET,4066668,4
401585530,DET,6588,13
401585530,DET,4432107,6
401585530,DET,3986,0
401585530,DET,4278508,0
401585530,DET,4279532,0
401585531,MIN,2993874,28
401585531,MIN,4431671,28
401585531,MIN,3032976,40
401585531,MIN,3195,30
401585531,MIN,4594268,39
401585531,MIN,2982334,16
401585531,MIN,4396971,26
401585531,MIN,3059310,6
401585531,MIN,4278039,28
401585531,MIN,4592187,0
401585531,MIN,4687718,0
401585531,MIN,4277951,0
401585531,MIN,3134916,0
401585531,IND,3149673,34
401585531,IND,3133628,21
401585531,IND,4395712,31
401585531,IND,4396909,30
401585531,IND,4396993,37
401585531,IND,4278355,14
401585531,IND,4397189,20
401585531,IND,4432170,7
401585531,IND,5106060,16
401585531,IND,2530530,12
401585531,IND,4433076,19
401585531,IND,3999,0
401585531,IND,4432827,0
401585531,IND,4433254,0
401585532,MIA,6430,38
401585532,MIA,3157465,30
401585532,MIA,4997528,16
401585532,MIA,4066261,37
401585532,MIA,3074752,40
401585532,MIA,3138160,33
401585532,MIA,4291678,8
401585532,MIA,4432848,28
401585532,MIA,3934723,11
401585532,MIA,4278572,0
401585532,MIA,4397134,0
401585532,MIA,4593049,0
401585532,MIA,4004,0
401585532,MIA,3064447,0
401585532,DAL,3936099,12
401585532,DAL,4278049,21
401585532,DAL,4278078,29
401585532,DAL,6442,36
401585532,DAL,3945274,40
401585532,DAL,2960236,22
401585532,DAL,4683688,23
401585532,DAL,2528210,21
401585532,DAL,3102528,17
401585532,DAL,4432811,19
401585532,DAL,6461,0
401585532,DAL,2531367,0
401585532,DAL,4067017,0
401585532,DAL,4868423,0
401585533,TOR,2489663,28
401585533,TOR,4395625,37
401585533,TOR,4277843,36
401585533,TOR,4395724,40
401585533,TOR,4397018,24
401585533,TOR,3948153,24
401585533,TOR,4277883,3
401585533,TOR,4397511,18
401585533,TOR,5106258,31
401585533,TOR,4066731,0
401585533,TOR,4278103,0
401585533,TOR,4023,0
401585533,PHX,3202,35
401585533,PHX,2583632,32
401585533,PHX,3102530,26
401585533,PHX,6580,33
401585533,PHX,3135045,39
401585533,PHX,3914285,21
401585533,PHX,4397102,16
401585533,PHX,3431,23
401585533,PHX,4278124,15
401585533,PHX,3244,0
401585533,PHX,3059307,0
401585533,PHX,4593041,0
401585534,BOS,4065648,39
401585534,BOS,3102531,35
401585534,BOS,3995,35
401585534,BOS,3078576,37
401585534,BOS,3917376,41
401585534,BOS,4065804,10
401585534,BOS,4277964,13
401585534,BOS,3213,19
401585534,BOS,4066354,11
401585534,BOS,4278031,0
401585534,BOS,3064560,0
401585534,BOS,3133602,0
401585534,BOS,4432164,0
401585534,DEN,3064290,34
401585534,DEN,4278104,30
401585534,DEN,3112335,39
401585534,DEN,2581018,34
401585534,DEN,3936299,37
401585534,DEN,2284101,13
401585534,DEN,4431690,8
401585534,DEN,6443,11
401585534,DEN,4431767,17
401585534,DEN,4576087,17
401585534,DEN,4395620,0
401585534,DEN,3442,0
401585534,DEN,4065731,0
401585534,DEN,4398390,0
401585534,DEN,4432181,0
401585535,CHI,6478,35
401585535,CHI,3978,39
401585535,CHI,2991350,22
401585535,CHI,4395651,37
401585535,CHI,4397002,38
401585535,CHI,5105553,4
401585535,CHI,2528693,14
401585535,CHI,4438552,17
401585535,CHI,6585,13
401585535,CHI,3133635,21
401585535,CHI,4279815,0
401585535,CHI,4433159,0
401585535,GS,6589,33
401585535,GS,3059319,15
401585535,GS,4433247,33
401585535,GS,3975,29
401585535,GS,4709138,27
401585535,GS,4431684,18
401585535,GS,2779,24
401585535,GS,6475,28
401585535,GS,3134903,11
401585535,GS,4431720,0
401585535,GS,4432171,23
401585535,GS,3032978,0
401585535,GS,3155535,0
401585535,GS,4997536,0
401585536,SA,4066650,30
401585536,SA,4592479,17
401585536,SA,4610139,36
401585536,SA,4395626,24
401585536,SA,4395630,39
401585536,SA,4278580,4
401585536,SA,4395723,28
401585536,SA,4565201,26
401585536,SA,4870562,13
401585536,SA,3893016,6
401585536,SA,4683935,17
401585536,SA,3133601,0
401585536,SAC,6578,30
401585536,SAC,3155942,38
401585536,SAC,4594327,31
401585536,SAC,4066259,35
401585536,SAC,4066372,16
401585536,SAC,3136196,18
401585536,SAC,2596107,9
401585536,SAC,4066262,30
401585536,SAC,4278053,14
401585536,SAC,4702177,17
401585536,SAC,4397693,0
401585536,SAC,4398207,0
401585536,SAC,3452,0
401585536,SAC,4592402,0
401585536,SAC,4433378,0
401585537,NO,3913176,35
401585537,NO,4277813,31
401585537,NO,4395628,35
401585537,NO,6477,19
401585537,NO,2490149,27
401585537,NO,2580365,27
401585537,NO,4278594,18
401585537,NO,4397688,28
401585537,NO,4277869,21
401585537,NO,3908336,0
401585537,NO,4432813,0
401585537,NO,2579258,0
401585537,NO,4278412,0
401585537,NO,4683750,0
401585537,PHI,6440,39
401585537,PHI,4277919,18
401585537,PHI,3012,31
401585537,PHI,2990984,25
401585537,PHI,3133603,34
401585537,PHI,4278562,27
401585537,PHI,4431828,17
401585537,PHI,3064230,23
401585537,PHI,4066786,19
401585537,PHI,4701234,6
401585537,PHI,3416,0
401585537,PHI,4683940,0
401585538,CHA,4066218,38
401585538,CHA,4066383,41
401585538,CHA,4433287,30
401585538,CHA,4278076,30
401585538,CHA,3102532,32
401585538,CHA,4702233,11
401585538,CHA,6426,32
401585538,CHA,4576086,10
401585538,CHA,4683686,16
401585538,CHA,4065652,0
401585538,CHA,4432819,0
401585538,WSH,2993370,36
401585538,WSH,3134907,40
401585538,WSH,4683021,35
401585538,WSH,3135046,22
401585538,WSH,5104155,27
401585538,WSH,2581184,2
401585538,WSH,4066410,6
401585538,WSH,4280151,30
401585538,WSH,4277956,34
401585538,WSH,4432356,8
401585538,WSH,4397127,0
401585538,WSH,4433246,0
401585538,WSH,4590530,0
401585539,MIN,2993874,35
401585539,MIN,4431671,40
401585539,MIN,3032976,37
401585539,MIN,3195,32
401585539,MIN,4594268,42
401585539,MIN,2982334,11
401585539,MIN,4396971,32
401585539,MIN,3134916,11
401585539,MIN,4278039,25
401585539,MIN,4592187,0
401585539,MIN,4687718,0
401585539,MIN,4277951,0
401585539,MIN,4432176,0
401585539,CLE,2990969,36
401585539,CLE,3912848,33
401585539,CLE,4432822,43
401585539,CLE,4066328,46
401585539,CLE,4396907,44
401585539,CLE,3064559,7
401585539,CLE,2991043,34
401585539,CLE,4066757,19
401585539,CLE,4701233,3
401585539,CLE,4432815,0
401585539,CLE,4433620,0
401585539,CLE,4065733,0
401585540,ORL,4432573,36
401585540,ORL,4566434,34
401585540,ORL,4277847,25
401585540,ORL,2999547,24
401585540,ORL,4712849,23
401585540,ORL,2968436,17
401585540,ORL,4065654,16
401585540,ORL,4278052,3
401585540,ORL,4433623,5
401585540,ORL,3918423,3
401585540,ORL,3150844,12
401585540,ORL,4348700,7
401585540,ORL,4066636,9
401585540,ORL,4432809,25
401585540,NY,4431679,39
401585540,NY,4222252,20
401585540,NY,3062679,42
401585540,NY,3934672,29
401585540,NY,3934673,42
401585540,NY,4592461,1
401585540,NY,3593,12
401585540,NY,4277922,28
401585540,NY,6429,5
401585540,NY,3915195,1
401585540,NY,4066508,1
401585540,NY,4431823,19
401585540,NY,4397235,0
401585541,ATL,3102529,27
401585541,ATL,3037789,35
401585541,ATL,3907497,40
401585541,ATL,4397136,37
401585541,ATL,4578893,22
401585541,ATL,4065732,29
401585541,ATL,4277952,21
401585541,ATL,4032,5
401585541,ATL,3913180,16
401585541,ATL,4065656,8
401585541,ATL,3906786,0
401585541,ATL,4683736,0
401585541,MEM,4277961,35
401585541,MEM,4593125,32
401585541,MEM,3134932,29
401585541,MEM,4278402,24
401585541,MEM,4397227,37
401585541,MEM,4066264,13
401585541,MEM,4066405,29
401585541,MEM,4431673,0
401585541,MEM,4592691,26
401585541,MEM,4395623,16
401585541,MEM,4433137,0
401585541,MEM,5105550,0
401585541,MEM,3913174,0
401585542,MIA,6430,37
401585542,MIA,3157465,28
401585542,MIA,4997528,30
401585542,MIA,4066261,31
401585542,MIA,3074752,32
401585542,MIA,3138160,30
401585542,MIA,4291678,5
401585542,MIA,4432848,31
401585542,MIA,4004,16
401585542,MIA,4278572,0
401585542,MIA,4397134,0
401585542,MIA,3934723,0
401585542,MIA,4593049,0
401585542,MIA,3064447,0
401585542,OKC,4433255,29
401585542,OKC,4278073,36
401585542,OKC,4397020,33
401585542,OKC,4593803,30
401585542,OKC,4871145,23
401585542,OKC,4432823,17
401585542,OKC,4249,18
401585542,OKC,4395702,19
401585542,OKC,4397183,19
401585542,OKC,4683692,14
401585542,OKC,4066317,0
401585542,OKC,4997526,0
401585542,OKC,6427,0
401585542,OKC,2490089,0
401585542,OKC,3133626,0
401585543,MIL,6581,21
401585543,MIL,3032977,39
401585543,MIL,3448,32
401585543,MIL,3907822,34
401585543,MIL,6606,38
401585543,MIL,3428,3
401585543,MIL,3064482,26
401585543,MIL,3964,16
401585543,MIL,2578239,31
401585543,MIL,3102533,0
401585543,MIL,4432179,0
401585543,MIL,4397475,0
401585543,MIL,4432190,0
401585543,LAL,6583,41
401585543,LAL,4066648,38
401585543,LAL,2580782,34
401585543,LAL,3136776,38
401585543,LAL,4066457,37
401585543,LAL,2990962,16
401585543,LAL,4395627,15
401585543,LAL,4397077,17
401585543,LAL,4432582,3
401585543,LAL,4065649,0
401585543,LAL,4684286,0
401585543,LAL,4066269,0
401585543,LAL,4433626,0
401585544,HOU,3155526,21
401585544,HOU,4432639,39
401585544,HOU,4871144,32
401585544,HOU,2991230,34
401585544,HOU,4437244,34
401585544,HOU,5105592,24
401585544,HOU,3146557,13
401585544,HOU,3922230,15
401585544,HOU,4397821,1
401585544,HOU,4684740,26
401585544,HOU,3209,0
401585544,HOU,3136777,0
401585544,HOU,2528779,0
401585544,HOU,4376,0
401585544,POR,4397885,38
401585544,POR,4431736,30
401585544,POR,4594326,33
401585544,POR,4066268,32
401585544,POR,4351851,34
401585544,POR,4278111,1
401585544,POR,4397126,10
401585544,POR,3907498,19
401585544,POR,4395722,18
401585544,POR,5099752,22
401585544,POR,4871140,0
401585544,POR,4914336,0
401585545,CHI,6478,35
401585545,CHI,3978,42
401585545,CHI,2991350,36
401585545,CHI,4395651,41
401585545,CHI,4397002,36
401585545,CHI,4279815,1
401585545,CHI,5105553,5
401585545,CHI,2528693,13
401585545,CHI,4438552,10
401585545,CHI,6585,12
401585545,CHI,3133635,7
401585545,CHI,4433159,1
401585545,LAC,4251,40
401585545,LAC,6450,38
401585545,LAC,4017837,25
401585545,LAC,3992,34
401585545,LAC,3907823,25
401585545,LAC,2451037,21
401585545,LAC,2595516,27
401585545,LAC,4066387,15
401585545,LAC,4396818,1
401585545,LAC,4431752,0
401585545,LAC,4592492,13
401585545,LAC,3033,0
401585545,LAC,2488653,0
401585545,LAC,3914075,0
401585545,LAC,4432162,0
401585546,BKN,2578185,38
401585546,BKN,4278067,34
401585546,BKN,3032979,39
401585546,BKN,3147657,41
401585546,BKN,4432174,30
401585546,BKN,4431675,13
401585546,BKN,4431714,20
401585546,BKN,4432194,10
401585546,BKN,4065697,14
401585546,BKN,4712896,0
401585546,BKN,3136779,0
401585546,BKN,4432192,0
401585546,CHA,4066218,38
401585546,CHA,4066383,39
401585546,CHA,4433287,36
401585546,CHA,4278076,31
401585546,CHA,3102532,31
401585546,CHA,4683018,8
401585546,CHA,4702233,13
401585546,CHA,6426,28
401585546,CHA,4683686,17
401585546,CHA,4395650,0
401585546,CHA,4065652,0
401585546,CHA,5105638,0
401585547,DAL,3936099,18
401585547,DAL,4278049,24
401585547,DAL,4278078,29
401585547,DAL,6442,30
401585547,DAL,3945274,37
401585547,DAL,6461,3
401585547,DAL,2531367,12
401585547,DAL,2960236,17
401585547,DAL,2528210,18
401585547,DAL,3102528,18
401585547,DAL,4067017,3
401585547,DAL,4432811,27
401585547,DAL,4868423,4
401585547,DET,4432810,34
401585547,DET,4433621,16
401585547,DET,4432166,32
401585547,DET,4433218,36
401585547,DET,4684742,11
401585547,DET,3899664,32
401585547,DET,4278508,2
401585547,DET,4432808,30
401585547,DET,4066668,2
401585547,DET,6588,11
401585547,DET,4279532,14
401585547,DET,4432107,19
401585547,DET,3986,0
401585547,DET,4397014,0
401585548,BOS,4065648,42
401585548,BOS,3213,32
401585548,BOS,3995,36
401585548,BOS,3078576,35
401585548,BOS,3917376,34
401585548,BOS,4065804,18
401585548,BOS,3064560,20
401585548,BOS,4066354,23
401585548,BOS,4432164,0
401585548,BOS,4576085,0
401585548,BOS,4277964,0
401585548,BOS,4278031,0
401585548,BOS,3133602,0
401585548,PHX,3202,37
401585548,PHX,2583632,37
401585548,PHX,3102530,28
401585548,PHX,6580,38
401585548,PHX,3135045,39
401585548,PHX,3914285,11
401585548,PHX,4593041,6
401585548,PHX,4397102,10
401585548,PHX,3431,29
401585548,PHX,4278124,4
401585548,PHX,3244,0
401585548,PHX,3059307,0
401585549,SA,4066650,22
401585549,SA,4565201,29
401585549,SA,4592479,34
401585549,SA,4610139,24
401585549,SA,4395626,31
401585549,SA,4278580,6
401585549,SA,4395723,32
401585549,SA,4870562,30
401585549,SA,3133601,11
401585549,SA,4683935,20
401585549,SA,4395630,0
401585549,GS,6589,28
401585549,GS,4431684,24
401585549,GS,4433247,30
401585549,GS,2779,29
401585549,GS,4709138,31
401585549,GS,3032978,3
401585549,GS,3059319,26
401585549,GS,4997536,6
401585549,GS,3943606,2
401585549,GS,6475,25
401585549,GS,4431720,9
401585549,GS,4432171,26
401585549,GS,4592714,2
401585549,GS,3155535,0
401585550,UTAH,3908845,33
401585550,UTAH,5105839,32
401585550,UTAH,4433136,24
401585550,UTAH,4277811,36
401585550,UTAH,4433627,38
401585550,UTAH,4423309,15
401585550,UTAH,4396991,9
401585550,UTAH,3074213,4
401585550,UTAH,2528426,28
401585550,UTAH,2991139,15
401585550,UTAH,4432817,6
401585550,UTAH,4395698,0
401585550,DEN,3064290,20
401585550,DEN,4278104,22
401585550,DEN,3112335,32
401585550,DEN,2581018,30
401585550,DEN,3936299,37
401585550,DEN,2284101,25
401585550,DEN,4395620,1
401585550,DEN,4431690,15
401585550,DEN,4065731,1
401585550,DEN,6443,9
401585550,DEN,4398390,2
401585550,DEN,4431767,17
401585550,DEN,4432181,2
401585550,DEN,4576087,26
401585550,DEN,3442,0
401585551,TOR,2489663,32
401585551,TOR,4277843,42
401585551,TOR,4395724,44
401585551,TOR,4397018,22
401585551,TOR,5106258,39
401585551,TOR,3948153,31
401585551,TOR,4066731,25
401585551,TOR,4277883,12
401585551,TOR,4278103,0
401585551,TOR,4397511,18
401585551,TOR,4395625,0
401585551,TOR,4431688,0
401585551,TOR,4023,0
401585551,POR,4397885,42
401585551,POR,4431736,32
401585551,POR,4594326,25
401585551,POR,4278129,40
401585551,POR,4351851,42
401585551,POR,4066268,13
401585551,POR,3907498,32
401585551,POR,4683678,26
401585551,POR,5099752,13
401585551,POR,2991070,0
401585551,POR,4397126,0
401585551,POR,4914336,0
401585552,MIL,6581,19
401585552,MIL,3032977,39
401585552,MIL,3448,31
401585552,MIL,3907822,39
401585552,MIL,6606,38
401585552,MIL,3428,6
401585552,MIL,3064482,26
401585552,MIL,3964,16
401585552,MIL,2578239,26
401585552,MIL,3102533,0
401585552,MIL,4432179,0
401585552,MIL,4397475,0
401585552,MIL,4432190,0
401585552,LAC,3033,26
401585552,LAC,4017837,26
401585552,LAC,3992,36
401585552,LAC,3907823,30
401585552,LAC,4066387,30
401585552,LAC,2451037,15
401585552,LAC,2488653,7
401585552,LAC,2595516,31
401585552,LAC,4432162,18
401585552,LAC,4592492,21
401585552,LAC,4433249,0
401585552,LAC,3914075,0
401585552,LAC,4396818,0
401585552,LAC,4431752,0
401585552,LAC,4702176,0
401585553,NO,3913176,32
401585553,NO,4277813,30
401585553,NO,4395628,36
401585553,NO,6477,17
401585553,NO,2490149,31
401585553,NO,2580365,29
401585553,NO,4278594,18
401585553,NO,4397688,30
401585553,NO,4277869,17
401585553,NO,3908336,0
401585553,NO,4432813,0
401585553,NO,2579258,0
401585553,NO,4683750,0
401585553,ATL,3102529,26
401585553,ATL,3037789,36
401585553,ATL,3907497,41
401585553,ATL,4397136,27
401585553,ATL,4578893,22
401585553,ATL,4065732,36
401585553,ATL,4277952,22
401585553,ATL,4032,4
401585553,ATL,3913180,19
401585553,ATL,4065656,7
401585553,ATL,3906786,0
401585553,ATL,4683736,0
401585554,WSH,3134907,38
401585554,WSH,4280151,39
401585554,WSH,4683021,35
401585554,WSH,3135046,38
401585554,WSH,5104155,36
401585554,WSH,2581184,0
401585554,WSH,4066410,3
401585554,WSH,3914044,7
401585554,WSH,4277956,23
401585554,WSH,4432356,9
401585554,WSH,4433246,11
401585554,WSH,2993370,0
401585554,WSH,4397127,0
401585554,WSH,4590530,0
401585554,MIA,6430,36
401585554,MIA,3157465,34
401585554,MIA,4997528,23
401585554,MIA,4066261,35
401585554,MIA,3074752,35
401585554,MIA,3138160,30
401585554,MIA,4291678,5
401585554,MIA,4432848,25
401585554,MIA,4593049,3
401585554,MIA,4004,14
401585554,MIA,4397134,0
401585554,MIA,3934723,0
401585554,MIA,3064447,0
401585556,IND,3149673,33
401585556,IND,3133628,31
401585556,IND,4395712,25
401585556,IND,4396909,37
401585556,IND,4396993,36
401585556,IND,4278355,25
401585556,IND,4432170,11
401585556,IND,5106060,3
401585556,IND,2530530,27
401585556,IND,4433076,11
401585556,IND,3999,0
401585556,IND,4397189,0
401585556,IND,4433254,0
401585556,ORL,4432573,38
401585556,ORL,4433623,22
401585556,ORL,4566434,29
401585556,ORL,4277847,28
401585556,ORL,2999547,28
401585556,ORL,2968436,23
401585556,ORL,4065654,19
401585556,ORL,3150844,16
401585556,ORL,4432809,26
401585556,ORL,4712849,11
401585556,ORL,4278052,0
401585556,ORL,3918423,0
401585556,ORL,4348700,0
401585557,HOU,3155526,30
401585557,HOU,4432639,34
401585557,HOU,4871144,29
401585557,HOU,2991230,38
401585557,HOU,4437244,35
401585557,HOU,3209,11
401585557,HOU,5105592,20
401585557,HOU,3146557,17
401585557,HOU,3922230,6
401585557,HOU,4684740,20
401585557,HOU,3136777,0
401585557,HOU,2528779,0
401585557,HOU,4376,0
401585557,HOU,4397821,0
401585557,SAC,6578,21
401585557,SAC,3155942,40
401585557,SAC,4594327,32
401585557,SAC,4066259,34
401585557,SAC,4066372,25
401585557,SAC,3136196,20
401585557,SAC,2596107,5
401585557,SAC,4066262,27
401585557,SAC,4278053,18
401585557,SAC,4702177,18
401585557,SAC,4397693,0
401585557,SAC,3452,0
401585557,SAC,4592402,0
401585557,SAC,4395704,0
401585555,PHI,6440,38
401585555,PHI,4277919,20
401585555,PHI,3064230,30
401585555,PHI,3012,31
401585555,PHI,3133603,33
401585555,PHI,3416,31
401585555,PHI,4278562,28
401585555,PHI,4431828,4
401585555,PHI,2990984,26
401585555,PHI,4066786,0
401585555,PHI,4683940,0
401585555,PHI,4701234,0
401585555,NY,4431679,36
401585555,NY,4222252,24
401585555,NY,3062679,43
401585555,NY,3934672,32
401585555,NY,3934673,36
401585555,NY,3593,18
401585555,NY,4277922,23
401585555,NY,6429,12
401585555,NY,4431823,16
401585555,NY,3934719,0
401585555,NY,4351852,0
401585555,NY,3915195,0
401585558,BKN,2578185,33
401585558,BKN,4278067,28
401585558,BKN,3032979,34
401585558,BKN,3147657,35
401585558,BKN,4432174,31
401585558,BKN,4431675,4
401585558,BKN,4431714,19
401585558,BKN,4712896,3
401585558,BKN,3136779,3
401585558,BKN,4432194,17
401585558,BKN,4065697,20
401585558,BKN,4277890,14
401585558,CLE,2990969,25
401585558,CLE,4432822,30
401585558,CLE,4066328,29
401585558,CLE,2991043,29
401585558,CLE,4396907,27
401585558,CLE,4397233,3
401585558,CLE,4432815,20
401585558,CLE,4433620,12
401585558,CLE,3064559,19
401585558,CLE,4066757,22
401585558,CLE,4701233,25
401585558,CLE,4065733,0
401585559,MEM,4277961,28
401585559,MEM,4592691,24
401585559,MEM,4593125,27
401585559,MEM,5105550,38
401585559,MEM,3913174,23
401585559,MEM,4066264,21
401585559,MEM,4066405,30
401585559,MEM,4395623,21
401585559,MEM,4066796,28
401585559,MEM,4433137,0
401585559,MEM,3134932,0
401585559,MEM,4397227,0
401585559,OKC,4433255,22
401585559,OKC,4278073,27
401585559,OKC,4397020,23
401585559,OKC,4593803,10
401585559,OKC,4871145,19
401585559,OKC,4066317,9
401585559,OKC,4432823,13
401585559,OKC,4997526,12
401585559,OKC,4249,18
401585559,OKC,6427,9
401585559,OKC,2490089,7
401585559,OKC,3133626,17
401585559,OKC,4395702,16
401585559,OKC,4397183,13
401585559,OKC,4683692,27
401585560,MIN,4431671,32
401585560,MIN,4396971,42
401585560,MIN,3195,29
401585560,MIN,4278039,39
401585560,MIN,4594268,40
401585560,MIN,4592187,1
401585560,MIN,4687718,1
401585560,MIN,2982334,23
401585560,MIN,4277951,10
401585560,MIN,4432176,1
401585560,MIN,3134916,21
401585560,MIN,2993874,0
401585560,MIN,3032976,0
401585560,LAL,1966,38
401585560,LAL,6583,39
401585560,LAL,4066648,24
401585560,LAL,3136776,34
401585560,LAL,4066457,36
401585560,LAL,4065649,1
401585560,LAL,2990962,24
401585560,LAL,4684286,1
401585560,LAL,4397077,16
401585560,LAL,2580782,17
401585560,LAL,4066269,1
401585560,LAL,4432582,9
401585560,LAL,4433626,0
401585561,CHA,4066218,32
401585561,CHA,4066383,40
401585561,CHA,4433287,35
401585561,CHA,4278076,36
401585561,CHA,3102532,33
401585561,CHA,4683018,11
401585561,CHA,4702233,12
401585561,CHA,6426,26
401585561,CHA,4683686,15
401585561,CHA,4432819,0
401585561,CHA,4576086,0
401585561,CHA,5105638,0
401585561,DET,3899664,37
401585561,DET,4432810,34
401585561,DET,4433621,30
401585561,DET,4432166,32
401585561,DET,4433218,33
401585561,DET,4432808,18
401585561,DET,6588,11
401585561,DET,4279532,4
401585561,DET,4397014,21
401585561,DET,4432107,20
401585561,DET,3986,0
401585561,DET,4278508,0
401585561,DET,4066668,0
401585561,DET,4684742,0
401585562,PHX,3202,39
401585562,PHX,3102530,29
401585562,PHX,6580,36
401585562,PHX,3135045,36
401585562,PHX,3136193,38
401585562,PHX,2583632,29
401585562,PHX,3914285,18
401585562,PHX,4593041,5
401585562,PHX,4397102,10
401585562,PHX,3244,0
401585562,PHX,3059307,0
401585562,PHX,4065663,0
401585562,CLE,2990969,25
401585562,CLE,4432822,39
401585562,CLE,4066328,38
401585562,CLE,2991043,33
401585562,CLE,4396907,36
401585562,CLE,4432815,13
401585562,CLE,3064559,12
401585562,CLE,4066757,21
401585562,CLE,4701233,22
401585562,CLE,4397233,0
401585562,CLE,4433620,0
401585562,CLE,4065733,0
401585563,DAL,3936099,16
401585563,DAL,4278049,23
401585563,DAL,4278078,23
401585563,DAL,6442,27
401585563,DAL,3945274,34
401585563,DAL,6461,5
401585563,DAL,2531367,5
401585563,DAL,2960236,13
401585563,DAL,4683688,20
401585563,DAL,2528210,18
401585563,DAL,3102528,19
401585563,DAL,4067017,6
401585563,DAL,4432811,23
401585563,DAL,4868423,7
401585563,CHI,6478,26
401585563,CHI,3978,22
401585563,CHI,2991350,21
401585563,CHI,4395651,27
401585563,CHI,4397002,29
401585563,CHI,4279815,7
401585563,CHI,5105553,28
401585563,CHI,2528693,17
401585563,CHI,4438552,25
401585563,CHI,6585,16
401585563,CHI,3133635,13
401585563,CHI,4433159,7
401585564,GS,6589,28
401585564,GS,3059319,30
401585564,GS,4433247,31
401585564,GS,2779,33
401585564,GS,6475,30
401585564,GS,4431684,26
401585564,GS,3134903,15
401585564,GS,4432171,12
401585564,GS,4709138,35
401585564,GS,3032978,0
401585564,GS,3155535,0
401585564,GS,3943606,0
401585564,GS,4431720,0
401585564,SA,4592479,28
401585564,SA,4610139,28
401585564,SA,5104157,31
401585564,SA,4395626,32
401585564,SA,4395630,37
401585564,SA,4066650,17
401585564,SA,4278580,1
401585564,SA,4395723,30
401585564,SA,4565201,17
401585564,SA,4870562,7
401585564,SA,4683935,13
401585564,SA,3133601,0
401585565,TOR,2489663,29
401585565,TOR,4395625,38
401585565,TOR,4065670,38
401585565,TOR,4397018,29
401585565,TOR,5106258,36
401585565,TOR,4066731,19
401585565,TOR,4277883,17
401585565,TOR,4278103,22
401585565,TOR,4397511,12
401585565,TOR,4397554,0
401585565,TOR,4431688,0
401585565,TOR,4023,0
401585565,TOR,4277843,0
401585565,DEN,3064290,31
401585565,DEN,4278104,33
401585565,DEN,3112335,38
401585565,DEN,2581018,32
401585565,DEN,3936299,39
401585565,DEN,2284101,8
401585565,DEN,4431690,9
401585565,DEN,6443,15
401585565,DEN,4431767,19
401585565,DEN,4576087,15
401585565,DEN,3442,0
401585565,DEN,4065731,0
401585565,DEN,4278585,0
401585565,DEN,4432181,0
401585566,BOS,4065648,36
401585566,BOS,3213,30
401585566,BOS,3078576,34
401585566,BOS,3917376,33
401585566,BOS,4066354,30
401585566,BOS,4065804,32
401585566,BOS,4278031,19
401585566,BOS,3064560,21
401585566,BOS,4397424,2
401585566,BOS,4432164,2
401585566,BOS,4576085,2
401585566,BOS,4277964,0
401585566,POR,2991070,36
401585566,POR,4594326,19
401585566,POR,4278129,33
401585566,POR,4351851,34
401585566,POR,4683678,33
401585566,POR,4397885,22
401585566,POR,4431736,25
401585566,POR,4066268,13
401585566,POR,4397126,2
401585566,POR,3907498,22
401585566,POR,5099752,2
401585566,POR,4914336,0
401585567,PHI,6440,26
401585567,PHI,4277919,17
401585567,PHI,3012,21
401585567,PHI,3133603,30
401585567,PHI,4431678,28
401585567,PHI,3416,21
401585567,PHI,4278562,28
401585567,PHI,4431828,11
401585567,PHI,3064230,20
401585567,PHI,2990984,24
401585567,PHI,4066786,8
401585567,PHI,4701234,6
401585567,NY,3934719,29
401585567,NY,4222252,20
401585567,NY,3062679,39
401585567,NY,3934672,27
401585567,NY,3934673,34
401585567,NY,4431679,24
401585567,NY,3593,22
401585567,NY,4277922,6
401585567,NY,6429,12
401585567,NY,3915195,4
401585567,NY,4431823,23
401585567,NY,4351852,0
401585568,WSH,3134907,37
401585568,WSH,4280151,36
401585568,WSH,4683021,36
401585568,WSH,3135046,34
401585568,WSH,5104155,32
401585568,WSH,2581184,4
401585568,WSH,4066410,8
401585568,WSH,4277956,27
401585568,WSH,4395695,10
401585568,WSH,4432356,5
401585568,WSH,4433246,11
401585568,WSH,2993370,0
401585568,WSH,4590530,0
401585568,MEM,4593125,30
401585568,MEM,4395623,31
401585568,MEM,3134932,33
401585568,MEM,3913174,26
401585568,MEM,4278402,32
401585568,MEM,4066264,17
401585568,MEM,4592691,24
401585568,MEM,5105550,27
401585568,MEM,4066796,21
401585568,MEM,4066405,0
401585568,MEM,4433137,0
401585568,MEM,4397227,0
401585569,IND,3149673,32
401585569,IND,3133628,30
401585569,IND,4395712,27
401585569,IND,4396909,36
401585569,IND,4396993,36
401585569,IND,4278355,19
401585569,IND,4397189,18
401585569,IND,5106060,7
401585569,IND,2530530,17
401585569,IND,4433076,17
401585569,IND,3999,0
401585569,IND,4432170,0
401585569,IND,4433254,0
401585569,OKC,4249,30
401585569,OKC,4433255,35
401585569,OKC,4278073,37
401585569,OKC,4397020,35
401585569,OKC,4871145,28
401585569,OKC,4432823,7
401585569,OKC,2490089,1
401585569,OKC,3133626,9
401585569,OKC,4395702,19
401585569,OKC,4397183,15
401585569,OKC,4683692,23
401585569,OKC,4066317,0
401585569,OKC,6427,0
401585570,HOU,3155526,30
401585570,HOU,4432639,33
401585570,HOU,2991230,39
401585570,HOU,4437244,37
401585570,HOU,4684740,23
401585570,HOU,3209,14
401585570,HOU,3136777,13
401585570,HOU,2528779,14
401585570,HOU,3146557,26
401585570,HOU,3922230,11
401585570,HOU,4376,0
401585570,HOU,4397821,0
401585570,SA,4592479,34
401585570,SA,4610139,32
401585570,SA,5104157,31
401585570,SA,4395626,32
401585570,SA,4395630,36
401585570,SA,4066650,16
401585570,SA,4278580,11
401585570,SA,4565201,22
401585570,SA,4870562,4
401585570,SA,3133601,4
401585570,SA,4683935,16
401585571,BOS,4065648,34
401585571,BOS,4065804,34
401585571,BOS,3064560,28
401585571,BOS,3995,38
401585571,BOS,3078576,35
401585571,BOS,4277964,27
401585571,BOS,4278031,17
401585571,BOS,3133602,1
401585571,BOS,4066354,25
401585571,BOS,4432164,1
401585571,BOS,4576085,1
401585571,BOS,4397424,0
401585571,UTAH,3908845,29
401585571,UTAH,4423309,14
401585571,UTAH,5105839,23
401585571,UTAH,4277811,31
401585571,UTAH,4433627,35
401585571,UTAH,4396991,17
401585571,UTAH,4066399,13
401585571,UTAH,4433136,19
401585571,UTAH,2528426,34
401585571,UTAH,2991139,24
401585571,UTAH,4585610,0
401585571,UTAH,3074213,0
401585571,UTAH,4395698,0
401585571,UTAH,4397537,0
401585571,UTAH,4432817,0
401585572,MIN,2993874,29
401585572,MIN,4431671,23
401585572,MIN,3032976,33
401585572,MIN,3195,27
401585572,MIN,4594268,37
401585572,MIN,4592187,3
401585572,MIN,4687718,3
401585572,MIN,5044385,3
401585572,MIN,2982334,14
401585572,MIN,4396971,22
401585572,MIN,4432176,3
401585572,MIN,3134916,17
401585572,MIN,4278039,28
401585572,LAC,4251,35
401585572,LAC,6450,12
401585572,LAC,4017837,27
401585572,LAC,3992,34
401585572,LAC,3907823,28
401585572,LAC,2451037,15
401585572,LAC,2488653,4
401585572,LAC,2595516,28
401585572,LAC,3914075,4
401585572,LAC,4066387,18
401585572,LAC,4396818,4
401585572,LAC,4431752,4
401585572,LAC,4432162,9
401585572,LAC,4592492,18
401585572,LAC,3033,0
401585573,MIL,6581,16
401585573,MIL,3032977,33
401585573,MIL,3448,26
401585573,MIL,3907822,25
401585573,MIL,6606,33
401585573,MIL,3428,7
401585573,MIL,3064482,21
401585573,MIL,3102533,7
401585573,MIL,3964,27
401585573,MIL,2578239,23
401585573,MIL,4397475,17
401585573,MIL,4432190,7
401585573,SAC,6578,32
401585573,SAC,3155942,34
401585573,SAC,4066259,32
401585573,SAC,4066372,25
401585573,SAC,4702177,27
401585573,SAC,3136196,8
401585573,SAC,4397693,4
401585573,SAC,4398207,2
401585573,SAC,3452,5
401585573,SAC,2596107,9
401585573,SAC,4592402,11
401585573,SAC,4066262,28
401585573,SAC,4278053,18
401585573,SAC,4433378,5
401585573,SAC,4066736,0
401585574,TOR,2489663,31
401585574,TOR,4065670,33
401585574,TOR,4395724,36
401585574,TOR,4397018,26
401585574,TOR,5106258,32
401585574,TOR,4066731,21
401585574,TOR,4277883,21
401585574,TOR,4278103,21
401585574,TOR,4431688,19
401585574,TOR,4023,0
401585574,TOR,4277843,0
401585574,TOR,4397511,0
401585574,DET,3899664,38
401585574,DET,4432810,33
401585574,DET,4433621,28
401585574,DET,4432166,28
401585574,DET,4433218,37
401585574,DET,4432808,19
401585574,DET,6588,5
401585574,DET,4279532,15
401585574,DET,4397014,15
401585574,DET,4432107,22
401585574,DET,3986,0
401585574,DET,4278508,0
401585574,DET,4066668,0
401585574,DET,4684742,0
401585575,BKN,2578185,25
401585575,BKN,4278067,30
401585575,BKN,3032979,29
401585575,BKN,3147657,30
401585575,BKN,4432174,39
401585575,BKN,3138196,29
401585575,BKN,4431675,2
401585575,BKN,4431714,14
401585575,BKN,3136779,2
401585575,BKN,4432194,14
401585575,BKN,4065697,18
401585575,BKN,4277890,8
401585575,ORL,4432573,35
401585575,ORL,4566434,28
401585575,ORL,4277847,27
401585575,ORL,2999547,30
401585575,ORL,4432165,30
401585575,ORL,2968436,16
401585575,ORL,4065654,20
401585575,ORL,4278052,2
401585575,ORL,4433623,2
401585575,ORL,3918423,2
401585575,ORL,3150844,11
401585575,ORL,4348700,2
401585575,ORL,4066636,19
401585575,ORL,4432809,16
401585575,ORL,4712849,2
401585576,CHI,6478,43
401585576,CHI,3978,44
401585576,CHI,2991350,37
401585576,CHI,4395651,36
401585576,CHI,4397002,43
401585576,CHI,5105553,11
401585576,CHI,2528693,22
401585576,CHI,4438552,13
401585576,CHI,6585,10
401585576,CHI,4433159,6
401585576,CHI,4279815,0
401585576,CHI,3133635,0
401585576,IND,3149673,36
401585576,IND,3133628,34
401585576,IND,4395712,30
401585576,IND,4396909,27
401585576,IND,4396993,38
401585576,IND,4278355,18
401585576,IND,4397189,18
401585576,IND,4432170,0
401585576,IND,5106060,24
401585576,IND,2530530,20
401585576,IND,4433076,21
401585576,IND,3999,0
401585576,IND,4432827,0
401585576,IND,4433254,0
401585576,IND,4592829,0
401585577,DEN,3064290,33
401585577,DEN,4278104,34
401585577,DEN,3112335,38
401585577,DEN,2581018,25
401585577,DEN,3936299,31
401585577,DEN,2284101,13
401585577,DEN,4431690,5
401585577,DEN,6443,19
401585577,DEN,4431767,20
401585577,DEN,4576087,23
401585577,DEN,3442,0
401585577,DEN,4065731,0
401585577,DEN,4432181,0
401585577,MIA,6430,36
401585577,MIA,3157465,31
401585577,MIA,4997528,16
401585577,MIA,4066261,34
401585577,MIA,3074752,35
401585577,MIA,3138160,25
401585577,MIA,4291678,8
401585577,MIA,4432848,28
401585577,MIA,3934723,14
401585577,MIA,4004,14
401585577,MIA,4397134,0
401585577,MIA,4593049,0
401585577,MIA,3064447,0
401585578,CHA,4066383,40
401585578,CHA,4433287,36
401585578,CHA,4278076,29
401585578,CHA,3102532,30
401585578,CHA,4432819,30
401585578,CHA,4066218,28
401585578,CHA,4683018,27
401585578,CHA,6426,21
401585578,CHA,4702233,0
401585578,CHA,4576086,0
401585578,CHA,4683686,0
401585578,CHA,5105638,0
401585578,MEM,5105550,37
401585578,MEM,4395623,32
401585578,MEM,3134932,34
401585578,MEM,3913174,27
401585578,MEM,4431785,27
401585578,MEM,4066264,16
401585578,MEM,4592691,30
401585578,MEM,4066796,17
401585578,MEM,4278402,19
401585578,MEM,4066405,0
401585578,MEM,4433137,0
401585578,MEM,4397227,0
401585579,CLE,2990969,28
401585579,CLE,4432822,33
401585579,CLE,4066328,32
401585579,CLE,3908809,28
401585579,CLE,4396907,34
401585579,CLE,4432815,4
401585579,CLE,3064559,21
401585579,CLE,2991043,30
401585579,CLE,4066757,28
401585579,CLE,4701233,4
401585579,CLE,3912848,0
401585579,CLE,4065733,0
401585579,NO,3913176,32
401585579,NO,4277813,26
401585579,NO,4395628,35
401585579,NO,6477,15
401585579,NO,2490149,29
401585579,NO,2580365,17
401585579,NO,3908336,5
401585579,NO,4278594,26
401585579,NO,4397688,28
401585579,NO,4432813,5
401585579,NO,4277869,19
401585579,NO,4683750,5
401585579,NO,2579258,0
401585580,GS,3059319,28
401585580,GS,4431684,25
401585580,GS,4433247,35
401585580,GS,2779,31
401585580,GS,6475,27
401585580,GS,3032978,8
401585580,GS,3155535,17
401585580,GS,3943606,3
401585580,GS,3134903,16
401585580,GS,4431720,4
401585580,GS,4432171,19
401585580,GS,4709138,28
401585580,DAL,3936099,19
401585580,DAL,4278049,26
401585580,DAL,4278078,34
401585580,DAL,6442,35
401585580,DAL,3945274,30
401585580,DAL,2531367,2
401585580,DAL,2960236,8
401585580,DAL,4683688,20
401585580,DAL,2528210,14
401585580,DAL,3102528,25
401585580,DAL,4067017,2
401585580,DAL,4432811,24
401585580,DAL,4868423,2
401585580,DAL,6461,0
401585581,ATL,3102529,27
401585581,ATL,4032,14
401585581,ATL,3037789,34
401585581,ATL,3907497,43
401585581,ATL,4578893,31
401585581,ATL,4065732,33
401585581,ATL,4277952,21
401585581,ATL,3906786,5
401585581,ATL,3913180,21
401585581,ATL,4065656,11
401585581,ATL,4431680,0
401585581,ATL,4701230,0
401585581,POR,4397885,19
401585581,POR,4431736,30
401585581,POR,4594326,35
401585581,POR,4278129,41
401585581,POR,4351851,43
401585581,POR,4278111,15
401585581,POR,4066268,8
401585581,POR,3907498,32
401585581,POR,4683678,17
401585581,POR,4397126,0
401585581,POR,4914336,0
401585581,POR,5099752,0
401585582,LAL,1966,40
401585582,LAL,6583,41
401585582,LAL,4066648,36
401585582,LAL,3136776,33
401585582,LAL,4066457,37
401585582,LAL,4065649,1
401585582,LAL,2990962,13
401585582,LAL,4684286,1
401585582,LAL,4397077,7
401585582,LAL,2580782,20
401585582,LAL,4066269,1
401585582,LAL,4432582,10
401585582,SAC,6578,38
401585582,SAC,3155942,38
401585582,SAC,4594327,39
401585582,SAC,4066259,35
401585582,SAC,4702177,28
401585582,SAC,4397693,1
401585582,SAC,2596107,9
401585582,SAC,4592402,8
401585582,SAC,4066262,26
401585582,SAC,4278053,16
401585582,SAC,4433378,1
401585582,SAC,4398207,0
401585582,SAC,3452,0
401585582,SAC,4066736,0
401585582,SAC,4395704,0
401585583,PHX,3202,34
401585583,PHX,3102530,31
401585583,PHX,6580,36
401585583,PHX,3135045,36
401585583,PHX,3136193,38
401585583,PHX,3244,3
401585583,PHX,2583632,27
401585583,PHX,3059307,11
401585583,PHX,3914285,4
401585583,PHX,4593041,3
401585583,PHX,4395652,3
401585583,PHX,4397102,15
401585583,BOS,4065648,33
401585583,BOS,3213,33
401585583,BOS,3995,33
401585583,BOS,3078576,33
401585583,BOS,3917376,33
401585583,BOS,4065804,23
401585583,BOS,4277964,18
401585583,BOS,4278031,3
401585583,BOS,3064560,12
401585583,BOS,4066354,19
401585583,BOS,4397424,0
401585583,BOS,3133602,0
401585583,BOS,4432164,0
401585584,LAC,4251,35
401585584,LAC,6450,34
401585584,LAC,4017837,32
401585584,LAC,3907823,31
401585584,LAC,4592492,32
401585584,LAC,2451037,14
401585584,LAC,2488653,2
401585584,LAC,2595516,28
401585584,LAC,3914075,2
401585584,LAC,4066387,22
401585584,LAC,4432162,8
401585584,LAC,3033,0
401585584,LAC,4702176,0
401585584,CHI,2528693,27
401585584,CHI,6478,35
401585584,CHI,3978,36
401585584,CHI,2991350,36
401585584,CHI,4397002,35
401585584,CHI,4279815,3
401585584,CHI,4423884,3
401585584,CHI,4438552,17
401585584,CHI,6585,16
401585584,CHI,3133635,17
401585584,CHI,4397650,1
401585584,CHI,4433159,13
401585585,WSH,3134907,31
401585585,WSH,4280151,27
401585585,WSH,4683021,36
401585585,WSH,3135046,31
401585585,WSH,5104155,34
401585585,WSH,2581184,4
401585585,WSH,4066410,7
401585585,WSH,4432907,3
401585585,WSH,4277956,32
401585585,WSH,4395695,14
401585585,WSH,4397127,3
401585585,WSH,4432356,8
401585585,WSH,4433246,12
401585585,HOU,3155526,31
401585585,HOU,4432639,26
401585585,HOU,2991230,37
401585585,HOU,4437244,37
401585585,HOU,4684740,28
401585585,HOU,3209,13
401585585,HOU,3136777,15
401585585,HOU,2528779,14
401585585,HOU,3146557,27
401585585,HOU,3922230,11
401585585,HOU,4397821,2
401585585,HOU,4376,0
401585586,PHI,6440,28
401585586,PHI,4277919,23
401585586,PHI,3012,27
401585586,PHI,3133603,33
401585586,PHI,4431678,37
401585586,PHI,3416,21
401585586,PHI,4278562,24
401585586,PHI,4431828,14
401585586,PHI,3064230,12
401585586,PHI,2990984,21
401585586,PHI,4066786,0
401585586,PHI,4701234,0
401585586,MIL,6581,19
401585586,MIL,3032977,37
401585586,MIL,3448,37
401585586,MIL,3964,26
401585586,MIL,6606,38
401585586,MIL,3428,5
401585586,MIL,3064482,22
401585586,MIL,2578239,29
401585586,MIL,4397475,28
401585586,MIL,3102533,0
401585586,MIL,5090967,0
401585586,MIL,4432190,0
401585586,MIL,4591725,0
401585586,MIL,4683749,0
401585587,DAL,3936099,32
401585587,DAL,4278049,26
401585587,DAL,4278078,36
401585587,DAL,6442,38
401585587,DAL,3102528,22
401585587,DAL,2960236,21
401585587,DAL,4683688,14
401585587,DAL,2528210,31
401585587,DAL,4432811,4
401585587,DAL,4868423,17
401585587,DAL,6461,0
401585587,DAL,2531367,0
401585587,DAL,4067017,0
401585587,OKC,4433255,32
401585587,OKC,4278073,37
401585587,OKC,4397020,28
401585587,OKC,4593803,35
401585587,OKC,4871145,22
401585587,OKC,4066317,0
401585587,OKC,4432823,10
401585587,OKC,4249,21
401585587,OKC,2490089,0
401585587,OKC,3133626,7
401585587,OKC,4395702,19
401585587,OKC,4397183,10
401585587,OKC,4683692,18
401585587,OKC,6427,0
401585588,NY,3934719,36
401585588,NY,4222252,24
401585588,NY,3062679,42
401585588,NY,3934672,38
401585588,NY,3934673,37
401585588,NY,4431679,24
401585588,NY,3593,14
401585588,NY,6429,4
401585588,NY,4431823,22
401585588,NY,3947156,0
401585588,NY,4277922,0
401585588,NY,3915195,0
401585588,NY,3913220,0
401585588,POR,4397885,42
401585588,POR,4431736,34
401585588,POR,4594326,31
401585588,POR,4278129,40
401585588,POR,4683678,26
401585588,POR,4278111,13
401585588,POR,4066268,11
401585588,POR,3907498,21
401585588,POR,4395722,22
401585588,POR,4397126,0
401585588,POR,4914336,0
401585588,POR,5099752,0
401585589,PHX,3202,38
401585589,PHX,3102530,31
401585589,PHX,6580,36
401585589,PHX,3135045,33
401585589,PHX,3136193,36
401585589,PHX,2583632,15
401585589,PHX,3914285,15
401585589,PHX,4593041,1
401585589,PHX,4395652,1
401585589,PHX,4397102,8
401585589,PHX,3431,26
401585589,PHX,3244,0
401585589,CHA,4066383,38
401585589,CHA,4433287,29
401585589,CHA,4278076,28
401585589,CHA,3102532,31
401585589,CHA,4432819,36
401585589,CHA,4066218,32
401585589,CHA,4683018,16
401585589,CHA,4702233,1
401585589,CHA,6426,26
401585589,CHA,4683686,1
401585589,CHA,5105638,1
401585589,CHA,4576086,0
401585590,MIA,6430,31
401585590,MIA,3157465,33
401585590,MIA,4997528,15
401585590,MIA,4066261,29
401585590,MIA,3074752,34
401585590,MIA,3138160,33
401585590,MIA,4278572,1
401585590,MIA,4291678,5
401585590,MIA,4432848,26
401585590,MIA,3934723,17
401585590,MIA,4004,15
401585590,MIA,4397134,0
401585590,MIA,4593049,0
401585590,MIA,3064447,0
401585590,DET,3899664,34
401585590,DET,4432810,37
401585590,DET,4433621,34
401585590,DET,4432166,31
401585590,DET,4433218,38
401585590,DET,4597865,1
401585590,DET,4432808,13
401585590,DET,4066668,1
401585590,DET,6588,16
401585590,DET,4279532,11
401585590,DET,4432107,24
401585590,DET,3986,0
401585590,DET,4278508,0
401585591,ORL,4432573,36
401585591,ORL,4566434,31
401585591,ORL,4277847,28
401585591,ORL,2999547,25
401585591,ORL,4432165,30
401585591,ORL,2968436,15
401585591,ORL,4065654,20
401585591,ORL,4433623,3
401585591,ORL,3150844,12
401585591,ORL,4066636,17
401585591,ORL,4432809,22
401585591,ORL,4278052,0
401585591,ORL,4348700,0
401585591,ORL,4712849,0
401585591,TOR,2489663,26
401585591,TOR,4277843,32
401585591,TOR,4395724,35
401585591,TOR,4397018,34
401585591,TOR,5106258,23
401585591,TOR,4277883,16
401585591,TOR,4278103,27
401585591,TOR,4431688,18
401585591,TOR,4065670,30
401585591,TOR,4066731,0
401585591,TOR,4023,0
401585591,TOR,4397511,0
401585592,LAC,4251,41
401585592,LAC,6450,39
401585592,LAC,4017837,33
401585592,LAC,3907823,18
401585592,LAC,4592492,24
401585592,LAC,3033,24
401585592,LAC,2451037,7
401585592,LAC,2488653,6
401585592,LAC,2595516,26
401585592,LAC,4066387,22
401585592,LAC,3914075,0
401585592,LAC,4432162,0
401585592,LAC,4702176,0
401585592,NO,3913176,35
401585592,NO,4277813,33
401585592,NO,4395628,35
401585592,NO,6477,18
401585592,NO,2490149,30
401585592,NO,2580365,28
401585592,NO,4278594,14
401585592,NO,4397688,32
401585592,NO,4277869,15
401585592,NO,4278352,0
401585592,NO,4278412,0
401585592,NO,3908336,0
401585592,NO,4432813,0
401585592,NO,2579258,0
401585592,NO,4683750,0
401585593,DEN,3064290,25
401585593,DEN,4278104,23
401585593,DEN,3112335,31
401585593,DEN,2581018,27
401585593,DEN,3936299,34
401585593,DEN,2284101,21
401585593,DEN,4431690,16
401585593,DEN,4065731,1
401585593,DEN,6443,14
401585593,DEN,4431767,24
401585593,DEN,4432181,1
401585593,DEN,4576087,23
401585593,DEN,3442,0
401585593,SA,4592479,26
401585593,SA,4610139,28
401585593,SA,5104157,33
401585593,SA,4395626,33
401585593,SA,4395630,39
401585593,SA,4066650,15
401585593,SA,4395723,26
401585593,SA,4565201,12
401585593,SA,4870562,13
401585593,SA,4683935,15
401585593,SA,4277850,0
401585593,SA,4278580,0
401585593,SA,3133601,0
401585593,SA,4397107,0
401585593,SA,5081727,0
401585594,ATL,4701230,35
401585594,ATL,3102529,32
401585594,ATL,4032,17
401585594,ATL,3907497,39
401585594,ATL,4578893,29
401585594,ATL,4065732,32
401585594,ATL,4277952,16
401585594,ATL,3913180,22
401585594,ATL,4065656,19
401585594,ATL,4431680,0
401585594,ATL,3037789,0
401585594,ATL,3906786,0
401585594,UTAH,3908845,30
401585594,UTAH,4684806,19
401585594,UTAH,5105839,28
401585594,UTAH,4277811,31
401585594,UTAH,4433627,35
401585594,UTAH,4396991,19
401585594,UTAH,4066399,14
401585594,UTAH,4433136,26
401585594,UTAH,4397916,12
401585594,UTAH,4432817,25
401585594,UTAH,4423309,0
401585594,UTAH,3074213,0
401585594,UTAH,4395698,0
401585595,CLE,2990969,29
401585595,CLE,4432822,33
401585595,CLE,4066328,26
401585595,CLE,3908809,26
401585595,CLE,4396907,33
401585595,CLE,6474,15
401585595,CLE,3064559,11
401585595,CLE,2991043,32
401585595,CLE,4066757,28
401585595,CLE,4701233,6
401585595,CLE,3912848,0
401585595,CLE,4065733,0
401585595,HOU,3155526,26
401585595,HOU,4432639,32
401585595,HOU,2991230,35
401585595,HOU,4437244,33
401585595,HOU,4684740,26
401585595,HOU,3209,26
401585595,HOU,3136777,13
401585595,HOU,2528779,16
401585595,HOU,4376,2
401585595,HOU,3146557,17
401585595,HOU,3922230,12
401585595,HOU,4397821,2
401585596,BKN,2578185,26
401585596,BKN,4278067,25
401585596,BKN,3032979,31
401585596,BKN,3147657,29
401585596,BKN,4432174,32
401585596,BKN,3138196,27
401585596,BKN,4431675,19
401585596,BKN,4431714,5
401585596,BKN,4712896,4
401585596,BKN,3136779,4
401585596,BKN,4432194,14
401585596,BKN,4065697,11
401585596,BKN,4277890,14
401585596,IND,3149673,28
401585596,IND,3133628,25
401585596,IND,4395712,32
401585596,IND,4396909,26
401585596,IND,4396993,31
401585596,IND,4278355,18
401585596,IND,4397189,19
401585596,IND,4432170,3
401585596,IND,5106060,9
401585596,IND,2530530,20
401585596,IND,4433076,24
401585596,IND,4433254,3
401585596,IND,4592829,2
401585596,IND,3999,0
401585597,CHA,4066383,39
401585597,CHA,4433287,15
401585597,CHA,4278076,30
401585597,CHA,3102532,33
401585597,CHA,4432819,37
401585597,CHA,4066218,27
401585597,CHA,4683018,21
401585597,CHA,6426,31
401585597,CHA,4683686,7
401585597,CHA,4702233,0
401585597,CHA,4576086,0
401585597,CHA,5105638,0
401585597,PHI,3416,37
401585597,PHI,4277919,28
401585597,PHI,3012,29
401585597,PHI,3133603,34
401585597,PHI,4431678,40
401585597,PHI,4278562,20
401585597,PHI,4431828,13
401585597,PHI,3064230,19
401585597,PHI,2990984,20
401585597,PHI,4066786,0
401585597,PHI,4701234,0
401585598,POR,4397885,42
401585598,POR,4431736,34
401585598,POR,4594326,26
401585598,POR,4278129,38
401585598,POR,4351851,36
401585598,POR,4278111,2
401585598,POR,4432446,17
401585598,POR,4066268,8
401585598,POR,4871140,2
401585598,POR,4683678,24
401585598,POR,5099752,12
401585598,POR,4397126,0
401585598,NO,3913176,35
401585598,NO,4395628,34
401585598,NO,4397688,35
401585598,NO,6477,19
401585598,NO,2490149,37
401585598,NO,4278594,23
401585598,NO,4432813,21
401585598,NO,4277869,31
401585598,NO,4683750,5
401585598,NO,3908336,0
401585598,NO,4277813,0
401585598,NO,2579258,0
401585599,WSH,2993370,26
401585599,WSH,3134907,29
401585599,WSH,4280151,29
401585599,WSH,4277956,23
401585599,WSH,5104155,30
401585599,WSH,2581184,5
401585599,WSH,4066410,17
401585599,WSH,4432907,25
401585599,WSH,4395695,22
401585599,WSH,4397127,4
401585599,WSH,4432356,15
401585599,WSH,4433246,16
401585599,WSH,4683021,0
401585599,CHI,2528693,18
401585599,CHI,6478,31
401585599,CHI,3978,35
401585599,CHI,2991350,34
401585599,CHI,4397002,41
401585599,CHI,4279815,2
401585599,CHI,4438552,24
401585599,CHI,6585,15
401585599,CHI,4702023,1
401585599,CHI,3133635,19
401585599,CHI,4397650,1
401585599,CHI,4433159,19
401585599,CHI,4423884,0
401585600,OKC,4433255,32
401585600,OKC,4278073,35
401585600,OKC,4397020,31
401585600,OKC,4593803,35
401585600,OKC,4871145,19
401585600,OKC,4432823,8
401585600,OKC,4249,14
401585600,OKC,2490089,1
401585600,OKC,3133626,13
401585600,OKC,4395702,20
401585600,OKC,4397183,8
401585600,OKC,4683692,24
401585600,OKC,4066317,0
401585600,OKC,6427,0
401585600,MEM,4277961,36
401585600,MEM,4593125,39
401585600,MEM,5105550,35
401585600,MEM,3913174,30
401585600,MEM,4066320,32
401585600,MEM,4066264,14
401585600,MEM,4592691,24
401585600,MEM,3134932,25
401585600,MEM,4066796,5
401585600,MEM,4066405,0
401585600,MEM,4433137,0
401585600,MEM,4397227,0
401585601,GS,6589,34
401585601,GS,3059319,30
401585601,GS,4433247,31
401585601,GS,3975,34
401585601,GS,4709138,35
401585601,GS,4431684,21
401585601,GS,2779,19
401585601,GS,6475,30
401585601,GS,3134903,7
401585601,GS,3032978,0
401585601,GS,3155535,0
401585601,GS,3943606,0
401585601,GS,4431720,0
401585601,GS,4432171,0
401585601,LAL,1966,38
401585601,LAL,6583,12
401585601,LAL,4066648,30
401585601,LAL,3136776,40
401585601,LAL,4066457,34
401585601,LAL,2990962,30
401585601,LAL,4397077,28
401585601,LAL,2580782,19
401585601,LAL,4432582,10
401585601,LAL,4065649,0
401585601,LAL,4684286,0
401585601,LAL,4066269,0
401585602,MIN,2993874,31
401585602,MIN,4431671,22
401585602,MIN,4396971,35
401585602,MIN,3195,30
401585602,MIN,4594268,35
401585602,MIN,4592187,2
401585602,MIN,4687718,2
401585602,MIN,5044385,2
401585602,MIN,2982334,16
401585602,MIN,4277951,13
401585602,MIN,3059310,10
401585602,MIN,3134916,16
401585602,MIN,4278039,27
401585602,UTAH,4684806,33
401585602,UTAH,5105839,27
401585602,UTAH,4433136,30
401585602,UTAH,2991139,24
401585602,UTAH,4433627,30
401585602,UTAH,3074213,18
401585602,UTAH,4066399,13
401585602,UTAH,4277811,31
401585602,UTAH,4397916,13
401585602,UTAH,4432817,22
401585602,UTAH,4423309,0
401585602,UTAH,4396991,0
401585602,UTAH,4395698,0
401585603,NY,3934719,33
401585603,NY,4222252,28
401585603,NY,3062679,39
401585603,NY,3934672,36
401585603,NY,3934673,30
401585603,NY,4431679,20
401585603,NY,3593,24
401585603,NY,6429,18
401585603,NY,4431823,12
401585603,NY,3947156,0
401585603,NY,4277922,0
401585603,NY,3915195,0
401585603,NY,3913220,0
401585603,SAC,6578,36
401585603,SAC,3155942,40
401585603,SAC,4594327,34
401585603,SAC,4066259,36
401585603,SAC,4066372,16
401585603,SAC,4397693,1
401585603,SAC,2596107,7
401585603,SAC,4592402,0
401585603,SAC,4066262,28
401585603,SAC,4278053,12
401585603,SAC,4702177,29
401585603,SAC,4398207,0
401585603,SAC,3452,0
401585603,SAC,4066736,0
401585603,SAC,4433378,0
401585604,PHX,3202,41
401585604,PHX,3102530,20
401585604,PHX,6580,37
401585604,PHX,3135045,39
401585604,PHX,3136193,40
401585604,PHX,2583632,26
401585604,PHX,3059307,3
401585604,PHX,3914285,5
401585604,PHX,4593041,1
401585604,PHX,4395652,1
401585604,PHX,4397102,5
401585604,PHX,3431,22
401585604,PHX,3244,0
401585604,PHX,4066299,0
401585604,MIL,6581,32
401585604,MIL,6609,25
401585604,MIL,3448,18
401585604,MIL,3907822,29
401585604,MIL,6606,39
401585604,MIL,3064482,30
401585604,MIL,3964,29
401585604,MIL,2578239,22
401585604,MIL,4397475,15
401585604,MIL,3428,0
401585604,MIL,3102533,0
401585604,MIL,5090967,0
401585604,MIL,4432190,0
401585604,MIL,4591725,0
401585604,MIL,4683749,0
401585605,MIA,3157465,35
401585605,MIA,4291678,25
401585605,MIA,4432848,35
401585605,MIA,4066261,38
401585605,MIA,3074752,36
401585605,MIA,3138160,31
401585605,MIA,3934723,10
401585605,MIA,4004,10
401585605,MIA,3064447,21
401585605,MIA,6430,0
401585605,MIA,4278572,0
401585605,MIA,4997528,0
401585605,MIA,4593049,0
401585605,DET,3899664,35
401585605,DET,4432810,36
401585605,DET,4433621,29
401585605,DET,4432166,32
401585605,DET,4433218,24
401585605,DET,4432808,16
401585605,DET,6588,31
401585605,DET,4279532,19
401585605,DET,4432107,18
401585605,DET,3986,0
401585605,DET,4278508,0
401585605,DET,4597865,0
401585605,DET,4066668,0
401585606,DEN,3064290,34
401585606,DEN,4278104,37
401585606,DEN,3112335,39
401585606,DEN,2581018,32
401585606,DEN,3936299,36
401585606,DEN,2284101,8
401585606,DEN,4431690,9
401585606,DEN,6443,13
401585606,DEN,4431767,19
401585606,DEN,4576087,14
401585606,DEN,3442,0
401585606,DEN,4065731,0
401585606,DEN,4432181,0
401585606,DAL,3936099,24
401585606,DAL,4278049,24
401585606,DAL,4278078,31
401585606,DAL,6442,40
401585606,DAL,3945274,40
401585606,DAL,2960236,21
401585606,DAL,4683688,23
401585606,DAL,2528210,15
401585606,DAL,3102528,18
401585606,DAL,4868423,4
401585606,DAL,6461,0
401585606,DAL,2531367,0
401585606,DAL,4595400,0
401585606,DAL,4067017,0
401585607,TOR,2489663,26
401585607,TOR,4277843,31
401585607,TOR,4395724,31
401585607,TOR,4397018,31
401585607,TOR,5106258,27
401585607,TOR,4066731,3
401585607,TOR,4277883,25
401585607,TOR,4278103,22
401585607,TOR,4431688,19
401585607,TOR,4065670,23
401585607,TOR,4397511,3
401585607,TOR,4023,0
401585607,ORL,4432573,36
401585607,ORL,4566434,31
401585607,ORL,4277847,27
401585607,ORL,2999547,27
401585607,ORL,4432165,20
401585607,ORL,2968436,13
401585607,ORL,4278052,3
401585607,ORL,4433623,15
401585607,ORL,3918423,3
401585607,ORL,3150844,18
401585607,ORL,4348700,3
401585607,ORL,4066636,15
401585607,ORL,4432809,25
401585607,ORL,4712849,3
401585607,ORL,5105806,3
401585608,BOS,4065648,27
401585608,BOS,4065804,23
401585608,BOS,4278031,29
401585608,BOS,3213,23
401585608,BOS,3995,22
401585608,BOS,4277964,15
401585608,BOS,3064560,20
401585608,BOS,4397424,8
401585608,BOS,3133602,23
401585608,BOS,4066354,35
401585608,BOS,4432164,16
401585608,BOS,3917376,0
401585608,WSH,2993370,19
401585608,WSH,4280151,21
401585608,WSH,4432907,36
401585608,WSH,4277956,23
401585608,WSH,4433246,32
401585608,WSH,2581184,25
401585608,WSH,4066410,15
401585608,WSH,4395695,22
401585608,WSH,4397127,24
401585608,WSH,4432356,22
401585608,WSH,5104155,0
401585609,BKN,2578185,38
401585609,BKN,4278067,32
401585609,BKN,3032979,42
401585609,BKN,3147657,40
401585609,BKN,4432174,39
401585609,BKN,3138196,27
401585609,BKN,4432194,19
401585609,BKN,4065697,17
401585609,BKN,4277890,11
401585609,BKN,4431675,0
401585609,BKN,4431714,0
401585609,BKN,4712896,0
401585609,BKN,3136779,0
401585609,SA,4592479,16
401585609,SA,4610139,42
401585609,SA,5104157,36
401585609,SA,4395626,36
401585609,SA,4395630,44
401585609,SA,4066650,17
401585609,SA,4395723,34
401585609,SA,4565201,16
401585609,SA,3893016,14
401585609,SA,4683935,10
401585609,SA,4278580,0
401585609,SA,4870562,0
401585609,SA,3133601,0
401585609,SA,5081727,0
401585610,ATL,4701230,36
401585610,ATL,3102529,26
401585610,ATL,3037789,30
401585610,ATL,3907497,34
401585610,ATL,4578893,25
401585610,ATL,4065732,24
401585610,ATL,4277952,22
401585610,ATL,4032,14
401585610,ATL,3913180,13
401585610,ATL,4065656,16
401585610,ATL,4431680,0
401585610,ATL,4277905,0
401585610,LAC,4251,35
401585610,LAC,6450,37
401585610,LAC,4017837,23
401585610,LAC,3992,36
401585610,LAC,3907823,32
401585610,LAC,3033,21
401585610,LAC,2451037,7
401585610,LAC,2488653,7
401585610,LAC,3914075,2
401585610,LAC,4066387,22
401585610,LAC,4396818,2
401585610,LAC,4431752,2
401585610,LAC,4432162,2
401585610,LAC,4592492,11
401585611,CLE,2990969,33
401585611,CLE,4432822,33
401585611,CLE,4066328,34
401585611,CLE,2991043,38
401585611,CLE,4396907,36
401585611,CLE,6462,20
401585611,CLE,6474,14
401585611,CLE,4066757,25
401585611,CLE,4701233,7
401585611,CLE,3912848,0
401585611,CLE,3064559,0
401585611,CLE,4065733,0
401585611,IND,3149673,32
401585611,IND,3133628,29
401585611,IND,4395712,32
401585611,IND,4396909,35
401585611,IND,4396993,32
401585611,IND,4278355,20
401585611,IND,4397189,19
401585611,IND,2530530,21
401585611,IND,4433076,20
401585611,IND,3999,0
401585611,IND,4432170,0
401585611,IND,5106060,0
401585611,IND,4431727,0
401585611,IND,4433254,0
401585611,IND,4592829,0
401585612,DET,4432810,17
401585612,DET,4433621,22
401585612,DET,4279532,34
401585612,DET,4432107,34
401585612,DET,4433218,29
401585612,DET,3986,11
401585612,DET,4278508,8
401585612,DET,4597865,18
401585612,DET,4432808,26
401585612,DET,4066668,18
401585612,DET,6588,22
401585612,DET,3899664,0
401585612,DET,4432166,0
401585612,BOS,3064560,28
401585612,BOS,3102531,21
401585612,BOS,3078576,37
401585612,BOS,3917376,30
401585612,BOS,4066354,38
401585612,BOS,4277964,17
401585612,BOS,4278031,19
401585612,BOS,3133602,24
401585612,BOS,4432164,22
401585612,BOS,4683689,4
401585612,BOS,4397689,0
401585612,BOS,4397424,0
401585613,MIA,3157465,24
401585613,MIA,4291678,26
401585613,MIA,4432848,35
401585613,MIA,4066261,32
401585613,MIA,3074752,34
401585613,MIA,3138160,35
401585613,MIA,3934723,16
401585613,MIA,4004,22
401585613,MIA,3064447,16
401585613,MIA,6430,0
401585613,MIA,4278572,0
401585613,MIA,4997528,0
401585613,MIA,4593049,0
401585613,PHI,3416,38
401585613,PHI,4277919,19
401585613,PHI,3012,35
401585613,PHI,3133603,39
401585613,PHI,4431678,41
401585613,PHI,4278562,22
401585613,PHI,4431828,7
401585613,PHI,3064230,16
401585613,PHI,2990984,24
401585613,PHI,4431699,0
401585613,PHI,6440,0
401585613,PHI,4683940,0
401585613,PHI,4701234,0
401585614,POR,4431736,15
401585614,POR,4594326,27
401585614,POR,4278129,37
401585614,POR,4351851,39
401585614,POR,4683678,30
401585614,POR,4397885,33
401585614,POR,4432446,33
401585614,POR,4066268,17
401585614,POR,3907498,5
401585614,POR,5099752,4
401585614,POR,4278111,0
401585614,POR,4397126,0
401585614,POR,4871140,0
401585614,CHI,2528693,24
401585614,CHI,6478,35
401585614,CHI,3978,40
401585614,CHI,2991350,31
401585614,CHI,4397002,39
401585614,CHI,4438552,26
401585614,CHI,6585,14
401585614,CHI,3133635,17
401585614,CHI,4433159,15
401585614,CHI,4279815,0
401585614,CHI,4423884,0
401585614,CHI,4702023,0
401585614,CHI,4397650,0
401585615,MIN,2993874,33
401585615,MIN,4431671,33
401585615,MIN,4396971,17
401585615,MIN,3195,27
401585615,MIN,4594268,38
401585615,MIN,3138156,0
401585615,MIN,2982334,9
401585615,MIN,4277951,11
401585615,MIN,3059310,16
401585615,MIN,3134916,22
401585615,MIN,4278039,34
401585615,MIN,4592187,0
401585615,MIN,4687718,0
401585615,MIN,5044385,0
401585615,MIN,3032976,0
401585615,UTAH,3908845,20
401585615,UTAH,4066336,31
401585615,UTAH,4684806,28
401585615,UTAH,2991139,27
401585615,UTAH,4433627,30
401585615,UTAH,5105839,15
401585615,UTAH,4396991,19
401585615,UTAH,4433136,28
401585615,UTAH,4277811,37
401585615,UTAH,4395698,7
401585615,UTAH,4397537,0
401585615,UTAH,4423309,0
401585615,UTAH,3074213,0
401585616,NY,4222252,25
401585616,NY,3062679,48
401585616,NY,3934672,35
401585616,NY,3934673,31
401585616,NY,4431823,47
401585616,NY,4431679,18
401585616,NY,3593,17
401585616,NY,4277922,5
401585616,NY,6429,14
401585616,NY,3947156,0
401585616,NY,3915195,0
401585616,NY,3913220,0
401585616,GS,6589,31
401585616,GS,3059319,24
401585616,GS,4433247,26
401585616,GS,3975,33
401585616,GS,4709138,25
401585616,GS,4431684,26
401585616,GS,2779,20
401585616,GS,6475,31
401585616,GS,3134903,17
401585616,GS,4432171,8
401585616,GS,3032978,0
401585616,GS,3155535,0
401585616,GS,4997536,0
401585616,GS,4431720,0
401585617,MEM,4277961,39
401585617,MEM,4593125,39
401585617,MEM,5105550,44
401585617,MEM,3134932,35
401585617,MEM,4066320,37
401585617,MEM,4066264,0
401585617,MEM,4431673,0
401585617,MEM,4592691,41
401585617,MEM,4395623,13
401585617,MEM,4066796,17
401585617,MEM,4066405,0
401585617,MEM,4433137,0
401585617,MEM,3913174,0
401585617,MEM,4397227,0
401585617,SAC,6578,24
401585617,SAC,3155942,40
401585617,SAC,4594327,42
401585617,SAC,4066259,43
401585617,SAC,4066372,2
401585617,SAC,2596107,13
401585617,SAC,4592402,18
401585617,SAC,4066262,39
401585617,SAC,4278053,10
401585617,SAC,4702177,34
401585617,SAC,4397693,0
401585617,SAC,4398207,0
401585617,SAC,3452,0
401585617,SAC,4395704,0
401585617,SAC,4433378,0
401585618,ATL,4701230,32
401585618,ATL,3102529,20
401585618,ATL,3037789,26
401585618,ATL,3907497,31
401585618,ATL,4578893,25
401585618,ATL,4065732,26
401585618,ATL,4277952,9
401585618,ATL,4431680,19
401585618,ATL,4032,11
401585618,ATL,3913180,19
401585618,ATL,4065656,22
401585618,ATL,4277905,0
401585618,LAL,1966,29
401585618,LAL,6583,31
401585618,LAL,4066648,26
401585618,LAL,3136776,30
401585618,LAL,4066457,28
401585618,LAL,4065649,5
401585618,LAL,2990962,20
401585618,LAL,4684286,5
401585618,LAL,4397077,17
401585618,LAL,2580782,21
401585618,LAL,4066269,5
401585618,LAL,4432582,22
401585619,CHA,4066383,38
401585619,CHA,4433287,32
401585619,CHA,4278076,28
401585619,CHA,3102532,27
401585619,CHA,4432819,29
401585619,CHA,4066218,23
401585619,CHA,4683018,28
401585619,CHA,4702233,13
401585619,CHA,6426,9
401585619,CHA,4683686,6
401585619,CHA,5105638,6
401585619,CHA,4576086,0
401585619,ORL,4432573,26
401585619,ORL,4566434,24
401585619,ORL,4277847,24
401585619,ORL,2999547,17
401585619,ORL,4432165,25
401585619,ORL,2968436,15
401585619,ORL,4065654,8
401585619,ORL,4278052,9
401585619,ORL,4433623,15
401585619,ORL,3918423,6
401585619,ORL,3150844,14
401585619,ORL,4348700,9
401585619,ORL,4066636,18
401585619,ORL,4432809,21
401585619,ORL,4712849,9
401585620,HOU,3155526,23
401585620,HOU,4432639,31
401585620,HOU,2991230,32
401585620,HOU,4437244,36
401585620,HOU,4684740,32
401585620,HOU,3209,18
401585620,HOU,3136777,15
401585620,HOU,2528779,8
401585620,HOU,4376,2
401585620,HOU,3146557,20
401585620,HOU,3922230,21
401585620,HOU,4397821,2
401585620,WSH,2993370,26
401585620,WSH,4280151,35
401585620,WSH,4277956,28
401585620,WSH,4432356,27
401585620,WSH,4433246,21
401585620,WSH,2581184,22
401585620,WSH,4432907,31
401585620,WSH,4395695,31
401585620,WSH,4397127,19
401585620,WSH,4683021,0
401585620,WSH,3135046,0
401585621,NO,3913176,32
401585621,NO,4277813,34
401585621,NO,4395628,33
401585621,NO,6477,17
401585621,NO,2490149,32
401585621,NO,2580365,28
401585621,NO,4278594,19
401585621,NO,4397688,30
401585621,NO,4277869,17
401585621,NO,3908336,0
401585621,NO,4432813,0
401585621,NO,2579258,0
401585621,NO,4683750,0
401585621,BKN,2578185,28
401585621,BKN,4278067,22
401585621,BKN,3032979,34
401585621,BKN,3147657,32
401585621,BKN,4432174,34
401585621,BKN,3138196,22
401585621,BKN,4431675,5
401585621,BKN,4431714,10
401585621,BKN,3136779,5
401585621,BKN,4432194,24
401585621,BKN,4065697,10
401585621,BKN,4277890,16
401585622,DAL,3936099,15
401585622,DAL,4278049,24
401585622,DAL,4278078,34
401585622,DAL,6442,38
401585622,DAL,3945274,40
401585622,DAL,2960236,22
401585622,DAL,4683688,16
401585622,DAL,2528210,17
401585622,DAL,3102528,28
401585622,DAL,4868423,5
401585622,DAL,6461,0
401585622,DAL,2531367,0
401585622,DAL,4067017,0
401585622,SA,4592479,20
401585622,SA,4610139,30
401585622,SA,5104157,32
401585622,SA,4395626,33
401585622,SA,4395630,36
401585622,SA,4395723,28
401585622,SA,4565201,20
401585622,SA,4870562,16
401585622,SA,3893016,11
401585622,SA,4683935,13
401585622,SA,4278580,0
401585622,SA,3133601,0
401585623,DEN,3064290,32
401585623,DEN,4278104,32
401585623,DEN,3112335,38
401585623,DEN,2581018,38
401585623,DEN,3936299,32
401585623,DEN,2284101,18
401585623,DEN,6443,17
401585623,DEN,4431767,18
401585623,DEN,4576087,16
401585623,DEN,4066240,0
401585623,DEN,4395620,0
401585623,DEN,3442,0
401585623,DEN,4065731,0
401585623,DEN,4398390,0
401585623,DEN,4432181,0
401585623,MIN,2993874,26
401585623,MIN,4431671,38
401585623,MIN,3195,29
401585623,MIN,4278039,37
401585623,MIN,4594268,38
401585623,MIN,2982334,9
401585623,MIN,4277951,22
401585623,MIN,3059310,23
401585623,MIN,3134916,19
401585623,MIN,4592187,0
401585623,MIN,4687718,0
401585623,MIN,5044385,0
401585623,MIN,3032976,0
401585623,MIN,4432176,0
401585624,MIA,6430,37
401585624,MIA,4997528,33
401585624,MIA,3934723,15
401585624,MIA,4004,25
401585624,MIA,3074752,33
401585624,MIA,3138160,32
401585624,MIA,4291678,5
401585624,MIA,4432848,31
401585624,MIA,4593049,13
401585624,MIA,3064447,15
401585624,MIA,4278572,0
401585624,MIA,4397134,0
401585624,MIA,4592216,0
401585624,CLE,2990969,35
401585624,CLE,4432822,38
401585624,CLE,4066328,39
401585624,CLE,2991043,37
401585624,CLE,4396907,41
401585624,CLE,6462,16
401585624,CLE,6474,9
401585624,CLE,4066757,21
401585624,CLE,4701233,4
401585624,CLE,4433620,0
401585624,CLE,3064559,0
401585624,CLE,4065733,0
401585625,IND,3149673,27
401585625,IND,3133628,20
401585625,IND,4395712,26
401585625,IND,4396909,26
401585625,IND,4396993,26
401585625,IND,3999,3
401585625,IND,2528588,16
401585625,IND,4278355,15
401585625,IND,4432170,28
401585625,IND,5106060,6
401585625,IND,2530530,21
401585625,IND,4433076,22
401585625,IND,4433254,4
401585625,IND,4397189,0
401585625,DET,4597865,30
401585625,DET,4433621,27
401585625,DET,4279532,22
401585625,DET,4432166,29
401585625,DET,4433218,30
401585625,DET,3914283,22
401585625,DET,4278508,15
401585625,DET,4395676,3
401585625,DET,4432808,17
401585625,DET,4066668,3
401585625,DET,6588,22
401585625,DET,4432107,20
401585625,DET,4397119,0
401585626,MIL,6581,15
401585626,MIL,6609,33
401585626,MIL,3448,21
401585626,MIL,3907822,28
401585626,MIL,6606,36
401585626,MIL,3428,19
401585626,MIL,3064482,33
401585626,MIL,3964,22
401585626,MIL,2578239,24
401585626,MIL,4397475,8
401585626,MIL,3102533,0
401585626,MIL,4432179,0
401585626,MIL,4432190,0
401585626,BOS,4065648,39
401585626,BOS,3213,38
401585626,BOS,3102531,28
401585626,BOS,3078576,37
401585626,BOS,3917376,37
401585626,BOS,4277964,14
401585626,BOS,3064560,9
401585626,BOS,3133602,5
401585626,BOS,4066354,31
401585626,BOS,4397689,0
401585626,BOS,4278031,0
401585626,BOS,4432164,0
401585627,SAC,6578,19
401585627,SAC,3155942,28
401585627,SAC,4594327,31
401585627,SAC,4066259,28
401585627,SAC,4702177,25
401585627,SAC,4397693,12
401585627,SAC,4398207,8
401585627,SAC,3452,4
401585627,SAC,2596107,16
401585627,SAC,4592402,19
401585627,SAC,4066262,20
401585627,SAC,4278053,21
401585627,SAC,4433378,8
401585627,TOR,2489663,30
401585627,TOR,4065670,26
401585627,TOR,4277843,32
401585627,TOR,4397018,30
401585627,TOR,5106258,32
401585627,TOR,4066731,13
401585627,TOR,4592933,13
401585627,TOR,4277883,17
401585627,TOR,4278103,3
401585627,TOR,4431688,22
401585627,TOR,4397511,21
401585627,TOR,4023,0
401585628,UTAH,3908845,23
401585628,UTAH,4684806,24
401585628,UTAH,5105839,20
401585628,UTAH,2991139,23
401585628,UTAH,4433627,28
401585628,UTAH,4423309,4
401585628,UTAH,4396991,16
401585628,UTAH,3074213,4
401585628,UTAH,4066399,15
401585628,UTAH,4433136,23
401585628,UTAH,4277811,30
401585628,UTAH,4395698,4
401585628,UTAH,4397537,0
401585628,UTAH,4397916,4
401585628,UTAH,4432817,20
401585628,OKC,4433255,31
401585628,OKC,4278073,33
401585628,OKC,4397020,26
401585628,OKC,4593803,32
401585628,OKC,4871145,26
401585628,OKC,4066317,2
401585628,OKC,4432823,15
401585628,OKC,4997526,4
401585628,OKC,4249,17
401585628,OKC,4395702,14
401585628,OKC,4397183,18
401585628,OKC,4683692,22
401585628,OKC,6427,0
401585628,OKC,2490089,0
401585628,OKC,3133626,0
401585629,MEM,4277961,31
401585629,MEM,4593125,34
401585629,MEM,5105550,35
401585629,MEM,3134932,33
401585629,MEM,4066320,24
401585629,MEM,4066264,0
401585629,MEM,4431673,0
401585629,MEM,4592691,32
401585629,MEM,5184018,6
401585629,MEM,4395623,25
401585629,MEM,4066796,20
401585629,MEM,4066405,0
401585629,MEM,4433137,0
401585629,MEM,4397227,0
401585629,GS,6589,24
401585629,GS,3059319,29
401585629,GS,4433247,28
401585629,GS,3975,24
401585629,GS,4709138,23
401585629,GS,3032978,5
401585629,GS,3155535,6
401585629,GS,4431684,26
401585629,GS,4997536,4
401585629,GS,2779,24
401585629,GS,6475,25
401585629,GS,3134903,11
401585629,GS,4431720,4
401585629,GS,4432171,4
401585629,GS,4592714,3
401585630,PHI,3416,24
401585630,PHI,4277919,19
401585630,PHI,3012,25
401585630,PHI,3133603,35
401585630,PHI,4431678,29
401585630,PHI,4278562,28
401585630,PHI,4431828,26
401585630,PHI,3064230,15
401585630,PHI,2990984,15
401585630,PHI,4066786,12
401585630,PHI,4701234,12
401585630,PHI,6440,0
401585630,PHX,3202,36
401585630,PHX,3102530,31
401585630,PHX,6580,37
401585630,PHX,3135045,34
401585630,PHX,3136193,35
401585630,PHX,3244,2
401585630,PHX,2583632,10
401585630,PHX,3059307,2
401585630,PHX,3914285,14
401585630,PHX,4593041,2
401585630,PHX,4395652,2
401585630,PHX,4397102,14
401585630,PHX,3431,19
401585630,PHX,6472,2
401585631,LAC,4251,36
401585631,LAC,6450,28
401585631,LAC,4017837,24
401585631,LAC,3992,36
401585631,LAC,4066387,31
401585631,LAC,3033,26
401585631,LAC,2451037,20
401585631,LAC,2488653,4
401585631,LAC,3914075,6
401585631,LAC,4432162,23
401585631,LAC,4592492,7
401585631,POR,4431736,18
401585631,POR,4594326,33
401585631,POR,4278129,26
401585631,POR,4351851,28
401585631,POR,4683678,35
401585631,POR,4278111,7
401585631,POR,4397885,28
401585631,POR,4432446,23
401585631,POR,4066268,16
401585631,POR,4397126,6
401585631,POR,5099752,20
401585631,POR,4871140,0
401585632,NO,3913176,21
401585632,NO,4277813,32
401585632,NO,4395628,29
401585632,NO,6477,18
401585632,NO,2490149,34
401585632,NO,2580365,18
401585632,NO,3908336,6
401585632,NO,4278594,18
401585632,NO,4397688,29
401585632,NO,4432813,12
401585632,NO,4277869,18
401585632,NO,4683750,6
401585632,NO,2579258,0
401585632,ORL,4432573,33
401585632,ORL,4566434,28
401585632,ORL,4277847,23
401585632,ORL,2999547,12
401585632,ORL,4432165,28
401585632,ORL,2968436,16
401585632,ORL,4065654,16
401585632,ORL,4278052,5
401585632,ORL,4433623,13
401585632,ORL,3918423,5
401585632,ORL,3150844,14
401585632,ORL,4348700,5
401585632,ORL,4066636,20
401585632,ORL,4432809,18
401585632,ORL,4712849,5
401585633,SAC,6578,28
401585633,SAC,3155942,39
401585633,SAC,4594327,30
401585633,SAC,4066259,37
401585633,SAC,4702177,21
401585633,SAC,4397693,9
401585633,SAC,2596107,9
401585633,SAC,4592402,19
401585633,SAC,4066262,29
401585633,SAC,4278053,19
401585633,SAC,4398207,0
401585633,SAC,3452,0
401585633,SAC,4433378,0
401585633,WSH,2993370,29
401585633,WSH,3134907,37
401585633,WSH,4280151,37
401585633,WSH,4683021,32
401585633,WSH,4277956,36
401585633,WSH,2581184,18
401585633,WSH,4432907,9
401585633,WSH,4395695,19
401585633,WSH,4432356,13
401585633,WSH,4433246,9
401585633,WSH,4397127,0
401585634,CHI,2528693,25
401585634,CHI,6478,39
401585634,CHI,3978,24
401585634,CHI,2991350,35
401585634,CHI,4397002,39
401585634,CHI,4438552,8
401585634,CHI,6585,24
401585634,CHI,4395651,29
401585634,CHI,4433159,17
401585634,CHI,4279815,0
401585634,CHI,5105553,0
401585634,CHI,3133635,0
401585634,HOU,3155526,25
401585634,HOU,4432639,22
401585634,HOU,2991230,39
401585634,HOU,4437244,40
401585634,HOU,4684740,26
401585634,HOU,3209,27
401585634,HOU,3136777,3
401585634,HOU,2528779,11
401585634,HOU,3146557,27
401585634,HOU,3922230,18
401585634,HOU,4376,0
401585634,HOU,4397821,0
401585635,BKN,3138196,35
401585635,BKN,4278067,34
401585635,BKN,3032979,34
401585635,BKN,3147657,33
401585635,BKN,4432174,39
401585635,BKN,4431675,8
401585635,BKN,4431714,11
401585635,BKN,4712896,14
401585635,BKN,4065697,19
401585635,BKN,4277890,12
401585635,BKN,3136779,0
401585635,BKN,4432194,0
401585635,MIL,6581,30
401585635,MIL,3032977,35
401585635,MIL,3448,28
401585635,MIL,3907822,31
401585635,MIL,6606,37
401585635,MIL,3064482,30
401585635,MIL,3964,19
401585635,MIL,2578239,15
401585635,MIL,4397475,14
401585635,MIL,3428,0
401585635,MIL,3102533,0
401585635,MIL,4432179,0
401585635,MIL,4432190,0
401585636,UTAH,4066336,36
401585636,UTAH,4684806,28
401585636,UTAH,4433136,27
401585636,UTAH,2991139,20
401585636,UTAH,4433627,33
401585636,UTAH,5105839,20
401585636,UTAH,3074213,21
401585636,UTAH,4066399,7
401585636,UTAH,4277811,34
401585636,UTAH,4395698,7
401585636,UTAH,4397537,0
401585636,UTAH,4432817,8
401585636,UTAH,4423309,0
401585636,UTAH,4396991,0
401585636,UTAH,4397916,0
401585636,DAL,3936099,24
401585636,DAL,4278049,27
401585636,DAL,4278078,33
401585636,DAL,6442,35
401585636,DAL,3945274,35
401585636,DAL,2531367,1
401585636,DAL,2960236,18
401585636,DAL,4595400,1
401585636,DAL,4683688,15
401585636,DAL,2528210,17
401585636,DAL,3102528,15
401585636,DAL,4067017,1
401585636,DAL,4868423,17
401585636,DAL,6461,0
401585637,NY,4222252,26
401585637,NY,3062679,36
401585637,NY,3934672,34
401585637,NY,3934673,31
401585637,NY,4431823,44
401585637,NY,4431679,25
401585637,NY,3593,14
401585637,NY,4277922,8
401585637,NY,6429,21
401585637,NY,3947156,0
401585637,NY,3915195,0
401585637,NY,3913220,0
401585637,DEN,3064290,35
401585637,DEN,4278104,37
401585637,DEN,3112335,39
401585637,DEN,2581018,37
401585637,DEN,3936299,34
401585637,DEN,2284101,10
401585637,DEN,3442,9
401585637,DEN,6443,13
401585637,DEN,4431767,13
401585637,DEN,4576087,13
401585637,DEN,4066240,0
401585637,DEN,4395620,0
401585637,DEN,4398390,0
401585637,DEN,4432181,0
401585638,ATL,4065732,34
401585638,ATL,3102529,25
401585638,ATL,3037789,36
401585638,ATL,3907497,40
401585638,ATL,4578893,38
401585638,ATL,4277952,4
401585638,ATL,4431680,19
401585638,ATL,4032,14
401585638,ATL,3913180,21
401585638,ATL,4065656,10
401585638,ATL,3906786,0
401585638,ATL,4277905,0
401585638,PHX,3202,37
401585638,PHX,3102530,32
401585638,PHX,6580,37
401585638,PHX,3135045,36
401585638,PHX,3136193,32
401585638,PHX,2583632,15
401585638,PHX,3914285,16
401585638,PHX,4397102,11
401585638,PHX,3431,24
401585638,PHX,3244,0
401585638,PHX,3059307,0
401585638,PHX,4593041,0
401585638,PHX,4395652,0
401585638,PHX,6472,0
401585639,BOS,4277964,20
401585639,BOS,3102531,26
401585639,BOS,3078576,36
401585639,BOS,3917376,33
401585639,BOS,4066354,38
401585639,BOS,4065804,24
401585639,BOS,4278031,19
401585639,BOS,3064560,17
401585639,BOS,4397424,3
401585639,BOS,3133602,16
401585639,BOS,4432164,3
401585639,BOS,4576085,3
401585639,BOS,4683689,3
401585639,DET,4278508,21
401585639,DET,4597865,31
401585639,DET,4432808,37
401585639,DET,4432166,29
401585639,DET,4433218,27
401585639,DET,3914283,19
401585639,DET,4395676,3
401585639,DET,6588,28
401585639,DET,4397119,17
401585639,DET,4432107,28
401585639,DET,4433621,0
401585639,DET,4066668,0
401585639,DET,4279532,0
401585640,OKC,4433255,27
401585640,OKC,4278073,33
401585640,OKC,4397020,23
401585640,OKC,4593803,27
401585640,OKC,4871145,22
401585640,OKC,4066317,5
401585640,OKC,4249,24
401585640,OKC,2490089,3
401585640,OKC,3133626,23
401585640,OKC,4395702,17
401585640,OKC,4397183,12
401585640,OKC,4683692,24
401585640,OKC,4432823,0
401585640,OKC,6427,0
401585640,TOR,2489663,27
401585640,TOR,4065670,28
401585640,TOR,4397018,32
401585640,TOR,4397511,29
401585640,TOR,5106258,33
401585640,TOR,4066731,8
401585640,TOR,4592933,3
401585640,TOR,4277883,21
401585640,TOR,4278103,21
401585640,TOR,4431688,19
401585640,TOR,4023,18
401585640,TOR,4277843,0
401585641,NO,4277813,39
401585641,NO,4395628,25
401585641,NO,4397688,30
401585641,NO,6477,22
401585641,NO,2490149,35
401585641,NO,2580365,23
401585641,NO,3908336,3
401585641,NO,4278594,23
401585641,NO,4432813,3
401585641,NO,2579258,3
401585641,NO,4277869,31
401585641,NO,4683750,3
401585641,MIA,6430,36
401585641,MIA,4997528,19
401585641,MIA,4066261,30
401585641,MIA,4004,12
401585641,MIA,3074752,31
401585641,MIA,3138160,17
401585641,MIA,4278572,4
401585641,MIA,4291678,22
401585641,MIA,4397134,19
401585641,MIA,4432848,14
401585641,MIA,3934723,11
401585641,MIA,4593049,4
401585641,MIA,3064447,22
401585642,CLE,2990969,34
401585642,CLE,4432822,36
401585642,CLE,4066328,33
401585642,CLE,2991043,38
401585642,CLE,4396907,35
401585642,CLE,6462,26
401585642,CLE,6474,15
401585642,CLE,4066757,24
401585642,CLE,4433620,0
401585642,CLE,3064559,0
401585642,CLE,4065733,0
401585642,CLE,4701233,0
401585642,MIN,4431671,32
401585642,MIN,3032976,37
401585642,MIN,4396971,26
401585642,MIN,3195,32
401585642,MIN,4594268,35
401585642,MIN,2993874,27
401585642,MIN,3059310,18
401585642,MIN,3134916,19
401585642,MIN,4278039,14
401585642,MIN,4592187,0
401585642,MIN,4687718,0
401585642,MIN,5044385,0
401585642,MIN,2982334,0
401585642,MIN,4277951,0
401585643,MEM,4277961,36
401585643,MEM,4593125,34
401585643,MEM,5105550,37
401585643,MEM,3134932,33
401585643,MEM,4278402,25
401585643,MEM,4066264,0
401585643,MEM,4431673,0
401585643,MEM,4592691,28
401585643,MEM,5184018,13
401585643,MEM,4066796,12
401585643,MEM,4431785,23
401585643,MEM,4066405,0
401585643,MEM,4433137,0
401585643,MEM,4397227,0
401585643,SA,4592479,17
401585643,SA,4610139,31
401585643,SA,5104157,33
401585643,SA,4395626,32
401585643,SA,4395630,38
401585643,SA,4066650,15
401585643,SA,4395723,29
401585643,SA,4565201,18
401585643,SA,3893016,17
401585643,SA,4683935,10
401585643,SA,4278580,0
401585643,SA,4870562,0
401585643,SA,3133601,0
401585644,IND,3149673,33
401585644,IND,3133628,27
401585644,IND,4395712,33
401585644,IND,4396909,36
401585644,IND,4396993,38
401585644,IND,2528588,6
401585644,IND,4278355,15
401585644,IND,4397189,21
401585644,IND,2530530,17
401585644,IND,4433076,14
401585644,IND,4432170,0
401585644,IND,5106060,0
401585644,IND,4433254,0
401585644,GS,6589,33
401585644,GS,3059319,22
401585644,GS,4433247,30
401585644,GS,3975,35
401585644,GS,4709138,27
401585644,GS,4431684,26
401585644,GS,2779,25
401585644,GS,6475,28
401585644,GS,3134903,8
401585644,GS,4432171,6
401585644,GS,3032978,0
401585644,GS,3155535,0
401585644,GS,3943606,0
401585644,GS,4431720,0
401585645,LAC,4251,28
401585645,LAC,6450,29
401585645,LAC,4017837,18
401585645,LAC,3992,36
401585645,LAC,3907823,36
401585645,LAC,3033,8
401585645,LAC,2451037,21
401585645,LAC,2488653,9
401585645,LAC,3914075,5
401585645,LAC,4066387,27
401585645,LAC,4432162,19
401585645,LAC,4592492,4
401585645,POR,4431736,32
401585645,POR,4594326,36
401585645,POR,4066268,27
401585645,POR,4351851,22
401585645,POR,4683678,35
401585645,POR,4397885,24
401585645,POR,4432446,28
401585645,POR,4397126,14
401585645,POR,5099752,23
401585645,POR,4871140,0
401585645,POR,3907498,0
401585645,POR,4914336,0
401585646,PHI,6440,41
401585646,PHI,4277919,32
401585646,PHI,3012,32
401585646,PHI,3133603,35
401585646,PHI,4431678,39
401585646,PHI,3416,20
401585646,PHI,4278562,13
401585646,PHI,4431828,3
401585646,PHI,3064230,12
401585646,PHI,2990984,13
401585646,PHI,4431699,0
401585646,PHI,4701234,0
401585646,LAL,1966,38
401585646,LAL,6583,40
401585646,LAL,4066648,24
401585646,LAL,3136776,37
401585646,LAL,4066457,33
401585646,LAL,4395627,19
401585646,LAL,4397077,8
401585646,LAL,2580782,24
401585646,LAL,4432582,16
401585646,LAL,4065649,0
401585646,LAL,4066269,0
401585646,LAL,3137259,0
401585647,BKN,3138196,32
401585647,BKN,4278067,31
401585647,BKN,3032979,34
401585647,BKN,3147657,37
401585647,BKN,4432174,36
401585647,BKN,2578185,21
401585647,BKN,4431675,2
401585647,BKN,4431714,7
401585647,BKN,4712896,2
401585647,BKN,3136779,2
401585647,BKN,4432194,10
401585647,BKN,4065697,14
401585647,BKN,4277890,12
401585647,NY,4222252,26
401585647,NY,3062679,44
401585647,NY,3934672,33
401585647,NY,3934673,41
401585647,NY,4431823,48
401585647,NY,4431679,7
401585647,NY,3593,7
401585647,NY,4277922,18
401585647,NY,6429,15
401585647,NY,3947156,0
401585647,NY,3915195,0
401585647,NY,3913220,0
401585648,SAC,6578,37
401585648,SAC,3155942,40
401585648,SAC,4594327,38
401585648,SAC,4066259,36
401585648,SAC,4702177,37
401585648,SAC,2596107,9
401585648,SAC,4592402,10
401585648,SAC,4066262,22
401585648,SAC,4278053,12
401585648,SAC,4397693,0
401585648,SAC,4398207,0
401585648,SAC,3452,0
401585648,SAC,4433378,0
401585648,ORL,4432573,38
401585648,ORL,4433623,11
401585648,ORL,4566434,35
401585648,ORL,4277847,23
401585648,ORL,4432165,36
401585648,ORL,2968436,12
401585648,ORL,4065654,23
401585648,ORL,3150844,13
401585648,ORL,4066636,19
401585648,ORL,4432809,31
401585648,ORL,4278052,0
401585648,ORL,3918423,0
401585648,ORL,4348700,0
401585648,ORL,4712849,0
401585648,ORL,5105806,0
401585649,CHA,4066383,37
401585649,CHA,4433287,34
401585649,CHA,4278076,31
401585649,CHA,3102532,30
401585649,CHA,4432819,29
401585649,CHA,4066218,25
401585649,CHA,4683018,24
401585649,CHA,6426,24
401585649,CHA,4683686,3
401585649,CHA,5105638,3
401585649,CHA,4702233,0
401585649,CHA,4576086,0
401585649,ATL,4065732,28
401585649,ATL,3102529,22
401585649,ATL,3037789,26
401585649,ATL,3907497,31
401585649,ATL,4578893,31
401585649,ATL,4277952,26
401585649,ATL,4032,13
401585649,ATL,3906786,19
401585649,ATL,3913180,27
401585649,ATL,4065656,17
401585649,ATL,4701230,0
401585649,ATL,4277905,0
401585650,TOR,2489663,32
401585650,TOR,4431688,18
401585650,TOR,4277843,34
401585650,TOR,4397018,32
401585650,TOR,5106258,34
401585650,TOR,4592933,7
401585650,TOR,4277883,16
401585650,TOR,4023,11
401585650,TOR,4065670,33
401585650,TOR,4397511,23
401585650,TOR,3948153,0
401585650,TOR,4066731,0
401585650,WSH,2993370,28
401585650,WSH,3134907,34
401585650,WSH,4280151,33
401585650,WSH,4683021,36
401585650,WSH,4277956,38
401585650,WSH,4277848,16
401585650,WSH,4432907,3
401585650,WSH,4997537,3
401585650,WSH,4395695,20
401585650,WSH,4432356,17
401585650,WSH,4433246,11
401585650,WSH,2581184,0
401585650,WSH,4397127,0
401585651,BOS,4065648,37
401585651,BOS,4065804,32
401585651,BOS,3213,31
401585651,BOS,3064560,31
401585651,BOS,3078576,38
401585651,BOS,4277964,11
401585651,BOS,4278031,17
401585651,BOS,3133602,9
401585651,BOS,4066354,34
401585651,BOS,4432164,0
401585651,BOS,4397424,0
401585651,BOS,4576085,0
401585651,BOS,4683689,0
401585651,CHI,6478,32
401585651,CHI,3978,42
401585651,CHI,2991350,28
401585651,CHI,4395651,36
401585651,CHI,4397002,40
401585651,CHI,4279815,1
401585651,CHI,2528693,19
401585651,CHI,4438552,7
401585651,CHI,6585,16
401585651,CHI,4433159,20
401585651,CHI,2596112,0
401585651,CHI,3133635,0
401585652,UTAH,3908845,20
401585652,UTAH,4684806,27
401585652,UTAH,4277811,36
401585652,UTAH,4432817,21
401585652,UTAH,4433627,31
401585652,UTAH,5105839,27
401585652,UTAH,4066399,18
401585652,UTAH,4433136,28
401585652,UTAH,2991139,6
401585652,UTAH,4395698,25
401585652,UTAH,4423309,0
401585652,UTAH,4396991,0
401585652,UTAH,4397916,0
401585652,HOU,3155526,26
401585652,HOU,4432639,9
401585652,HOU,2991230,28
401585652,HOU,4437244,33
401585652,HOU,4684740,30
401585652,HOU,3209,25
401585652,HOU,3136777,19
401585652,HOU,2528779,21
401585652,HOU,4376,3
401585652,HOU,3146557,18
401585652,HOU,3922230,20
401585652,HOU,4397821,9
401585653,PHX,3202,31
401585653,PHX,3102530,22
401585653,PHX,6580,28
401585653,PHX,3135045,26
401585653,PHX,3136193,31
401585653,PHX,3244,6
401585653,PHX,2583632,16
401585653,PHX,3914285,18
401585653,PHX,4593041,6
401585653,PHX,4395652,6
401585653,PHX,4397102,19
401585653,PHX,3431,23
401585653,PHX,4065663,10
401585653,PHX,6472,0
401585653,SA,4592479,25
401585653,SA,4610139,21
401585653,SA,5104157,21
401585653,SA,4395626,21
401585653,SA,4395630,24
401585653,SA,4066650,19
401585653,SA,4278580,8
401585653,SA,4395723,24
401585653,SA,4565201,22
401585653,SA,4870562,9
401585653,SA,3893016,19
401585653,SA,3133601,9
401585653,SA,4683935,19
401585654,DEN,3064290,37
401585654,DEN,4278104,35
401585654,DEN,3442,20
401585654,DEN,6443,29
401585654,DEN,2581018,35
401585654,DEN,2284101,14
401585654,DEN,4278585,19
401585654,DEN,4431767,36
401585654,DEN,4576087,15
401585654,DEN,4066240,0
401585654,DEN,4395620,0
401585654,DEN,4065731,0
401585654,DEN,4432181,0
401585654,POR,4431736,39
401585654,POR,4594326,39
401585654,POR,4066268,26
401585654,POR,4683678,28
401585654,POR,5099752,16
401585654,POR,4397885,33
401585654,POR,4432446,26
401585654,POR,4397126,11
401585654,POR,4395722,21
401585654,POR,4871140,0
401585654,POR,3907498,0
401585654,POR,4914336,0
401585655,NO,4277813,35
401585655,NO,4395628,36
401585655,NO,4397688,32
401585655,NO,6477,20
401585655,NO,2490149,37
401585655,NO,2580365,27
401585655,NO,4278594,24
401585655,NO,4432813,1
401585655,NO,4277869,21
401585655,NO,4683750,6
401585655,NO,3908336,0
401585655,NO,2579258,0
401585655,DET,3914283,39
401585655,DET,4278508,20
401585655,DET,4432808,27
401585655,DET,4432107,27
401585655,DET,4433218,29
401585655,DET,4395676,22
401585655,DET,4597865,29
401585655,DET,4066668,25
401585655,DET,6588,10
401585655,DET,4397119,12
401585655,DET,4433621,0
401585655,DET,4279532,0
401585655,DET,4432166,0
401585656,PHI,6440,38
401585656,PHI,4277919,22
401585656,PHI,2990984,23
401585656,PHI,3133603,25
401585656,PHI,4431678,44
401585656,PHI,3136491,2
401585656,PHI,4278562,24
401585656,PHI,4431828,24
401585656,PHI,3064230,24
401585656,PHI,4066786,12
401585656,PHI,4701234,2
401585656,PHI,3416,0
401585656,LAC,4251,34
401585656,LAC,6450,31
401585656,LAC,4017837,29
401585656,LAC,3992,34
401585656,LAC,3907823,23
401585656,LAC,2451037,6
401585656,LAC,2488653,12
401585656,LAC,2595516,25
401585656,LAC,3914075,4
401585656,LAC,4066387,24
401585656,LAC,4431752,5
401585656,LAC,4432162,12
401585656,LAC,4592492,0
401585656,LAC,4702176,0
401585657,CLE,4432822,19
401585657,CLE,4066328,22
401585657,CLE,4432158,21
401585657,CLE,2991043,20
401585657,CLE,4396907,22
401585657,CLE,6462,21
401585657,CLE,2990969,24
401585657,CLE,4433620,11
401585657,CLE,6474,10
401585657,CLE,3064559,11
401585657,CLE,4066757,31
401585657,CLE,4701233,27
401585657,MIA,6430,24
401585657,MIA,4997528,18
401585657,MIA,4066261,28
401585657,MIA,4004,22
401585657,MIA,3074752,31
401585657,MIA,3138160,20
401585657,MIA,4278572,9
401585657,MIA,4291678,25
401585657,MIA,4397134,7
401585657,MIA,3934723,20
401585657,MIA,4593049,5
401585657,MIA,3064447,30
401585657,MIA,4432848,0
401585658,OKC,4433255,25
401585658,OKC,4278073,30
401585658,OKC,4397020,22
401585658,OKC,4593803,29
401585658,OKC,4871145,29
401585658,OKC,4066317,7
401585658,OKC,4432823,8
401585658,OKC,4249,14
401585658,OKC,6427,5
401585658,OKC,2490089,0
401585658,OKC,3133626,19
401585658,OKC,4395702,8
401585658,OKC,4397183,18
401585658,OKC,4683692,24
401585658,OKC,4278046,0
401585658,MIL,6609,27
401585658,MIL,3032977,34
401585658,MIL,3448,23
401585658,MIL,3907822,25
401585658,MIL,6606,33
401585658,MIL,3428,4
401585658,MIL,6581,18
401585658,MIL,3064482,28
401585658,MIL,3102533,3
401585658,MIL,4432179,4
401585658,MIL,4433622,3
401585658,MIL,3964,15
401585658,MIL,2578239,19
401585658,MIL,4432190,4
401585659,GS,6589,32
401585659,GS,3059319,25
401585659,GS,4433247,30
401585659,GS,3975,30
401585659,GS,4709138,19
401585659,GS,4431684,28
401585659,GS,2779,20
401585659,GS,6475,33
401585659,GS,3134903,24
401585659,GS,3032978,0
401585659,GS,3155535,0
401585659,GS,4997536,0
401585659,GS,4431720,0
401585659,GS,4432171,0
401585659,MIN,4431671,30
401585659,MIN,3032976,37
401585659,MIN,4396971,29
401585659,MIN,3195,30
401585659,MIN,4594268,38
401585659,MIN,2993874,26
401585659,MIN,3059310,17
401585659,MIN,3134916,12
401585659,MIN,4278039,22
401585659,MIN,4592187,0
401585659,MIN,4687718,0
401585659,MIN,5044385,0
401585659,MIN,2982334,0
401585659,MIN,4277951,0
401585660,IND,3149673,33
401585660,IND,3133628,28
401585660,IND,4395712,26
401585660,IND,4396909,27
401585660,IND,4396993,33
401585660,IND,2528588,22
401585660,IND,4278355,19
401585660,IND,4397189,5
401585660,IND,4432170,13
401585660,IND,2530530,18
401585660,IND,4433076,16
401585660,IND,3999,0
401585660,IND,5106060,0
401585660,IND,4433254,0
401585660,LAL,1966,38
401585660,LAL,6583,40
401585660,LAL,4066648,30
401585660,LAL,2580782,35
401585660,LAL,4066457,37
401585660,LAL,2990962,19
401585660,LAL,4395627,23
401585660,LAL,4397077,8
401585660,LAL,4432582,9
401585660,LAL,4065649,0
401585660,LAL,4684286,0
401585660,LAL,4066269,0
401585661,CHA,4066383,38
401585661,CHA,4433287,37
401585661,CHA,4278076,23
401585661,CHA,3102532,31
401585661,CHA,4432819,34
401585661,CHA,4066218,27
401585661,CHA,4683018,19
401585661,CHA,4702233,5
401585661,CHA,6426,17
401585661,CHA,4576086,3
401585661,CHA,4683686,3
401585661,CHA,5105638,3
401585661,CLE,4432822,31
401585661,CLE,4066328,33
401585661,CLE,4432158,25
401585661,CLE,2991043,33
401585661,CLE,4396907,33
401585661,CLE,6462,8
401585661,CLE,2990969,25
401585661,CLE,4397233,3
401585661,CLE,4433620,3
401585661,CLE,6474,4
401585661,CLE,3064559,3
401585661,CLE,4066757,25
401585661,CLE,4701233,14
401585662,BOS,4065648,39
401585662,BOS,4065804,27
401585662,BOS,3213,36
401585662,BOS,3102531,34
401585662,BOS,3917376,37
401585662,BOS,4278031,11
401585662,BOS,3064560,10
401585662,BOS,3133602,11
401585662,BOS,4066354,28
401585662,BOS,4432164,8
401585662,BOS,3078576,0
401585662,BOS,4576085,0
401585662,ATL,4065732,34
401585662,ATL,3102529,29
401585662,ATL,3037789,40
401585662,ATL,3907497,41
401585662,ATL,4578893,33
401585662,ATL,4277952,19
401585662,ATL,4032,17
401585662,ATL,3906786,2
401585662,ATL,3913180,19
401585662,ATL,4065656,7
401585662,ATL,4701230,0
401585662,ATL,4277905,0
401585663,DET,4278508,25
401585663,DET,4597865,16
401585663,DET,4432808,31
401585663,DET,4432107,35
401585663,DET,4433218,24
401585663,DET,3914283,17
401585663,DET,4395676,18
401585663,DET,4066668,30
401585663,DET,6588,20
401585663,DET,4397119,25
401585663,DET,4433621,0
401585663,DET,4279532,0
401585663,DET,4432166,0
401585663,NY,4222252,24
401585663,NY,3062679,40
401585663,NY,3934672,30
401585663,NY,3934673,41
401585663,NY,4431823,43
401585663,NY,3947156,3
401585663,NY,4431679,26
401585663,NY,3593,18
401585663,NY,4277922,7
401585663,NY,3915195,5
401585663,NY,3913220,3
401585663,NY,6429,0
401585664,BKN,2578185,30
401585664,BKN,4431714,30
401585664,BKN,4278067,35
401585664,BKN,3032979,37
401585664,BKN,3147657,37
401585664,BKN,4431675,21
401585664,BKN,4712896,21
401585664,BKN,4432194,8
401585664,BKN,4278378,11
401585664,BKN,4277890,9
401585664,BKN,4432174,0
401585664,BKN,4432192,0
401585664,TOR,2489663,30
401585664,TOR,4277843,30
401585664,TOR,4397018,31
401585664,TOR,4397511,29
401585664,TOR,5106258,33
401585664,TOR,4592933,12
401585664,TOR,4277883,20
401585664,TOR,4023,16
401585664,TOR,4065670,22
401585664,TOR,4066335,17
401585664,TOR,3948153,0
401585664,TOR,4066731,0
401585665,WSH,2993370,31
401585665,WSH,4280151,39
401585665,WSH,4277956,29
401585665,WSH,4432356,20
401585665,WSH,4433246,26
401585665,WSH,2581184,0
401585665,WSH,4277848,17
401585665,WSH,4432907,28
401585665,WSH,4997537,9
401585665,WSH,4395695,27
401585665,WSH,4397127,13
401585665,WSH,4683021,0
401585665,CHI,2528693,19
401585665,CHI,6478,30
401585665,CHI,3978,38
401585665,CHI,4395651,36
401585665,CHI,4397002,34
401585665,CHI,4438552,4
401585665,CHI,6585,19
401585665,CHI,2991350,33
401585665,CHI,3133635,16
401585665,CHI,4433159,11
401585665,CHI,4279815,0
401585665,CHI,2596112,0
401585666,POR,4431736,35
401585666,POR,4594326,31
401585666,POR,4066268,24
401585666,POR,4683678,25
401585666,POR,5099752,23
401585666,POR,4278111,5
401585666,POR,4397885,39
401585666,POR,4432446,26
401585666,POR,4397126,8
401585666,POR,4395722,24
401585666,POR,4871140,0
401585666,POR,3907498,0
401585666,HOU,3155526,29
401585666,HOU,3146557,32
401585666,HOU,2991230,26
401585666,HOU,4437244,40
401585666,HOU,4684740,28
401585666,HOU,3209,24
401585666,HOU,3136777,21
401585666,HOU,2528779,15
401585666,HOU,3922230,24
401585666,HOU,4397821,1
401585666,HOU,4432639,0
401585666,HOU,4376,0
401585667,PHX,3202,36
401585667,PHX,3102530,19
401585667,PHX,6580,30
401585667,PHX,3135045,35
401585667,PHX,3136193,40
401585667,PHX,2583632,26
401585667,PHX,3914285,21
401585667,PHX,4397102,8
401585667,PHX,3431,24
401585667,PHX,3244,0
401585667,PHX,4593041,0
401585667,PHX,4395652,0
401585667,PHX,6472,0
401585667,PHX,4065663,0
401585667,SA,4066650,30
401585667,SA,4592479,20
401585667,SA,4610139,36
401585667,SA,4395626,27
401585667,SA,4395630,35
401585667,SA,4395723,31
401585667,SA,4565201,7
401585667,SA,4870562,18
401585667,SA,3893016,15
401585667,SA,4683935,21
401585667,SA,4278580,0
401585667,SA,3133601,0
401585668,MEM,4277961,26
401585668,MEM,4593125,31
401585668,MEM,5105550,30
401585668,MEM,4066320,32
401585668,MEM,4431785,26
401585668,MEM,4066405,23
401585668,MEM,4592691,23
401585668,MEM,5184018,6
401585668,MEM,4395623,22
401585668,MEM,4066796,20
401585668,MEM,4433137,0
401585668,MEM,4397227,0
401585668,DEN,4278104,22
401585668,DEN,3112335,31
401585668,DEN,6443,24
401585668,DEN,2581018,26
401585668,DEN,4431767,22
401585668,DEN,2284101,22
401585668,DEN,4066240,3
401585668,DEN,4395620,4
401585668,DEN,3442,14
401585668,DEN,4065731,3
401585668,DEN,4278585,21
401585668,DEN,4398390,4
401585668,DEN,4432181,22
401585668,DEN,4576087,22
401585669,DAL,3936099,18
401585669,DAL,4278049,27
401585669,DAL,4278078,35
401585669,DAL,6442,36
401585669,DAL,3945274,41
401585669,DAL,2531367,1
401585669,DAL,2960236,15
401585669,DAL,4683688,18
401585669,DAL,2528210,29
401585669,DAL,3102528,16
401585669,DAL,4067017,1
401585669,DAL,4868423,3
401585669,DAL,6461,0
401585669,UTAH,3908845,31
401585669,UTAH,4066336,34
401585669,UTAH,4684806,29
401585669,UTAH,4277811,29
401585669,UTAH,4433627,35
401585669,UTAH,4423309,1
401585669,UTAH,5105839,16
401585669,UTAH,3074213,1
401585669,UTAH,4066399,1
401585669,UTAH,4433136,17
401585669,UTAH,2528426,33
401585669,UTAH,4395698,1
401585669,UTAH,4432817,13
401585669,UTAH,4396991,0
401585669,UTAH,2991139,0
401585670,PHI,3416,21
401585670,PHI,6440,26
401585670,PHI,4277919,12
401585670,PHI,3012,25
401585670,PHI,4431678,35
401585670,PHI,4431699,0
401585670,PHI,3136491,14
401585670,PHI,4278562,23
401585670,PHI,4431828,19
401585670,PHI,3064230,25
401585670,PHI,2990984,32
401585670,PHI,4701234,9
401585670,PHI,3133603,0
401585670,SAC,6578,26
401585670,SAC,3155942,33
401585670,SAC,4594327,38
401585670,SAC,4066259,37
401585670,SAC,4702177,24
401585670,SAC,4397693,2
401585670,SAC,4398207,1
401585670,SAC,3452,1
401585670,SAC,2596107,11
401585670,SAC,4592402,13
401585670,SAC,4066262,26
401585670,SAC,4278053,25
401585670,SAC,4433378,2
401585671,IND,3149673,31
401585671,IND,3133628,26
401585671,IND,4395712,24
401585671,IND,4396993,31
401585671,IND,4433076,21
401585671,IND,2528588,11
401585671,IND,4278355,25
401585671,IND,4397189,14
401585671,IND,4432170,2
401585671,IND,5106060,29
401585671,IND,2530530,24
401585671,IND,4433254,2
401585671,IND,3999,0
401585671,LAC,4251,33
401585671,LAC,6450,38
401585671,LAC,4017837,24
401585671,LAC,3992,34
401585671,LAC,3907823,17
401585671,LAC,3033,12
401585671,LAC,3468,18
401585671,LAC,2595516,31
401585671,LAC,3914075,2
401585671,LAC,4066387,27
401585671,LAC,4431752,2
401585671,LAC,4592492,2
401585671,LAC,2451037,0
401585671,LAC,2488653,0
401585671,LAC,4432162,0
401585672,GS,6589,28
401585672,GS,3059319,31
401585672,GS,4433247,32
401585672,GS,3975,31
401585672,GS,6475,31
401585672,GS,3155535,19
401585672,GS,4997536,2
401585672,GS,3943606,2
401585672,GS,2779,23
401585672,GS,3134903,14
401585672,GS,4431720,2
401585672,GS,4432171,6
401585672,GS,4709138,22
401585672,GS,3032978,0
401585672,MIA,4432848,26
401585672,MIA,4997528,31
401585672,MIA,4066261,39
401585672,MIA,4004,18
401585672,MIA,3074752,33
401585672,MIA,3138160,34
401585672,MIA,4278572,2
401585672,MIA,4291678,30
401585672,MIA,4397134,2
401585672,MIA,3934723,8
401585672,MIA,4593049,2
401585672,MIA,3064447,16
401585672,MIA,4592216,2
401585673,LAL,6583,52
401585673,LAL,4066648,39
401585673,LAL,2580782,42
401585673,LAL,3136776,50
401585673,LAL,4066457,48
401585673,LAL,2990962,28
401585673,LAL,4395627,7
401585673,LAL,4397077,17
401585673,LAL,4432582,7
401585673,LAL,4065649,0
401585673,LAL,1966,0
401585673,LAL,4684286,0
401585673,MIL,6609,39
401585673,MIL,3032977,46
401585673,MIL,3448,33
401585673,MIL,3907822,40
401585673,MIL,6606,49
401585673,MIL,6581,18
401585673,MIL,3064482,30
401585673,MIL,2578239,22
401585673,MIL,4397475,12
401585673,MIL,3428,0
401585673,MIL,3102533,0
401585673,MIL,4432179,0
401585673,MIL,4433622,0
401585673,MIL,4432190,0
401585673,MIL,4683749,0
401585674,OKC,4433255,33
401585674,OKC,4278073,38
401585674,OKC,4397020,32
401585674,OKC,4593803,34
401585674,OKC,4871145,31
401585674,OKC,4432823,14
401585674,OKC,4249,10
401585674,OKC,3133626,18
401585674,OKC,4395702,16
401585674,OKC,4683692,13
401585674,OKC,4066317,0
401585674,OKC,4278046,0
401585674,OKC,6427,0
401585674,OKC,2490089,0
401585674,OKC,4397183,0
401585674,NO,4277813,31
401585674,NO,4395628,39
401585674,NO,4397688,39
401585674,NO,6477,11
401585674,NO,2490149,41
401585674,NO,2580365,33
401585674,NO,4278594,23
401585674,NO,4432813,5
401585674,NO,4277869,16
401585674,NO,4683750,3
401585674,NO,3908336,0
401585674,NO,2579258,0
401585675,DAL,3936099,21
401585675,DAL,4278049,22
401585675,DAL,4278078,32
401585675,DAL,6442,35
401585675,DAL,3945274,32
401585675,DAL,6461,3
401585675,DAL,2531367,4
401585675,DAL,2960236,11
401585675,DAL,4683688,22
401585675,DAL,2528210,26
401585675,DAL,3102528,22
401585675,DAL,4067017,5
401585675,DAL,4868423,4
401585675,DAL,4432811,0
401585675,SAC,6578,24
401585675,SAC,3155942,31
401585675,SAC,4594327,33
401585675,SAC,4066259,32
401585675,SAC,4702177,28
401585675,SAC,4397693,5
401585675,SAC,4398207,2
401585675,SAC,3452,5
401585675,SAC,2596107,11
401585675,SAC,4592402,13
401585675,SAC,4066262,27
401585675,SAC,4278053,16
401585675,SAC,4395704,5
401585675,SAC,4433378,5
401585676,CLE,4432822,25
401585676,CLE,4066328,34
401585676,CLE,4432158,31
401585676,CLE,4065778,24
401585676,CLE,4396907,37
401585676,CLE,2990969,24
401585676,CLE,6474,4
401585676,CLE,2991043,30
401585676,CLE,4066757,24
401585676,CLE,4701233,6
401585676,CLE,6462,0
401585676,CLE,4433620,0
401585676,CLE,3064559,0
401585676,CHA,4066383,41
401585676,CHA,4433287,35
401585676,CHA,4278076,22
401585676,CHA,3102532,34
401585676,CHA,4432819,29
401585676,CHA,4066218,31
401585676,CHA,4683018,23
401585676,CHA,4702233,1
401585676,CHA,6426,23
401585676,CHA,4576086,0
401585676,CHA,4683686,0
401585676,CHA,5105638,0
401585677,GS,6589,4
401585677,GS,3059319,35
401585677,GS,4431684,33
401585677,GS,3975,35
401585677,GS,6475,32
401585677,GS,3155535,15
401585677,GS,4997536,6
401585677,GS,2779,17
401585677,GS,3134903,19
401585677,GS,4432171,24
401585677,GS,4709138,21
401585677,GS,3032978,0
401585677,GS,3943606,0
401585677,GS,4431720,0
401585677,ORL,4432573,32
401585677,ORL,4566434,31
401585677,ORL,4277847,19
401585677,ORL,4066636,16
401585677,ORL,4432165,25
401585677,ORL,2968436,24
401585677,ORL,4065654,24
401585677,ORL,3150844,20
401585677,ORL,4432809,32
401585677,ORL,4712849,15
401585677,ORL,4278052,0
401585677,ORL,4433623,0
401585677,ORL,3918423,0
401585677,ORL,4348700,0
401585678,BKN,2578185,36
401585678,BKN,4278067,37
401585678,BKN,3032979,43
401585678,BKN,3147657,47
401585678,BKN,4432174,45
401585678,BKN,4431675,19
401585678,BKN,4431714,8
401585678,BKN,4712896,11
401585678,BKN,4432194,14
401585678,BKN,4278378,4
401585678,BKN,4277890,0
401585678,BKN,4432192,0
401585678,WSH,2993370,12
401585678,WSH,3134907,44
401585678,WSH,4280151,40
401585678,WSH,4683021,38
401585678,WSH,4277956,45
401585678,WSH,2581184,16
401585678,WSH,4277848,25
401585678,WSH,4997537,4
401585678,WSH,4395695,21
401585678,WSH,4432356,17
401585678,WSH,4433246,4
401585678,WSH,4066410,0
401585679,POR,4431736,30
401585679,POR,4594326,22
401585679,POR,4066268,30
401585679,POR,4683678,32
401585679,POR,5099752,39
401585679,POR,4278111,2
401585679,POR,4397885,37
401585679,POR,4432446,19
401585679,POR,4397126,12
401585679,POR,4871140,2
401585679,POR,4395722,16
401585679,POR,3907498,0
401585679,ATL,4065732,31
401585679,ATL,3102529,27
401585679,ATL,3037789,37
401585679,ATL,3907497,36
401585679,ATL,4578893,33
401585679,ATL,4277952,21
401585679,ATL,3906786,17
401585679,ATL,3913180,22
401585679,ATL,4065656,16
401585679,ATL,4701230,0
401585679,ATL,4032,0
401585679,ATL,4277905,0
401585680,LAC,4251,34
401585680,LAC,6450,36
401585680,LAC,4017837,27
401585680,LAC,3992,39
401585680,LAC,3907823,26
401585680,LAC,3033,3
401585680,LAC,2488653,7
401585680,LAC,3468,17
401585680,LAC,2595516,29
401585680,LAC,4066387,22
401585680,LAC,2451037,0
401585680,LAC,3914075,0
401585680,LAC,4432162,0
401585680,LAC,4592492,0
401585680,PHI,6440,38
401585680,PHI,4277919,19
401585680,PHI,3012,22
401585680,PHI,3133603,38
401585680,PHI,4431678,44
401585680,PHI,3416,28
401585680,PHI,4278562,21
401585680,PHI,3064230,4
401585680,PHI,2990984,26
401585680,PHI,3136491,0
401585680,PHI,4431828,0
401585680,PHI,4701234,0
401585681,NY,4222252,19
401585681,NY,3062679,34
401585681,NY,3934672,29
401585681,NY,3934673,33
401585681,NY,4431823,40
401585681,NY,3947156,5
401585681,NY,4431679,27
401585681,NY,3593,16
401585681,NY,4277922,7
401585681,NY,4351852,12
401585681,NY,3915195,10
401585681,NY,3913220,7
401585681,TOR,2489663,27
401585681,TOR,4277843,31
401585681,TOR,4397018,5
401585681,TOR,4397511,28
401585681,TOR,5106258,30
401585681,TOR,4066731,16
401585681,TOR,4592933,11
401585681,TOR,4277883,19
401585681,TOR,4023,27
401585681,TOR,4065670,20
401585681,TOR,4066335,24
401585681,TOR,3948153,0
401585682,IND,3149673,30
401585682,IND,3133628,25
401585682,IND,4395712,34
401585682,IND,4396909,27
401585682,IND,4396993,31
401585682,IND,3999,5
401585682,IND,2528588,10
401585682,IND,4278355,11
401585682,IND,4397189,12
401585682,IND,4432170,8
401585682,IND,5106060,11
401585682,IND,2530530,18
401585682,IND,4433076,11
401585682,IND,4433254,5
401585682,CHI,6478,29
401585682,CHI,3978,38
401585682,CHI,2991350,29
401585682,CHI,4395651,35
401585682,CHI,4397002,34
401585682,CHI,4279815,2
401585682,CHI,2528693,17
401585682,CHI,4438552,2
401585682,CHI,6585,18
401585682,CHI,2596112,19
401585682,CHI,3133635,5
401585682,CHI,4433159,13
401585683,LAL,1966,35
401585683,LAL,4066648,36
401585683,LAL,4397077,31
401585683,LAL,3136776,29
401585683,LAL,4066457,35
401585683,LAL,4065649,5
401585683,LAL,2990962,23
401585683,LAL,4684286,1
401585683,LAL,4395627,10
401585683,LAL,4397204,1
401585683,LAL,2580782,25
401585683,LAL,4066269,1
401585683,LAL,4432582,7
401585683,MEM,4277961,35
401585683,MEM,4593125,27
401585683,MEM,5105550,29
401585683,MEM,4066320,40
401585683,MEM,4431785,26
401585683,MEM,3906665,21
401585683,MEM,4066405,21
401585683,MEM,4592691,32
401585683,MEM,5184018,1
401585683,MEM,4066796,10
401585683,MEM,4433137,0
401585683,MEM,4397227,0
401585684,DET,3914283,32
401585684,DET,4597865,29
401585684,DET,4433621,25
401585684,DET,4432107,33
401585684,DET,4432166,29
401585684,DET,4278508,30
401585684,DET,4395676,2
401585684,DET,4432808,23
401585684,DET,4066668,19
401585684,DET,6588,15
401585684,DET,4397119,2
401585684,DET,4279532,0
401585684,DET,4433218,0
401585684,MIN,4431671,28
401585684,MIN,3032976,34
401585684,MIN,4396971,31
401585684,MIN,3195,25
401585684,MIN,4594268,29
401585684,MIN,2993874,23
401585684,MIN,4592187,2
401585684,MIN,4687718,2
401585684,MIN,5044385,2
401585684,MIN,2982334,7
401585684,MIN,4277951,2
401585684,MIN,3059310,14
401585684,MIN,3134916,14
401585684,MIN,4278039,25
401585685,HOU,3155526,43
401585685,HOU,4432639,35
401585685,HOU,2991230,43
401585685,HOU,4437244,46
401585685,HOU,4684740,39
401585685,HOU,3209,13
401585685,HOU,3136777,9
401585685,HOU,2528779,6
401585685,HOU,3146557,20
401585685,HOU,3922230,11
401585685,HOU,4376,0
401585685,HOU,4397821,0
401585685,OKC,4433255,18
401585685,OKC,4397020,34
401585685,OKC,4593803,38
401585685,OKC,4683692,25
401585685,OKC,4871145,32
401585685,OKC,4432823,14
401585685,OKC,4249,22
401585685,OKC,2490089,4
401585685,OKC,3133626,20
401585685,OKC,4395702,33
401585685,OKC,4397183,25
401585685,OKC,4066317,0
401585685,OKC,4278046,0
401585685,OKC,4395714,0
401585685,OKC,6427,0
401585686,SA,4592479,31
401585686,SA,4610139,36
401585686,SA,5104157,30
401585686,SA,4395626,32
401585686,SA,4395630,39
401585686,SA,4066650,15
401585686,SA,4565201,20
401585686,SA,4870562,2
401585686,SA,3893016,19
401585686,SA,4683935,15
401585686,SA,4278580,0
401585686,SA,3133601,0
401585686,SA,5081727,0
401585686,UTAH,3908845,23
401585686,UTAH,4066336,42
401585686,UTAH,4684806,33
401585686,UTAH,4277811,38
401585686,UTAH,4433627,40
401585686,UTAH,4423309,10
401585686,UTAH,5105839,13
401585686,UTAH,4396991,4
401585686,UTAH,3074213,3
401585686,UTAH,4066399,6
401585686,UTAH,4433136,22
401585686,UTAH,4395698,6
401585686,UTAH,2991139,0
401585686,UTAH,4397916,0
401585687,PHX,3202,38
401585687,PHX,3914285,27
401585687,PHX,6580,37
401585687,PHX,3135045,33
401585687,PHX,3136193,37
401585687,PHX,3244,18
401585687,PHX,2583632,18
401585687,PHX,4397102,12
401585687,PHX,3431,20
401585687,PHX,4593041,0
401585687,PHX,4395652,0
401585687,PHX,3102530,0
401585687,PHX,4066299,0
401585687,PHX,6472,0
401585687,PHX,4065663,0
401585687,DEN,3064290,36
401585687,DEN,4278104,33
401585687,DEN,3112335,42
401585687,DEN,6443,29
401585687,DEN,2581018,36
401585687,DEN,2284101,10
401585687,DEN,4278585,16
401585687,DEN,4431767,15
401585687,DEN,4432181,4
401585687,DEN,4576087,19
401585687,DEN,4066240,0
401585687,DEN,4395620,0
401585687,DEN,3442,0
401585687,DEN,4065731,0
401585687,DEN,4398390,0
401585688,BOS,4065648,45
401585688,BOS,3102531,41
401585688,BOS,3995,37
401585688,BOS,3078576,41
401585688,BOS,3917376,39
401585688,BOS,4065804,23
401585688,BOS,4277964,9
401585688,BOS,3064560,13
401585688,BOS,4066354,19
401585688,BOS,4278031,0
401585688,BOS,3213,0
401585688,BOS,3133602,0
401585688,ATL,4065732,40
401585688,ATL,3102529,33
401585688,ATL,3037789,43
401585688,ATL,3907497,47
401585688,ATL,4578893,35
401585688,ATL,4277952,20
401585688,ATL,4032,24
401585688,ATL,3913180,17
401585688,ATL,4065656,6
401585688,ATL,4701230,0
401585688,ATL,3906786,0
401585688,ATL,4277905,0
401585689,MIL,6609,33
401585689,MIL,3032977,39
401585689,MIL,3448,37
401585689,MIL,3907822,33
401585689,MIL,6606,36
401585689,MIL,6581,15
401585689,MIL,3064482,16
401585689,MIL,3964,7
401585689,MIL,2578239,22
401585689,MIL,4397475,2
401585689,MIL,3428,0
401585689,MIL,3102533,0
401585689,MIL,4432179,0
401585689,MIL,4432190,0
401585689,NO,4277813,37
401585689,NO,4395628,33
401585689,NO,4397688,39
401585689,NO,6477,23
401585689,NO,2490149,39
401585689,NO,2580365,25
401585689,NO,3908336,5
401585689,NO,4278594,23
401585689,NO,4278352,0
401585689,NO,4278412,0
401585689,NO,4683750,15
401585689,NO,4432813,0
401585689,NO,2579258,0
401585689,NO,4277869,0
401585690,GS,6589,28
401585690,GS,3059319,35
401585690,GS,4431684,31
401585690,GS,2779,33
401585690,GS,3975,32
401585690,GS,3155535,10
401585690,GS,3943606,2
401585690,GS,3134903,13
401585690,GS,4431720,5
401585690,GS,4432171,25
401585690,GS,4709138,26
401585690,GS,6475,0
401585690,CHA,4066383,38
401585690,CHA,4433287,33
401585690,CHA,4278076,31
401585690,CHA,3102532,33
401585690,CHA,4432819,33
401585690,CHA,4066218,26
401585690,CHA,4683018,19
401585690,CHA,4702233,2
401585690,CHA,6426,19
401585690,CHA,4576086,2
401585690,CHA,4683686,2
401585690,CHA,5105638,2
401585691,LAL,1966,35
401585691,LAL,6583,38
401585691,LAL,4066648,31
401585691,LAL,3136776,35
401585691,LAL,4066457,36
401585691,LAL,2990962,15
401585691,LAL,4684286,2
401585691,LAL,4395627,13
401585691,LAL,4397077,11
401585691,LAL,4397204,2
401585691,LAL,2580782,21
401585691,LAL,4432582,2
401585691,IND,3149673,31
401585691,IND,3133628,28
401585691,IND,4395712,30
401585691,IND,4396909,39
401585691,IND,4396993,33
401585691,IND,2528588,1
401585691,IND,4278355,17
401585691,IND,4397189,17
401585691,IND,4432170,2
401585691,IND,5106060,2
401585691,IND,2530530,19
401585691,IND,4433076,20
401585691,IND,3999,0
401585692,LAC,4251,35
401585692,LAC,6450,38
401585692,LAC,4017837,35
401585692,LAC,3992,37
401585692,LAC,3907823,20
401585692,LAC,2488653,13
401585692,LAC,3468,18
401585692,LAC,2595516,26
401585692,LAC,4066387,19
401585692,LAC,3033,0
401585692,LAC,2451037,0
401585692,LAC,3914075,0
401585692,LAC,4432162,0
401585692,LAC,4592492,0
401585692,ORL,4432573,38
401585692,ORL,4566434,36
401585692,ORL,4277847,24
401585692,ORL,2999547,24
401585692,ORL,4432165,33
401585692,ORL,2968436,19
401585692,ORL,4065654,16
401585692,ORL,4433623,14
401585692,ORL,3150844,18
401585692,ORL,4432809,19
401585692,ORL,4278052,0
401585692,ORL,4348700,0
401585692,ORL,4712849,0
401585693,DET,4278508,19
401585693,DET,4597865,33
401585693,DET,4433621,35
401585693,DET,4432166,37
401585693,DET,4433218,37
401585693,DET,3914283,26
401585693,DET,4432808,13
401585693,DET,4066668,14
401585693,DET,6588,26
401585693,DET,4395676,0
401585693,DET,4279532,0
401585693,DET,4397119,0
401585693,DET,4432107,0
401585693,WSH,3134907,37
401585693,WSH,4277848,27
401585693,WSH,4280151,38
401585693,WSH,4683021,39
401585693,WSH,4277956,37
401585693,WSH,2581184,18
401585693,WSH,4997537,2
401585693,WSH,4395695,20
401585693,WSH,4397127,5
401585693,WSH,4432356,10
401585693,WSH,4433246,7
401585693,WSH,3135046,0
401585694,CHI,6478,30
401585694,CHI,3978,37
401585694,CHI,2991350,33
401585694,CHI,4395651,39
401585694,CHI,4397002,32
401585694,CHI,4279815,1
401585694,CHI,2528693,12
401585694,CHI,4438552,4
401585694,CHI,6585,17
401585694,CHI,2596112,16
401585694,CHI,4433159,19
401585694,CHI,3133635,0
401585694,BKN,2578185,30
401585694,BKN,4278067,37
401585694,BKN,3032979,34
401585694,BKN,3147657,38
401585694,BKN,4432174,40
401585694,BKN,4431675,24
401585694,BKN,4431714,9
401585694,BKN,4712896,15
401585694,BKN,4432194,6
401585694,BKN,4277890,7
401585694,BKN,3138196,0
401585694,BKN,4065697,0
401585695,PHI,6440,35
401585695,PHI,4277919,22
401585695,PHI,3012,32
401585695,PHI,3133603,21
401585695,PHI,4431678,43
401585695,PHI,3416,31
401585695,PHI,4278562,26
401585695,PHI,3064230,5
401585695,PHI,2990984,18
401585695,PHI,4701234,9
401585695,PHI,3136491,0
401585695,PHI,4431828,0
401585695,CLE,4066328,26
401585695,CLE,4432158,31
401585695,CLE,3908809,32
401585695,CLE,4065778,27
401585695,CLE,4396907,35
401585695,CLE,6462,17
401585695,CLE,2990969,31
401585695,CLE,4432822,15
401585695,CLE,6474,6
401585695,CLE,4066757,21
401585695,CLE,3064559,0
401585695,CLE,4065733,0
401585696,POR,4432446,35
401585696,POR,4594326,42
401585696,POR,4278129,25
401585696,POR,4683678,41
401585696,POR,5099752,26
401585696,POR,4278111,11
401585696,POR,4397885,30
401585696,POR,4066268,14
401585696,POR,4871140,9
401585696,POR,3907498,7
401585696,POR,4351851,0
401585696,POR,4914336,0
401585696,MIA,6430,25
401585696,MIA,4997528,17
401585696,MIA,4066261,26
401585696,MIA,4004,28
401585696,MIA,3074752,27
401585696,MIA,3138160,9
401585696,MIA,4278572,12
401585696,MIA,4291678,28
401585696,MIA,4432848,25
401585696,MIA,3934723,22
401585696,MIA,3064447,21
401585696,MIA,3449,0
401585696,MIA,3157465,0
401585697,PHX,3202,31
401585697,PHX,3102530,23
401585697,PHX,6580,31
401585697,PHX,3135045,28
401585697,PHX,3136193,27
401585697,PHX,2583632,22
401585697,PHX,3914285,7
401585697,PHX,4593041,8
401585697,PHX,4395652,8
401585697,PHX,4397102,13
401585697,PHX,3431,22
401585697,PHX,6472,8
401585697,PHX,4065663,14
401585697,PHX,3244,0
401585697,PHX,4066299,0
401585697,OKC,4433255,28
401585697,OKC,4397020,27
401585697,OKC,4397183,26
401585697,OKC,4593803,30
401585697,OKC,4871145,24
401585697,OKC,4432823,14
401585697,OKC,4249,11
401585697,OKC,6427,2
401585697,OKC,2490089,6
401585697,OKC,3133626,19
401585697,OKC,4395702,22
401585697,OKC,4683692,32
401585698,NY,4222252,28
401585698,NY,3062679,42
401585698,NY,3934672,43
401585698,NY,3934673,49
401585698,NY,4431823,46
401585698,NY,4431679,16
401585698,NY,3593,15
401585698,NY,4351852,20
401585698,NY,3915195,6
401585698,NY,3947156,0
401585698,NY,4277922,0
401585698,NY,6429,0
401585698,NY,3913220,0
401585698,SA,4592479,28
401585698,SA,4610139,17
401585698,SA,5104157,38
401585698,SA,4395626,35
401585698,SA,4395630,45
401585698,SA,4066650,15
401585698,SA,4395723,35
401585698,SA,4565201,19
401585698,SA,3893016,20
401585698,SA,4683935,13
401585698,SA,4278580,0
401585698,SA,3133601,0
401585699,MIN,4431671,31
401585699,MIN,3032976,35
401585699,MIN,4396971,33
401585699,MIN,3195,32
401585699,MIN,4594268,39
401585699,MIN,2993874,27
401585699,MIN,4592187,1
401585699,MIN,4687718,1
401585699,MIN,5044385,1
401585699,MIN,4277951,1
401585699,MIN,3059310,11
401585699,MIN,3134916,13
401585699,MIN,4278039,17
401585699,MIN,2982334,0
401585699,DEN,3064290,31
401585699,DEN,4278104,36
401585699,DEN,3112335,37
401585699,DEN,6443,37
401585699,DEN,2581018,28
401585699,DEN,2284101,16
401585699,DEN,4066240,1
401585699,DEN,4395620,1
401585699,DEN,3442,10
401585699,DEN,4065731,1
401585699,DEN,4278585,5
401585699,DEN,4398390,1
401585699,DEN,4431767,26
401585699,DEN,4432181,1
401585699,DEN,4576087,11
401585700,HOU,3155526,21
401585700,HOU,4432639,33
401585700,HOU,2991230,42
401585700,HOU,4437244,39
401585700,HOU,4684740,40
401585700,HOU,3209,20
401585700,HOU,3136777,3
401585700,HOU,2528779,5
401585700,HOU,3146557,26
401585700,HOU,3922230,10
401585700,HOU,4376,0
401585700,HOU,4397821,0
401585700,UTAH,3908845,30
401585700,UTAH,4684806,35
401585700,UTAH,5105839,25
401585700,UTAH,4277811,44
401585700,UTAH,4433627,29
401585700,UTAH,4066399,13
401585700,UTAH,4433136,18
401585700,UTAH,2991139,22
401585700,UTAH,4432817,24
401585700,UTAH,4423309,0
401585700,UTAH,4396991,0
401585700,UTAH,3074213,0
401585700,UTAH,4395698,0
401585701,DAL,3936099,22
401585701,DAL,4278049,24
401585701,DAL,4278078,33
401585701,DAL,6442,38
401585701,DAL,3945274,41
401585701,DAL,2960236,15
401585701,DAL,4683688,24
401585701,DAL,2528210,20
401585701,DAL,3102528,23
401585701,DAL,6461,0
401585701,DAL,2531367,0
401585701,DAL,4067017,0
401585701,DAL,4868423,0
401585701,SAC,6578,40
401585701,SAC,3155942,36
401585701,SAC,4594327,35
401585701,SAC,4066259,40
401585701,SAC,4702177,38
401585701,SAC,4397693,11
401585701,SAC,2596107,12
401585701,SAC,4592402,7
401585701,SAC,4066262,1
401585701,SAC,4278053,19
401585701,SAC,3452,0
401585701,SAC,4433378,0
401585702,BOS,4065648,36
401585702,BOS,3102531,31
401585702,BOS,3995,35
401585702,BOS,3078576,32
401585702,BOS,3917376,35
401585702,BOS,4065804,14
401585702,BOS,4277964,10
401585702,BOS,3213,30
401585702,BOS,4066354,17
401585702,BOS,4278031,0
401585702,BOS,3064560,0
401585702,BOS,3133602,0
401585702,NO,4277813,40
401585702,NO,4395628,40
401585702,NO,4397688,39
401585702,NO,6477,15
401585702,NO,2490149,37
401585702,NO,2580365,21
401585702,NO,3908336,7
401585702,NO,4278594,23
401585702,NO,4683750,7
401585702,NO,4869342,11
401585702,NO,4432813,0
401585702,NO,2579258,0
401585703,MEM,4277961,26
401585703,MEM,4592691,28
401585703,MEM,5105550,30
401585703,MEM,3913174,30
401585703,MEM,4431785,21
401585703,MEM,3906665,20
401585703,MEM,4066405,21
401585703,MEM,5184018,29
401585703,MEM,4066377,9
401585703,MEM,4278402,27
401585703,MEM,4433137,0
401585703,MEM,4397227,0
401585703,ORL,4432573,30
401585703,ORL,4433623,21
401585703,ORL,4566434,29
401585703,ORL,4277847,28
401585703,ORL,4432165,24
401585703,ORL,2968436,18
401585703,ORL,4278052,7
401585703,ORL,3918423,7
401585703,ORL,3150844,12
401585703,ORL,4348700,9
401585703,ORL,4066636,25
401585703,ORL,4432809,17
401585703,ORL,4712849,12
401585704,MIL,6609,36
401585704,MIL,3032977,38
401585704,MIL,3448,33
401585704,MIL,3964,36
401585704,MIL,3907822,35
401585704,MIL,6581,13
401585704,MIL,3064482,21
401585704,MIL,2578239,16
401585704,MIL,4397475,11
401585704,MIL,3428,0
401585704,MIL,3102533,0
401585704,MIL,4432179,0
401585704,MIL,4432190,0
401585704,MIL,4591725,0
401585704,MIL,4683749,0
401585704,ATL,4065732,35
401585704,ATL,3102529,27
401585704,ATL,3037789,37
401585704,ATL,3907497,42
401585704,ATL,4578893,32
401585704,ATL,4277952,21
401585704,ATL,4032,18
401585704,ATL,3906786,4
401585704,ATL,3913180,17
401585704,ATL,4065656,6
401585704,ATL,4701230,0
401585704,ATL,4277905,0
401585705,CLE,4066328,27
401585705,CLE,4432158,29
401585705,CLE,3908809,31
401585705,CLE,4065778,27
401585705,CLE,4396907,29
401585705,CLE,6462,12
401585705,CLE,2990969,23
401585705,CLE,6474,9
401585705,CLE,3064559,5
401585705,CLE,2991043,33
401585705,CLE,4066757,16
401585705,DEN,3064290,29
401585705,DEN,4278104,29
401585705,DEN,3112335,35
401585705,DEN,6443,23
401585705,DEN,2581018,35
401585705,DEN,2284101,20
401585705,DEN,4395620,4
401585705,DEN,3442,6
401585705,DEN,4065731,4
401585705,DEN,4278585,3
401585705,DEN,4398390,3
401585705,DEN,4431767,28
401585705,DEN,4432181,4
401585705,DEN,4576087,20
401585706,LAL,1966,37
401585706,LAL,6583,35
401585706,LAL,4066648,37
401585706,LAL,3136776,32
401585706,LAL,4066457,35
401585706,LAL,2990962,15
401585706,LAL,4684286,3
401585706,LAL,4395627,2
401585706,LAL,4397204,6
401585706,LAL,2580782,21
401585706,LAL,3137259,14
401585706,LAL,4432582,3
401585706,LAL,4397077,0
401585706,BKN,2578185,25
401585706,BKN,4278067,26
401585706,BKN,3032979,28
401585706,BKN,3147657,38
401585706,BKN,4432174,35
401585706,BKN,3138196,20
401585706,BKN,4431675,29
401585706,BKN,4431714,8
401585706,BKN,4712896,15
401585706,BKN,4432194,9
401585706,BKN,4065697,4
401585706,BKN,4277890,3
401585707,LAC,4251,40
401585707,LAC,6450,37
401585707,LAC,4017837,33
401585707,LAC,3992,36
401585707,LAC,3907823,25
401585707,LAC,2488653,7
401585707,LAC,3468,20
401585707,LAC,2595516,26
401585707,LAC,4066387,16
401585707,LAC,3033,0
401585707,LAC,2451037,0
401585707,LAC,3914075,0
401585707,LAC,4432162,0
401585707,LAC,4592492,0
401585707,CHA,4066383,43
401585707,CHA,4433287,40
401585707,CHA,4278076,25
401585707,CHA,3102532,35
401585707,CHA,4432819,26
401585707,CHA,4066218,33
401585707,CHA,4702233,7
401585707,CHA,6426,25
401585707,CHA,4576086,6
401585707,CHA,4065652,0
401585707,CHA,4683686,0
401585707,CHA,5105638,0
401585708,PHI,6440,30
401585708,PHI,4277919,13
401585708,PHI,3064230,38
401585708,PHI,3012,38
401585708,PHI,3133603,37
401585708,PHI,3416,28
401585708,PHI,4278562,18
401585708,PHI,4431828,10
401585708,PHI,2990984,22
401585708,PHI,4066786,5
401585708,PHI,4701234,1
401585708,PHI,3136491,0
401585708,PHI,4431678,0
401585708,TOR,2489663,32
401585708,TOR,4065670,34
401585708,TOR,4277843,32
401585708,TOR,4397511,31
401585708,TOR,5106258,31
401585708,TOR,4066731,18
401585708,TOR,4592933,7
401585708,TOR,4277883,30
401585708,TOR,4023,9
401585708,TOR,4066335,16
401585708,TOR,3948153,0
401585708,TOR,4395625,0
401585709,MIA,6430,35
401585709,MIA,3157465,28
401585709,MIA,4997528,22
401585709,MIA,4066261,37
401585709,MIA,3074752,35
401585709,MIA,4278572,1
401585709,MIA,4291678,29
401585709,MIA,4397134,1
401585709,MIA,4432848,19
401585709,MIA,3934723,10
401585709,MIA,4593049,1
401585709,MIA,3064447,21
401585709,MIA,4592216,1
401585709,MIA,3449,0
401585709,MIA,4004,0
401585709,WSH,4277848,26
401585709,WSH,4280151,41
401585709,WSH,4683021,38
401585709,WSH,4277956,34
401585709,WSH,4433246,18
401585709,WSH,2581184,20
401585709,WSH,4997537,13
401585709,WSH,4395695,23
401585709,WSH,4397127,8
401585709,WSH,4432356,19
401585709,WSH,2993370,0
401585709,WSH,4066410,0
401585710,OKC,4433255,26
401585710,OKC,4278073,35
401585710,OKC,4397020,29
401585710,OKC,4593803,34
401585710,OKC,4871145,31
401585710,OKC,4432823,19
401585710,OKC,4249,11
401585710,OKC,3133626,10
401585710,OKC,4395702,16
401585710,OKC,4397183,14
401585710,OKC,4683692,16
401585710,OKC,6427,0
401585710,OKC,2490089,0
401585710,NY,4222252,29
401585710,NY,3062679,45
401585710,NY,3934672,35
401585710,NY,3934673,40
401585710,NY,4431823,46
401585710,NY,4431679,22
401585710,NY,3593,11
401585710,NY,6429,12
401585710,NY,3913220,0
401585710,NY,3947156,0
401585710,NY,4277922,0
401585710,NY,3915195,0
401585711,DAL,3936099,21
401585711,DAL,4278049,22
401585711,DAL,4278078,28
401585711,DAL,6442,34
401585711,DAL,3945274,35
401585711,DAL,6461,2
401585711,DAL,2531367,2
401585711,DAL,2960236,20
401585711,DAL,4595400,2
401585711,DAL,4683688,13
401585711,DAL,2528210,24
401585711,DAL,3102528,18
401585711,DAL,4067017,2
401585711,DAL,4868423,16
401585711,HOU,3155526,28
401585711,HOU,4432639,36
401585711,HOU,2991230,32
401585711,HOU,4437244,31
401585711,HOU,4684740,20
401585711,HOU,3209,5
401585711,HOU,3136777,8
401585711,HOU,5105592,22
401585711,HOU,2528779,11
401585711,HOU,3146557,19
401585711,HOU,3922230,23
401585711,HOU,4397821,5
401585711,HOU,4376,0
401585712,CHI,6478,33
401585712,CHI,3978,39
401585712,CHI,2991350,35
401585712,CHI,4395651,41
401585712,CHI,4397002,36
401585712,CHI,2528693,13
401585712,CHI,6585,17
401585712,CHI,2596112,16
401585712,CHI,4433159,11
401585712,CHI,4279815,0
401585712,CHI,4438552,0
401585712,CHI,3133635,0
401585712,MIN,4431671,33
401585712,MIN,3032976,38
401585712,MIN,4396971,31
401585712,MIN,3195,29
401585712,MIN,4594268,36
401585712,MIN,2993874,21
401585712,MIN,3059310,16
401585712,MIN,3134916,14
401585712,MIN,4278039,22
401585712,MIN,4592187,0
401585712,MIN,4687718,0
401585712,MIN,5044385,0
401585712,MIN,2982334,0
401585712,MIN,4277951,0
401585713,GS,6589,32
401585713,GS,3059319,22
401585713,GS,4431684,28
401585713,GS,3975,33
401585713,GS,6475,29
401585713,GS,3155535,9
401585713,GS,2779,22
401585713,GS,3134903,20
401585713,GS,4432171,22
401585713,GS,4709138,24
401585713,GS,3943606,0
401585713,GS,4431720,0
401585713,SA,4565201,31
401585713,SA,4592479,38
401585713,SA,5104157,31
401585713,SA,3893016,36
401585713,SA,4395626,32
401585713,SA,4066650,16
401585713,SA,4278580,25
401585713,SA,3133601,18
401585713,SA,4683935,12
401585713,SA,4277850,0
401585713,SA,4280245,0
401585713,SA,4397107,0
401585713,SA,5081727,0
401585714,UTAH,4684806,28
401585714,UTAH,5105839,34
401585714,UTAH,4433136,32
401585714,UTAH,4277811,29
401585714,UTAH,4433627,37
401585714,UTAH,3074213,12
401585714,UTAH,4066399,20
401585714,UTAH,2991139,27
401585714,UTAH,4432817,21
401585714,UTAH,4423309,0
401585714,UTAH,4396991,0
401585714,UTAH,4395698,0
401585714,SAC,6578,29
401585714,SAC,3155942,34
401585714,SAC,4594327,35
401585714,SAC,4066259,36
401585714,SAC,4702177,27
401585714,SAC,3136196,19
401585714,SAC,3893014,10
401585714,SAC,4397693,10
401585714,SAC,2596107,12
401585714,SAC,4592402,2
401585714,SAC,4278053,21
401585714,SAC,4395704,2
401585714,SAC,4433378,2
401585714,SAC,3452,0
401585715,BOS,4065648,34
401585715,BOS,3213,25
401585715,BOS,3102531,30
401585715,BOS,3995,30
401585715,BOS,3078576,36
401585715,BOS,4065804,24
401585715,BOS,4277964,5
401585715,BOS,4278031,13
401585715,BOS,3064560,13
401585715,BOS,3133602,1
401585715,BOS,4066354,28
401585715,BOS,4432164,0
401585715,CHA,4066218,33
401585715,CHA,4066383,43
401585715,CHA,4433287,40
401585715,CHA,3102532,37
401585715,CHA,4432819,26
401585715,CHA,4683018,16
401585715,CHA,4702233,5
401585715,CHA,6426,23
401585715,CHA,4065652,15
401585715,CHA,4576086,1
401585715,CHA,4683686,1
401585715,CHA,5105638,0
401585716,MEM,4277961,34
401585716,MEM,4593125,23
401585716,MEM,5105550,30
401585716,MEM,3913174,36
401585716,MEM,4431785,21
401585716,MEM,3906665,23
401585716,MEM,4066405,23
401585716,MEM,4592691,25
401585716,MEM,4066796,0
401585716,MEM,4278402,24
401585716,MEM,4433137,0
401585716,MEM,5184018,0
401585716,MEM,4066377,0
401585716,DET,4278508,18
401585716,DET,4597865,35
401585716,DET,4433621,5
401585716,DET,4432166,34
401585716,DET,4433218,35
401585716,DET,3914283,28
401585716,DET,4432808,28
401585716,DET,4066668,14
401585716,DET,6588,29
401585716,DET,4397119,13
401585716,DET,4395676,0
401585716,DET,4279532,0
401585716,DET,4432107,0
401585717,BKN,2578185,23
401585717,BKN,4278067,26
401585717,BKN,3032979,21
401585717,BKN,3147657,29
401585717,BKN,4432174,29
401585717,BKN,4431675,34
401585717,BKN,4431714,24
401585717,BKN,4712896,22
401585717,BKN,4432194,13
401585717,BKN,4277890,20
401585717,BKN,3138196,0
401585717,BKN,4065697,0
401585717,IND,3149673,24
401585717,IND,3133628,14
401585717,IND,4395712,24
401585717,IND,4396909,25
401585717,IND,4396993,27
401585717,IND,2528588,19
401585717,IND,4278355,19
401585717,IND,4397189,16
401585717,IND,4432170,14
401585717,IND,5106060,13
401585717,IND,2530530,18
401585717,IND,4431727,4
401585717,IND,4433076,16
401585717,IND,4433254,7
401585717,IND,3999,0
401585718,POR,4432446,40
401585718,POR,4594326,29
401585718,POR,4278129,36
401585718,POR,4683678,35
401585718,POR,5099752,31
401585718,POR,4397885,35
401585718,POR,4066268,17
401585718,POR,4397126,3
401585718,POR,4395722,13
401585718,POR,4871140,0
401585718,POR,3907498,0
401585718,POR,4914336,0
401585718,ORL,4432573,36
401585718,ORL,4566434,33
401585718,ORL,4277847,31
401585718,ORL,2999547,35
401585718,ORL,4432165,33
401585718,ORL,2968436,15
401585718,ORL,4065654,17
401585718,ORL,3150844,12
401585718,ORL,4066636,13
401585718,ORL,4432809,15
401585718,ORL,4278052,0
401585718,ORL,3918423,0
401585718,ORL,4348700,0
401585718,ORL,4067858,0
401585718,ORL,4712849,0
401585719,ATL,4065732,33
401585719,ATL,3102529,26
401585719,ATL,3037789,34
401585719,ATL,3907497,33
401585719,ATL,4578893,25
401585719,ATL,4277952,22
401585719,ATL,4701230,25
401585719,ATL,4032,8
401585719,ATL,3913180,17
401585719,ATL,4683736,17
401585719,ATL,4065656,0
401585719,ATL,4431775,0
401585719,CHI,6478,31
401585719,CHI,3978,39
401585719,CHI,2991350,33
401585719,CHI,4395651,39
401585719,CHI,4397002,36
401585719,CHI,4279815,10
401585719,CHI,2528693,13
401585719,CHI,4438552,2
401585719,CHI,6585,20
401585719,CHI,4702023,2
401585719,CHI,3133635,7
401585719,CHI,4433159,8
401585719,CHI,4423884,0
401585719,CHI,4397650,0
401585720,PHX,3202,41
401585720,PHX,3102530,36
401585720,PHX,6580,39
401585720,PHX,3135045,33
401585720,PHX,3136193,39
401585720,PHX,2583632,15
401585720,PHX,3914285,12
401585720,PHX,4397102,5
401585720,PHX,3431,19
401585720,PHX,3244,0
401585720,PHX,4593041,0
401585720,PHX,4395652,0
401585720,PHX,4066299,0
401585720,PHX,6472,0
401585720,PHX,4065663,0
401585720,NO,4277813,33
401585720,NO,4395628,37
401585720,NO,4397688,32
401585720,NO,6477,24
401585720,NO,2490149,40
401585720,NO,2580365,19
401585720,NO,4278594,15
401585720,NO,4278352,0
401585720,NO,4278412,0
401585720,NO,4683750,15
401585720,NO,4869342,25
401585720,NO,3908336,0
401585720,NO,4432813,0
401585720,NO,4432821,0
401585720,NO,2579258,0
401585722,LAL,1966,29
401585722,LAL,6583,28
401585722,LAL,4066648,26
401585722,LAL,3136776,33
401585722,LAL,4066457,25
401585722,LAL,2990962,24
401585722,LAL,4684286,6
401585722,LAL,4397077,19
401585722,LAL,4397204,6
401585722,LAL,2580782,25
401585722,LAL,4432582,20
401585722,LAL,4278077,0
401585722,TOR,2489663,27
401585722,TOR,4395625,26
401585722,TOR,4065670,28
401585722,TOR,4395724,27
401585722,TOR,5106258,32
401585722,TOR,4066731,7
401585722,TOR,4592933,14
401585722,TOR,4277883,26
401585722,TOR,4023,28
401585722,TOR,4066335,10
401585722,TOR,4397511,14
401585722,TOR,4277843,0
401585723,MIL,6609,31
401585723,MIL,3032977,36
401585723,MIL,3448,26
401585723,MIL,3964,22
401585723,MIL,3907822,30
401585723,MIL,3428,6
401585723,MIL,6581,21
401585723,MIL,3064482,25
401585723,MIL,2578239,29
401585723,MIL,4397475,14
401585723,MIL,3102533,0
401585723,MIL,4432179,0
401585723,MIL,4433622,0
401585723,MIL,4432190,0
401585723,MIL,4683749,0
401585723,WSH,2581184,38
401585723,WSH,4277848,9
401585723,WSH,4280151,38
401585723,WSH,4683021,39
401585723,WSH,4277956,35
401585723,WSH,4066410,14
401585723,WSH,4997537,31
401585723,WSH,4395695,17
401585723,WSH,4432356,18
401585723,WSH,2993370,0
401585723,WSH,3134907,0
401585723,WSH,3135046,0
401585721,OKC,4432823,28
401585721,OKC,4433255,29
401585721,OKC,4397020,33
401585721,OKC,4397183,32
401585721,OKC,4871145,28
401585721,OKC,4066317,8
401585721,OKC,4249,20
401585721,OKC,2490089,6
401585721,OKC,3133626,14
401585721,OKC,4395702,28
401585721,OKC,4683692,14
401585721,OKC,6427,0
401585721,PHI,6440,35
401585721,PHI,3059318,29
401585721,PHI,3064230,30
401585721,PHI,3012,28
401585721,PHI,3133603,37
401585721,PHI,3416,30
401585721,PHI,4278562,19
401585721,PHI,4431828,12
401585721,PHI,2990984,21
401585721,PHI,2490620,0
401585721,PHI,3136491,0
401585721,PHI,4431678,0
401585724,NY,4222252,18
401585724,NY,3062679,46
401585724,NY,3934672,36
401585724,NY,3934673,35
401585724,NY,4431823,45
401585724,NY,4431679,27
401585724,NY,3593,19
401585724,NY,4351852,10
401585724,NY,6429,3
401585724,NY,3947156,0
401585724,NY,4592461,0
401585724,NY,4277922,0
401585724,NY,3915195,0
401585724,NY,3913220,0
401585724,NY,4066508,0
401585724,MIA,6430,39
401585724,MIA,3157465,29
401585724,MIA,4997528,25
401585724,MIA,4066261,33
401585724,MIA,3074752,35
401585724,MIA,3449,16
401585724,MIA,3138160,24
401585724,MIA,4291678,28
401585724,MIA,4432848,12
401585724,MIA,4278572,0
401585724,MIA,4397134,0
401585724,MIA,3934723,0
401585724,MIA,4593049,0
401585724,MIA,4004,0
401585724,MIA,3064447,0
401585726,HOU,3155526,29
401585726,HOU,4432639,36
401585726,HOU,2991230,41
401585726,HOU,4437244,38
401585726,HOU,4684740,25
401585726,HOU,3209,21
401585726,HOU,5105592,23
401585726,HOU,2528779,2
401585726,HOU,3146557,19
401585726,HOU,3922230,6
401585726,HOU,3136777,0
401585726,HOU,4376,0
401585726,HOU,4397821,0
401585726,MIN,4431671,27
401585726,MIN,3032976,35
401585726,MIN,4396971,34
401585726,MIN,3195,30
401585726,MIN,4594268,36
401585726,MIN,2993874,30
401585726,MIN,3138156,0
401585726,MIN,3059310,10
401585726,MIN,3134916,18
401585726,MIN,4278039,19
401585726,MIN,4592187,0
401585726,MIN,4687718,0
401585726,MIN,5044385,0
401585726,MIN,2982334,0
401585726,MIN,4277951,0
401585727,SA,4565201,37
401585727,SA,4592479,37
401585727,SA,5104157,34
401585727,SA,3893016,18
401585727,SA,4395626,32
401585727,SA,4066650,18
401585727,SA,4278580,24
401585727,SA,3133601,19
401585727,SA,4683935,15
401585727,SA,5081727,5
401585727,SA,4277850,0
401585727,SA,4280245,0
401585727,SA,4397107,0
401585727,DEN,3064290,33
401585727,DEN,4278104,35
401585727,DEN,3112335,38
401585727,DEN,6443,26
401585727,DEN,2581018,33
401585727,DEN,2284101,23
401585727,DEN,3442,6
401585727,DEN,4431767,27
401585727,DEN,4576087,20
401585727,DEN,4395620,0
401585727,DEN,4065731,0
401585727,DEN,4278585,0
401585727,DEN,4398390,0
401585727,DEN,4432181,0
401585728,CLE,4066328,33
401585728,CLE,4432158,31
401585728,CLE,2991043,34
401585728,CLE,4065778,33
401585728,CLE,4396907,32
401585728,CLE,6462,19
401585728,CLE,2990969,19
401585728,CLE,6474,3
401585728,CLE,3064559,4
401585728,CLE,4066757,32
401585728,CLE,4432822,0
401585728,UTAH,4684806,28
401585728,UTAH,5105839,30
401585728,UTAH,4433136,9
401585728,UTAH,4277811,34
401585728,UTAH,4433627,36
401585728,UTAH,4423309,19
401585728,UTAH,4396991,13
401585728,UTAH,3074213,30
401585728,UTAH,2991139,23
401585728,UTAH,4395698,17
401585728,UTAH,3908845,0
401585728,UTAH,2528426,0
401585729,LAC,4251,29
401585729,LAC,4017837,29
401585729,LAC,3992,31
401585729,LAC,2595516,28
401585729,LAC,3907823,27
401585729,LAC,2451037,18
401585729,LAC,3468,24
401585729,LAC,4066387,24
401585729,LAC,4431752,2
401585729,LAC,4432162,21
401585729,LAC,4592492,8
401585729,LAC,3033,0
401585729,LAC,2488653,0
401585729,LAC,3914075,0
401585729,SAC,6578,25
401585729,SAC,3155942,35
401585729,SAC,4594327,38
401585729,SAC,4066259,34
401585729,SAC,4702177,22
401585729,SAC,3136196,26
401585729,SAC,3893014,10
401585729,SAC,4397693,2
401585729,SAC,4398207,1
401585729,SAC,2596107,12
401585729,SAC,4592402,8
401585729,SAC,4278053,25
401585729,SAC,4395704,2
401585729,SAC,4433378,1
401585729,SAC,3452,0
401636114,DAL,3936099,18
401636114,DAL,4278049,27
401636114,DAL,4278078,36
401636114,DAL,6442,39
401636114,DAL,3945274,39
401636114,DAL,2531367,9
401636114,DAL,2960236,17
401636114,DAL,2528210,26
401636114,DAL,3102528,21
401636114,DAL,4868423,8
401636114,DAL,6461,0
401636114,DAL,4595400,0
401636114,DAL,4067017,0
401636114,GS,6589,31
401636114,GS,3059319,33
401636114,GS,4431684,21
401636114,GS,3975,32
401636114,GS,6475,28
401636114,GS,3155535,10
401636114,GS,2779,20
401636114,GS,3134903,16
401636114,GS,4432171,20
401636114,GS,4709138,31
401636114,GS,3943606,0
401636114,GS,4431720,0
401585730,POR,4432446,42
401585730,POR,4594326,32
401585730,POR,4278129,37
401585730,POR,4683678,37
401585730,POR,5099752,35
401585730,POR,4397885,34
401585730,POR,4066268,11
401585730,POR,4395722,13
401585730,POR,4397126,0
401585730,POR,4871140,0
401585730,POR,3907498,0
401585730,POR,4914336,0
401585730,CHA,4066218,33
401585730,CHA,4433287,30
401585730,CHA,4702233,27
401585730,CHA,6426,27
401585730,CHA,4432819,35
401585730,CHA,4395650,15
401585730,CHA,4683018,21
401585730,CHA,4065652,15
401585730,CHA,4576086,18
401585730,CHA,4683686,18
401585730,CHA,4066383,0
401585730,CHA,3102532,0
401585731,LAL,1966,36
401585731,LAL,6583,38
401585731,LAL,4066648,27
401585731,LAL,3136776,38
401585731,LAL,4066457,35
401585731,LAL,2990962,16
401585731,LAL,4684286,1
401585731,LAL,4397077,10
401585731,LAL,4397204,1
401585731,LAL,2580782,19
401585731,LAL,3137259,14
401585731,LAL,4432582,4
401585731,LAL,4395627,0
401585731,WSH,3134907,39
401585731,WSH,4280151,35
401585731,WSH,4683021,22
401585731,WSH,4997537,21
401585731,WSH,4277956,34
401585731,WSH,2581184,21
401585731,WSH,4066410,10
401585731,WSH,4432907,19
401585731,WSH,4395695,29
401585731,WSH,4397127,1
401585731,WSH,4433246,10
401585731,WSH,4432356,0
401585732,DET,4278508,24
401585732,DET,4597865,31
401585732,DET,4433621,28
401585732,DET,4432107,33
401585732,DET,4433218,27
401585732,DET,3914283,28
401585732,DET,4432808,20
401585732,DET,4066668,34
401585732,DET,6588,15
401585732,DET,4395676,0
401585732,DET,4278541,0
401585732,DET,4279532,0
401585732,DET,4397119,0
401585732,DET,4432166,0
401585732,ATL,4065732,35
401585732,ATL,4701230,37
401585732,ATL,3102529,30
401585732,ATL,3037789,33
401585732,ATL,3907497,35
401585732,ATL,4277952,18
401585732,ATL,3913180,19
401585732,ATL,4578893,20
401585732,ATL,4683736,13
401585732,ATL,4032,0
401585732,ATL,4065656,0
401585732,ATL,4431775,0
401585733,OKC,4433255,27
401585733,OKC,4397020,28
401585733,OKC,4397183,29
401585733,OKC,4683692,28
401585733,OKC,4871145,28
401585733,OKC,4066317,10
401585733,OKC,4432823,15
401585733,OKC,4249,18
401585733,OKC,6427,4
401585733,OKC,2490089,6
401585733,OKC,3133626,25
401585733,OKC,4395702,20
401585733,BOS,4065648,29
401585733,BOS,3102531,31
401585733,BOS,3995,32
401585733,BOS,3078576,31
401585733,BOS,3917376,33
401585733,BOS,4065804,22
401585733,BOS,4278031,3
401585733,BOS,3213,25
401585733,BOS,3064560,4
401585733,BOS,3133602,4
401585733,BOS,4066354,28
401585733,BOS,4277964,0
401585734,IND,3149673,35
401585734,IND,4397189,22
401585734,IND,4395712,29
401585734,IND,4396909,28
401585734,IND,4396993,37
401585734,IND,2528588,6
401585734,IND,4278355,20
401585734,IND,4432170,22
401585734,IND,2530530,19
401585734,IND,4433076,22
401585734,IND,3999,0
401585734,IND,5106060,0
401585734,IND,4432827,0
401585734,IND,4433254,0
401585734,BKN,2578185,36
401585734,BKN,4278067,31
401585734,BKN,3032979,36
401585734,BKN,3147657,36
401585734,BKN,4432174,39
401585734,BKN,3138196,22
401585734,BKN,4431675,13
401585734,BKN,4431714,10
401585734,BKN,4712896,17
401585734,BKN,4432194,0
401585734,BKN,4065697,0
401585734,BKN,4277890,0
401585735,MEM,4277961,37
401585735,MEM,5105550,37
401585735,MEM,4395623,19
401585735,MEM,3913174,27
401585735,MEM,4431785,19
401585735,MEM,3906665,20
401585735,MEM,4066405,24
401585735,MEM,4592691,28
401585735,MEM,4278402,29
401585735,MEM,4593125,0
401585735,MEM,5184018,0
401585735,MEM,4066377,0
401585735,MIL,6581,25
401585735,MIL,3032977,32
401585735,MIL,3448,38
401585735,MIL,3907822,38
401585735,MIL,2578239,35
401585735,MIL,3428,7
401585735,MIL,3064482,28
401585735,MIL,4397475,21
401585735,MIL,4432190,7
401585735,MIL,4683749,9
401585735,MIL,3102533,0
401585735,MIL,4432179,0
401585735,MIL,4433622,0
401585735,MIL,4591725,0
401585736,TOR,4066731,37
401585736,TOR,4277880,31
401585736,TOR,4023,34
401585736,TOR,4395724,29
401585736,TOR,5106258,34
401585736,TOR,4592933,19
401585736,TOR,4277883,30
401585736,TOR,4066335,0
401585736,TOR,4397511,27
401585736,TOR,2489663,0
401585736,TOR,4395625,0
401585736,TOR,4065670,0
401585736,TOR,4277843,0
401585736,MIN,4431671,25
401585736,MIN,3032976,27
401585736,MIN,4396971,26
401585736,MIN,4278039,23
401585736,MIN,4594268,30
401585736,MIN,2993874,17
401585736,MIN,3138156,0
401585736,MIN,4592187,8
401585736,MIN,4687718,7
401585736,MIN,5044385,5
401585736,MIN,2982334,14
401585736,MIN,4277951,9
401585736,MIN,3059310,25
401585736,MIN,4432176,7
401585736,MIN,3134916,17
401585737,ORL,4432573,38
401585737,ORL,4566434,33
401585737,ORL,4277847,24
401585737,ORL,2999547,30
401585737,ORL,4432165,30
401585737,ORL,2968436,15
401585737,ORL,4065654,22
401585737,ORL,3150844,15
401585737,ORL,4066636,15
401585737,ORL,4432809,18
401585737,ORL,4278052,0
401585737,ORL,3918423,0
401585737,ORL,4348700,0
401585737,ORL,4712849,0
401585737,NO,4277813,41
401585737,NO,4395628,29
401585737,NO,4397688,37
401585737,NO,6477,19
401585737,NO,2490149,41
401585737,NO,2580365,13
401585737,NO,3908336,0
401585737,NO,4278594,26
401585737,NO,4432813,12
401585737,NO,4683750,0
401585737,NO,4869342,21
401585737,NO,4432821,0
401585737,NO,2579258,0
401585738,CLE,4066328,37
401585738,CLE,4432158,36
401585738,CLE,3908809,38
401585738,CLE,4065778,38
401585738,CLE,4396907,40
401585738,CLE,6462,4
401585738,CLE,2990969,11
401585738,CLE,4397233,1
401585738,CLE,4432815,1
401585738,CLE,6474,1
401585738,CLE,3064559,1
401585738,CLE,2991043,24
401585738,CLE,4066757,5
401585738,PHX,3202,36
401585738,PHX,2583632,35
401585738,PHX,3102530,32
401585738,PHX,6580,32
401585738,PHX,3136193,37
401585738,PHX,3914285,15
401585738,PHX,4593041,1
401585738,PHX,4395652,1
401585738,PHX,4066299,1
401585738,PHX,4397102,22
401585738,PHX,3431,24
401585738,PHX,6472,1
401585738,PHX,4278124,1
401585738,PHX,3244,0
401585738,PHX,4065663,0
401585739,PHI,3416,32
401585739,PHI,3059318,33
401585739,PHI,3012,34
401585739,PHI,3133603,41
401585739,PHI,4431678,41
401585739,PHI,4278562,15
401585739,PHI,4431828,21
401585739,PHI,3064230,10
401585739,PHI,2990984,12
401585739,PHI,6440,0
401585739,PHI,4277919,0
401585739,PHI,4066436,0
401585739,MIA,6430,40
401585739,MIA,3157465,20
401585739,MIA,4997528,20
401585739,MIA,4066261,29
401585739,MIA,3074752,33
401585739,MIA,3449,19
401585739,MIA,3138160,31
401585739,MIA,4291678,29
401585739,MIA,4432848,20
401585739,MIA,4278572,0
401585739,MIA,3934723,0
401585739,MIA,4004,0
401585739,MIA,3064447,0
401585740,SAC,6578,15
401585740,SAC,3155942,36
401585740,SAC,4594327,32
401585740,SAC,4066259,39
401585740,SAC,4702177,31
401585740,SAC,3136196,29
401585740,SAC,3893014,14
401585740,SAC,4397693,2
401585740,SAC,3452,1
401585740,SAC,2596107,11
401585740,SAC,4592402,5
401585740,SAC,4278053,25
401585740,SAC,4433378,1
401585740,NY,4222252,29
401585740,NY,3062679,43
401585740,NY,3934672,38
401585740,NY,3934673,39
401585740,NY,4431823,43
401585740,NY,3947156,1
401585740,NY,4431679,9
401585740,NY,3593,12
401585740,NY,4277922,1
401585740,NY,4351852,15
401585740,NY,6429,9
401585740,NY,3915195,1
401585740,NY,3913220,1
401585740,NY,4592461,0
401585740,NY,4066508,0
401585752,ATL,4065732,37
401585752,ATL,4701230,36
401585752,ATL,3102529,29
401585752,ATL,3037789,36
401585752,ATL,3907497,35
401585752,ATL,4277952,19
401585752,ATL,4032,4
401585752,ATL,3913180,15
401585752,ATL,4578893,15
401585752,ATL,4683736,13
401585752,ATL,4065656,0
401585752,ATL,4431775,0
401585752,DAL,3936099,29
401585752,DAL,4278049,23
401585752,DAL,4278078,36
401585752,DAL,6442,35
401585752,DAL,3945274,37
401585752,DAL,2531367,8
401585752,DAL,2960236,21
401585752,DAL,4595400,1
401585752,DAL,2528210,21
401585752,DAL,3102528,22
401585752,DAL,4067017,1
401585752,DAL,4397040,1
401585752,DAL,4868423,6
401585752,DAL,6461,0
401585752,DAL,4896481,0
401585741,GS,6589,29
401585741,GS,3059319,23
401585741,GS,4431684,28
401585741,GS,3975,31
401585741,GS,6475,29
401585741,GS,3155535,9
401585741,GS,3943606,4
401585741,GS,2779,22
401585741,GS,3134903,14
401585741,GS,4431720,4
401585741,GS,4432171,24
401585741,GS,4709138,24
401585741,HOU,3155526,24
401585741,HOU,4432639,32
401585741,HOU,2991230,33
401585741,HOU,4437244,30
401585741,HOU,4684740,30
401585741,HOU,3209,17
401585741,HOU,3136777,3
401585741,HOU,5105592,23
401585741,HOU,2528779,7
401585741,HOU,4376,4
401585741,HOU,3146557,15
401585741,HOU,3922230,18
401585741,HOU,4397821,5
401585742,DEN,3064290,36
401585742,DEN,4278104,38
401585742,DEN,3112335,40
401585742,DEN,6443,22
401585742,DEN,2581018,38
401585742,DEN,2284101,9
401585742,DEN,3442,5
401585742,DEN,4431767,34
401585742,DEN,4432181,2
401585742,DEN,4576087,18
401585742,DEN,4395620,0
401585742,DEN,4431690,0
401585742,DEN,4065731,0
401585742,DEN,4278585,0
401585742,DEN,4398390,0
401585742,LAC,3033,17
401585742,LAC,4251,37
401585742,LAC,4017837,35
401585742,LAC,3992,38
401585742,LAC,3907823,18
401585742,LAC,2488653,13
401585742,LAC,3468,24
401585742,LAC,2595516,35
401585742,LAC,4066387,23
401585742,LAC,2451037,0
401585742,LAC,3914075,0
401585742,LAC,4431752,0
401585742,LAC,4432162,0
401585742,LAC,4592492,0
401585743,ORL,4432573,40
401585743,ORL,4566434,28
401585743,ORL,4277847,37
401585743,ORL,2999547,29
401585743,ORL,4432165,22
401585743,ORL,2968436,22
401585743,ORL,3150844,11
401585743,ORL,4066636,32
401585743,ORL,4432809,19
401585743,ORL,4065654,0
401585743,ORL,4278052,0
401585743,ORL,3918423,0
401585743,ORL,4348700,0
401585743,ORL,4712849,0
401585743,CHA,4066218,38
401585743,CHA,4066383,42
401585743,CHA,4433287,39
401585743,CHA,3102532,35
401585743,CHA,4432819,32
401585743,CHA,4683018,18
401585743,CHA,4702233,6
401585743,CHA,6426,20
401585743,CHA,4065652,10
401585743,CHA,4278076,0
401585743,CHA,4576086,0
401585743,CHA,4683686,0
401585744,OKC,4249,13
401585744,OKC,4433255,28
401585744,OKC,4395702,32
401585744,OKC,4397020,32
401585744,OKC,4871145,35
401585744,OKC,4066317,18
401585744,OKC,4432823,12
401585744,OKC,2490089,7
401585744,OKC,3133626,26
401585744,OKC,4397183,16
401585744,OKC,4683692,21
401585744,OKC,6427,0
401585744,IND,3149673,30
401585744,IND,3133628,18
401585744,IND,4395712,27
401585744,IND,4396909,25
401585744,IND,4396993,36
401585744,IND,2528588,12
401585744,IND,4278355,25
401585744,IND,4397189,13
401585744,IND,4432170,11
401585744,IND,2530530,21
401585744,IND,4433076,23
401585744,IND,3999,0
401585744,IND,5106060,0
401585744,IND,4433254,0
401585744,IND,4592829,0
401585745,POR,4432446,39
401585745,POR,4594326,28
401585745,POR,4278129,40
401585745,POR,4683678,30
401585745,POR,5099752,32
401585745,POR,4278111,25
401585745,POR,4397885,34
401585745,POR,4066268,11
401585745,POR,4397126,0
401585745,POR,3907498,0
401585745,POR,4351851,0
401585745,POR,4914336,0
401585745,WSH,4280151,41
401585745,WSH,4683021,39
401585745,WSH,4997537,24
401585745,WSH,4277956,35
401585745,WSH,4432356,21
401585745,WSH,2581184,31
401585745,WSH,4066410,17
401585745,WSH,4432907,13
401585745,WSH,4395695,13
401585745,WSH,4433246,7
401585745,WSH,2993370,0
401585745,WSH,4397127,0
401585746,SAC,6578,28
401585746,SAC,3155942,34
401585746,SAC,4594327,42
401585746,SAC,4066259,44
401585746,SAC,4702177,17
401585746,SAC,3136196,17
401585746,SAC,3893014,14
401585746,SAC,4397693,10
401585746,SAC,2596107,3
401585746,SAC,4278053,25
401585746,SAC,4433378,6
401585746,SAC,3452,0
401585746,SAC,4592402,0
401585746,BOS,4065648,33
401585746,BOS,4065804,36
401585746,BOS,3213,20
401585746,BOS,3102531,24
401585746,BOS,3995,31
401585746,BOS,4277964,19
401585746,BOS,4278031,7
401585746,BOS,3064560,18
401585746,BOS,3133602,12
401585746,BOS,4066354,33
401585746,BOS,4683689,6
401585746,BOS,4397689,0
401585747,NY,3934719,29
401585747,NY,4222252,30
401585747,NY,3062679,11
401585747,NY,3934672,42
401585747,NY,3934673,33
401585747,NY,4431679,19
401585747,NY,3593,20
401585747,NY,4351852,11
401585747,NY,6429,8
401585747,NY,4431823,38
401585747,NY,3947156,0
401585747,NY,4592461,0
401585747,NY,4277922,0
401585747,NY,3915195,0
401585747,NY,3913220,0
401585747,CHI,6478,32
401585747,CHI,3978,42
401585747,CHI,2991350,32
401585747,CHI,4395651,14
401585747,CHI,4397002,39
401585747,CHI,2528693,8
401585747,CHI,4438552,2
401585747,CHI,6585,24
401585747,CHI,2596112,33
401585747,CHI,4433159,13
401585747,CHI,4423884,0
401585747,CHI,4702023,0
401585747,CHI,3133635,0
401585747,CHI,4397650,0
401585748,MIA,6430,29
401585748,MIA,3157465,21
401585748,MIA,4997528,15
401585748,MIA,4066261,33
401585748,MIA,3074752,25
401585748,MIA,3449,15
401585748,MIA,3138160,29
401585748,MIA,4278572,1
401585748,MIA,4291678,27
401585748,MIA,4432848,19
401585748,MIA,4395725,25
401585748,MIA,3934723,0
401585748,MIA,4004,0
401585748,MIA,3064447,0
401585748,HOU,3209,22
401585748,HOU,3155526,37
401585748,HOU,4432639,32
401585748,HOU,2991230,37
401585748,HOU,4437244,38
401585748,HOU,4278588,1
401585748,HOU,5105592,21
401585748,HOU,2528779,12
401585748,HOU,3146557,26
401585748,HOU,3922230,9
401585748,HOU,4396629,1
401585748,HOU,4397821,3
401585748,HOU,4376,0
401585749,DET,4278508,23
401585749,DET,4597865,24
401585749,DET,4433621,24
401585749,DET,4432107,25
401585749,DET,4433218,32
401585749,DET,3914283,22
401585749,DET,4395676,7
401585749,DET,4432808,15
401585749,DET,4066668,23
401585749,DET,6588,3
401585749,DET,4278541,20
401585749,DET,4397119,21
401585749,DET,4279532,0
401585749,DET,4432166,0
401585749,MEM,4592691,34
401585749,MEM,5105550,27
401585749,MEM,4395623,31
401585749,MEM,4278402,28
401585749,MEM,4431785,29
401585749,MEM,4066405,28
401585749,MEM,5184018,30
401585749,MEM,4066377,33
401585749,MEM,4066796,0
401585749,MEM,3906665,0
401585749,MEM,4433137,0
401585749,MEM,4593125,0
401585749,MEM,3913174,0
401585750,TOR,2489663,33
401585750,TOR,4395625,34
401585750,TOR,4277843,37
401585750,TOR,4395724,36
401585750,TOR,4397018,35
401585750,TOR,4066731,13
401585750,TOR,4277883,12
401585750,TOR,4277880,2
401585750,TOR,4066335,0
401585750,TOR,4397511,12
401585750,TOR,5106258,26
401585750,TOR,4023,0
401585750,TOR,4065670,0
401585750,MIL,6581,18
401585750,MIL,6609,34
401585750,MIL,3448,20
401585750,MIL,3907822,24
401585750,MIL,6606,38
401585750,MIL,3428,6
401585750,MIL,3064482,28
401585750,MIL,2578239,33
401585750,MIL,4397475,23
401585750,MIL,4432190,16
401585750,MIL,3102533,0
401585750,MIL,4433622,0
401585750,MIL,4591725,0
401585750,MIL,4683749,0
401585751,SA,4278580,27
401585751,SA,4565201,34
401585751,SA,4592479,38
401585751,SA,5104157,34
401585751,SA,4395626,33
401585751,SA,4066650,27
401585751,SA,3133601,25
401585751,SA,4683935,16
401585751,SA,5081727,6
401585751,SA,4277850,0
401585751,SA,4280245,0
401585751,SA,4397107,0
401585751,NO,4277813,38
401585751,NO,4397688,35
401585751,NO,6477,28
401585751,NO,2490149,39
401585751,NO,4869342,37
401585751,NO,2580365,20
401585751,NO,3908336,11
401585751,NO,4278594,14
401585751,NO,4683750,18
401585751,NO,4395628,0
401585751,NO,4432813,0
401585751,NO,4432821,0
401585751,NO,2579258,0
401585751,NO,3056245,0
401585725,GS,6589,34
401585725,GS,4431684,20
401585725,GS,3975,35
401585725,GS,6475,33
401585725,GS,4432171,27
401585725,GS,3155535,10
401585725,GS,2779,31
401585725,GS,3134903,24
401585725,GS,4709138,25
401585725,GS,4433247,0
401585725,GS,3943606,0
401585725,GS,4431720,0
401585725,DAL,3936099,36
401585725,DAL,4278049,31
401585725,DAL,4278078,40
401585725,DAL,6442,42
401585725,DAL,3102528,33
401585725,DAL,2531367,8
401585725,DAL,2528210,30
401585725,DAL,4067017,5
401585725,DAL,4868423,14
401585725,DAL,6461,0
401585725,DAL,2960236,0
401585725,DAL,4595400,0
401585725,DAL,4896481,0
401585725,DAL,4397040,0
401585753,MIN,4431671,26
401585753,MIN,3032976,29
401585753,MIN,4396971,32
401585753,MIN,3195,25
401585753,MIN,4594268,33
401585753,MIN,2993874,17
401585753,MIN,3138156,0
401585753,MIN,4592187,4
401585753,MIN,4687718,4
401585753,MIN,5044385,4
401585753,MIN,2982334,4
401585753,MIN,4277951,4
401585753,MIN,3059310,22
401585753,MIN,3134916,14
401585753,MIN,4278039,22
401585753,MIN,4432176,0
401585753,PHX,3202,35
401585753,PHX,3102530,26
401585753,PHX,6580,27
401585753,PHX,3135045,33
401585753,PHX,3136193,34
401585753,PHX,3244,3
401585753,PHX,2583632,20
401585753,PHX,3914285,18
401585753,PHX,4395652,4
401585753,PHX,4066299,4
401585753,PHX,4397102,12
401585753,PHX,3431,17
401585753,PHX,6472,3
401585753,PHX,4065663,4
401585753,PHX,4593041,0
401585754,UTAH,4684806,12
401585754,UTAH,5105839,13
401585754,UTAH,3074213,21
401585754,UTAH,4277811,18
401585754,UTAH,4433627,19
401585754,UTAH,4423309,3
401585754,UTAH,4423545,33
401585754,UTAH,4585610,12
401585754,UTAH,4396991,26
401585754,UTAH,4066399,9
401585754,UTAH,2991139,24
401585754,UTAH,4397916,17
401585754,UTAH,4432817,32
401585754,UTAH,4395698,0
401585754,LAC,3033,14
401585754,LAC,4251,21
401585754,LAC,4017837,24
401585754,LAC,3992,33
401585754,LAC,3907823,23
401585754,LAC,2451037,17
401585754,LAC,2488653,7
401585754,LAC,3468,21
401585754,LAC,2595516,26
401585754,LAC,3914075,2
401585754,LAC,4066387,31
401585754,LAC,4431752,7
401585754,LAC,4432162,7
401585754,LAC,4592492,7
401585755,CLE,4066328,34
401585755,CLE,4432158,29
401585755,CLE,3908809,38
401585755,CLE,4065778,30
401585755,CLE,4396907,35
401585755,CLE,6462,5
401585755,CLE,2990969,23
401585755,CLE,4397233,2
401585755,CLE,4432815,2
401585755,CLE,6474,1
401585755,CLE,3064559,2
401585755,CLE,2991043,28
401585755,CLE,4066757,12
401585755,CLE,4701233,2
401585755,LAL,1966,36
401585755,LAL,6583,36
401585755,LAL,4066648,27
401585755,LAL,3136776,31
401585755,LAL,4066457,33
401585755,LAL,2990962,21
401585755,LAL,4684286,2
401585755,LAL,4397077,12
401585755,LAL,4397204,1
401585755,LAL,2580782,25
401585755,LAL,3137259,14
401585755,LAL,4432582,2
401585755,LAL,4395627,0
401585756,DET,3914283,43
401585756,DET,4278508,34
401585756,DET,4432808,26
401585756,DET,4432107,33
401585756,DET,4433218,31
401585756,DET,3986,9
401585756,DET,4395676,10
401585756,DET,4066668,15
401585756,DET,4278541,19
401585756,DET,4397119,21
401585756,DET,4433621,0
401585756,DET,6588,0
401585756,DET,4279532,0
401585756,DET,4432166,0
401585756,BKN,2578185,24
401585756,BKN,4278067,30
401585756,BKN,3032979,36
401585756,BKN,3147657,31
401585756,BKN,4432174,39
401585756,BKN,4431675,16
401585756,BKN,4431714,18
401585756,BKN,4712896,24
401585756,BKN,4432194,10
401585756,BKN,4277890,11
401585756,BKN,3138196,0
401585756,BKN,4065697,0
401585757,PHI,3416,21
401585757,PHI,3059318,23
401585757,PHI,3012,21
401585757,PHI,3133603,27
401585757,PHI,4431678,25
401585757,PHI,4278562,23
401585757,PHI,4431828,22
401585757,PHI,3064230,20
401585757,PHI,2990984,26
401585757,PHI,4066786,14
401585757,PHI,4683940,6
401585757,PHI,4701234,12
401585757,PHI,4277919,0
401585757,MEM,5105550,29
401585757,MEM,5184018,36
401585757,MEM,4395623,33
401585757,MEM,4278402,31
401585757,MEM,4431785,30
401585757,MEM,3906665,23
401585757,MEM,4397148,26
401585757,MEM,4066377,30
401585757,MEM,4066405,0
401585757,MEM,4433137,0
401585757,MEM,4593125,0
401585757,MEM,3913174,0
401585758,ATL,4065732,29
401585758,ATL,4701230,34
401585758,ATL,3102529,30
401585758,ATL,3037789,31
401585758,ATL,3907497,36
401585758,ATL,4277952,18
401585758,ATL,4712863,4
401585758,ATL,3913180,19
401585758,ATL,4578893,25
401585758,ATL,4683736,14
401585758,ATL,4032,0
401585758,ATL,4065656,0
401585758,DEN,4278104,25
401585758,DEN,3112335,31
401585758,DEN,2581018,28
401585758,DEN,3936299,21
401585758,DEN,4431767,25
401585758,DEN,2284101,24
401585758,DEN,4395620,4
401585758,DEN,4431690,14
401585758,DEN,4065731,3
401585758,DEN,6443,24
401585758,DEN,4398390,3
401585758,DEN,4432181,12
401585758,DEN,4576087,27
401585758,DEN,3442,0
401585759,HOU,3155526,42
401585759,HOU,4432639,40
401585759,HOU,2991230,44
401585759,HOU,4437244,40
401585759,HOU,4684740,8
401585759,HOU,3209,17
401585759,HOU,5105592,19
401585759,HOU,2528779,23
401585759,HOU,3146557,16
401585759,HOU,3922230,14
401585759,HOU,4396629,1
401585759,HOU,4278588,0
401585759,HOU,4397821,0
401585759,DAL,3936099,26
401585759,DAL,4278049,16
401585759,DAL,4278078,43
401585759,DAL,6442,45
401585759,DAL,3945274,45
401585759,DAL,2960236,30
401585759,DAL,2528210,18
401585759,DAL,3102528,35
401585759,DAL,4868423,6
401585759,DAL,6461,0
401585759,DAL,2531367,0
401585759,DAL,4595400,0
401585759,DAL,4896481,0
401585759,DAL,4067017,0
401585759,DAL,4397040,0
401585760,CLE,4066328,35
401585760,CLE,4432158,31
401585760,CLE,2991043,37
401585760,CLE,4065778,39
401585760,CLE,4396907,40
401585760,CLE,6462,13
401585760,CLE,2990969,14
401585760,CLE,4432822,25
401585760,CLE,4066757,6
401585760,CLE,4397233,0
401585760,CLE,4432815,0
401585760,CLE,6474,0
401585760,CLE,3064559,0
401585760,CLE,4701233,0
401585760,LAC,3033,14
401585760,LAC,4251,44
401585760,LAC,4017837,27
401585760,LAC,3992,26
401585760,LAC,3907823,29
401585760,LAC,2488653,17
401585760,LAC,3468,25
401585760,LAC,2595516,28
401585760,LAC,4066387,28
401585760,LAC,3914075,0
401585760,LAC,4431752,0
401585760,LAC,4432162,0
401585760,LAC,4592492,0
401585761,MIA,6430,39
401585761,MIA,3157465,12
401585761,MIA,4997528,24
401585761,MIA,4066261,37
401585761,MIA,3074752,22
401585761,MIA,3449,7
401585761,MIA,3138160,36
401585761,MIA,4291678,19
401585761,MIA,4432848,13
401585761,MIA,4395725,31
401585761,MIA,4278572,0
401585761,MIA,3934723,0
401585761,MIA,4004,0
401585761,MIA,3064447,0
401585761,MIA,4592216,0
401585761,IND,3149673,32
401585761,IND,3133628,37
401585761,IND,4395712,25
401585761,IND,4396909,40
401585761,IND,4396993,33
401585761,IND,4278355,16
401585761,IND,4397189,11
401585761,IND,4432170,0
401585761,IND,2530530,27
401585761,IND,4433076,20
401585761,IND,3999,0
401585761,IND,2528588,0
401585761,IND,5106060,0
401585761,IND,4432827,0
401585761,IND,4433254,0
401585762,POR,4432446,34
401585762,POR,4594326,26
401585762,POR,4278129,35
401585762,POR,4683678,36
401585762,POR,5099752,33
401585762,POR,4278111,23
401585762,POR,4397885,37
401585762,POR,4066268,16
401585762,POR,4397126,0
401585762,POR,4871140,0
401585762,POR,3907498,0
401585762,POR,4914336,0
401585762,BOS,3213,21
401585762,BOS,3102531,27
401585762,BOS,3995,21
401585762,BOS,3078576,31
401585762,BOS,3917376,30
401585762,BOS,4065804,27
401585762,BOS,4277964,17
401585762,BOS,4278031,9
401585762,BOS,3064560,19
401585762,BOS,3133602,12
401585762,BOS,4066354,26
401585762,BOS,4432164,1
401585763,OKC,4433255,31
401585763,OKC,4397020,34
401585763,OKC,4397183,36
401585763,OKC,4683692,24
401585763,OKC,4871145,37
401585763,OKC,4066317,15
401585763,OKC,4432823,16
401585763,OKC,3133626,26
401585763,OKC,4395702,21
401585763,OKC,6427,0
401585763,OKC,2490089,0
401585763,CHA,4066218,38
401585763,CHA,4066383,40
401585763,CHA,4433287,36
401585763,CHA,3102532,31
401585763,CHA,4432819,33
401585763,CHA,4683018,21
401585763,CHA,6426,24
401585763,CHA,4278076,18
401585763,CHA,4395650,0
401585763,CHA,4702233,0
401585763,CHA,4065652,0
401585763,CHA,4576086,0
401585763,CHA,4683686,0
401585764,CHI,6478,31
401585764,CHI,3978,40
401585764,CHI,2596112,22
401585764,CHI,4395651,38
401585764,CHI,4397002,36
401585764,CHI,4423884,1
401585764,CHI,2528693,19
401585764,CHI,4438552,11
401585764,CHI,6585,25
401585764,CHI,4702023,1
401585764,CHI,4397650,1
401585764,CHI,4433159,15
401585764,CHI,3133635,0
401585764,ORL,4432573,36
401585764,ORL,4566434,20
401585764,ORL,4277847,34
401585764,ORL,2999547,33
401585764,ORL,4432165,29
401585764,ORL,2968436,21
401585764,ORL,4065654,5
401585764,ORL,4278052,1
401585764,ORL,3918423,1
401585764,ORL,3150844,15
401585764,ORL,4348700,1
401585764,ORL,4066636,23
401585764,ORL,4432809,16
401585764,ORL,4712849,1
401585764,ORL,5105806,1
401585765,WSH,4280151,40
401585765,WSH,4683021,41
401585765,WSH,4997537,23
401585765,WSH,4277956,40
401585765,WSH,4432356,6
401585765,WSH,4066410,21
401585765,WSH,4432907,14
401585765,WSH,4395695,17
401585765,WSH,4397127,4
401585765,WSH,4433246,33
401585765,WSH,2581184,0
401585765,WSH,2993370,0
401585765,TOR,2489663,35
401585765,TOR,4395625,36
401585765,TOR,4277843,35
401585765,TOR,4395724,36
401585765,TOR,4397018,28
401585765,TOR,4066731,4
401585765,TOR,4277880,5
401585765,TOR,4023,9
401585765,TOR,4065670,20
401585765,TOR,4397511,9
401585765,TOR,5106258,25
401585765,TOR,4277883,0
401585766,NO,4277813,34
401585766,NO,4395628,40
401585766,NO,4397688,39
401585766,NO,6477,4
401585766,NO,2490149,42
401585766,NO,2580365,32
401585766,NO,4432813,0
401585766,NO,4277869,22
401585766,NO,4278352,0
401585766,NO,4278412,0
401585766,NO,4869342,28
401585766,NO,3908336,0
401585766,NO,4432821,0
401585766,NO,2579258,0
401585766,NO,3056245,0
401585766,NO,4683750,0
401585766,PHX,3202,38
401585766,PHX,3102530,31
401585766,PHX,6580,39
401585766,PHX,3135045,37
401585766,PHX,3136193,39
401585766,PHX,2583632,14
401585766,PHX,3914285,17
401585766,PHX,4397102,7
401585766,PHX,3431,18
401585766,PHX,3244,0
401585766,PHX,4593041,0
401585766,PHX,4395652,0
401585766,PHX,4066299,0
401585766,PHX,6472,0
401585766,PHX,4065663,0
401585767,NY,3934719,38
401585767,NY,4222252,29
401585767,NY,3062679,37
401585767,NY,3934672,39
401585767,NY,3934673,37
401585767,NY,4431679,5
401585767,NY,3593,17
401585767,NY,4351852,19
401585767,NY,4431823,18
401585767,NY,3947156,0
401585767,NY,4592461,0
401585767,NY,4277922,0
401585767,NY,6429,0
401585767,NY,3915195,0
401585767,NY,3913220,0
401585767,MIL,6609,13
401585767,MIL,3032977,39
401585767,MIL,3448,29
401585767,MIL,3907822,23
401585767,MIL,6606,39
401585767,MIL,6581,15
401585767,MIL,3064482,29
401585767,MIL,3102533,1
401585767,MIL,4433622,1
401585767,MIL,2578239,31
401585767,MIL,4397475,13
401585767,MIL,4432190,4
401585767,MIL,4591725,1
401585767,MIL,4683749,1
401585767,MIL,3428,0
401585768,PHI,3416,46
401585768,PHI,4278562,31
401585768,PHI,3064230,19
401585768,PHI,3133603,48
401585768,PHI,4431678,54
401585768,PHI,4431828,23
401585768,PHI,4277919,15
401585768,PHI,2990984,20
401585768,PHI,4066786,12
401585768,PHI,4701234,22
401585768,PHI,6440,0
401585768,PHI,4683940,0
401585768,SA,4395723,24
401585768,SA,4565201,44
401585768,SA,4592479,40
401585768,SA,5104157,43
401585768,SA,4395626,49
401585768,SA,4066650,15
401585768,SA,4278580,24
401585768,SA,3133601,35
401585768,SA,4683935,18
401585768,SA,4277850,0
401585768,SA,4280245,0
401585768,SA,4397107,0
401585768,SA,5081727,0
401585769,SAC,6578,11
401585769,SAC,3155942,35
401585769,SAC,4594327,38
401585769,SAC,4066259,34
401585769,SAC,4702177,19
401585769,SAC,3136196,29
401585769,SAC,3893014,3
401585769,SAC,4397693,4
401585769,SAC,3452,4
401585769,SAC,2596107,9
401585769,SAC,4592402,4
401585769,SAC,4278053,28
401585769,SAC,4433378,23
401585769,BKN,4431714,32
401585769,BKN,4712896,35
401585769,BKN,3032979,30
401585769,BKN,3147657,24
401585769,BKN,4432174,36
401585769,BKN,4431675,33
401585769,BKN,4432194,24
401585769,BKN,4277890,25
401585769,BKN,2578185,0
401585769,BKN,3138196,0
401585769,BKN,4278067,0
401585769,BKN,4065697,0
401585770,UTAH,4684806,26
401585770,UTAH,5105839,27
401585770,UTAH,3074213,19
401585770,UTAH,4277811,27
401585770,UTAH,4433627,34
401585770,UTAH,4423309,5
401585770,UTAH,4423545,30
401585770,UTAH,4066399,21
401585770,UTAH,4395698,16
401585770,UTAH,4432817,33
401585770,UTAH,4585610,0
401585770,UTAH,4396991,0
401585770,UTAH,4397916,0
401585770,GS,6589,21
401585770,GS,4431684,23
401585770,GS,2779,36
401585770,GS,6475,28
401585770,GS,4709138,31
401585770,GS,4871143,3
401585770,GS,3155535,13
401585770,GS,4433247,27
401585770,GS,4997536,8
401585770,GS,3943606,3
401585770,GS,3134903,16
401585770,GS,4431720,3
401585770,GS,4432171,26
401585770,GS,4592714,3
401585771,MIN,4431671,29
401585771,MIN,3032976,37
401585771,MIN,4396971,35
401585771,MIN,3195,26
401585771,MIN,4594268,35
401585771,MIN,2993874,18
401585771,MIN,4592187,2
401585771,MIN,4687718,2
401585771,MIN,5044385,2
401585771,MIN,4277951,2
401585771,MIN,3059310,14
401585771,MIN,3134916,13
401585771,MIN,4278039,25
401585771,MIN,2982334,0
401585771,MIN,4432176,0
401585771,LAL,6583,12
401585771,LAL,4066648,36
401585771,LAL,2580782,36
401585771,LAL,3136776,39
401585771,LAL,4066457,35
401585771,LAL,2990962,25
401585771,LAL,4684286,2
401585771,LAL,4395627,14
401585771,LAL,4397077,33
401585771,LAL,4397204,2
401585771,LAL,4066269,2
401585771,LAL,4432582,5
401585772,DAL,3936099,24
401585772,DAL,4278049,25
401585772,DAL,4278078,28
401585772,DAL,6442,37
401585772,DAL,3945274,35
401585772,DAL,6461,4
401585772,DAL,2960236,19
401585772,DAL,4595400,4
401585772,DAL,2528210,23
401585772,DAL,3102528,20
401585772,DAL,4067017,4
401585772,DAL,4397040,4
401585772,DAL,4868423,13
401585772,DAL,2531367,0
401585772,DAL,4896481,0
401585772,CHA,4066218,32
401585772,CHA,4066383,36
401585772,CHA,4433287,35
401585772,CHA,3102532,26
401585772,CHA,4432819,35
401585772,CHA,4395650,4
401585772,CHA,4683018,13
401585772,CHA,4702233,4
401585772,CHA,6426,23
401585772,CHA,4065652,4
401585772,CHA,4278076,20
401585772,CHA,4576086,4
401585772,CHA,4683686,4
401585773,DET,3914283,35
401585773,DET,4278508,23
401585773,DET,4433621,28
401585773,DET,4432107,27
401585773,DET,4433218,32
401585773,DET,4395676,3
401585773,DET,4432808,20
401585773,DET,4066668,21
401585773,DET,6588,26
401585773,DET,4278541,10
401585773,DET,4397119,15
401585773,DET,3986,0
401585773,DET,4279532,0
401585773,DET,4432166,0
401585773,PHI,3416,29
401585773,PHI,6440,28
401585773,PHI,3059318,36
401585773,PHI,3064230,27
401585773,PHI,3133603,29
401585773,PHI,4278562,13
401585773,PHI,4277919,3
401585773,PHI,2990984,25
401585773,PHI,4066436,16
401585773,PHI,4066786,21
401585773,PHI,4683940,2
401585773,PHI,4701234,10
401585773,PHI,4431828,0
401585774,IND,3149673,27
401585774,IND,3133628,21
401585774,IND,4395712,27
401585774,IND,4396909,26
401585774,IND,4396993,31
401585774,IND,2528588,10
401585774,IND,4278355,22
401585774,IND,4397189,4
401585774,IND,4432170,18
401585774,IND,5106060,2
401585774,IND,2530530,21
401585774,IND,4433076,27
401585774,IND,4433254,2
401585774,IND,4592829,2
401585774,IND,3999,0
401585774,TOR,2489663,34
401585774,TOR,4395625,33
401585774,TOR,4277843,34
401585774,TOR,4397018,29
401585774,TOR,4397511,33
401585774,TOR,4066731,16
401585774,TOR,4277883,19
401585774,TOR,4277880,14
401585774,TOR,4065670,28
401585774,TOR,3948153,0
401585774,TOR,4023,0
401585774,TOR,5106258,0
401585775,MIA,6430,44
401585775,MIA,3138160,27
401585775,MIA,4997528,40
401585775,MIA,4066261,48
401585775,MIA,4395725,48
401585775,MIA,3449,6
401585775,MIA,4291678,35
401585775,MIA,4432848,22
401585775,MIA,3064447,21
401585775,MIA,4278572,0
401585775,MIA,4397134,0
401585775,MIA,3934723,0
401585775,MIA,4593049,0
401585775,MIA,4004,0
401585775,MIA,4592216,0
401585775,ATL,4065732,47
401585775,ATL,4701230,24
401585775,ATL,3102529,37
401585775,ATL,3037789,45
401585775,ATL,3907497,49
401585775,ATL,4277952,21
401585775,ATL,4032,5
401585775,ATL,3913180,21
401585775,ATL,4578893,32
401585775,ATL,4683736,11
401585775,ATL,4712863,0
401585775,ATL,4065656,0
401585776,BOS,4065648,37
401585776,BOS,4277964,18
401585776,BOS,3995,32
401585776,BOS,3078576,31
401585776,BOS,3917376,36
401585776,BOS,4065804,28
401585776,BOS,4278031,7
401585776,BOS,3064560,21
401585776,BOS,3133602,7
401585776,BOS,4066354,24
401585776,BOS,3213,0
401585776,BOS,4432164,0
401585776,MIL,6609,33
401585776,MIL,3032977,29
401585776,MIL,3448,28
401585776,MIL,3964,26
401585776,MIL,6606,36
401585776,MIL,3064482,22
401585776,MIL,3102533,0
401585776,MIL,4433622,0
401585776,MIL,3907822,25
401585776,MIL,2578239,20
401585776,MIL,4397475,19
401585776,MIL,4432190,1
401585776,MIL,4683749,0
401585776,MIL,3428,0
401585776,MIL,6581,0
401585777,NY,3934719,35
401585777,NY,4222252,28
401585777,NY,3062679,46
401585777,NY,3934672,42
401585777,NY,3934673,38
401585777,NY,3593,9
401585777,NY,4351852,20
401585777,NY,4431823,22
401585777,NY,3947156,0
401585777,NY,4431679,0
401585777,NY,4592461,0
401585777,NY,4277922,0
401585777,NY,6429,0
401585777,NY,3915195,0
401585777,NY,3913220,0
401585777,CHI,6478,39
401585777,CHI,3978,42
401585777,CHI,2596112,31
401585777,CHI,2991350,37
401585777,CHI,4395651,42
401585777,CHI,2528693,15
401585777,CHI,6585,5
401585777,CHI,4702023,5
401585777,CHI,3133635,6
401585777,CHI,4433159,19
401585777,CHI,4423884,0
401585777,CHI,4438552,0
401585777,CHI,4397650,0
401585778,ORL,4432573,36
401585778,ORL,4277847,21
401585778,ORL,2999547,31
401585778,ORL,4066636,34
401585778,ORL,4432165,29
401585778,ORL,2968436,18
401585778,ORL,4065654,22
401585778,ORL,4278052,2
401585778,ORL,4433623,8
401585778,ORL,3150844,22
401585778,ORL,4348700,2
401585778,ORL,4409222,2
401585778,ORL,4432809,12
401585778,ORL,4712849,2
401585778,ORL,5105806,2
401585778,HOU,3155526,33
401585778,HOU,4432639,41
401585778,HOU,2991230,38
401585778,HOU,4437244,34
401585778,HOU,4684740,38
401585778,HOU,3209,17
401585778,HOU,4278588,1
401585778,HOU,5105592,6
401585778,HOU,2528779,9
401585778,HOU,3146557,23
401585778,HOU,4396629,1
401585778,HOU,4397821,1
401585778,HOU,4376,0
401585778,HOU,3922230,0
401585779,SA,4278580,26
401585779,SA,4565201,28
401585779,SA,4592479,30
401585779,SA,5104157,31
401585779,SA,4395626,32
401585779,SA,4066650,18
401585779,SA,4277850,4
401585779,SA,3133601,21
401585779,SA,4280245,3
401585779,SA,4397107,3
401585779,SA,4683935,23
401585779,SA,5081727,21
401585779,MEM,3906665,27
401585779,MEM,5105550,28
401585779,MEM,4395623,30
401585779,MEM,4278402,36
401585779,MEM,4431785,32
401585779,MEM,4065653,26
401585779,MEM,4397148,31
401585779,MEM,5184018,0
401585779,MEM,4066377,31
401585779,MEM,4066796,0
401585779,MEM,4066405,0
401585779,MEM,4433137,0
401585779,MEM,4593125,0
401585779,MEM,3913174,0
401585780,WSH,2581184,36
401585780,WSH,4280151,36
401585780,WSH,4683021,35
401585780,WSH,4277956,33
401585780,WSH,4433246,38
401585780,WSH,4066410,12
401585780,WSH,4395695,22
401585780,WSH,4397127,8
401585780,WSH,4432356,20
401585780,WSH,2993370,0
401585780,WSH,4997537,0
401585780,WSH,3135046,0
401585780,MIN,4431671,28
401585780,MIN,3032976,38
401585780,MIN,4396971,8
401585780,MIN,3195,28
401585780,MIN,4594268,38
401585780,MIN,2993874,26
401585780,MIN,4592187,1
401585780,MIN,4687718,1
401585780,MIN,5044385,1
401585780,MIN,2982334,1
401585780,MIN,3059310,12
401585780,MIN,4432176,1
401585780,MIN,3134916,25
401585780,MIN,4278039,31
401585780,MIN,4277951,0
401585781,SAC,6578,27
401585781,SAC,3155942,34
401585781,SAC,4594327,38
401585781,SAC,4066259,43
401585781,SAC,4702177,36
401585781,SAC,3136196,22
401585781,SAC,2596107,10
401585781,SAC,4278053,22
401585781,SAC,4433378,9
401585781,SAC,3893014,0
401585781,SAC,4397693,0
401585781,SAC,4398207,0
401585781,SAC,3452,0
401585781,SAC,4592402,0
401585781,SAC,4395704,0
401585781,OKC,4433255,34
401585781,OKC,4278073,38
401585781,OKC,4397020,30
401585781,OKC,4593803,36
401585781,OKC,4871145,21
401585781,OKC,4432823,16
401585781,OKC,2490089,1
401585781,OKC,3133626,6
401585781,OKC,4395702,20
401585781,OKC,4397183,19
401585781,OKC,4683692,18
401585781,OKC,4066317,0
401585781,OKC,6427,0
401585782,DEN,4278104,29
401585782,DEN,3112335,34
401585782,DEN,2581018,29
401585782,DEN,3936299,27
401585782,DEN,4431767,28
401585782,DEN,2284101,18
401585782,DEN,4395620,2
401585782,DEN,4431690,12
401585782,DEN,4065731,2
401585782,DEN,6443,24
401585782,DEN,4398390,2
401585782,DEN,4432181,2
401585782,DEN,4576087,30
401585782,DEN,3442,0
401585782,UTAH,4423309,35
401585782,UTAH,4684806,22
401585782,UTAH,3074213,37
401585782,UTAH,4432817,32
401585782,UTAH,4433627,30
401585782,UTAH,4423545,25
401585782,UTAH,5105839,21
401585782,UTAH,4396991,32
401585782,UTAH,4397916,6
401585782,UTAH,4585610,0
401585782,UTAH,4066399,0
401585782,UTAH,4395698,0
401585783,GS,6589,32
401585783,GS,3059319,29
401585783,GS,4431684,25
401585783,GS,3975,32
401585783,GS,6475,33
401585783,GS,4871143,2
401585783,GS,4433247,21
401585783,GS,4997536,2
401585783,GS,2779,25
401585783,GS,3134903,14
401585783,GS,4431720,2
401585783,GS,4432171,2
401585783,GS,4592714,2
401585783,GS,4709138,20
401585783,GS,3155535,0
401585783,LAL,1966,36
401585783,LAL,4066648,31
401585783,LAL,4397077,28
401585783,LAL,3136776,37
401585783,LAL,4066457,35
401585783,LAL,2990962,19
401585783,LAL,4684286,2
401585783,LAL,4395627,10
401585783,LAL,4397204,2
401585783,LAL,2580782,22
401585783,LAL,4066269,2
401585783,LAL,3137259,15
401585783,LAL,4432582,2
401585783,LAL,6583,0
401585784,LAC,4251,39
401585784,LAC,4017837,28
401585784,LAC,3468,40
401585784,LAC,2595516,33
401585784,LAC,3907823,38
401585784,LAC,2488653,8
401585784,LAC,3914075,1
401585784,LAC,4066387,34
401585784,LAC,4431752,1
401585784,LAC,4432162,1
401585784,LAC,4592492,17
401585784,LAC,3033,0
401585784,LAC,2451037,0
401585784,PHX,3202,40
401585784,PHX,3914285,12
401585784,PHX,6580,39
401585784,PHX,3135045,31
401585784,PHX,3136193,40
401585784,PHX,3244,8
401585784,PHX,2583632,29
401585784,PHX,3059307,1
401585784,PHX,4395652,1
401585784,PHX,4397102,7
401585784,PHX,3431,29
401585784,PHX,6472,1
401585784,PHX,4065663,1
401585784,PHX,4593041,0
401585784,PHX,4066299,0
401585785,NO,4277813,38
401585785,NO,4395628,33
401585785,NO,4397688,38
401585785,NO,6477,21
401585785,NO,2490149,34
401585785,NO,2580365,20
401585785,NO,3908336,2
401585785,NO,4432813,2
401585785,NO,2579258,2
401585785,NO,4277869,20
401585785,NO,4278352,0
401585785,NO,4278412,0
401585785,NO,4683750,2
401585785,NO,4869342,28
401585785,NO,4432821,0
401585785,NO,3056245,0
401585785,POR,4432446,28
401585785,POR,4594326,37
401585785,POR,4278129,36
401585785,POR,4683678,41
401585785,POR,5099752,33
401585785,POR,4278111,22
401585785,POR,4397885,31
401585785,POR,4066268,12
401585785,POR,4397126,0
401585785,POR,4871140,0
401585785,POR,3907498,0
401585785,POR,4914336,0
401585786,MEM,4066405,37
401585786,MEM,4592691,40
401585786,MEM,5105550,36
401585786,MEM,4395623,36
401585786,MEM,4431785,36
401585786,MEM,4065653,15
401585786,MEM,4397148,16
401585786,MEM,4066377,24
401585786,MEM,3906665,0
401585786,MEM,4433137,0
401585786,MEM,4593125,0
401585786,MEM,3913174,0
401585786,CLE,4066328,34
401585786,CLE,4432158,31
401585786,CLE,3908809,34
401585786,CLE,4065778,30
401585786,CLE,4396907,31
401585786,CLE,2990969,18
401585786,CLE,4397233,2
401585786,CLE,4432815,2
401585786,CLE,4432822,27
401585786,CLE,4433620,2
401585786,CLE,3064559,2
401585786,CLE,2991043,28
401585786,CLE,4701233,2
401585786,CLE,6462,0
401585786,CLE,6474,0
401585787,CHA,4066218,27
401585787,CHA,4066383,30
401585787,CHA,4433287,33
401585787,CHA,3102532,22
401585787,CHA,4432819,37
401585787,CHA,4683018,26
401585787,CHA,4702233,18
401585787,CHA,6426,18
401585787,CHA,4065652,3
401585787,CHA,4278076,19
401585787,CHA,4576086,8
401585787,CHA,4395650,0
401585787,CHA,4683686,0
401585787,CHA,5105638,0
401585787,ATL,3102529,21
401585787,ATL,3037789,22
401585787,ATL,3913180,31
401585787,ATL,4277905,21
401585787,ATL,4578893,33
401585787,ATL,4277952,25
401585787,ATL,4712863,17
401585787,ATL,3906786,26
401585787,ATL,4065656,20
401585787,ATL,4683736,24
401585787,ATL,4032,0
401585787,ATL,3907497,0
401585788,TOR,4277880,24
401585788,TOR,4023,36
401585788,TOR,4395724,34
401585788,TOR,4397018,34
401585788,TOR,5106258,34
401585788,TOR,4066731,14
401585788,TOR,4592933,23
401585788,TOR,4277883,18
401585788,TOR,4397511,24
401585788,TOR,3948153,0
401585788,TOR,4065670,0
401585788,TOR,4277843,0
401585788,BKN,4712896,39
401585788,BKN,4278067,33
401585788,BKN,3032979,36
401585788,BKN,3147657,23
401585788,BKN,4432174,37
401585788,BKN,3138196,27
401585788,BKN,4431675,16
401585788,BKN,4431714,20
401585788,BKN,4432194,11
401585788,BKN,4278378,0
401585788,BKN,4277890,0
401585788,BKN,4432192,0
401585789,DAL,3936099,26
401585789,DAL,4278049,26
401585789,DAL,4278078,35
401585789,DAL,6442,37
401585789,DAL,3945274,36
401585789,DAL,6461,2
401585789,DAL,2960236,20
401585789,DAL,4595400,2
401585789,DAL,2528210,18
401585789,DAL,3102528,19
401585789,DAL,4067017,2
401585789,DAL,4397040,2
401585789,DAL,4432811,14
401585789,DAL,4868423,2
401585789,DAL,2531367,0
401585789,MIA,6430,36
401585789,MIA,3138160,38
401585789,MIA,4997528,24
401585789,MIA,4066261,30
401585789,MIA,4395725,36
401585789,MIA,3449,18
401585789,MIA,4278572,1
401585789,MIA,4291678,24
401585789,MIA,4397134,1
401585789,MIA,4432848,18
401585789,MIA,4593049,1
401585789,MIA,4004,11
401585789,MIA,4592216,1
401585789,MIA,3934723,0
401585789,MIA,3064447,0
401585790,ORL,4432573,34
401585790,ORL,4433623,11
401585790,ORL,4277847,23
401585790,ORL,4066636,22
401585790,ORL,4432165,27
401585790,ORL,2968436,15
401585790,ORL,4065654,13
401585790,ORL,4278052,4
401585790,ORL,3918423,4
401585790,ORL,3150844,21
401585790,ORL,4348700,4
401585790,ORL,4432809,33
401585790,ORL,4712849,22
401585790,ORL,5105806,6
401585790,ORL,4067858,0
401585790,MIL,3064482,30
401585790,MIL,3448,31
401585790,MIL,3964,30
401585790,MIL,3907822,25
401585790,MIL,6606,34
401585790,MIL,6581,31
401585790,MIL,3102533,3
401585790,MIL,4433622,3
401585790,MIL,2578239,25
401585790,MIL,4397475,16
401585790,MIL,4432190,10
401585790,MIL,4683749,3
401585790,MIL,3428,0
401585790,MIL,4591725,0
401585791,SA,4066650,26
401585791,SA,4278580,26
401585791,SA,4565201,20
401585791,SA,4592479,24
401585791,SA,4395626,28
401585791,SA,4277850,13
401585791,SA,3133601,21
401585791,SA,4280245,12
401585791,SA,4397107,18
401585791,SA,4683935,25
401585791,SA,5081727,28
401585791,OKC,4433255,15
401585791,OKC,4278073,26
401585791,OKC,4593803,24
401585791,OKC,4683692,25
401585791,OKC,4871145,29
401585791,OKC,4066317,9
401585791,OKC,4432823,13
401585791,OKC,4249,20
401585791,OKC,6427,12
401585791,OKC,2490089,15
401585791,OKC,3133626,15
401585791,OKC,4395702,12
401585791,OKC,4397183,17
401585791,OKC,4397654,9
401585792,MIN,4431671,34
401585792,MIN,3032976,39
401585792,MIN,4396971,30
401585792,MIN,3195,30
401585792,MIN,4594268,35
401585792,MIN,2993874,15
401585792,MIN,3138156,0
401585792,MIN,4592187,3
401585792,MIN,4687718,3
401585792,MIN,5044385,3
401585792,MIN,4277951,3
401585792,MIN,3059310,15
401585792,MIN,4432176,3
401585792,MIN,3134916,10
401585792,MIN,4278039,18
401585792,MIN,2982334,0
401585792,DEN,3064290,28
401585792,DEN,4278104,37
401585792,DEN,3112335,38
401585792,DEN,2581018,26
401585792,DEN,3936299,27
401585792,DEN,2284101,8
401585792,DEN,4395620,1
401585792,DEN,4431690,2
401585792,DEN,4065731,1
401585792,DEN,6443,20
401585792,DEN,4398390,0
401585792,DEN,4431767,27
401585792,DEN,4432181,1
401585792,DEN,4576087,23
401585792,DEN,3442,0
401585793,PHX,3202,37
401585793,PHX,2583632,33
401585793,PHX,3102530,30
401585793,PHX,6580,34
401585793,PHX,3136193,39
401585793,PHX,3244,13
401585793,PHX,4593041,1
401585793,PHX,4395652,1
401585793,PHX,4397102,1
401585793,PHX,3431,24
401585793,PHX,3135045,23
401585793,PHX,4065663,1
401585793,PHX,4278124,1
401585793,PHX,3914285,0
401585793,PHX,6472,0
401585793,LAC,3033,23
401585793,LAC,2488653,35
401585793,LAC,3907823,8
401585793,LAC,4066387,37
401585793,LAC,4592492,43
401585793,LAC,2451037,10
401585793,LAC,3914075,16
401585793,LAC,4431752,28
401585793,LAC,4432162,40
401585793,LAC,4017837,0
401585793,LAC,2595516,0
401585794,CHI,6478,37
401585794,CHI,3978,36
401585794,CHI,2596112,30
401585794,CHI,2991350,34
401585794,CHI,4395651,37
401585794,CHI,4423884,2
401585794,CHI,2528693,10
401585794,CHI,4438552,2
401585794,CHI,4702023,11
401585794,CHI,3133635,21
401585794,CHI,4397650,2
401585794,CHI,4433159,17
401585794,DET,3914283,32
401585794,DET,4278508,36
401585794,DET,4433621,31
401585794,DET,4432107,33
401585794,DET,4433218,31
401585794,DET,4395676,2
401585794,DET,4432808,17
401585794,DET,4066668,15
401585794,DET,6588,26
401585794,DET,4397119,18
401585794,DET,3986,0
401585794,DET,4278541,0
401585794,DET,4279532,0
401585794,DET,4432166,0
401585795,NY,3934719,26
401585795,NY,4222252,33
401585795,NY,3062679,32
401585795,NY,3934672,30
401585795,NY,3934673,41
401585795,NY,4431679,16
401585795,NY,3593,25
401585795,NY,4351852,15
401585795,NY,4431823,22
401585795,NY,3947156,0
401585795,NY,4592461,0
401585795,NY,4277922,0
401585795,NY,6429,0
401585795,NY,3915195,0
401585795,NY,3913220,0
401585795,BOS,4065648,32
401585795,BOS,3102531,25
401585795,BOS,3995,29
401585795,BOS,3078576,29
401585795,BOS,3917376,29
401585795,BOS,4065804,22
401585795,BOS,4277964,6
401585795,BOS,3213,16
401585795,BOS,3064560,7
401585795,BOS,3133602,13
401585795,BOS,4066354,21
401585795,BOS,4432164,13
401585796,HOU,3155526,27
401585796,HOU,4432639,26
401585796,HOU,2991230,40
401585796,HOU,4437244,19
401585796,HOU,4684740,35
401585796,HOU,3209,22
401585796,HOU,5105592,27
401585796,HOU,2528779,5
401585796,HOU,3146557,27
401585796,HOU,3922230,11
401585796,HOU,4278588,0
401585796,HOU,4376,0
401585796,HOU,4396629,0
401585796,HOU,4397821,0
401585796,UTAH,4423309,34
401585796,UTAH,4684806,19
401585796,UTAH,3074213,19
401585796,UTAH,4432817,24
401585796,UTAH,4433627,33
401585796,UTAH,4423545,23
401585796,UTAH,4585610,27
401585796,UTAH,5105839,24
401585796,UTAH,4396991,29
401585796,UTAH,4066399,8
401585796,UTAH,4395698,0
401585796,UTAH,4397916,0
401585797,GS,3059319,30
401585797,GS,4431684,27
401585797,GS,4433247,34
401585797,GS,2779,32
401585797,GS,3975,36
401585797,GS,3032978,6
401585797,GS,3155535,21
401585797,GS,4432171,21
401585797,GS,4709138,33
401585797,GS,4871143,0
401585797,GS,4997536,0
401585797,GS,3943606,0
401585797,GS,4431720,0
401585797,GS,4592714,0
401585797,POR,4432446,36
401585797,POR,4594326,45
401585797,POR,4278129,34
401585797,POR,4683678,40
401585797,POR,5099752,29
401585797,POR,4278111,29
401585797,POR,4066268,14
401585797,POR,4395722,14
401585797,POR,4397126,0
401585797,POR,4871140,0
401585797,POR,4351851,0
401585797,POR,4914336,0
401585798,NO,4277813,29
401585798,NO,4395628,31
401585798,NO,4397688,45
401585798,NO,6477,33
401585798,NO,2490149,40
401585798,NO,4278594,4
401585798,NO,4432813,2
401585798,NO,2579258,9
401585798,NO,4277869,22
401585798,NO,4869342,25
401585798,NO,3908336,0
401585798,NO,4432821,0
401585798,NO,4683750,0
401585798,SAC,6578,33
401585798,SAC,3155942,35
401585798,SAC,4594327,36
401585798,SAC,4066259,41
401585798,SAC,4702177,23
401585798,SAC,3136196,15
401585798,SAC,3893014,11
401585798,SAC,4397693,1
401585798,SAC,4398207,1
401585798,SAC,2596107,11
401585798,SAC,4592402,4
401585798,SAC,4278053,27
401585798,SAC,4433378,3
401585798,SAC,4395704,0
401585799,ORL,4432573,41
401585799,ORL,4566434,35
401585799,ORL,4277847,4
401585799,ORL,2999547,32
401585799,ORL,4432165,33
401585799,ORL,2968436,13
401585799,ORL,4065654,27
401585799,ORL,3150844,18
401585799,ORL,4348700,14
401585799,ORL,4066636,11
401585799,ORL,4432809,11
401585799,ORL,4278052,0
401585799,ORL,4433623,0
401585799,ORL,4712849,0
401585799,ORL,5105806,0
401585799,PHI,6440,38
401585799,PHI,3059318,32
401585799,PHI,3012,24
401585799,PHI,3133603,30
401585799,PHI,4431678,40
401585799,PHI,3416,30
401585799,PHI,4278562,15
401585799,PHI,4277919,1
401585799,PHI,3064230,7
401585799,PHI,2990984,14
401585799,PHI,4066436,5
401585799,PHI,4066786,1
401585799,PHI,4683940,1
401585799,PHI,4701234,1
401585799,PHI,4431828,0
401585800,CHI,2528693,34
401585800,CHI,4438552,25
401585800,CHI,2596112,26
401585800,CHI,4395651,27
401585800,CHI,4433159,27
401585800,CHI,4423884,23
401585800,CHI,4702023,35
401585800,CHI,3133635,37
401585800,CHI,4397650,7
401585800,CHI,6478,0
401585800,CHI,3978,0
401585800,CHI,2991350,0
401585800,WSH,4280151,40
401585800,WSH,4683021,38
401585800,WSH,4997537,22
401585800,WSH,4432356,25
401585800,WSH,4433246,41
401585800,WSH,2581184,17
401585800,WSH,4066410,12
401585800,WSH,4432907,17
401585800,WSH,4395695,29
401585800,WSH,2993370,0
401585800,WSH,3135046,0
401585800,WSH,4277956,0
401585801,CHA,4066383,15
401585801,CHA,4433287,14
401585801,CHA,4065652,30
401585801,CHA,3102532,16
401585801,CHA,4432819,31
401585801,CHA,4395650,15
401585801,CHA,4683018,18
401585801,CHA,4702233,18
401585801,CHA,6426,22
401585801,CHA,4576086,20
401585801,CHA,4683686,29
401585801,CHA,5105638,12
401585801,BOS,4065804,30
401585801,BOS,3064560,25
401585801,BOS,3133602,34
401585801,BOS,4066354,31
401585801,BOS,4432164,25
401585801,BOS,4277964,13
401585801,BOS,4397689,12
401585801,BOS,4278031,15
401585801,BOS,4397424,18
401585801,BOS,4576085,17
401585801,BOS,4683689,20
401585801,BOS,3078576,0
401585802,IND,3149673,32
401585802,IND,3133628,28
401585802,IND,4395712,35
401585802,IND,4396909,33
401585802,IND,4396993,35
401585802,IND,2528588,6
401585802,IND,4278355,16
401585802,IND,4397189,20
401585802,IND,2530530,20
401585802,IND,4433076,14
401585802,IND,3999,0
401585802,IND,5106060,0
401585802,IND,4432827,0
401585802,IND,4433254,0
401585802,IND,4592829,0
401585802,CLE,4066328,38
401585802,CLE,4432158,29
401585802,CLE,3908809,38
401585802,CLE,4065778,28
401585802,CLE,4396907,29
401585802,CLE,2990969,27
401585802,CLE,4432822,25
401585802,CLE,2991043,27
401585802,CLE,6462,0
401585802,CLE,4397233,0
401585802,CLE,4432815,0
401585802,CLE,4433620,0
401585802,CLE,6474,0
401585802,CLE,3064559,0
401585802,CLE,4701233,0
401585803,BKN,4431675,38
401585803,BKN,4712896,28
401585803,BKN,4278067,36
401585803,BKN,3147657,24
401585803,BKN,4432174,37
401585803,BKN,4431714,33
401585803,BKN,4278378,12
401585803,BKN,4277890,33
401585803,BKN,2578185,0
401585803,BKN,3138196,0
401585803,BKN,3032979,0
401585803,BKN,4432192,0
401585803,NY,3934719,34
401585803,NY,4277922,23
401585803,NY,3062679,40
401585803,NY,3934672,37
401585803,NY,3934673,44
401585803,NY,4431679,8
401585803,NY,3593,19
401585803,NY,4351852,25
401585803,NY,6429,11
401585803,NY,3947156,0
401585803,NY,4592461,0
401585803,NY,3915195,0
401585803,NY,3913220,0
401585803,NY,4066508,0
401585803,NY,4431823,0
401585804,TOR,2489663,25
401585804,TOR,4395625,33
401585804,TOR,4277843,29
401585804,TOR,4395724,30
401585804,TOR,5106258,31
401585804,TOR,4277883,4
401585804,TOR,4277880,19
401585804,TOR,4023,8
401585804,TOR,4065670,22
401585804,TOR,4397018,25
401585804,TOR,4397511,15
401585804,TOR,4066731,0
401585804,MIA,6430,29
401585804,MIA,3138160,30
401585804,MIA,4997528,27
401585804,MIA,4066261,25
401585804,MIA,4395725,29
401585804,MIA,3449,18
401585804,MIA,4278572,1
401585804,MIA,4291678,26
401585804,MIA,4397134,1
401585804,MIA,4432848,32
401585804,MIA,4593049,1
401585804,MIA,3064447,19
401585804,MIA,4592216,1
401585804,MIA,3934723,0
401585804,MIA,4004,0
401585805,LAL,1966,41
401585805,LAL,6583,43
401585805,LAL,4066648,29
401585805,LAL,3136776,35
401585805,LAL,4066457,25
401585805,LAL,2990962,24
401585805,LAL,4397077,5
401585805,LAL,2580782,20
401585805,LAL,3137259,19
401585805,LAL,4065649,0
401585805,LAL,4684286,0
401585805,LAL,4395627,0
401585805,LAL,4397204,0
401585805,LAL,4066269,0
401585805,LAL,4432582,0
401585805,MEM,4592691,43
401585805,MEM,5105550,40
401585805,MEM,4395623,35
401585805,MEM,4278402,38
401585805,MEM,4431785,30
401585805,MEM,4065653,14
401585805,MEM,4397148,27
401585805,MEM,4066377,12
401585805,MEM,3906665,0
401585805,MEM,4433137,0
401585805,MEM,4593125,0
401585805,MEM,3913174,0
401585806,ATL,4065732,25
401585806,ATL,3102529,26
401585806,ATL,3037789,29
401585806,ATL,3907497,31
401585806,ATL,4277905,27
401585806,ATL,4277952,22
401585806,ATL,4432585,18
401585806,ATL,4712863,21
401585806,ATL,3913180,23
401585806,ATL,4578893,8
401585806,ATL,4683736,10
401585806,ATL,4065656,0
401585806,MIN,4431671,30
401585806,MIN,3032976,37
401585806,MIN,3136195,28
401585806,MIN,3195,31
401585806,MIN,4594268,27
401585806,MIN,2993874,16
401585806,MIN,4396971,28
401585806,MIN,3059310,6
401585806,MIN,3134916,15
401585806,MIN,4278039,24
401585806,MIN,4592187,0
401585806,MIN,4687718,0
401585806,MIN,5044385,0
401585806,MIN,2982334,0
401585806,MIN,4277951,0
401585807,MIL,6609,23
401585807,MIL,3064482,21
401585807,MIL,3448,23
401585807,MIL,3964,24
401585807,MIL,3907822,30
401585807,MIL,3428,19
401585807,MIL,6581,25
401585807,MIL,3102533,7
401585807,MIL,4432179,8
401585807,MIL,4433622,14
401585807,MIL,2578239,16
401585807,MIL,4432190,12
401585807,MIL,4591725,4
401585807,MIL,4683749,14
401585807,OKC,4249,26
401585807,OKC,4433255,25
401585807,OKC,4278073,29
401585807,OKC,4397020,27
401585807,OKC,4593803,27
401585807,OKC,4066317,6
401585807,OKC,4278046,4
401585807,OKC,4432823,16
401585807,OKC,4997526,5
401585807,OKC,2490089,4
401585807,OKC,3133626,14
401585807,OKC,4395702,14
401585807,OKC,4397183,24
401585807,OKC,4683692,19
401585807,OKC,6427,0
401585808,DEN,3064290,29
401585808,DEN,4278104,29
401585808,DEN,3112335,39
401585808,DEN,2581018,29
401585808,DEN,3936299,29
401585808,DEN,2284101,15
401585808,DEN,4431690,9
401585808,DEN,6443,19
401585808,DEN,4431767,23
401585808,DEN,4576087,19
401585808,DEN,4066240,0
401585808,DEN,4395620,0
401585808,DEN,3442,0
401585808,DEN,4278585,0
401585808,DEN,4432181,0
401585808,SA,4278580,30
401585808,SA,4592479,37
401585808,SA,5104157,37
401585808,SA,4395626,39
401585808,SA,4683935,19
401585808,SA,4066650,21
401585808,SA,3133601,32
401585808,SA,4397107,8
401585808,SA,5081727,17
401585808,SA,4277850,0
401585808,SA,4280245,0
401585809,DET,3914283,35
401585809,DET,4278508,26
401585809,DET,4432808,37
401585809,DET,4432107,32
401585809,DET,4433218,28
401585809,DET,3986,12
401585809,DET,4066668,16
401585809,DET,6588,29
401585809,DET,4397119,27
401585809,DET,4395676,0
401585809,DET,4433621,0
401585809,DET,4278541,0
401585809,DET,4279532,0
401585809,DET,4432166,0
401585809,DAL,3936099,14
401585809,DAL,4278049,12
401585809,DAL,4278078,15
401585809,DAL,2528210,16
401585809,DAL,3102528,11
401585809,DAL,6461,14
401585809,DAL,2531367,21
401585809,DAL,2960236,11
401585809,DAL,4595400,29
401585809,DAL,4896481,7
401585809,DAL,4067017,22
401585809,DAL,4397040,18
401585809,DAL,4432811,23
401585809,DAL,4868423,29
401585810,NO,4277813,38
401585810,NO,4395628,37
401585810,NO,4397688,42
401585810,NO,6477,16
401585810,NO,2490149,38
401585810,NO,4432813,7
401585810,NO,4277869,35
401585810,NO,4278352,0
401585810,NO,4278412,0
401585810,NO,4869342,26
401585810,NO,3908336,0
401585810,NO,4432821,0
401585810,NO,2579258,0
401585810,NO,3056245,0
401585810,NO,4683750,0
401585810,GS,6589,36
401585810,GS,3059319,34
401585810,GS,4431684,22
401585810,GS,3975,32
401585810,GS,6475,38
401585810,GS,3155535,8
401585810,GS,2779,28
401585810,GS,4432171,19
401585810,GS,4709138,23
401585810,GS,4871143,0
401585810,GS,3032978,0
401585810,GS,4997536,0
401585810,GS,3943606,0
401585810,GS,4431720,0
401585810,GS,4592714,0
401585811,HOU,3155526,31
401585811,HOU,4432639,32
401585811,HOU,3146557,32
401585811,HOU,4437244,35
401585811,HOU,4684740,35
401585811,HOU,3209,17
401585811,HOU,5105592,25
401585811,HOU,2528779,7
401585811,HOU,3922230,26
401585811,HOU,4278588,0
401585811,HOU,4376,0
401585811,HOU,4396629,0
401585811,HOU,4397821,0
401585811,POR,4432446,14
401585811,POR,4594326,43
401585811,POR,4278129,23
401585811,POR,4683678,34
401585811,POR,5099752,26
401585811,POR,4278111,28
401585811,POR,4397885,38
401585811,POR,4066268,19
401585811,POR,4397126,15
401585811,POR,4871140,0
401585811,POR,3907498,0
401585811,POR,4914336,0
401585812,UTAH,4423309,28
401585812,UTAH,4684806,23
401585812,UTAH,3074213,13
401585812,UTAH,4432817,23
401585812,UTAH,4433627,28
401585812,UTAH,4423545,23
401585812,UTAH,4585610,35
401585812,UTAH,5105839,21
401585812,UTAH,4396991,29
401585812,UTAH,4397916,18
401585812,UTAH,4066399,0
401585812,UTAH,4395698,0
401585812,LAC,3033,21
401585812,LAC,4251,8
401585812,LAC,4017837,10
401585812,LAC,3992,10
401585812,LAC,3907823,5
401585812,LAC,2451037,27
401585812,LAC,2488653,14
401585812,LAC,3468,9
401585812,LAC,2595516,16
401585812,LAC,3914075,17
401585812,LAC,4066387,31
401585812,LAC,4431752,19
401585812,LAC,4432162,24
401585812,LAC,4592492,30
401585813,PHX,3202,42
401585813,PHX,3102530,32
401585813,PHX,6580,34
401585813,PHX,3135045,38
401585813,PHX,3136193,41
401585813,PHX,2583632,24
401585813,PHX,3914285,12
401585813,PHX,3431,17
401585813,PHX,3244,0
401585813,PHX,4593041,0
401585813,PHX,4395652,0
401585813,PHX,4397102,0
401585813,PHX,6472,0
401585813,PHX,4065663,0
401585813,PHX,4278124,0
401585813,SAC,6578,41
401585813,SAC,3155942,42
401585813,SAC,4594327,43
401585813,SAC,4066259,41
401585813,SAC,4702177,33
401585813,SAC,3136196,15
401585813,SAC,2596107,5
401585813,SAC,4278053,20
401585813,SAC,3893014,0
401585813,SAC,4397693,0
401585813,SAC,4398207,0
401585813,SAC,3452,0
401585813,SAC,4592402,0
401585813,SAC,4395704,0
401585813,SAC,4433378,0
401585814,WSH,2581184,17
401585814,WSH,4280151,33
401585814,WSH,4683021,31
401585814,WSH,4432356,27
401585814,WSH,4433246,33
401585814,WSH,4066410,23
401585814,WSH,4432907,21
401585814,WSH,4395695,31
401585814,WSH,4397127,24
401585814,WSH,2993370,0
401585814,WSH,4997537,0
401585814,WSH,4277956,0
401585814,BOS,4065804,35
401585814,BOS,3064560,27
401585814,BOS,3133602,37
401585814,BOS,4066354,44
401585814,BOS,4683689,17
401585814,BOS,4277964,6
401585814,BOS,4397689,8
401585814,BOS,4278031,16
401585814,BOS,4397424,20
401585814,BOS,4432164,20
401585814,BOS,4576085,10
401585814,BOS,3078576,0
401585815,CHA,4702233,41
401585815,CHA,4065652,30
401585815,CHA,3102532,10
401585815,CHA,4432819,24
401585815,CHA,4576086,30
401585815,CHA,4395650,32
401585815,CHA,4683018,19
401585815,CHA,4683686,33
401585815,CHA,5105638,22
401585815,CHA,4066218,0
401585815,CHA,6426,0
401585815,CHA,4278076,0
401585815,CLE,4432822,29
401585815,CLE,4066328,23
401585815,CLE,4432158,25
401585815,CLE,4065778,31
401585815,CLE,4701233,10
401585815,CLE,6462,19
401585815,CLE,2990969,23
401585815,CLE,4397233,12
401585815,CLE,4432815,16
401585815,CLE,4433620,29
401585815,CLE,6474,12
401585815,CLE,3064559,12
401585816,ATL,4065732,27
401585816,ATL,4277952,21
401585816,ATL,3037789,27
401585816,ATL,3907497,31
401585816,ATL,4277905,32
401585816,ATL,4432585,20
401585816,ATL,4712863,27
401585816,ATL,3913180,21
401585816,ATL,4065656,6
401585816,ATL,4578893,22
401585816,ATL,4683736,7
401585816,ATL,3102529,0
401585816,IND,3149673,25
401585816,IND,3133628,22
401585816,IND,4395712,23
401585816,IND,4396909,20
401585816,IND,4396993,25
401585816,IND,3999,7
401585816,IND,2528588,18
401585816,IND,4278355,12
401585816,IND,4397189,19
401585816,IND,5106060,10
401585816,IND,2530530,15
401585816,IND,4433076,26
401585816,IND,4433254,10
401585816,IND,4592829,7
401585816,IND,4432170,0
401585817,TOR,2489663,22
401585817,TOR,4277843,23
401585817,TOR,4397018,33
401585817,TOR,4397511,33
401585817,TOR,5106258,29
401585817,TOR,4066731,23
401585817,TOR,4277883,21
401585817,TOR,4277880,11
401585817,TOR,4023,25
401585817,TOR,4065670,20
401585817,TOR,4395625,0
401585817,TOR,4592933,0
401585817,MIA,6430,24
401585817,MIA,3138160,24
401585817,MIA,4997528,16
401585817,MIA,4066261,19
401585817,MIA,4395725,29
401585817,MIA,3449,3
401585817,MIA,4278572,2
401585817,MIA,4291678,24
401585817,MIA,4397134,2
401585817,MIA,4432848,32
401585817,MIA,3934723,23
401585817,MIA,4593049,2
401585817,MIA,4004,8
401585817,MIA,3064447,28
401585817,MIA,4592216,2
401585818,CHI,6478,42
401585818,CHI,3978,44
401585818,CHI,2596112,38
401585818,CHI,2991350,41
401585818,CHI,4395651,43
401585818,CHI,2528693,17
401585818,CHI,3133635,16
401585818,CHI,4433159,24
401585818,CHI,4423884,0
401585818,CHI,4438552,0
401585818,CHI,4702023,0
401585818,CHI,4397650,0
401585818,NY,3934719,43
401585818,NY,4222252,31
401585818,NY,3062679,40
401585818,NY,3934672,41
401585818,NY,3934673,53
401585818,NY,4431679,19
401585818,NY,3593,17
401585818,NY,4351852,7
401585818,NY,4431823,14
401585818,NY,3947156,0
401585818,NY,4592461,0
401585818,NY,4277922,0
401585818,NY,6429,0
401585818,NY,3915195,0
401585818,NY,3913220,0
401585819,MIL,6609,32
401585819,MIL,3064482,31
401585819,MIL,3448,28
401585819,MIL,3964,26
401585819,MIL,6606,30
401585819,MIL,6581,22
401585819,MIL,3102533,7
401585819,MIL,4432179,7
401585819,MIL,3907822,20
401585819,MIL,2578239,14
401585819,MIL,4432190,7
401585819,MIL,4591725,7
401585819,MIL,4683749,7
401585819,MIL,3428,0
401585819,MIL,4433622,0
401585819,ORL,4065654,26
401585819,ORL,4432573,35
401585819,ORL,4566434,33
401585819,ORL,2999547,28
401585819,ORL,4432165,28
401585819,ORL,2968436,17
401585819,ORL,4278052,4
401585819,ORL,4433623,5
401585819,ORL,3150844,13
401585819,ORL,4277847,14
401585819,ORL,4348700,4
401585819,ORL,4066636,6
401585819,ORL,4432809,17
401585819,ORL,4712849,5
401585819,ORL,5105806,5
401585820,BKN,4431675,38
401585820,BKN,4712896,41
401585820,BKN,4278067,20
401585820,BKN,3147657,25
401585820,BKN,4432174,27
401585820,BKN,4431714,32
401585820,BKN,4278378,18
401585820,BKN,4277890,29
401585820,BKN,4432192,10
401585820,BKN,2578185,0
401585820,BKN,3138196,0
401585820,BKN,3032979,0
401585820,PHI,6440,30
401585820,PHI,4277919,18
401585820,PHI,3012,23
401585820,PHI,3133603,24
401585820,PHI,4431678,29
401585820,PHI,3416,20
401585820,PHI,4278562,29
401585820,PHI,3064230,23
401585820,PHI,2990984,22
401585820,PHI,4066786,8
401585820,PHI,4683940,6
401585820,PHI,4701234,8
401585820,PHI,4431828,0
401585820,PHI,3059318,0
401585820,PHI,4066436,0
401585821,DEN,3064290,26
401585821,DEN,4278104,24
401585821,DEN,3112335,31
401585821,DEN,2581018,25
401585821,DEN,3936299,24
401585821,DEN,2284101,19
401585821,DEN,4066240,1
401585821,DEN,4395620,1
401585821,DEN,4431690,17
401585821,DEN,6443,24
401585821,DEN,4431767,25
401585821,DEN,4432181,1
401585821,DEN,4576087,21
401585821,DEN,3442,0
401585821,DEN,4398390,0
401585821,MEM,4592691,40
401585821,MEM,5105550,44
401585821,MEM,4395623,38
401585821,MEM,4278402,37
401585821,MEM,4431785,25
401585821,MEM,4065653,9
401585821,MEM,4397148,24
401585821,MEM,5184018,0
401585821,MEM,4066377,23
401585821,MEM,4066796,0
401585821,MEM,3906665,0
401585821,MEM,4433137,0
401585821,MEM,4593125,0
401585821,MEM,3913174,0
401585822,PHX,3202,38
401585822,PHX,3102530,20
401585822,PHX,6580,38
401585822,PHX,3135045,33
401585822,PHX,3136193,36
401585822,PHX,3244,9
401585822,PHX,2583632,23
401585822,PHX,3914285,15
401585822,PHX,4593041,4
401585822,PHX,4395652,5
401585822,PHX,4397102,8
401585822,PHX,6472,5
401585822,PHX,4065663,5
401585822,PHX,4278124,5
401585822,PHX,3059307,0
401585822,MIN,4431671,28
401585822,MIN,3032976,32
401585822,MIN,3136195,29
401585822,MIN,3195,27
401585822,MIN,4594268,35
401585822,MIN,2993874,18
401585822,MIN,4592187,5
401585822,MIN,4687718,5
401585822,MIN,5044385,5
401585822,MIN,4277951,5
401585822,MIN,4396971,20
401585822,MIN,3059310,6
401585822,MIN,3134916,8
401585822,MIN,4278039,18
401585822,MIN,2982334,0
401585823,LAL,1966,38
401585823,LAL,6583,33
401585823,LAL,4066648,34
401585823,LAL,3136776,38
401585823,LAL,4066457,29
401585823,LAL,4065649,2
401585823,LAL,2990962,20
401585823,LAL,4684286,2
401585823,LAL,4397077,12
401585823,LAL,4397204,2
401585823,LAL,2580782,14
401585823,LAL,4066269,2
401585823,LAL,3137259,13
401585823,LAL,4432582,2
401585823,LAL,4395627,0
401585823,NO,3913176,23
401585823,NO,4277813,32
401585823,NO,4395628,34
401585823,NO,6477,7
401585823,NO,2490149,34
401585823,NO,2580365,31
401585823,NO,3908336,2
401585823,NO,4397688,32
401585823,NO,4432813,2
401585823,NO,2579258,4
401585823,NO,4277869,21
401585823,NO,4278352,0
401585823,NO,4278412,0
401585823,NO,4869342,18
401585823,NO,4278594,0
401585823,NO,4432821,0
401585823,NO,4683750,0
401585824,DAL,2531367,27
401585824,DAL,4595400,37
401585824,DAL,2528210,20
401585824,DAL,4432811,31
401585824,DAL,4868423,29
401585824,DAL,6461,24
401585824,DAL,4896481,19
401585824,DAL,4067017,24
401585824,DAL,4397040,30
401585824,DAL,3936099,0
401585824,DAL,3102528,0
401585824,OKC,4433255,12
401585824,OKC,4278073,16
401585824,OKC,4397020,12
401585824,OKC,4593803,13
401585824,OKC,4871145,20
401585824,OKC,4066317,16
401585824,OKC,4432823,12
401585824,OKC,4997526,18
401585824,OKC,4249,22
401585824,OKC,6427,18
401585824,OKC,2490089,18
401585824,OKC,3133626,21
401585824,OKC,4395702,10
401585824,OKC,4397183,18
401585824,OKC,4683692,15
401585825,DET,3914283,33
401585825,DET,4278508,11
401585825,DET,4432808,40
401585825,DET,4432107,31
401585825,DET,4433218,27
401585825,DET,3986,8
401585825,DET,4395676,12
401585825,DET,4066668,20
401585825,DET,6588,17
401585825,DET,4278541,8
401585825,DET,4397119,32
401585825,DET,4433621,0
401585825,DET,4279532,0
401585825,DET,4432166,0
401585825,SA,4066650,16
401585825,SA,4278580,26
401585825,SA,4592479,26
401585825,SA,4395626,25
401585825,SA,4683935,30
401585825,SA,4277850,23
401585825,SA,3133601,19
401585825,SA,4280245,22
401585825,SA,4397107,22
401585825,SA,5081727,32
401585825,SA,4565201,0
401585826,UTAH,4423309,29
401585826,UTAH,4684806,41
401585826,UTAH,3074213,30
401585826,UTAH,4432817,19
401585826,UTAH,4433627,20
401585826,UTAH,4423545,7
401585826,UTAH,4585610,16
401585826,UTAH,5105839,29
401585826,UTAH,4066399,21
401585826,UTAH,4395698,28
401585826,UTAH,4396991,0
401585826,UTAH,4397916,0
401585826,GS,3059319,20
401585826,GS,4431684,21
401585826,GS,4433247,23
401585826,GS,2779,23
401585826,GS,6475,20
401585826,GS,4871143,5
401585826,GS,3032978,13
401585826,GS,3155535,15
401585826,GS,4997536,24
401585826,GS,3943606,5
401585826,GS,4431720,17
401585826,GS,4432171,17
401585826,GS,4592714,15
401585826,GS,4709138,21
401585827,HOU,4432639,33
401585827,HOU,5105592,36
401585827,HOU,3146557,21
401585827,HOU,4437244,23
401585827,HOU,4684740,40
401585827,HOU,3209,12
401585827,HOU,4278588,5
401585827,HOU,2528779,6
401585827,HOU,4376,12
401585827,HOU,3922230,17
401585827,HOU,4396629,14
401585827,HOU,4397821,21
401585827,LAC,3033,8
401585827,LAC,2488653,24
401585827,LAC,3907823,28
401585827,LAC,3914075,46
401585827,LAC,4066387,36
401585827,LAC,2451037,29
401585827,LAC,4431752,38
401585827,LAC,4432162,31
401585827,LAC,4017837,0
401585827,LAC,2595516,0
401585827,LAC,4592492,0
401585828,POR,4278111,38
401585828,POR,4397885,39
401585828,POR,4594326,44
401585828,POR,4397126,15
401585828,POR,5099752,40
401585828,POR,4066268,24
401585828,POR,4871140,10
401585828,POR,4066808,30
401585828,POR,3907498,0
401585828,POR,4351851,0
401585828,POR,4683678,0
401585828,POR,4914336,0
401585828,SAC,6578,31
401585828,SAC,3155942,27
401585828,SAC,4594327,27
401585828,SAC,4066259,26
401585828,SAC,4702177,24
401585828,SAC,3136196,19
401585828,SAC,3893014,11
401585828,SAC,4397693,11
401585828,SAC,4398207,4
401585828,SAC,3452,8
401585828,SAC,2596107,13
401585828,SAC,4592402,8
401585828,SAC,4278053,22
401585828,SAC,4395704,6
401585828,SAC,4433378,4
401654655,LAL,1966,41
401654655,LAL,6583,40
401654655,LAL,4066648,33
401654655,LAL,3136776,37
401654655,LAL,4066457,36
401654655,LAL,2990962,22
401654655,LAL,4397077,8
401654655,LAL,2580782,5
401654655,LAL,3137259,18
401654655,LAL,4684286,0
401654655,LAL,4395627,0
401654655,LAL,4432582,0
401654655,NO,3913176,25
401654655,NO,4277813,35
401654655,NO,4395628,36
401654655,NO,6477,20
401654655,NO,2490149,30
401654655,NO,2580365,28
401654655,NO,4397688,31
401654655,NO,4277869,25
401654655,NO,4869342,10
401654655,NO,3908336,0
401654655,NO,4278594,0
401654655,NO,4432813,0
401654655,NO,4432821,0
401654655,NO,2579258,0
401654655,NO,4683750,0
401654656,GS,6589,35
401654656,GS,3059319,25
401654656,GS,4431684,11
401654656,GS,3975,36
401654656,GS,6475,32
401654656,GS,4871143,2
401654656,GS,3155535,9
401654656,GS,4433247,28
401654656,GS,4997536,2
401654656,GS,2779,18
401654656,GS,4431720,2
401654656,GS,4432171,15
401654656,GS,4709138,24
401654656,GS,3032978,0
401654656,SAC,6578,34
401654656,SAC,3155942,37
401654656,SAC,4594327,39
401654656,SAC,4066259,39
401654656,SAC,4702177,39
401654656,SAC,3136196,19
401654656,SAC,3893014,2
401654656,SAC,4397693,2
401654656,SAC,3452,2
401654656,SAC,2596107,9
401654656,SAC,4278053,17
401654656,SAC,4433378,2
401654656,SAC,4592402,0
401654659,MIA,6430,40
401654659,MIA,3138160,24
401654659,MIA,4997528,14
401654659,MIA,4066261,31
401654659,MIA,4395725,41
401654659,MIA,3449,17
401654659,MIA,4291678,28
401654659,MIA,4432848,22
401654659,MIA,3064447,23
401654659,MIA,3157465,0
401654659,MIA,3934723,0
401654659,MIA,4593049,0
401654659,MIA,4004,0
401654659,MIA,2581190,0
401654659,MIA,3074752,0
401654659,PHI,6440,33
401654659,PHI,3059318,38
401654659,PHI,3012,29
401654659,PHI,3133603,37
401654659,PHI,4431678,44
401654659,PHI,3416,28
401654659,PHI,4278562,10
401654659,PHI,3064230,3
401654659,PHI,2990984,18
401654659,PHI,4431828,0
401654659,PHI,4277919,0
401654659,PHI,4066786,0
401654659,PHI,4683940,0
401654659,PHI,4701234,0
401654658,ATL,4065732,42
401654658,ATL,3102529,38
401654658,ATL,3037789,37
401654658,ATL,3907497,46
401654658,ATL,4277905,43
401654658,ATL,4277952,10
401654658,ATL,4712863,2
401654658,ATL,4032,10
401654658,ATL,3913180,13
401654658,ATL,4432585,0
401654658,ATL,4065656,0
401654658,ATL,4683736,0
401654658,CHI,6478,37
401654658,CHI,3978,44
401654658,CHI,2991350,17
401654658,CHI,4395651,43
401654658,CHI,4397002,41
401654658,CHI,2528693,7
401654658,CHI,6585,11
401654658,CHI,2596112,23
401654658,CHI,3133635,2
401654658,CHI,4433159,15
401654658,CHI,4431687,0
401654658,CHI,5105553,0
401654660,CHI,6478,35
401654660,CHI,3978,41
401654660,CHI,2991350,33
401654660,CHI,4395651,36
401654660,CHI,4397002,41
401654660,CHI,2528693,11
401654660,CHI,6585,8
401654660,CHI,2596112,17
401654660,CHI,3133635,4
401654660,CHI,4433159,13
401654660,CHI,4431687,0
401654660,CHI,5105553,0
401654660,MIA,3138160,25
401654660,MIA,4432848,35
401654660,MIA,4997528,27
401654660,MIA,4066261,32
401654660,MIA,4395725,33
401654660,MIA,3449,12
401654660,MIA,3157465,12
401654660,MIA,4291678,31
401654660,MIA,3934723,4
401654660,MIA,4593049,2
401654660,MIA,4004,3
401654660,MIA,3064447,23
401654660,MIA,6430,0
401654660,MIA,2581190,0
401654660,MIA,3074752,0
401654661,SAC,6578,38
401654661,SAC,3155942,42
401654661,SAC,4594327,38
401654661,SAC,4066259,42
401654661,SAC,4702177,28
401654661,SAC,3136196,13
401654661,SAC,3893014,11
401654661,SAC,2596107,4
401654661,SAC,4278053,24
401654661,SAC,4397693,0
401654661,SAC,3452,0
401654661,SAC,4592402,0
401654661,SAC,4433378,0
401654661,NO,3913176,37
401654661,NO,4277813,26
401654661,NO,4397688,43
401654661,NO,6477,27
401654661,NO,2490149,36
401654661,NO,2580365,21
401654661,NO,4278594,24
401654661,NO,4277869,24
401654661,NO,4869342,2
401654661,NO,3908336,0
401654661,NO,4432813,0
401654661,NO,4432821,0
401654661,NO,2579258,0
401654661,NO,4683750,0
401654757,ORL,4065654,29
401654757,ORL,4432573,41
401654757,ORL,4566434,38
401654757,ORL,2999547,33
401654757,ORL,4432165,33
401654757,ORL,2968436,15
401654757,ORL,3150844,13
401654757,ORL,4277847,15
401654757,ORL,4066636,13
401654757,ORL,4432809,11
401654757,ORL,4278052,0
401654757,ORL,4433623,0
401654757,ORL,4348700,0
401654757,ORL,4712849,0
401654757,ORL,5105806,0
401654757,CLE,4066328,35
401654757,CLE,4432158,36
401654757,CLE,3908809,36
401654757,CLE,4065778,33
401654757,CLE,4396907,32
401654757,CLE,2990969,25
401654757,CLE,4432822,19
401654757,CLE,2991043,20
401654757,CLE,4066757,4
401654757,CLE,6462,0
401654757,CLE,6474,0
401654757,CLE,3064559,0
401654759,PHX,3202,39
401654759,PHX,3102530,27
401654759,PHX,6580,37
401654759,PHX,3135045,25
401654759,PHX,3136193,38
401654759,PHX,3244,4
401654759,PHX,2583632,26
401654759,PHX,3914285,9
401654759,PHX,4395652,4
401654759,PHX,4397102,4
401654759,PHX,3431,21
401654759,PHX,6472,4
401654759,PHX,4065663,4
401654759,PHX,4593041,0
401654759,MIN,4431671,38
401654759,MIN,3032976,37
401654759,MIN,3136195,27
401654759,MIN,3195,27
401654759,MIN,4594268,36
401654759,MIN,2993874,5
401654759,MIN,4592187,3
401654759,MIN,2982334,3
401654759,MIN,4277951,3
401654759,MIN,4396971,19
401654759,MIN,3059310,10
401654759,MIN,3134916,3
401654759,MIN,4278039,29
401654759,MIN,4687718,0
401654759,MIN,5044385,0
401654756,PHI,6440,31
401654756,PHI,3059318,37
401654756,PHI,3012,39
401654756,PHI,3133603,39
401654756,PHI,4431678,44
401654756,PHI,3416,26
401654756,PHI,4278562,11
401654756,PHI,3064230,3
401654756,PHI,2990984,11
401654756,PHI,4431828,0
401654756,PHI,4277919,0
401654756,PHI,4066786,0
401654756,PHI,4701234,0
401654756,NY,3934719,31
401654756,NY,4222252,18
401654756,NY,3062679,42
401654756,NY,3934672,41
401654756,NY,3934673,24
401654756,NY,3593,25
401654756,NY,4351852,30
401654756,NY,4431823,28
401654756,NY,3947156,0
401654756,NY,4431679,0
401654756,NY,4277922,0
401654756,NY,6429,0
401654756,NY,3915195,0
401654756,NY,3913220,0
401654758,LAL,1966,41
401654758,LAL,6583,45
401654758,LAL,4066648,31
401654758,LAL,3136776,41
401654758,LAL,4066457,37
401654758,LAL,2990962,20
401654758,LAL,4397077,4
401654758,LAL,2580782,13
401654758,LAL,3137259,8
401654758,LAL,4278077,0
401654758,LAL,4684286,0
401654758,LAL,4432582,0
401654758,DEN,3064290,32
401654758,DEN,4278104,38
401654758,DEN,3112335,39
401654758,DEN,2581018,37
401654758,DEN,3936299,39
401654758,DEN,2284101,6
401654758,DEN,3442,9
401654758,DEN,6443,9
401654758,DEN,4431767,18
401654758,DEN,4576087,14
401654758,DEN,4395620,0
401654758,DEN,4431690,0
401654758,DEN,4398390,0
401654758,DEN,4432181,0
401654760,MIA,3138160,29
401654760,MIA,4432848,36
401654760,MIA,4997528,26
401654760,MIA,4066261,36
401654760,MIA,4395725,34
401654760,MIA,3449,13
401654760,MIA,3157465,15
401654760,MIA,4291678,26
401654760,MIA,3064447,26
401654760,MIA,6430,0
401654760,MIA,3934723,0
401654760,MIA,4593049,0
401654760,MIA,4004,0
401654760,MIA,2581190,0
401654760,MIA,3074752,0
401654760,BOS,4065648,41
401654760,BOS,3102531,34
401654760,BOS,3995,33
401654760,BOS,3078576,33
401654760,BOS,3917376,34
401654760,BOS,4065804,14
401654760,BOS,3213,26
401654760,BOS,4066354,24
401654760,BOS,4277964,0
401654760,BOS,4278031,0
401654760,BOS,4397424,0
401654760,BOS,3133602,0
401654760,BOS,4432164,0
401654760,BOS,4683689,0
401654763,DAL,3936099,18
401654763,DAL,4278049,14
401654763,DAL,4278078,37
401654763,DAL,6442,39
401654763,DAL,3945274,42
401654763,DAL,2531367,1
401654763,DAL,2960236,27
401654763,DAL,4595400,1
401654763,DAL,4683688,19
401654763,DAL,2528210,16
401654763,DAL,3102528,16
401654763,DAL,4067017,1
401654763,DAL,4432811,9
401654763,DAL,4868423,1
401654763,DAL,6461,0
401654763,LAC,4251,38
401654763,LAC,4017837,33
401654763,LAC,3992,39
401654763,LAC,3907823,39
401654763,LAC,4066387,25
401654763,LAC,2488653,13
401654763,LAC,3468,23
401654763,LAC,2595516,30
401654763,LAC,3033,0
401654763,LAC,2451037,0
401654763,LAC,4431752,0
401654763,LAC,4432162,0
401654763,LAC,4592492,0
401654761,IND,3149673,40
401654761,IND,3133628,33
401654761,IND,4395712,30
401654761,IND,4396909,37
401654761,IND,4396993,38
401654761,IND,2528588,7
401654761,IND,4278355,13
401654761,IND,4397189,13
401654761,IND,4432170,2
401654761,IND,2530530,18
401654761,IND,4433076,9
401654761,IND,3999,0
401654761,IND,5106060,0
401654761,IND,4433254,0
401654761,MIL,6609,35
401654761,MIL,3064482,31
401654761,MIL,3448,32
401654761,MIL,3964,37
401654761,MIL,6606,38
401654761,MIL,6581,12
401654761,MIL,3907822,29
401654761,MIL,2578239,22
401654761,MIL,4397475,6
401654761,MIL,3428,0
401654761,MIL,3102533,0
401654761,MIL,4432179,0
401654761,MIL,4433622,0
401654761,MIL,4432190,0
401654762,NO,3913176,37
401654762,NO,4277813,33
401654762,NO,4397688,44
401654762,NO,6477,29
401654762,NO,2490149,39
401654762,NO,2580365,19
401654762,NO,4278594,16
401654762,NO,4277869,19
401654762,NO,4869342,3
401654762,NO,3908336,0
401654762,NO,4432813,0
401654762,NO,4432821,0
401654762,NO,2579258,0
401654762,NO,4683750,0
401654762,OKC,4433255,32
401654762,OKC,4278073,39
401654762,OKC,4397020,35
401654762,OKC,4593803,40
401654762,OKC,4871145,20
401654762,OKC,4432823,7
401654762,OKC,4249,9
401654762,OKC,3133626,9
401654762,OKC,4395702,15
401654762,OKC,4397183,16
401654762,OKC,4683692,19
401654762,OKC,4066317,0
401654762,OKC,4278046,0
401654762,OKC,4395714,0
401654762,OKC,4997526,0
401654762,OKC,6427,0
401654762,OKC,2490089,0
401654762,OKC,4397654,0
401655118,ORL,4065654,20
401655118,ORL,4432573,41
401655118,ORL,4566434,38
401655118,ORL,2999547,34
401655118,ORL,4432165,29
401655118,ORL,2968436,14
401655118,ORL,4433623,3
401655118,ORL,3150844,21
401655118,ORL,4277847,18
401655118,ORL,4066636,6
401655118,ORL,4432809,17
401655118,ORL,4278052,0
401655118,ORL,4348700,0
401655118,ORL,4712849,0
401655118,ORL,5105806,0
401655118,CLE,4066328,39
401655118,CLE,4432158,32
401655118,CLE,3908809,36
401655118,CLE,4065778,37
401655118,CLE,4396907,32
401655118,CLE,2990969,14
401655118,CLE,4432822,25
401655118,CLE,2991043,25
401655118,CLE,6462,0
401655118,CLE,6474,0
401655118,CLE,3064559,0
401655118,CLE,4066757,0
401655106,PHI,6440,41
401655106,PHI,3059318,39
401655106,PHI,3012,34
401655106,PHI,3133603,26
401655106,PHI,4431678,44
401655106,PHI,3416,33
401655106,PHI,4278562,9
401655106,PHI,2990984,15
401655106,PHI,4431828,0
401655106,PHI,4277919,0
401655106,PHI,3064230,0
401655106,PHI,4066786,0
401655106,PHI,4701234,0
401655106,NY,3934719,37
401655106,NY,4222252,30
401655106,NY,3062679,48
401655106,NY,3934672,38
401655106,NY,3934673,37
401655106,NY,3593,12
401655106,NY,4351852,18
401655106,NY,4431823,21
401655106,NY,3947156,0
401655106,NY,4431679,0
401655106,NY,4277922,0
401655106,NY,6429,0
401655106,NY,3915195,0
401655106,NY,3913220,0
401655082,LAL,1966,38
401655082,LAL,6583,39
401655082,LAL,4066648,38
401655082,LAL,3136776,39
401655082,LAL,4066457,33
401655082,LAL,4065649,0
401655082,LAL,2990962,22
401655082,LAL,4397077,6
401655082,LAL,2580782,10
401655082,LAL,3137259,15
401655082,LAL,4278077,0
401655082,LAL,4684286,0
401655082,LAL,4432582,0
401655082,DEN,3064290,40
401655082,DEN,4278104,38
401655082,DEN,3112335,41
401655082,DEN,2581018,35
401655082,DEN,3936299,40
401655082,DEN,2284101,13
401655082,DEN,6443,9
401655082,DEN,4431767,13
401655082,DEN,4576087,12
401655082,DEN,4066240,0
401655082,DEN,4395620,0
401655082,DEN,4431690,0
401655082,DEN,3442,0
401655082,DEN,4065731,0
401655082,DEN,4278585,0
401655082,DEN,4398390,0
401655082,DEN,4432181,0
401655088,PHX,3202,41
401655088,PHX,3102530,31
401655088,PHX,6580,42
401655088,PHX,3135045,17
401655088,PHX,3136193,42
401655088,PHX,2583632,17
401655088,PHX,3914285,17
401655088,PHX,4593041,2
401655088,PHX,4395652,2
401655088,PHX,4397102,2
401655088,PHX,3431,23
401655088,PHX,4065663,2
401655088,PHX,3244,0
401655088,PHX,6472,0
401655088,MIN,4431671,41
401655088,MIN,3032976,39
401655088,MIN,3136195,24
401655088,MIN,3195,32
401655088,MIN,4594268,38
401655088,MIN,4592187,2
401655088,MIN,2982334,2
401655088,MIN,4277951,2
401655088,MIN,4396971,17
401655088,MIN,3059310,11
401655088,MIN,3134916,2
401655088,MIN,4278039,31
401655088,MIN,2993874,0
401655088,MIN,4687718,0
401655088,MIN,5044385,0
401655112,IND,3149673,37
401655112,IND,3133628,34
401655112,IND,4395712,32
401655112,IND,4396909,36
401655112,IND,4396993,37
401655112,IND,4278355,21
401655112,IND,5106060,2
401655112,IND,2530530,17
401655112,IND,4433076,23
401655112,IND,4433254,1
401655112,IND,3999,0
401655112,IND,2528588,0
401655112,IND,4397189,0
401655112,IND,4432170,0
401655112,MIL,6609,36
401655112,MIL,3064482,30
401655112,MIL,3448,29
401655112,MIL,3964,34
401655112,MIL,6606,39
401655112,MIL,6581,15
401655112,MIL,4432179,4
401655112,MIL,4433622,4
401655112,MIL,3907822,10
401655112,MIL,2578239,19
401655112,MIL,4397475,15
401655112,MIL,4432190,5
401655112,MIL,3428,0
401655112,MIL,3102533,0
401655094,DAL,3936099,32
401655094,DAL,4278049,9
401655094,DAL,4278078,35
401655094,DAL,6442,42
401655094,DAL,3945274,46
401655094,DAL,2960236,28
401655094,DAL,4683688,21
401655094,DAL,2528210,6
401655094,DAL,3102528,6
401655094,DAL,4432811,14
401655094,DAL,6461,0
401655094,DAL,2531367,0
401655094,DAL,4595400,0
401655094,DAL,4067017,0
401655094,DAL,4868423,0
401655094,LAC,4251,37
401655094,LAC,6450,35
401655094,LAC,4017837,33
401655094,LAC,3992,42
401655094,LAC,3907823,21
401655094,LAC,2488653,11
401655094,LAC,3468,24
401655094,LAC,2595516,26
401655094,LAC,4066387,12
401655094,LAC,4396818,0
401655094,LAC,3033,0
401655094,LAC,2451037,0
401655094,LAC,4431752,0
401655094,LAC,4432162,0
401655094,LAC,4592492,0
401655100,MIA,3138160,36
401655100,MIA,4432848,31
401655100,MIA,4997528,25
401655100,MIA,4066261,40
401655100,MIA,4395725,39
401655100,MIA,3449,6
401655100,MIA,3157465,17
401655100,MIA,4291678,26
401655100,MIA,3064447,20
401655100,MIA,6430,0
401655100,MIA,3934723,0
401655100,MIA,4593049,0
401655100,MIA,4004,0
401655100,MIA,2581190,0
401655100,MIA,3074752,0
401655100,BOS,4065648,41
401655100,BOS,3102531,30
401655100,BOS,3995,37
401655100,BOS,3078576,36
401655100,BOS,3917376,37
401655100,BOS,4065804,15
401655100,BOS,3213,23
401655100,BOS,4066354,20
401655100,BOS,4277964,0
401655100,BOS,4278031,0
401655100,BOS,4397424,0
401655100,BOS,3133602,0
401655100,BOS,4432164,0
401655100,BOS,4683689,0
401655076,NO,3913176,33
401655076,NO,4277813,36
401655076,NO,4397688,38
401655076,NO,6477,23
401655076,NO,2490149,36
401655076,NO,2580365,14
401655076,NO,4278594,25
401655076,NO,4432813,5
401655076,NO,4277869,17
401655076,NO,4683750,5
401655076,NO,4869342,8
401655076,NO,3908336,0
401655076,NO,4432821,0
401655076,NO,2579258,0
401655076,OKC,4433255,29
401655076,OKC,4278073,35
401655076,OKC,4397020,31
401655076,OKC,4593803,35
401655076,OKC,4871145,26
401655076,OKC,4066317,3
401655076,OKC,4432823,17
401655076,OKC,4997526,3
401655076,OKC,4249,10
401655076,OKC,3133626,3
401655076,OKC,4395702,17
401655076,OKC,4397183,12
401655076,OKC,4683692,19
401655076,OKC,6427,0
401655076,OKC,2490089,0
401655119,CLE,4066328,24
401655119,CLE,4432158,22
401655119,CLE,3908809,27
401655119,CLE,4065778,24
401655119,CLE,4396907,31
401655119,CLE,6462,9
401655119,CLE,2990969,18
401655119,CLE,4432822,16
401655119,CLE,6474,10
401655119,CLE,3064559,7
401655119,CLE,2991043,29
401655119,CLE,4066757,22
401655119,ORL,4432573,29
401655119,ORL,4566434,30
401655119,ORL,4277847,25
401655119,ORL,2999547,21
401655119,ORL,4432165,28
401655119,ORL,2968436,10
401655119,ORL,4065654,16
401655119,ORL,4278052,6
401655119,ORL,4433623,7
401655119,ORL,3150844,18
401655119,ORL,4348700,6
401655119,ORL,4066636,17
401655119,ORL,4432809,16
401655119,ORL,4712849,7
401655119,ORL,5105806,6
401655107,NY,3934719,39
401655107,NY,4222252,26
401655107,NY,3062679,43
401655107,NY,3934672,45
401655107,NY,3934673,28
401655107,NY,4431679,10
401655107,NY,4592461,0
401655107,NY,3593,13
401655107,NY,4351852,12
401655107,NY,4397235,0
401655107,NY,4066508,0
401655107,NY,4431823,22
401655107,NY,3947156,0
401655107,NY,4277922,0
401655107,NY,6429,0
401655107,NY,3915195,0
401655107,NY,3913220,0
401655107,PHI,6440,33
401655107,PHI,3059318,41
401655107,PHI,3012,31
401655107,PHI,3133603,38
401655107,PHI,4431678,41
401655107,PHI,3416,29
401655107,PHI,3136491,0
401655107,PHI,4278562,7
401655107,PHI,3064230,16
401655107,PHI,2990984,4
401655107,PHI,4683940,0
401655107,PHI,4431828,0
401655107,PHI,4277919,0
401655107,PHI,4066436,0
401655107,PHI,4066786,0
401655107,PHI,4701234,0
401655083,DEN,3064290,41
401655083,DEN,4278104,35
401655083,DEN,3112335,39
401655083,DEN,2581018,35
401655083,DEN,3936299,41
401655083,DEN,2284101,8
401655083,DEN,4066240,0
401655083,DEN,4065731,0
401655083,DEN,6443,7
401655083,DEN,4278585,0
401655083,DEN,4431767,17
401655083,DEN,4576087,16
401655083,DEN,4395620,0
401655083,DEN,4431690,0
401655083,DEN,3442,0
401655083,DEN,4398390,0
401655083,DEN,4432181,0
401655083,LAL,1966,42
401655083,LAL,6583,43
401655083,LAL,4066648,28
401655083,LAL,3136776,24
401655083,LAL,4066457,41
401655083,LAL,4065649,0
401655083,LAL,2990962,20
401655083,LAL,4397204,0
401655083,LAL,2580782,22
401655083,LAL,4066269,0
401655083,LAL,3137259,20
401655083,LAL,4278077,0
401655083,LAL,4684286,0
401655083,LAL,4397077,0
401655083,LAL,4432582,0
401655113,MIL,6609,41
401655113,MIL,3064482,44
401655113,MIL,3448,39
401655113,MIL,3964,42
401655113,MIL,6606,45
401655113,MIL,6581,2
401655113,MIL,3907822,7
401655113,MIL,2578239,13
401655113,MIL,4397475,14
401655113,MIL,4432190,17
401655113,MIL,3428,0
401655113,MIL,3102533,0
401655113,MIL,4432179,0
401655113,IND,3149673,42
401655113,IND,3133628,42
401655113,IND,4395712,40
401655113,IND,4396909,43
401655113,IND,4396993,46
401655113,IND,4278355,17
401655113,IND,4397189,3
401655113,IND,2530530,16
401655113,IND,4433076,17
401655113,IND,3999,0
401655113,IND,2528588,0
401655113,IND,4432170,0
401655113,IND,5106060,0
401655113,IND,4433254,0
401655095,LAC,4251,30
401655095,LAC,6450,25
401655095,LAC,4017837,32
401655095,LAC,3992,44
401655095,LAC,3907823,23
401655095,LAC,2488653,10
401655095,LAC,3468,19
401655095,LAC,2595516,30
401655095,LAC,4066387,18
401655095,LAC,4431752,3
401655095,LAC,4432162,3
401655095,LAC,4592492,3
401655095,LAC,3033,0
401655095,LAC,2451037,0
401655095,DAL,3936099,27
401655095,DAL,4278049,26
401655095,DAL,4278078,34
401655095,DAL,6442,37
401655095,DAL,3945274,40
401655095,DAL,2531367,3
401655095,DAL,2960236,16
401655095,DAL,4683688,15
401655095,DAL,3102528,12
401655095,DAL,4067017,2
401655095,DAL,4432811,25
401655095,DAL,4868423,3
401655095,DAL,6461,0
401655089,MIN,4431671,30
401655089,MIN,3032976,38
401655089,MIN,3136195,24
401655089,MIN,3195,34
401655089,MIN,4594268,43
401655089,MIN,2993874,8
401655089,MIN,4592187,0
401655089,MIN,4687718,0
401655089,MIN,5044385,0
401655089,MIN,4277951,0
401655089,MIN,4396971,18
401655089,MIN,3059310,9
401655089,MIN,4278039,33
401655089,MIN,2982334,0
401655089,MIN,3134916,0
401655089,PHX,3202,42
401655089,PHX,2583632,24
401655089,PHX,3102530,26
401655089,PHX,6580,43
401655089,PHX,3136193,42
401655089,PHX,3914285,11
401655089,PHX,4593041,0
401655089,PHX,4395652,0
401655089,PHX,4397102,7
401655089,PHX,3431,34
401655089,PHX,4065663,9
401655089,PHX,3244,0
401655089,PHX,6472,0
401655120,CLE,4066328,29
401655120,CLE,4432158,32
401655120,CLE,3908809,36
401655120,CLE,4065778,30
401655120,CLE,4396907,32
401655120,CLE,6462,6
401655120,CLE,2990969,17
401655120,CLE,4432822,21
401655120,CLE,6474,6
401655120,CLE,2991043,26
401655120,CLE,4066757,6
401655120,CLE,3064559,0
401655120,ORL,4432573,29
401655120,ORL,4566434,40
401655120,ORL,4277847,24
401655120,ORL,2999547,24
401655120,ORL,4432165,29
401655120,ORL,2968436,5
401655120,ORL,4065654,20
401655120,ORL,4278052,4
401655120,ORL,4433623,4
401655120,ORL,3150844,15
401655120,ORL,4348700,4
401655120,ORL,4066636,19
401655120,ORL,4432809,15
401655120,ORL,4712849,4
401655120,ORL,5105806,4
401655120,ORL,3918423,0
401655120,ORL,4409222,0
401655120,ORL,4067858,0
401655077,OKC,4433255,33
401655077,OKC,4278073,37
401655077,OKC,4397020,39
401655077,OKC,4593803,35
401655077,OKC,4871145,31
401655077,OKC,4066317,2
401655077,OKC,4432823,10
401655077,OKC,4249,8
401655077,OKC,3133626,2
401655077,OKC,4395702,9
401655077,OKC,4397183,16
401655077,OKC,4683692,18
401655077,OKC,4997526,0
401655077,OKC,6427,0
401655077,OKC,2490089,0
401655077,NO,3913176,37
401655077,NO,4277813,38
401655077,NO,4397688,44
401655077,NO,6477,12
401655077,NO,2490149,35
401655077,NO,2580365,29
401655077,NO,3908336,3
401655077,NO,4278594,21
401655077,NO,4432821,3
401655077,NO,4277869,11
401655077,NO,4683750,3
401655077,NO,4869342,7
401655077,NO,2579258,0
401655101,BOS,4065648,39
401655101,BOS,3102531,27
401655101,BOS,3995,35
401655101,BOS,3078576,31
401655101,BOS,3917376,33
401655101,BOS,4065804,20
401655101,BOS,4278031,1
401655101,BOS,3213,22
401655101,BOS,3064560,5
401655101,BOS,3133602,1
401655101,BOS,4066354,25
401655101,BOS,4277964,0
401655101,BOS,4397424,0
401655101,BOS,4432164,0
401655101,BOS,4683689,0
401655101,MIA,3138160,38
401655101,MIA,4432848,34
401655101,MIA,4997528,34
401655101,MIA,4066261,39
401655101,MIA,4395725,33
401655101,MIA,3449,4
401655101,MIA,3157465,7
401655101,MIA,4291678,32
401655101,MIA,3934723,6
401655101,MIA,4593049,2
401655101,MIA,4004,12
401655101,MIA,6430,0
401655101,MIA,2581190,0
401655101,MIA,3064447,0
401655101,MIA,3074752,0
401655084,DEN,3064290,42
401655084,DEN,4278104,40
401655084,DEN,3112335,41
401655084,DEN,2581018,40
401655084,DEN,3936299,39
401655084,DEN,2284101,5
401655084,DEN,6443,9
401655084,DEN,4431767,12
401655084,DEN,4576087,13
401655084,DEN,4395620,0
401655084,DEN,4431690,0
401655084,DEN,3442,0
401655084,DEN,4398390,0
401655084,DEN,4432181,0
401655084,LAL,1966,39
401655084,LAL,6583,42
401655084,LAL,4066648,22
401655084,LAL,3136776,41
401655084,LAL,4066457,30
401655084,LAL,2990962,29
401655084,LAL,4397077,6
401655084,LAL,2580782,14
401655084,LAL,3137259,17
401655084,LAL,3058254,0
401655084,LAL,4684286,0
401655084,LAL,4432582,0
401655108,NY,3934719,47
401655108,NY,4222252,28
401655108,NY,3062679,46
401655108,NY,3934672,44
401655108,NY,3934673,28
401655108,NY,4431679,20
401655108,NY,3593,1
401655108,NY,4431823,27
401655108,NY,3947156,0
401655108,NY,4277922,0
401655108,NY,4351852,0
401655108,NY,6429,0
401655108,NY,3915195,0
401655108,NY,3913220,0
401655108,PHI,6440,34
401655108,PHI,3059318,44
401655108,PHI,3012,33
401655108,PHI,3133603,40
401655108,PHI,4431678,43
401655108,PHI,3416,21
401655108,PHI,4278562,4
401655108,PHI,3064230,14
401655108,PHI,4066436,7
401655108,PHI,4431828,0
401655108,PHI,4277919,0
401655108,PHI,2990984,0
401655108,PHI,4066786,0
401655108,PHI,4701234,0
401655096,LAC,4251,43
401655096,LAC,4017837,30
401655096,LAC,3992,40
401655096,LAC,3907823,35
401655096,LAC,4066387,23
401655096,LAC,2488653,14
401655096,LAC,3468,22
401655096,LAC,2595516,32
401655096,LAC,3033,0
401655096,LAC,2451037,0
401655096,LAC,4431752,0
401655096,LAC,4432162,0
401655096,LAC,4592492,0
401655096,DAL,3936099,33
401655096,DAL,4278049,19
401655096,DAL,4278078,41
401655096,DAL,6442,45
401655096,DAL,3945274,45
401655096,DAL,2960236,22
401655096,DAL,4683688,18
401655096,DAL,3102528,2
401655096,DAL,4432811,13
401655096,DAL,4868423,3
401655096,DAL,6461,0
401655096,DAL,2531367,0
401655096,DAL,4067017,0
401655114,MIL,6609,40
401655114,MIL,3064482,7
401655114,MIL,3448,39
401655114,MIL,3964,21
401655114,MIL,3907822,34
401655114,MIL,3428,13
401655114,MIL,6581,13
401655114,MIL,3102533,2
401655114,MIL,4432179,2
401655114,MIL,2578239,22
401655114,MIL,4397475,21
401655114,MIL,4432190,25
401655114,IND,3149673,40
401655114,IND,3133628,38
401655114,IND,4395712,38
401655114,IND,4396909,38
401655114,IND,4396993,32
401655114,IND,2528588,3
401655114,IND,4278355,17
401655114,IND,4432170,2
401655114,IND,5106060,2
401655114,IND,2530530,18
401655114,IND,4433076,14
401655114,IND,3999,0
401655114,IND,4397189,0
401655114,IND,4433254,0
401655090,MIN,4431671,34
401655090,MIN,3032976,25
401655090,MIN,3136195,39
401655090,MIN,3195,34
401655090,MIN,4594268,41
401655090,MIN,2993874,17
401655090,MIN,4396971,20
401655090,MIN,4278039,31
401655090,MIN,4592187,0
401655090,MIN,4687718,0
401655090,MIN,5044385,0
401655090,MIN,2982334,0
401655090,MIN,4277951,0
401655090,MIN,3059310,0
401655090,MIN,3134916,0
401655090,PHX,3202,46
401655090,PHX,2583632,37
401655090,PHX,3102530,20
401655090,PHX,6580,31
401655090,PHX,3136193,45
401655090,PHX,4395652,7
401655090,PHX,3431,39
401655090,PHX,4065663,14
401655090,PHX,3244,0
401655090,PHX,3914285,0
401655090,PHX,4593041,0
401655090,PHX,4397102,0
401655090,PHX,6472,0
401655102,BOS,4065648,37
401655102,BOS,3102531,14
401655102,BOS,3995,38
401655102,BOS,3078576,41
401655102,BOS,3917376,39
401655102,BOS,4065804,16
401655102,BOS,3213,34
401655102,BOS,3064560,3
401655102,BOS,4066354,18
401655102,BOS,4277964,0
401655102,BOS,4278031,0
401655102,BOS,4397424,0
401655102,BOS,3133602,0
401655102,BOS,4432164,0
401655102,BOS,4683689,0
401655102,MIA,3138160,37
401655102,MIA,4432848,22
401655102,MIA,4997528,16
401655102,MIA,4066261,42
401655102,MIA,4395725,44
401655102,MIA,3449,6
401655102,MIA,3157465,3
401655102,MIA,4291678,19
401655102,MIA,4004,22
401655102,MIA,3064447,29
401655102,MIA,6430,0
401655102,MIA,3934723,0
401655102,MIA,4593049,0
401655102,MIA,2581190,0
401655102,MIA,3074752,0
401655078,OKC,4433255,35
401655078,OKC,4278073,40
401655078,OKC,4397020,36
401655078,OKC,4593803,38
401655078,OKC,4871145,29
401655078,OKC,4432823,11
401655078,OKC,4249,4
401655078,OKC,3133626,2
401655078,OKC,4395702,14
401655078,OKC,4397183,16
401655078,OKC,4683692,14
401655078,OKC,4066317,0
401655078,OKC,4997526,0
401655078,OKC,6427,0
401655078,OKC,2490089,0
401655078,NO,3913176,39
401655078,NO,4277813,34
401655078,NO,4397688,43
401655078,NO,6477,26
401655078,NO,2490149,37
401655078,NO,2580365,21
401655078,NO,4278594,22
401655078,NO,4277869,15
401655078,NO,4683750,4
401655078,NO,3908336,0
401655078,NO,4432813,0
401655078,NO,4432821,0
401655078,NO,2579258,0
401655078,NO,4869342,0
401655085,LAL,1966,44
401655085,LAL,6583,40
401655085,LAL,4066648,34
401655085,LAL,3136776,39
401655085,LAL,4066457,34
401655085,LAL,2990962,19
401655085,LAL,4397077,7
401655085,LAL,2580782,14
401655085,LAL,3137259,9
401655085,LAL,3058254,0
401655085,LAL,4278077,0
401655085,LAL,4684286,0
401655085,LAL,4432582,0
401655085,DEN,3064290,46
401655085,DEN,4278104,46
401655085,DEN,3112335,41
401655085,DEN,2581018,33
401655085,DEN,3936299,41
401655085,DEN,2284101,4
401655085,DEN,6443,18
401655085,DEN,4431767,6
401655085,DEN,4576087,5
401655085,DEN,4395620,0
401655085,DEN,4431690,0
401655085,DEN,3442,0
401655085,DEN,4398390,0
401655085,DEN,4432181,0
401655109,PHI,6440,49
401655109,PHI,3059318,48
401655109,PHI,3012,26
401655109,PHI,3133603,39
401655109,PHI,4431678,52
401655109,PHI,3416,33
401655109,PHI,4278562,4
401655109,PHI,3064230,14
401655109,PHI,4431828,0
401655109,PHI,4277919,0
401655109,PHI,2990984,0
401655109,PHI,4066436,0
401655109,PHI,4066786,0
401655109,PHI,4701234,0
401655109,NY,3934719,50
401655109,NY,4222252,27
401655109,NY,3062679,53
401655109,NY,3934672,51
401655109,NY,3934673,26
401655109,NY,4351852,25
401655109,NY,4431823,33
401655109,NY,3947156,0
401655109,NY,4431679,0
401655109,NY,4277922,0
401655109,NY,6429,0
401655109,NY,3915195,0
401655109,NY,3913220,0
401655121,ORL,4432573,38
401655121,ORL,4566434,38
401655121,ORL,4277847,33
401655121,ORL,2999547,19
401655121,ORL,4432165,39
401655121,ORL,2968436,10
401655121,ORL,4065654,22
401655121,ORL,3150844,15
401655121,ORL,4066636,15
401655121,ORL,4432809,12
401655121,ORL,4278052,0
401655121,ORL,4433623,0
401655121,ORL,4348700,0
401655121,ORL,4712849,0
401655121,ORL,5105806,0
401655121,CLE,4432822,23
401655121,CLE,4432158,39
401655121,CLE,3908809,40
401655121,CLE,4065778,40
401655121,CLE,4396907,39
401655121,CLE,6462,26
401655121,CLE,6474,9
401655121,CLE,2991043,19
401655121,CLE,4066757,6
401655121,CLE,2990969,0
401655121,CLE,3064559,0
401655121,CLE,4066328,0
401655115,IND,3149673,34
401655115,IND,3133628,31
401655115,IND,4395712,32
401655115,IND,4396909,27
401655115,IND,4396993,34
401655115,IND,2528588,5
401655115,IND,4278355,23
401655115,IND,4432170,9
401655115,IND,5106060,5
401655115,IND,2530530,16
401655115,IND,4433076,24
401655115,IND,3999,0
401655115,IND,4397189,0
401655115,IND,4433254,0
401655115,MIL,6609,40
401655115,MIL,3064482,39
401655115,MIL,3448,31
401655115,MIL,3964,36
401655115,MIL,3907822,28
401655115,MIL,3428,21
401655115,MIL,4432179,1
401655115,MIL,2578239,32
401655115,MIL,4397475,5
401655115,MIL,4432190,7
401655115,MIL,6581,0
401655115,MIL,3102533,0
401655115,MIL,4433622,0
401655103,MIA,3138160,36
401655103,MIA,4997528,28
401655103,MIA,4066261,36
401655103,MIA,3064447,32
401655103,MIA,4395725,35
401655103,MIA,3449,3
401655103,MIA,3157465,17
401655103,MIA,4291678,23
401655103,MIA,3934723,12
401655103,MIA,4004,17
401655103,MIA,6430,0
401655103,MIA,4432848,0
401655103,MIA,4593049,0
401655103,MIA,2581190,0
401655103,MIA,3074752,0
401655103,BOS,4065648,32
401655103,BOS,3213,23
401655103,BOS,3995,34
401655103,BOS,3078576,29
401655103,BOS,3917376,26
401655103,BOS,4065804,20
401655103,BOS,4277964,7
401655103,BOS,4278031,5
401655103,BOS,3064560,18
401655103,BOS,3133602,10
401655103,BOS,4066354,27
401655103,BOS,4432164,8
401655103,BOS,4397424,0
401655103,BOS,4683689,0
401655097,DAL,3936099,30
401655097,DAL,4278049,19
401655097,DAL,4278078,30
401655097,DAL,6442,35
401655097,DAL,3945274,39
401655097,DAL,2531367,4
401655097,DAL,2960236,19
401655097,DAL,4683688,25
401655097,DAL,3102528,10
401655097,DAL,4067017,6
401655097,DAL,4432811,18
401655097,DAL,4868423,6
401655097,DAL,6461,0
401655097,LAC,4251,33
401655097,LAC,4017837,26
401655097,LAC,3992,33
401655097,LAC,3907823,32
401655097,LAC,4066387,27
401655097,LAC,3033,10
401655097,LAC,2451037,4
401655097,LAC,2488653,16
401655097,LAC,3468,16
401655097,LAC,2595516,24
401655097,LAC,4431752,6
401655097,LAC,4432162,6
401655097,LAC,4592492,7
401655116,MIL,6609,38
401655116,MIL,3064482,36
401655116,MIL,3448,31
401655116,MIL,3964,40
401655116,MIL,6606,35
401655116,MIL,3428,4
401655116,MIL,3102533,3
401655116,MIL,4432179,3
401655116,MIL,4433622,3
401655116,MIL,3907822,23
401655116,MIL,2578239,16
401655116,MIL,4397475,5
401655116,MIL,4432190,5
401655116,MIL,6581,0
401655116,IND,3149673,35
401655116,IND,3133628,23
401655116,IND,4395712,37
401655116,IND,4396909,30
401655116,IND,4396993,32
401655116,IND,2528588,2
401655116,IND,4278355,24
401655116,IND,4432170,10
401655116,IND,5106060,3
401655116,IND,2530530,23
401655116,IND,4433076,19
401655116,IND,4433254,2
401655116,IND,3999,0
401655116,IND,4397189,0
401655110,NY,3934719,45
401655110,NY,4222252,30
401655110,NY,3062679,46
401655110,NY,3934672,44
401655110,NY,3934673,48
401655110,NY,4592461,0
401655110,NY,4351852,18
401655110,NY,4397235,0
401655110,NY,4066508,0
401655110,NY,4431823,9
401655110,NY,3947156,0
401655110,NY,4431679,0
401655110,NY,4277922,0
401655110,NY,6429,0
401655110,NY,3915195,0
401655110,NY,3913220,0
401655110,PHI,6440,29
401655110,PHI,3059318,40
401655110,PHI,3012,13
401655110,PHI,3133603,43
401655110,PHI,4431678,43
401655110,PHI,3416,28
401655110,PHI,3136491,0
401655110,PHI,4278562,8
401655110,PHI,3064230,16
401655110,PHI,2990984,21
401655110,PHI,4683940,0
401655110,PHI,4431828,0
401655110,PHI,4277919,0
401655110,PHI,4066436,0
401655110,PHI,4066786,0
401655110,PHI,4701234,0
401655122,CLE,6462,27
401655122,CLE,4432158,34
401655122,CLE,3908809,42
401655122,CLE,4065778,39
401655122,CLE,4396907,43
401655122,CLE,2990969,11
401655122,CLE,4432822,24
401655122,CLE,4433620,0
401655122,CLE,6474,12
401655122,CLE,2991043,7
401655122,CLE,3064559,0
401655122,CLE,4066328,0
401655122,CLE,4066757,0
401655122,ORL,4065654,23
401655122,ORL,4432573,42
401655122,ORL,4566434,42
401655122,ORL,4277847,36
401655122,ORL,4432165,35
401655122,ORL,2968436,8
401655122,ORL,3150844,12
401655122,ORL,4066636,23
401655122,ORL,4432809,19
401655122,ORL,4278052,0
401655122,ORL,4433623,0
401655122,ORL,4348700,0
401655122,ORL,2999547,0
401655122,ORL,4712849,0
401655122,ORL,5105806,0
401655098,LAC,3033,20
401655098,LAC,4251,42
401655098,LAC,4017837,37
401655098,LAC,3992,43
401655098,LAC,3907823,39
401655098,LAC,2488653,2
401655098,LAC,3468,9
401655098,LAC,2595516,36
401655098,LAC,4066387,8
401655098,LAC,4431752,1
401655098,LAC,4432162,1
401655098,LAC,4592492,1
401655098,LAC,2451037,0
401655098,DAL,3936099,36
401655098,DAL,4278049,22
401655098,DAL,4278078,35
401655098,DAL,6442,42
401655098,DAL,3945274,43
401655098,DAL,2531367,1
401655098,DAL,2960236,5
401655098,DAL,4683688,24
401655098,DAL,3102528,7
401655098,DAL,4067017,1
401655098,DAL,4432811,21
401655098,DAL,4868423,1
401655098,DAL,6461,0
401657182,MIN,4431671,39
401657182,MIN,3032976,35
401657182,MIN,3136195,31
401657182,MIN,3195,31
401657182,MIN,4594268,42
401657182,MIN,2993874,12
401657182,MIN,4396971,23
401657182,MIN,3059310,3
401657182,MIN,4278039,23
401657182,MIN,4592187,0
401657182,MIN,4687718,0
401657182,MIN,5044385,0
401657182,MIN,2982334,0
401657182,MIN,4277951,0
401657182,MIN,3134916,0
401657182,DEN,3064290,33
401657182,DEN,4278104,40
401657182,DEN,3112335,41
401657182,DEN,2581018,37
401657182,DEN,3936299,34
401657182,DEN,2284101,16
401657182,DEN,6443,14
401657182,DEN,4431767,19
401657182,DEN,4576087,6
401657182,DEN,4395620,0
401657182,DEN,4431690,0
401657182,DEN,3442,0
401657182,DEN,4398390,0
401657182,DEN,4432181,0
401655123,ORL,4432573,42
401655123,ORL,4566434,35
401655123,ORL,4277847,35
401655123,ORL,2999547,27
401655123,ORL,4432165,40
401655123,ORL,2968436,6
401655123,ORL,4065654,18
401655123,ORL,3150844,12
401655123,ORL,4066636,13
401655123,ORL,4432809,13
401655123,ORL,4278052,0
401655123,ORL,4433623,0
401655123,ORL,4348700,0
401655123,ORL,4712849,0
401655123,ORL,5105806,0
401655123,CLE,4432822,33
401655123,CLE,4432158,41
401655123,CLE,3908809,45
401655123,CLE,4065778,32
401655123,CLE,4396907,30
401655123,CLE,6462,7
401655123,CLE,2990969,3
401655123,CLE,6474,7
401655123,CLE,2991043,30
401655123,CLE,4066757,11
401655123,CLE,3064559,0
401655123,CLE,4066328,0
401657420,IND,3149673,37
401657420,IND,3133628,35
401657420,IND,4395712,29
401657420,IND,4396909,31
401657420,IND,4396993,36
401657420,IND,4278355,19
401657420,IND,4432170,13
401657420,IND,2530530,22
401657420,IND,4433076,18
401657420,IND,3999,0
401657420,IND,2528588,0
401657420,IND,4397189,0
401657420,IND,5106060,0
401657420,IND,4433254,0
401657420,NY,3934719,42
401657420,NY,4222252,36
401657420,NY,3062679,48
401657420,NY,3934672,44
401657420,NY,3934673,44
401657420,NY,4431679,4
401657420,NY,4351852,12
401657420,NY,4431823,11
401657420,NY,3947156,0
401657420,NY,4277922,0
401657420,NY,6429,0
401657420,NY,3915195,0
401657420,NY,3913220,0
401657183,MIN,2993874,26
401657183,MIN,4431671,26
401657183,MIN,3136195,36
401657183,MIN,3195,32
401657183,MIN,4594268,37
401657183,MIN,4592187,3
401657183,MIN,4687718,3
401657183,MIN,5044385,3
401657183,MIN,4277951,3
401657183,MIN,4396971,29
401657183,MIN,3059310,8
401657183,MIN,3134916,3
401657183,MIN,4278039,30
401657183,MIN,2982334,0
401657183,DEN,3064290,33
401657183,DEN,4278104,39
401657183,DEN,3112335,39
401657183,DEN,2581018,28
401657183,DEN,3936299,36
401657183,DEN,2284101,22
401657183,DEN,4395620,3
401657183,DEN,4431690,3
401657183,DEN,6443,10
401657183,DEN,4398390,3
401657183,DEN,4431767,11
401657183,DEN,4432181,3
401657183,DEN,4576087,9
401657183,DEN,3442,0
401658224,CLE,4432822,29
401658224,CLE,4432158,32
401658224,CLE,3908809,37
401658224,CLE,4065778,35
401658224,CLE,4396907,36
401658224,CLE,6462,9
401658224,CLE,2990969,4
401658224,CLE,6474,16
401658224,CLE,2991043,26
401658224,CLE,4066757,17
401658224,CLE,3064559,0
401658224,CLE,4066328,0
401658224,BOS,4065648,35
401658224,BOS,3213,27
401658224,BOS,3995,36
401658224,BOS,3078576,33
401658224,BOS,3917376,34
401658224,BOS,4065804,17
401658224,BOS,4277964,7
401658224,BOS,4278031,3
401658224,BOS,3064560,21
401658224,BOS,4397424,3
401658224,BOS,4066354,24
401658224,BOS,3133602,0
401658224,BOS,4432164,0
401658224,BOS,4683689,0
401657231,DAL,3936099,30
401657231,DAL,4278049,27
401657231,DAL,4278078,26
401657231,DAL,6442,37
401657231,DAL,3945274,41
401657231,DAL,2531367,5
401657231,DAL,4683688,13
401657231,DAL,2528210,17
401657231,DAL,3102528,9
401657231,DAL,4067017,5
401657231,DAL,4432811,25
401657231,DAL,4868423,5
401657231,DAL,6461,0
401657231,OKC,4433255,31
401657231,OKC,4278073,37
401657231,OKC,4397020,26
401657231,OKC,4593803,36
401657231,OKC,4871145,17
401657231,OKC,4066317,3
401657231,OKC,4432823,17
401657231,OKC,4997526,3
401657231,OKC,4249,7
401657231,OKC,3133626,3
401657231,OKC,4395702,15
401657231,OKC,4397183,23
401657231,OKC,4683692,23
401657231,OKC,6427,0
401657231,OKC,2490089,0
401657421,IND,3149673,36
401657421,IND,3133628,31
401657421,IND,4395712,27
401657421,IND,4396909,34
401657421,IND,4396993,35
401657421,IND,4278355,20
401657421,IND,4432170,15
401657421,IND,2530530,23
401657421,IND,4433076,20
401657421,IND,3999,0
401657421,IND,2528588,0
401657421,IND,4397189,0
401657421,IND,5106060,0
401657421,IND,4433254,0
401657421,NY,3934719,28
401657421,NY,4222252,39
401657421,NY,3062679,48
401657421,NY,3934672,32
401657421,NY,3934673,44
401657421,NY,4431679,28
401657421,NY,6429,1
401657421,NY,4431823,20
401657421,NY,3947156,0
401657421,NY,4277922,0
401657421,NY,3915195,0
401657421,NY,3913220,0
401658225,CLE,4432822,21
401658225,CLE,4432158,33
401658225,CLE,3908809,39
401658225,CLE,4065778,40
401658225,CLE,4396907,34
401658225,CLE,6462,16
401658225,CLE,2990969,14
401658225,CLE,6474,10
401658225,CLE,3064559,2
401658225,CLE,2991043,27
401658225,CLE,4066757,3
401658225,CLE,4066328,0
401658225,BOS,4065648,38
401658225,BOS,3213,29
401658225,BOS,3995,35
401658225,BOS,3078576,30
401658225,BOS,3917376,31
401658225,BOS,4065804,9
401658225,BOS,4277964,11
401658225,BOS,4278031,5
401658225,BOS,3064560,12
401658225,BOS,4397424,5
401658225,BOS,3133602,5
401658225,BOS,4066354,20
401658225,BOS,4432164,5
401658225,BOS,4683689,5
401658188,DAL,3936099,28
401658188,DAL,4278049,27
401658188,DAL,4278078,40
401658188,DAL,6442,41
401658188,DAL,3945274,41
401658188,DAL,2531367,0
401658188,DAL,4683688,20
401658188,DAL,2528210,19
401658188,DAL,3102528,6
401658188,DAL,4067017,0
401658188,DAL,4432811,16
401658188,DAL,4868423,0
401658188,DAL,6461,0
401658188,OKC,4433255,37
401658188,OKC,4278073,41
401658188,OKC,4397020,33
401658188,OKC,4593803,39
401658188,OKC,4871145,11
401658188,OKC,4432823,14
401658188,OKC,4997526,0
401658188,OKC,4249,5
401658188,OKC,4395702,19
401658188,OKC,4397183,20
401658188,OKC,4683692,22
401658188,OKC,4066317,0
401658188,OKC,6427,0
401658188,OKC,2490089,0
401658188,OKC,3133626,0
401657422,NY,4431679,22
401657422,NY,4222252,39
401657422,NY,3062679,43
401657422,NY,3934672,38
401657422,NY,3934673,44
401657422,NY,4277922,4
401657422,NY,6429,21
401657422,NY,4431823,29
401657422,NY,3934719,0
401657422,NY,3947156,0
401657422,NY,3915195,0
401657422,NY,3913220,0
401657422,IND,3149673,31
401657422,IND,3133628,35
401657422,IND,4395712,31
401657422,IND,4396909,38
401657422,IND,4396993,38
401657422,IND,4278355,19
401657422,IND,4432170,13
401657422,IND,2530530,19
401657422,IND,4433076,16
401657422,IND,3999,0
401657422,IND,2528588,0
401657422,IND,4397189,0
401657422,IND,5106060,0
401657422,IND,4433254,0
401657184,DEN,3064290,33
401657184,DEN,4278104,30
401657184,DEN,3112335,38
401657184,DEN,2581018,37
401657184,DEN,3936299,38
401657184,DEN,2284101,19
401657184,DEN,4395620,3
401657184,DEN,4431690,5
401657184,DEN,6443,8
401657184,DEN,4398390,2
401657184,DEN,4431767,18
401657184,DEN,4432181,4
401657184,DEN,4576087,5
401657184,DEN,3442,0
401657184,MIN,4431671,22
401657184,MIN,3032976,27
401657184,MIN,3136195,33
401657184,MIN,3195,30
401657184,MIN,4594268,37
401657184,MIN,2993874,13
401657184,MIN,4687718,6
401657184,MIN,2982334,6
401657184,MIN,4277951,6
401657184,MIN,4396971,21
401657184,MIN,3059310,6
401657184,MIN,3134916,8
401657184,MIN,4278039,26
401657184,MIN,4592187,0
401657184,MIN,5044385,0
401658190,OKC,4433255,35
401658190,OKC,4278073,42
401658190,OKC,4397020,40
401658190,OKC,4593803,38
401658190,OKC,4871145,13
401658190,OKC,4432823,13
401658190,OKC,4249,3
401658190,OKC,4395702,19
401658190,OKC,4397183,22
401658190,OKC,4683692,14
401658190,OKC,4066317,0
401658190,OKC,4997526,0
401658190,OKC,6427,0
401658190,OKC,2490089,0
401658190,OKC,3133626,0
401658190,DAL,3936099,36
401658190,DAL,4278049,20
401658190,DAL,4278078,40
401658190,DAL,6442,41
401658190,DAL,3945274,40
401658190,DAL,4683688,27
401658190,DAL,2528210,16
401658190,DAL,3102528,6
401658190,DAL,4432811,15
401658190,DAL,6461,0
401658190,DAL,2531367,0
401658190,DAL,4067017,0
401658190,DAL,4868423,0
401658226,BOS,4065648,42
401658226,BOS,3213,39
401658226,BOS,3995,38
401658226,BOS,3078576,37
401658226,BOS,3917376,41
401658226,BOS,4065804,10
401658226,BOS,4278031,1
401658226,BOS,3064560,8
401658226,BOS,3133602,1
401658226,BOS,4066354,22
401658226,BOS,4432164,1
401658226,BOS,4683689,1
401658226,BOS,4277964,0
401658226,BOS,4397424,0
401658226,CLE,4432822,18
401658226,CLE,4432158,37
401658226,CLE,3908809,43
401658226,CLE,4065778,37
401658226,CLE,4396907,38
401658226,CLE,6462,5
401658226,CLE,3912848,17
401658226,CLE,6474,5
401658226,CLE,2991043,30
401658226,CLE,4066757,11
401658226,CLE,2990969,0
401658226,CLE,3064559,0
401658226,CLE,4066328,0
401657423,NY,4431679,24
401657423,NY,4222252,22
401657423,NY,3062679,24
401657423,NY,3934672,31
401657423,NY,3934673,32
401657423,NY,3947156,9
401657423,NY,4277922,16
401657423,NY,6429,23
401657423,NY,3915195,15
401657423,NY,3913220,13
401657423,NY,4431823,32
401657423,NY,3934719,0
401657423,IND,3149673,22
401657423,IND,3133628,26
401657423,IND,4395712,21
401657423,IND,4396909,24
401657423,IND,4396993,28
401657423,IND,2528588,12
401657423,IND,4278355,18
401657423,IND,4397189,10
401657423,IND,4432170,19
401657423,IND,5106060,9
401657423,IND,2530530,21
401657423,IND,4433076,19
401657423,IND,4433254,10
401657423,IND,3999,0
401657185,DEN,3064290,41
401657185,DEN,4278104,35
401657185,DEN,3112335,39
401657185,DEN,2581018,32
401657185,DEN,3936299,39
401657185,DEN,2284101,19
401657185,DEN,4066240,0
401657185,DEN,4065731,0
401657185,DEN,6443,9
401657185,DEN,4278585,0
401657185,DEN,4431767,25
401657185,DEN,4395620,0
401657185,DEN,4431690,0
401657185,DEN,3442,0
401657185,DEN,4398390,0
401657185,DEN,4432181,0
401657185,DEN,4576087,0
401657185,MIN,4431671,38
401657185,MIN,3032976,35
401657185,MIN,3136195,38
401657185,MIN,3195,34
401657185,MIN,4594268,45
401657185,MIN,2993874,6
401657185,MIN,3138156,0
401657185,MIN,4396971,19
401657185,MIN,4432176,0
401657185,MIN,4278039,24
401657185,MIN,4432247,0
401657185,MIN,4592187,0
401657185,MIN,4687718,0
401657185,MIN,5044385,0
401657185,MIN,2982334,0
401657185,MIN,4277951,0
401657185,MIN,3059310,0
401657185,MIN,3134916,0
401658227,BOS,4065648,44
401658227,BOS,3213,28
401658227,BOS,3995,43
401658227,BOS,3078576,30
401658227,BOS,3917376,34
401658227,BOS,4065804,15
401658227,BOS,3064560,19
401658227,BOS,4066354,26
401658227,BOS,4277964,0
401658227,BOS,4278031,0
401658227,BOS,4397424,0
401658227,BOS,3133602,0
401658227,BOS,4432164,0
401658227,BOS,4683689,0
401658227,CLE,4432822,21
401658227,CLE,4432158,39
401658227,CLE,2991043,39
401658227,CLE,4065778,43
401658227,CLE,4396907,40
401658227,CLE,2990969,8
401658227,CLE,3912848,25
401658227,CLE,6474,9
401658227,CLE,4066757,17
401658227,CLE,6462,0
401658227,CLE,3064559,0
401658227,CLE,4066328,0
401658227,CLE,3908809,0
401658191,OKC,4433255,40
401658191,OKC,4278073,42
401658191,OKC,4397020,40
401658191,OKC,4593803,41
401658191,OKC,4871145,12
401658191,OKC,4432823,10
401658191,OKC,3133626,8
401658191,OKC,4395702,15
401658191,OKC,4397183,13
401658191,OKC,4683692,19
401658191,OKC,4066317,0
401658191,OKC,4997526,0
401658191,OKC,4249,0
401658191,OKC,6427,0
401658191,OKC,2490089,0
401658191,DAL,3936099,27
401658191,DAL,4278049,23
401658191,DAL,4278078,41
401658191,DAL,6442,41
401658191,DAL,3945274,42
401658191,DAL,4683688,25
401658191,DAL,2528210,23
401658191,DAL,3102528,5
401658191,DAL,4432811,13
401658191,DAL,6461,0
401658191,DAL,2531367,0
401658191,DAL,4067017,0
401658191,DAL,4868423,0
401658196,IND,3149673,33
401658196,IND,3133628,30
401658196,IND,4395712,28
401658196,IND,4396909,28
401658196,IND,4396993,34
401658196,IND,3999,1
401658196,IND,2528588,3
401658196,IND,4278355,21
401658196,IND,4397189,4
401658196,IND,4432170,6
401658196,IND,5106060,3
401658196,IND,2530530,19
401658196,IND,4433076,25
401658196,IND,4433254,3
401658196,NY,4222252,31
401658196,NY,3062679,39
401658196,NY,3934672,43
401658196,NY,3934673,30
401658196,NY,4431823,40
401658196,NY,3947156,2
401658196,NY,4431679,23
401658196,NY,4277922,3
401658196,NY,6429,23
401658196,NY,3915195,3
401658196,NY,3913220,3
401658196,NY,3934719,0
401657186,MIN,4431671,31
401657186,MIN,3032976,40
401657186,MIN,3136195,38
401657186,MIN,4278039,39
401657186,MIN,4594268,44
401657186,MIN,2993874,16
401657186,MIN,4396971,20
401657186,MIN,3059310,12
401657186,MIN,4592187,0
401657186,MIN,4687718,0
401657186,MIN,5044385,0
401657186,MIN,2982334,0
401657186,MIN,4277951,0
401657186,MIN,3195,0
401657186,MIN,3134916,0
401657186,DEN,3064290,34
401657186,DEN,4278104,36
401657186,DEN,3112335,41
401657186,DEN,2581018,38
401657186,DEN,3936299,41
401657186,DEN,2284101,15
401657186,DEN,6443,7
401657186,DEN,4431767,28
401657186,DEN,4576087,0
401657186,DEN,4395620,0
401657186,DEN,4431690,0
401657186,DEN,3442,0
401657186,DEN,4398390,0
401657186,DEN,4432181,0
401658228,CLE,3912848,22
401658228,CLE,4432822,12
401658228,CLE,4432158,43
401658228,CLE,4065778,45
401658228,CLE,4396907,44
401658228,CLE,6462,34
401658228,CLE,2990969,8
401658228,CLE,6474,5
401658228,CLE,4066757,28
401658228,CLE,3064559,0
401658228,CLE,4066328,0
401658228,CLE,2991043,0
401658228,CLE,3908809,0
401658228,BOS,4065648,43
401658228,BOS,3213,35
401658228,BOS,3995,41
401658228,BOS,3078576,36
401658228,BOS,3917376,41
401658228,BOS,4065804,10
401658228,BOS,3064560,12
401658228,BOS,4066354,21
401658228,BOS,4277964,0
401658228,BOS,4278031,0
401658228,BOS,4397424,0
401658228,BOS,3133602,0
401658228,BOS,4432164,0
401658228,BOS,4683689,0
401658192,DAL,3936099,28
401658192,DAL,4278049,25
401658192,DAL,4278078,37
401658192,DAL,6442,39
401658192,DAL,3945274,41
401658192,DAL,2531367,0
401658192,DAL,4683688,23
401658192,DAL,2528210,12
401658192,DAL,3102528,0
401658192,DAL,4067017,0
401658192,DAL,4432811,18
401658192,DAL,4868423,15
401658192,DAL,6461,0
401658192,OKC,4433255,39
401658192,OKC,4278073,43
401658192,OKC,4395702,22
401658192,OKC,4397020,38
401658192,OKC,4593803,39
401658192,OKC,4432823,10
401658192,OKC,4997526,0
401658192,OKC,4397183,11
401658192,OKC,4683692,27
401658192,OKC,4871145,12
401658192,OKC,4066317,0
401658192,OKC,4249,0
401658192,OKC,6427,0
401658192,OKC,2490089,0
401658192,OKC,3133626,0
401657187,DEN,3064290,28
401657187,DEN,4278104,31
401657187,DEN,3112335,36
401657187,DEN,2581018,28
401657187,DEN,3936299,33
401657187,DEN,2284101,13
401657187,DEN,4395620,7
401657187,DEN,4431690,5
401657187,DEN,3442,4
401657187,DEN,6443,12
401657187,DEN,4398390,5
401657187,DEN,4431767,18
401657187,DEN,4432181,9
401657187,DEN,4576087,10
401657187,MIN,4431671,31
401657187,MIN,3032976,29
401657187,MIN,3136195,29
401657187,MIN,3195,31
401657187,MIN,4594268,34
401657187,MIN,2993874,11
401657187,MIN,4592187,7
401657187,MIN,4687718,5
401657187,MIN,4277951,8
401657187,MIN,4396971,22
401657187,MIN,3059310,9
401657187,MIN,3134916,8
401657187,MIN,4278039,17
401657187,MIN,5044385,0
401657187,MIN,2982334,0
401658197,NY,4222252,33
401658197,NY,3062679,31
401658197,NY,3934672,38
401658197,NY,3934673,39
401658197,NY,4431823,35
401658197,NY,3947156,3
401658197,NY,4431679,26
401658197,NY,4592461,0
401658197,NY,4277922,4
401658197,NY,4397235,0
401658197,NY,6429,25
401658197,NY,3915195,4
401658197,NY,3913220,3
401658197,NY,4066508,0
401658197,NY,3934719,0
401658197,IND,3149673,31
401658197,IND,3133628,31
401658197,IND,4395712,38
401658197,IND,4396909,31
401658197,IND,4396993,32
401658197,IND,2528588,3
401658197,IND,4278355,19
401658197,IND,4397189,3
401658197,IND,4432170,12
401658197,IND,5106060,1
401658197,IND,4432827,0
401658197,IND,2530530,16
401658197,IND,4431727,0
401658197,IND,4433076,19
401658197,IND,4433254,3
401658197,IND,4592829,0
401658197,IND,3999,0
401658194,OKC,4433255,35
401658194,OKC,4278073,43
401658194,OKC,4395702,29
401658194,OKC,4397020,32
401658194,OKC,4593803,37
401658194,OKC,4432823,18
401658194,OKC,3133626,4
401658194,OKC,4397183,8
401658194,OKC,4683692,24
401658194,OKC,4871145,11
401658194,OKC,4066317,0
401658194,OKC,4997526,0
401658194,OKC,4249,0
401658194,OKC,6427,0
401658194,OKC,2490089,0
401658194,DAL,3936099,40
401658194,DAL,4278049,19
401658194,DAL,4278078,30
401658194,DAL,6442,42
401658194,DAL,3945274,45
401658194,DAL,4683688,30
401658194,DAL,2528210,6
401658194,DAL,4432811,19
401658194,DAL,4868423,11
401658194,DAL,6461,0
401658194,DAL,2531367,0
401658194,DAL,3102528,0
401658194,DAL,4067017,0
401658198,IND,3149673,37
401658198,IND,3133628,33
401658198,IND,4395712,34
401658198,IND,4396909,28
401658198,IND,4396993,33
401658198,IND,4278355,15
401658198,IND,4432170,10
401658198,IND,5106060,1
401658198,IND,2530530,24
401658198,IND,4433076,25
401658198,IND,4433254,1
401658198,IND,3999,0
401658198,IND,2528588,0
401658198,IND,4397189,0
401658198,NY,3934719,5
401658198,NY,4222252,30
401658198,NY,3062679,37
401658198,NY,3934672,29
401658198,NY,3934673,41
401658198,NY,3947156,1
401658198,NY,4431679,28
401658198,NY,4277922,1
401658198,NY,6429,27
401658198,NY,3915195,1
401658198,NY,3913220,1
401658198,NY,4431823,40
401657188,MIN,4431671,40
401657188,MIN,3032976,36
401657188,MIN,3136195,39
401657188,MIN,3195,39
401657188,MIN,4594268,44
401657188,MIN,2993874,4
401657188,MIN,4396971,22
401657188,MIN,4278039,17
401657188,MIN,4592187,0
401657188,MIN,4687718,0
401657188,MIN,5044385,0
401657188,MIN,2982334,0
401657188,MIN,4277951,0
401657188,MIN,3059310,0
401657188,MIN,3134916,0
401657188,DEN,3064290,42
401657188,DEN,4278104,34
401657188,DEN,3112335,47
401657188,DEN,2581018,40
401657188,DEN,3936299,43
401657188,DEN,2284101,9
401657188,DEN,6443,5
401657188,DEN,4431767,20
401657188,DEN,4395620,0
401657188,DEN,4431690,0
401657188,DEN,3442,0
401657188,DEN,4398390,0
401657188,DEN,4432181,0
401657188,DEN,4576087,0
401671998,IND,3149673,42
401671998,IND,3133628,39
401671998,IND,4395712,35
401671998,IND,4396909,40
401671998,IND,4396993,40
401671998,IND,4278355,22
401671998,IND,4397189,1
401671998,IND,4432170,4
401671998,IND,2530530,25
401671998,IND,4433076,17
401671998,IND,3999,0
401671998,IND,2528588,0
401671998,IND,5106060,0
401671998,IND,4433254,0
401671998,BOS,4065648,46
401671998,BOS,3213,40
401671998,BOS,3995,48
401671998,BOS,3078576,42
401671998,BOS,3917376,44
401671998,BOS,4065804,9
401671998,BOS,3064560,13
401671998,BOS,4066354,23
401671998,BOS,4278031,0
401671998,BOS,4397424,0
401671998,BOS,3133602,0
401671998,BOS,4432164,0
401671998,BOS,4683689,0
401672976,DAL,3936099,35
401672976,DAL,4278049,21
401672976,DAL,4278078,41
401672976,DAL,6442,40
401672976,DAL,3945274,41
401672976,DAL,4683688,27
401672976,DAL,2528210,10
401672976,DAL,3102528,3
401672976,DAL,4432811,13
401672976,DAL,4868423,9
401672976,DAL,6461,0
401672976,DAL,2531367,0
401672976,DAL,4067017,0
401672976,MIN,4431671,39
401672976,MIN,3032976,38
401672976,MIN,3136195,34
401672976,MIN,3195,31
401672976,MIN,4594268,41
401672976,MIN,2993874,17
401672976,MIN,4396971,24
401672976,MIN,4278039,16
401672976,MIN,4592187,0
401672976,MIN,4687718,0
401672976,MIN,5044385,0
401672976,MIN,2982334,0
401672976,MIN,4277951,0
401672976,MIN,3059310,0
401672976,MIN,3134916,0
401671999,IND,3149673,31
401671999,IND,3133628,24
401671999,IND,4395712,26
401671999,IND,4396909,25
401671999,IND,4396993,28
401671999,IND,2528588,12
401671999,IND,4278355,22
401671999,IND,4397189,7
401671999,IND,4432170,17
401671999,IND,5106060,5
401671999,IND,2530530,17
401671999,IND,4433076,23
401671999,IND,4433254,3
401671999,IND,3999,0
401671999,BOS,4065648,42
401671999,BOS,3213,25
401671999,BOS,3995,37
401671999,BOS,3078576,36
401671999,BOS,3917376,37
401671999,BOS,4065804,22
401671999,BOS,4277964,3
401671999,BOS,4278031,12
401671999,BOS,3064560,5
401671999,BOS,3133602,1
401671999,BOS,4066354,19
401671999,BOS,4397424,0
401671999,BOS,4432164,0
401671999,BOS,4683689,0
401672977,DAL,3936099,33
401672977,DAL,4278049,21
401672977,DAL,4278078,38
401672977,DAL,6442,39
401672977,DAL,3945274,41
401672977,DAL,4683688,27
401672977,DAL,2528210,5
401672977,DAL,3102528,3
401672977,DAL,4432811,21
401672977,DAL,4868423,12
401672977,DAL,6461,0
401672977,DAL,2531367,0
401672977,DAL,4067017,0
401672977,MIN,4431671,36
401672977,MIN,3032976,38
401672977,MIN,3136195,26
401672977,MIN,3195,33
401672977,MIN,4594268,40
401672977,MIN,2993874,20
401672977,MIN,4396971,32
401672977,MIN,3059310,0
401672977,MIN,4278039,14
401672977,MIN,4592187,0
401672977,MIN,4687718,0
401672977,MIN,5044385,0
401672977,MIN,2982334,0
401672977,MIN,4277951,0
401672977,MIN,3134916,0
401672000,BOS,4065648,44
401672000,BOS,3213,35
401672000,BOS,3995,38
401672000,BOS,3078576,35
401672000,BOS,3917376,38
401672000,BOS,4065804,13
401672000,BOS,4277964,13
401672000,BOS,4278031,9
401672000,BOS,4066354,14
401672000,BOS,4397424,0
401672000,BOS,3133602,0
401672000,BOS,4432164,0
401672000,BOS,4683689,0
401672000,IND,3149673,36
401672000,IND,3133628,39
401672000,IND,4395712,39
401672000,IND,4396909,34
401672000,IND,4433076,26
401672000,IND,2528588,4
401672000,IND,4278355,23
401672000,IND,4432170,9
401672000,IND,2530530,29
401672000,IND,3999,0
401672000,IND,4397189,0
401672000,IND,5106060,0
401672000,IND,4433254,0
401672978,MIN,4431671,32
401672978,MIN,3032976,29
401672978,MIN,3136195,38
401672978,MIN,3195,31
401672978,MIN,4594268,43
401672978,MIN,2993874,17
401672978,MIN,3138156,0
401672978,MIN,4396971,29
401672978,MIN,4432176,0
401672978,MIN,4278039,20
401672978,MIN,4432247,0
401672978,MIN,4592187,0
401672978,MIN,4687718,0
401672978,MIN,5044385,0
401672978,MIN,2982334,0
401672978,MIN,4277951,0
401672978,MIN,3059310,0
401672978,MIN,3134916,0
401672978,DAL,3936099,33
401672978,DAL,4278049,29
401672978,DAL,4278078,40
401672978,DAL,6442,42
401672978,DAL,3945274,41
401672978,DAL,4432161,0
401672978,DAL,2531367,8
401672978,DAL,4896481,0
401672978,DAL,4683688,9
401672978,DAL,3102528,1
401672978,DAL,4397040,0
401672978,DAL,4432811,25
401672978,DAL,4868423,11
401672978,DAL,6461,0
401672978,DAL,2528210,0
401672978,DAL,4067017,0
401672001,BOS,4065648,44
401672001,BOS,3213,40
401672001,BOS,3995,38
401672001,BOS,3078576,42
401672001,BOS,3917376,44
401672001,BOS,4065804,14
401672001,BOS,4277964,9
401672001,BOS,4066354,9
401672001,BOS,4278031,0
401672001,BOS,3064560,0
401672001,BOS,4397424,0
401672001,BOS,3133602,0
401672001,BOS,4432164,0
401672001,BOS,4683689,0
401672001,IND,3149673,39
401672001,IND,3133628,27
401672001,IND,4395712,39
401672001,IND,4396909,35
401672001,IND,4433076,21
401672001,IND,2528588,13
401672001,IND,4278355,29
401672001,IND,4432170,12
401672001,IND,2530530,25
401672001,IND,3999,0
401672001,IND,5106060,0
401672001,IND,4433254,0
401672979,MIN,4431671,39
401672979,MIN,3032976,39
401672979,MIN,3136195,30
401672979,MIN,3195,34
401672979,MIN,4594268,40
401672979,MIN,2993874,25
401672979,MIN,4396971,20
401672979,MIN,4278039,13
401672979,MIN,4592187,0
401672979,MIN,4687718,0
401672979,MIN,5044385,0
401672979,MIN,2982334,0
401672979,MIN,4277951,0
401672979,MIN,3059310,0
401672979,MIN,3134916,0
401672979,DAL,3936099,34
401672979,DAL,4278049,31
401672979,DAL,4278078,42
401672979,DAL,6442,42
401672979,DAL,3945274,41
401672979,DAL,2531367,3
401672979,DAL,2960236,13
401672979,DAL,3102528,4
401672979,DAL,4432811,17
401672979,DAL,4868423,12
401672979,DAL,6461,0
401672979,DAL,2528210,0
401672979,DAL,4067017,0
401672980,DAL,3936099,30
401672980,DAL,4278049,20
401672980,DAL,4278078,36
401672980,DAL,6442,40
401672980,DAL,3945274,37
401672980,DAL,2531367,3
401672980,DAL,2960236,9
401672980,DAL,4683688,25
401672980,DAL,3102528,11
401672980,DAL,4067017,3
401672980,DAL,4432811,18
401672980,DAL,4868423,8
401672980,DAL,6461,0
401672980,DAL,2528210,0
401672980,MIN,4431671,21
401672980,MIN,3032976,26
401672980,MIN,3136195,38
401672980,MIN,3195,21
401672980,MIN,4594268,43
401672980,MIN,2993874,33
401672980,MIN,4592187,3
401672980,MIN,4687718,3
401672980,MIN,5044385,3
401672980,MIN,4277951,3
401672980,MIN,4396971,27
401672980,MIN,3134916,5
401672980,MIN,4278039,14
401672980,MIN,2982334,0
401672980,MIN,3059310,0
401656359,DAL,3936099,29
401656359,DAL,4278049,14
401656359,DAL,4278078,36
401656359,DAL,6442,37
401656359,DAL,3945274,38
401656359,DAL,2531367,5
401656359,DAL,2960236,19
401656359,DAL,4683688,18
401656359,DAL,2528210,8
401656359,DAL,3102528,5
401656359,DAL,4432811,20
401656359,DAL,4868423,11
401656359,DAL,6461,0
401656359,DAL,4595400,0
401656359,DAL,4067017,0
401656359,BOS,4065648,42
401656359,BOS,3213,30
401656359,BOS,3995,35
401656359,BOS,3078576,35
401656359,BOS,3917376,37
401656359,BOS,4065804,16
401656359,BOS,4278031,3
401656359,BOS,3064560,3
401656359,BOS,3102531,21
401656359,BOS,3133602,3
401656359,BOS,4066354,16
401656359,BOS,4277964,0
401656359,BOS,4397424,0
401656359,BOS,4432164,0
401656359,BOS,4683689,0
401656360,DAL,3936099,32
401656360,DAL,4278049,23
401656360,DAL,4278078,40
401656360,DAL,6442,41
401656360,DAL,3945274,42
401656360,DAL,2960236,16
401656360,DAL,4683688,19
401656360,DAL,3102528,11
401656360,DAL,4432811,14
401656360,DAL,4868423,2
401656360,DAL,6461,0
401656360,DAL,2531367,0
401656360,DAL,4595400,0
401656360,DAL,2528210,0
401656360,DAL,4067017,0
401656360,BOS,4065648,45
401656360,BOS,3213,28
401656360,BOS,3995,41
401656360,BOS,3078576,38
401656360,BOS,3917376,42
401656360,BOS,4065804,10
401656360,BOS,3102531,23
401656360,BOS,4066354,12
401656360,BOS,4277964,0
401656360,BOS,4278031,0
401656360,BOS,3064560,0
401656360,BOS,4397424,0
401656360,BOS,3133602,0
401656360,BOS,4432164,0
401656360,BOS,4683689,0
401656361,BOS,4065648,42
401656361,BOS,3213,37
401656361,BOS,3995,42
401656361,BOS,3078576,42
401656361,BOS,3917376,41
401656361,BOS,4065804,14
401656361,BOS,4277964,11
401656361,BOS,4066354,11
401656361,BOS,4278031,0
401656361,BOS,3064560,0
401656361,BOS,4397424,0
401656361,BOS,3133602,0
401656361,BOS,4432164,0
401656361,BOS,4683689,0
401656361,DAL,3936099,16
401656361,DAL,4278049,16
401656361,DAL,4278078,39
401656361,DAL,6442,45
401656361,DAL,3945274,38
401656361,DAL,2960236,8
401656361,DAL,4683688,30
401656361,DAL,2528210,19
401656361,DAL,3102528,3
401656361,DAL,4432811,22
401656361,DAL,4868423,4
401656361,DAL,6461,0
401656361,DAL,2531367,0
401656361,DAL,4595400,0
401656361,DAL,4067017,0
401656362,BOS,4065648,27
401656362,BOS,3213,23
401656362,BOS,3995,29
401656362,BOS,3078576,31
401656362,BOS,3917376,27
401656362,BOS,4065804,20
401656362,BOS,4277964,7
401656362,BOS,4278031,15
401656362,BOS,3064560,10
401656362,BOS,4397424,5
401656362,BOS,3133602,10
401656362,BOS,4066354,22
401656362,BOS,4432164,8
401656362,BOS,4683689,5
401656362,BOS,3102531,0
401656362,DAL,3936099,17
401656362,DAL,4278049,10
401656362,DAL,4278078,14
401656362,DAL,6442,31
401656362,DAL,3945274,33
401656362,DAL,6461,12
401656362,DAL,2531367,8
401656362,DAL,2960236,23
401656362,DAL,4595400,5
401656362,DAL,4683688,22
401656362,DAL,2528210,12
401656362,DAL,3102528,14
401656362,DAL,4067017,8
401656362,DAL,4432811,18
401656362,DAL,4868423,13
401656363,DAL,3936099,22
401656363,DAL,4278049,11
401656363,DAL,4278078,34
401656363,DAL,6442,41
401656363,DAL,3945274,43
401656363,DAL,2531367,3
401656363,DAL,2960236,13
401656363,DAL,4595400,3
401656363,DAL,4683688,24
401656363,DAL,2528210,9
401656363,DAL,3102528,9
401656363,DAL,4067017,3
401656363,DAL,4432811,22
401656363,DAL,4868423,3
401656363,DAL,6461,0
401656363,BOS,4065648,45
401656363,BOS,3213,32
401656363,BOS,3995,43
401656363,BOS,3078576,38
401656363,BOS,3917376,44
401656363,BOS,4065804,17
401656363,BOS,4278031,1
401656363,BOS,3064560,2
401656363,BOS,3102531,16
401656363,BOS,3133602,1
401656363,BOS,4066354,1
401656363,BOS,4277964,0
401656363,BOS,4397424,0
401656363,BOS,4432164,0
401656363,BOS,4683689,0
